date,fund_name,daily_return
2021-01-04,Combined Equal Weight,-0.0038907547941801593
2021-01-05,Combined Equal Weight,0.018120376539992038
2021-01-06,Combined Equal Weight,0.04018247716107984
2021-01-07,Combined Equal Weight,0.010143704534638193
2021-01-08,Combined Equal Weight,0.001220860711885404
2021-01-11,Combined Equal Weight,-0.021524225782496312
2021-01-12,Combined Equal Weight,-0.0006109898860971223
2021-01-13,Combined Equal Weight,0.013803567861465393
2021-01-14,Combined Equal Weight,0.005860779073975744
2021-01-15,Combined Equal Weight,-0.015495323336940951
2021-01-19,Combined Equal Weight,0.007634480717274239
2021-01-20,Combined Equal Weight,0.005661901921990958
2021-01-21,Combined Equal Weight,-0.027791277934350517
2021-01-22,Combined Equal Weight,0.007759507727108146
2021-01-25,Combined Equal Weight,-0.0020777196750773348
2021-01-26,Combined Equal Weight,-0.004617090510871493
2021-01-27,Combined Equal Weight,-0.03390197079643123
2021-01-28,Combined Equal Weight,0.024511344724528244
2021-01-29,Combined Equal Weight,-0.0076170751428229
2021-02-01,Combined Equal Weight,0.010204431715737181
2021-02-02,Combined Equal Weight,0.0214035617840536
2021-02-03,Combined Equal Weight,0.00942780995715251
2021-02-04,Combined Equal Weight,0.0046770179292120635
2021-02-05,Combined Equal Weight,0.01929836944865081
2021-02-08,Combined Equal Weight,0.024349974909302276
2021-02-09,Combined Equal Weight,0.008633479616969735
2021-02-10,Combined Equal Weight,0.008348949512855613
2021-02-11,Combined Equal Weight,0.012119537999230363
2021-02-12,Combined Equal Weight,0.012771234706878482
2021-02-16,Combined Equal Weight,8.878331594455767e-05
2021-02-17,Combined Equal Weight,0.009077872795865008
2021-02-18,Combined Equal Weight,-0.004446512107421032
2021-02-19,Combined Equal Weight,0.009084852155601878
2021-02-22,Combined Equal Weight,-0.008683328312674089
2021-02-23,Combined Equal Weight,-0.026107713165073612
2021-02-24,Combined Equal Weight,0.01875870301090632
2021-02-25,Combined Equal Weight,-0.02413005959171149
2021-02-26,Combined Equal Weight,-0.010366431104046591
2021-03-01,Combined Equal Weight,0.027648109503017663
2021-03-02,Combined Equal Weight,-0.004995095667853328
2021-03-03,Combined Equal Weight,-0.00033320893871828733
2021-03-04,Combined Equal Weight,-0.009153766461762134
2021-03-05,Combined Equal Weight,0.013226334721981786
2021-03-08,Combined Equal Weight,0.004461557087061157
2021-03-09,Combined Equal Weight,0.013254338704809365
2021-03-10,Combined Equal Weight,0.003480025766252344
2021-03-11,Combined Equal Weight,0.004812708500153618
2021-03-12,Combined Equal Weight,0.002555291877315304
2021-03-15,Combined Equal Weight,-0.0011713058424096994
2021-03-16,Combined Equal Weight,0.007015489487125953
2021-03-17,Combined Equal Weight,0.006925596336963362
2021-03-18,Combined Equal Weight,-0.01504850789771685
2021-03-19,Combined Equal Weight,-0.0007063611481626299
2021-03-22,Combined Equal Weight,-0.00010487066879600714
2021-03-23,Combined Equal Weight,-0.0055651151834878385
2021-03-24,Combined Equal Weight,-0.013883901971090518
2021-03-25,Combined Equal Weight,0.005753612949812869
2021-03-26,Combined Equal Weight,0.030944681028176855
2021-03-29,Combined Equal Weight,0.007208518760961629
2021-03-30,Combined Equal Weight,-0.000541811698109912
2021-03-31,Combined Equal Weight,0.010304119991946515
2021-04-01,Combined Equal Weight,0.014672578757863942
2021-04-05,Combined Equal Weight,0.023081966962157613
2021-04-06,Combined Equal Weight,0.005966440099026121
2021-04-07,Combined Equal Weight,-0.013625912450554613
2021-04-08,Combined Equal Weight,0.010035511307399434
2021-04-09,Combined Equal Weight,-0.0022646376081477183
2021-04-12,Combined Equal Weight,-0.00014566428523633758
2021-04-13,Combined Equal Weight,0.019726945162833902
2021-04-14,Combined Equal Weight,0.007179858177289759
2021-04-15,Combined Equal Weight,0.01802641009725523
2021-04-16,Combined Equal Weight,0.010810640530123877
2021-04-19,Combined Equal Weight,-0.013429808386374403
2021-04-20,Combined Equal Weight,-0.0017194123355581943
2021-04-21,Combined Equal Weight,0.0020527523406248718
2021-04-22,Combined Equal Weight,-0.01619857718772049
2021-04-23,Combined Equal Weight,0.004644271415590373
2021-04-26,Combined Equal Weight,0.026003937241607523
2021-04-27,Combined Equal Weight,0.007995005006577838
2021-04-28,Combined Equal Weight,0.0006928192729146098
2021-04-29,Combined Equal Weight,0.005640496360681096
2021-04-30,Combined Equal Weight,0.007084977550949063
2021-05-03,Combined Equal Weight,0.015444054543423338
2021-05-04,Combined Equal Weight,-0.005648499007211002
2021-05-05,Combined Equal Weight,0.04372333086818185
2021-05-06,Combined Equal Weight,0.022550097273660655
2021-05-07,Combined Equal Weight,0.001800001640671186
2021-05-10,Combined Equal Weight,-0.014161891036241459
2021-05-11,Combined Equal Weight,0.012826295389902969
2021-05-12,Combined Equal Weight,-0.04312851663134941
2021-05-13,Combined Equal Weight,0.01742943796387151
2021-05-14,Combined Equal Weight,0.02061759877097845
2021-05-17,Combined Equal Weight,-0.00844274429178517
2021-05-18,Combined Equal Weight,-0.0043586035107385755
2021-05-19,Combined Equal Weight,-0.05502496853780312
2021-05-20,Combined Equal Weight,0.0316634356068711
2021-05-21,Combined Equal Weight,-0.021497824737603276
2021-05-24,Combined Equal Weight,0.047287331314570705
2021-05-25,Combined Equal Weight,-0.004097105160568198
2021-05-26,Combined Equal Weight,0.014872081029443264
2021-05-27,Combined Equal Weight,-0.003959701442402558
2021-05-28,Combined Equal Weight,-0.011492925379301376
2021-06-01,Combined Equal Weight,0.0019320991050394568
2021-06-02,Combined Equal Weight,0.005887695082374623
2021-06-03,Combined Equal Weight,0.006975701709594549
2021-06-04,Combined Equal Weight,-0.00616396530320666
2021-06-07,Combined Equal Weight,-0.01536834264353445
2021-06-08,Combined Equal Weight,-0.002371154567070979
2021-06-09,Combined Equal Weight,0.0073027072576986665
2021-06-10,Combined Equal Weight,-0.004799715458690143
2021-06-11,Combined Equal Weight,-0.005929566468440189
2021-06-14,Combined Equal Weight,0.0007492351693836754
2021-06-15,Combined Equal Weight,0.0008401618357091985
2021-06-16,Combined Equal Weight,-0.018244472644723612
2021-06-17,Combined Equal Weight,-0.005570700136612285
2021-06-18,Combined Equal Weight,-0.02218297042893265
2021-06-21,Combined Equal Weight,-0.01754747781534833
2021-06-22,Combined Equal Weight,-0.004652135019746895
2021-06-23,Combined Equal Weight,0.0114251516164361
2021-06-24,Combined Equal Weight,0.01693102791334944
2021-06-25,Combined Equal Weight,-0.006932437710560352
2021-06-28,Combined Equal Weight,0.0017426400271460013
2021-06-29,Combined Equal Weight,0.012414481983307891
2021-06-30,Combined Equal Weight,0.0053687652260581194
2021-07-01,Combined Equal Weight,-0.0033192767515803838
2021-07-02,Combined Equal Weight,0.004263327713458633
2021-07-06,Combined Equal Weight,-0.004212575069847085
2021-07-07,Combined Equal Weight,-0.002181279266246696
2021-07-08,Combined Equal Weight,-0.01410093136860779
2021-07-09,Combined Equal Weight,0.015525252970304146
2021-07-12,Combined Equal Weight,6.666012125694336e-06
2021-07-13,Combined Equal Weight,-0.009426809800300117
2021-07-14,Combined Equal Weight,-0.0002584936544460202
2021-07-15,Combined Equal Weight,-0.006653536534465437
2021-07-16,Combined Equal Weight,-0.011967131418521893
2021-07-19,Combined Equal Weight,-0.02245957039543941
2021-07-20,Combined Equal Weight,0.0028586259219501343
2021-07-21,Combined Equal Weight,0.022601742030328026
2021-07-22,Combined Equal Weight,0.004775657305063478
2021-07-23,Combined Equal Weight,0.009348842887017789
2021-07-26,Combined Equal Weight,0.008748477236540465
2021-07-27,Combined Equal Weight,0.002717867987850973
2021-07-28,Combined Equal Weight,0.006353804842844131
2021-07-29,Combined Equal Weight,0.008348407885710781
2021-07-30,Combined Equal Weight,0.00028231737218043667
2021-08-02,Combined Equal Weight,-0.00041449549998878537
2021-08-03,Combined Equal Weight,0.002898455473873931
2021-08-04,Combined Equal Weight,-0.0006855822474707838
2021-08-05,Combined Equal Weight,0.006763876655075019
2021-08-06,Combined Equal Weight,0.0065574618304001945
2021-08-09,Combined Equal Weight,0.006843418909327442
2021-08-10,Combined Equal Weight,0.008391531950525909
2021-08-11,Combined Equal Weight,0.017641084177718844
2021-08-12,Combined Equal Weight,-0.002135655200135237
2021-08-13,Combined Equal Weight,0.017674559383084758
2021-08-16,Combined Equal Weight,-0.008433254654068604
2021-08-17,Combined Equal Weight,-0.015290825753124779
2021-08-18,Combined Equal Weight,-0.008506412839214213
2021-08-19,Combined Equal Weight,0.0064703088836362815
2021-08-20,Combined Equal Weight,0.010881405382754462
2021-08-23,Combined Equal Weight,0.012042506748717808
2021-08-24,Combined Equal Weight,-0.009472567050769251
2021-08-25,Combined Equal Weight,0.0038713081381516173
2021-08-26,Combined Equal Weight,-0.016122481497608712
2021-08-27,Combined Equal Weight,0.02151123226674198
2021-08-30,Combined Equal Weight,-0.006425248361791524
2021-08-31,Combined Equal Weight,0.005361457888820466
2021-09-01,Combined Equal Weight,0.0075310676994891764
2021-09-02,Combined Equal Weight,0.0077355292823603075
2021-09-03,Combined Equal Weight,0.004866835916925921
2021-09-07,Combined Equal Weight,-0.03628095981293478
2021-09-08,Combined Equal Weight,-0.0015716560248669777
2021-09-09,Combined Equal Weight,-0.004756211936891715
2021-09-10,Combined Equal Weight,-0.010110524390361905
2021-09-13,Combined Equal Weight,-0.0025804163067568186
2021-09-14,Combined Equal Weight,-0.0014324195158687495
2021-09-15,Combined Equal Weight,0.012875051537632583
2021-09-16,Combined Equal Weight,-0.007803687345412979
2021-09-17,Combined Equal Weight,-0.014286215712741267
2021-09-20,Combined Equal Weight,-0.03329331545513273
2021-09-21,Combined Equal Weight,-0.010663478479630051
2021-09-22,Combined Equal Weight,0.025647581307518146
2021-09-23,Combined Equal Weight,0.012260223908901548
2021-09-24,Combined Equal Weight,-0.012367511550657524
2021-09-27,Combined Equal Weight,-0.0024383260660474325
2021-09-28,Combined Equal Weight,-0.014791132484124888
2021-09-29,Combined Equal Weight,0.00746668734471468
2021-09-30,Combined Equal Weight,-0.0017850033793431154
2021-10-01,Combined Equal Weight,0.024591481632230426
2021-10-04,Combined Equal Weight,-0.004760865119006869
2021-10-05,Combined Equal Weight,0.011263409404533149
2021-10-06,Combined Equal Weight,0.005299640659841377
2021-10-07,Combined Equal Weight,0.0056381560180195425
2021-10-08,Combined Equal Weight,-0.0023150848948262966
2021-10-11,Combined Equal Weight,-0.004783810819609661
2021-10-12,Combined Equal Weight,-0.004723113417267522
2021-10-13,Combined Equal Weight,0.00804623580702964
2021-10-14,Combined Equal Weight,0.012013720336223652
2021-10-15,Combined Equal Weight,0.007506264442978245
2021-10-18,Combined Equal Weight,-0.0006564281322926672
2021-10-19,Combined Equal Weight,0.010334411223166511
2021-10-20,Combined Equal Weight,0.015919467021704395
2021-10-21,Combined Equal Weight,-0.005106919703657935
2021-10-22,Combined Equal Weight,-0.0005606793506842652
2021-10-25,Combined Equal Weight,0.00820131279086554
2021-10-26,Combined Equal Weight,0.0020380461203450533
2021-10-27,Combined Equal Weight,-0.028659861087892757
2021-10-28,Combined Equal Weight,0.0162696244242114
2021-10-29,Combined Equal Weight,0.0023780289284411485
2021-11-01,Combined Equal Weight,0.00549653945551886
2021-11-02,Combined Equal Weight,0.009294275797061708
2021-11-03,Combined Equal Weight,0.006961779327564758
2021-11-04,Combined Equal Weight,-0.00045417958845015414
2021-11-05,Combined Equal Weight,0.0018977906685878807
2021-11-08,Combined Equal Weight,0.013160514517736172
2021-11-09,Combined Equal Weight,0.009076821272139917
2021-11-10,Combined Equal Weight,-0.014626270437855953
2021-11-11,Combined Equal Weight,0.0028182639518571835
2021-11-12,Combined Equal Weight,-0.0017091093745052724
2021-11-15,Combined Equal Weight,-0.0031997942733268
2021-11-16,Combined Equal Weight,-0.014269076752689023
2021-11-17,Combined Equal Weight,-0.004503910391576134
2021-11-18,Combined Equal Weight,-0.012178625840402224
2021-11-19,Combined Equal Weight,0.0016083130038162283
2021-11-22,Combined Equal Weight,-0.0043254668527288875
2021-11-23,Combined Equal Weight,0.010080833081749264
2021-11-24,Combined Equal Weight,-0.0028379924818224857
2021-11-26,Combined Equal Weight,-0.029338476707881755
2021-11-29,Combined Equal Weight,0.008916650891831268
2021-11-30,Combined Equal Weight,-0.018449366912494755
2021-12-01,Combined Equal Weight,-0.011750985011291237
2021-12-02,Combined Equal Weight,0.018424546320772135
2021-12-03,Combined Equal Weight,-0.00989665005268462
2021-12-06,Combined Equal Weight,0.017967098671794038
2021-12-07,Combined Equal Weight,0.011524713550818216
2021-12-08,Combined Equal Weight,0.005738811185586795
2021-12-09,Combined Equal Weight,-0.017306547344091622
2021-12-10,Combined Equal Weight,-0.0017509506946767055
2021-12-13,Combined Equal Weight,-0.01847500062645433
2021-12-14,Combined Equal Weight,0.0003731772543874317
2021-12-15,Combined Equal Weight,0.015336483030759818
2021-12-16,Combined Equal Weight,-0.0014557751549373462
2021-12-17,Combined Equal Weight,-0.014493090540587993
2021-12-20,Combined Equal Weight,-0.006322349334487459
2021-12-21,Combined Equal Weight,0.01771832215144134
2021-12-22,Combined Equal Weight,0.005884459350951685
2021-12-23,Combined Equal Weight,0.012980871774251777
2021-12-27,Combined Equal Weight,0.011695336888605877
2021-12-28,Combined Equal Weight,-0.009558348712256833
2021-12-29,Combined Equal Weight,-0.004461703030257021
2021-12-30,Combined Equal Weight,0.0015601369410051654
2021-12-31,Combined Equal Weight,-0.003464394306561567
2022-01-03,Combined Equal Weight,0.0031231601620466984
2022-01-04,Combined Equal Weight,0.0049454244765656415
2022-01-05,Combined Equal Weight,-0.018520541664949264
2022-01-06,Combined Equal Weight,0.00035154698139848754
2022-01-07,Combined Equal Weight,-0.005573185878732739
2022-01-10,Combined Equal Weight,-0.010468008645634554
2022-01-11,Combined Equal Weight,0.014117589837793544
2022-01-12,Combined Equal Weight,0.01132489119099409
2022-01-13,Combined Equal Weight,-0.009911573013603521
2022-01-14,Combined Equal Weight,0.005830496410168116
2022-01-18,Combined Equal Weight,-0.01153302363533437
2022-01-19,Combined Equal Weight,-0.0104890905791425
2022-01-20,Combined Equal Weight,-0.016972195148548957
2022-01-21,Combined Equal Weight,-0.030061223982015495
2022-01-24,Combined Equal Weight,-0.002854146683467806
2022-01-25,Combined Equal Weight,-0.0027430716109983653
2022-01-26,Combined Equal Weight,-0.006530534848476082
2022-01-27,Combined Equal Weight,-0.004293893754328957
2022-01-28,Combined Equal Weight,0.018309617859772698
2022-01-31,Combined Equal Weight,0.014107319571363016
2022-02-01,Combined Equal Weight,0.012964162723813271
2022-02-02,Combined Equal Weight,0.0017817301239004546
2022-02-03,Combined Equal Weight,-0.005356465536997571
2022-02-04,Combined Equal Weight,0.013733646897065197
2022-02-07,Combined Equal Weight,0.013688791888446369
2022-02-08,Combined Equal Weight,0.002937165988081728
2022-02-09,Combined Equal Weight,0.013799729865727303
2022-02-10,Combined Equal Weight,-0.0184836291489719
2022-02-11,Combined Equal Weight,-0.018485411795621763
2022-02-14,Combined Equal Weight,-0.006096454332451163
2022-02-15,Combined Equal Weight,0.017944771341906928
2022-02-16,Combined Equal Weight,-0.0029439425950380242
2022-02-17,Combined Equal Weight,-0.02566904439235687
2022-02-18,Combined Equal Weight,-0.00830897428468353
2022-02-22,Combined Equal Weight,0.001014526227730404
2022-02-23,Combined Equal Weight,-0.013019673685019413
2022-02-24,Combined Equal Weight,0.00584488659282603
2022-02-25,Combined Equal Weight,0.028299068288828368
2022-02-28,Combined Equal Weight,0.01498101230114734
2022-03-01,Combined Equal Weight,-0.010226922298809879
2022-03-02,Combined Equal Weight,0.013323609703012582
2022-03-03,Combined Equal Weight,-0.00394344589877251
2022-03-04,Combined Equal Weight,-0.010092048189367151
2022-03-07,Combined Equal Weight,-0.01776908707754453
2022-03-08,Combined Equal Weight,-0.0005181088985887573
2022-03-09,Combined Equal Weight,0.02275385732553449
2022-03-10,Combined Equal Weight,-0.008283750117282968
2022-03-11,Combined Equal Weight,-0.0057257385408503655
2022-03-14,Combined Equal Weight,-0.00362906247228181
2022-03-15,Combined Equal Weight,0.008665417098065818
2022-03-16,Combined Equal Weight,0.020116243438739863
2022-03-17,Combined Equal Weight,0.01178501741210827
2022-03-18,Combined Equal Weight,0.007895695606537636
2022-03-21,Combined Equal Weight,0.007010971569600105
2022-03-22,Combined Equal Weight,0.015103216163539686
2022-03-23,Combined Equal Weight,-0.006049250070386995
2022-03-24,Combined Equal Weight,0.013068632416285836
2022-03-25,Combined Equal Weight,0.005595401879406856
2022-03-28,Combined Equal Weight,0.001447418861126204
2022-03-29,Combined Equal Weight,0.012684810195777252
2022-03-30,Combined Equal Weight,-0.001983026304214802
2022-03-31,Combined Equal Weight,-0.017306133656382425
2022-04-01,Combined Equal Weight,0.007345515668125023
2022-04-04,Combined Equal Weight,0.0008953739066797082
2022-04-05,Combined Equal Weight,-0.013658704065118677
2022-04-06,Combined Equal Weight,-0.01632867769671042
2022-04-07,Combined Equal Weight,0.007364622930832038
2022-04-08,Combined Equal Weight,-0.004348636173546209
2022-04-11,Combined Equal Weight,-0.023264955744011714
2022-04-12,Combined Equal Weight,0.004007312985704973
2022-04-13,Combined Equal Weight,0.013787966587576847
2022-04-14,Combined Equal Weight,-0.00574110190763851
2022-04-18,Combined Equal Weight,0.004428319975481326
2022-04-19,Combined Equal Weight,0.014011769138049194
2022-04-20,Combined Equal Weight,-0.0007653785091205787
2022-04-21,Combined Equal Weight,-0.013784294691622685
2022-04-22,Combined Equal Weight,-0.021214101715744404
2022-04-25,Combined Equal Weight,-0.00044088502730586353
2022-04-26,Combined Equal Weight,-0.028544543537565997
2022-04-27,Combined Equal Weight,0.004447883171157322
2022-04-28,Combined Equal Weight,0.016149437880903193
2022-04-29,Combined Equal Weight,-0.03535914037351933
2022-05-02,Combined Equal Weight,0.0030438634196666243
2022-05-03,Combined Equal Weight,0.003564029912301042
2022-05-04,Combined Equal Weight,0.041779191869066076
2022-05-05,Combined Equal Weight,-0.03567404621053816
2022-05-06,Combined Equal Weight,-0.001460422319947292
2022-05-09,Combined Equal Weight,-0.05231015937226137
2022-05-10,Combined Equal Weight,0.0022894566308399125
2022-05-11,Combined Equal Weight,-0.026863850658016598
2022-05-12,Combined Equal Weight,-0.006284836576940929
2022-05-13,Combined Equal Weight,0.02971034348845338
2022-05-16,Combined Equal Weight,-0.008837458817569872
2022-05-17,Combined Equal Weight,0.02352217655826354
2022-05-18,Combined Equal Weight,-0.036568352952385266
2022-05-19,Combined Equal Weight,0.006398791311356194
2022-05-20,Combined Equal Weight,-0.00472162270689022
2022-05-23,Combined Equal Weight,0.010608109265878497
2022-05-24,Combined Equal Weight,0.005686548913250513
2022-05-25,Combined Equal Weight,0.005888223167806834
2022-05-26,Combined Equal Weight,0.0042446690341475385
2022-05-27,Combined Equal Weight,0.0115650685110863
2022-05-31,Combined Equal Weight,-0.004450962361167224
2022-06-01,Combined Equal Weight,-0.016220122078898155
2022-06-02,Combined Equal Weight,0.016240133807354815
2022-06-03,Combined Equal Weight,-0.011271403291995531
2022-06-06,Combined Equal Weight,0.004473021448710698
2022-06-07,Combined Equal Weight,0.006515504781820811
2022-06-08,Combined Equal Weight,-0.013009352302863542
2022-06-09,Combined Equal Weight,-0.020680984995779597
2022-06-10,Combined Equal Weight,-0.030169260382236572
2022-06-13,Combined Equal Weight,-0.054737652165409836
2022-06-14,Combined Equal Weight,-0.0034627853951064978
2022-06-15,Combined Equal Weight,0.019983917419261744
2022-06-16,Combined Equal Weight,-0.04189225555299425
2022-06-17,Combined Equal Weight,0.0027328718837826135
2022-06-21,Combined Equal Weight,0.018731182956851007
2022-06-22,Combined Equal Weight,-0.008861850562642581
2022-06-23,Combined Equal Weight,0.010001614049097603
2022-06-24,Combined Equal Weight,0.03030095545634023
2022-06-27,Combined Equal Weight,-0.0037082095460848003
2022-06-28,Combined Equal Weight,-0.015119424936045182
2022-06-29,Combined Equal Weight,-0.006696225000566495
2022-06-30,Combined Equal Weight,-0.007535848717859894
2022-07-01,Combined Equal Weight,0.005155360012899511
2022-07-05,Combined Equal Weight,-0.008417589662965286
2022-07-06,Combined Equal Weight,0.002744904067572163
2022-07-07,Combined Equal Weight,0.018122510900338784
2022-07-08,Combined Equal Weight,-0.004392454474492609
2022-07-11,Combined Equal Weight,-0.01564164553513321
2022-07-12,Combined Equal Weight,-0.007135968983798228
2022-07-13,Combined Equal Weight,0.004273844927175245
2022-07-14,Combined Equal Weight,0.00039546183623718025
2022-07-15,Combined Equal Weight,0.01772329816929271
2022-07-18,Combined Equal Weight,0.015313114732142499
2022-07-19,Combined Equal Weight,0.025868757750962736
2022-07-20,Combined Equal Weight,-0.0038281574092857485
2022-07-21,Combined Equal Weight,0.00855275720091389
2022-07-22,Combined Equal Weight,-0.005418183269914842
2022-07-25,Combined Equal Weight,-0.009139212362314906
2022-07-26,Combined Equal Weight,-0.003336425903804737
2022-07-27,Combined Equal Weight,0.02792847365268602
2022-07-28,Combined Equal Weight,0.021607122134156637
2022-07-29,Combined Equal Weight,0.007116952121869635
2022-08-01,Combined Equal Weight,-0.003463816514591548
2022-08-02,Combined Equal Weight,-0.01125840552766689
2022-08-03,Combined Equal Weight,0.004307763973303616
2022-08-04,Combined Equal Weight,-0.0011084059539739487
2022-08-05,Combined Equal Weight,0.00894795495170603
2022-08-08,Combined Equal Weight,0.003722581033028964
2022-08-09,Combined Equal Weight,-0.007945398147576593
2022-08-10,Combined Equal Weight,0.02228558638615793
2022-08-11,Combined Equal Weight,0.007112773058763379
2022-08-12,Combined Equal Weight,0.014744085826509507
2022-08-15,Combined Equal Weight,0.0008230034027234431
2022-08-16,Combined Equal Weight,0.002814440189481565
2022-08-17,Combined Equal Weight,-0.00779858988911779
2022-08-18,Combined Equal Weight,0.0004369317370867688
2022-08-19,Combined Equal Weight,-0.02535532943799472
2022-08-22,Combined Equal Weight,-0.012537475399785879
2022-08-23,Combined Equal Weight,0.004000658103116928
2022-08-24,Combined Equal Weight,0.0006884568862047301
2022-08-25,Combined Equal Weight,0.013369768680934334
2022-08-26,Combined Equal Weight,-0.036080888455400716
2022-08-29,Combined Equal Weight,0.005030206035969886
2022-08-30,Combined Equal Weight,-0.015619484591487917
2022-08-31,Combined Equal Weight,-0.005587489685243132
2022-09-01,Combined Equal Weight,0.0034886436672656863
2022-09-02,Combined Equal Weight,-0.007112650662027261
2022-09-06,Combined Equal Weight,-0.01516233427813982
2022-09-07,Combined Equal Weight,0.022888356862568352
2022-09-08,Combined Equal Weight,0.006030335202376024
2022-09-09,Combined Equal Weight,0.021971926470323123
2022-09-12,Combined Equal Weight,0.00582841131417971
2022-09-13,Combined Equal Weight,-0.045226225201349404
2022-09-14,Combined Equal Weight,0.006167148570890119
2022-09-15,Combined Equal Weight,-0.021520483858726548
2022-09-16,Combined Equal Weight,-0.0038641686411954746
2022-09-19,Combined Equal Weight,0.008872265784185427
2022-09-20,Combined Equal Weight,-0.01295688271740614
2022-09-21,Combined Equal Weight,-0.020650512877607576
2022-09-22,Combined Equal Weight,0.00349808634492015
2022-09-23,Combined Equal Weight,-0.016667819937102528
2022-09-26,Combined Equal Weight,-0.01293929840562053
2022-09-27,Combined Equal Weight,-0.005605479284624965
2022-09-28,Combined Equal Weight,0.01753455203993805
2022-09-29,Combined Equal Weight,-0.012207247581198729
2022-09-30,Combined Equal Weight,-0.013137197439580913
2022-10-03,Combined Equal Weight,0.03044961830637254
2022-10-04,Combined Equal Weight,0.02880958335717737
2022-10-05,Combined Equal Weight,-0.003406590115096623
2022-10-06,Combined Equal Weight,-0.010554134887437125
2022-10-07,Combined Equal Weight,-0.020280218445497645
2022-10-10,Combined Equal Weight,-0.012045546445742968
2022-10-11,Combined Equal Weight,-0.005794294732439905
2022-10-12,Combined Equal Weight,-0.0043924079566163825
2022-10-13,Combined Equal Weight,0.02191998810456887
2022-10-14,Combined Equal Weight,-0.014943014408954007
2022-10-17,Combined Equal Weight,0.018691664879151734
2022-10-18,Combined Equal Weight,0.007318470900009656
2022-10-19,Combined Equal Weight,-0.010522088707603133
2022-10-20,Combined Equal Weight,-0.003903969660213537
2022-10-21,Combined Equal Weight,0.022006824865926086
2022-10-24,Combined Equal Weight,0.003431330492379288
2022-10-25,Combined Equal Weight,0.02286686395287009
2022-10-26,Combined Equal Weight,0.008034988239200652
2022-10-27,Combined Equal Weight,-0.0036329521156679458
2022-10-28,Combined Equal Weight,0.023573826986520476
2022-10-31,Combined Equal Weight,-0.006095718685837175
2022-11-01,Combined Equal Weight,0.0011665474279613673
2022-11-02,Combined Equal Weight,-0.01673441707622192
2022-11-03,Combined Equal Weight,0.0006162937564336258
2022-11-04,Combined Equal Weight,0.026903160842834097
2022-11-07,Combined Equal Weight,0.006391610036462398
2022-11-08,Combined Equal Weight,-0.013701324476817447
2022-11-09,Combined Equal Weight,-0.04206236722983266
2022-11-10,Combined Equal Weight,0.0675006791956451
2022-11-11,Combined Equal Weight,0.0068152555971901785
2022-11-14,Combined Equal Weight,-0.0034026310492899134
2022-11-15,Combined Equal Weight,0.010602315236801463
2022-11-16,Combined Equal Weight,-0.011701976878377256
2022-11-17,Combined Equal Weight,-0.0010528206157177627
2022-11-18,Combined Equal Weight,0.004579782972334324
2022-11-21,Combined Equal Weight,-0.0016089717037768827
2022-11-22,Combined Equal Weight,0.018700329196249962
2022-11-23,Combined Equal Weight,0.010489829245412906
2022-11-25,Combined Equal Weight,-0.0004737967332436477
2022-11-28,Combined Equal Weight,-0.018339494590531833
2022-11-29,Combined Equal Weight,0.006229594226936349
2022-11-30,Combined Equal Weight,0.025515568887532702
2022-12-01,Combined Equal Weight,-0.003572930901665892
2022-12-02,Combined Equal Weight,0.0027007363878619552
2022-12-05,Combined Equal Weight,-0.014665870362620126
2022-12-06,Combined Equal Weight,-0.009217703200675515
2022-12-07,Combined Equal Weight,-0.004218368396410738
2022-12-08,Combined Equal Weight,0.009516938329560376
2022-12-09,Combined Equal Weight,-0.009422793287027819
2022-12-12,Combined Equal Weight,0.013429631001319248
2022-12-13,Combined Equal Weight,0.01112670271869061
2022-12-14,Combined Equal Weight,-0.00916119073612141
2022-12-15,Combined Equal Weight,-0.021888844095310084
2022-12-16,Combined Equal Weight,-0.021319753226927
2022-12-19,Combined Equal Weight,-0.010728852442311063
2022-12-20,Combined Equal Weight,0.008700123136576692
2022-12-21,Combined Equal Weight,0.014259856269343466
2022-12-22,Combined Equal Weight,-0.00862135975038459
2022-12-23,Combined Equal Weight,0.006277644466821741
2022-12-27,Combined Equal Weight,-0.0017391378059759658
2022-12-28,Combined Equal Weight,-0.015186776727050941
2022-12-29,Combined Equal Weight,0.011231947956177227
2022-12-30,Combined Equal Weight,-0.0014994889775808394
2023-01-03,Combined Equal Weight,0.001424910863188169
2023-01-04,Combined Equal Weight,0.021530127426546652
2023-01-05,Combined Equal Weight,-0.008150576794457375
2023-01-06,Combined Equal Weight,0.023373257614875693
2023-01-09,Combined Equal Weight,0.00470003749084959
2023-01-10,Combined Equal Weight,0.007351108659663851
2023-01-11,Combined Equal Weight,0.01310532862599868
2023-01-12,Combined Equal Weight,0.010156315980829736
2023-01-13,Combined Equal Weight,0.008511948595626748
2023-01-17,Combined Equal Weight,-0.004194437669876231
2023-01-18,Combined Equal Weight,-0.020443878262173084
2023-01-19,Combined Equal Weight,-0.0022733494822116656
2023-01-20,Combined Equal Weight,0.023514059303050755
2023-01-23,Combined Equal Weight,0.01302064324129035
2023-01-24,Combined Equal Weight,-0.009353205795021241
2023-01-25,Combined Equal Weight,0.0066582357232981525
2023-01-26,Combined Equal Weight,0.006728874633475802
2023-01-27,Combined Equal Weight,0.0007719281474348102
2023-01-30,Combined Equal Weight,-0.016294006955992348
2023-01-31,Combined Equal Weight,0.013220029608013516
2023-02-01,Combined Equal Weight,0.009731505056982967
2023-02-02,Combined Equal Weight,-0.0005500485124867102
2023-02-03,Combined Equal Weight,-0.0083410692489316
2023-02-06,Combined Equal Weight,-0.006746947547876075
2023-02-07,Combined Equal Weight,0.015576413927813294
2023-02-08,Combined Equal Weight,-0.010476762630954598
2023-02-09,Combined Equal Weight,-0.017697535698175303
2023-02-10,Combined Equal Weight,0.006180523038854831
2023-02-13,Combined Equal Weight,0.006761791597266649
2023-02-14,Combined Equal Weight,0.004442089540639552
2023-02-15,Combined Equal Weight,0.011134968990990212
2023-02-16,Combined Equal Weight,-0.01891393728273206
2023-02-17,Combined Equal Weight,0.005827864390259855
2023-02-21,Combined Equal Weight,-0.017782639383102143
2023-02-22,Combined Equal Weight,-0.005864817854914084
2023-02-23,Combined Equal Weight,0.0026098348420776885
2023-02-24,Combined Equal Weight,-0.013726279036938729
2023-02-27,Combined Equal Weight,0.0007106336017079127
2023-02-28,Combined Equal Weight,-0.005696637618743372
2023-03-01,Combined Equal Weight,0.003474361581112662
2023-03-02,Combined Equal Weight,0.008291230851856667
2023-03-03,Combined Equal Weight,0.007100174740261897
2023-03-06,Combined Equal Weight,-0.0021608539506573353
2023-03-07,Combined Equal Weight,-0.015787497184841445
2023-03-08,Combined Equal Weight,-0.0018752779680403214
2023-03-09,Combined Equal Weight,-0.024536203840409703
2023-03-10,Combined Equal Weight,-0.011593807963097258
2023-03-13,Combined Equal Weight,0.004382789544936423
2023-03-14,Combined Equal Weight,0.01548183390210416
2023-03-15,Combined Equal Weight,-0.01672843659227346
2023-03-16,Combined Equal Weight,0.014869035327806143
2023-03-17,Combined Equal Weight,0.0007420631691404372
2023-03-20,Combined Equal Weight,0.00375146243901129
2023-03-21,Combined Equal Weight,0.019658805021547758
2023-03-22,Combined Equal Weight,-0.024846038452477917
2023-03-23,Combined Equal Weight,0.009246312215876318
2023-03-24,Combined Equal Weight,0.0018179527117647082
2023-03-27,Combined Equal Weight,0.00037268379532808243
2023-03-28,Combined Equal Weight,0.00631299467802165
2023-03-29,Combined Equal Weight,0.017745844831308595
2023-03-30,Combined Equal Weight,0.0037976180354910446
2023-03-31,Combined Equal Weight,0.014129093881529387
2023-04-03,Combined Equal Weight,0.005473537217209085
2023-04-04,Combined Equal Weight,-0.0027585180853188047
2023-04-05,Combined Equal Weight,0.00384838318421197
2023-04-06,Combined Equal Weight,-0.001632453040931714
2023-04-10,Combined Equal Weight,0.006858489058566375
2023-04-11,Combined Equal Weight,0.0027781488234734173
2023-04-12,Combined Equal Weight,-0.0026424747146835143
2023-04-13,Combined Equal Weight,0.009702366753600433
2023-04-14,Combined Equal Weight,-0.0022719367063586088
2023-04-17,Combined Equal Weight,0.00018522706613807006
2023-04-18,Combined Equal Weight,0.0036803527513123322
2023-04-19,Combined Equal Weight,-0.009925908423353686
2023-04-20,Combined Equal Weight,-0.008568364002944074
2023-04-21,Combined Equal Weight,-0.006889445400750229
2023-04-24,Combined Equal Weight,0.00043050629007484645
2023-04-25,Combined Equal Weight,-0.009650637567961995
2023-04-26,Combined Equal Weight,-0.01252399632443319
2023-04-27,Combined Equal Weight,0.014707035570013056
2023-04-28,Combined Equal Weight,0.00852458587815826
2023-05-01,Combined Equal Weight,-0.005701460638165661
2023-05-02,Combined Equal Weight,-0.01172861762071874
2023-05-03,Combined Equal Weight,-0.009008965374414556
2023-05-04,Combined Equal Weight,-0.006213969164150281
2023-05-05,Combined Equal Weight,0.01804464903028992
2023-05-08,Combined Equal Weight,-0.006554959489218448
2023-05-09,Combined Equal Weight,-0.0008714536635478388
2023-05-10,Combined Equal Weight,-0.0017549888693666972
2023-05-11,Combined Equal Weight,-0.010958382402106738
2023-05-12,Combined Equal Weight,0.0004064625232982085
2023-05-15,Combined Equal Weight,0.005193171560470089
2023-05-16,Combined Equal Weight,-0.011904080387034558
2023-05-17,Combined Equal Weight,0.01275165832915351
2023-05-18,Combined Equal Weight,0.0029668728035717904
2023-05-19,Combined Equal Weight,-0.0015144502784157742
2023-05-22,Combined Equal Weight,0.001982677732827709
2023-05-23,Combined Equal Weight,-0.004541268641508335
2023-05-24,Combined Equal Weight,-0.012587796060454326
2023-05-25,Combined Equal Weight,0.0001796215698891923
2023-05-26,Combined Equal Weight,0.009530105655791186
2023-05-30,Combined Equal Weight,7.578433379529401e-05
2023-05-31,Combined Equal Weight,-0.005713966401747791
2023-06-01,Combined Equal Weight,0.003122756880351518
2023-06-02,Combined Equal Weight,0.02132852041270767
2023-06-05,Combined Equal Weight,-0.014175361105293511
2023-06-06,Combined Equal Weight,0.009414201121807915
2023-06-07,Combined Equal Weight,0.0012151655515494275
2023-06-08,Combined Equal Weight,0.004640053398329461
2023-06-09,Combined Equal Weight,-0.004253699654141784
2023-06-12,Combined Equal Weight,0.00443853694167972
2023-06-13,Combined Equal Weight,0.00648216286749041
2023-06-14,Combined Equal Weight,-0.0070893547692674475
2023-06-15,Combined Equal Weight,0.009301110782040432
2023-06-16,Combined Equal Weight,0.0023198408494336555
2023-06-20,Combined Equal Weight,-0.005993356231431424
2023-06-21,Combined Equal Weight,0.008886569154665692
2023-06-22,Combined Equal Weight,-0.005267702939070903
2023-06-23,Combined Equal Weight,0.006400617430051085
2023-06-26,Combined Equal Weight,0.006565141694990468
2023-06-27,Combined Equal Weight,0.009790980390278443
2023-06-28,Combined Equal Weight,-0.00808080814049297
2023-06-29,Combined Equal Weight,0.010228184796819905
2023-06-30,Combined Equal Weight,0.022603202991231905
2023-07-03,Combined Equal Weight,0.003877257598172459
2023-07-05,Combined Equal Weight,-0.006060561334685033
2023-07-06,Combined Equal Weight,-0.014258838320504313
2023-07-07,Combined Equal Weight,0.003562092659664423
2023-07-10,Combined Equal Weight,0.006097554230657368
2023-07-11,Combined Equal Weight,0.011893023138107528
2023-07-12,Combined Equal Weight,0.006143557144120819
2023-07-13,Combined Equal Weight,0.037260963080475606
2023-07-14,Combined Equal Weight,-0.015765993628187
2023-07-17,Combined Equal Weight,-0.0036493398954162443
2023-07-18,Combined Equal Weight,0.005054130851559698
2023-07-19,Combined Equal Weight,0.009944158028720692
2023-07-20,Combined Equal Weight,0.0014145962126503096
2023-07-21,Combined Equal Weight,0.0034909232161122444
2023-07-24,Combined Equal Weight,-0.0019643631749951666
2023-07-25,Combined Equal Weight,0.002921939450274056
2023-07-26,Combined Equal Weight,0.004385740905184213
2023-07-27,Combined Equal Weight,-0.0034876241260207164
2023-07-28,Combined Equal Weight,0.0047782376959451065
2023-07-31,Combined Equal Weight,0.0007234954733570981
2023-08-01,Combined Equal Weight,-0.001676767319656945
2023-08-02,Combined Equal Weight,-0.017607225545439344
2023-08-03,Combined Equal Weight,-0.007005576565142809
2023-08-04,Combined Equal Weight,-0.0030479980515795667
2023-08-07,Combined Equal Weight,0.007853063301314753
2023-08-08,Combined Equal Weight,-0.0004139619684981684
2023-08-09,Combined Equal Weight,-0.002003905671024901
2023-08-10,Combined Equal Weight,-0.000915208718620645
2023-08-11,Combined Equal Weight,0.0009789535037611967
2023-08-14,Combined Equal Weight,0.0017471645415393197
2023-08-15,Combined Equal Weight,-0.015768398061357262
2023-08-16,Combined Equal Weight,-0.013305220169425744
2023-08-17,Combined Equal Weight,-0.018618058375637507
2023-08-18,Combined Equal Weight,0.002471885241369139
2023-08-21,Combined Equal Weight,-0.0020742084303499273
2023-08-22,Combined Equal Weight,-0.0064817016705362865
2023-08-23,Combined Equal Weight,0.011351836612056925
2023-08-24,Combined Equal Weight,-0.012212596412256194
2023-08-25,Combined Equal Weight,0.003910768741890752
2023-08-28,Combined Equal Weight,0.005986453806978165
2023-08-29,Combined Equal Weight,0.019163789948962444
2023-08-30,Combined Equal Weight,-0.002387208164079165
2023-08-31,Combined Equal Weight,-0.008881755663568983
2023-09-01,Combined Equal Weight,0.0012194401811214356
2023-09-05,Combined Equal Weight,-0.007538113444384513
2023-09-06,Combined Equal Weight,-0.003237180952029944
2023-09-07,Combined Equal Weight,0.0011196778357605056
2023-09-08,Combined Equal Weight,0.001355175013367869
2023-09-11,Combined Equal Weight,-0.0031409107050021793
2023-09-12,Combined Equal Weight,0.005296249437674424
2023-09-13,Combined Equal Weight,0.0010123337048559907
2023-09-14,Combined Equal Weight,0.012813333441212053
2023-09-15,Combined Equal Weight,-0.005808530218916478
2023-09-18,Combined Equal Weight,0.0030732217754222803
2023-09-19,Combined Equal Weight,-0.00151198052084307
2023-09-20,Combined Equal Weight,-0.006164775560719363
2023-09-21,Combined Equal Weight,-0.018790123872734137
2023-09-22,Combined Equal Weight,-0.002574682455493939
2023-09-25,Combined Equal Weight,0.003190848654452438
2023-09-26,Combined Equal Weight,-0.010548755017963483
2023-09-27,Combined Equal Weight,0.00037824047969263567
2023-09-28,Combined Equal Weight,0.0075548927291206
2023-09-29,Combined Equal Weight,1.8517727138480516e-05
2023-10-02,Combined Equal Weight,-0.015670879792627778
2023-10-03,Combined Equal Weight,-0.007155150739297566
2023-10-04,Combined Equal Weight,0.00016981327522040072
2023-10-05,Combined Equal Weight,-0.0033833974916251583
2023-10-06,Combined Equal Weight,0.01044603449604338
2023-10-09,Combined Equal Weight,0.002148672978453955
2023-10-10,Combined Equal Weight,0.005664866368411877
2023-10-11,Combined Equal Weight,0.0013104718559174364
2023-10-12,Combined Equal Weight,-0.008315333978963656
2023-10-13,Combined Equal Weight,0.0021009296326924033
2023-10-16,Combined Equal Weight,0.013352363471423599
2023-10-17,Combined Equal Weight,-0.0008165491795922448
2023-10-18,Combined Equal Weight,-0.013069182735187835
2023-10-19,Combined Equal Weight,-0.004911795990365633
2023-10-20,Combined Equal Weight,-0.0038914319414627696
2023-10-23,Combined Equal Weight,0.004044908075954012
2023-10-24,Combined Equal Weight,0.009045168664367689
2023-10-25,Combined Equal Weight,-0.009453075722180177
2023-10-26,Combined Equal Weight,-0.0018253131376461283
2023-10-27,Combined Equal Weight,-0.010215886757690746
2023-10-30,Combined Equal Weight,0.010352945548555042
2023-10-31,Combined Equal Weight,0.006494664734265533
2023-11-01,Combined Equal Weight,0.0074731466890766395
2023-11-02,Combined Equal Weight,0.019716930895427788
2023-11-03,Combined Equal Weight,0.011609533501200538
2023-11-06,Combined Equal Weight,0.0012650560466206788
2023-11-07,Combined Equal Weight,-0.00565682063775113
2023-11-08,Combined Equal Weight,0.000537323637339813
2023-11-09,Combined Equal Weight,-0.004262813716021546
2023-11-10,Combined Equal Weight,0.011558798455876483
2023-11-13,Combined Equal Weight,-0.0034629506400296484
2023-11-14,Combined Equal Weight,0.015143199718425284
2023-11-15,Combined Equal Weight,0.011433957330833112
2023-11-16,Combined Equal Weight,-0.004929837579479825
2023-11-17,Combined Equal Weight,0.0024150821575656574
2023-11-20,Combined Equal Weight,0.0016107362148039155
2023-11-21,Combined Equal Weight,-0.010749734228255233
2023-11-22,Combined Equal Weight,0.009313950446122763
2023-11-24,Combined Equal Weight,0.0038162340401079907
2023-11-27,Combined Equal Weight,-0.003595268554405201
2023-11-28,Combined Equal Weight,0.003514773041476225
2023-11-29,Combined Equal Weight,0.0036377976713231892
2023-11-30,Combined Equal Weight,0.004697903801838477
2023-12-01,Combined Equal Weight,0.01043124393858339
2023-12-04,Combined Equal Weight,0.0025456703170938823
2023-12-05,Combined Equal Weight,-0.0013196565186203012
2023-12-06,Combined Equal Weight,-0.0003760526717829985
2023-12-07,Combined Equal Weight,0.008122624623117193
2023-12-08,Combined Equal Weight,0.010514856207447795
2023-12-11,Combined Equal Weight,-0.005327950092337124
2023-12-12,Combined Equal Weight,0.0017231795737992586
2023-12-13,Combined Equal Weight,0.022446754372463178
2023-12-14,Combined Equal Weight,0.013057907022419527
2023-12-15,Combined Equal Weight,-0.009188801625396455
2023-12-18,Combined Equal Weight,-0.0007028288814304655
2023-12-19,Combined Equal Weight,0.004482053154236631
2023-12-20,Combined Equal Weight,-0.009095040046854578
2023-12-21,Combined Equal Weight,0.011473601741572397
2023-12-22,Combined Equal Weight,0.004576504945732433
2023-12-26,Combined Equal Weight,0.0016754512805441286
2023-12-27,Combined Equal Weight,0.009970524194693391
2023-12-28,Combined Equal Weight,-0.00038119645650203077
2023-12-29,Combined Equal Weight,-0.005624265916081816
2021-01-04,Combined Maximum Sharpe,-0.003130341041961038
2021-01-05,Combined Maximum Sharpe,0.04868023699239279
2021-01-06,Combined Maximum Sharpe,0.08778820112088863
2021-01-07,Combined Maximum Sharpe,0.04134630258753694
2021-01-08,Combined Maximum Sharpe,0.015845451659501537
2021-01-11,Combined Maximum Sharpe,-0.042845534868994346
2021-01-12,Combined Maximum Sharpe,-0.02613116187479998
2021-01-13,Combined Maximum Sharpe,0.06162759097543742
2021-01-14,Combined Maximum Sharpe,0.026614990440438743
2021-01-15,Combined Maximum Sharpe,-0.045194092648771694
2021-01-19,Combined Maximum Sharpe,-0.009568610190720288
2021-01-20,Combined Maximum Sharpe,0.0011467987327232728
2021-01-21,Combined Maximum Sharpe,-0.08349568483881392
2021-01-22,Combined Maximum Sharpe,0.042091793237984815
2021-01-25,Combined Maximum Sharpe,0.0007202464385609421
2021-01-26,Combined Maximum Sharpe,-1.1135508992221425e-05
2021-01-27,Combined Maximum Sharpe,-0.05396433938126254
2021-01-28,Combined Maximum Sharpe,0.07427206650239723
2021-01-29,Combined Maximum Sharpe,0.012832227855446859
2021-02-01,Combined Maximum Sharpe,0.019943907711526643
2021-02-02,Combined Maximum Sharpe,0.041626369239135416
2021-02-03,Combined Maximum Sharpe,0.024941121197492422
2021-02-04,Combined Maximum Sharpe,-0.010788765967227231
2021-02-05,Combined Maximum Sharpe,0.027809006543380446
2021-02-08,Combined Maximum Sharpe,0.1008275278014166
2021-02-09,Combined Maximum Sharpe,0.002458897588719328
2021-02-10,Combined Maximum Sharpe,-0.00046737662072939175
2021-02-11,Combined Maximum Sharpe,0.04930996304755724
2021-02-12,Combined Maximum Sharpe,0.01990681508575774
2021-02-16,Combined Maximum Sharpe,0.012881306685540793
2021-02-17,Combined Maximum Sharpe,0.021241441831015645
2021-02-18,Combined Maximum Sharpe,-0.003838606835340622
2021-02-19,Combined Maximum Sharpe,0.04086332269130042
2021-02-22,Combined Maximum Sharpe,-0.04320846882108037
2021-02-23,Combined Maximum Sharpe,-0.0753714003634273
2021-02-24,Combined Maximum Sharpe,0.02227482120958055
2021-02-25,Combined Maximum Sharpe,-0.05571556074961771
2021-02-26,Combined Maximum Sharpe,0.007956740499982193
2021-03-01,Combined Maximum Sharpe,0.04814424686484144
2021-03-02,Combined Maximum Sharpe,-0.017033000782019345
2021-03-03,Combined Maximum Sharpe,0.011042745121158147
2021-03-04,Combined Maximum Sharpe,-0.029997552845809326
2021-03-05,Combined Maximum Sharpe,0.019779493385358345
2021-03-08,Combined Maximum Sharpe,-0.0038584643369277702
2021-03-09,Combined Maximum Sharpe,0.035037345220818125
2021-03-10,Combined Maximum Sharpe,0.003278775176621284
2021-03-11,Combined Maximum Sharpe,0.016224404799034867
2021-03-12,Combined Maximum Sharpe,-0.01275217435961183
2021-03-15,Combined Maximum Sharpe,-0.03549462951740618
2021-03-16,Combined Maximum Sharpe,0.032316613904920875
2021-03-17,Combined Maximum Sharpe,0.022200445302367963
2021-03-18,Combined Maximum Sharpe,-0.02079818878628611
2021-03-19,Combined Maximum Sharpe,0.007860121093623813
2021-03-22,Combined Maximum Sharpe,-0.023028230896742385
2021-03-23,Combined Maximum Sharpe,-0.0003163147396731984
2021-03-24,Combined Maximum Sharpe,-0.02301797264340808
2021-03-25,Combined Maximum Sharpe,0.0034913283120521824
2021-03-26,Combined Maximum Sharpe,0.052577490495783044
2021-03-29,Combined Maximum Sharpe,0.014829439930165075
2021-03-30,Combined Maximum Sharpe,0.009021110624764654
2021-03-31,Combined Maximum Sharpe,0.0014606190214438927
2021-04-01,Combined Maximum Sharpe,0.0020043126069507356
2021-04-05,Combined Maximum Sharpe,0.004615763984978548
2021-04-06,Combined Maximum Sharpe,-0.005138623175534988
2021-04-07,Combined Maximum Sharpe,-0.019691288782962238
2021-04-08,Combined Maximum Sharpe,0.020735007284323134
2021-04-09,Combined Maximum Sharpe,0.0010599954681640576
2021-04-12,Combined Maximum Sharpe,0.006828706823130678
2021-04-13,Combined Maximum Sharpe,0.024001062613004606
2021-04-14,Combined Maximum Sharpe,-0.0023501299028853002
2021-04-15,Combined Maximum Sharpe,0.016358728462048222
2021-04-16,Combined Maximum Sharpe,-0.012708850208874854
2021-04-19,Combined Maximum Sharpe,-0.008691547683465873
2021-04-20,Combined Maximum Sharpe,0.0015699627961895555
2021-04-21,Combined Maximum Sharpe,-0.00794119814800218
2021-04-22,Combined Maximum Sharpe,-0.023144199030124636
2021-04-23,Combined Maximum Sharpe,0.007273029803328596
2021-04-26,Combined Maximum Sharpe,0.039228385449259454
2021-04-27,Combined Maximum Sharpe,0.023067317092666476
2021-04-28,Combined Maximum Sharpe,0.004141808482290111
2021-04-29,Combined Maximum Sharpe,-0.0006162170953217668
2021-04-30,Combined Maximum Sharpe,0.01950195506119794
2021-05-03,Combined Maximum Sharpe,0.012396796465006013
2021-05-04,Combined Maximum Sharpe,-0.011083142205363626
2021-05-05,Combined Maximum Sharpe,0.028327111330939438
2021-05-06,Combined Maximum Sharpe,0.008726619834085453
2021-05-07,Combined Maximum Sharpe,0.008469015233178069
2021-05-10,Combined Maximum Sharpe,-0.014486744133535533
2021-05-11,Combined Maximum Sharpe,-0.0005969851145538009
2021-05-12,Combined Maximum Sharpe,-0.0394609703605824
2021-05-13,Combined Maximum Sharpe,0.026008833964876306
2021-05-14,Combined Maximum Sharpe,0.008922625274284576
2021-05-17,Combined Maximum Sharpe,-0.012419955590641765
2021-05-18,Combined Maximum Sharpe,-0.007779726556740456
2021-05-19,Combined Maximum Sharpe,-0.042205816893482365
2021-05-20,Combined Maximum Sharpe,0.0332235381043111
2021-05-21,Combined Maximum Sharpe,-0.021586198881278322
2021-05-24,Combined Maximum Sharpe,0.035889967234091505
2021-05-25,Combined Maximum Sharpe,-0.005132025126881603
2021-05-26,Combined Maximum Sharpe,0.01570101239712673
2021-05-27,Combined Maximum Sharpe,-0.009092305403292308
2021-05-28,Combined Maximum Sharpe,-0.01107120363862548
2021-06-01,Combined Maximum Sharpe,0.0026527106680127952
2021-06-02,Combined Maximum Sharpe,-0.001097498265438751
2021-06-03,Combined Maximum Sharpe,0.00670122139934562
2021-06-04,Combined Maximum Sharpe,-0.0021854363516372816
2021-06-07,Combined Maximum Sharpe,-0.007417110974417376
2021-06-08,Combined Maximum Sharpe,-0.001509575326155427
2021-06-09,Combined Maximum Sharpe,-0.007116053713548809
2021-06-10,Combined Maximum Sharpe,-0.008342233475479638
2021-06-11,Combined Maximum Sharpe,-0.0033430906043256936
2021-06-14,Combined Maximum Sharpe,-0.0050565964965367015
2021-06-15,Combined Maximum Sharpe,-0.0032873751144711656
2021-06-16,Combined Maximum Sharpe,-0.015103432485821277
2021-06-17,Combined Maximum Sharpe,-0.012872409878443151
2021-06-18,Combined Maximum Sharpe,-0.011036772757799853
2021-06-21,Combined Maximum Sharpe,0.002350218742430193
2021-06-22,Combined Maximum Sharpe,-0.0016559381887973662
2021-06-23,Combined Maximum Sharpe,0.006301308141472574
2021-06-24,Combined Maximum Sharpe,0.015499907471507144
2021-06-25,Combined Maximum Sharpe,-0.007258372210565104
2021-06-28,Combined Maximum Sharpe,0.001113895675460056
2021-06-29,Combined Maximum Sharpe,0.018370537792205124
2021-06-30,Combined Maximum Sharpe,0.004504790335858964
2021-07-01,Combined Maximum Sharpe,-0.0015574081934173597
2021-07-02,Combined Maximum Sharpe,0.005262468208456748
2021-07-06,Combined Maximum Sharpe,-0.0006565450557080624
2021-07-07,Combined Maximum Sharpe,-0.00047074475080395735
2021-07-08,Combined Maximum Sharpe,-0.012810408678376189
2021-07-09,Combined Maximum Sharpe,0.018645302458322587
2021-07-12,Combined Maximum Sharpe,0.006481009439162722
2021-07-13,Combined Maximum Sharpe,-0.012629538045940521
2021-07-14,Combined Maximum Sharpe,-0.00041111615792400395
2021-07-15,Combined Maximum Sharpe,-0.005690633098521944
2021-07-16,Combined Maximum Sharpe,-0.014263864584372636
2021-07-19,Combined Maximum Sharpe,-0.015178318856085957
2021-07-20,Combined Maximum Sharpe,0.013928241956611022
2021-07-21,Combined Maximum Sharpe,0.012882971622292853
2021-07-22,Combined Maximum Sharpe,0.0022893560860353483
2021-07-23,Combined Maximum Sharpe,0.008504770331497737
2021-07-26,Combined Maximum Sharpe,0.003724972426655872
2021-07-27,Combined Maximum Sharpe,-0.004296143048820455
2021-07-28,Combined Maximum Sharpe,0.002960458653795269
2021-07-29,Combined Maximum Sharpe,0.007436418347616186
2021-07-30,Combined Maximum Sharpe,9.152660894035797e-06
2021-08-02,Combined Maximum Sharpe,-0.003171657979584384
2021-08-03,Combined Maximum Sharpe,0.005672362466957187
2021-08-04,Combined Maximum Sharpe,-0.002043784039158988
2021-08-05,Combined Maximum Sharpe,0.006938426928745634
2021-08-06,Combined Maximum Sharpe,0.0026972009332334734
2021-08-09,Combined Maximum Sharpe,0.010979304899086006
2021-08-10,Combined Maximum Sharpe,0.013349856305404879
2021-08-11,Combined Maximum Sharpe,0.0073105433792589455
2021-08-12,Combined Maximum Sharpe,0.006022989348070369
2021-08-13,Combined Maximum Sharpe,0.003575117570765264
2021-08-16,Combined Maximum Sharpe,-0.0010133622398788992
2021-08-17,Combined Maximum Sharpe,-0.01024904567277327
2021-08-18,Combined Maximum Sharpe,-0.0036540714138413636
2021-08-19,Combined Maximum Sharpe,-0.0010742650861652998
2021-08-20,Combined Maximum Sharpe,0.01094421418230767
2021-08-23,Combined Maximum Sharpe,0.007990695425397532
2021-08-24,Combined Maximum Sharpe,-0.0005650365376978338
2021-08-25,Combined Maximum Sharpe,0.0010065210005996612
2021-08-26,Combined Maximum Sharpe,-0.008381455552160714
2021-08-27,Combined Maximum Sharpe,0.013308747988835232
2021-08-30,Combined Maximum Sharpe,0.0007896663052260838
2021-08-31,Combined Maximum Sharpe,-0.00046584776617533794
2021-09-01,Combined Maximum Sharpe,0.007483918398830224
2021-09-02,Combined Maximum Sharpe,0.00429242166464904
2021-09-03,Combined Maximum Sharpe,-0.0025407913893560528
2021-09-07,Combined Maximum Sharpe,-0.01626945416268167
2021-09-08,Combined Maximum Sharpe,-0.0007798119436128442
2021-09-09,Combined Maximum Sharpe,-0.00680877114529886
2021-09-10,Combined Maximum Sharpe,-0.0051903737821856555
2021-09-13,Combined Maximum Sharpe,-0.005621230339326768
2021-09-14,Combined Maximum Sharpe,-0.009115490709070155
2021-09-15,Combined Maximum Sharpe,0.00864022036822408
2021-09-16,Combined Maximum Sharpe,-0.007691815212862177
2021-09-17,Combined Maximum Sharpe,-0.01888593739498773
2021-09-20,Combined Maximum Sharpe,-0.02109711351745812
2021-09-21,Combined Maximum Sharpe,-0.006220367290062079
2021-09-22,Combined Maximum Sharpe,0.013090982571476312
2021-09-23,Combined Maximum Sharpe,0.007143739262267343
2021-09-24,Combined Maximum Sharpe,-0.008284703303839581
2021-09-27,Combined Maximum Sharpe,-0.005224163432429862
2021-09-28,Combined Maximum Sharpe,-0.007618383727767438
2021-09-29,Combined Maximum Sharpe,0.0014447421434944448
2021-09-30,Combined Maximum Sharpe,-0.011958696614898068
2021-10-01,Combined Maximum Sharpe,0.014614128449527766
2021-10-04,Combined Maximum Sharpe,-0.007561708167559899
2021-10-05,Combined Maximum Sharpe,0.006798578757398664
2021-10-06,Combined Maximum Sharpe,0.008543742110812706
2021-10-07,Combined Maximum Sharpe,0.004524816352824554
2021-10-08,Combined Maximum Sharpe,-0.001310104185048431
2021-10-11,Combined Maximum Sharpe,-0.002926761553400573
2021-10-12,Combined Maximum Sharpe,0.011035524059477574
2021-10-13,Combined Maximum Sharpe,0.011382159481838516
2021-10-14,Combined Maximum Sharpe,0.0198461957996093
2021-10-15,Combined Maximum Sharpe,-0.0021634360881776114
2021-10-18,Combined Maximum Sharpe,0.006020589938995473
2021-10-19,Combined Maximum Sharpe,0.0005207746793349194
2021-10-20,Combined Maximum Sharpe,0.003993021445633538
2021-10-21,Combined Maximum Sharpe,-0.003998430777030271
2021-10-22,Combined Maximum Sharpe,0.011256809579822225
2021-10-25,Combined Maximum Sharpe,0.010183610502208
2021-10-26,Combined Maximum Sharpe,0.008259004191103562
2021-10-27,Combined Maximum Sharpe,-0.023484875817070303
2021-10-28,Combined Maximum Sharpe,0.023359987773636855
2021-10-29,Combined Maximum Sharpe,0.0040275397541452915
2021-11-01,Combined Maximum Sharpe,0.004715167057278201
2021-11-02,Combined Maximum Sharpe,0.01120234058675316
2021-11-03,Combined Maximum Sharpe,-0.0035012201607187024
2021-11-04,Combined Maximum Sharpe,0.00234383866905993
2021-11-05,Combined Maximum Sharpe,-0.01647812111784781
2021-11-08,Combined Maximum Sharpe,0.010668989994878598
2021-11-09,Combined Maximum Sharpe,-0.00020537787891950583
2021-11-10,Combined Maximum Sharpe,-0.007230744337891267
2021-11-11,Combined Maximum Sharpe,0.006818758269345752
2021-11-12,Combined Maximum Sharpe,0.00232387783581764
2021-11-15,Combined Maximum Sharpe,0.002140597794446221
2021-11-16,Combined Maximum Sharpe,-0.007061180575264442
2021-11-17,Combined Maximum Sharpe,-0.005034495805297369
2021-11-18,Combined Maximum Sharpe,0.006329693457540671
2021-11-19,Combined Maximum Sharpe,-0.007911390208433114
2021-11-22,Combined Maximum Sharpe,0.0010585507604743468
2021-11-23,Combined Maximum Sharpe,0.011964082189691196
2021-11-24,Combined Maximum Sharpe,0.0045784754975829725
2021-11-26,Combined Maximum Sharpe,-0.030846393430867543
2021-11-29,Combined Maximum Sharpe,0.013491028175874355
2021-11-30,Combined Maximum Sharpe,-0.016447769255083573
2021-12-01,Combined Maximum Sharpe,-0.010333334211518283
2021-12-02,Combined Maximum Sharpe,0.028012941542615327
2021-12-03,Combined Maximum Sharpe,-0.010610737088338242
2021-12-06,Combined Maximum Sharpe,0.007747951566932325
2021-12-07,Combined Maximum Sharpe,0.020554773430863888
2021-12-08,Combined Maximum Sharpe,-0.0012477132837202705
2021-12-09,Combined Maximum Sharpe,-0.009632817987393547
2021-12-10,Combined Maximum Sharpe,0.004243267356318241
2021-12-13,Combined Maximum Sharpe,-0.0086014572217608
2021-12-14,Combined Maximum Sharpe,0.0022637949550393718
2021-12-15,Combined Maximum Sharpe,0.02181619067983162
2021-12-16,Combined Maximum Sharpe,-0.0010721118466889674
2021-12-17,Combined Maximum Sharpe,-0.014717211358538167
2021-12-20,Combined Maximum Sharpe,-0.0032360510218829167
2021-12-21,Combined Maximum Sharpe,0.009094048750708376
2021-12-22,Combined Maximum Sharpe,0.009571050583272903
2021-12-23,Combined Maximum Sharpe,0.0022551313534628892
2021-12-27,Combined Maximum Sharpe,0.019908983416922328
2021-12-28,Combined Maximum Sharpe,-0.004202232484938947
2021-12-29,Combined Maximum Sharpe,0.00014300038267577367
2021-12-30,Combined Maximum Sharpe,-0.003410652382187312
2021-12-31,Combined Maximum Sharpe,-0.0009437456315820867
2022-01-03,Combined Maximum Sharpe,-0.009368146849742687
2022-01-04,Combined Maximum Sharpe,0.0008390254914869999
2022-01-05,Combined Maximum Sharpe,-0.008972181848405732
2022-01-06,Combined Maximum Sharpe,0.0032023837777657004
2022-01-07,Combined Maximum Sharpe,-0.01552583025696313
2022-01-10,Combined Maximum Sharpe,0.00308465632583759
2022-01-11,Combined Maximum Sharpe,0.008415120988269484
2022-01-12,Combined Maximum Sharpe,0.010366159559968897
2022-01-13,Combined Maximum Sharpe,-0.013789013797108238
2022-01-14,Combined Maximum Sharpe,0.0002486296568086953
2022-01-18,Combined Maximum Sharpe,-0.012158558786133353
2022-01-19,Combined Maximum Sharpe,-0.012548460371217193
2022-01-20,Combined Maximum Sharpe,-0.017909457544148945
2022-01-21,Combined Maximum Sharpe,-0.012578097285300047
2022-01-24,Combined Maximum Sharpe,-0.0015310217472293503
2022-01-25,Combined Maximum Sharpe,-0.0002887932952512363
2022-01-26,Combined Maximum Sharpe,-0.0089810040205353
2022-01-27,Combined Maximum Sharpe,-0.0022367594693098788
2022-01-28,Combined Maximum Sharpe,0.0325155678404713
2022-01-31,Combined Maximum Sharpe,0.006970164751808519
2022-02-01,Combined Maximum Sharpe,0.007115305150991595
2022-02-02,Combined Maximum Sharpe,0.026406309530212828
2022-02-03,Combined Maximum Sharpe,-0.00658912058285317
2022-02-04,Combined Maximum Sharpe,-0.0020723748106455534
2022-02-07,Combined Maximum Sharpe,0.005845124608801709
2022-02-08,Combined Maximum Sharpe,0.0020512654249386438
2022-02-09,Combined Maximum Sharpe,0.01994508974276238
2022-02-10,Combined Maximum Sharpe,-0.01832467724736789
2022-02-11,Combined Maximum Sharpe,-0.0059255640708805474
2022-02-14,Combined Maximum Sharpe,-0.007610779282119442
2022-02-15,Combined Maximum Sharpe,0.0023254316069071333
2022-02-16,Combined Maximum Sharpe,0.0011413499515387092
2022-02-17,Combined Maximum Sharpe,-0.015081823688764122
2022-02-18,Combined Maximum Sharpe,-0.00876874994133537
2022-02-22,Combined Maximum Sharpe,-0.005625019580135463
2022-02-23,Combined Maximum Sharpe,0.009211256326902369
2022-02-24,Combined Maximum Sharpe,0.0006949278243347096
2022-02-25,Combined Maximum Sharpe,0.03537848691829426
2022-02-28,Combined Maximum Sharpe,-0.00257869922226738
2022-03-01,Combined Maximum Sharpe,0.006077016631572671
2022-03-02,Combined Maximum Sharpe,0.01816723787373694
2022-03-03,Combined Maximum Sharpe,0.008888810404323981
2022-03-04,Combined Maximum Sharpe,0.008495709140694242
2022-03-07,Combined Maximum Sharpe,-0.009467691895061614
2022-03-08,Combined Maximum Sharpe,-0.022036903982312138
2022-03-09,Combined Maximum Sharpe,0.008261801646280303
2022-03-10,Combined Maximum Sharpe,0.006746623830555262
2022-03-11,Combined Maximum Sharpe,-0.006716525118935065
2022-03-14,Combined Maximum Sharpe,-0.00963634212099926
2022-03-15,Combined Maximum Sharpe,0.006089113693919457
2022-03-16,Combined Maximum Sharpe,0.006547943012092978
2022-03-17,Combined Maximum Sharpe,0.019690984163489005
2022-03-18,Combined Maximum Sharpe,0.006748433597019012
2022-03-21,Combined Maximum Sharpe,0.014214868618390651
2022-03-22,Combined Maximum Sharpe,0.006495412061303246
2022-03-23,Combined Maximum Sharpe,0.0001856551644284566
2022-03-24,Combined Maximum Sharpe,0.019013886380892565
2022-03-25,Combined Maximum Sharpe,0.010950886477873545
2022-03-28,Combined Maximum Sharpe,0.0016411586176279898
2022-03-29,Combined Maximum Sharpe,0.010253974935163557
2022-03-30,Combined Maximum Sharpe,0.0011748996176688259
2022-03-31,Combined Maximum Sharpe,-0.012049165856376148
2022-04-01,Combined Maximum Sharpe,0.009359214030586677
2022-04-04,Combined Maximum Sharpe,-0.0030990822816906157
2022-04-05,Combined Maximum Sharpe,-0.003451357963234385
2022-04-06,Combined Maximum Sharpe,0.015068622394342663
2022-04-07,Combined Maximum Sharpe,0.015591364179375419
2022-04-08,Combined Maximum Sharpe,0.004167436515681082
2022-04-11,Combined Maximum Sharpe,-0.026836542085644316
2022-04-12,Combined Maximum Sharpe,0.004462183685771267
2022-04-13,Combined Maximum Sharpe,-0.00742465097677411
2022-04-14,Combined Maximum Sharpe,0.006669582286949558
2022-04-18,Combined Maximum Sharpe,0.001669326086553631
2022-04-19,Combined Maximum Sharpe,-0.004305271474651677
2022-04-20,Combined Maximum Sharpe,0.00475326444332405
2022-04-21,Combined Maximum Sharpe,-0.017054016788575023
2022-04-22,Combined Maximum Sharpe,-0.025767475805307978
2022-04-25,Combined Maximum Sharpe,-0.006996162421531875
2022-04-26,Combined Maximum Sharpe,-0.01100872885711645
2022-04-27,Combined Maximum Sharpe,0.0018349219630499824
2022-04-28,Combined Maximum Sharpe,0.017656558716723957
2022-04-29,Combined Maximum Sharpe,-0.05392506485422589
2022-05-02,Combined Maximum Sharpe,-0.013153652152794574
2022-05-03,Combined Maximum Sharpe,0.008361275413753068
2022-05-04,Combined Maximum Sharpe,0.01749837938434568
2022-05-05,Combined Maximum Sharpe,-0.023736016831607955
2022-05-06,Combined Maximum Sharpe,-0.0007466709120342186
2022-05-09,Combined Maximum Sharpe,-0.05250475197533061
2022-05-10,Combined Maximum Sharpe,-0.008558063995471925
2022-05-11,Combined Maximum Sharpe,-0.0012701496979846717
2022-05-12,Combined Maximum Sharpe,0.005847886967023089
2022-05-13,Combined Maximum Sharpe,0.016155485878534392
2022-05-16,Combined Maximum Sharpe,0.004209783400704848
2022-05-17,Combined Maximum Sharpe,0.007684471489053678
2022-05-18,Combined Maximum Sharpe,-0.03165827606518963
2022-05-19,Combined Maximum Sharpe,0.0007909442858703478
2022-05-20,Combined Maximum Sharpe,0.002110445290269572
2022-05-23,Combined Maximum Sharpe,0.015307062930366561
2022-05-24,Combined Maximum Sharpe,0.003015379119416106
2022-05-25,Combined Maximum Sharpe,0.0107089460280038
2022-05-26,Combined Maximum Sharpe,0.00934678106148521
2022-05-27,Combined Maximum Sharpe,0.019138372237377223
2022-05-31,Combined Maximum Sharpe,-0.015377067138889387
2022-06-01,Combined Maximum Sharpe,0.0003543418196963529
2022-06-02,Combined Maximum Sharpe,0.001777377737259406
2022-06-03,Combined Maximum Sharpe,0.00216512739987038
2022-06-06,Combined Maximum Sharpe,-0.0029666221288346052
2022-06-07,Combined Maximum Sharpe,0.013298335995009914
2022-06-08,Combined Maximum Sharpe,-0.007523480880917537
2022-06-09,Combined Maximum Sharpe,-0.024797257138781018
2022-06-10,Combined Maximum Sharpe,-0.012714757034994296
2022-06-13,Combined Maximum Sharpe,-0.04168504968008168
2022-06-14,Combined Maximum Sharpe,-0.007628502082056089
2022-06-15,Combined Maximum Sharpe,-0.004827975903857314
2022-06-16,Combined Maximum Sharpe,-0.02076360451309714
2022-06-17,Combined Maximum Sharpe,-0.019675979193854675
2022-06-21,Combined Maximum Sharpe,0.03572018982228903
2022-06-22,Combined Maximum Sharpe,-0.0034393908351875785
2022-06-23,Combined Maximum Sharpe,0.0034288051492343307
2022-06-24,Combined Maximum Sharpe,0.01806613042253568
2022-06-27,Combined Maximum Sharpe,0.012028850070522219
2022-06-28,Combined Maximum Sharpe,0.001452151914361486
2022-06-29,Combined Maximum Sharpe,-0.005962138682206915
2022-06-30,Combined Maximum Sharpe,-0.006383084660293574
2022-07-01,Combined Maximum Sharpe,0.013626528852900298
2022-07-05,Combined Maximum Sharpe,-0.012958615840814418
2022-07-06,Combined Maximum Sharpe,-0.0034277717502483674
2022-07-07,Combined Maximum Sharpe,0.004024540110546814
2022-07-08,Combined Maximum Sharpe,0.000361062204333092
2022-07-11,Combined Maximum Sharpe,0.0002695525757622503
2022-07-12,Combined Maximum Sharpe,-0.008235845324088735
2022-07-13,Combined Maximum Sharpe,-0.0030965638084346865
2022-07-14,Combined Maximum Sharpe,-0.0021523763620253334
2022-07-15,Combined Maximum Sharpe,0.0162918658528793
2022-07-18,Combined Maximum Sharpe,-0.011761332160474243
2022-07-19,Combined Maximum Sharpe,0.01065981922747131
2022-07-20,Combined Maximum Sharpe,-0.007910105451963492
2022-07-21,Combined Maximum Sharpe,-0.0036020719912809723
2022-07-22,Combined Maximum Sharpe,0.0032890013481285977
2022-07-25,Combined Maximum Sharpe,0.0179702318821055
2022-07-26,Combined Maximum Sharpe,0.0007314223698598405
2022-07-27,Combined Maximum Sharpe,0.002701420338910976
2022-07-28,Combined Maximum Sharpe,0.004579543288168747
2022-07-29,Combined Maximum Sharpe,-0.0008042655880143041
2022-08-01,Combined Maximum Sharpe,-0.012529405500166207
2022-08-02,Combined Maximum Sharpe,-0.005945330819304177
2022-08-03,Combined Maximum Sharpe,-0.008891266885261557
2022-08-04,Combined Maximum Sharpe,-0.01653335600938798
2022-08-05,Combined Maximum Sharpe,0.004540404621983045
2022-08-08,Combined Maximum Sharpe,0.006989370224379951
2022-08-09,Combined Maximum Sharpe,0.014345155812908312
2022-08-10,Combined Maximum Sharpe,0.0033498633940523986
2022-08-11,Combined Maximum Sharpe,0.012990153570291697
2022-08-12,Combined Maximum Sharpe,0.0063177141698326795
2022-08-15,Combined Maximum Sharpe,-0.007514765552268486
2022-08-16,Combined Maximum Sharpe,0.0005625435739365879
2022-08-17,Combined Maximum Sharpe,-0.0009226158496449047
2022-08-18,Combined Maximum Sharpe,0.01085435039488827
2022-08-19,Combined Maximum Sharpe,0.01713085638234419
2022-08-22,Combined Maximum Sharpe,-0.013893238598888743
2022-08-23,Combined Maximum Sharpe,0.014602210767393282
2022-08-24,Combined Maximum Sharpe,0.002472898894943822
2022-08-25,Combined Maximum Sharpe,0.005459897314598908
2022-08-26,Combined Maximum Sharpe,-0.013502522717253603
2022-08-29,Combined Maximum Sharpe,0.0049596882814458496
2022-08-30,Combined Maximum Sharpe,-0.018017811200555064
2022-08-31,Combined Maximum Sharpe,-0.010996524575711202
2022-09-01,Combined Maximum Sharpe,-0.0008322804725344954
2022-09-02,Combined Maximum Sharpe,-0.0003166526965929098
2022-09-06,Combined Maximum Sharpe,-0.007827570655056463
2022-09-07,Combined Maximum Sharpe,0.0017660855410638662
2022-09-08,Combined Maximum Sharpe,-0.0007153535279241844
2022-09-09,Combined Maximum Sharpe,0.012108585809007307
2022-09-12,Combined Maximum Sharpe,0.00925530106271285
2022-09-13,Combined Maximum Sharpe,-0.023821101360324233
2022-09-14,Combined Maximum Sharpe,0.02091233240458624
2022-09-15,Combined Maximum Sharpe,-0.019864168278388123
2022-09-16,Combined Maximum Sharpe,-0.0061809491608666636
2022-09-19,Combined Maximum Sharpe,0.004340947327439381
2022-09-20,Combined Maximum Sharpe,-0.00899152859775515
2022-09-21,Combined Maximum Sharpe,-0.01537836219664072
2022-09-22,Combined Maximum Sharpe,-0.0010864981410316809
2022-09-23,Combined Maximum Sharpe,-0.033704645255485347
2022-09-26,Combined Maximum Sharpe,-0.018526794464655896
2022-09-27,Combined Maximum Sharpe,-0.002999551644815417
2022-09-28,Combined Maximum Sharpe,0.028801903940272593
2022-09-29,Combined Maximum Sharpe,-0.014429186120883404
2022-09-30,Combined Maximum Sharpe,-0.017799616952044624
2022-10-03,Combined Maximum Sharpe,0.037059954193358835
2022-10-04,Combined Maximum Sharpe,0.029126082478617643
2022-10-05,Combined Maximum Sharpe,0.012096350024172267
2022-10-06,Combined Maximum Sharpe,0.0001097542183040711
2022-10-07,Combined Maximum Sharpe,-0.009860545961531192
2022-10-10,Combined Maximum Sharpe,-0.016444970448307325
2022-10-11,Combined Maximum Sharpe,0.007125477821903837
2022-10-12,Combined Maximum Sharpe,-0.0023415905076450737
2022-10-13,Combined Maximum Sharpe,0.03660143183914173
2022-10-14,Combined Maximum Sharpe,-0.010025346396286865
2022-10-17,Combined Maximum Sharpe,0.010522646463970995
2022-10-18,Combined Maximum Sharpe,0.003913996453937288
2022-10-19,Combined Maximum Sharpe,0.0018485697627305142
2022-10-20,Combined Maximum Sharpe,0.0009788108873009544
2022-10-21,Combined Maximum Sharpe,0.02910088180454482
2022-10-24,Combined Maximum Sharpe,0.013748871442416837
2022-10-25,Combined Maximum Sharpe,-0.0012736545525596278
2022-10-26,Combined Maximum Sharpe,0.01656310971419852
2022-10-27,Combined Maximum Sharpe,0.0029659920799639224
2022-10-28,Combined Maximum Sharpe,-0.017052337572458966
2022-10-31,Combined Maximum Sharpe,-0.001264679544841039
2022-11-01,Combined Maximum Sharpe,0.007929910959092203
2022-11-02,Combined Maximum Sharpe,-0.017639139176936956
2022-11-03,Combined Maximum Sharpe,0.0015556093772685561
2022-11-04,Combined Maximum Sharpe,0.010922450482779449
2022-11-07,Combined Maximum Sharpe,0.02275764190706918
2022-11-08,Combined Maximum Sharpe,0.02165182168974423
2022-11-09,Combined Maximum Sharpe,-0.026096820565719242
2022-11-10,Combined Maximum Sharpe,0.012721308540999097
2022-11-11,Combined Maximum Sharpe,0.0057039120269159835
2022-11-14,Combined Maximum Sharpe,0.0020341285126978656
2022-11-15,Combined Maximum Sharpe,0.0027703276163568583
2022-11-16,Combined Maximum Sharpe,-0.0051981617665860045
2022-11-17,Combined Maximum Sharpe,0.005586669347909806
2022-11-18,Combined Maximum Sharpe,0.0008314853923677263
2022-11-21,Combined Maximum Sharpe,-0.0009486672469804897
2022-11-22,Combined Maximum Sharpe,0.014504716608365394
2022-11-23,Combined Maximum Sharpe,-0.009282214424025808
2022-11-25,Combined Maximum Sharpe,-0.0008598562616563192
2022-11-28,Combined Maximum Sharpe,-0.014632117515202738
2022-11-29,Combined Maximum Sharpe,0.0027450734937053056
2022-11-30,Combined Maximum Sharpe,0.013657383409758854
2022-12-01,Combined Maximum Sharpe,-0.002984065009303945
2022-12-02,Combined Maximum Sharpe,-0.0008442333696567102
2022-12-05,Combined Maximum Sharpe,-0.007794782039922653
2022-12-06,Combined Maximum Sharpe,-0.013163435685863475
2022-12-07,Combined Maximum Sharpe,0.006411147085600198
2022-12-08,Combined Maximum Sharpe,0.0028585437127902976
2022-12-09,Combined Maximum Sharpe,-0.01801523321817839
2022-12-12,Combined Maximum Sharpe,0.005971210406230441
2022-12-13,Combined Maximum Sharpe,0.004165384131688697
2022-12-14,Combined Maximum Sharpe,0.0020070144107251866
2022-12-15,Combined Maximum Sharpe,-0.015024380592699987
2022-12-16,Combined Maximum Sharpe,-0.0028723418850090006
2022-12-19,Combined Maximum Sharpe,-6.88472409705041e-06
2022-12-20,Combined Maximum Sharpe,0.0018401178004475317
2022-12-21,Combined Maximum Sharpe,0.011329617210134682
2022-12-22,Combined Maximum Sharpe,-0.006454969107064529
2022-12-23,Combined Maximum Sharpe,0.008221103165005891
2022-12-27,Combined Maximum Sharpe,0.003359138879729644
2022-12-28,Combined Maximum Sharpe,-0.011972519220478171
2022-12-29,Combined Maximum Sharpe,0.0026595994105666674
2022-12-30,Combined Maximum Sharpe,0.0023309675037664077
2023-01-03,Combined Maximum Sharpe,-0.010042885934790717
2023-01-04,Combined Maximum Sharpe,0.006518351825749376
2023-01-05,Combined Maximum Sharpe,0.016217940350570847
2023-01-06,Combined Maximum Sharpe,0.01272425450388061
2023-01-09,Combined Maximum Sharpe,-0.029545809669652576
2023-01-10,Combined Maximum Sharpe,0.00663324848493315
2023-01-11,Combined Maximum Sharpe,0.004163179393288082
2023-01-12,Combined Maximum Sharpe,0.010104888157348406
2023-01-13,Combined Maximum Sharpe,0.0021270245976287377
2023-01-17,Combined Maximum Sharpe,-0.011780628751503682
2023-01-18,Combined Maximum Sharpe,-0.015585143233980546
2023-01-19,Combined Maximum Sharpe,0.009528452148732375
2023-01-20,Combined Maximum Sharpe,0.006438744463427306
2023-01-23,Combined Maximum Sharpe,-0.0023916894045857813
2023-01-24,Combined Maximum Sharpe,-0.008481646110178593
2023-01-25,Combined Maximum Sharpe,-0.0010976236194212715
2023-01-26,Combined Maximum Sharpe,0.002888481773476813
2023-01-27,Combined Maximum Sharpe,-0.01424374535590011
2023-01-30,Combined Maximum Sharpe,-0.0033486051539253457
2023-01-31,Combined Maximum Sharpe,0.014225504538964344
2023-02-01,Combined Maximum Sharpe,0.0004288429226315237
2023-02-02,Combined Maximum Sharpe,-0.025827472300443
2023-02-03,Combined Maximum Sharpe,-0.002577451983831647
2023-02-06,Combined Maximum Sharpe,-0.0008126648783931554
2023-02-07,Combined Maximum Sharpe,0.014513106988114931
2023-02-08,Combined Maximum Sharpe,0.002403672326190495
2023-02-09,Combined Maximum Sharpe,-0.0025836999148117082
2023-02-10,Combined Maximum Sharpe,0.019359803680365884
2023-02-13,Combined Maximum Sharpe,0.008331028766746294
2023-02-14,Combined Maximum Sharpe,-0.0014972715124582847
2023-02-15,Combined Maximum Sharpe,-0.009837751255702935
2023-02-16,Combined Maximum Sharpe,-0.008007089349661657
2023-02-17,Combined Maximum Sharpe,0.008017371591390448
2023-02-21,Combined Maximum Sharpe,-0.008216759045893106
2023-02-22,Combined Maximum Sharpe,-0.003595905358133406
2023-02-23,Combined Maximum Sharpe,0.0059726251394826655
2023-02-24,Combined Maximum Sharpe,-0.0052214426426677295
2023-02-27,Combined Maximum Sharpe,-0.0015839980035037653
2023-02-28,Combined Maximum Sharpe,-0.015200350114078004
2023-03-01,Combined Maximum Sharpe,0.0028764110019015854
2023-03-02,Combined Maximum Sharpe,0.003902561838470545
2023-03-03,Combined Maximum Sharpe,0.005503538012813629
2023-03-06,Combined Maximum Sharpe,0.025161375986511133
2023-03-07,Combined Maximum Sharpe,-0.004947926892845202
2023-03-08,Combined Maximum Sharpe,-0.017270419326208486
2023-03-09,Combined Maximum Sharpe,-0.009522640646917326
2023-03-10,Combined Maximum Sharpe,-0.0018278569581167833
2023-03-13,Combined Maximum Sharpe,-0.01369615607206327
2023-03-14,Combined Maximum Sharpe,0.015122044830436488
2023-03-15,Combined Maximum Sharpe,-0.008104434109174757
2023-03-16,Combined Maximum Sharpe,-0.00012039392319439929
2023-03-17,Combined Maximum Sharpe,-0.02634717495911374
2023-03-20,Combined Maximum Sharpe,0.02000637252422148
2023-03-21,Combined Maximum Sharpe,0.005689520823323834
2023-03-22,Combined Maximum Sharpe,-0.01479336043768478
2023-03-23,Combined Maximum Sharpe,-0.0004997763356276849
2023-03-24,Combined Maximum Sharpe,0.006193352347772425
2023-03-27,Combined Maximum Sharpe,0.015771909930288278
2023-03-28,Combined Maximum Sharpe,-0.0011278279265497597
2023-03-29,Combined Maximum Sharpe,-8.691388108607399e-05
2023-03-30,Combined Maximum Sharpe,0.007297039568128985
2023-03-31,Combined Maximum Sharpe,0.006853144001389615
2023-04-03,Combined Maximum Sharpe,0.021044878437835573
2023-04-04,Combined Maximum Sharpe,-0.007965397034436817
2023-04-05,Combined Maximum Sharpe,0.020388396374111925
2023-04-06,Combined Maximum Sharpe,-0.0028664150191902134
2023-04-10,Combined Maximum Sharpe,-0.002522215298107232
2023-04-11,Combined Maximum Sharpe,0.0001087370272244224
2023-04-12,Combined Maximum Sharpe,0.0028002822063863497
2023-04-13,Combined Maximum Sharpe,0.012330324236979981
2023-04-14,Combined Maximum Sharpe,-0.0008916751036163166
2023-04-17,Combined Maximum Sharpe,0.0008357199207739187
2023-04-18,Combined Maximum Sharpe,0.004400942358197486
2023-04-19,Combined Maximum Sharpe,-0.0011238310550773817
2023-04-20,Combined Maximum Sharpe,0.0018986629004461987
2023-04-21,Combined Maximum Sharpe,0.012701420157328412
2023-04-24,Combined Maximum Sharpe,0.006029064918083793
2023-04-25,Combined Maximum Sharpe,-0.006122615363922943
2023-04-26,Combined Maximum Sharpe,-0.021695557572298175
2023-04-27,Combined Maximum Sharpe,0.008584136976134827
2023-04-28,Combined Maximum Sharpe,-0.002057813137068254
2023-05-01,Combined Maximum Sharpe,0.006459021259723766
2023-05-02,Combined Maximum Sharpe,0.0033343864899935006
2023-05-03,Combined Maximum Sharpe,-0.013288318350480997
2023-05-04,Combined Maximum Sharpe,-0.010275822963284042
2023-05-05,Combined Maximum Sharpe,0.009739023564119908
2023-05-08,Combined Maximum Sharpe,0.003504731700443035
2023-05-09,Combined Maximum Sharpe,-0.003964938020539306
2023-05-10,Combined Maximum Sharpe,-0.002816734558424053
2023-05-11,Combined Maximum Sharpe,-0.0031540619141415672
2023-05-12,Combined Maximum Sharpe,-0.003254790247937479
2023-05-15,Combined Maximum Sharpe,0.005771668472676472
2023-05-16,Combined Maximum Sharpe,-0.006715703447328783
2023-05-17,Combined Maximum Sharpe,0.0027816475550268963
2023-05-18,Combined Maximum Sharpe,1.2878968745322046e-05
2023-05-19,Combined Maximum Sharpe,0.005615064271130866
2023-05-22,Combined Maximum Sharpe,-0.007935867898699675
2023-05-23,Combined Maximum Sharpe,-0.014258607731381955
2023-05-24,Combined Maximum Sharpe,-0.0001479106935922772
2023-05-25,Combined Maximum Sharpe,-0.008351595660758394
2023-05-26,Combined Maximum Sharpe,-0.0031295834649092452
2023-05-30,Combined Maximum Sharpe,-0.011348023170589893
2023-05-31,Combined Maximum Sharpe,0.0025774720822643858
2023-06-01,Combined Maximum Sharpe,0.0166382832760843
2023-06-02,Combined Maximum Sharpe,0.013008823463193923
2023-06-05,Combined Maximum Sharpe,-0.009543014402541228
2023-06-06,Combined Maximum Sharpe,-0.0044649088440981005
2023-06-07,Combined Maximum Sharpe,-0.007106888940254772
2023-06-08,Combined Maximum Sharpe,0.011927752377917255
2023-06-09,Combined Maximum Sharpe,0.0050301800948381855
2023-06-12,Combined Maximum Sharpe,0.0005750539747079082
2023-06-13,Combined Maximum Sharpe,0.005274333145930258
2023-06-14,Combined Maximum Sharpe,-0.011342977945683473
2023-06-15,Combined Maximum Sharpe,0.004841112147170775
2023-06-16,Combined Maximum Sharpe,0.00192462560323363
2023-06-20,Combined Maximum Sharpe,-0.0032925504278149046
2023-06-21,Combined Maximum Sharpe,0.00613791727490257
2023-06-22,Combined Maximum Sharpe,0.005584111035187041
2023-06-23,Combined Maximum Sharpe,-0.0024155594429332676
2023-06-26,Combined Maximum Sharpe,-0.009295899584831556
2023-06-27,Combined Maximum Sharpe,0.007441000910820613
2023-06-28,Combined Maximum Sharpe,-0.0013258230022572075
2023-06-29,Combined Maximum Sharpe,0.007341786474236472
2023-06-30,Combined Maximum Sharpe,0.016957916718826217
2023-07-03,Combined Maximum Sharpe,-0.010309968172748103
2023-07-05,Combined Maximum Sharpe,-0.0009541949982750819
2023-07-06,Combined Maximum Sharpe,-0.011127923837070616
2023-07-07,Combined Maximum Sharpe,-0.004013100502132038
2023-07-10,Combined Maximum Sharpe,0.014650410287811512
2023-07-11,Combined Maximum Sharpe,-0.0005542047340417066
2023-07-12,Combined Maximum Sharpe,0.0014296630832141815
2023-07-13,Combined Maximum Sharpe,0.015086114399892622
2023-07-14,Combined Maximum Sharpe,-0.006401802249380449
2023-07-17,Combined Maximum Sharpe,-0.0013652548535877304
2023-07-18,Combined Maximum Sharpe,0.004445272848560538
2023-07-19,Combined Maximum Sharpe,-0.004452966492590331
2023-07-20,Combined Maximum Sharpe,0.010189131013849528
2023-07-21,Combined Maximum Sharpe,-0.000403552990752054
2023-07-24,Combined Maximum Sharpe,-0.007323223030272547
2023-07-25,Combined Maximum Sharpe,0.026837489594067662
2023-07-26,Combined Maximum Sharpe,-0.009583285207330582
2023-07-27,Combined Maximum Sharpe,-0.0014222858689263622
2023-07-28,Combined Maximum Sharpe,0.0005529015980464994
2023-07-31,Combined Maximum Sharpe,-0.0009581617683470614
2023-08-01,Combined Maximum Sharpe,-0.008394804148138655
2023-08-02,Combined Maximum Sharpe,-0.013443998704274714
2023-08-03,Combined Maximum Sharpe,0.0004291057835902623
2023-08-04,Combined Maximum Sharpe,0.0002987346893156711
2023-08-07,Combined Maximum Sharpe,0.014503812427381704
2023-08-08,Combined Maximum Sharpe,-0.003337327826298743
2023-08-09,Combined Maximum Sharpe,-0.010809261393302292
2023-08-10,Combined Maximum Sharpe,0.0013513328070088306
2023-08-11,Combined Maximum Sharpe,0.004343801539544138
2023-08-14,Combined Maximum Sharpe,0.016188878853116838
2023-08-15,Combined Maximum Sharpe,-0.010067617433599487
2023-08-16,Combined Maximum Sharpe,-0.008167204311979781
2023-08-17,Combined Maximum Sharpe,-0.022238306889268998
2023-08-18,Combined Maximum Sharpe,0.004279339457396425
2023-08-21,Combined Maximum Sharpe,0.009432133688150419
2023-08-22,Combined Maximum Sharpe,-0.011678325735007326
2023-08-23,Combined Maximum Sharpe,0.024756323764534745
2023-08-24,Combined Maximum Sharpe,-0.015918328703752455
2023-08-25,Combined Maximum Sharpe,0.003008967329374131
2023-08-28,Combined Maximum Sharpe,0.007022701383961395
2023-08-29,Combined Maximum Sharpe,0.021175107381251983
2023-08-30,Combined Maximum Sharpe,-0.00399266013368102
2023-08-31,Combined Maximum Sharpe,-0.00552595345980527
2023-09-01,Combined Maximum Sharpe,-0.003114918550949112
2023-09-05,Combined Maximum Sharpe,-0.012027358783663702
2023-09-06,Combined Maximum Sharpe,-0.00867821671143142
2023-09-07,Combined Maximum Sharpe,-0.0009485332621265889
2023-09-08,Combined Maximum Sharpe,0.0004967527395009502
2023-09-11,Combined Maximum Sharpe,0.0033235449744605256
2023-09-12,Combined Maximum Sharpe,0.005836477875190698
2023-09-13,Combined Maximum Sharpe,-0.005784678245553199
2023-09-14,Combined Maximum Sharpe,0.012775747235062352
2023-09-15,Combined Maximum Sharpe,-0.007419453582693721
2023-09-18,Combined Maximum Sharpe,0.006376652073734315
2023-09-19,Combined Maximum Sharpe,-0.003594809003140568
2023-09-20,Combined Maximum Sharpe,-0.009821171991982482
2023-09-21,Combined Maximum Sharpe,-0.015559078495293624
2023-09-22,Combined Maximum Sharpe,-0.00409123999927741
2023-09-25,Combined Maximum Sharpe,0.0043092823648962905
2023-09-26,Combined Maximum Sharpe,-0.008697725365194944
2023-09-27,Combined Maximum Sharpe,0.0032834060120874834
2023-09-28,Combined Maximum Sharpe,0.010940110789934935
2023-09-29,Combined Maximum Sharpe,-0.009556211898814976
2023-10-02,Combined Maximum Sharpe,-0.003597410509218031
2023-10-03,Combined Maximum Sharpe,-0.015477874402331069
2023-10-04,Combined Maximum Sharpe,0.007925291680047622
2023-10-05,Combined Maximum Sharpe,0.003028264231856658
2023-10-06,Combined Maximum Sharpe,0.017445396190149006
2023-10-09,Combined Maximum Sharpe,-0.00476303195373288
2023-10-10,Combined Maximum Sharpe,0.004367861735030373
2023-10-11,Combined Maximum Sharpe,0.015880744792223643
2023-10-12,Combined Maximum Sharpe,-0.007184155519234398
2023-10-13,Combined Maximum Sharpe,-0.011840020774325551
2023-10-16,Combined Maximum Sharpe,0.006969353533589469
2023-10-17,Combined Maximum Sharpe,-0.0051596113139609125
2023-10-18,Combined Maximum Sharpe,-0.020760738739525563
2023-10-19,Combined Maximum Sharpe,-0.007042620453694736
2023-10-20,Combined Maximum Sharpe,-0.0016090275390767534
2023-10-23,Combined Maximum Sharpe,0.012134938605677496
2023-10-24,Combined Maximum Sharpe,0.030808181986858422
2023-10-25,Combined Maximum Sharpe,-0.017378198862853286
2023-10-26,Combined Maximum Sharpe,-0.015624961414332015
2023-10-27,Combined Maximum Sharpe,-0.01915648855430283
2023-10-30,Combined Maximum Sharpe,0.018866487891242237
2023-10-31,Combined Maximum Sharpe,-0.010681340040261937
2023-11-01,Combined Maximum Sharpe,0.003551863867275549
2023-11-02,Combined Maximum Sharpe,0.005796389613782602
2023-11-03,Combined Maximum Sharpe,0.013853792320128133
2023-11-06,Combined Maximum Sharpe,0.020002912429624542
2023-11-07,Combined Maximum Sharpe,0.0014265775027699097
2023-11-08,Combined Maximum Sharpe,0.012237688090141863
2023-11-09,Combined Maximum Sharpe,-0.005548557498026991
2023-11-10,Combined Maximum Sharpe,0.016943311235455012
2023-11-13,Combined Maximum Sharpe,0.0036365485888619404
2023-11-14,Combined Maximum Sharpe,0.010423703896256542
2023-11-15,Combined Maximum Sharpe,-0.0042071945387858216
2023-11-16,Combined Maximum Sharpe,0.0042688771918670074
2023-11-17,Combined Maximum Sharpe,0.0008686817174004171
2023-11-20,Combined Maximum Sharpe,0.004709609373852269
2023-11-21,Combined Maximum Sharpe,-0.006838565867217751
2023-11-22,Combined Maximum Sharpe,-0.004783478956196408
2023-11-24,Combined Maximum Sharpe,-0.0012910250808223327
2023-11-27,Combined Maximum Sharpe,0.0008490224391959577
2023-11-28,Combined Maximum Sharpe,-0.006228358979507614
2023-11-29,Combined Maximum Sharpe,0.000541099182951809
2023-11-30,Combined Maximum Sharpe,0.0058776056050881785
2023-12-01,Combined Maximum Sharpe,0.005810474235639402
2023-12-04,Combined Maximum Sharpe,-0.0018953862205466254
2023-12-05,Combined Maximum Sharpe,0.003584684511092075
2023-12-06,Combined Maximum Sharpe,-0.007888452565193793
2023-12-07,Combined Maximum Sharpe,0.004084559206910919
2023-12-08,Combined Maximum Sharpe,0.011842446564537416
2023-12-11,Combined Maximum Sharpe,-0.011146408682013668
2023-12-12,Combined Maximum Sharpe,0.013025310122518466
2023-12-13,Combined Maximum Sharpe,0.004605703056524758
2023-12-14,Combined Maximum Sharpe,-0.0034220361869286486
2023-12-15,Combined Maximum Sharpe,0.004261294556068961
2023-12-18,Combined Maximum Sharpe,0.011420690576111274
2023-12-19,Combined Maximum Sharpe,0.0067942780790241014
2023-12-20,Combined Maximum Sharpe,-0.014275798517376762
2023-12-21,Combined Maximum Sharpe,0.019568527994954732
2023-12-22,Combined Maximum Sharpe,0.0006467989248735045
2023-12-26,Combined Maximum Sharpe,0.002818806454364636
2023-12-27,Combined Maximum Sharpe,0.012157678523623056
2023-12-28,Combined Maximum Sharpe,-0.0009197934838995845
2023-12-29,Combined Maximum Sharpe,-0.005153205212557403
2021-01-04,Combined Minimum Variance,0.003530252952758792
2021-01-05,Combined Minimum Variance,0.001055911289814708
2021-01-06,Combined Minimum Variance,0.006177796772236161
2021-01-07,Combined Minimum Variance,0.006513453510447105
2021-01-08,Combined Minimum Variance,-0.0025380048694623922
2021-01-11,Combined Minimum Variance,0.0005767688020359915
2021-01-12,Combined Minimum Variance,0.0010725598226872645
2021-01-13,Combined Minimum Variance,-0.001921798472772291
2021-01-14,Combined Minimum Variance,0.0037658737683582523
2021-01-15,Combined Minimum Variance,-0.004936787570690377
2021-01-19,Combined Minimum Variance,0.009400941804093227
2021-01-20,Combined Minimum Variance,0.01487862940858354
2021-01-21,Combined Minimum Variance,-0.009401942877024986
2021-01-22,Combined Minimum Variance,-0.000405968737572522
2021-01-25,Combined Minimum Variance,0.0033878409032138297
2021-01-26,Combined Minimum Variance,-0.0017779136344234132
2021-01-27,Combined Minimum Variance,-0.02167685407768583
2021-01-28,Combined Minimum Variance,0.0010467463406877925
2021-01-29,Combined Minimum Variance,-0.010437633016103776
2021-02-01,Combined Minimum Variance,0.00077248865898621
2021-02-02,Combined Minimum Variance,0.006387259307386601
2021-02-03,Combined Minimum Variance,-0.00237084128857334
2021-02-04,Combined Minimum Variance,0.0020989362781741244
2021-02-05,Combined Minimum Variance,0.014454557516133488
2021-02-08,Combined Minimum Variance,0.003083960431661383
2021-02-09,Combined Minimum Variance,-0.0008628020571710785
2021-02-10,Combined Minimum Variance,-0.007051904183466375
2021-02-11,Combined Minimum Variance,-0.004785043726426934
2021-02-12,Combined Minimum Variance,0.004245645056471608
2021-02-16,Combined Minimum Variance,-0.009000556912314857
2021-02-17,Combined Minimum Variance,0.006888900991416082
2021-02-18,Combined Minimum Variance,-0.011371735733614557
2021-02-19,Combined Minimum Variance,-0.007247199929557319
2021-02-22,Combined Minimum Variance,0.0016317893084134905
2021-02-23,Combined Minimum Variance,-0.0071173526308499005
2021-02-24,Combined Minimum Variance,-0.0009980729677118972
2021-02-25,Combined Minimum Variance,-0.008893485072855352
2021-02-26,Combined Minimum Variance,-0.01764277749155268
2021-03-01,Combined Minimum Variance,0.008984897742404602
2021-03-02,Combined Minimum Variance,0.004797291852927444
2021-03-03,Combined Minimum Variance,-0.013207532296678925
2021-03-04,Combined Minimum Variance,-0.0029777530308245366
2021-03-05,Combined Minimum Variance,0.015208938509915063
2021-03-08,Combined Minimum Variance,-0.005319304351190376
2021-03-09,Combined Minimum Variance,0.007281246847902004
2021-03-10,Combined Minimum Variance,0.0095190044600444
2021-03-11,Combined Minimum Variance,-0.0002333939690868615
2021-03-12,Combined Minimum Variance,0.005165846440066501
2021-03-15,Combined Minimum Variance,0.013440102810296213
2021-03-16,Combined Minimum Variance,0.005124039601624872
2021-03-17,Combined Minimum Variance,-0.01027052419514136
2021-03-18,Combined Minimum Variance,-0.007865822722791696
2021-03-19,Combined Minimum Variance,-0.002189019332195766
2021-03-22,Combined Minimum Variance,0.009847566252800234
2021-03-23,Combined Minimum Variance,0.0003885777139436535
2021-03-24,Combined Minimum Variance,-0.00660364904072077
2021-03-25,Combined Minimum Variance,0.0026595131436988042
2021-03-26,Combined Minimum Variance,0.017237848289274216
2021-03-29,Combined Minimum Variance,0.010911411633978832
2021-03-30,Combined Minimum Variance,-0.008975212988577735
2021-03-31,Combined Minimum Variance,0.0015629562606129974
2021-04-01,Combined Minimum Variance,0.0070984580557266344
2021-04-05,Combined Minimum Variance,0.012372909397358921
2021-04-06,Combined Minimum Variance,-0.0008444581079180475
2021-04-07,Combined Minimum Variance,-0.0021542706693078433
2021-04-08,Combined Minimum Variance,0.0012259041813069325
2021-04-09,Combined Minimum Variance,0.002976357517729733
2021-04-12,Combined Minimum Variance,0.00209100922969965
2021-04-13,Combined Minimum Variance,0.0037806589568092066
2021-04-14,Combined Minimum Variance,-0.0030764373731194824
2021-04-15,Combined Minimum Variance,0.009117217826161834
2021-04-16,Combined Minimum Variance,0.001609777975739905
2021-04-19,Combined Minimum Variance,-0.002100314050851742
2021-04-20,Combined Minimum Variance,0.00598720357441984
2021-04-21,Combined Minimum Variance,0.0039049614211799206
2021-04-22,Combined Minimum Variance,-0.0009172855056834898
2021-04-23,Combined Minimum Variance,0.002525577264094843
2021-04-26,Combined Minimum Variance,-0.004511762340163712
2021-04-27,Combined Minimum Variance,-0.004020231410678096
2021-04-28,Combined Minimum Variance,-0.0005642146326886211
2021-04-29,Combined Minimum Variance,0.008002287593338788
2021-04-30,Combined Minimum Variance,-4.494144887148832e-05
2021-05-03,Combined Minimum Variance,0.008370780999723257
2021-05-04,Combined Minimum Variance,-0.005786206768579551
2021-05-05,Combined Minimum Variance,0.004731239070785493
2021-05-06,Combined Minimum Variance,0.007334556810923866
2021-05-07,Combined Minimum Variance,0.0008385435340547621
2021-05-10,Combined Minimum Variance,0.004054933706787606
2021-05-11,Combined Minimum Variance,-0.007456386624405871
2021-05-12,Combined Minimum Variance,-0.01608703581065453
2021-05-13,Combined Minimum Variance,0.012484538768131478
2021-05-14,Combined Minimum Variance,0.0032963052795003983
2021-05-17,Combined Minimum Variance,-0.002447386350732239
2021-05-18,Combined Minimum Variance,-0.0036578289858951894
2021-05-19,Combined Minimum Variance,-0.0037786224036320173
2021-05-20,Combined Minimum Variance,0.012024090432524129
2021-05-21,Combined Minimum Variance,-0.0033899885274958717
2021-05-24,Combined Minimum Variance,0.0013210642527584295
2021-05-25,Combined Minimum Variance,-0.005200672145808297
2021-05-26,Combined Minimum Variance,0.0017233325605466895
2021-05-27,Combined Minimum Variance,-0.004977464714886725
2021-05-28,Combined Minimum Variance,0.00015892659220246425
2021-06-01,Combined Minimum Variance,-0.0041702425691259905
2021-06-02,Combined Minimum Variance,0.0012925388036659634
2021-06-03,Combined Minimum Variance,0.0040964892846546705
2021-06-04,Combined Minimum Variance,0.005813064570362686
2021-06-07,Combined Minimum Variance,-0.004097134377935065
2021-06-08,Combined Minimum Variance,-0.004997972046932819
2021-06-09,Combined Minimum Variance,0.004731792487718592
2021-06-10,Combined Minimum Variance,0.007882919519527064
2021-06-11,Combined Minimum Variance,0.001728966425466311
2021-06-14,Combined Minimum Variance,0.00038249064890221964
2021-06-15,Combined Minimum Variance,-0.004324009415593616
2021-06-16,Combined Minimum Variance,-0.01144632157326897
2021-06-17,Combined Minimum Variance,-0.00023867490248372938
2021-06-18,Combined Minimum Variance,-0.011045100802897712
2021-06-21,Combined Minimum Variance,0.009782856089787129
2021-06-22,Combined Minimum Variance,-0.0010924314925943013
2021-06-23,Combined Minimum Variance,-0.006997564265810326
2021-06-24,Combined Minimum Variance,0.005795011138055087
2021-06-25,Combined Minimum Variance,0.011168317353159183
2021-06-28,Combined Minimum Variance,0.0022598323812812837
2021-06-29,Combined Minimum Variance,-0.003005856355977539
2021-06-30,Combined Minimum Variance,0.007520726382295514
2021-07-01,Combined Minimum Variance,0.003346483045261632
2021-07-02,Combined Minimum Variance,0.005186982385760286
2021-07-06,Combined Minimum Variance,-0.0019747196511974113
2021-07-07,Combined Minimum Variance,0.0022317689751100043
2021-07-08,Combined Minimum Variance,-0.005121074208769641
2021-07-09,Combined Minimum Variance,0.007055224950471047
2021-07-12,Combined Minimum Variance,0.0020823430432237444
2021-07-13,Combined Minimum Variance,-0.002861804594959769
2021-07-14,Combined Minimum Variance,0.004161724909625046
2021-07-15,Combined Minimum Variance,0.0011784515671872723
2021-07-16,Combined Minimum Variance,-0.0016337849293566959
2021-07-19,Combined Minimum Variance,-0.013774686486889075
2021-07-20,Combined Minimum Variance,0.0052567814105789895
2021-07-21,Combined Minimum Variance,-0.0013946355258306464
2021-07-22,Combined Minimum Variance,-7.481637426953497e-05
2021-07-23,Combined Minimum Variance,0.010098048569274246
2021-07-26,Combined Minimum Variance,0.0009492127504110209
2021-07-27,Combined Minimum Variance,0.0011195109194598615
2021-07-28,Combined Minimum Variance,-0.0009319073720156007
2021-07-29,Combined Minimum Variance,-0.000352727542072826
2021-07-30,Combined Minimum Variance,-0.002544721985199036
2021-08-02,Combined Minimum Variance,-0.0012789817976519159
2021-08-03,Combined Minimum Variance,9.707505224642405e-05
2021-08-04,Combined Minimum Variance,-0.00788477423577402
2021-08-05,Combined Minimum Variance,0.0045702315251218185
2021-08-06,Combined Minimum Variance,-0.0011118128460062898
2021-08-09,Combined Minimum Variance,0.001255355514358747
2021-08-10,Combined Minimum Variance,0.004700398108555091
2021-08-11,Combined Minimum Variance,0.004766849648138307
2021-08-12,Combined Minimum Variance,0.0028757578184796873
2021-08-13,Combined Minimum Variance,0.004218058428903886
2021-08-16,Combined Minimum Variance,0.006517190583534143
2021-08-17,Combined Minimum Variance,0.002484492136653935
2021-08-18,Combined Minimum Variance,-0.01076062440000419
2021-08-19,Combined Minimum Variance,0.0014959820013491765
2021-08-20,Combined Minimum Variance,0.003896005863704537
2021-08-23,Combined Minimum Variance,-0.0011901911931477861
2021-08-24,Combined Minimum Variance,-0.005507985273363484
2021-08-25,Combined Minimum Variance,-0.0034035600069396033
2021-08-26,Combined Minimum Variance,-0.006603747324957142
2021-08-27,Combined Minimum Variance,0.002206513168792094
2021-08-30,Combined Minimum Variance,0.00363824985008973
2021-08-31,Combined Minimum Variance,0.004012063799088949
2021-09-01,Combined Minimum Variance,0.0010813359441754176
2021-09-02,Combined Minimum Variance,0.006625891180484286
2021-09-03,Combined Minimum Variance,-0.001191546502683796
2021-09-07,Combined Minimum Variance,-0.015200985918495662
2021-09-08,Combined Minimum Variance,0.005106999317058736
2021-09-09,Combined Minimum Variance,-0.01123510436810561
2021-09-10,Combined Minimum Variance,-0.007533600878480134
2021-09-13,Combined Minimum Variance,-0.0006499753134930526
2021-09-14,Combined Minimum Variance,-0.004762264825832599
2021-09-15,Combined Minimum Variance,0.0036875952535711104
2021-09-16,Combined Minimum Variance,-0.004711342881570044
2021-09-17,Combined Minimum Variance,-0.008295805201919807
2021-09-20,Combined Minimum Variance,-0.009630436938326027
2021-09-21,Combined Minimum Variance,-0.00431494263580324
2021-09-22,Combined Minimum Variance,0.0011767080914816912
2021-09-23,Combined Minimum Variance,0.0031558999511468407
2021-09-24,Combined Minimum Variance,-0.0033544977588121933
2021-09-27,Combined Minimum Variance,-0.003443862237114857
2021-09-28,Combined Minimum Variance,-0.005479917100460084
2021-09-29,Combined Minimum Variance,0.008974948014855953
2021-09-30,Combined Minimum Variance,-0.009116267748014934
2021-10-01,Combined Minimum Variance,0.013671963205103839
2021-10-04,Combined Minimum Variance,0.0021177531379022578
2021-10-05,Combined Minimum Variance,0.0011840992590344014
2021-10-06,Combined Minimum Variance,0.0030134518038248065
2021-10-07,Combined Minimum Variance,0.008575845084955222
2021-10-08,Combined Minimum Variance,-0.00508148431075259
2021-10-11,Combined Minimum Variance,-0.008613751068581714
2021-10-12,Combined Minimum Variance,-0.0007073963496628576
2021-10-13,Combined Minimum Variance,0.0006386214073017055
2021-10-14,Combined Minimum Variance,0.008957662689600628
2021-10-15,Combined Minimum Variance,-0.000768427129095293
2021-10-18,Combined Minimum Variance,-0.0016709545142890433
2021-10-19,Combined Minimum Variance,0.013644606206733818
2021-10-20,Combined Minimum Variance,0.010328323009553025
2021-10-21,Combined Minimum Variance,0.005562273569300658
2021-10-22,Combined Minimum Variance,0.0026161397746978653
2021-10-25,Combined Minimum Variance,0.004293942934984424
2021-10-26,Combined Minimum Variance,4.6996486718015604e-05
2021-10-27,Combined Minimum Variance,-0.010602698649975194
2021-10-28,Combined Minimum Variance,0.018093101649896217
2021-10-29,Combined Minimum Variance,-0.0013037555105142203
2021-11-01,Combined Minimum Variance,0.0054804089229510515
2021-11-02,Combined Minimum Variance,0.0047631399184946775
2021-11-03,Combined Minimum Variance,0.00022493003609905466
2021-11-04,Combined Minimum Variance,0.00045457079799404547
2021-11-05,Combined Minimum Variance,-0.011650634204993435
2021-11-08,Combined Minimum Variance,0.0017561903698893279
2021-11-09,Combined Minimum Variance,0.0005561108098150135
2021-11-10,Combined Minimum Variance,0.0007291992404792327
2021-11-11,Combined Minimum Variance,0.0023140351923957737
2021-11-12,Combined Minimum Variance,0.002400928028566157
2021-11-15,Combined Minimum Variance,-0.0023680881597526213
2021-11-16,Combined Minimum Variance,-0.004966757107768452
2021-11-17,Combined Minimum Variance,-0.002734936570246296
2021-11-18,Combined Minimum Variance,-0.00206690985238009
2021-11-19,Combined Minimum Variance,-0.007826138059277267
2021-11-22,Combined Minimum Variance,0.003747047530703077
2021-11-23,Combined Minimum Variance,0.006604961899971955
2021-11-24,Combined Minimum Variance,-0.0008192555741307162
2021-11-26,Combined Minimum Variance,-0.01467599258290724
2021-11-29,Combined Minimum Variance,-0.0003541074102238002
2021-11-30,Combined Minimum Variance,-0.021871798508599084
2021-12-01,Combined Minimum Variance,-0.011689960580288601
2021-12-02,Combined Minimum Variance,0.013977740418626844
2021-12-03,Combined Minimum Variance,0.009076816680260768
2021-12-06,Combined Minimum Variance,0.010595590385496581
2021-12-07,Combined Minimum Variance,0.003001308105419657
2021-12-08,Combined Minimum Variance,0.0006829661146697933
2021-12-09,Combined Minimum Variance,-0.0030568720924116642
2021-12-10,Combined Minimum Variance,0.007718254910102834
2021-12-13,Combined Minimum Variance,0.005243871391825476
2021-12-14,Combined Minimum Variance,-0.0003801840372765562
2021-12-15,Combined Minimum Variance,0.012837656308599177
2021-12-16,Combined Minimum Variance,0.010616091894713705
2021-12-17,Combined Minimum Variance,-0.01236991286973033
2021-12-20,Combined Minimum Variance,0.0018517269522162223
2021-12-21,Combined Minimum Variance,0.0038442131751072082
2021-12-22,Combined Minimum Variance,0.006376662490141551
2021-12-23,Combined Minimum Variance,0.0017603980233217588
2021-12-27,Combined Minimum Variance,0.010608629311717705
2021-12-28,Combined Minimum Variance,0.0044703873609602245
2021-12-29,Combined Minimum Variance,0.0010139872001837954
2021-12-30,Combined Minimum Variance,0.0006537007019298411
2021-12-31,Combined Minimum Variance,-0.001095839114840231
2022-01-03,Combined Minimum Variance,0.0025878500730865603
2022-01-04,Combined Minimum Variance,-0.0003103752225403463
2022-01-05,Combined Minimum Variance,-0.00210988602932507
2022-01-06,Combined Minimum Variance,-0.003985190284018992
2022-01-07,Combined Minimum Variance,0.004618582448258458
2022-01-10,Combined Minimum Variance,-0.0009591785385785033
2022-01-11,Combined Minimum Variance,0.0035784948493573924
2022-01-12,Combined Minimum Variance,0.001022128337230253
2022-01-13,Combined Minimum Variance,-0.001944142427141219
2022-01-14,Combined Minimum Variance,-0.0021824934324813235
2022-01-18,Combined Minimum Variance,-0.009424143039553006
2022-01-19,Combined Minimum Variance,-0.000494015265273979
2022-01-20,Combined Minimum Variance,-0.011059947822084458
2022-01-21,Combined Minimum Variance,-0.004413025513263063
2022-01-24,Combined Minimum Variance,-0.005035627219575339
2022-01-25,Combined Minimum Variance,-0.00517836876375268
2022-01-26,Combined Minimum Variance,-0.01607012747622553
2022-01-27,Combined Minimum Variance,0.00021294757551085642
2022-01-28,Combined Minimum Variance,0.016429021680031946
2022-01-31,Combined Minimum Variance,0.011042234988405293
2022-02-01,Combined Minimum Variance,-0.001896589148446363
2022-02-02,Combined Minimum Variance,0.011919576917229644
2022-02-03,Combined Minimum Variance,-0.005643268224724834
2022-02-04,Combined Minimum Variance,-0.0039178000192848245
2022-02-07,Combined Minimum Variance,-0.00029040975685816863
2022-02-08,Combined Minimum Variance,-0.0011506867544482191
2022-02-09,Combined Minimum Variance,0.00607559329117973
2022-02-10,Combined Minimum Variance,-0.016896299964978646
2022-02-11,Combined Minimum Variance,-0.0032917152712421058
2022-02-14,Combined Minimum Variance,-0.007533499572952487
2022-02-15,Combined Minimum Variance,0.0023943219814108086
2022-02-16,Combined Minimum Variance,-0.0016627614375139704
2022-02-17,Combined Minimum Variance,-0.006088236491080746
2022-02-18,Combined Minimum Variance,-0.005116516648113304
2022-02-22,Combined Minimum Variance,-0.0041716545534258
2022-02-23,Combined Minimum Variance,-0.0028786607500409286
2022-02-24,Combined Minimum Variance,-0.0007115263475842512
2022-02-25,Combined Minimum Variance,0.026268424510524142
2022-02-28,Combined Minimum Variance,-0.004686844602888512
2022-03-01,Combined Minimum Variance,-0.001767968268000996
2022-03-02,Combined Minimum Variance,0.011899931028636955
2022-03-03,Combined Minimum Variance,0.008236475001626789
2022-03-04,Combined Minimum Variance,0.007833177088446653
2022-03-07,Combined Minimum Variance,-0.009067009513251473
2022-03-08,Combined Minimum Variance,-0.014128839858171477
2022-03-09,Combined Minimum Variance,0.005114377148242953
2022-03-10,Combined Minimum Variance,0.0016658588019611924
2022-03-11,Combined Minimum Variance,-0.005425209066065937
2022-03-14,Combined Minimum Variance,-0.004792988048768968
2022-03-15,Combined Minimum Variance,0.008420729009132395
2022-03-16,Combined Minimum Variance,0.00553093276919004
2022-03-17,Combined Minimum Variance,0.011468136862936174
2022-03-18,Combined Minimum Variance,0.002610160003162795
2022-03-21,Combined Minimum Variance,0.002694476107291887
2022-03-22,Combined Minimum Variance,0.004431575303900835
2022-03-23,Combined Minimum Variance,-0.009044450323705131
2022-03-24,Combined Minimum Variance,0.006234807418137416
2022-03-25,Combined Minimum Variance,0.008296325125905665
2022-03-28,Combined Minimum Variance,0.005890302303786812
2022-03-29,Combined Minimum Variance,0.012797237431170628
2022-03-30,Combined Minimum Variance,0.0007711795210295372
2022-03-31,Combined Minimum Variance,-0.008713922334114985
2022-04-01,Combined Minimum Variance,0.008733847977905659
2022-04-04,Combined Minimum Variance,0.003021425783178139
2022-04-05,Combined Minimum Variance,-0.00462152137424386
2022-04-06,Combined Minimum Variance,0.011350778716928349
2022-04-07,Combined Minimum Variance,0.003456135165031543
2022-04-08,Combined Minimum Variance,0.006844623243671489
2022-04-11,Combined Minimum Variance,-0.01403836262132889
2022-04-12,Combined Minimum Variance,0.0023527877839310696
2022-04-13,Combined Minimum Variance,0.0059941659492442545
2022-04-14,Combined Minimum Variance,0.0012419361170530466
2022-04-18,Combined Minimum Variance,-0.0046855187031419
2022-04-19,Combined Minimum Variance,0.008627457913075853
2022-04-20,Combined Minimum Variance,0.0024504483245726253
2022-04-21,Combined Minimum Variance,-0.01017748464222374
2022-04-22,Combined Minimum Variance,-0.01564057309779216
2022-04-25,Combined Minimum Variance,-0.0011963778008529612
2022-04-26,Combined Minimum Variance,-0.015162861011686207
2022-04-27,Combined Minimum Variance,-0.002869400495439759
2022-04-28,Combined Minimum Variance,0.01471637615362515
2022-04-29,Combined Minimum Variance,-0.03168931920376894
2022-05-02,Combined Minimum Variance,0.00011540526460758743
2022-05-03,Combined Minimum Variance,0.0031265442468694582
2022-05-04,Combined Minimum Variance,0.024296929373157493
2022-05-05,Combined Minimum Variance,-0.01502317792767123
2022-05-06,Combined Minimum Variance,-0.006455096520860387
2022-05-09,Combined Minimum Variance,-0.013586957644520739
2022-05-10,Combined Minimum Variance,-0.00835492414164683
2022-05-11,Combined Minimum Variance,0.00692689623857232
2022-05-12,Combined Minimum Variance,0.006453890934901936
2022-05-13,Combined Minimum Variance,0.009746756121564537
2022-05-16,Combined Minimum Variance,0.005803017102834661
2022-05-17,Combined Minimum Variance,-0.0045385673117788634
2022-05-18,Combined Minimum Variance,-0.024805891716237025
2022-05-19,Combined Minimum Variance,-0.005280974650060167
2022-05-20,Combined Minimum Variance,0.0025620980743216604
2022-05-23,Combined Minimum Variance,0.016659729848017887
2022-05-24,Combined Minimum Variance,0.00990306421003205
2022-05-25,Combined Minimum Variance,0.005784370288821018
2022-05-26,Combined Minimum Variance,0.006044044199618493
2022-05-27,Combined Minimum Variance,0.010994266403525105
2022-05-31,Combined Minimum Variance,-0.00914383734554594
2022-06-01,Combined Minimum Variance,-0.005819733316295146
2022-06-02,Combined Minimum Variance,0.002885646266827362
2022-06-03,Combined Minimum Variance,-0.005294766680501414
2022-06-06,Combined Minimum Variance,-0.00412227494655653
2022-06-07,Combined Minimum Variance,0.007110891618805503
2022-06-08,Combined Minimum Variance,-0.00987769586235605
2022-06-09,Combined Minimum Variance,-0.022272061985251872
2022-06-10,Combined Minimum Variance,-0.009273291097689809
2022-06-13,Combined Minimum Variance,-0.03397141547367736
2022-06-14,Combined Minimum Variance,-0.014037245924842524
2022-06-15,Combined Minimum Variance,0.0033096164875072967
2022-06-16,Combined Minimum Variance,-0.00889944641399991
2022-06-17,Combined Minimum Variance,-0.0035776610342681384
2022-06-21,Combined Minimum Variance,0.02268850894045449
2022-06-22,Combined Minimum Variance,0.0028034738833393074
2022-06-23,Combined Minimum Variance,0.013274203316355402
2022-06-24,Combined Minimum Variance,0.01365627294108501
2022-06-27,Combined Minimum Variance,-0.0029316945999869003
2022-06-28,Combined Minimum Variance,-0.008869424363981577
2022-06-29,Combined Minimum Variance,0.0004815897489688651
2022-06-30,Combined Minimum Variance,-0.007621952550081715
2022-07-01,Combined Minimum Variance,0.015182708077477416
2022-07-05,Combined Minimum Variance,-0.0037746214997581742
2022-07-06,Combined Minimum Variance,0.0015966146432627175
2022-07-07,Combined Minimum Variance,0.0023191733949276478
2022-07-08,Combined Minimum Variance,-0.0024195834146255864
2022-07-11,Combined Minimum Variance,-0.0002310889956467614
2022-07-12,Combined Minimum Variance,-0.005584115109240374
2022-07-13,Combined Minimum Variance,-0.0016486443055764594
2022-07-14,Combined Minimum Variance,-0.004051481312028116
2022-07-15,Combined Minimum Variance,0.010602138092554822
2022-07-18,Combined Minimum Variance,-0.011834342080311446
2022-07-19,Combined Minimum Variance,0.013739963067164285
2022-07-20,Combined Minimum Variance,-0.005819800451713686
2022-07-21,Combined Minimum Variance,0.003774696421840592
2022-07-22,Combined Minimum Variance,0.00014481468132964152
2022-07-25,Combined Minimum Variance,-0.0028148080909488095
2022-07-26,Combined Minimum Variance,-0.005094101108352187
2022-07-27,Combined Minimum Variance,0.004368824478325884
2022-07-28,Combined Minimum Variance,0.00843767042703182
2022-07-29,Combined Minimum Variance,0.0034413749798060662
2022-08-01,Combined Minimum Variance,-0.004763258198570229
2022-08-02,Combined Minimum Variance,-0.00542436177626991
2022-08-03,Combined Minimum Variance,0.013595955783385268
2022-08-04,Combined Minimum Variance,-0.00671901739224837
2022-08-05,Combined Minimum Variance,-0.0045084559373426815
2022-08-08,Combined Minimum Variance,0.004311614486171262
2022-08-09,Combined Minimum Variance,0.0023562427387308262
2022-08-10,Combined Minimum Variance,0.011647070987746196
2022-08-11,Combined Minimum Variance,-0.0015594014104944164
2022-08-12,Combined Minimum Variance,0.014445622417635948
2022-08-15,Combined Minimum Variance,0.011806249119222855
2022-08-16,Combined Minimum Variance,0.012638053121803569
2022-08-17,Combined Minimum Variance,-0.00624069041228184
2022-08-18,Combined Minimum Variance,-0.0027450778729741472
2022-08-19,Combined Minimum Variance,-0.004650931362519586
2022-08-22,Combined Minimum Variance,-0.014133667309915735
2022-08-23,Combined Minimum Variance,-0.00476493515113647
2022-08-24,Combined Minimum Variance,0.00034160089462460417
2022-08-25,Combined Minimum Variance,0.006246099477660179
2022-08-26,Combined Minimum Variance,-0.01807787698727532
2022-08-29,Combined Minimum Variance,-0.003817221154640558
2022-08-30,Combined Minimum Variance,-0.008322387451047691
2022-08-31,Combined Minimum Variance,-0.0021730587212397774
2022-09-01,Combined Minimum Variance,0.01197409004262082
2022-09-02,Combined Minimum Variance,-0.009379122618526256
2022-09-06,Combined Minimum Variance,-0.002250099100711656
2022-09-07,Combined Minimum Variance,0.01642142677794258
2022-09-08,Combined Minimum Variance,0.002814078538921843
2022-09-09,Combined Minimum Variance,0.009137886730394795
2022-09-12,Combined Minimum Variance,0.00844407506262605
2022-09-13,Combined Minimum Variance,-0.03014126445608798
2022-09-14,Combined Minimum Variance,0.006069967687071021
2022-09-15,Combined Minimum Variance,-0.010337610165315245
2022-09-16,Combined Minimum Variance,0.0010268386483484769
2022-09-19,Combined Minimum Variance,0.0037382899125470506
2022-09-20,Combined Minimum Variance,-0.013601162443652599
2022-09-21,Combined Minimum Variance,-0.012879780032540039
2022-09-22,Combined Minimum Variance,0.0031501035981927996
2022-09-23,Combined Minimum Variance,-0.01663406647640785
2022-09-26,Combined Minimum Variance,-0.010211195521392779
2022-09-27,Combined Minimum Variance,-0.005594322407133885
2022-09-28,Combined Minimum Variance,0.02213114090374188
2022-09-29,Combined Minimum Variance,-0.016116952913599773
2022-09-30,Combined Minimum Variance,-0.01682702458864677
2022-10-03,Combined Minimum Variance,0.026071267339954983
2022-10-04,Combined Minimum Variance,0.02146668860405555
2022-10-05,Combined Minimum Variance,-0.003714857990896943
2022-10-06,Combined Minimum Variance,-0.007683280880420838
2022-10-07,Combined Minimum Variance,-0.014721047304787776
2022-10-10,Combined Minimum Variance,0.0013367894924987333
2022-10-11,Combined Minimum Variance,0.014977621536051068
2022-10-12,Combined Minimum Variance,-0.004409802731603015
2022-10-13,Combined Minimum Variance,0.019755602972724155
2022-10-14,Combined Minimum Variance,-0.011429138740003663
2022-10-17,Combined Minimum Variance,0.011574903174091173
2022-10-18,Combined Minimum Variance,0.010518334358916151
2022-10-19,Combined Minimum Variance,-0.007625130660211315
2022-10-20,Combined Minimum Variance,-0.002460485682096239
2022-10-21,Combined Minimum Variance,0.020760795687684856
2022-10-24,Combined Minimum Variance,0.01721377624833363
2022-10-25,Combined Minimum Variance,0.008407044279610516
2022-10-26,Combined Minimum Variance,0.012481895406016269
2022-10-27,Combined Minimum Variance,0.0010600434505296762
2022-10-28,Combined Minimum Variance,0.0223731279270661
2022-10-31,Combined Minimum Variance,-0.00740016288730863
2022-11-01,Combined Minimum Variance,-0.0011949965684300789
2022-11-02,Combined Minimum Variance,-0.011058785569990678
2022-11-03,Combined Minimum Variance,-0.004658075204159721
2022-11-04,Combined Minimum Variance,0.01435952128036164
2022-11-07,Combined Minimum Variance,0.013806015775815167
2022-11-08,Combined Minimum Variance,0.010178584597041844
2022-11-09,Combined Minimum Variance,-0.012820943557488255
2022-11-10,Combined Minimum Variance,0.022481183072512116
2022-11-11,Combined Minimum Variance,-0.004904428702192055
2022-11-14,Combined Minimum Variance,-0.0019667755391234833
2022-11-15,Combined Minimum Variance,0.007049379679495652
2022-11-16,Combined Minimum Variance,-0.0008559735376472038
2022-11-17,Combined Minimum Variance,0.004629184881393408
2022-11-18,Combined Minimum Variance,0.008467528127850354
2022-11-21,Combined Minimum Variance,0.003687325090199895
2022-11-22,Combined Minimum Variance,0.009314629713507707
2022-11-23,Combined Minimum Variance,-0.000999622486123674
2022-11-25,Combined Minimum Variance,0.0007449140325930348
2022-11-28,Combined Minimum Variance,-0.00973211366094955
2022-11-29,Combined Minimum Variance,0.0029950763195762454
2022-11-30,Combined Minimum Variance,0.01707807704832453
2022-12-01,Combined Minimum Variance,0.001120844317905086
2022-12-02,Combined Minimum Variance,0.002879694887081948
2022-12-05,Combined Minimum Variance,-0.008050810621253577
2022-12-06,Combined Minimum Variance,-0.011079289176516426
2022-12-07,Combined Minimum Variance,0.0032849025624135057
2022-12-08,Combined Minimum Variance,0.0041190160266120785
2022-12-09,Combined Minimum Variance,-0.016621881132644838
2022-12-12,Combined Minimum Variance,0.006326861660070503
2022-12-13,Combined Minimum Variance,0.003571390902247234
2022-12-14,Combined Minimum Variance,9.07149377094396e-05
2022-12-15,Combined Minimum Variance,-0.015733090565405623
2022-12-16,Combined Minimum Variance,-0.005550935941655906
2022-12-19,Combined Minimum Variance,-0.001259154855202774
2022-12-20,Combined Minimum Variance,0.0014587504517939488
2022-12-21,Combined Minimum Variance,0.011337881970536721
2022-12-22,Combined Minimum Variance,-0.004530598068510139
2022-12-23,Combined Minimum Variance,0.004453908473995431
2022-12-27,Combined Minimum Variance,0.0013936483524218841
2022-12-28,Combined Minimum Variance,-0.010209236852384179
2022-12-29,Combined Minimum Variance,0.006266619875275855
2022-12-30,Combined Minimum Variance,1.9769305428404566e-05
2023-01-03,Combined Minimum Variance,0.0006829759138608667
2023-01-04,Combined Minimum Variance,0.008845910845062975
2023-01-05,Combined Minimum Variance,0.0017807935416755776
2023-01-06,Combined Minimum Variance,0.014934441295543062
2023-01-09,Combined Minimum Variance,-0.016694306851122585
2023-01-10,Combined Minimum Variance,0.0020345980303531383
2023-01-11,Combined Minimum Variance,0.002776640254201771
2023-01-12,Combined Minimum Variance,-0.002471469366572701
2023-01-13,Combined Minimum Variance,0.002596914803569157
2023-01-17,Combined Minimum Variance,-0.0069009270665000705
2023-01-18,Combined Minimum Variance,-0.017350437850940113
2023-01-19,Combined Minimum Variance,-0.0013218871757438835
2023-01-20,Combined Minimum Variance,0.008760822820988157
2023-01-23,Combined Minimum Variance,0.0026221269087571197
2023-01-24,Combined Minimum Variance,-0.0028429126075228254
2023-01-25,Combined Minimum Variance,-0.0014816015449141556
2023-01-26,Combined Minimum Variance,-0.0003873967939091289
2023-01-27,Combined Minimum Variance,-0.005937645548792659
2023-01-30,Combined Minimum Variance,-0.003571111377356484
2023-01-31,Combined Minimum Variance,0.007655579144115786
2023-02-01,Combined Minimum Variance,-0.018675939409510317
2023-02-02,Combined Minimum Variance,-0.011510921428489631
2023-02-03,Combined Minimum Variance,-0.00935158505808483
2023-02-06,Combined Minimum Variance,-0.0015888412534235652
2023-02-07,Combined Minimum Variance,0.008360452208242095
2023-02-08,Combined Minimum Variance,-0.007126134533421169
2023-02-09,Combined Minimum Variance,-0.0016018249918641242
2023-02-10,Combined Minimum Variance,0.011903329357986034
2023-02-13,Combined Minimum Variance,0.00831927627680231
2023-02-14,Combined Minimum Variance,-0.006900532045696489
2023-02-15,Combined Minimum Variance,8.515843162428308e-05
2023-02-16,Combined Minimum Variance,-0.013034916670243618
2023-02-17,Combined Minimum Variance,0.013871734184427002
2023-02-21,Combined Minimum Variance,-0.004779124430239749
2023-02-22,Combined Minimum Variance,-0.004356407896283677
2023-02-23,Combined Minimum Variance,0.002445019909498199
2023-02-24,Combined Minimum Variance,-0.006961919364174653
2023-02-27,Combined Minimum Variance,0.000283667706247495
2023-02-28,Combined Minimum Variance,-0.010216256748584748
2023-03-01,Combined Minimum Variance,0.0005136673118518987
2023-03-02,Combined Minimum Variance,0.005542760185861735
2023-03-03,Combined Minimum Variance,0.0037917416576413237
2023-03-06,Combined Minimum Variance,0.009627278581550287
2023-03-07,Combined Minimum Variance,-0.010808805670106557
2023-03-08,Combined Minimum Variance,-0.0068654387866974205
2023-03-09,Combined Minimum Variance,-0.011449289603035429
2023-03-10,Combined Minimum Variance,-0.002989607211946986
2023-03-13,Combined Minimum Variance,0.005915845099770494
2023-03-14,Combined Minimum Variance,0.0070522838000684936
2023-03-15,Combined Minimum Variance,0.004052344307301069
2023-03-16,Combined Minimum Variance,0.0014599106735927682
2023-03-17,Combined Minimum Variance,-0.013525806862587135
2023-03-20,Combined Minimum Variance,0.013430655118423904
2023-03-21,Combined Minimum Variance,-0.001082187262883247
2023-03-22,Combined Minimum Variance,-0.014640593603628054
2023-03-23,Combined Minimum Variance,0.00543735541442728
2023-03-24,Combined Minimum Variance,0.016210827264481257
2023-03-27,Combined Minimum Variance,0.005572331930476224
2023-03-28,Combined Minimum Variance,-0.0009726675003638815
2023-03-29,Combined Minimum Variance,0.0064407221431426204
2023-03-30,Combined Minimum Variance,0.004709939923462873
2023-03-31,Combined Minimum Variance,0.00682491707256205
2023-04-03,Combined Minimum Variance,0.010807795809156182
2023-04-04,Combined Minimum Variance,0.005715728269851243
2023-04-05,Combined Minimum Variance,0.015356884380379597
2023-04-06,Combined Minimum Variance,0.00017326319630813327
2023-04-10,Combined Minimum Variance,-0.0013658695721062532
2023-04-11,Combined Minimum Variance,-0.0005528170894727191
2023-04-12,Combined Minimum Variance,0.0010786635994826056
2023-04-13,Combined Minimum Variance,0.009229020862365048
2023-04-14,Combined Minimum Variance,-0.004372538082579258
2023-04-17,Combined Minimum Variance,0.00021530166922479775
2023-04-18,Combined Minimum Variance,-0.0018125638714309835
2023-04-19,Combined Minimum Variance,-0.0006297612126915969
2023-04-20,Combined Minimum Variance,-0.0050325261427718974
2023-04-21,Combined Minimum Variance,0.005586701092238636
2023-04-24,Combined Minimum Variance,0.0018491078289066892
2023-04-25,Combined Minimum Variance,-0.00013515230369342212
2023-04-26,Combined Minimum Variance,-0.01963692426250899
2023-04-27,Combined Minimum Variance,0.005277343633474567
2023-04-28,Combined Minimum Variance,0.003633455341098894
2023-05-01,Combined Minimum Variance,0.0012064006149301327
2023-05-02,Combined Minimum Variance,-0.0070206595269863975
2023-05-03,Combined Minimum Variance,-0.009091976291789077
2023-05-04,Combined Minimum Variance,0.0006663998125837514
2023-05-05,Combined Minimum Variance,0.010971986528965551
2023-05-08,Combined Minimum Variance,-0.00023175867871060916
2023-05-09,Combined Minimum Variance,-0.004609631228733274
2023-05-10,Combined Minimum Variance,-0.0004408254144309322
2023-05-11,Combined Minimum Variance,-0.0017040225062470262
2023-05-12,Combined Minimum Variance,0.0013621300028854927
2023-05-15,Combined Minimum Variance,-0.0029562694659957273
2023-05-16,Combined Minimum Variance,-0.014844983268280987
2023-05-17,Combined Minimum Variance,-0.0014840351762780099
2023-05-18,Combined Minimum Variance,0.0006909665390162469
2023-05-19,Combined Minimum Variance,0.00032785265329002896
2023-05-22,Combined Minimum Variance,-0.005604463953632001
2023-05-23,Combined Minimum Variance,-0.0034800361312449326
2023-05-24,Combined Minimum Variance,-0.006636053190425407
2023-05-25,Combined Minimum Variance,-0.012629535700096034
2023-05-26,Combined Minimum Variance,-0.000843109850244525
2023-05-30,Combined Minimum Variance,-0.0035386432667287044
2023-05-31,Combined Minimum Variance,0.007107438440891364
2023-06-01,Combined Minimum Variance,-0.0012405552650056472
2023-06-02,Combined Minimum Variance,0.01188371304788273
2023-06-05,Combined Minimum Variance,0.0016838407425602212
2023-06-06,Combined Minimum Variance,-0.006222102668005209
2023-06-07,Combined Minimum Variance,0.0008476228428714806
2023-06-08,Combined Minimum Variance,0.006120894676372423
2023-06-09,Combined Minimum Variance,-1.6055494186225858e-05
2023-06-12,Combined Minimum Variance,-0.002423883035331231
2023-06-13,Combined Minimum Variance,0.006299907608093331
2023-06-14,Combined Minimum Variance,0.0020315107437092533
2023-06-15,Combined Minimum Variance,0.009320939928233657
2023-06-16,Combined Minimum Variance,0.0006677065789535556
2023-06-20,Combined Minimum Variance,-0.007791840329393031
2023-06-21,Combined Minimum Variance,-0.0016766706731488413
2023-06-22,Combined Minimum Variance,0.007977521229214895
2023-06-23,Combined Minimum Variance,-0.005117593349915545
2023-06-26,Combined Minimum Variance,0.0009468585153173943
2023-06-27,Combined Minimum Variance,0.0031415955620970664
2023-06-28,Combined Minimum Variance,-0.003808213707102566
2023-06-29,Combined Minimum Variance,-0.0006730898608240956
2023-06-30,Combined Minimum Variance,0.0064404786523310185
2023-07-03,Combined Minimum Variance,0.0038199752362947253
2023-07-05,Combined Minimum Variance,0.00187871346978163
2023-07-06,Combined Minimum Variance,-0.007967421819944313
2023-07-07,Combined Minimum Variance,-0.013055233071113517
2023-07-10,Combined Minimum Variance,0.0011783396194573375
2023-07-11,Combined Minimum Variance,0.008821034054442917
2023-07-12,Combined Minimum Variance,-0.0027214428609015863
2023-07-13,Combined Minimum Variance,0.0025416259873821904
2023-07-14,Combined Minimum Variance,0.002667154597272206
2023-07-17,Combined Minimum Variance,-0.004941044660730499
2023-07-18,Combined Minimum Variance,0.0008511699996023301
2023-07-19,Combined Minimum Variance,0.007282767525900899
2023-07-20,Combined Minimum Variance,0.015640676520505277
2023-07-21,Combined Minimum Variance,0.006149182886887745
2023-07-24,Combined Minimum Variance,0.00035477919735315286
2023-07-25,Combined Minimum Variance,-0.002628483942312074
2023-07-26,Combined Minimum Variance,0.003069869160779834
2023-07-27,Combined Minimum Variance,-0.006989544156163741
2023-07-28,Combined Minimum Variance,0.0034570925715490973
2023-07-31,Combined Minimum Variance,-0.004446358501039803
2023-08-01,Combined Minimum Variance,-0.0052211898461900896
2023-08-02,Combined Minimum Variance,-0.00939869239805083
2023-08-03,Combined Minimum Variance,-0.006823688556423067
2023-08-04,Combined Minimum Variance,-0.005398893810513463
2023-08-07,Combined Minimum Variance,0.011809890052297625
2023-08-08,Combined Minimum Variance,-0.0038892128744071382
2023-08-09,Combined Minimum Variance,0.0021446890165529343
2023-08-10,Combined Minimum Variance,-0.001882860061370604
2023-08-11,Combined Minimum Variance,0.005955720515312716
2023-08-14,Combined Minimum Variance,-0.00035889075368228753
2023-08-15,Combined Minimum Variance,-0.006603972306099518
2023-08-16,Combined Minimum Variance,-0.0032875051453626126
2023-08-17,Combined Minimum Variance,-0.006306637673212886
2023-08-18,Combined Minimum Variance,0.003624373099148862
2023-08-21,Combined Minimum Variance,-0.0032710974284650063
2023-08-22,Combined Minimum Variance,-0.005545179187433138
2023-08-23,Combined Minimum Variance,0.011755517889493604
2023-08-24,Combined Minimum Variance,-0.009796217305050009
2023-08-25,Combined Minimum Variance,0.0024304013751726672
2023-08-28,Combined Minimum Variance,0.0026887912674078435
2023-08-29,Combined Minimum Variance,0.00550204108576407
2023-08-30,Combined Minimum Variance,0.0012454657190548203
2023-08-31,Combined Minimum Variance,-0.004553775917691454
2023-09-01,Combined Minimum Variance,0.0004338001593423735
2023-09-05,Combined Minimum Variance,-0.009442946411068976
2023-09-06,Combined Minimum Variance,-0.002069484088476017
2023-09-07,Combined Minimum Variance,0.006403316792709651
2023-09-08,Combined Minimum Variance,0.00360998705951941
2023-09-11,Combined Minimum Variance,0.0028918549828737803
2023-09-12,Combined Minimum Variance,-0.00039941227339268705
2023-09-13,Combined Minimum Variance,0.00048826940147276773
2023-09-14,Combined Minimum Variance,0.008908350793071045
2023-09-15,Combined Minimum Variance,-0.008839364651794628
2023-09-18,Combined Minimum Variance,0.0008512611869354221
2023-09-19,Combined Minimum Variance,0.00040153027982767534
2023-09-20,Combined Minimum Variance,0.001107630219189297
2023-09-21,Combined Minimum Variance,-0.014185766758802737
2023-09-22,Combined Minimum Variance,-0.0016427359643345209
2023-09-25,Combined Minimum Variance,-0.0009380451736376602
2023-09-26,Combined Minimum Variance,-0.006511700275621372
2023-09-27,Combined Minimum Variance,-0.006346761159643147
2023-09-28,Combined Minimum Variance,0.002289184282723119
2023-09-29,Combined Minimum Variance,-0.0039764761393589814
2023-10-02,Combined Minimum Variance,-0.007512996382287502
2023-10-03,Combined Minimum Variance,-0.006621213809937651
2023-10-04,Combined Minimum Variance,0.0046645050779183595
2023-10-05,Combined Minimum Variance,-0.011387283031962656
2023-10-06,Combined Minimum Variance,0.0037893984002398415
2023-10-09,Combined Minimum Variance,0.0037496866469212704
2023-10-10,Combined Minimum Variance,0.009574744417372053
2023-10-11,Combined Minimum Variance,0.0012851093024265
2023-10-12,Combined Minimum Variance,-0.004604372605464863
2023-10-13,Combined Minimum Variance,0.003138274718481877
2023-10-16,Combined Minimum Variance,0.006564178624354591
2023-10-17,Combined Minimum Variance,0.004876853701452553
2023-10-18,Combined Minimum Variance,-0.006444685691986508
2023-10-19,Combined Minimum Variance,-0.004378382696288077
2023-10-20,Combined Minimum Variance,0.00030129048967545953
2023-10-23,Combined Minimum Variance,-0.003689361890680248
2023-10-24,Combined Minimum Variance,0.014347455181750835
2023-10-25,Combined Minimum Variance,-0.0006315910365343872
2023-10-26,Combined Minimum Variance,-0.0017955806642995348
2023-10-27,Combined Minimum Variance,-0.016505123173361304
2023-10-30,Combined Minimum Variance,0.004941147184963623
2023-10-31,Combined Minimum Variance,0.006544344875322071
2023-11-01,Combined Minimum Variance,0.004155910171473558
2023-11-02,Combined Minimum Variance,0.014571171888282454
2023-11-03,Combined Minimum Variance,0.0015239112328524372
2023-11-06,Combined Minimum Variance,0.00059829465657158
2023-11-07,Combined Minimum Variance,0.001489583855048036
2023-11-08,Combined Minimum Variance,-0.0008262279396276597
2023-11-09,Combined Minimum Variance,-0.009719545969409379
2023-11-10,Combined Minimum Variance,0.005145184298845237
2023-11-13,Combined Minimum Variance,0.003134302322066826
2023-11-14,Combined Minimum Variance,0.007082548368538115
2023-11-15,Combined Minimum Variance,0.0033006246232870065
2023-11-16,Combined Minimum Variance,-0.014467489766740317
2023-11-17,Combined Minimum Variance,0.000170552409591622
2023-11-20,Combined Minimum Variance,0.003881185236414047
2023-11-21,Combined Minimum Variance,0.0029890919415115555
2023-11-22,Combined Minimum Variance,-0.0007360017069006873
2023-11-24,Combined Minimum Variance,0.004598292257232124
2023-11-27,Combined Minimum Variance,0.00024618550760471857
2023-11-28,Combined Minimum Variance,-0.00037906545644567676
2023-11-29,Combined Minimum Variance,-0.0016874019751389837
2023-11-30,Combined Minimum Variance,0.008912359789362568
2023-12-01,Combined Minimum Variance,0.0034900818650355162
2023-12-04,Combined Minimum Variance,0.0022633461965671114
2023-12-05,Combined Minimum Variance,0.003709852307686198
2023-12-06,Combined Minimum Variance,-0.0023266448047384075
2023-12-07,Combined Minimum Variance,-0.00018800358239397653
2023-12-08,Combined Minimum Variance,-0.001246179212679854
2023-12-11,Combined Minimum Variance,0.004982800443140457
2023-12-12,Combined Minimum Variance,0.0037182572074712598
2023-12-13,Combined Minimum Variance,0.015266381688716649
2023-12-14,Combined Minimum Variance,-0.002696927716573737
2023-12-15,Combined Minimum Variance,-0.005349690803669734
2023-12-18,Combined Minimum Variance,0.004072752390474967
2023-12-19,Combined Minimum Variance,0.0033230425422963576
2023-12-20,Combined Minimum Variance,-0.011761999524599156
2023-12-21,Combined Minimum Variance,0.007514127927821207
2023-12-22,Combined Minimum Variance,0.006396068079191184
2023-12-26,Combined Minimum Variance,0.002141314803882263
2023-12-27,Combined Minimum Variance,0.004004670157392914
2023-12-28,Combined Minimum Variance,0.001591275726981119
2023-12-29,Combined Minimum Variance,-0.0001933571524821568
2020-09-10,Crypto Equal Weight,0.01898213692711367
2020-09-11,Crypto Equal Weight,0.0068067435248405864
2020-09-12,Crypto Equal Weight,0.011090582583458797
2020-09-13,Crypto Equal Weight,-0.039131846641066184
2020-09-14,Crypto Equal Weight,0.017654624231320484
2020-09-15,Crypto Equal Weight,-0.015605700937015576
2020-09-16,Crypto Equal Weight,-0.004102240111993872
2020-09-17,Crypto Equal Weight,0.021438464804721127
2020-09-18,Crypto Equal Weight,-0.005838497929824605
2020-09-19,Crypto Equal Weight,-7.131241537610116e-05
2020-09-20,Crypto Equal Weight,-0.024871339596723722
2020-09-21,Crypto Equal Weight,-0.06832505032234804
2020-09-22,Crypto Equal Weight,0.01577107434143097
2020-09-23,Crypto Equal Weight,-0.04339267405569574
2020-09-24,Crypto Equal Weight,0.05168941928065285
2020-09-25,Crypto Equal Weight,0.03294130092428596
2020-09-26,Crypto Equal Weight,0.011785647065008887
2020-09-27,Crypto Equal Weight,0.008200574789262439
2020-09-28,Crypto Equal Weight,-0.006891153636051518
2020-09-29,Crypto Equal Weight,0.0076413735138250675
2020-09-30,Crypto Equal Weight,-0.0014347919521085384
2020-10-01,Crypto Equal Weight,-0.015215988184475625
2020-10-02,Crypto Equal Weight,-0.021891144641811848
2020-10-03,Crypto Equal Weight,0.004360856473343323
2020-10-04,Crypto Equal Weight,0.01790188760050092
2020-10-05,Crypto Equal Weight,0.0035915283931230893
2020-10-06,Crypto Equal Weight,-0.009626353837821833
2020-10-07,Crypto Equal Weight,0.002488163009460765
2020-10-08,Crypto Equal Weight,0.015037245037404369
2020-10-09,Crypto Equal Weight,0.023432526373623766
2020-10-10,Crypto Equal Weight,0.01344768307528349
2020-10-11,Crypto Equal Weight,0.011855668184739012
2020-10-12,Crypto Equal Weight,0.011390327435422476
2020-10-13,Crypto Equal Weight,-0.004764471088864997
2020-10-14,Crypto Equal Weight,-0.005807592202763257
2020-10-15,Crypto Equal Weight,-0.0048135694737722725
2020-10-16,Crypto Equal Weight,-0.01863431033251186
2020-10-17,Crypto Equal Weight,0.004269494322044053
2020-10-18,Crypto Equal Weight,0.0073257918610061925
2020-10-19,Crypto Equal Weight,0.014997380707444352
2020-10-20,Crypto Equal Weight,-0.02221342546893742
2020-10-21,Crypto Equal Weight,0.05487930811621258
2020-10-22,Crypto Equal Weight,0.027849155101306214
2020-10-23,Crypto Equal Weight,-0.007714060513975308
2020-10-24,Crypto Equal Weight,0.01576710172702136
2020-10-25,Crypto Equal Weight,-0.008168543358127035
2020-10-26,Crypto Equal Weight,-0.022532438611657046
2020-10-27,Crypto Equal Weight,0.015420105915731465
2020-10-28,Crypto Equal Weight,-0.023111708865827422
2020-10-29,Crypto Equal Weight,-0.008184334694409668
2020-10-30,Crypto Equal Weight,-0.018665028500040502
2020-10-31,Crypto Equal Weight,0.008407130841797849
2020-11-01,Crypto Equal Weight,0.00947989913504146
2020-11-02,Crypto Equal Weight,-0.03653268886625193
2020-11-03,Crypto Equal Weight,-0.0032994927041297686
2020-11-04,Crypto Equal Weight,0.004323697240461588
2020-11-05,Crypto Equal Weight,0.0487911580871629
2020-11-06,Crypto Equal Weight,0.056153297968169084
2020-11-07,Crypto Equal Weight,-0.043483015895242116
2020-11-08,Crypto Equal Weight,0.033233010250257426
2020-11-09,Crypto Equal Weight,-0.01958840785605889
2020-11-10,Crypto Equal Weight,0.0004896625641006128
2020-11-11,Crypto Equal Weight,0.010143437677480173
2020-11-12,Crypto Equal Weight,0.0005386886858012811
2020-11-13,Crypto Equal Weight,0.02863697628408397
2020-11-14,Crypto Equal Weight,-0.015612969029313561
2020-11-15,Crypto Equal Weight,-0.016525656529147482
2020-11-16,Crypto Equal Weight,0.046549892129067176
2020-11-17,Crypto Equal Weight,0.05204232760453974
2020-11-18,Crypto Equal Weight,-0.009936278849795133
2020-11-19,Crypto Equal Weight,0.005675267946849405
2020-11-20,Crypto Equal Weight,0.05302752846407591
2020-11-21,Crypto Equal Weight,0.14395623030867744
2020-11-22,Crypto Equal Weight,-0.02676237164833182
2020-11-23,Crypto Equal Weight,0.12948090591086447
2020-11-24,Crypto Equal Weight,0.10910317300006549
2020-11-25,Crypto Equal Weight,-0.05342953924272913
2020-11-26,Crypto Equal Weight,-0.12392013507113162
2020-11-27,Crypto Equal Weight,0.023913509429615953
2020-11-28,Crypto Equal Weight,0.052537475236027725
2020-11-29,Crypto Equal Weight,0.019677655309619613
2020-11-30,Crypto Equal Weight,0.07097510416991822
2020-12-01,Crypto Equal Weight,-0.06797176128702298
2020-12-02,Crypto Equal Weight,0.021074602338575277
2020-12-03,Crypto Equal Weight,0.015067967051520883
2020-12-04,Crypto Equal Weight,-0.08152350861517088
2020-12-05,Crypto Equal Weight,0.044238282876390825
2020-12-06,Crypto Equal Weight,0.00936906866071846
2020-12-07,Crypto Equal Weight,-0.015699276533872188
2020-12-08,Crypto Equal Weight,-0.07034257497418472
2020-12-09,Crypto Equal Weight,0.03684153008369283
2020-12-10,Crypto Equal Weight,-0.027883689824153537
2020-12-11,Crypto Equal Weight,-0.026937408161929844
2020-12-12,Crypto Equal Weight,0.02762033983663024
2020-12-13,Crypto Equal Weight,0.04034339937304879
2020-12-14,Crypto Equal Weight,-0.004087447267204858
2020-12-15,Crypto Equal Weight,-0.0036798828565478793
2020-12-16,Crypto Equal Weight,0.10546735210971075
2020-12-17,Crypto Equal Weight,0.009888917234906036
2020-12-18,Crypto Equal Weight,0.015155018381917908
2020-12-19,Crypto Equal Weight,0.01379044549430093
2020-12-20,Crypto Equal Weight,-0.0055759793954341386
2020-12-21,Crypto Equal Weight,-0.06155292567046388
2020-12-22,Crypto Equal Weight,0.0029169318350360084
2020-12-23,Crypto Equal Weight,-0.16479064545891137
2020-12-24,Crypto Equal Weight,0.1308872044601056
2020-12-25,Crypto Equal Weight,0.02590357313179434
2020-12-26,Crypto Equal Weight,-0.0021636567802180585
2020-12-27,Crypto Equal Weight,0.010300683386022627
2020-12-28,Crypto Equal Weight,0.02698218602791696
2020-12-29,Crypto Equal Weight,-0.021987362638587374
2020-12-30,Crypto Equal Weight,-0.007910832255216138
2020-12-31,Crypto Equal Weight,-0.010734631048652778
2021-01-01,Crypto Equal Weight,0.011329133285298944
2021-01-02,Crypto Equal Weight,0.020727162605252036
2021-01-03,Crypto Equal Weight,0.11625440576667895
2021-01-04,Crypto Equal Weight,0.04516079223322002
2021-01-05,Crypto Equal Weight,0.04535021621589661
2021-01-06,Crypto Equal Weight,0.17477270939392503
2021-01-07,Crypto Equal Weight,0.012463243144315019
2021-01-08,Crypto Equal Weight,-0.007003682538939727
2021-01-09,Crypto Equal Weight,0.08814075491705675
2021-01-10,Crypto Equal Weight,-0.02676059395587328
2021-01-11,Crypto Equal Weight,-0.12870502230789244
2021-01-12,Crypto Equal Weight,-0.01873015718865717
2021-01-13,Crypto Equal Weight,0.08238594887992638
2021-01-14,Crypto Equal Weight,0.01972143296946164
2021-01-15,Crypto Equal Weight,-0.0387946877111499
2021-01-16,Crypto Equal Weight,0.026781295053940557
2021-01-17,Crypto Equal Weight,0.002929735952032664
2021-01-18,Crypto Equal Weight,0.02571838941912658
2021-01-19,Crypto Equal Weight,0.009387901143479227
2021-01-20,Crypto Equal Weight,-0.005889698947803779
2021-01-21,Crypto Equal Weight,-0.12997330223040066
2021-01-22,Crypto Equal Weight,0.06056123200880738
2021-01-23,Crypto Equal Weight,-0.002104304596237206
2021-01-24,Crypto Equal Weight,0.02788878387300729
2021-01-25,Crypto Equal Weight,-0.02212862074143014
2021-01-26,Crypto Equal Weight,-0.0025064396519793317
2021-01-27,Crypto Equal Weight,-0.07433293275748029
2021-01-28,Crypto Equal Weight,0.09385199353492835
2021-01-29,Crypto Equal Weight,0.02826646477641599
2021-01-30,Crypto Equal Weight,0.07294494996215131
2021-01-31,Crypto Equal Weight,-0.016892319482285013
2021-02-01,Crypto Equal Weight,0.018638160220836718
2021-02-02,Crypto Equal Weight,0.041051922173556875
2021-02-03,Crypto Equal Weight,0.047052936691951694
2021-02-04,Crypto Equal Weight,-0.01763156392605624
2021-02-05,Crypto Equal Weight,0.08420520824667654
2021-02-06,Crypto Equal Weight,0.022245494679363112
2021-02-07,Crypto Equal Weight,-0.0031776159818694078
2021-02-08,Crypto Equal Weight,0.08091486208561834
2021-02-09,Crypto Equal Weight,0.06552021148361524
2021-02-10,Crypto Equal Weight,0.04281518400419214
2021-02-11,Crypto Equal Weight,0.07786914577868172
2021-02-12,Crypto Equal Weight,0.0542892610980854
2021-02-13,Crypto Equal Weight,0.09582165507240964
2021-02-14,Crypto Equal Weight,-0.029392275423807516
2021-02-15,Crypto Equal Weight,-0.0442129748696292
2021-02-16,Crypto Equal Weight,-0.002247445100434941
2021-02-17,Crypto Equal Weight,0.04211707838283616
2021-02-18,Crypto Equal Weight,0.0029177062460999043
2021-02-19,Crypto Equal Weight,0.0489798149857835
2021-02-20,Crypto Equal Weight,-0.017299540561226037
2021-02-21,Crypto Equal Weight,0.024297174916646205
2021-02-22,Crypto Equal Weight,-0.0628095634120048
2021-02-23,Crypto Equal Weight,-0.1578836306811806
2021-02-24,Crypto Equal Weight,0.03967004054777338
2021-02-25,Crypto Equal Weight,-0.05295585849293988
2021-02-26,Crypto Equal Weight,0.002442972275643787
2021-02-27,Crypto Equal Weight,0.030875544497424058
2021-02-28,Crypto Equal Weight,-0.04371588305482723
2021-03-01,Crypto Equal Weight,0.06607202453353705
2021-03-02,Crypto Equal Weight,-0.016013865689389763
2021-03-03,Crypto Equal Weight,0.03318617359233237
2021-03-04,Crypto Equal Weight,-0.015426510631809488
2021-03-05,Crypto Equal Weight,-0.008545836651957893
2021-03-06,Crypto Equal Weight,0.009728254619080622
2021-03-07,Crypto Equal Weight,0.028383768233542828
2021-03-08,Crypto Equal Weight,0.017667051426591484
2021-03-09,Crypto Equal Weight,0.042932909720223386
2021-03-10,Crypto Equal Weight,-0.028226124243624445
2021-03-11,Crypto Equal Weight,0.002394047305571456
2021-03-12,Crypto Equal Weight,-0.020080210825309995
2021-03-13,Crypto Equal Weight,0.07880501646479618
2021-03-14,Crypto Equal Weight,-0.047991973695377325
2021-03-15,Crypto Equal Weight,-0.03623773511569324
2021-03-16,Crypto Equal Weight,0.043132536555067456
2021-03-17,Crypto Equal Weight,0.03066081182372897
2021-03-18,Crypto Equal Weight,-0.022914980388912386
2021-03-19,Crypto Equal Weight,0.019194399500747632
2021-03-20,Crypto Equal Weight,0.01827007279656291
2021-03-21,Crypto Equal Weight,-0.016144502509962688
2021-03-22,Crypto Equal Weight,-0.029994835705112834
2021-03-23,Crypto Equal Weight,0.0071142261876033334
2021-03-24,Crypto Equal Weight,-0.0667762833825415
2021-03-25,Crypto Equal Weight,-0.0010923526180134265
2021-03-26,Crypto Equal Weight,0.08749287264445914
2021-03-27,Crypto Equal Weight,-0.008717834840823146
2021-03-28,Crypto Equal Weight,0.0041004262462991485
2021-03-29,Crypto Equal Weight,0.037739657887588596
2021-03-30,Crypto Equal Weight,0.013383750136438468
2021-03-31,Crypto Equal Weight,0.06639746310842415
2021-04-01,Crypto Equal Weight,0.02843929543499401
2021-04-02,Crypto Equal Weight,0.05350906897952606
2021-04-03,Crypto Equal Weight,-0.05050095907334438
2021-04-04,Crypto Equal Weight,0.08008234444670535
2021-04-05,Crypto Equal Weight,0.1124723293949645
2021-04-06,Crypto Equal Weight,0.034239733482870995
2021-04-07,Crypto Equal Weight,-0.07683383516515306
2021-04-08,Crypto Equal Weight,0.06650800161559936
2021-04-09,Crypto Equal Weight,-0.026439087808186844
2021-04-10,Crypto Equal Weight,0.10208440271596671
2021-04-11,Crypto Equal Weight,0.011341727386061918
2021-04-12,Crypto Equal Weight,0.0011626642882354267
2021-04-13,Crypto Equal Weight,0.10969981126458486
2021-04-14,Crypto Equal Weight,0.02628859256885361
2021-04-15,Crypto Equal Weight,0.060911491093833904
2021-04-16,Crypto Equal Weight,0.05065662411454964
2021-04-17,Crypto Equal Weight,-0.03176555482050419
2021-04-18,Crypto Equal Weight,-0.07403361917153414
2021-04-19,Crypto Equal Weight,-0.06293211235912945
2021-04-20,Crypto Equal Weight,0.03341952255413645
2021-04-21,Crypto Equal Weight,-0.04142399100162268
2021-04-22,Crypto Equal Weight,-0.04904992826934678
2021-04-23,Crypto Equal Weight,-0.016415494666891486
2021-04-24,Crypto Equal Weight,-0.06806209030471672
2021-04-25,Crypto Equal Weight,-0.009028471809759443
2021-04-26,Crypto Equal Weight,0.15086850243841624
2021-04-27,Crypto Equal Weight,0.0428384009368606
2021-04-28,Crypto Equal Weight,0.0015703408166000024
2021-04-29,Crypto Equal Weight,-0.010431513593727106
2021-04-30,Crypto Equal Weight,0.07615810292228212
2021-05-01,Crypto Equal Weight,0.03980355255574375
2021-05-02,Crypto Equal Weight,-0.014599904851997027
2021-05-03,Crypto Equal Weight,0.055476102519817626
2021-05-04,Crypto Equal Weight,-0.022319806048041905
2021-05-05,Crypto Equal Weight,0.23237817771357977
2021-05-06,Crypto Equal Weight,0.09504982199971371
2021-05-07,Crypto Equal Weight,-0.03738328711875314
2021-05-08,Crypto Equal Weight,0.015052470760563728
2021-05-09,Crypto Equal Weight,0.01695799459749009
2021-05-10,Crypto Equal Weight,-0.06333573003276818
2021-05-11,Crypto Equal Weight,0.12326469466551514
2021-05-12,Crypto Equal Weight,-0.1790871368375788
2021-05-13,Crypto Equal Weight,0.06210183470583304
2021-05-14,Crypto Equal Weight,0.05375639703224409
2021-05-15,Crypto Equal Weight,-0.03983153713712914
2021-05-16,Crypto Equal Weight,0.0028746940214076765
2021-05-17,Crypto Equal Weight,-0.06620591298990389
2021-05-18,Crypto Equal Weight,0.017080083792776656
2021-05-19,Crypto Equal Weight,-0.30337348731353303
2021-05-20,Crypto Equal Weight,0.14700206982203626
2021-05-21,Crypto Equal Weight,-0.1408603473018848
2021-05-22,Crypto Equal Weight,-0.06160251327788788
2021-05-23,Crypto Equal Weight,-0.11290738224342238
2021-05-24,Crypto Equal Weight,0.25292356727981136
2021-05-25,Crypto Equal Weight,0.002828693352260959
2021-05-26,Crypto Equal Weight,0.07066872279801245
2021-05-27,Crypto Equal Weight,-0.03622452964270198
2021-05-28,Crypto Equal Weight,-0.08364161267040388
2021-05-29,Crypto Equal Weight,-0.05675666284012572
2021-05-30,Crypto Equal Weight,0.04599013554369838
2021-05-31,Crypto Equal Weight,0.09017948488864361
2021-06-01,Crypto Equal Weight,-0.019186745025294896
2021-06-02,Crypto Equal Weight,0.015686303567012748
2021-06-03,Crypto Equal Weight,0.03417599714809401
2021-06-04,Crypto Equal Weight,-0.07013513415978842
2021-06-05,Crypto Equal Weight,-0.03151695830923769
2021-06-06,Crypto Equal Weight,0.017874280878071483
2021-06-07,Crypto Equal Weight,-0.08261493454301594
2021-06-08,Crypto Equal Weight,-0.001098665682103339
2021-06-09,Crypto Equal Weight,0.05692371448042062
2021-06-10,Crypto Equal Weight,-0.046790220968375595
2021-06-11,Crypto Equal Weight,-0.034612165788076216
2021-06-12,Crypto Equal Weight,-0.00610877120759048
2021-06-13,Crypto Equal Weight,0.060607110734888454
2021-06-14,Crypto Equal Weight,0.012104542324334045
2021-06-15,Crypto Equal Weight,0.01250313104435552
2021-06-16,Crypto Equal Weight,-0.0697520672369448
2021-06-17,Crypto Equal Weight,0.009720760770419102
2021-06-18,Crypto Equal Weight,-0.05772062088488966
2021-06-19,Crypto Equal Weight,-0.020498713298390717
2021-06-20,Crypto Equal Weight,0.011456111133318937
2021-06-21,Crypto Equal Weight,-0.19019405150636529
2021-06-22,Crypto Equal Weight,-0.034837352458124686
2021-06-23,Crypto Equal Weight,0.08559700466060852
2021-06-24,Crypto Equal Weight,0.06135694304332537
2021-06-25,Crypto Equal Weight,-0.08057487382765759
2021-06-26,Crypto Equal Weight,0.01193602078641911
2021-06-27,Crypto Equal Weight,0.05340874980562807
2021-06-28,Crypto Equal Weight,0.018891398769319223
2021-06-29,Crypto Equal Weight,0.07656251270863892
2021-06-30,Crypto Equal Weight,0.010229283835137904
2021-07-01,Crypto Equal Weight,-0.052857881690813346
2021-07-02,Crypto Equal Weight,0.006644821951439306
2021-07-03,Crypto Equal Weight,0.022742221109748106
2021-07-04,Crypto Equal Weight,0.021951839457896506
2021-07-05,Crypto Equal Weight,-0.04758275314865554
2021-07-06,Crypto Equal Weight,0.018173860759549767
2021-07-07,Crypto Equal Weight,-0.01356780382657763
2021-07-08,Crypto Equal Weight,-0.04999297514892137
2021-07-09,Crypto Equal Weight,0.03256800205560833
2021-07-10,Crypto Equal Weight,-0.016060178710146155
2021-07-11,Crypto Equal Weight,0.011050896895787088
2021-07-12,Crypto Equal Weight,-0.02145843948023524
2021-07-13,Crypto Equal Weight,-0.0327299161905157
2021-07-14,Crypto Equal Weight,0.00534365209485468
2021-07-15,Crypto Equal Weight,-0.033657562374154494
2021-07-16,Crypto Equal Weight,-0.02451103417517737
2021-07-17,Crypto Equal Weight,-0.0020961608637220745
2021-07-18,Crypto Equal Weight,0.0029498340208449774
2021-07-19,Crypto Equal Weight,-0.04843102623361849
2021-07-20,Crypto Equal Weight,-0.03967577580622656
2021-07-21,Crypto Equal Weight,0.08404642491288189
2021-07-22,Crypto Equal Weight,0.035105539490129026
2021-07-23,Crypto Equal Weight,0.03023078239134263
2021-07-24,Crypto Equal Weight,0.020878573175351613
2021-07-25,Crypto Equal Weight,-0.0013191821921649033
2021-07-26,Crypto Equal Weight,0.024043643109556534
2021-07-27,Crypto Equal Weight,0.02664427959607967
2021-07-28,Crypto Equal Weight,0.025869776100008457
2021-07-29,Crypto Equal Weight,0.018439540828283675
2021-07-30,Crypto Equal Weight,0.02907854641851262
2021-07-31,Crypto Equal Weight,0.004980914127726711
2021-08-01,Crypto Equal Weight,-0.022758807451950847
2021-08-02,Crypto Equal Weight,0.010486102598031722
2021-08-03,Crypto Equal Weight,-0.015388954950252165
2021-08-04,Crypto Equal Weight,0.03586243098793669
2021-08-05,Crypto Equal Weight,0.0162912139985419
2021-08-06,Crypto Equal Weight,0.02241397441580886
2021-08-07,Crypto Equal Weight,0.07056124046525346
2021-08-08,Crypto Equal Weight,-0.044867926635484945
2021-08-09,Crypto Equal Weight,0.05363619011540437
2021-08-10,Crypto Equal Weight,0.019223181862006014
2021-08-11,Crypto Equal Weight,0.06307775869864235
2021-08-12,Crypto Equal Weight,-0.02182670386777582
2021-08-13,Crypto Equal Weight,0.10036157544278566
2021-08-14,Crypto Equal Weight,0.0461467226724572
2021-08-15,Crypto Equal Weight,0.018995419510658654
2021-08-16,Crypto Equal Weight,-0.044065728043762666
2021-08-17,Crypto Equal Weight,-0.06500531543194384
2021-08-18,Crypto Equal Weight,0.013070150055442396
2021-08-19,Crypto Equal Weight,0.06192229008871089
2021-08-20,Crypto Equal Weight,0.038683251853805764
2021-08-21,Crypto Equal Weight,-0.023927485119783223
2021-08-22,Crypto Equal Weight,0.018669111161964916
2021-08-23,Crypto Equal Weight,0.02087886156926002
2021-08-24,Crypto Equal Weight,-0.06750241932459833
2021-08-25,Crypto Equal Weight,0.02174154514931408
2021-08-26,Crypto Equal Weight,-0.061460065629049855
2021-08-27,Crypto Equal Weight,0.07269710012304198
2021-08-28,Crypto Equal Weight,-0.010523062092153711
2021-08-29,Crypto Equal Weight,-4.223090773590671e-05
2021-08-30,Crypto Equal Weight,-0.03427301946401956
2021-08-31,Crypto Equal Weight,0.033926461457846724
2021-09-01,Crypto Equal Weight,0.055449157188527144
2021-09-02,Crypto Equal Weight,0.011792504731032993
2021-09-03,Crypto Equal Weight,0.04657082039539469
2021-09-04,Crypto Equal Weight,-0.01021232958972138
2021-09-05,Crypto Equal Weight,0.05662671470017478
2021-09-06,Crypto Equal Weight,0.006357202425683394
2021-09-07,Crypto Equal Weight,-0.16764027258755143
2021-09-08,Crypto Equal Weight,0.0004307836574903969
2021-09-09,Crypto Equal Weight,0.002673009912500279
2021-09-10,Crypto Equal Weight,-0.042101786452271174
2021-09-11,Crypto Equal Weight,0.0297849708151881
2021-09-12,Crypto Equal Weight,0.039008980675526675
2021-09-13,Crypto Equal Weight,-0.043186748837215544
2021-09-14,Crypto Equal Weight,0.03937859648466578
2021-09-15,Crypto Equal Weight,0.033761799679333064
2021-09-16,Crypto Equal Weight,-0.02260339800954957
2021-09-17,Crypto Equal Weight,-0.028210323755231068
2021-09-18,Crypto Equal Weight,0.014642044853208726
2021-09-19,Crypto Equal Weight,-0.03591036263566109
2021-09-20,Crypto Equal Weight,-0.11422485591169484
2021-09-21,Crypto Equal Weight,-0.05343634371662164
2021-09-22,Crypto Equal Weight,0.10935609613773783
2021-09-23,Crypto Equal Weight,0.01626576948492713
2021-09-24,Crypto Equal Weight,-0.062483391070832464
2021-09-25,Crypto Equal Weight,-0.0042666253867746145
2021-09-26,Crypto Equal Weight,-0.006350457317357294
2021-09-27,Crypto Equal Weight,-0.031077363869180544
2021-09-28,Crypto Equal Weight,-0.032985894716289745
2021-09-29,Crypto Equal Weight,0.025201653417809958
2021-09-30,Crypto Equal Weight,0.03985386657347911
2021-10-01,Crypto Equal Weight,0.08583803887920277
2021-10-02,Crypto Equal Weight,0.013146846189772722
2021-10-03,Crypto Equal Weight,0.01605801914184151
2021-10-04,Crypto Equal Weight,-0.0148396687445018
2021-10-05,Crypto Equal Weight,0.03911206691222191
2021-10-06,Crypto Equal Weight,0.026312077457067155
2021-10-07,Crypto Equal Weight,-0.00638939697911447
2021-10-08,Crypto Equal Weight,-0.009687838635792988
2021-10-09,Crypto Equal Weight,0.03901890283840528
2021-10-10,Crypto Equal Weight,-0.039372271971353526
2021-10-11,Crypto Equal Weight,0.01616616745924252
2021-10-12,Crypto Equal Weight,-0.024509927769433695
2021-10-13,Crypto Equal Weight,0.03190285056564601
2021-10-14,Crypto Equal Weight,0.008162714258494453
2021-10-15,Crypto Equal Weight,0.021102700113018336
2021-10-16,Crypto Equal Weight,0.0027205761676233464
2021-10-17,Crypto Equal Weight,-0.015497446977474584
2021-10-18,Crypto Equal Weight,-0.005306693572157262
2021-10-19,Crypto Equal Weight,0.01297720783032219
2021-10-20,Crypto Equal Weight,0.05122436406410882
2021-10-21,Crypto Equal Weight,-0.034430299987499836
2021-10-22,Crypto Equal Weight,-0.00945471394014179
2021-10-23,Crypto Equal Weight,0.01937153573278119
2021-10-24,Crypto Equal Weight,-0.014741306991866012
2021-10-25,Crypto Equal Weight,0.018419186895322206
2021-10-26,Crypto Equal Weight,-0.012946919667983725
2021-10-27,Crypto Equal Weight,-0.09185131642847817
2021-10-28,Crypto Equal Weight,0.05672900974304911
2021-10-29,Crypto Equal Weight,0.029088612824405093
2021-10-30,Crypto Equal Weight,-0.010681812392085377
2021-10-31,Crypto Equal Weight,0.014693243654273571
2021-11-01,Crypto Equal Weight,-0.004326641926342823
2021-11-02,Crypto Equal Weight,0.033065335844914154
2021-11-03,Crypto Equal Weight,0.01674063604824131
2021-11-04,Crypto Equal Weight,-0.02555910524069758
2021-11-05,Crypto Equal Weight,-0.010200996638369953
2021-11-06,Crypto Equal Weight,-0.004239194414665416
2021-11-07,Crypto Equal Weight,0.023886360748030924
2021-11-08,Crypto Equal Weight,0.06024640112859055
2021-11-09,Crypto Equal Weight,0.05803352156635902
2021-11-10,Crypto Equal Weight,-0.052120905365666895
2021-11-11,Crypto Equal Weight,0.011579788077556887
2021-11-12,Crypto Equal Weight,-0.021045339029769496
2021-11-13,Crypto Equal Weight,0.012155992174102792
2021-11-14,Crypto Equal Weight,0.011670347080749632
2021-11-15,Crypto Equal Weight,-0.01491336715278626
2021-11-16,Crypto Equal Weight,-0.08539536762425981
2021-11-17,Crypto Equal Weight,0.00502902980775961
2021-11-18,Crypto Equal Weight,-0.0665955079971689
2021-11-19,Crypto Equal Weight,0.05018993784126556
2021-11-20,Crypto Equal Weight,0.015769369693102133
2021-11-21,Crypto Equal Weight,-0.01876418665940255
2021-11-22,Crypto Equal Weight,-0.036598052294896724
2021-11-23,Crypto Equal Weight,0.02241482154078316
2021-11-24,Crypto Equal Weight,-0.024994581710023545
2021-11-25,Crypto Equal Weight,0.009420096135543754
2021-11-26,Crypto Equal Weight,-0.06649545894871835
2021-11-27,Crypto Equal Weight,0.01136172499470266
2021-11-28,Crypto Equal Weight,0.021529982658934313
2021-11-29,Crypto Equal Weight,0.017998706153176246
2021-11-30,Crypto Equal Weight,0.002987059510877521
2021-12-01,Crypto Equal Weight,-0.004816033852340696
2021-12-02,Crypto Equal Weight,0.0029771478098470135
2021-12-03,Crypto Equal Weight,-0.05480413531039099
2021-12-04,Crypto Equal Weight,-0.09966679308991833
2021-12-05,Crypto Equal Weight,-0.025153555791845417
2021-12-06,Crypto Equal Weight,0.04004044280649435
2021-12-07,Crypto Equal Weight,-0.005612405331474191
2021-12-08,Crypto Equal Weight,0.03731739189615066
2021-12-09,Crypto Equal Weight,-0.06974011815598742
2021-12-10,Crypto Equal Weight,-0.03764782144196946
2021-12-11,Crypto Equal Weight,0.062185845911676044
2021-12-12,Crypto Equal Weight,0.0005450006496776844
2021-12-13,Crypto Equal Weight,-0.08065923921980628
2021-12-14,Crypto Equal Weight,0.011911581619101386
2021-12-15,Crypto Equal Weight,0.04872903431115065
2021-12-16,Crypto Equal Weight,-0.03275391370957652
2021-12-17,Crypto Equal Weight,-0.024771957522853383
2021-12-18,Crypto Equal Weight,0.020225622720911683
2021-12-19,Crypto Equal Weight,-0.002246589268154564
2021-12-20,Crypto Equal Weight,0.002723934735745315
2021-12-21,Crypto Equal Weight,0.03319664389737751
2021-12-22,Crypto Equal Weight,0.005615825220858106
2021-12-23,Crypto Equal Weight,0.052881521190734665
2021-12-24,Crypto Equal Weight,-0.025854589725139755
2021-12-25,Crypto Equal Weight,0.012088707351344341
2021-12-26,Crypto Equal Weight,-0.001925720708291645
2021-12-27,Crypto Equal Weight,0.006955401909512826
2021-12-28,Crypto Equal Weight,-0.06626174340482957
2021-12-29,Crypto Equal Weight,-0.028672470581785348
2021-12-30,Crypto Equal Weight,0.016974196767416676
2021-12-31,Crypto Equal Weight,-0.015267470914003978
2022-01-01,Crypto Equal Weight,0.029122690504778358
2022-01-02,Crypto Equal Weight,0.0155405561917645
2022-01-03,Crypto Equal Weight,-0.020728701930202723
2022-01-04,Crypto Equal Weight,-0.011764087452726646
2022-01-05,Crypto Equal Weight,-0.06206812715046753
2022-01-06,Crypto Equal Weight,-0.0008726027668847444
2022-01-07,Crypto Equal Weight,-0.040404478130600344
2022-01-08,Crypto Equal Weight,-0.020935419274153235
2022-01-09,Crypto Equal Weight,0.00938373839620118
2022-01-10,Crypto Equal Weight,-0.030183417872317812
2022-01-11,Crypto Equal Weight,0.03416218451646136
2022-01-12,Crypto Equal Weight,0.05390506305509349
2022-01-13,Crypto Equal Weight,-0.03435155317931569
2022-01-14,Crypto Equal Weight,0.025946966258798367
2022-01-15,Crypto Equal Weight,0.008994754628404667
2022-01-16,Crypto Equal Weight,0.006503905118192476
2022-01-17,Crypto Equal Weight,0.0004693788674268503
2022-01-18,Crypto Equal Weight,-0.015388287946141764
2022-01-19,Crypto Equal Weight,-0.029012441761665654
2022-01-20,Crypto Equal Weight,-0.04252286623358552
2022-01-21,Crypto Equal Weight,-0.115712541101666
2022-01-22,Crypto Equal Weight,-0.058859215279659136
2022-01-23,Crypto Equal Weight,0.03875242717376981
2022-01-24,Crypto Equal Weight,-0.028662159065224818
2022-01-25,Crypto Equal Weight,0.0004887591135445128
2022-01-26,Crypto Equal Weight,0.005058996734153466
2022-01-27,Crypto Equal Weight,-0.008704446363619856
2022-01-28,Crypto Equal Weight,0.025426408633765198
2022-01-29,Crypto Equal Weight,0.014763887792000531
2022-01-30,Crypto Equal Weight,-0.017302280008297387
2022-01-31,Crypto Equal Weight,0.014535726144460115
2022-02-01,Crypto Equal Weight,0.023033684182255224
2022-02-02,Crypto Equal Weight,-0.0392681340350189
2022-02-03,Crypto Equal Weight,0.015430349548788726
2022-02-04,Crypto Equal Weight,0.08722734863520698
2022-02-05,Crypto Equal Weight,0.009422977778614994
2022-02-06,Crypto Equal Weight,0.024600399059561774
2022-02-07,Crypto Equal Weight,0.07049951598030697
2022-02-08,Crypto Equal Weight,-0.0025026088809162682
2022-02-09,Crypto Equal Weight,0.01976441262627282
2022-02-10,Crypto Equal Weight,-0.026291180600430487
2022-02-11,Crypto Equal Weight,-0.059878460105618043
2022-02-12,Crypto Equal Weight,0.004881581624613972
2022-02-13,Crypto Equal Weight,-0.0009595511905362894
2022-02-14,Crypto Equal Weight,-0.004873680716226226
2022-02-15,Crypto Equal Weight,0.05531791979116256
2022-02-16,Crypto Equal Weight,-0.015403125009194408
2022-02-17,Crypto Equal Weight,-0.07783500010761192
2022-02-18,Crypto Equal Weight,-0.007808763498197358
2022-02-19,Crypto Equal Weight,0.005728448292466137
2022-02-20,Crypto Equal Weight,-0.04326270437002943
2022-02-21,Crypto Equal Weight,-0.0626345494325867
2022-02-22,Crypto Equal Weight,0.03926797298390854
2022-02-23,Crypto Equal Weight,-0.020894244531552655
2022-02-24,Crypto Equal Weight,0.0018385094903915374
2022-02-25,Crypto Equal Weight,0.0426568023198654
2022-02-26,Crypto Equal Weight,0.0029045080698911767
2022-02-27,Crypto Equal Weight,-0.04140870790385846
2022-02-28,Crypto Equal Weight,0.1008640657054067
2022-03-01,Crypto Equal Weight,0.003119622193887295
2022-03-02,Crypto Equal Weight,-0.018961438742063776
2022-03-03,Crypto Equal Weight,-0.01945143008743081
2022-03-04,Crypto Equal Weight,-0.06963713259937182
2022-03-05,Crypto Equal Weight,0.0252353977196617
2022-03-06,Crypto Equal Weight,-0.036850288741983914
2022-03-07,Crypto Equal Weight,-0.017777027863443554
2022-03-08,Crypto Equal Weight,0.019149664845266437
2022-03-09,Crypto Equal Weight,0.0614250133237116
2022-03-10,Crypto Equal Weight,-0.04529719373610162
2022-03-11,Crypto Equal Weight,0.007251389353312222
2022-03-12,Crypto Equal Weight,-0.00031310085343255723
2022-03-13,Crypto Equal Weight,-0.026829848389654964
2022-03-14,Crypto Equal Weight,0.025832757715324072
2022-03-15,Crypto Equal Weight,0.0028874325408784207
2022-03-16,Crypto Equal Weight,0.041546730983816206
2022-03-17,Crypto Equal Weight,-0.0021367286149943324
2022-03-18,Crypto Equal Weight,0.022870714126966354
2022-03-19,Crypto Equal Weight,0.04889256616829627
2022-03-20,Crypto Equal Weight,-0.000880754812955787
2022-03-21,Crypto Equal Weight,0.023983811636451392
2022-03-22,Crypto Equal Weight,0.06288462575961842
2022-03-23,Crypto Equal Weight,0.012081167675711225
2022-03-24,Crypto Equal Weight,0.024533228436090564
2022-03-25,Crypto Equal Weight,-0.011489590412916785
2022-03-26,Crypto Equal Weight,0.009594654493158005
2022-03-27,Crypto Equal Weight,0.04254787545471064
2022-03-28,Crypto Equal Weight,0.004451770657822229
2022-03-29,Crypto Equal Weight,0.013999177555741139
2022-03-30,Crypto Equal Weight,0.009501167971384695
2022-03-31,Crypto Equal Weight,-0.030772503417258262
2022-04-01,Crypto Equal Weight,0.01314246889255092
2022-04-02,Crypto Equal Weight,-0.01024608862981643
2022-04-03,Crypto Equal Weight,0.019144810628382403
2022-04-04,Crypto Equal Weight,-0.006553388346854017
2022-04-05,Crypto Equal Weight,-0.028460521862655352
2022-04-06,Crypto Equal Weight,-0.09165544300198733
2022-04-07,Crypto Equal Weight,0.0361365525133895
2022-04-08,Crypto Equal Weight,-0.0418624787584597
2022-04-09,Crypto Equal Weight,0.01842106310011493
2022-04-10,Crypto Equal Weight,-0.01700182837889297
2022-04-11,Crypto Equal Weight,-0.08038746598850147
2022-04-12,Crypto Equal Weight,0.0283449435915488
2022-04-13,Crypto Equal Weight,0.03716934184651202
2022-04-14,Crypto Equal Weight,-0.023658564245833215
2022-04-15,Crypto Equal Weight,0.031038335249899567
2022-04-16,Crypto Equal Weight,0.01442141326466836
2022-04-17,Crypto Equal Weight,-0.038583655169079335
2022-04-18,Crypto Equal Weight,0.02228925033010376
2022-04-19,Crypto Equal Weight,0.02149999570729364
2022-04-20,Crypto Equal Weight,-0.012096637850906013
2022-04-21,Crypto Equal Weight,-0.020877854849308073
2022-04-22,Crypto Equal Weight,-0.011750225224195165
2022-04-23,Crypto Equal Weight,-0.01286054767525191
2022-04-24,Crypto Equal Weight,-0.013762498814561453
2022-04-25,Crypto Equal Weight,0.010166299861651941
2022-04-26,Crypto Equal Weight,-0.06831752801509475
2022-04-27,Crypto Equal Weight,0.024420882858019202
2022-04-28,Crypto Equal Weight,0.008911743483814662
2022-04-29,Crypto Equal Weight,-0.03646867383836266
2022-04-30,Crypto Equal Weight,-0.053359876819118274
2022-05-01,Crypto Equal Weight,0.047335770451658335
2022-05-02,Crypto Equal Weight,-0.003150579813704691
2022-05-03,Crypto Equal Weight,-0.010712090547274922
2022-05-04,Crypto Equal Weight,0.09768777207422855
2022-05-05,Crypto Equal Weight,-0.08792760957755685
2022-05-06,Crypto Equal Weight,0.0099115363564646
2022-05-07,Crypto Equal Weight,-0.025861551667197516
2022-05-08,Crypto Equal Weight,-0.019123252337417542
2022-05-09,Crypto Equal Weight,-0.13858540201932162
2022-05-10,Crypto Equal Weight,0.03548752611899278
2022-05-11,Crypto Equal Weight,-0.14409244004091043
2022-05-12,Crypto Equal Weight,-0.04872558742882796
2022-05-13,Crypto Equal Weight,0.06680643620759522
2022-05-14,Crypto Equal Weight,0.021150943771016485
2022-05-15,Crypto Equal Weight,0.041672055707046
2022-05-16,Crypto Equal Weight,-0.05961559892154226
2022-05-17,Crypto Equal Weight,0.04388035967930753
2022-05-18,Crypto Equal Weight,-0.0793407584536161
2022-05-19,Crypto Equal Weight,0.04750690560771123
2022-05-20,Crypto Equal Weight,-0.03175963714668381
2022-05-21,Crypto Equal Weight,0.01647804411295526
2022-05-22,Crypto Equal Weight,0.03472782004763589
2022-05-23,Crypto Equal Weight,-0.03280431624764311
2022-05-24,Crypto Equal Weight,0.03203904359740626
2022-05-25,Crypto Equal Weight,-0.009345323136245276
2022-05-26,Crypto Equal Weight,-0.05070413016976658
2022-05-27,Crypto Equal Weight,-0.02852164180232375
2022-05-28,Crypto Equal Weight,0.018044353205435675
2022-05-29,Crypto Equal Weight,0.02776182819934858
2022-05-30,Crypto Equal Weight,0.08357793585561524
2022-05-31,Crypto Equal Weight,0.011728387575256228
2022-06-01,Crypto Equal Weight,-0.0710803050374161
2022-06-02,Crypto Equal Weight,0.0241083992323192
2022-06-03,Crypto Equal Weight,-0.02621997954174823
2022-06-04,Crypto Equal Weight,0.007294771740642958
2022-06-05,Crypto Equal Weight,-0.004211390828016737
2022-06-06,Crypto Equal Weight,0.029201446111795717
2022-06-07,Crypto Equal Weight,-0.011969793902402005
2022-06-08,Crypto Equal Weight,-0.013612383477299806
2022-06-09,Crypto Equal Weight,-0.00629079958461355
2022-06-10,Crypto Equal Weight,-0.05238956967634552
2022-06-11,Crypto Equal Weight,-0.05910299544008756
2022-06-12,Crypto Equal Weight,-0.058069150796414115
2022-06-13,Crypto Equal Weight,-0.12649945561716172
2022-06-14,Crypto Equal Weight,0.011680498107776514
2022-06-15,Crypto Equal Weight,0.06542525357596155
2022-06-16,Crypto Equal Weight,-0.1071884006610222
2022-06-17,Crypto Equal Weight,0.03646198203338853
2022-06-18,Crypto Equal Weight,-0.04251541303837564
2022-06-19,Crypto Equal Weight,0.07927452664115973
2022-06-20,Crypto Equal Weight,0.0015757411640274664
2022-06-21,Crypto Equal Weight,0.005971368768382867
2022-06-22,Crypto Equal Weight,-0.03599036081922781
2022-06-23,Crypto Equal Weight,0.04734050407033799
2022-06-24,Crypto Equal Weight,0.03819140914105866
2022-06-25,Crypto Equal Weight,0.007753439427377807
2022-06-26,Crypto Equal Weight,-0.021408985862141752
2022-06-27,Crypto Equal Weight,-0.006753675892738909
2022-06-28,Crypto Equal Weight,-0.04316380056562889
2022-06-29,Crypto Equal Weight,-0.014634249838758707
2022-06-30,Crypto Equal Weight,-0.00736490300233722
2022-07-01,Crypto Equal Weight,-0.022743101604300778
2022-07-02,Crypto Equal Weight,0.010206534368909838
2022-07-03,Crypto Equal Weight,0.006203747849250053
2022-07-04,Crypto Equal Weight,0.034349280079586264
2022-07-05,Crypto Equal Weight,-0.01903590126422474
2022-07-06,Crypto Equal Weight,0.01714929107079264
2022-07-07,Crypto Equal Weight,0.03818408898870452
2022-07-08,Crypto Equal Weight,-0.009716256354324614
2022-07-09,Crypto Equal Weight,0.014113331687002918
2022-07-10,Crypto Equal Weight,-0.03991464143394159
2022-07-11,Crypto Equal Weight,-0.05594176913258254
2022-07-12,Crypto Equal Weight,-0.023506154582261483
2022-07-13,Crypto Equal Weight,0.04427791375235156
2022-07-14,Crypto Equal Weight,0.023188826061356815
2022-07-15,Crypto Equal Weight,0.013295712298953433
2022-07-16,Crypto Equal Weight,0.051540789955654635
2022-07-17,Crypto Equal Weight,-0.0009481346380628376
2022-07-18,Crypto Equal Weight,0.10792768941483927
2022-07-19,Crypto Equal Weight,0.018286943077011585
2022-07-20,Crypto Equal Weight,-0.03622962949559685
2022-07-21,Crypto Equal Weight,0.02456125802960221
2022-07-22,Crypto Equal Weight,-0.00778936000425042
2022-07-23,Crypto Equal Weight,0.007536720936223894
2022-07-24,Crypto Equal Weight,0.019692387162963055
2022-07-25,Crypto Equal Weight,-0.07276478282443086
2022-07-26,Crypto Equal Weight,0.00427972286266034
2022-07-27,Crypto Equal Weight,0.10911298957386757
2022-07-28,Crypto Equal Weight,0.07791692582964407
2022-07-29,Crypto Equal Weight,-0.005829183344439626
2022-07-30,Crypto Equal Weight,-0.00467567022165365
2022-07-31,Crypto Equal Weight,-0.01646518961230816
2022-08-01,Crypto Equal Weight,-0.012699082640371007
2022-08-02,Crypto Equal Weight,-0.018731547141342078
2022-08-03,Crypto Equal Weight,-0.005898263614123966
2022-08-04,Crypto Equal Weight,0.0014520885855312201
2022-08-05,Crypto Equal Weight,0.04574473649123465
2022-08-06,Crypto Equal Weight,-0.009351144158146453
2022-08-07,Crypto Equal Weight,0.006392427307688353
2022-08-08,Crypto Equal Weight,0.0229447621169808
2022-08-09,Crypto Equal Weight,-0.04364255068394753
2022-08-10,Crypto Equal Weight,0.05001775589284965
2022-08-11,Crypto Equal Weight,0.013045285139439911
2022-08-12,Crypto Equal Weight,0.014118240519318504
2022-08-13,Crypto Equal Weight,0.007878268833164915
2022-08-14,Crypto Equal Weight,-0.012942023802462378
2022-08-15,Crypto Equal Weight,-0.016734843725832005
2022-08-16,Crypto Equal Weight,0.0020912661621048092
2022-08-17,Crypto Equal Weight,-0.006078541612463406
2022-08-18,Crypto Equal Weight,-0.017337879464370286
2022-08-19,Crypto Equal Weight,-0.10808945972908332
2022-08-20,Crypto Equal Weight,0.014368971101450913
2022-08-21,Crypto Equal Weight,0.031694698941254096
2022-08-22,Crypto Equal Weight,0.021473569506181945
2022-08-23,Crypto Equal Weight,0.014107231905767193
2022-08-24,Crypto Equal Weight,-0.007648736420349411
2022-08-25,Crypto Equal Weight,0.010942576991686858
2022-08-26,Crypto Equal Weight,-0.0780335941700781
2022-08-27,Crypto Equal Weight,0.0021792845693798693
2022-08-28,Crypto Equal Weight,-0.033573061151733086
2022-08-29,Crypto Equal Weight,0.04925487420357118
2022-08-30,Crypto Equal Weight,-0.026894195820249902
2022-08-31,Crypto Equal Weight,0.0032082975179153817
2022-09-01,Crypto Equal Weight,0.02437063798841811
2022-09-02,Crypto Equal Weight,0.004941360554689911
2022-09-03,Crypto Equal Weight,0.002144406622791495
2022-09-04,Crypto Equal Weight,0.00946666488626442
2022-09-05,Crypto Equal Weight,0.031521784509391984
2022-09-06,Crypto Equal Weight,-0.07116981905963582
2022-09-07,Crypto Equal Weight,0.05776727663863668
2022-09-08,Crypto Equal Weight,0.005849298003899805
2022-09-09,Crypto Equal Weight,0.05861627705926811
2022-09-10,Crypto Equal Weight,0.01834220726446272
2022-09-11,Crypto Equal Weight,-0.011384277713285616
2022-09-12,Crypto Equal Weight,-0.007453641423881052
2022-09-13,Crypto Equal Weight,-0.07111080127953137
2022-09-14,Crypto Equal Weight,0.02134357991808681
2022-09-15,Crypto Equal Weight,-0.04826521767813677
2022-09-16,Crypto Equal Weight,0.0130507130129396
2022-09-17,Crypto Equal Weight,0.031041752444428396
2022-09-18,Crypto Equal Weight,-0.07844006705083154
2022-09-19,Crypto Equal Weight,0.02205062184171412
2022-09-20,Crypto Equal Weight,0.00012092982397091633
2022-09-21,Crypto Equal Weight,-0.03912727626748656
2022-09-22,Crypto Equal Weight,0.06731721632356923
2022-09-23,Crypto Equal Weight,0.011085161822327872
2022-09-24,Crypto Equal Weight,-0.021096523709983696
2022-09-25,Crypto Equal Weight,-0.013323073667573293
2022-09-26,Crypto Equal Weight,0.0026776526631443363
2022-09-27,Crypto Equal Weight,-0.01530393045398919
2022-09-28,Crypto Equal Weight,-0.0012962799289126913
2022-09-29,Crypto Equal Weight,0.026085138651090946
2022-09-30,Crypto Equal Weight,-0.004491731472247418
2022-10-01,Crypto Equal Weight,0.0008534505682332933
2022-10-02,Crypto Equal Weight,-0.025340823712240203
2022-10-03,Crypto Equal Weight,0.02177381961999727
2022-10-04,Crypto Equal Weight,0.024596952998144017
2022-10-05,Crypto Equal Weight,-0.004256612742547317
2022-10-06,Crypto Equal Weight,-0.006072386991168044
2022-10-07,Crypto Equal Weight,-0.004199723701290225
2022-10-08,Crypto Equal Weight,-0.003162700746175518
2022-10-09,Crypto Equal Weight,0.010305532644744564
2022-10-10,Crypto Equal Weight,-0.04378364997925048
2022-10-11,Crypto Equal Weight,-0.01811325390537241
2022-10-12,Crypto Equal Weight,0.0017588610791762656
2022-10-13,Crypto Equal Weight,-0.016872170705753246
2022-10-14,Crypto Equal Weight,0.002402632020752704
2022-10-15,Crypto Equal Weight,-0.007131151020167648
2022-10-16,Crypto Equal Weight,0.011621146466186618
2022-10-17,Crypto Equal Weight,0.01184697635550842
2022-10-18,Crypto Equal Weight,-0.015818455509828577
2022-10-19,Crypto Equal Weight,-0.024324659241497
2022-10-20,Crypto Equal Weight,-0.002619610516268811
2022-10-21,Crypto Equal Weight,0.013255302797449076
2022-10-22,Crypto Equal Weight,0.01085435584045934
2022-10-23,Crypto Equal Weight,0.019051152137463646
2022-10-24,Crypto Equal Weight,-0.020039312732326498
2022-10-25,Crypto Equal Weight,0.053188844301937294
2022-10-26,Crypto Equal Weight,0.02339555418738111
2022-10-27,Crypto Equal Weight,-0.021055507328959756
2022-10-28,Crypto Equal Weight,0.020022714690651533
2022-10-29,Crypto Equal Weight,0.01645220704709567
2022-10-30,Crypto Equal Weight,-0.023401822179841568
2022-10-31,Crypto Equal Weight,0.0012976892075733607
2022-11-01,Crypto Equal Weight,-0.004912792959008128
2022-11-02,Crypto Equal Weight,-0.014486227815160457
2022-11-03,Crypto Equal Weight,0.015883857574179074
2022-11-04,Crypto Equal Weight,0.0685059505372958
2022-11-05,Crypto Equal Weight,-0.00020999726714571176
2022-11-06,Crypto Equal Weight,-0.03910438366190773
2022-11-07,Crypto Equal Weight,0.00012663336940262906
2022-11-08,Crypto Equal Weight,-0.1167796687963813
2022-11-09,Crypto Equal Weight,-0.14533737478270545
2022-11-10,Crypto Equal Weight,0.15718182435819011
2022-11-11,Crypto Equal Weight,-0.017450224027057114
2022-11-12,Crypto Equal Weight,-0.031724200843263994
2022-11-13,Crypto Equal Weight,-0.03424062873727751
2022-11-14,Crypto Equal Weight,0.023508344251123924
2022-11-15,Crypto Equal Weight,0.01477058664012685
2022-11-16,Crypto Equal Weight,-0.018455154464827005
2022-11-17,Crypto Equal Weight,0.005198850055400294
2022-11-18,Crypto Equal Weight,0.0022627748098978167
2022-11-19,Crypto Equal Weight,0.007957564572855104
2022-11-20,Crypto Equal Weight,-0.04097185663900474
2022-11-21,Crypto Equal Weight,-0.013766519939743083
2022-11-22,Crypto Equal Weight,0.038187652041588735
2022-11-23,Crypto Equal Weight,0.046008196482222014
2022-11-24,Crypto Equal Weight,0.01047953732323903
2022-11-25,Crypto Equal Weight,-0.006553732974283944
2022-11-26,Crypto Equal Weight,-0.003913906244352328
2022-11-27,Crypto Equal Weight,-0.0016151355296764702
2022-11-28,Crypto Equal Weight,-0.017932822384435165
2022-11-29,Crypto Equal Weight,0.016379010998877487
2022-11-30,Crypto Equal Weight,0.034122282916634196
2022-12-01,Crypto Equal Weight,-0.020102116542736657
2022-12-02,Crypto Equal Weight,0.00869650707204106
2022-12-03,Crypto Equal Weight,-0.019275456071140583
2022-12-04,Crypto Equal Weight,0.011134860482354781
2022-12-05,Crypto Equal Weight,-0.00187915914782929
2022-12-06,Crypto Equal Weight,0.0064333272466877145
2022-12-07,Crypto Equal Weight,-0.01939734123673914
2022-12-08,Crypto Equal Weight,0.02164816239338476
2022-12-09,Crypto Equal Weight,-0.005385923408072269
2022-12-10,Crypto Equal Weight,-0.00041431654895387484
2022-12-11,Crypto Equal Weight,-0.012363960479477366
2022-12-12,Crypto Equal Weight,-0.0025423718663757037
2022-12-13,Crypto Equal Weight,0.022912054945997573
2022-12-14,Crypto Equal Weight,-0.010998918446365037
2022-12-15,Crypto Equal Weight,-0.0234077154992274
2022-12-16,Crypto Equal Weight,-0.08042107349128047
2022-12-17,Crypto Equal Weight,0.014197022017520211
2022-12-18,Crypto Equal Weight,-0.006549228491721326
2022-12-19,Crypto Equal Weight,-0.030900155037951894
2022-12-20,Crypto Equal Weight,0.03630442386762824
2022-12-21,Crypto Equal Weight,-0.003591498772828527
2022-12-22,Crypto Equal Weight,0.006183164973579569
2022-12-23,Crypto Equal Weight,-0.0010842824716702948
2022-12-24,Crypto Equal Weight,-0.0009345266149806464
2022-12-25,Crypto Equal Weight,0.0003434715730120663
2022-12-26,Crypto Equal Weight,0.01605461149027626
2022-12-27,Crypto Equal Weight,-0.011762568229070092
2022-12-28,Crypto Equal Weight,-0.02708049532085132
2022-12-29,Crypto Equal Weight,-0.0006051108231715065
2022-12-30,Crypto Equal Weight,0.0004119472554617422
2022-12-31,Crypto Equal Weight,0.001242358193192794
2023-01-01,Crypto Equal Weight,0.0077556029142964444
2023-01-02,Crypto Equal Weight,0.01900434961362503
2023-01-03,Crypto Equal Weight,-0.0027050635667062563
2023-01-04,Crypto Equal Weight,0.03703987096180521
2023-01-05,Crypto Equal Weight,-0.014915270707060857
2023-01-06,Crypto Equal Weight,0.023992249899001263
2023-01-07,Crypto Equal Weight,-0.0033150493784421474
2023-01-08,Crypto Equal Weight,0.022152942418084014
2023-01-09,Crypto Equal Weight,0.0273397797884958
2023-01-10,Crypto Equal Weight,0.006023627086972295
2023-01-11,Crypto Equal Weight,0.029362723562493698
2023-01-12,Crypto Equal Weight,0.025749110740923696
2023-01-13,Crypto Equal Weight,0.03391595944645199
2023-01-14,Crypto Equal Weight,0.03433883214203748
2023-01-15,Crypto Equal Weight,-0.002676489486090117
2023-01-16,Crypto Equal Weight,-0.0045906479143469235
2023-01-17,Crypto Equal Weight,-0.004905501990651051
2023-01-18,Crypto Equal Weight,-0.04283574448150235
2023-01-19,Crypto Equal Weight,0.02374091325805703
2023-01-20,Crypto Equal Weight,0.06451981663484793
2023-01-21,Crypto Equal Weight,-0.009632871913905806
2023-01-22,Crypto Equal Weight,0.009943629551392632
2023-01-23,Crypto Equal Weight,0.020945304673450772
2023-01-24,Crypto Equal Weight,-0.041702126622754424
2023-01-25,Crypto Equal Weight,0.03070596164236805
2023-01-26,Crypto Equal Weight,-0.0017370736202734994
2023-01-27,Crypto Equal Weight,0.010663978155810239
2023-01-28,Crypto Equal Weight,-0.008871756409081721
2023-01-29,Crypto Equal Weight,0.03185076197963703
2023-01-30,Crypto Equal Weight,-0.04704284596112843
2023-01-31,Crypto Equal Weight,0.01970616656237656
2023-02-01,Crypto Equal Weight,0.025797610005811867
2023-02-02,Crypto Equal Weight,-0.004085517910096637
2023-02-03,Crypto Equal Weight,0.013795338410564273
2023-02-04,Crypto Equal Weight,0.0008217074966740401
2023-02-05,Crypto Equal Weight,-0.021485676165057387
2023-02-06,Crypto Equal Weight,-0.01750677062949003
2023-02-07,Crypto Equal Weight,0.03869117832630642
2023-02-08,Crypto Equal Weight,-0.015035624875278054
2023-02-09,Crypto Equal Weight,-0.057711348654223275
2023-02-10,Crypto Equal Weight,-0.0009264932442613174
2023-02-11,Crypto Equal Weight,0.011119083825479527
2023-02-12,Crypto Equal Weight,-0.014240155531741516
2023-02-13,Crypto Equal Weight,-0.0031842224978953057
2023-02-14,Crypto Equal Weight,0.029872183904632733
2023-02-15,Crypto Equal Weight,0.06536374685986238
2023-02-16,Crypto Equal Weight,-0.0437863949888458
2023-02-17,Crypto Equal Weight,0.048827886165622655
2023-02-18,Crypto Equal Weight,0.007887810379065564
2023-02-19,Crypto Equal Weight,-0.01070811501788358
2023-02-20,Crypto Equal Weight,0.025052763815127686
2023-02-21,Crypto Equal Weight,-0.01918195592707385
2023-02-22,Crypto Equal Weight,-0.007432613906955422
2023-02-23,Crypto Equal Weight,-0.011735816425103697
2023-02-24,Crypto Equal Weight,-0.03497155614609792
2023-02-25,Crypto Equal Weight,-0.00247534121806664
2023-02-26,Crypto Equal Weight,0.017734774694643064
2023-02-27,Crypto Equal Weight,-0.004616748672202598
2023-02-28,Crypto Equal Weight,-0.012715198199124323
2023-03-01,Crypto Equal Weight,0.02613632945537423
2023-03-02,Crypto Equal Weight,-0.01007078787286344
2023-03-03,Crypto Equal Weight,-0.022607444872867956
2023-03-04,Crypto Equal Weight,-0.01880899563048919
2023-03-05,Crypto Equal Weight,-0.001995698481330155
2023-03-06,Crypto Equal Weight,-0.00392180502006011
2023-03-07,Crypto Equal Weight,-0.008894546655637114
2023-03-08,Crypto Equal Weight,-0.02721030306671051
2023-03-09,Crypto Equal Weight,-0.06062363391736244
2023-03-10,Crypto Equal Weight,-0.004351473976778364
2023-03-11,Crypto Equal Weight,0.0018321938898936078
2023-03-12,Crypto Equal Weight,0.0674362877377666
2023-03-13,Crypto Equal Weight,0.04387682758864089
2023-03-14,Crypto Equal Weight,0.020163527323838592
2023-03-15,Crypto Equal Weight,-0.05192990719788016
2023-03-16,Crypto Equal Weight,0.018210966972107202
2023-03-17,Crypto Equal Weight,0.06565744021574993
2023-03-18,Crypto Equal Weight,-0.02269572836874778
2023-03-19,Crypto Equal Weight,0.028497063352154364
2023-03-20,Crypto Equal Weight,-0.03439950547262127
2023-03-21,Crypto Equal Weight,0.07619108897481007
2023-03-22,Crypto Equal Weight,-0.049332456400027216
2023-03-23,Crypto Equal Weight,0.04653891872498437
2023-03-24,Crypto Equal Weight,-0.027248347242557577
2023-03-25,Crypto Equal Weight,-0.002046375695889047
2023-03-26,Crypto Equal Weight,0.013712003864556756
2023-03-27,Crypto Equal Weight,-0.019250616939979117
2023-03-28,Crypto Equal Weight,0.029880537619454885
2023-03-29,Crypto Equal Weight,0.02862273797752435
2023-03-30,Crypto Equal Weight,-0.0017607590749928797
2023-03-31,Crypto Equal Weight,0.022496855014818285
2023-04-01,Crypto Equal Weight,-0.004093416876705502
2023-04-02,Crypto Equal Weight,-0.007162079471210982
2023-04-03,Crypto Equal Weight,-0.0018588488543411668
2023-04-04,Crypto Equal Weight,0.008769344303898264
2023-04-05,Crypto Equal Weight,0.004589962586101926
2023-04-06,Crypto Equal Weight,-0.008989619099706548
2023-04-07,Crypto Equal Weight,-0.0007157523707202243
2023-04-08,Crypto Equal Weight,-0.007581287504680156
2023-04-09,Crypto Equal Weight,0.0085751661116362
2023-04-10,Crypto Equal Weight,0.023579695263970038
2023-04-11,Crypto Equal Weight,0.0038228605318978985
2023-04-12,Crypto Equal Weight,-0.0047451783135010975
2023-04-13,Crypto Equal Weight,0.023349721921274245
2023-04-14,Crypto Equal Weight,0.015352888933841128
2023-04-15,Crypto Equal Weight,-0.0004410469546381687
2023-04-16,Crypto Equal Weight,0.007813593645352735
2023-04-17,Crypto Equal Weight,-0.023954347127940978
2023-04-18,Crypto Equal Weight,0.020489265638337553
2023-04-19,Crypto Equal Weight,-0.07030638123951993
2023-04-20,Crypto Equal Weight,-0.01659382516940027
2023-04-21,Crypto Equal Weight,-0.036250648570689395
2023-04-22,Crypto Equal Weight,0.027746816801226506
2023-04-23,Crypto Equal Weight,-0.011357535930528784
2023-04-24,Crypto Equal Weight,-0.006202409007347476
2023-04-25,Crypto Equal Weight,0.01686722061882369
2023-04-26,Crypto Equal Weight,-0.01275986088343928
2023-04-27,Crypto Equal Weight,0.014932648311098053
2023-04-28,Crypto Equal Weight,0.003736322462608444
2023-04-29,Crypto Equal Weight,0.005886241885930076
2023-04-30,Crypto Equal Weight,-0.013803832708956975
2023-05-01,Crypto Equal Weight,-0.017095930932513506
2023-05-02,Crypto Equal Weight,0.013038566646803432
2023-05-03,Crypto Equal Weight,0.007033688642077719
2023-05-04,Crypto Equal Weight,-0.010527365221955642
2023-05-05,Crypto Equal Weight,0.0206916461158581
2023-05-06,Crypto Equal Weight,-0.029721123498456306
2023-05-07,Crypto Equal Weight,-0.011481109989431838
2023-05-08,Crypto Equal Weight,-0.035857926278684824
2023-05-09,Crypto Equal Weight,0.016064871833109975
2023-05-10,Crypto Equal Weight,-0.0016382682780426996
2023-05-11,Crypto Equal Weight,-0.020885552323124414
2023-05-12,Crypto Equal Weight,0.006633145413243957
2023-05-13,Crypto Equal Weight,-0.006690148368844429
2023-05-14,Crypto Equal Weight,0.009488724033330365
2023-05-15,Crypto Equal Weight,0.008324650956111013
2023-05-16,Crypto Equal Weight,0.008422101567971952
2023-05-17,Crypto Equal Weight,0.014914573072979954
2023-05-18,Crypto Equal Weight,-0.011625633084243758
2023-05-19,Crypto Equal Weight,0.003288349523594647
2023-05-20,Crypto Equal Weight,0.0049119396708774635
2023-05-21,Crypto Equal Weight,-0.01066502158510212
2023-05-22,Crypto Equal Weight,0.008529479082320168
2023-05-23,Crypto Equal Weight,0.008546689643816751
2023-05-24,Crypto Equal Weight,-0.029311627575694967
2023-05-25,Crypto Equal Weight,0.0006137923240644662
2023-05-26,Crypto Equal Weight,0.01386226051645506
2023-05-27,Crypto Equal Weight,0.008685536718812826
2023-05-28,Crypto Equal Weight,0.027256993493929828
2023-05-29,Crypto Equal Weight,-0.0063216406445530515
2023-05-30,Crypto Equal Weight,0.009550061586042524
2023-05-31,Crypto Equal Weight,-0.010968334133005766
2023-06-01,Crypto Equal Weight,-0.0070050480359822205
2023-06-02,Crypto Equal Weight,0.03047013415412552
2023-06-03,Crypto Equal Weight,-0.0032645391579624768
2023-06-04,Crypto Equal Weight,0.0019090477931811844
2023-06-05,Crypto Equal Weight,-0.055567419705904994
2023-06-06,Crypto Equal Weight,0.03446928333226702
2023-06-07,Crypto Equal Weight,-0.03397566127408609
2023-06-08,Crypto Equal Weight,0.007310911144695709
2023-06-09,Crypto Equal Weight,-0.011508540340358878
2023-06-10,Crypto Equal Weight,-0.08270980281888682
2023-06-11,Crypto Equal Weight,0.0016502033140609273
2023-06-12,Crypto Equal Weight,0.0004878984388572815
2023-06-13,Crypto Equal Weight,0.0022993820597000175
2023-06-14,Crypto Equal Weight,-0.04317234608044321
2023-06-15,Crypto Equal Weight,0.005789103691559106
2023-06-16,Crypto Equal Weight,0.011168012818247086
2023-06-17,Crypto Equal Weight,0.009532058512893049
2023-06-18,Crypto Equal Weight,-0.005460914609440515
2023-06-19,Crypto Equal Weight,0.006550246328475961
2023-06-20,Crypto Equal Weight,0.027151896154307277
2023-06-21,Crypto Equal Weight,0.06914386829461867
2023-06-22,Crypto Equal Weight,-0.0036441032838237077
2023-06-23,Crypto Equal Weight,0.07470161177942011
2023-06-24,Crypto Equal Weight,0.011652634564868593
2023-06-25,Crypto Equal Weight,-0.010868836642279278
2023-06-26,Crypto Equal Weight,0.005978334015964881
2023-06-27,Crypto Equal Weight,0.02263140143154352
2023-06-28,Crypto Equal Weight,-0.03996466241134235
2023-06-29,Crypto Equal Weight,0.029699728716752083
2023-06-30,Crypto Equal Weight,0.09404904955033086
2023-07-01,Crypto Equal Weight,-0.00184494094243921
2023-07-02,Crypto Equal Weight,0.005238620849933817
2023-07-03,Crypto Equal Weight,-0.0051221093709991295
2023-07-04,Crypto Equal Weight,-0.01944257981250476
2023-07-05,Crypto Equal Weight,-0.015160100684215772
2023-07-06,Crypto Equal Weight,-0.025132335253464935
2023-07-07,Crypto Equal Weight,0.01796298117539279
2023-07-08,Crypto Equal Weight,0.0015316509312837678
2023-07-09,Crypto Equal Weight,-0.013726282828247383
2023-07-10,Crypto Equal Weight,0.012686976892272451
2023-07-11,Crypto Equal Weight,0.00029969873734785307
2023-07-12,Crypto Equal Weight,-0.004325411937046787
2023-07-13,Crypto Equal Weight,0.19549932848969687
2023-07-14,Crypto Equal Weight,-0.06154752460039317
2023-07-15,Crypto Equal Weight,-0.010010406055538589
2023-07-16,Crypto Equal Weight,-0.0053807677283610475
2023-07-17,Crypto Equal Weight,-0.004097995284557189
2023-07-18,Crypto Equal Weight,0.0006437713452430382
2023-07-19,Crypto Equal Weight,0.029475186809692955
2023-07-20,Crypto Equal Weight,-0.00025280173185267
2023-07-21,Crypto Equal Weight,-0.0015039225025845092
2023-07-22,Crypto Equal Weight,-0.012805089144875936
2023-07-23,Crypto Equal Weight,0.013126348690180534
2023-07-24,Crypto Equal Weight,-0.039110888204281935
2023-07-25,Crypto Equal Weight,0.0004515707248740952
2023-07-26,Crypto Equal Weight,0.015362130043130941
2023-07-27,Crypto Equal Weight,0.0022443134630713455
2023-07-28,Crypto Equal Weight,0.007462819176447867
2023-07-29,Crypto Equal Weight,0.0033636404367188956
2023-07-30,Crypto Equal Weight,-0.0018887354070578296
2023-07-31,Crypto Equal Weight,-0.01723273511035757
2023-08-01,Crypto Equal Weight,0.008097901202082248
2023-08-02,Crypto Equal Weight,-0.03714694707929564
2023-08-03,Crypto Equal Weight,-0.01737553628357058
2023-08-04,Crypto Equal Weight,-0.007302872222976842
2023-08-05,Crypto Equal Weight,0.004349784985149952
2023-08-06,Crypto Equal Weight,-0.005434122335717784
2023-08-07,Crypto Equal Weight,0.00701631019083232
2023-08-08,Crypto Equal Weight,0.014720931908673896
2023-08-09,Crypto Equal Weight,-0.002395454912777484
2023-08-10,Crypto Equal Weight,-0.010313452290058634
2023-08-11,Crypto Equal Weight,-0.002505354091861367
2023-08-12,Crypto Equal Weight,-3.937036608947508e-06
2023-08-13,Crypto Equal Weight,-0.006202337709924489
2023-08-14,Crypto Equal Weight,0.0019515992508783108
2023-08-15,Crypto Equal Weight,-0.028483106955607816
2023-08-16,Crypto Equal Weight,-0.03890073461971866
2023-08-17,Crypto Equal Weight,-0.08842940887497386
2023-08-18,Crypto Equal Weight,0.006166164594595427
2023-08-19,Crypto Equal Weight,0.01446029421699644
2023-08-20,Crypto Equal Weight,0.01688367261580164
2023-08-21,Crypto Equal Weight,-0.009879608817271868
2023-08-22,Crypto Equal Weight,-0.014368192690346893
2023-08-23,Crypto Equal Weight,0.03150211746919023
2023-08-24,Crypto Equal Weight,-0.012132670149970028
2023-08-25,Crypto Equal Weight,-0.001097954023416292
2023-08-26,Crypto Equal Weight,-0.005586021939540321
2023-08-27,Crypto Equal Weight,0.009236659750104225
2023-08-28,Crypto Equal Weight,-0.005905699793415331
2023-08-29,Crypto Equal Weight,0.055070350603778455
2023-08-30,Crypto Equal Weight,-0.022248078588893397
2023-08-31,Crypto Equal Weight,-0.03801269052597048
2023-09-01,Crypto Equal Weight,-0.012928701106311181
2023-09-02,Crypto Equal Weight,0.0021511719438193524
2023-09-03,Crypto Equal Weight,0.006164628955449203
2023-09-04,Crypto Equal Weight,0.0031609911132003286
2023-09-05,Crypto Equal Weight,-0.0016046155696309739
2023-09-06,Crypto Equal Weight,0.0014576500461318863
2023-09-07,Crypto Equal Weight,0.007585107840102846
2023-09-08,Crypto Equal Weight,-0.00505856760002702
2023-09-09,Crypto Equal Weight,0.0036530195165871754
2023-09-10,Crypto Equal Weight,-0.01358203824648161
2023-09-11,Crypto Equal Weight,-0.03317390146200886
2023-09-12,Crypto Equal Weight,0.02023627737002509
2023-09-13,Crypto Equal Weight,0.0109101377122229
2023-09-14,Crypto Equal Weight,0.015075647116377933
2023-09-15,Crypto Equal Weight,0.017594204754288655
2023-09-16,Crypto Equal Weight,-0.0038962074747921236
2023-09-17,Crypto Equal Weight,-0.01639326751851299
2023-09-18,Crypto Equal Weight,0.01968908084512331
2023-09-19,Crypto Equal Weight,0.011995626949226113
2023-09-20,Crypto Equal Weight,-0.010665434056974475
2023-09-21,Crypto Equal Weight,-0.01980039929133833
2023-09-22,Crypto Equal Weight,0.0012225372952483825
2023-09-23,Crypto Equal Weight,0.0025781426251764274
2023-09-24,Crypto Equal Weight,-0.013020335411775552
2023-09-25,Crypto Equal Weight,0.008710390048507412
2023-09-26,Crypto Equal Weight,-0.0030991371631249546
2023-09-27,Crypto Equal Weight,0.009322785106952891
2023-09-28,Crypto Equal Weight,0.02507332442056951
2023-09-29,Crypto Equal Weight,0.005434094670924461
2023-09-30,Crypto Equal Weight,0.004049637744505442
2023-10-01,Crypto Equal Weight,0.029508245626091823
2023-10-02,Crypto Equal Weight,-0.02263630601154587
2023-10-03,Crypto Equal Weight,0.00018829581268208244
2023-10-04,Crypto Equal Weight,-0.006274930158273262
2023-10-05,Crypto Equal Weight,-0.011059632702356848
2023-10-06,Crypto Equal Weight,0.009812111022711312
2023-10-07,Crypto Equal Weight,-0.004232898693495945
2023-10-08,Crypto Equal Weight,-0.004816313761426894
2023-10-09,Crypto Equal Weight,-0.030927593647395137
2023-10-10,Crypto Equal Weight,-0.0074236072208691
2023-10-11,Crypto Equal Weight,-0.008962957009541505
2023-10-12,Crypto Equal Weight,-0.008336279694453464
2023-10-13,Crypto Equal Weight,0.00703169466928315
2023-10-14,Crypto Equal Weight,0.0015492963973016472
2023-10-15,Crypto Equal Weight,0.006085723990029369
2023-10-16,Crypto Equal Weight,0.029826719180017003
2023-10-17,Crypto Equal Weight,-0.018865643579989565
2023-10-18,Crypto Equal Weight,-0.006922478049449166
2023-10-19,Crypto Equal Weight,0.0170962051766866
2023-10-20,Crypto Equal Weight,0.021515127763302687
2023-10-21,Crypto Equal Weight,0.01869910896584639
2023-10-22,Crypto Equal Weight,0.00468562831336562
2023-10-23,Crypto Equal Weight,0.057254370553528625
2023-10-24,Crypto Equal Weight,-5.5170320917185785e-05
2023-10-25,Crypto Equal Weight,0.0036412791627733147
2023-10-26,Crypto Equal Weight,-0.0004957256077606439
2023-10-27,Crypto Equal Weight,-0.01083655687974755
2023-10-28,Crypto Equal Weight,0.012065201809833438
2023-10-29,Crypto Equal Weight,0.012478492769189999
2023-10-30,Crypto Equal Weight,0.012115615043815276
2023-10-31,Crypto Equal Weight,0.009585151462079567
2023-11-01,Crypto Equal Weight,0.020423321832506593
2023-11-02,Crypto Equal Weight,-0.010673215464948316
2023-11-03,Crypto Equal Weight,0.005687092970192598
2023-11-04,Crypto Equal Weight,0.009266731489831658
2023-11-05,Crypto Equal Weight,0.022180669055755532
2023-11-06,Crypto Equal Weight,0.0298732165622289
2023-11-07,Crypto Equal Weight,-0.015245608939161116
2023-11-08,Crypto Equal Weight,0.009123363828995878
2023-11-09,Crypto Equal Weight,0.018942521337077956
2023-11-10,Crypto Equal Weight,0.016119127764091114
2023-11-11,Crypto Equal Weight,0.0003847868334870938
2023-11-12,Crypto Equal Weight,-0.0006957615929076178
2023-11-13,Crypto Equal Weight,-0.015109750322123418
2023-11-14,Crypto Equal Weight,-0.03211101876751308
2023-11-15,Crypto Equal Weight,0.04185776999454001
2023-11-16,Crypto Equal Weight,-0.0333948653714404
2023-11-17,Crypto Equal Weight,-0.0013511061181286092
2023-11-18,Crypto Equal Weight,0.0010200089476241625
2023-11-19,Crypto Equal Weight,0.01752721150821428
2023-11-20,Crypto Equal Weight,-0.012497110479452678
2023-11-21,Crypto Equal Weight,-0.05277398882146187
2023-11-22,Crypto Equal Weight,0.04727342608349422
2023-11-23,Crypto Equal Weight,0.0031977855030910773
2023-11-24,Crypto Equal Weight,0.010683066717420787
2023-11-25,Crypto Equal Weight,0.014944736662485992
2023-11-26,Crypto Equal Weight,-0.010789537345764112
2023-11-27,Crypto Equal Weight,-0.024229064196371886
2023-11-28,Crypto Equal Weight,0.010875359748756308
2023-11-29,Crypto Equal Weight,-0.0015633888162123297
2023-11-30,Crypto Equal Weight,-0.003735138334125721
2023-12-01,Crypto Equal Weight,0.01645782673107902
2023-12-02,Crypto Equal Weight,0.01966302971088343
2023-12-03,Crypto Equal Weight,0.004459218640063989
2023-12-04,Crypto Equal Weight,0.02434106799439686
2023-12-05,Crypto Equal Weight,0.018389489538105597
2023-12-06,Crypto Equal Weight,0.0013237156875065537
2023-12-07,Crypto Equal Weight,0.02423427798230167
2023-12-08,Crypto Equal Weight,0.04694566876400497
2023-12-09,Crypto Equal Weight,0.006388985528143444
2023-12-10,Crypto Equal Weight,0.0019439946326410104
2023-12-11,Crypto Equal Weight,-0.06588507928304638
2023-12-12,Crypto Equal Weight,0.006350064513168774
2023-12-13,Crypto Equal Weight,0.03016846894188363
2023-12-14,Crypto Equal Weight,0.0058804058603049054
2023-12-15,Crypto Equal Weight,-0.04007389396266611
2023-12-16,Crypto Equal Weight,0.01889895317922652
2023-12-17,Crypto Equal Weight,-0.01908536977025386
2023-12-18,Crypto Equal Weight,0.0026682168001951443
2023-12-19,Crypto Equal Weight,-0.013889862746785242
2023-12-20,Crypto Equal Weight,0.01919465039816033
2023-12-21,Crypto Equal Weight,0.028038946398433563
2023-12-22,Crypto Equal Weight,0.017659209009807143
2023-12-23,Crypto Equal Weight,-0.009033084431587103
2023-12-24,Crypto Equal Weight,-0.017737058550317875
2023-12-25,Crypto Equal Weight,0.030472356480362443
2023-12-26,Crypto Equal Weight,-0.022479580266228295
2023-12-27,Crypto Equal Weight,0.05254635573080771
2023-12-28,Crypto Equal Weight,-0.00840828058475297
2023-12-29,Crypto Equal Weight,-0.018570001800694725
2023-12-30,Crypto Equal Weight,0.00732226086147536
2023-12-31,Crypto Equal Weight,-0.011748167139113263
2020-09-10,Crypto Maximum Sharpe,0.020927860432585377
2020-09-11,Crypto Maximum Sharpe,0.00967885809574247
2020-09-12,Crypto Maximum Sharpe,0.005885167346905742
2020-09-13,Crypto Maximum Sharpe,-0.049796646590152135
2020-09-14,Crypto Maximum Sharpe,0.01615027687709939
2020-09-15,Crypto Maximum Sharpe,-0.04983122814212308
2020-09-16,Crypto Maximum Sharpe,-0.022253658698599812
2020-09-17,Crypto Maximum Sharpe,0.05056564496253553
2020-09-18,Crypto Maximum Sharpe,-0.0038431164709452374
2020-09-19,Crypto Maximum Sharpe,-0.011494206228581721
2020-09-20,Crypto Maximum Sharpe,-0.030404499249736882
2020-09-21,Crypto Maximum Sharpe,-0.0843176701049809
2020-09-22,Crypto Maximum Sharpe,0.008834544583924048
2020-09-23,Crypto Maximum Sharpe,-0.04582454616167546
2020-09-24,Crypto Maximum Sharpe,0.07367933905671725
2020-09-25,Crypto Maximum Sharpe,0.07202646118288586
2020-09-26,Crypto Maximum Sharpe,-0.00013621170867758863
2020-09-27,Crypto Maximum Sharpe,0.014195237475180554
2020-09-28,Crypto Maximum Sharpe,-0.007645730653472705
2020-09-29,Crypto Maximum Sharpe,0.0059533589200241365
2020-09-30,Crypto Maximum Sharpe,-0.003221148806093893
2020-10-01,Crypto Maximum Sharpe,-0.024191518110055467
2020-10-02,Crypto Maximum Sharpe,-0.032794982397913404
2020-10-03,Crypto Maximum Sharpe,0.002718050540924291
2020-10-04,Crypto Maximum Sharpe,0.02339603596484623
2020-10-05,Crypto Maximum Sharpe,0.007517820618967011
2020-10-06,Crypto Maximum Sharpe,-0.041975717578177495
2020-10-07,Crypto Maximum Sharpe,0.0062133309303632955
2020-10-08,Crypto Maximum Sharpe,0.025725883797535737
2020-10-09,Crypto Maximum Sharpe,0.049808266582675786
2020-10-10,Crypto Maximum Sharpe,0.02137446999075636
2020-10-11,Crypto Maximum Sharpe,0.012591239251689777
2020-10-12,Crypto Maximum Sharpe,0.0332427441828355
2020-10-13,Crypto Maximum Sharpe,-0.01426829571270717
2020-10-14,Crypto Maximum Sharpe,-0.008640281610120424
2020-10-15,Crypto Maximum Sharpe,-0.0057161258377238875
2020-10-16,Crypto Maximum Sharpe,-0.02733176113058261
2020-10-17,Crypto Maximum Sharpe,0.012448853966166773
2020-10-18,Crypto Maximum Sharpe,0.019738054700479107
2020-10-19,Crypto Maximum Sharpe,0.007715044392218691
2020-10-20,Crypto Maximum Sharpe,-0.04050663121578699
2020-10-21,Crypto Maximum Sharpe,0.05123762495628155
2020-10-22,Crypto Maximum Sharpe,0.04920152750019982
2020-10-23,Crypto Maximum Sharpe,-0.015126994783382919
2020-10-24,Crypto Maximum Sharpe,0.0037482546169376853
2020-10-25,Crypto Maximum Sharpe,-0.015477928439542838
2020-10-26,Crypto Maximum Sharpe,-0.030455839930488206
2020-10-27,Crypto Maximum Sharpe,0.013659594720834067
2020-10-28,Crypto Maximum Sharpe,-0.03775497041573153
2020-10-29,Crypto Maximum Sharpe,-0.01828637108576392
2020-10-30,Crypto Maximum Sharpe,-0.014750833355370526
2020-10-31,Crypto Maximum Sharpe,0.004245798012824501
2020-11-01,Crypto Maximum Sharpe,0.028639331976348693
2020-11-02,Crypto Maximum Sharpe,-0.041226439162877326
2020-11-03,Crypto Maximum Sharpe,0.019688823851412907
2020-11-04,Crypto Maximum Sharpe,0.016547544844662934
2020-11-05,Crypto Maximum Sharpe,0.05262631982894774
2020-11-06,Crypto Maximum Sharpe,0.0697886664391659
2020-11-07,Crypto Maximum Sharpe,-0.05964100732777645
2020-11-08,Crypto Maximum Sharpe,0.04681659040901976
2020-11-09,Crypto Maximum Sharpe,-0.011581111020862919
2020-11-10,Crypto Maximum Sharpe,0.0015910796053981617
2020-11-11,Crypto Maximum Sharpe,0.012412939613306893
2020-11-12,Crypto Maximum Sharpe,0.0073982643624762616
2020-11-13,Crypto Maximum Sharpe,0.011769947060015194
2020-11-14,Crypto Maximum Sharpe,-0.018015706636246354
2020-11-15,Crypto Maximum Sharpe,-0.021755675321689347
2020-11-16,Crypto Maximum Sharpe,0.038697160089411264
2020-11-17,Crypto Maximum Sharpe,0.05357307450302889
2020-11-18,Crypto Maximum Sharpe,-0.011480394556417636
2020-11-19,Crypto Maximum Sharpe,-0.004208799469409417
2020-11-20,Crypto Maximum Sharpe,0.0829274153339538
2020-11-21,Crypto Maximum Sharpe,0.0748791586440962
2020-11-22,Crypto Maximum Sharpe,0.03974980882717223
2020-11-23,Crypto Maximum Sharpe,0.03778882344680709
2020-11-24,Crypto Maximum Sharpe,0.06590799194657497
2020-11-25,Crypto Maximum Sharpe,-0.04711358039299099
2020-11-26,Crypto Maximum Sharpe,-0.09879596862117379
2020-11-27,Crypto Maximum Sharpe,0.00962275570476301
2020-11-28,Crypto Maximum Sharpe,0.10720677897778622
2020-11-29,Crypto Maximum Sharpe,0.01777899931711431
2020-11-30,Crypto Maximum Sharpe,0.05060788839132417
2020-12-01,Crypto Maximum Sharpe,-0.058830062819124174
2020-12-02,Crypto Maximum Sharpe,0.0180246011923828
2020-12-03,Crypto Maximum Sharpe,0.017042082569413496
2020-12-04,Crypto Maximum Sharpe,-0.06902573785541664
2020-12-05,Crypto Maximum Sharpe,0.042789934682757325
2020-12-06,Crypto Maximum Sharpe,0.010898741067758764
2020-12-07,Crypto Maximum Sharpe,-0.018158634851689143
2020-12-08,Crypto Maximum Sharpe,-0.06356434804278231
2020-12-09,Crypto Maximum Sharpe,0.03957874255309245
2020-12-10,Crypto Maximum Sharpe,-0.028284471561882605
2020-12-11,Crypto Maximum Sharpe,-0.022694718169537817
2020-12-12,Crypto Maximum Sharpe,0.036616481364762914
2020-12-13,Crypto Maximum Sharpe,0.04024514810813383
2020-12-14,Crypto Maximum Sharpe,0.0015167361729767508
2020-12-15,Crypto Maximum Sharpe,-0.004082055112902496
2020-12-16,Crypto Maximum Sharpe,0.1040551268422562
2020-12-17,Crypto Maximum Sharpe,0.027450954598763146
2020-12-18,Crypto Maximum Sharpe,0.011651417998567294
2020-12-19,Crypto Maximum Sharpe,0.013242377244403136
2020-12-20,Crypto Maximum Sharpe,-0.02108679567391323
2020-12-21,Crypto Maximum Sharpe,-0.04263634474832566
2020-12-22,Crypto Maximum Sharpe,0.022070539931117395
2020-12-23,Crypto Maximum Sharpe,-0.09493908044586502
2020-12-24,Crypto Maximum Sharpe,0.08838292257703362
2020-12-25,Crypto Maximum Sharpe,0.020073513171944717
2020-12-26,Crypto Maximum Sharpe,0.028946461551904477
2020-12-27,Crypto Maximum Sharpe,0.0010435565174887144
2020-12-28,Crypto Maximum Sharpe,0.046672375295792864
2020-12-29,Crypto Maximum Sharpe,0.01116287164879528
2020-12-30,Crypto Maximum Sharpe,0.013785216687900042
2020-12-31,Crypto Maximum Sharpe,-0.004733575443883142
2021-01-01,Crypto Maximum Sharpe,0.007411767886084264
2021-01-02,Crypto Maximum Sharpe,0.0841471870664305
2021-01-03,Crypto Maximum Sharpe,0.03747429823897271
2021-01-04,Crypto Maximum Sharpe,-0.01024867559741374
2021-01-05,Crypto Maximum Sharpe,0.07297598629630997
2021-01-06,Crypto Maximum Sharpe,0.10640272555451437
2021-01-07,Crypto Maximum Sharpe,0.04991713101957417
2021-01-08,Crypto Maximum Sharpe,0.033971638482187885
2021-01-09,Crypto Maximum Sharpe,-0.001150523989855243
2021-01-10,Crypto Maximum Sharpe,-0.05116358418472609
2021-01-11,Crypto Maximum Sharpe,-0.07589685312694058
2021-01-12,Crypto Maximum Sharpe,-0.036140864007748304
2021-01-13,Crypto Maximum Sharpe,0.09908061446542259
2021-01-14,Crypto Maximum Sharpe,0.043443681100975844
2021-01-15,Crypto Maximum Sharpe,-0.05613294766239973
2021-01-16,Crypto Maximum Sharpe,0.0037476966751420955
2021-01-17,Crypto Maximum Sharpe,-0.000545765127807065
2021-01-18,Crypto Maximum Sharpe,0.018222479351741493
2021-01-19,Crypto Maximum Sharpe,-0.013470762288140245
2021-01-20,Crypto Maximum Sharpe,-0.010760760820741995
2021-01-21,Crypto Maximum Sharpe,-0.13788650274587108
2021-01-22,Crypto Maximum Sharpe,0.07735642874680619
2021-01-23,Crypto Maximum Sharpe,-0.026294800415774203
2021-01-24,Crypto Maximum Sharpe,0.009718736318295017
2021-01-25,Crypto Maximum Sharpe,-0.0014673919794636657
2021-01-26,Crypto Maximum Sharpe,0.005814274490263576
2021-01-27,Crypto Maximum Sharpe,-0.0685376348065188
2021-01-28,Crypto Maximum Sharpe,0.10009442467391014
2021-01-29,Crypto Maximum Sharpe,0.02325473346441487
2021-01-30,Crypto Maximum Sharpe,0.00351456360398636
2021-01-31,Crypto Maximum Sharpe,-0.03551355282555811
2021-02-01,Crypto Maximum Sharpe,0.036976929494093515
2021-02-02,Crypto Maximum Sharpe,0.07504809822941048
2021-02-03,Crypto Maximum Sharpe,0.06693643341892001
2021-02-04,Crypto Maximum Sharpe,-0.022041911928177255
2021-02-05,Crypto Maximum Sharpe,0.06589489840390639
2021-02-06,Crypto Maximum Sharpe,0.024758479521173514
2021-02-07,Crypto Maximum Sharpe,-0.012558736796542841
2021-02-08,Crypto Maximum Sharpe,0.13590829474240582
2021-02-09,Crypto Maximum Sharpe,0.010510611504020367
2021-02-10,Crypto Maximum Sharpe,0.0071438345308187864
2021-02-11,Crypto Maximum Sharpe,0.04547268223098387
2021-02-12,Crypto Maximum Sharpe,0.0074920471939555425
2021-02-13,Crypto Maximum Sharpe,-0.011701363283418083
2021-02-14,Crypto Maximum Sharpe,0.01106648761154672
2021-02-15,Crypto Maximum Sharpe,-0.012556830929962053
2021-02-16,Crypto Maximum Sharpe,0.015924085971477642
2021-02-17,Crypto Maximum Sharpe,0.04873556717678871
2021-02-18,Crypto Maximum Sharpe,0.013648612124701837
2021-02-19,Crypto Maximum Sharpe,0.051303822379799295
2021-02-20,Crypto Maximum Sharpe,0.014566601759434241
2021-02-21,Crypto Maximum Sharpe,0.015520211913404296
2021-02-22,Crypto Maximum Sharpe,-0.05986954067312968
2021-02-23,Crypto Maximum Sharpe,-0.10942335094180972
2021-02-24,Crypto Maximum Sharpe,0.032163193674553246
2021-02-25,Crypto Maximum Sharpe,-0.05879868495110553
2021-02-26,Crypto Maximum Sharpe,-0.0013180903443302978
2021-02-27,Crypto Maximum Sharpe,0.008468501391138578
2021-02-28,Crypto Maximum Sharpe,-0.024668218253176277
2021-03-01,Crypto Maximum Sharpe,0.05974966211168773
2021-03-02,Crypto Maximum Sharpe,-0.03467386698081218
2021-03-03,Crypto Maximum Sharpe,0.026087417890718816
2021-03-04,Crypto Maximum Sharpe,-0.05499847687275652
2021-03-05,Crypto Maximum Sharpe,0.02202347400944709
2021-03-06,Crypto Maximum Sharpe,-0.011651701359908982
2021-03-07,Crypto Maximum Sharpe,0.03091060572609274
2021-03-08,Crypto Maximum Sharpe,0.008238178273748032
2021-03-09,Crypto Maximum Sharpe,0.056340734781713656
2021-03-10,Crypto Maximum Sharpe,-0.0040676931708762505
2021-03-11,Crypto Maximum Sharpe,0.01741881175821231
2021-03-12,Crypto Maximum Sharpe,-0.03243549797315678
2021-03-13,Crypto Maximum Sharpe,0.06590988026955755
2021-03-14,Crypto Maximum Sharpe,-0.03466411286838282
2021-03-15,Crypto Maximum Sharpe,-0.045450928466323495
2021-03-16,Crypto Maximum Sharpe,0.0826328040236437
2021-03-17,Crypto Maximum Sharpe,0.06235691038412587
2021-03-18,Crypto Maximum Sharpe,-0.04720699064557925
2021-03-19,Crypto Maximum Sharpe,0.02361390939719334
2021-03-20,Crypto Maximum Sharpe,-0.02657083211865207
2021-03-21,Crypto Maximum Sharpe,-0.013862055291065031
2021-03-22,Crypto Maximum Sharpe,-0.057265101581546934
2021-03-23,Crypto Maximum Sharpe,0.0062293077230192815
2021-03-24,Crypto Maximum Sharpe,-0.03789492388130027
2021-03-25,Crypto Maximum Sharpe,-0.004220186037689873
2021-03-26,Crypto Maximum Sharpe,0.07911525777381462
2021-03-27,Crypto Maximum Sharpe,-0.001237989585943961
2021-03-28,Crypto Maximum Sharpe,0.00415054377125108
2021-03-29,Crypto Maximum Sharpe,0.024104860345417478
2021-03-30,Crypto Maximum Sharpe,0.016199747933826076
2021-03-31,Crypto Maximum Sharpe,-0.005885491676598975
2021-04-01,Crypto Maximum Sharpe,-0.0063049251400284605
2021-04-02,Crypto Maximum Sharpe,0.014337639402653191
2021-04-03,Crypto Maximum Sharpe,-0.012309467227308999
2021-04-04,Crypto Maximum Sharpe,0.049073031036657666
2021-04-05,Crypto Maximum Sharpe,0.01393868194126956
2021-04-06,Crypto Maximum Sharpe,-0.014603393114228294
2021-04-07,Crypto Maximum Sharpe,-0.05136655698174831
2021-04-08,Crypto Maximum Sharpe,0.04931688839811026
2021-04-09,Crypto Maximum Sharpe,-0.010387145815269524
2021-04-10,Crypto Maximum Sharpe,0.03127981026942978
2021-04-11,Crypto Maximum Sharpe,0.008622024671056935
2021-04-12,Crypto Maximum Sharpe,0.010141930164524193
2021-04-13,Crypto Maximum Sharpe,0.07154105145954784
2021-04-14,Crypto Maximum Sharpe,-0.002521776143831345
2021-04-15,Crypto Maximum Sharpe,0.02637141199197733
2021-04-16,Crypto Maximum Sharpe,-0.02911604636500606
2021-04-17,Crypto Maximum Sharpe,-0.017893667991164985
2021-04-18,Crypto Maximum Sharpe,-0.07658101658498809
2021-04-19,Crypto Maximum Sharpe,-0.028181601030064413
2021-04-20,Crypto Maximum Sharpe,0.023053062914818248
2021-04-21,Crypto Maximum Sharpe,-0.04858978284375556
2021-04-22,Crypto Maximum Sharpe,-0.04883706022700867
2021-04-23,Crypto Maximum Sharpe,-0.008828731054088695
2021-04-24,Crypto Maximum Sharpe,-0.03029993310554211
2021-04-25,Crypto Maximum Sharpe,-0.017458495270875757
2021-04-26,Crypto Maximum Sharpe,0.11456651421998373
2021-04-27,Crypto Maximum Sharpe,0.03296809990656725
2021-04-28,Crypto Maximum Sharpe,-0.0011755238751806414
2021-04-29,Crypto Maximum Sharpe,-0.02102523634923027
2021-04-30,Crypto Maximum Sharpe,0.07083206848318047
2021-05-01,Crypto Maximum Sharpe,0.021611561460554717
2021-05-02,Crypto Maximum Sharpe,-0.018639129895661525
2021-05-03,Crypto Maximum Sharpe,0.03843857333374154
2021-05-04,Crypto Maximum Sharpe,-0.04531712968794695
2021-05-05,Crypto Maximum Sharpe,0.12733022605136302
2021-05-06,Crypto Maximum Sharpe,0.044076173204425625
2021-05-07,Crypto Maximum Sharpe,-9.111636496578288e-05
2021-05-08,Crypto Maximum Sharpe,0.019929709918132303
2021-05-09,Crypto Maximum Sharpe,0.011463341984984679
2021-05-10,Crypto Maximum Sharpe,-0.05464509440336675
2021-05-11,Crypto Maximum Sharpe,0.042608026904823626
2021-05-12,Crypto Maximum Sharpe,-0.13536121517403388
2021-05-13,Crypto Maximum Sharpe,0.06860358675541561
2021-05-14,Crypto Maximum Sharpe,0.0342321256512015
2021-05-15,Crypto Maximum Sharpe,-0.027118043738840754
2021-05-16,Crypto Maximum Sharpe,0.006599425024144688
2021-05-17,Crypto Maximum Sharpe,-0.07122009248115455
2021-05-18,Crypto Maximum Sharpe,-0.0026200133287909745
2021-05-19,Crypto Maximum Sharpe,-0.21230003256382407
2021-05-20,Crypto Maximum Sharpe,0.14167528421630143
2021-05-21,Crypto Maximum Sharpe,-0.1118619804312767
2021-05-22,Crypto Maximum Sharpe,-0.02783486751954644
2021-05-23,Crypto Maximum Sharpe,-0.09023968312711755
2021-05-24,Crypto Maximum Sharpe,0.17150545676321105
2021-05-25,Crypto Maximum Sharpe,0.002903569155238676
2021-05-26,Crypto Maximum Sharpe,0.060807358033015346
2021-05-27,Crypto Maximum Sharpe,-0.04406920425185411
2021-05-28,Crypto Maximum Sharpe,-0.07982430033788888
2021-05-29,Crypto Maximum Sharpe,-0.04712969889834724
2021-05-30,Crypto Maximum Sharpe,0.057174465042589454
2021-05-31,Crypto Maximum Sharpe,0.07611888032627223
2021-06-01,Crypto Maximum Sharpe,-0.01727401335847701
2021-06-02,Crypto Maximum Sharpe,0.0141926552353203
2021-06-03,Crypto Maximum Sharpe,0.043454123141217
2021-06-04,Crypto Maximum Sharpe,-0.0674549617008699
2021-06-05,Crypto Maximum Sharpe,-0.028457310191632466
2021-06-06,Crypto Maximum Sharpe,0.0160855717820555
2021-06-07,Crypto Maximum Sharpe,-0.07067143586334049
2021-06-08,Crypto Maximum Sharpe,-0.0012138325101004712
2021-06-09,Crypto Maximum Sharpe,0.047473127052059014
2021-06-10,Crypto Maximum Sharpe,-0.05535559121126933
2021-06-11,Crypto Maximum Sharpe,-0.04331693972945473
2021-06-12,Crypto Maximum Sharpe,0.006641513436854103
2021-06-13,Crypto Maximum Sharpe,0.06061501380106211
2021-06-14,Crypto Maximum Sharpe,0.010101402975309233
2021-06-15,Crypto Maximum Sharpe,0.013731776469875012
2021-06-16,Crypto Maximum Sharpe,-0.0737173522083997
2021-06-17,Crypto Maximum Sharpe,0.0008493123848803789
2021-06-18,Crypto Maximum Sharpe,-0.05072703039094073
2021-06-19,Crypto Maximum Sharpe,-0.020087063671071673
2021-06-20,Crypto Maximum Sharpe,0.01995802141456865
2021-06-21,Crypto Maximum Sharpe,-0.1810008338265002
2021-06-22,Crypto Maximum Sharpe,-0.027721848930144764
2021-06-23,Crypto Maximum Sharpe,0.08441832032838566
2021-06-24,Crypto Maximum Sharpe,0.05868734427593602
2021-06-25,Crypto Maximum Sharpe,-0.07881858142550663
2021-06-26,Crypto Maximum Sharpe,0.005597530044134073
2021-06-27,Crypto Maximum Sharpe,0.06552790464942518
2021-06-28,Crypto Maximum Sharpe,0.010280627988845884
2021-06-29,Crypto Maximum Sharpe,0.09665848671874522
2021-06-30,Crypto Maximum Sharpe,0.019065558802407713
2021-07-01,Crypto Maximum Sharpe,-0.052476198739836825
2021-07-02,Crypto Maximum Sharpe,0.02988903713341767
2021-07-03,Crypto Maximum Sharpe,0.02681518172470779
2021-07-04,Crypto Maximum Sharpe,0.024874437559713684
2021-07-05,Crypto Maximum Sharpe,-0.041984074697054126
2021-07-06,Crypto Maximum Sharpe,0.020713845762697164
2021-07-07,Crypto Maximum Sharpe,-0.016000524564081534
2021-07-08,Crypto Maximum Sharpe,-0.06010391527359741
2021-07-09,Crypto Maximum Sharpe,0.012928895582370824
2021-07-10,Crypto Maximum Sharpe,-0.013550980902823986
2021-07-11,Crypto Maximum Sharpe,0.010232899072826327
2021-07-12,Crypto Maximum Sharpe,-0.032384600960167174
2021-07-13,Crypto Maximum Sharpe,-0.042183139180266296
2021-07-14,Crypto Maximum Sharpe,0.004387090992717782
2021-07-15,Crypto Maximum Sharpe,-0.03937337933138802
2021-07-16,Crypto Maximum Sharpe,-0.03703872573340055
2021-07-17,Crypto Maximum Sharpe,0.0023620376096168266
2021-07-18,Crypto Maximum Sharpe,0.00854123052013586
2021-07-19,Crypto Maximum Sharpe,-0.039470038068537765
2021-07-20,Crypto Maximum Sharpe,-0.04846338031990424
2021-07-21,Crypto Maximum Sharpe,0.10239645529090752
2021-07-22,Crypto Maximum Sharpe,0.015039942944817499
2021-07-23,Crypto Maximum Sharpe,0.033138239837704614
2021-07-24,Crypto Maximum Sharpe,0.039836135657610815
2021-07-25,Crypto Maximum Sharpe,-0.007669399438915632
2021-07-26,Crypto Maximum Sharpe,0.01715671567372359
2021-07-27,Crypto Maximum Sharpe,0.01913696652297256
2021-07-28,Crypto Maximum Sharpe,0.000452652668671117
2021-07-29,Crypto Maximum Sharpe,0.007309392212845569
2021-07-30,Crypto Maximum Sharpe,0.027308542243087222
2021-07-31,Crypto Maximum Sharpe,0.012402771515934316
2021-08-01,Crypto Maximum Sharpe,-0.005718715163413869
2021-08-02,Crypto Maximum Sharpe,0.004505718558986239
2021-08-03,Crypto Maximum Sharpe,0.007842829922326499
2021-08-04,Crypto Maximum Sharpe,0.030360287980031847
2021-08-05,Crypto Maximum Sharpe,0.014114909511947044
2021-08-06,Crypto Maximum Sharpe,0.012654340442748354
2021-08-07,Crypto Maximum Sharpe,0.08048944967534594
2021-08-08,Crypto Maximum Sharpe,-0.03870505721528962
2021-08-09,Crypto Maximum Sharpe,0.03733141825547013
2021-08-10,Crypto Maximum Sharpe,0.07436136308732884
2021-08-11,Crypto Maximum Sharpe,0.054007390128759034
2021-08-12,Crypto Maximum Sharpe,-0.0013735054801893342
2021-08-13,Crypto Maximum Sharpe,0.13247130826522296
2021-08-14,Crypto Maximum Sharpe,0.02447049307619464
2021-08-15,Crypto Maximum Sharpe,0.02723595513740628
2021-08-16,Crypto Maximum Sharpe,-0.05075565654924286
2021-08-17,Crypto Maximum Sharpe,-0.07438473395818664
2021-08-18,Crypto Maximum Sharpe,0.06001780894013401
2021-08-19,Crypto Maximum Sharpe,0.10868440184333147
2021-08-20,Crypto Maximum Sharpe,0.024120101737497863
2021-08-21,Crypto Maximum Sharpe,-0.01757771236352994
2021-08-22,Crypto Maximum Sharpe,0.0672568736650698
2021-08-23,Crypto Maximum Sharpe,0.05016690256421596
2021-08-24,Crypto Maximum Sharpe,-0.06672954170666065
2021-08-25,Crypto Maximum Sharpe,0.009258732551223572
2021-08-26,Crypto Maximum Sharpe,-0.0651281021324943
2021-08-27,Crypto Maximum Sharpe,0.12156075077901221
2021-08-28,Crypto Maximum Sharpe,-0.019858869614792572
2021-08-29,Crypto Maximum Sharpe,-0.0023848541246045073
2021-08-30,Crypto Maximum Sharpe,-0.032226133059436265
2021-08-31,Crypto Maximum Sharpe,0.02743540842461927
2021-09-01,Crypto Maximum Sharpe,0.052332811016904096
2021-09-02,Crypto Maximum Sharpe,0.01660957479302707
2021-09-03,Crypto Maximum Sharpe,0.012172988301621005
2021-09-04,Crypto Maximum Sharpe,-0.03579156018009787
2021-09-05,Crypto Maximum Sharpe,0.03688047499637901
2021-09-06,Crypto Maximum Sharpe,-0.01886978438122232
2021-09-07,Crypto Maximum Sharpe,-0.13676444645572466
2021-09-08,Crypto Maximum Sharpe,-0.008244509952690698
2021-09-09,Crypto Maximum Sharpe,0.011471796763076334
2021-09-10,Crypto Maximum Sharpe,-0.050917344488102256
2021-09-11,Crypto Maximum Sharpe,0.07511591647757665
2021-09-12,Crypto Maximum Sharpe,-0.00567167911052298
2021-09-13,Crypto Maximum Sharpe,-0.06042564130871116
2021-09-14,Crypto Maximum Sharpe,0.007779601530286987
2021-09-15,Crypto Maximum Sharpe,0.043053872750675626
2021-09-16,Crypto Maximum Sharpe,-0.027483580492448815
2021-09-17,Crypto Maximum Sharpe,-0.030452404783486736
2021-09-18,Crypto Maximum Sharpe,0.010259216676444003
2021-09-19,Crypto Maximum Sharpe,-0.035717399076154205
2021-09-20,Crypto Maximum Sharpe,-0.10182039948023659
2021-09-21,Crypto Maximum Sharpe,-0.046158780826086765
2021-09-22,Crypto Maximum Sharpe,0.13365148130394514
2021-09-23,Crypto Maximum Sharpe,0.021578726844225394
2021-09-24,Crypto Maximum Sharpe,-0.03746829612979243
2021-09-25,Crypto Maximum Sharpe,0.004414990339018675
2021-09-26,Crypto Maximum Sharpe,-0.025041809529455308
2021-09-27,Crypto Maximum Sharpe,-0.03448183055912599
2021-09-28,Crypto Maximum Sharpe,-0.036304028691525374
2021-09-29,Crypto Maximum Sharpe,0.013127812938899027
2021-09-30,Crypto Maximum Sharpe,0.02741207758398822
2021-10-01,Crypto Maximum Sharpe,0.08200615572556558
2021-10-02,Crypto Maximum Sharpe,0.006593091373029009
2021-10-03,Crypto Maximum Sharpe,0.0037748988003513066
2021-10-04,Crypto Maximum Sharpe,-0.02484379067381982
2021-10-05,Crypto Maximum Sharpe,0.026962470801911387
2021-10-06,Crypto Maximum Sharpe,-0.003504040492361956
2021-10-07,Crypto Maximum Sharpe,0.013312400547216371
2021-10-08,Crypto Maximum Sharpe,-0.014542594688240495
2021-10-09,Crypto Maximum Sharpe,0.027626096421156692
2021-10-10,Crypto Maximum Sharpe,-0.03417183336242166
2021-10-11,Crypto Maximum Sharpe,-0.0008199395264151916
2021-10-12,Crypto Maximum Sharpe,-0.0249708143325188
2021-10-13,Crypto Maximum Sharpe,0.02551451026179002
2021-10-14,Crypto Maximum Sharpe,0.0012983679309685626
2021-10-15,Crypto Maximum Sharpe,0.012213064672359839
2021-10-16,Crypto Maximum Sharpe,-0.01172549783418423
2021-10-17,Crypto Maximum Sharpe,-0.015010652619768389
2021-10-18,Crypto Maximum Sharpe,-0.012149399727383752
2021-10-19,Crypto Maximum Sharpe,-0.0009767389651925895
2021-10-20,Crypto Maximum Sharpe,0.04006965612138556
2021-10-21,Crypto Maximum Sharpe,-0.01838950913876655
2021-10-22,Crypto Maximum Sharpe,-1.3933729348408142e-05
2021-10-23,Crypto Maximum Sharpe,0.011908580921173457
2021-10-24,Crypto Maximum Sharpe,-0.01781889978805225
2021-10-25,Crypto Maximum Sharpe,0.00855437288876928
2021-10-26,Crypto Maximum Sharpe,-0.00707317934050999
2021-10-27,Crypto Maximum Sharpe,-0.10337799547379174
2021-10-28,Crypto Maximum Sharpe,0.05176058024434627
2021-10-29,Crypto Maximum Sharpe,0.017468371748833856
2021-10-30,Crypto Maximum Sharpe,-0.020927174051705997
2021-10-31,Crypto Maximum Sharpe,0.01369998848998601
2021-11-01,Crypto Maximum Sharpe,-0.005866022381165435
2021-11-02,Crypto Maximum Sharpe,0.03759572291893902
2021-11-03,Crypto Maximum Sharpe,0.015864786755777464
2021-11-04,Crypto Maximum Sharpe,-0.022528117686371543
2021-11-05,Crypto Maximum Sharpe,-0.014119595103436331
2021-11-06,Crypto Maximum Sharpe,-0.003018218547673297
2021-11-07,Crypto Maximum Sharpe,0.026406028949076153
2021-11-08,Crypto Maximum Sharpe,0.04645983832793854
2021-11-09,Crypto Maximum Sharpe,0.03472038023549595
2021-11-10,Crypto Maximum Sharpe,-0.05104251726807741
2021-11-11,Crypto Maximum Sharpe,0.010467734924674565
2021-11-12,Crypto Maximum Sharpe,-0.020568791995476385
2021-11-13,Crypto Maximum Sharpe,0.007359764990919338
2021-11-14,Crypto Maximum Sharpe,-0.003999467515323199
2021-11-15,Crypto Maximum Sharpe,-0.020009876613563717
2021-11-16,Crypto Maximum Sharpe,-0.07151754607778518
2021-11-17,Crypto Maximum Sharpe,0.009250014676010037
2021-11-18,Crypto Maximum Sharpe,-0.05739614641385474
2021-11-19,Crypto Maximum Sharpe,0.05534378600103591
2021-11-20,Crypto Maximum Sharpe,0.01162338611067434
2021-11-21,Crypto Maximum Sharpe,-0.01998957976194988
2021-11-22,Crypto Maximum Sharpe,-0.03699848995791985
2021-11-23,Crypto Maximum Sharpe,0.03348600949293246
2021-11-24,Crypto Maximum Sharpe,-0.023875494597963152
2021-11-25,Crypto Maximum Sharpe,-0.0011920774082816296
2021-11-26,Crypto Maximum Sharpe,-0.05102026797323998
2021-11-27,Crypto Maximum Sharpe,0.010833517878011581
2021-11-28,Crypto Maximum Sharpe,0.02550159249637777
2021-11-29,Crypto Maximum Sharpe,0.022850881341654757
2021-11-30,Crypto Maximum Sharpe,0.014333553687067907
2021-12-01,Crypto Maximum Sharpe,-0.009773084276298458
2021-12-02,Crypto Maximum Sharpe,-0.016825273678177995
2021-12-03,Crypto Maximum Sharpe,-0.05686713575949473
2021-12-04,Crypto Maximum Sharpe,-0.06484702338064084
2021-12-05,Crypto Maximum Sharpe,0.0050246934829538134
2021-12-06,Crypto Maximum Sharpe,0.0289599256679915
2021-12-07,Crypto Maximum Sharpe,-0.0029034149570491214
2021-12-08,Crypto Maximum Sharpe,0.0296822077715613
2021-12-09,Crypto Maximum Sharpe,-0.07600019546692259
2021-12-10,Crypto Maximum Sharpe,-0.04227092239327935
2021-12-11,Crypto Maximum Sharpe,0.043619281884520356
2021-12-12,Crypto Maximum Sharpe,0.006434159264779303
2021-12-13,Crypto Maximum Sharpe,-0.09025148513868417
2021-12-14,Crypto Maximum Sharpe,-0.0032007349180213705
2021-12-15,Crypto Maximum Sharpe,0.06200496252265597
2021-12-16,Crypto Maximum Sharpe,-0.018355889520734706
2021-12-17,Crypto Maximum Sharpe,-0.022158408247825334
2021-12-18,Crypto Maximum Sharpe,0.02074196646291113
2021-12-19,Crypto Maximum Sharpe,-0.008035984399528153
2021-12-20,Crypto Maximum Sharpe,-0.0025152368308102796
2021-12-21,Crypto Maximum Sharpe,0.02309241527842843
2021-12-22,Crypto Maximum Sharpe,-0.0011856526500224106
2021-12-23,Crypto Maximum Sharpe,0.039476523839013136
2021-12-24,Crypto Maximum Sharpe,-0.009331906997223837
2021-12-25,Crypto Maximum Sharpe,0.01389474466587939
2021-12-26,Crypto Maximum Sharpe,-0.0052891240074534425
2021-12-27,Crypto Maximum Sharpe,-0.00791127033752238
2021-12-28,Crypto Maximum Sharpe,-0.06327745919903677
2021-12-29,Crypto Maximum Sharpe,-0.03704773312473793
2021-12-30,Crypto Maximum Sharpe,0.019754742567777078
2021-12-31,Crypto Maximum Sharpe,-0.010858290012038729
2022-01-01,Crypto Maximum Sharpe,0.023641838167751034
2022-01-02,Crypto Maximum Sharpe,0.015881361175891215
2022-01-03,Crypto Maximum Sharpe,-0.01780478235928864
2022-01-04,Crypto Maximum Sharpe,0.00868730793151571
2022-01-05,Crypto Maximum Sharpe,-0.06422404850925867
2022-01-06,Crypto Maximum Sharpe,-0.03717306342804143
2022-01-07,Crypto Maximum Sharpe,-0.06587795854818666
2022-01-08,Crypto Maximum Sharpe,-0.031704077942472854
2022-01-09,Crypto Maximum Sharpe,0.02127405896064013
2022-01-10,Crypto Maximum Sharpe,-0.02364136800640172
2022-01-11,Crypto Maximum Sharpe,0.050278543492037635
2022-01-12,Crypto Maximum Sharpe,0.04142745718356027
2022-01-13,Crypto Maximum Sharpe,-0.036761634342713304
2022-01-14,Crypto Maximum Sharpe,0.01899858624470976
2022-01-15,Crypto Maximum Sharpe,0.006202201749167188
2022-01-16,Crypto Maximum Sharpe,0.006122481592311393
2022-01-17,Crypto Maximum Sharpe,-0.04136680845756053
2022-01-18,Crypto Maximum Sharpe,-0.015029639521672742
2022-01-19,Crypto Maximum Sharpe,-0.021554575451392333
2022-01-20,Crypto Maximum Sharpe,-0.030591452089873714
2022-01-21,Crypto Maximum Sharpe,-0.14767435465989748
2022-01-22,Crypto Maximum Sharpe,-0.059716407528360375
2022-01-23,Crypto Maximum Sharpe,0.05399090626903868
2022-01-24,Crypto Maximum Sharpe,-0.03735120652726631
2022-01-25,Crypto Maximum Sharpe,0.006385456601614802
2022-01-26,Crypto Maximum Sharpe,0.00492489196789905
2022-01-27,Crypto Maximum Sharpe,-0.01824493533122596
2022-01-28,Crypto Maximum Sharpe,0.05121368460412507
2022-01-29,Crypto Maximum Sharpe,0.019627353458854902
2022-01-30,Crypto Maximum Sharpe,0.002457307571148902
2022-01-31,Crypto Maximum Sharpe,0.03257666428258819
2022-02-01,Crypto Maximum Sharpe,0.03862634283851233
2022-02-02,Crypto Maximum Sharpe,-0.0391327355753223
2022-02-03,Crypto Maximum Sharpe,-0.0013759251322007018
2022-02-04,Crypto Maximum Sharpe,0.11362666703116962
2022-02-05,Crypto Maximum Sharpe,0.010410717097086802
2022-02-06,Crypto Maximum Sharpe,0.01420659331119151
2022-02-07,Crypto Maximum Sharpe,0.02779895143675588
2022-02-08,Crypto Maximum Sharpe,-0.006320523697205195
2022-02-09,Crypto Maximum Sharpe,0.03742011953678607
2022-02-10,Crypto Maximum Sharpe,-0.050000617990331425
2022-02-11,Crypto Maximum Sharpe,-0.048773193196199556
2022-02-12,Crypto Maximum Sharpe,-0.0034231086563658512
2022-02-13,Crypto Maximum Sharpe,-0.011619882910758376
2022-02-14,Crypto Maximum Sharpe,0.017345677203978106
2022-02-15,Crypto Maximum Sharpe,0.08399521286202094
2022-02-16,Crypto Maximum Sharpe,-0.016367650670717757
2022-02-17,Crypto Maximum Sharpe,-0.07876007915331672
2022-02-18,Crypto Maximum Sharpe,-0.033230954327666304
2022-02-19,Crypto Maximum Sharpe,-0.007906863423876856
2022-02-20,Crypto Maximum Sharpe,-0.04886661978848279
2022-02-21,Crypto Maximum Sharpe,-0.020859493650194693
2022-02-22,Crypto Maximum Sharpe,0.025442047983414814
2022-02-23,Crypto Maximum Sharpe,-0.018542685538320426
2022-02-24,Crypto Maximum Sharpe,0.002975463126547417
2022-02-25,Crypto Maximum Sharpe,0.06407398153092857
2022-02-26,Crypto Maximum Sharpe,0.005996005841990301
2022-02-27,Crypto Maximum Sharpe,-0.05728286710874141
2022-02-28,Crypto Maximum Sharpe,0.11343321941725884
2022-03-01,Crypto Maximum Sharpe,0.018806696288034126
2022-03-02,Crypto Maximum Sharpe,-0.007664487483990445
2022-03-03,Crypto Maximum Sharpe,-0.03883725786138198
2022-03-04,Crypto Maximum Sharpe,-0.07675783845232842
2022-03-05,Crypto Maximum Sharpe,0.017479085256061063
2022-03-06,Crypto Maximum Sharpe,-0.04015488714685979
2022-03-07,Crypto Maximum Sharpe,-0.021573186201014994
2022-03-08,Crypto Maximum Sharpe,0.03072872532361432
2022-03-09,Crypto Maximum Sharpe,0.06095551474391145
2022-03-10,Crypto Maximum Sharpe,-0.04562340358253256
2022-03-11,Crypto Maximum Sharpe,-0.018443299267237073
2022-03-12,Crypto Maximum Sharpe,0.005734700253801191
2022-03-13,Crypto Maximum Sharpe,-0.02202361703884648
2022-03-14,Crypto Maximum Sharpe,0.029736716458091634
2022-03-15,Crypto Maximum Sharpe,0.010109718746778124
2022-03-16,Crypto Maximum Sharpe,0.057200847063548936
2022-03-17,Crypto Maximum Sharpe,0.014149181942491292
2022-03-18,Crypto Maximum Sharpe,0.04471504959959343
2022-03-19,Crypto Maximum Sharpe,0.0008879690841394262
2022-03-20,Crypto Maximum Sharpe,-0.028686558783380924
2022-03-21,Crypto Maximum Sharpe,0.012010727499659046
2022-03-22,Crypto Maximum Sharpe,0.02626990234607536
2022-03-23,Crypto Maximum Sharpe,0.019045569789955356
2022-03-24,Crypto Maximum Sharpe,0.02536963029420589
2022-03-25,Crypto Maximum Sharpe,0.0001469610284036511
2022-03-26,Crypto Maximum Sharpe,0.01121769180055458
2022-03-27,Crypto Maximum Sharpe,0.0475280108796426
2022-03-28,Crypto Maximum Sharpe,0.013231908470919944
2022-03-29,Crypto Maximum Sharpe,0.018790093061739857
2022-03-30,Crypto Maximum Sharpe,-0.0051743700074826015
2022-03-31,Crypto Maximum Sharpe,-0.030694737000028678
2022-04-01,Crypto Maximum Sharpe,0.049056589358746426
2022-04-02,Crypto Maximum Sharpe,-0.0014294194269231886
2022-04-03,Crypto Maximum Sharpe,0.022532297940948198
2022-04-04,Crypto Maximum Sharpe,-0.001547618115218507
2022-04-05,Crypto Maximum Sharpe,-0.029908725501001397
2022-04-06,Crypto Maximum Sharpe,-0.07028432585523227
2022-04-07,Crypto Maximum Sharpe,0.020359123161949398
2022-04-08,Crypto Maximum Sharpe,-0.014571592784495456
2022-04-09,Crypto Maximum Sharpe,0.021322628327030947
2022-04-10,Crypto Maximum Sharpe,-0.014968855527512108
2022-04-11,Crypto Maximum Sharpe,-0.07243831008404057
2022-04-12,Crypto Maximum Sharpe,0.017421312752780787
2022-04-13,Crypto Maximum Sharpe,0.027887252439138442
2022-04-14,Crypto Maximum Sharpe,-0.02941585558324866
2022-04-15,Crypto Maximum Sharpe,0.01141913396773492
2022-04-16,Crypto Maximum Sharpe,0.006316914214655133
2022-04-17,Crypto Maximum Sharpe,-0.023357183144447985
2022-04-18,Crypto Maximum Sharpe,0.021344948718864675
2022-04-19,Crypto Maximum Sharpe,0.014844109514535655
2022-04-20,Crypto Maximum Sharpe,-0.009760388380194747
2022-04-21,Crypto Maximum Sharpe,-0.02908303519502504
2022-04-22,Crypto Maximum Sharpe,-0.008272926138527845
2022-04-23,Crypto Maximum Sharpe,-0.009432622614457561
2022-04-24,Crypto Maximum Sharpe,-0.005683327426712243
2022-04-25,Crypto Maximum Sharpe,0.027490766060645527
2022-04-26,Crypto Maximum Sharpe,-0.0673715512581565
2022-04-27,Crypto Maximum Sharpe,0.027978442854325925
2022-04-28,Crypto Maximum Sharpe,0.014881764674761617
2022-04-29,Crypto Maximum Sharpe,-0.04190748888502762
2022-04-30,Crypto Maximum Sharpe,-0.03090514427436866
2022-05-01,Crypto Maximum Sharpe,0.035737238600731906
2022-05-02,Crypto Maximum Sharpe,0.010486865128902664
2022-05-03,Crypto Maximum Sharpe,-0.025874505818674995
2022-05-04,Crypto Maximum Sharpe,0.05646480841047287
2022-05-05,Crypto Maximum Sharpe,-0.06509852608755554
2022-05-06,Crypto Maximum Sharpe,-0.019726880303197296
2022-05-07,Crypto Maximum Sharpe,-0.021850523755786132
2022-05-08,Crypto Maximum Sharpe,-0.04500336515045174
2022-05-09,Crypto Maximum Sharpe,-0.1080571469801338
2022-05-10,Crypto Maximum Sharpe,0.0436800737783103
2022-05-11,Crypto Maximum Sharpe,-0.1158101435552645
2022-05-12,Crypto Maximum Sharpe,-0.053282488294059065
2022-05-13,Crypto Maximum Sharpe,0.026872933410718627
2022-05-14,Crypto Maximum Sharpe,0.02077806516183316
2022-05-15,Crypto Maximum Sharpe,0.04349267877534662
2022-05-16,Crypto Maximum Sharpe,-0.05731483709692374
2022-05-17,Crypto Maximum Sharpe,0.033461392764142305
2022-05-18,Crypto Maximum Sharpe,-0.0831191584146157
2022-05-19,Crypto Maximum Sharpe,0.05305075450376638
2022-05-20,Crypto Maximum Sharpe,-0.028251243936057394
2022-05-21,Crypto Maximum Sharpe,0.006731520527228972
2022-05-22,Crypto Maximum Sharpe,0.034768913056944885
2022-05-23,Crypto Maximum Sharpe,-0.034744184518137204
2022-05-24,Crypto Maximum Sharpe,0.0034484158752533375
2022-05-25,Crypto Maximum Sharpe,-0.01725881974931009
2022-05-26,Crypto Maximum Sharpe,-0.07245605236746347
2022-05-27,Crypto Maximum Sharpe,-0.04378840002928737
2022-05-28,Crypto Maximum Sharpe,0.019142259532667107
2022-05-29,Crypto Maximum Sharpe,0.03076850112203549
2022-05-30,Crypto Maximum Sharpe,0.10176993535099788
2022-05-31,Crypto Maximum Sharpe,-0.027104869889641812
2022-06-01,Crypto Maximum Sharpe,-0.008516339710219444
2022-06-02,Crypto Maximum Sharpe,0.008924915904946063
2022-06-03,Crypto Maximum Sharpe,-0.03651199348035505
2022-06-04,Crypto Maximum Sharpe,-0.009575553603478372
2022-06-05,Crypto Maximum Sharpe,0.013177089958018572
2022-06-06,Crypto Maximum Sharpe,0.0034263556344134613
2022-06-07,Crypto Maximum Sharpe,0.0037697449969036237
2022-06-08,Crypto Maximum Sharpe,-0.01677786409188775
2022-06-09,Crypto Maximum Sharpe,0.004204042995810331
2022-06-10,Crypto Maximum Sharpe,-0.025093907437285033
2022-06-11,Crypto Maximum Sharpe,-0.0379635708275181
2022-06-12,Crypto Maximum Sharpe,0.006267465900107764
2022-06-13,Crypto Maximum Sharpe,-0.16525123860314014
2022-06-14,Crypto Maximum Sharpe,-0.12552909351544655
2022-06-15,Crypto Maximum Sharpe,0.12811457007507196
2022-06-16,Crypto Maximum Sharpe,-0.061064917002141936
2022-06-17,Crypto Maximum Sharpe,0.013267871448294328
2022-06-18,Crypto Maximum Sharpe,0.017520138991895425
2022-06-19,Crypto Maximum Sharpe,0.009388895965015773
2022-06-20,Crypto Maximum Sharpe,-0.005577667473292901
2022-06-21,Crypto Maximum Sharpe,0.06040688099228967
2022-06-22,Crypto Maximum Sharpe,-0.026539834684574007
2022-06-23,Crypto Maximum Sharpe,0.009853533091909006
2022-06-24,Crypto Maximum Sharpe,0.03378970820168068
2022-06-25,Crypto Maximum Sharpe,-0.014976910332770235
2022-06-26,Crypto Maximum Sharpe,0.0007701480956911754
2022-06-27,Crypto Maximum Sharpe,0.03244874600312858
2022-06-28,Crypto Maximum Sharpe,-0.01541625533436032
2022-06-29,Crypto Maximum Sharpe,-0.01829249718225478
2022-06-30,Crypto Maximum Sharpe,-0.0011568339800731757
2022-07-01,Crypto Maximum Sharpe,0.0029186762025199416
2022-07-02,Crypto Maximum Sharpe,-0.002740850942955495
2022-07-03,Crypto Maximum Sharpe,0.022851584856107044
2022-07-04,Crypto Maximum Sharpe,0.014974489922158456
2022-07-05,Crypto Maximum Sharpe,0.014218133416779894
2022-07-06,Crypto Maximum Sharpe,-0.008915808026445078
2022-07-07,Crypto Maximum Sharpe,0.015654201151573694
2022-07-08,Crypto Maximum Sharpe,0.005506639248160407
2022-07-09,Crypto Maximum Sharpe,0.011749922495481352
2022-07-10,Crypto Maximum Sharpe,-0.031303255677289206
2022-07-11,Crypto Maximum Sharpe,-0.04329832708605953
2022-07-12,Crypto Maximum Sharpe,-0.0011434093422714303
2022-07-13,Crypto Maximum Sharpe,0.02473545679409052
2022-07-14,Crypto Maximum Sharpe,0.009646287784761847
2022-07-15,Crypto Maximum Sharpe,0.0028258556827358604
2022-07-16,Crypto Maximum Sharpe,0.027224929424934267
2022-07-17,Crypto Maximum Sharpe,-0.02133619055889247
2022-07-18,Crypto Maximum Sharpe,0.024485687630326138
2022-07-19,Crypto Maximum Sharpe,0.0009264959728163737
2022-07-20,Crypto Maximum Sharpe,-0.022229544954451962
2022-07-21,Crypto Maximum Sharpe,0.0063159936476378
2022-07-22,Crypto Maximum Sharpe,-0.014375485976497822
2022-07-23,Crypto Maximum Sharpe,-0.0014168035950877771
2022-07-24,Crypto Maximum Sharpe,-0.0002239880895752284
2022-07-25,Crypto Maximum Sharpe,-0.046143091563428794
2022-07-26,Crypto Maximum Sharpe,0.023240140888373326
2022-07-27,Crypto Maximum Sharpe,0.05090373027344767
2022-07-28,Crypto Maximum Sharpe,0.01588878544627529
2022-07-29,Crypto Maximum Sharpe,-0.006680486349147196
2022-07-30,Crypto Maximum Sharpe,-0.0021215176948339307
2022-07-31,Crypto Maximum Sharpe,-0.002892497329803569
2022-08-01,Crypto Maximum Sharpe,-0.037713626748164364
2022-08-02,Crypto Maximum Sharpe,0.042318148699935776
2022-08-03,Crypto Maximum Sharpe,-0.015241665358177392
2022-08-04,Crypto Maximum Sharpe,-0.03335217056145956
2022-08-05,Crypto Maximum Sharpe,0.09922749492462325
2022-08-06,Crypto Maximum Sharpe,-0.010855094572901347
2022-08-07,Crypto Maximum Sharpe,-0.0032315128243923783
2022-08-08,Crypto Maximum Sharpe,0.007481817281771227
2022-08-09,Crypto Maximum Sharpe,-0.0416505894790349
2022-08-10,Crypto Maximum Sharpe,0.06331010122317894
2022-08-11,Crypto Maximum Sharpe,0.09112905942611937
2022-08-12,Crypto Maximum Sharpe,0.028107620513720514
2022-08-13,Crypto Maximum Sharpe,0.0019042276910496995
2022-08-14,Crypto Maximum Sharpe,-0.04459295900186067
2022-08-15,Crypto Maximum Sharpe,0.009580759883547115
2022-08-16,Crypto Maximum Sharpe,-0.04869819315779644
2022-08-17,Crypto Maximum Sharpe,0.006425488998786917
2022-08-18,Crypto Maximum Sharpe,-0.015422537496979643
2022-08-19,Crypto Maximum Sharpe,-0.16770785991580298
2022-08-20,Crypto Maximum Sharpe,-0.0026107770672251234
2022-08-21,Crypto Maximum Sharpe,0.024841004773427326
2022-08-22,Crypto Maximum Sharpe,0.010152523520609469
2022-08-23,Crypto Maximum Sharpe,0.008457545541859412
2022-08-24,Crypto Maximum Sharpe,0.029484841107094706
2022-08-25,Crypto Maximum Sharpe,0.051649881143130516
2022-08-26,Crypto Maximum Sharpe,-0.08741025297798978
2022-08-27,Crypto Maximum Sharpe,-0.026516156550363434
2022-08-28,Crypto Maximum Sharpe,-0.06419132144199358
2022-08-29,Crypto Maximum Sharpe,0.08779453230308844
2022-08-30,Crypto Maximum Sharpe,-0.03793446625625952
2022-08-31,Crypto Maximum Sharpe,0.0033775378911813404
2022-09-01,Crypto Maximum Sharpe,0.01536540315413701
2022-09-02,Crypto Maximum Sharpe,-0.01356340553087464
2022-09-03,Crypto Maximum Sharpe,-0.0066525411880205805
2022-09-04,Crypto Maximum Sharpe,0.006225759079670603
2022-09-05,Crypto Maximum Sharpe,0.21734620267723767
2022-09-06,Crypto Maximum Sharpe,-0.12378078884445125
2022-09-07,Crypto Maximum Sharpe,0.07636679928418932
2022-09-08,Crypto Maximum Sharpe,-0.004032575527606732
2022-09-09,Crypto Maximum Sharpe,0.05731056334213154
2022-09-10,Crypto Maximum Sharpe,0.0029540362690008526
2022-09-11,Crypto Maximum Sharpe,-0.021836623829533417
2022-09-12,Crypto Maximum Sharpe,-0.003079269180967131
2022-09-13,Crypto Maximum Sharpe,-0.05918614931716201
2022-09-14,Crypto Maximum Sharpe,0.08926133870400405
2022-09-15,Crypto Maximum Sharpe,-0.09488338092589448
2022-09-16,Crypto Maximum Sharpe,-0.04335069004224459
2022-09-17,Crypto Maximum Sharpe,0.011277586497009176
2022-09-18,Crypto Maximum Sharpe,-0.14215996019074217
2022-09-19,Crypto Maximum Sharpe,0.029809156699880303
2022-09-20,Crypto Maximum Sharpe,-0.04128723001847172
2022-09-21,Crypto Maximum Sharpe,-0.04294938850065349
2022-09-22,Crypto Maximum Sharpe,0.025887440379298347
2022-09-23,Crypto Maximum Sharpe,0.00999979684009754
2022-09-24,Crypto Maximum Sharpe,-0.006731812387183797
2022-09-25,Crypto Maximum Sharpe,-0.01392291381047659
2022-09-26,Crypto Maximum Sharpe,0.004158259638217019
2022-09-27,Crypto Maximum Sharpe,-0.010526778122594378
2022-09-28,Crypto Maximum Sharpe,-0.01684129131769692
2022-09-29,Crypto Maximum Sharpe,0.004981862392405208
2022-09-30,Crypto Maximum Sharpe,-0.002951363882658816
2022-10-01,Crypto Maximum Sharpe,-0.006770687114031116
2022-10-02,Crypto Maximum Sharpe,-0.018532603364604976
2022-10-03,Crypto Maximum Sharpe,0.018358936211310888
2022-10-04,Crypto Maximum Sharpe,0.01703163897162569
2022-10-05,Crypto Maximum Sharpe,-0.009454849821131973
2022-10-06,Crypto Maximum Sharpe,0.006611197692575078
2022-10-07,Crypto Maximum Sharpe,-0.010944583786337472
2022-10-08,Crypto Maximum Sharpe,-0.017442316620576336
2022-10-09,Crypto Maximum Sharpe,0.001201978297555535
2022-10-10,Crypto Maximum Sharpe,-0.08763815479576954
2022-10-11,Crypto Maximum Sharpe,-0.020304240552492022
2022-10-12,Crypto Maximum Sharpe,0.0035679360492104424
2022-10-13,Crypto Maximum Sharpe,-0.03133237151796342
2022-10-14,Crypto Maximum Sharpe,0.012432712405299834
2022-10-15,Crypto Maximum Sharpe,-0.018847583494941304
2022-10-16,Crypto Maximum Sharpe,0.013401353371320892
2022-10-17,Crypto Maximum Sharpe,0.028943203004944632
2022-10-18,Crypto Maximum Sharpe,-0.017050050095568137
2022-10-19,Crypto Maximum Sharpe,-0.04004616172410276
2022-10-20,Crypto Maximum Sharpe,-0.0252034905287483
2022-10-21,Crypto Maximum Sharpe,0.013554210661888758
2022-10-22,Crypto Maximum Sharpe,0.046788076799785604
2022-10-23,Crypto Maximum Sharpe,0.006908145082655405
2022-10-24,Crypto Maximum Sharpe,-0.028735194068939263
2022-10-25,Crypto Maximum Sharpe,0.08185897084658161
2022-10-26,Crypto Maximum Sharpe,0.028611536667714706
2022-10-27,Crypto Maximum Sharpe,-0.024464570343616574
2022-10-28,Crypto Maximum Sharpe,0.025780784828644474
2022-10-29,Crypto Maximum Sharpe,0.01361508361785351
2022-10-30,Crypto Maximum Sharpe,-0.04698226294278342
2022-10-31,Crypto Maximum Sharpe,-0.008628648119510363
2022-11-01,Crypto Maximum Sharpe,-0.008547847725419817
2022-11-02,Crypto Maximum Sharpe,-0.03241551267303114
2022-11-03,Crypto Maximum Sharpe,0.0237908463970628
2022-11-04,Crypto Maximum Sharpe,0.051838798091741925
2022-11-05,Crypto Maximum Sharpe,0.011267050836946204
2022-11-06,Crypto Maximum Sharpe,-0.03580487617735108
2022-11-07,Crypto Maximum Sharpe,-0.0002091299840283555
2022-11-08,Crypto Maximum Sharpe,-0.08995069550825932
2022-11-09,Crypto Maximum Sharpe,-0.12259750643008416
2022-11-10,Crypto Maximum Sharpe,0.134081071936698
2022-11-11,Crypto Maximum Sharpe,-0.027530525267709487
2022-11-12,Crypto Maximum Sharpe,-0.030556886243478937
2022-11-13,Crypto Maximum Sharpe,-0.050944471523529336
2022-11-14,Crypto Maximum Sharpe,0.002065425507132219
2022-11-15,Crypto Maximum Sharpe,0.009711816998576806
2022-11-16,Crypto Maximum Sharpe,-0.01896534146600665
2022-11-17,Crypto Maximum Sharpe,-0.008374733156165746
2022-11-18,Crypto Maximum Sharpe,0.004224255726465873
2022-11-19,Crypto Maximum Sharpe,0.014554591869402965
2022-11-20,Crypto Maximum Sharpe,-0.05371054076820202
2022-11-21,Crypto Maximum Sharpe,0.010593201207541677
2022-11-22,Crypto Maximum Sharpe,0.002543141568519156
2022-11-23,Crypto Maximum Sharpe,0.0606904414977166
2022-11-24,Crypto Maximum Sharpe,0.008427300504140377
2022-11-25,Crypto Maximum Sharpe,-0.0021985358013746174
2022-11-26,Crypto Maximum Sharpe,-0.0066869714937227865
2022-11-27,Crypto Maximum Sharpe,0.0033257464914790997
2022-11-28,Crypto Maximum Sharpe,-0.013755040273402939
2022-11-29,Crypto Maximum Sharpe,0.00745060733383957
2022-11-30,Crypto Maximum Sharpe,0.03158972464855045
2022-12-01,Crypto Maximum Sharpe,-0.00862241869779948
2022-12-02,Crypto Maximum Sharpe,0.0049303652633505566
2022-12-03,Crypto Maximum Sharpe,-0.014387830777725324
2022-12-04,Crypto Maximum Sharpe,-0.00827768976995332
2022-12-05,Crypto Maximum Sharpe,0.0020866779521143373
2022-12-06,Crypto Maximum Sharpe,0.006697275943059886
2022-12-07,Crypto Maximum Sharpe,-0.010305188214220272
2022-12-08,Crypto Maximum Sharpe,0.02604076684764587
2022-12-09,Crypto Maximum Sharpe,0.002954554699220617
2022-12-10,Crypto Maximum Sharpe,0.002506747585663933
2022-12-11,Crypto Maximum Sharpe,-0.01531305730195294
2022-12-12,Crypto Maximum Sharpe,-0.008266746009162433
2022-12-13,Crypto Maximum Sharpe,0.017344166347145633
2022-12-14,Crypto Maximum Sharpe,0.022651706192284748
2022-12-15,Crypto Maximum Sharpe,0.0019401410505496442
2022-12-16,Crypto Maximum Sharpe,-0.05054322753452696
2022-12-17,Crypto Maximum Sharpe,0.03618163911361215
2022-12-18,Crypto Maximum Sharpe,-0.01973722890978954
2022-12-19,Crypto Maximum Sharpe,-0.00290027998547785
2022-12-20,Crypto Maximum Sharpe,0.02522753430813809
2022-12-21,Crypto Maximum Sharpe,-0.002509836771517288
2022-12-22,Crypto Maximum Sharpe,0.012853939776316766
2022-12-23,Crypto Maximum Sharpe,-0.023689512816616427
2022-12-24,Crypto Maximum Sharpe,0.009329642111524518
2022-12-25,Crypto Maximum Sharpe,0.0013152366425596116
2022-12-26,Crypto Maximum Sharpe,-0.004779794727763297
2022-12-27,Crypto Maximum Sharpe,-0.008175671010812777
2022-12-28,Crypto Maximum Sharpe,0.0007208084787290526
2022-12-29,Crypto Maximum Sharpe,-0.0024194261931558083
2022-12-30,Crypto Maximum Sharpe,0.006664885887726982
2022-12-31,Crypto Maximum Sharpe,0.002317293153855595
2023-01-01,Crypto Maximum Sharpe,0.005871604483253634
2023-01-02,Crypto Maximum Sharpe,0.0061473404608105575
2023-01-03,Crypto Maximum Sharpe,-0.0058741353391380535
2023-01-04,Crypto Maximum Sharpe,-0.0018419578179974527
2023-01-05,Crypto Maximum Sharpe,-0.019568052265690805
2023-01-06,Crypto Maximum Sharpe,-0.02174762565764965
2023-01-07,Crypto Maximum Sharpe,-0.009048664309506682
2023-01-08,Crypto Maximum Sharpe,0.0345258406341451
2023-01-09,Crypto Maximum Sharpe,0.015070137078777135
2023-01-10,Crypto Maximum Sharpe,0.0028557876995038978
2023-01-11,Crypto Maximum Sharpe,0.031105106677934202
2023-01-12,Crypto Maximum Sharpe,0.011064678165608077
2023-01-13,Crypto Maximum Sharpe,0.050778321577011454
2023-01-14,Crypto Maximum Sharpe,0.0310609916891591
2023-01-15,Crypto Maximum Sharpe,0.007773709944775886
2023-01-16,Crypto Maximum Sharpe,0.0011867806318595076
2023-01-17,Crypto Maximum Sharpe,-0.011276655695469207
2023-01-18,Crypto Maximum Sharpe,-0.04411432680885485
2023-01-19,Crypto Maximum Sharpe,0.01949054888225832
2023-01-20,Crypto Maximum Sharpe,0.044519798419515366
2023-01-21,Crypto Maximum Sharpe,-0.017491332301043716
2023-01-22,Crypto Maximum Sharpe,-0.0008586054070899296
2023-01-23,Crypto Maximum Sharpe,0.018547632608415965
2023-01-24,Crypto Maximum Sharpe,-0.0416885279341932
2023-01-25,Crypto Maximum Sharpe,0.0272074777079081
2023-01-26,Crypto Maximum Sharpe,-0.0017948765058580785
2023-01-27,Crypto Maximum Sharpe,0.029984993472549792
2023-01-28,Crypto Maximum Sharpe,-0.0077066199568962546
2023-01-29,Crypto Maximum Sharpe,0.011126626921262428
2023-01-30,Crypto Maximum Sharpe,-0.02424994913741496
2023-01-31,Crypto Maximum Sharpe,-0.00043377036335812136
2023-02-01,Crypto Maximum Sharpe,0.06505817054444682
2023-02-02,Crypto Maximum Sharpe,-0.017456964863896134
2023-02-03,Crypto Maximum Sharpe,0.012977367744010366
2023-02-04,Crypto Maximum Sharpe,-0.0135683982212541
2023-02-05,Crypto Maximum Sharpe,-0.02186011214801142
2023-02-06,Crypto Maximum Sharpe,-0.004108504899374649
2023-02-07,Crypto Maximum Sharpe,0.05064633759502145
2023-02-08,Crypto Maximum Sharpe,-0.01704237371351624
2023-02-09,Crypto Maximum Sharpe,-0.07165935277710554
2023-02-10,Crypto Maximum Sharpe,0.015535727451284167
2023-02-11,Crypto Maximum Sharpe,0.009636212208593339
2023-02-12,Crypto Maximum Sharpe,-0.021548248267116318
2023-02-13,Crypto Maximum Sharpe,-0.013788372299263765
2023-02-14,Crypto Maximum Sharpe,0.0501068781287912
2023-02-15,Crypto Maximum Sharpe,0.07428056312082584
2023-02-16,Crypto Maximum Sharpe,-0.037385963914877585
2023-02-17,Crypto Maximum Sharpe,0.01371679870481281
2023-02-18,Crypto Maximum Sharpe,-0.0051606477996873875
2023-02-19,Crypto Maximum Sharpe,-0.022322771620033925
2023-02-20,Crypto Maximum Sharpe,-0.016639274966712775
2023-02-21,Crypto Maximum Sharpe,-0.023257446926101544
2023-02-22,Crypto Maximum Sharpe,0.016107710616136243
2023-02-23,Crypto Maximum Sharpe,-0.005533897385007982
2023-02-24,Crypto Maximum Sharpe,-0.03312734374955938
2023-02-25,Crypto Maximum Sharpe,0.018659267968910806
2023-02-26,Crypto Maximum Sharpe,0.02136069626324843
2023-02-27,Crypto Maximum Sharpe,-0.01227166730274575
2023-02-28,Crypto Maximum Sharpe,-0.003123710431507832
2023-03-01,Crypto Maximum Sharpe,0.042059584302637905
2023-03-02,Crypto Maximum Sharpe,-0.02537837401335185
2023-03-03,Crypto Maximum Sharpe,-0.049426869782421376
2023-03-04,Crypto Maximum Sharpe,-0.013908910483985465
2023-03-05,Crypto Maximum Sharpe,0.007434362001059955
2023-03-06,Crypto Maximum Sharpe,-0.028130426835810456
2023-03-07,Crypto Maximum Sharpe,-0.01282292393279971
2023-03-08,Crypto Maximum Sharpe,-0.04076818087507672
2023-03-09,Crypto Maximum Sharpe,-0.07311215791417303
2023-03-10,Crypto Maximum Sharpe,-0.06475649707694674
2023-03-11,Crypto Maximum Sharpe,-0.028639858932851137
2023-03-12,Crypto Maximum Sharpe,0.09475222264664328
2023-03-13,Crypto Maximum Sharpe,0.07150192564824298
2023-03-14,Crypto Maximum Sharpe,0.03158012202994853
2023-03-15,Crypto Maximum Sharpe,-0.09392217470450868
2023-03-16,Crypto Maximum Sharpe,0.03435117285183642
2023-03-17,Crypto Maximum Sharpe,0.08157468648746781
2023-03-18,Crypto Maximum Sharpe,-0.029456248616930858
2023-03-19,Crypto Maximum Sharpe,0.01750167442856832
2023-03-20,Crypto Maximum Sharpe,-0.07119636678013097
2023-03-21,Crypto Maximum Sharpe,0.05496746216144089
2023-03-22,Crypto Maximum Sharpe,0.05585926895338807
2023-03-23,Crypto Maximum Sharpe,0.07262296505113253
2023-03-24,Crypto Maximum Sharpe,9.50203630185523e-05
2023-03-25,Crypto Maximum Sharpe,-0.02271650188943919
2023-03-26,Crypto Maximum Sharpe,0.021227579041304127
2023-03-27,Crypto Maximum Sharpe,-0.04574511112013879
2023-03-28,Crypto Maximum Sharpe,-0.0012045034923762062
2023-03-29,Crypto Maximum Sharpe,0.024706950107140857
2023-03-30,Crypto Maximum Sharpe,-0.02498140714967766
2023-03-31,Crypto Maximum Sharpe,0.007009182869084143
2023-04-01,Crypto Maximum Sharpe,0.004665080714785257
2023-04-02,Crypto Maximum Sharpe,0.0041014310970308885
2023-04-03,Crypto Maximum Sharpe,-0.016301829681426093
2023-04-04,Crypto Maximum Sharpe,0.0022152950603493687
2023-04-05,Crypto Maximum Sharpe,0.002267120334227227
2023-04-06,Crypto Maximum Sharpe,-0.013437556792865691
2023-04-07,Crypto Maximum Sharpe,0.00608892746490664
2023-04-08,Crypto Maximum Sharpe,-0.010534471007393829
2023-04-09,Crypto Maximum Sharpe,0.004862018010940324
2023-04-10,Crypto Maximum Sharpe,0.030799471678783448
2023-04-11,Crypto Maximum Sharpe,0.0026012818994190054
2023-04-12,Crypto Maximum Sharpe,-0.0202790942072806
2023-04-13,Crypto Maximum Sharpe,0.017115349289596515
2023-04-14,Crypto Maximum Sharpe,0.02232410031020477
2023-04-15,Crypto Maximum Sharpe,1.3358685586214742e-05
2023-04-16,Crypto Maximum Sharpe,0.022183378049478567
2023-04-17,Crypto Maximum Sharpe,-0.017360368697678805
2023-04-18,Crypto Maximum Sharpe,0.035747692476563106
2023-04-19,Crypto Maximum Sharpe,-0.09820826386989265
2023-04-20,Crypto Maximum Sharpe,-0.014572681919771225
2023-04-21,Crypto Maximum Sharpe,-0.0528310506531012
2023-04-22,Crypto Maximum Sharpe,0.03140149609198013
2023-04-23,Crypto Maximum Sharpe,-0.007689108144945045
2023-04-24,Crypto Maximum Sharpe,0.007512197708801771
2023-04-25,Crypto Maximum Sharpe,0.026034445370704668
2023-04-26,Crypto Maximum Sharpe,-0.025742110808050743
2023-04-27,Crypto Maximum Sharpe,0.014005433514721973
2023-04-28,Crypto Maximum Sharpe,0.011428731888919689
2023-04-29,Crypto Maximum Sharpe,0.007745422096456271
2023-04-30,Crypto Maximum Sharpe,-0.022088029468044525
2023-05-01,Crypto Maximum Sharpe,-0.023879764818037857
2023-05-02,Crypto Maximum Sharpe,0.01546316383322053
2023-05-03,Crypto Maximum Sharpe,0.006076721944556762
2023-05-04,Crypto Maximum Sharpe,-0.0046563678492876045
2023-05-05,Crypto Maximum Sharpe,0.010002217468751847
2023-05-06,Crypto Maximum Sharpe,-0.04316169811153284
2023-05-07,Crypto Maximum Sharpe,-0.007374255233642417
2023-05-08,Crypto Maximum Sharpe,-0.05536708196015888
2023-05-09,Crypto Maximum Sharpe,0.016738714234516665
2023-05-10,Crypto Maximum Sharpe,0.007998716533532712
2023-05-11,Crypto Maximum Sharpe,-0.008865067963141675
2023-05-12,Crypto Maximum Sharpe,-0.0019671525751695155
2023-05-13,Crypto Maximum Sharpe,-0.004004234090976455
2023-05-14,Crypto Maximum Sharpe,0.025173103205287446
2023-05-15,Crypto Maximum Sharpe,0.02903459944726875
2023-05-16,Crypto Maximum Sharpe,0.02369305120331997
2023-05-17,Crypto Maximum Sharpe,0.032864845820397566
2023-05-18,Crypto Maximum Sharpe,-0.021552327115266615
2023-05-19,Crypto Maximum Sharpe,0.011108757493307761
2023-05-20,Crypto Maximum Sharpe,0.006792020318543277
2023-05-21,Crypto Maximum Sharpe,-0.007973705550705704
2023-05-22,Crypto Maximum Sharpe,-0.006352378128786185
2023-05-23,Crypto Maximum Sharpe,0.00910313892945928
2023-05-24,Crypto Maximum Sharpe,-0.04877230437870764
2023-05-25,Crypto Maximum Sharpe,0.005453074188804671
2023-05-26,Crypto Maximum Sharpe,0.012607610025678161
2023-05-27,Crypto Maximum Sharpe,0.011945216396567678
2023-05-28,Crypto Maximum Sharpe,0.03394993012280633
2023-05-29,Crypto Maximum Sharpe,-0.002449191161559305
2023-05-30,Crypto Maximum Sharpe,0.018227642217769457
2023-05-31,Crypto Maximum Sharpe,-0.01707296357361531
2023-06-01,Crypto Maximum Sharpe,0.01457882810069408
2023-06-02,Crypto Maximum Sharpe,0.015664037570888325
2023-06-03,Crypto Maximum Sharpe,0.0005135321063433213
2023-06-04,Crypto Maximum Sharpe,-0.00914992354493985
2023-06-05,Crypto Maximum Sharpe,-0.06031946915191165
2023-06-06,Crypto Maximum Sharpe,0.04501583523242994
2023-06-07,Crypto Maximum Sharpe,-0.02722266314103588
2023-06-08,Crypto Maximum Sharpe,0.000341542271897629
2023-06-09,Crypto Maximum Sharpe,0.004347195176570551
2023-06-10,Crypto Maximum Sharpe,-0.0846042679321728
2023-06-11,Crypto Maximum Sharpe,0.004023500564225312
2023-06-12,Crypto Maximum Sharpe,-0.0017242601301400587
2023-06-13,Crypto Maximum Sharpe,-0.00046995688478765243
2023-06-14,Crypto Maximum Sharpe,-0.04434085795744963
2023-06-15,Crypto Maximum Sharpe,0.01834202233543875
2023-06-16,Crypto Maximum Sharpe,0.024395865307742758
2023-06-17,Crypto Maximum Sharpe,0.009402554513526406
2023-06-18,Crypto Maximum Sharpe,-0.0009974155949715657
2023-06-19,Crypto Maximum Sharpe,0.010430955266459119
2023-06-20,Crypto Maximum Sharpe,0.045141259566502875
2023-06-21,Crypto Maximum Sharpe,0.06014317827218068
2023-06-22,Crypto Maximum Sharpe,0.004326932590420357
2023-06-23,Crypto Maximum Sharpe,0.04483295825350058
2023-06-24,Crypto Maximum Sharpe,-0.011059168158202426
2023-06-25,Crypto Maximum Sharpe,-0.010098629241926668
2023-06-26,Crypto Maximum Sharpe,-0.00934270728224849
2023-06-27,Crypto Maximum Sharpe,0.010718542083259123
2023-06-28,Crypto Maximum Sharpe,-0.03991283832484601
2023-06-29,Crypto Maximum Sharpe,0.016780011879376413
2023-06-30,Crypto Maximum Sharpe,0.15393918569925774
2023-07-01,Crypto Maximum Sharpe,-0.03349824797327982
2023-07-02,Crypto Maximum Sharpe,0.03103164164210536
2023-07-03,Crypto Maximum Sharpe,-0.0333152252686631
2023-07-04,Crypto Maximum Sharpe,-0.04441845574246919
2023-07-05,Crypto Maximum Sharpe,-0.00619598191574478
2023-07-06,Crypto Maximum Sharpe,-0.0031255775441740886
2023-07-07,Crypto Maximum Sharpe,0.009988037771738026
2023-07-08,Crypto Maximum Sharpe,-0.01699519080113803
2023-07-09,Crypto Maximum Sharpe,-0.022376634088407635
2023-07-10,Crypto Maximum Sharpe,0.027649866941421762
2023-07-11,Crypto Maximum Sharpe,-0.0005904542689458652
2023-07-12,Crypto Maximum Sharpe,0.01934852915297477
2023-07-13,Crypto Maximum Sharpe,-0.0037931471564405447
2023-07-14,Crypto Maximum Sharpe,-0.042632094594753714
2023-07-15,Crypto Maximum Sharpe,-0.029756620474298494
2023-07-16,Crypto Maximum Sharpe,-0.013572907675828966
2023-07-17,Crypto Maximum Sharpe,-0.02248726467252383
2023-07-18,Crypto Maximum Sharpe,0.002892757044560737
2023-07-19,Crypto Maximum Sharpe,0.001714233437322216
2023-07-20,Crypto Maximum Sharpe,-0.000750652861759485
2023-07-21,Crypto Maximum Sharpe,0.010328537572194577
2023-07-22,Crypto Maximum Sharpe,-0.02445499794489337
2023-07-23,Crypto Maximum Sharpe,0.033722528772005246
2023-07-24,Crypto Maximum Sharpe,-0.04278768458656428
2023-07-25,Crypto Maximum Sharpe,-0.0020679353922911595
2023-07-26,Crypto Maximum Sharpe,0.015589749239502942
2023-07-27,Crypto Maximum Sharpe,0.007144786284904532
2023-07-28,Crypto Maximum Sharpe,-0.005258954641573898
2023-07-29,Crypto Maximum Sharpe,0.00810990923488146
2023-07-30,Crypto Maximum Sharpe,0.02912777682277677
2023-07-31,Crypto Maximum Sharpe,-0.01698428362504371
2023-08-01,Crypto Maximum Sharpe,0.007773809489619936
2023-08-02,Crypto Maximum Sharpe,-0.030660598971994246
2023-08-03,Crypto Maximum Sharpe,-0.006305396734157057
2023-08-04,Crypto Maximum Sharpe,-0.005085665328501018
2023-08-05,Crypto Maximum Sharpe,-0.002229600106261307
2023-08-06,Crypto Maximum Sharpe,-0.00548409235992658
2023-08-07,Crypto Maximum Sharpe,0.019296240982473456
2023-08-08,Crypto Maximum Sharpe,0.01819338159547362
2023-08-09,Crypto Maximum Sharpe,-0.005568898216481446
2023-08-10,Crypto Maximum Sharpe,-0.010841478464800536
2023-08-11,Crypto Maximum Sharpe,-0.00407081519436712
2023-08-12,Crypto Maximum Sharpe,-0.0007322471228463393
2023-08-13,Crypto Maximum Sharpe,-0.003369744501693669
2023-08-14,Crypto Maximum Sharpe,0.006081499817671112
2023-08-15,Crypto Maximum Sharpe,-0.01124929158085323
2023-08-16,Crypto Maximum Sharpe,-0.03613468466150069
2023-08-17,Crypto Maximum Sharpe,-0.08746168041990499
2023-08-18,Crypto Maximum Sharpe,-0.010985899109209808
2023-08-19,Crypto Maximum Sharpe,0.0038825286694305896
2023-08-20,Crypto Maximum Sharpe,0.009386400610625895
2023-08-21,Crypto Maximum Sharpe,-0.008408315427415776
2023-08-22,Crypto Maximum Sharpe,-0.004635147956256001
2023-08-23,Crypto Maximum Sharpe,0.023799979291767647
2023-08-24,Crypto Maximum Sharpe,-0.008023966637273205
2023-08-25,Crypto Maximum Sharpe,-0.003972000004472644
2023-08-26,Crypto Maximum Sharpe,-0.003855276348415465
2023-08-27,Crypto Maximum Sharpe,0.012075770961502606
2023-08-28,Crypto Maximum Sharpe,-0.009299974163502847
2023-08-29,Crypto Maximum Sharpe,0.08580726001659578
2023-08-30,Crypto Maximum Sharpe,-0.021479995657877962
2023-08-31,Crypto Maximum Sharpe,-0.044297495473797834
2023-09-01,Crypto Maximum Sharpe,-0.01738874822163255
2023-09-02,Crypto Maximum Sharpe,-0.0033954425618613693
2023-09-03,Crypto Maximum Sharpe,0.004652925191025732
2023-09-04,Crypto Maximum Sharpe,-0.005317604084346481
2023-09-05,Crypto Maximum Sharpe,-0.0035302141035311392
2023-09-06,Crypto Maximum Sharpe,0.004093139834937046
2023-09-07,Crypto Maximum Sharpe,0.009225722885487422
2023-09-08,Crypto Maximum Sharpe,-0.005628030261434599
2023-09-09,Crypto Maximum Sharpe,-0.0002893522099009817
2023-09-10,Crypto Maximum Sharpe,-0.007966304211191013
2023-09-11,Crypto Maximum Sharpe,-0.027906773730652666
2023-09-12,Crypto Maximum Sharpe,0.044748764916503724
2023-09-13,Crypto Maximum Sharpe,0.00958909475082484
2023-09-14,Crypto Maximum Sharpe,0.023835782940684152
2023-09-15,Crypto Maximum Sharpe,0.017635884270814292
2023-09-16,Crypto Maximum Sharpe,-0.004825233253774413
2023-09-17,Crypto Maximum Sharpe,-0.009738207668709382
2023-09-18,Crypto Maximum Sharpe,0.017953196990389803
2023-09-19,Crypto Maximum Sharpe,0.012764007933902949
2023-09-20,Crypto Maximum Sharpe,-0.00509288100714292
2023-09-21,Crypto Maximum Sharpe,-0.024027584144362096
2023-09-22,Crypto Maximum Sharpe,0.000574505188050066
2023-09-23,Crypto Maximum Sharpe,0.0002395930760292054
2023-09-24,Crypto Maximum Sharpe,-0.011205768693257663
2023-09-25,Crypto Maximum Sharpe,0.011586699661931684
2023-09-26,Crypto Maximum Sharpe,0.003732275832792379
2023-09-27,Crypto Maximum Sharpe,0.024139871994635773
2023-09-28,Crypto Maximum Sharpe,0.029126285958269944
2023-09-29,Crypto Maximum Sharpe,0.00045910562048134666
2023-09-30,Crypto Maximum Sharpe,-0.0023527961762756923
2023-10-01,Crypto Maximum Sharpe,0.021758941997341352
2023-10-02,Crypto Maximum Sharpe,-0.012950138719797206
2023-10-03,Crypto Maximum Sharpe,0.004919638827112374
2023-10-04,Crypto Maximum Sharpe,-0.008631143539267954
2023-10-05,Crypto Maximum Sharpe,-0.009046156770418236
2023-10-06,Crypto Maximum Sharpe,-0.007059502369525911
2023-10-07,Crypto Maximum Sharpe,0.004576089581091781
2023-10-08,Crypto Maximum Sharpe,-0.004336885640620375
2023-10-09,Crypto Maximum Sharpe,-0.028145575023574978
2023-10-10,Crypto Maximum Sharpe,-0.008929181909978563
2023-10-11,Crypto Maximum Sharpe,-0.000629951742965009
2023-10-12,Crypto Maximum Sharpe,-0.009120305977015674
2023-10-13,Crypto Maximum Sharpe,0.009691546073336513
2023-10-14,Crypto Maximum Sharpe,-0.006733482367389838
2023-10-15,Crypto Maximum Sharpe,0.012631788005269482
2023-10-16,Crypto Maximum Sharpe,0.04135414015588874
2023-10-17,Crypto Maximum Sharpe,-0.009661773677882799
2023-10-18,Crypto Maximum Sharpe,0.004530528601984773
2023-10-19,Crypto Maximum Sharpe,0.010018800414511468
2023-10-20,Crypto Maximum Sharpe,0.023332326273092004
2023-10-21,Crypto Maximum Sharpe,0.010330181481558886
2023-10-22,Crypto Maximum Sharpe,-0.008140499185808284
2023-10-23,Crypto Maximum Sharpe,0.03821713266681365
2023-10-24,Crypto Maximum Sharpe,-0.008793657476583326
2023-10-25,Crypto Maximum Sharpe,0.010251119532747337
2023-10-26,Crypto Maximum Sharpe,-0.01278757574854378
2023-10-27,Crypto Maximum Sharpe,-0.006098812601063835
2023-10-28,Crypto Maximum Sharpe,0.011885040106952812
2023-10-29,Crypto Maximum Sharpe,0.006709736568373224
2023-10-30,Crypto Maximum Sharpe,0.007145627501527963
2023-10-31,Crypto Maximum Sharpe,0.010893453985711527
2023-11-01,Crypto Maximum Sharpe,0.02147939860625978
2023-11-02,Crypto Maximum Sharpe,-0.015996436117234863
2023-11-03,Crypto Maximum Sharpe,-0.007308118560110905
2023-11-04,Crypto Maximum Sharpe,0.007374573813804277
2023-11-05,Crypto Maximum Sharpe,0.008039215186524956
2023-11-06,Crypto Maximum Sharpe,0.010494408084274105
2023-11-07,Crypto Maximum Sharpe,-0.005378646357213702
2023-11-08,Crypto Maximum Sharpe,0.011086962970310067
2023-11-09,Crypto Maximum Sharpe,0.0014904641614771966
2023-11-10,Crypto Maximum Sharpe,0.036114351777640386
2023-11-11,Crypto Maximum Sharpe,0.0036620503074885832
2023-11-12,Crypto Maximum Sharpe,0.0009841138064165676
2023-11-13,Crypto Maximum Sharpe,-0.008723319270648414
2023-11-14,Crypto Maximum Sharpe,-0.03617812212873541
2023-11-15,Crypto Maximum Sharpe,0.033377035011485506
2023-11-16,Crypto Maximum Sharpe,-0.0282616078483426
2023-11-17,Crypto Maximum Sharpe,0.004779844205700522
2023-11-18,Crypto Maximum Sharpe,-0.004906309960195481
2023-11-19,Crypto Maximum Sharpe,0.013119266712599616
2023-11-20,Crypto Maximum Sharpe,-0.015529911570096904
2023-11-21,Crypto Maximum Sharpe,-0.04643093447559274
2023-11-22,Crypto Maximum Sharpe,0.04655894969276311
2023-11-23,Crypto Maximum Sharpe,0.005299638218239675
2023-11-24,Crypto Maximum Sharpe,0.01570312486590573
2023-11-25,Crypto Maximum Sharpe,0.01896590682171341
2023-11-26,Crypto Maximum Sharpe,-0.007690226641122106
2023-11-27,Crypto Maximum Sharpe,-0.03045042454234462
2023-11-28,Crypto Maximum Sharpe,0.009358234534722808
2023-11-29,Crypto Maximum Sharpe,0.001820995893785932
2023-11-30,Crypto Maximum Sharpe,-0.003135505464706201
2023-12-01,Crypto Maximum Sharpe,0.0001418530059016081
2023-12-02,Crypto Maximum Sharpe,0.0032420143256441255
2023-12-03,Crypto Maximum Sharpe,0.0004171680971544663
2023-12-04,Crypto Maximum Sharpe,0.01967746959707103
2023-12-05,Crypto Maximum Sharpe,-0.001465040676538764
2023-12-06,Crypto Maximum Sharpe,0.005598860471743243
2023-12-07,Crypto Maximum Sharpe,-0.0028506830728275492
2023-12-08,Crypto Maximum Sharpe,0.02486655970385934
2023-12-09,Crypto Maximum Sharpe,-0.0013621327424545204
2023-12-10,Crypto Maximum Sharpe,0.007841125516783684
2023-12-11,Crypto Maximum Sharpe,-0.04482587967988058
2023-12-12,Crypto Maximum Sharpe,-0.0002577299563576486
2023-12-13,Crypto Maximum Sharpe,0.008008976741737266
2023-12-14,Crypto Maximum Sharpe,0.014627733107930991
2023-12-15,Crypto Maximum Sharpe,-0.0416349898387719
2023-12-16,Crypto Maximum Sharpe,0.01162501931104696
2023-12-17,Crypto Maximum Sharpe,-0.008007083304440605
2023-12-18,Crypto Maximum Sharpe,-0.008146659705924162
2023-12-19,Crypto Maximum Sharpe,-0.004883063800522934
2023-12-20,Crypto Maximum Sharpe,0.02083619739113499
2023-12-21,Crypto Maximum Sharpe,0.01844847154422819
2023-12-22,Crypto Maximum Sharpe,0.0072968842730250965
2023-12-23,Crypto Maximum Sharpe,0.009125341944235107
2023-12-24,Crypto Maximum Sharpe,-0.005907433209272488
2023-12-25,Crypto Maximum Sharpe,0.0016594598926030265
2023-12-26,Crypto Maximum Sharpe,-0.026916754891835856
2023-12-27,Crypto Maximum Sharpe,0.04245754654987779
2023-12-28,Crypto Maximum Sharpe,0.0005353457153302361
2023-12-29,Crypto Maximum Sharpe,-0.004427341657744278
2023-12-30,Crypto Maximum Sharpe,0.012208913760035741
2023-12-31,Crypto Maximum Sharpe,0.006129182032814231
2020-09-10,Crypto Minimum Variance,0.013378677699702385
2020-09-11,Crypto Minimum Variance,0.00204195221833721
2020-09-12,Crypto Minimum Variance,0.009037479278379956
2020-09-13,Crypto Minimum Variance,-0.015822738532908637
2020-09-14,Crypto Minimum Variance,0.02908378647016908
2020-09-15,Crypto Minimum Variance,0.0036127794038318187
2020-09-16,Crypto Minimum Variance,0.01645045800729276
2020-09-17,Crypto Minimum Variance,0.004541004659282219
2020-09-18,Crypto Minimum Variance,-0.0023078024533907207
2020-09-19,Crypto Minimum Variance,0.010333380296156066
2020-09-20,Crypto Minimum Variance,-0.016040976992812702
2020-09-21,Crypto Minimum Variance,-0.04895414936533622
2020-09-22,Crypto Minimum Variance,0.006668163331491708
2020-09-23,Crypto Minimum Variance,-0.036237181639572694
2020-09-24,Crypto Minimum Variance,0.05107681945121671
2020-09-25,Crypto Minimum Variance,0.009339983707607915
2020-09-26,Crypto Minimum Variance,0.0038845205962841503
2020-09-27,Crypto Minimum Variance,0.0023434741731765346
2020-09-28,Crypto Minimum Variance,-0.005253361308521948
2020-09-29,Crypto Minimum Variance,0.01011838836386993
2020-09-30,Crypto Minimum Variance,-0.005609532546993631
2020-10-01,Crypto Minimum Variance,-0.01503795957279817
2020-10-02,Crypto Minimum Variance,-0.009243629337168229
2020-10-03,Crypto Minimum Variance,-0.0034975140083584053
2020-10-04,Crypto Minimum Variance,0.031574742083805916
2020-10-05,Crypto Minimum Variance,0.012004013471288075
2020-10-06,Crypto Minimum Variance,-0.01918526349014015
2020-10-07,Crypto Minimum Variance,0.008788206569761401
2020-10-08,Crypto Minimum Variance,0.018695376507006634
2020-10-09,Crypto Minimum Variance,0.01148057255152954
2020-10-10,Crypto Minimum Variance,0.014038170140985776
2020-10-11,Crypto Minimum Variance,0.006936758329585126
2020-10-12,Crypto Minimum Variance,0.010297442941206734
2020-10-13,Crypto Minimum Variance,-0.00703564576164431
2020-10-14,Crypto Minimum Variance,-0.01023170632612761
2020-10-15,Crypto Minimum Variance,-0.001944114817695122
2020-10-16,Crypto Minimum Variance,-0.01789942883516351
2020-10-17,Crypto Minimum Variance,0.0027314733774072113
2020-10-18,Crypto Minimum Variance,0.00882927953643024
2020-10-19,Crypto Minimum Variance,0.019770557914296612
2020-10-20,Crypto Minimum Variance,0.00529633233009787
2020-10-21,Crypto Minimum Variance,0.05938167885127069
2020-10-22,Crypto Minimum Variance,0.014799137693265532
2020-10-23,Crypto Minimum Variance,-0.004537655796254178
2020-10-24,Crypto Minimum Variance,0.010711744216999027
2020-10-25,Crypto Minimum Variance,-0.008463426733148673
2020-10-26,Crypto Minimum Variance,-0.004877954382844135
2020-10-27,Crypto Minimum Variance,0.03365097600582106
2020-10-28,Crypto Minimum Variance,-0.02795504292637656
2020-10-29,Crypto Minimum Variance,0.0020306698903375595
2020-10-30,Crypto Minimum Variance,-4.8007436314856725e-05
2020-10-31,Crypto Minimum Variance,0.01149132447892539
2020-11-01,Crypto Minimum Variance,-0.0015849278268077664
2020-11-02,Crypto Minimum Variance,-0.015775585353166702
2020-11-03,Crypto Minimum Variance,0.023804917489289576
2020-11-04,Crypto Minimum Variance,0.003604871278093638
2020-11-05,Crypto Minimum Variance,0.07002845629293533
2020-11-06,Crypto Minimum Variance,0.02373579099238277
2020-11-07,Crypto Minimum Variance,-0.04104995588293335
2020-11-08,Crypto Minimum Variance,0.031287385208560475
2020-11-09,Crypto Minimum Variance,-0.010946789332344845
2020-11-10,Crypto Minimum Variance,0.004492413516888562
2020-11-11,Crypto Minimum Variance,0.018577889822731154
2020-11-12,Crypto Minimum Variance,0.016935148347038475
2020-11-13,Crypto Minimum Variance,0.02030800447900817
2020-11-14,Crypto Minimum Variance,-0.0025330486545094514
2020-11-15,Crypto Minimum Variance,-0.0014391155583800682
2020-11-16,Crypto Minimum Variance,0.052935180221760005
2020-11-17,Crypto Minimum Variance,0.057262777866690553
2020-11-18,Crypto Minimum Variance,-0.007947838766295671
2020-11-19,Crypto Minimum Variance,0.01562568312701252
2020-11-20,Crypto Minimum Variance,0.06151341436268308
2020-11-21,Crypto Minimum Variance,0.18711109678433552
2020-11-22,Crypto Minimum Variance,-0.02275063877927057
2020-11-23,Crypto Minimum Variance,0.18008562474039702
2020-11-24,Crypto Minimum Variance,0.08122968940579045
2020-11-25,Crypto Minimum Variance,-0.048842196438937044
2020-11-26,Crypto Minimum Variance,-0.12050462484654269
2020-11-27,Crypto Minimum Variance,0.02182495442686962
2020-11-28,Crypto Minimum Variance,0.07460386473681853
2020-11-29,Crypto Minimum Variance,-0.000776190448084569
2020-11-30,Crypto Minimum Variance,0.08726033958065865
2020-12-01,Crypto Minimum Variance,-0.048449102155035326
2020-12-02,Crypto Minimum Variance,0.021395579399496902
2020-12-03,Crypto Minimum Variance,0.016874048670914615
2020-12-04,Crypto Minimum Variance,-0.04672032696915211
2020-12-05,Crypto Minimum Variance,0.02640256883190481
2020-12-06,Crypto Minimum Variance,0.008790805735623148
2020-12-07,Crypto Minimum Variance,-0.008996777306925914
2020-12-08,Crypto Minimum Variance,-0.05183627564212957
2020-12-09,Crypto Minimum Variance,0.01878979142681561
2020-12-10,Crypto Minimum Variance,-0.01725734853232045
2020-12-11,Crypto Minimum Variance,-0.011828004064845594
2020-12-12,Crypto Minimum Variance,0.03809510266328591
2020-12-13,Crypto Minimum Variance,0.019098212828945058
2020-12-14,Crypto Minimum Variance,0.00245971863867075
2020-12-15,Crypto Minimum Variance,0.0077642258318787434
2020-12-16,Crypto Minimum Variance,0.09019376661641916
2020-12-17,Crypto Minimum Variance,0.052471674460217776
2020-12-18,Crypto Minimum Variance,0.011983572987428293
2020-12-19,Crypto Minimum Variance,0.025437321251303456
2020-12-20,Crypto Minimum Variance,-0.012215085358783895
2020-12-21,Crypto Minimum Variance,-0.03515770473624381
2020-12-22,Crypto Minimum Variance,0.030659989677621284
2020-12-23,Crypto Minimum Variance,-0.05274155021920234
2020-12-24,Crypto Minimum Variance,0.041533129480610484
2020-12-25,Crypto Minimum Variance,0.03688699639615965
2020-12-26,Crypto Minimum Variance,0.052805149490845735
2020-12-27,Crypto Minimum Variance,0.0004432928424246505
2020-12-28,Crypto Minimum Variance,0.02892920349648057
2020-12-29,Crypto Minimum Variance,-0.003732680950550394
2020-12-30,Crypto Minimum Variance,0.03713889117107934
2020-12-31,Crypto Minimum Variance,0.0035627603095604804
2021-01-01,Crypto Minimum Variance,0.011147848514605553
2021-01-02,Crypto Minimum Variance,0.07763212598703485
2021-01-03,Crypto Minimum Variance,0.03477549470777505
2021-01-04,Crypto Minimum Variance,-0.009956570353310849
2021-01-05,Crypto Minimum Variance,0.04123482224032307
2021-01-06,Crypto Minimum Variance,0.07911882076934607
2021-01-07,Crypto Minimum Variance,0.056428446429984846
2021-01-08,Crypto Minimum Variance,0.025400014866282086
2021-01-09,Crypto Minimum Variance,0.01130159486106497
2021-01-10,Crypto Minimum Variance,-0.03693277660175397
2021-01-11,Crypto Minimum Variance,-0.08471969142682925
2021-01-12,Crypto Minimum Variance,-0.040727598992090885
2021-01-13,Crypto Minimum Variance,0.09278866675239461
2021-01-14,Crypto Minimum Variance,0.04027318404187403
2021-01-15,Crypto Minimum Variance,-0.05047292532576756
2021-01-16,Crypto Minimum Variance,-0.011156370061324021
2021-01-17,Crypto Minimum Variance,-0.009468039659562458
2021-01-18,Crypto Minimum Variance,0.026648998811462897
2021-01-19,Crypto Minimum Variance,-0.015530460106042407
2021-01-20,Crypto Minimum Variance,-0.012708497411731808
2021-01-21,Crypto Minimum Variance,-0.12529833667911908
2021-01-22,Crypto Minimum Variance,0.0640454476710105
2021-01-23,Crypto Minimum Variance,-0.01993361340563441
2021-01-24,Crypto Minimum Variance,0.011022206095057569
2021-01-25,Crypto Minimum Variance,-0.0010927405239048687
2021-01-26,Crypto Minimum Variance,0.004401006809864461
2021-01-27,Crypto Minimum Variance,-0.06196376835027483
2021-01-28,Crypto Minimum Variance,0.09211267210568974
2021-01-29,Crypto Minimum Variance,0.03902044415827988
2021-01-30,Crypto Minimum Variance,-0.007290464416065026
2021-01-31,Crypto Minimum Variance,-0.030009944110626952
2021-02-01,Crypto Minimum Variance,0.018213359050587487
2021-02-02,Crypto Minimum Variance,0.04775901242040947
2021-02-03,Crypto Minimum Variance,0.04933519483214397
2021-02-04,Crypto Minimum Variance,-0.020161584501086023
2021-02-05,Crypto Minimum Variance,0.04994670982438898
2021-02-06,Crypto Minimum Variance,0.018048922715086606
2021-02-07,Crypto Minimum Variance,-0.006187353144944925
2021-02-08,Crypto Minimum Variance,0.16619103359306886
2021-02-09,Crypto Minimum Variance,0.03689175756616721
2021-02-10,Crypto Minimum Variance,-0.018051031665419385
2021-02-11,Crypto Minimum Variance,0.10185357542081441
2021-02-12,Crypto Minimum Variance,-0.00968065173385493
2021-02-13,Crypto Minimum Variance,0.03575845677272064
2021-02-14,Crypto Minimum Variance,0.0108263502654153
2021-02-15,Crypto Minimum Variance,-0.034493941868849125
2021-02-16,Crypto Minimum Variance,0.023187804010461412
2021-02-17,Crypto Minimum Variance,0.050573839360952284
2021-02-18,Crypto Minimum Variance,0.00035741513081266607
2021-02-19,Crypto Minimum Variance,0.08271892497404067
2021-02-20,Crypto Minimum Variance,-0.007516759322134008
2021-02-21,Crypto Minimum Variance,0.026292048296426573
2021-02-22,Crypto Minimum Variance,-0.0668038264882255
2021-02-23,Crypto Minimum Variance,-0.12000689613537502
2021-02-24,Crypto Minimum Variance,0.030379717267409574
2021-02-25,Crypto Minimum Variance,-0.05531775833742632
2021-02-26,Crypto Minimum Variance,-0.013813398633553672
2021-02-27,Crypto Minimum Variance,0.00607254262926777
2021-02-28,Crypto Minimum Variance,-0.025933894896958312
2021-03-01,Crypto Minimum Variance,0.08728122202440625
2021-03-02,Crypto Minimum Variance,-0.02451956349911264
2021-03-03,Crypto Minimum Variance,0.043116530479695485
2021-03-04,Crypto Minimum Variance,-0.02557157305157857
2021-03-05,Crypto Minimum Variance,0.0029598685761096106
2021-03-06,Crypto Minimum Variance,-0.0001273530092911576
2021-03-07,Crypto Minimum Variance,0.041923782328023275
2021-03-08,Crypto Minimum Variance,0.01918142656451082
2021-03-09,Crypto Minimum Variance,0.043791782905679255
2021-03-10,Crypto Minimum Variance,0.008854596623293916
2021-03-11,Crypto Minimum Variance,0.025069647573473193
2021-03-12,Crypto Minimum Variance,-0.013868046726958766
2021-03-13,Crypto Minimum Variance,0.0694058667403936
2021-03-14,Crypto Minimum Variance,-0.03329940811064005
2021-03-15,Crypto Minimum Variance,-0.048301645617661704
2021-03-16,Crypto Minimum Variance,0.023674541887436014
2021-03-17,Crypto Minimum Variance,0.03908979604948375
2021-03-18,Crypto Minimum Variance,-0.020618969737223436
2021-03-19,Crypto Minimum Variance,0.022397417007968722
2021-03-20,Crypto Minimum Variance,0.00492152586583232
2021-03-21,Crypto Minimum Variance,-0.006778104903210338
2021-03-22,Crypto Minimum Variance,-0.05035895499214859
2021-03-23,Crypto Minimum Variance,0.0030672956172347592
2021-03-24,Crypto Minimum Variance,-0.040260205461415594
2021-03-25,Crypto Minimum Variance,-0.016397064997573662
2021-03-26,Crypto Minimum Variance,0.08208868247069934
2021-03-27,Crypto Minimum Variance,0.008077042760101957
2021-03-28,Crypto Minimum Variance,-0.00018585105246437497
2021-03-29,Crypto Minimum Variance,0.03069154207046928
2021-03-30,Crypto Minimum Variance,0.020180278723257672
2021-03-31,Crypto Minimum Variance,0.06127641608636354
2021-04-01,Crypto Minimum Variance,-0.004662318702939002
2021-04-02,Crypto Minimum Variance,0.017049379628260537
2021-04-03,Crypto Minimum Variance,-0.016816279027897795
2021-04-04,Crypto Minimum Variance,0.05339872840355071
2021-04-05,Crypto Minimum Variance,0.027969981146824426
2021-04-06,Crypto Minimum Variance,-0.011292838762303616
2021-04-07,Crypto Minimum Variance,-0.046817615153179816
2021-04-08,Crypto Minimum Variance,0.05183884898465905
2021-04-09,Crypto Minimum Variance,-0.010709414946701513
2021-04-10,Crypto Minimum Variance,0.045063387309760616
2021-04-11,Crypto Minimum Variance,0.0031443603064703284
2021-04-12,Crypto Minimum Variance,0.004766491137305962
2021-04-13,Crypto Minimum Variance,0.07533546843340254
2021-04-14,Crypto Minimum Variance,-0.0062113546104326
2021-04-15,Crypto Minimum Variance,0.03309500324349668
2021-04-16,Crypto Minimum Variance,-0.016156392456740616
2021-04-17,Crypto Minimum Variance,-0.015642091292703136
2021-04-18,Crypto Minimum Variance,-0.07542693143348843
2021-04-19,Crypto Minimum Variance,-0.02495004138781997
2021-04-20,Crypto Minimum Variance,0.016835086809313993
2021-04-21,Crypto Minimum Variance,-0.049475737386164106
2021-04-22,Crypto Minimum Variance,-0.047009841710066114
2021-04-23,Crypto Minimum Variance,-0.01171388393511316
2021-04-24,Crypto Minimum Variance,-0.030933719120344177
2021-04-25,Crypto Minimum Variance,-0.01916615224518473
2021-04-26,Crypto Minimum Variance,0.11760034401883648
2021-04-27,Crypto Minimum Variance,0.027088661881789204
2021-04-28,Crypto Minimum Variance,-0.004617770274982807
2021-04-29,Crypto Minimum Variance,-0.019813637654394898
2021-04-30,Crypto Minimum Variance,0.07910382980649375
2021-05-01,Crypto Minimum Variance,0.01793790082886853
2021-05-02,Crypto Minimum Variance,-0.01895467574748265
2021-05-03,Crypto Minimum Variance,0.023484697154604425
2021-05-04,Crypto Minimum Variance,-0.038351877237520336
2021-05-05,Crypto Minimum Variance,0.11105303186971485
2021-05-06,Crypto Minimum Variance,0.023957493557441038
2021-05-07,Crypto Minimum Variance,0.0041939471358162055
2021-05-08,Crypto Minimum Variance,0.02204921337198959
2021-05-09,Crypto Minimum Variance,-0.01076343061768723
2021-05-10,Crypto Minimum Variance,-0.051440183927172145
2021-05-11,Crypto Minimum Variance,0.02552833330365799
2021-05-12,Crypto Minimum Variance,-0.14299985462274528
2021-05-13,Crypto Minimum Variance,0.02332450929320841
2021-05-14,Crypto Minimum Variance,0.020049732640581262
2021-05-15,Crypto Minimum Variance,-0.05774725383157302
2021-05-16,Crypto Minimum Variance,-0.005225799491584236
2021-05-17,Crypto Minimum Variance,-0.062410176238100704
2021-05-18,Crypto Minimum Variance,-0.011220027620234371
2021-05-19,Crypto Minimum Variance,-0.1681475685930544
2021-05-20,Crypto Minimum Variance,0.11768492898212267
2021-05-21,Crypto Minimum Variance,-0.0940115022383958
2021-05-22,Crypto Minimum Variance,-0.005535365797723392
2021-05-23,Crypto Minimum Variance,-0.08339683695074068
2021-05-24,Crypto Minimum Variance,0.14494874141301256
2021-05-25,Crypto Minimum Variance,-0.0007912503833671314
2021-05-26,Crypto Minimum Variance,0.030637804174587172
2021-05-27,Crypto Minimum Variance,-0.029134244388095473
2021-05-28,Crypto Minimum Variance,-0.07350665834782394
2021-05-29,Crypto Minimum Variance,-0.03485373134937756
2021-05-30,Crypto Minimum Variance,0.034779209476095384
2021-05-31,Crypto Minimum Variance,0.05057103163675035
2021-06-01,Crypto Minimum Variance,-0.017083210875795327
2021-06-02,Crypto Minimum Variance,0.023804648157363946
2021-06-03,Crypto Minimum Variance,0.0435455384570055
2021-06-04,Crypto Minimum Variance,-0.05940102895344198
2021-06-05,Crypto Minimum Variance,-0.03617000000467827
2021-06-06,Crypto Minimum Variance,0.008843937578980717
2021-06-07,Crypto Minimum Variance,-0.06445095899468864
2021-06-08,Crypto Minimum Variance,-0.0021908623754250604
2021-06-09,Crypto Minimum Variance,0.1129717502376698
2021-06-10,Crypto Minimum Variance,-0.018560095616437414
2021-06-11,Crypto Minimum Variance,0.01481993376721345
2021-06-12,Crypto Minimum Variance,-0.04544916655223689
2021-06-13,Crypto Minimum Variance,0.09825515584673829
2021-06-14,Crypto Minimum Variance,0.028028247264776488
2021-06-15,Crypto Minimum Variance,0.004936394888533231
2021-06-16,Crypto Minimum Variance,-0.05164300404597227
2021-06-17,Crypto Minimum Variance,-0.0073873154783053434
2021-06-18,Crypto Minimum Variance,-0.05912100043021056
2021-06-19,Crypto Minimum Variance,-0.005252530027951769
2021-06-20,Crypto Minimum Variance,0.003011939966222856
2021-06-21,Crypto Minimum Variance,-0.11500025732622475
2021-06-22,Crypto Minimum Variance,0.02437200310272468
2021-06-23,Crypto Minimum Variance,0.03917966292931912
2021-06-24,Crypto Minimum Variance,0.029550978838849336
2021-06-25,Crypto Minimum Variance,-0.08684061781102151
2021-06-26,Crypto Minimum Variance,0.016742245452138777
2021-06-27,Crypto Minimum Variance,0.0761342081690357
2021-06-28,Crypto Minimum Variance,-0.006112801679798633
2021-06-29,Crypto Minimum Variance,0.042650574665898285
2021-06-30,Crypto Minimum Variance,-0.021873937247446136
2021-07-01,Crypto Minimum Variance,-0.04200591789220512
2021-07-02,Crypto Minimum Variance,0.010994268617539492
2021-07-03,Crypto Minimum Variance,0.022421137134689496
2021-07-04,Crypto Minimum Variance,0.018831980473343946
2021-07-05,Crypto Minimum Variance,-0.0435509675892411
2021-07-06,Crypto Minimum Variance,0.014836767022730912
2021-07-07,Crypto Minimum Variance,-0.010990219415416043
2021-07-08,Crypto Minimum Variance,-0.030386681160088108
2021-07-09,Crypto Minimum Variance,0.027333907660883675
2021-07-10,Crypto Minimum Variance,-0.00837176946072906
2021-07-11,Crypto Minimum Variance,0.02092739992267335
2021-07-12,Crypto Minimum Variance,-0.03161444930212194
2021-07-13,Crypto Minimum Variance,-0.014967221793715183
2021-07-14,Crypto Minimum Variance,0.003765220915262159
2021-07-15,Crypto Minimum Variance,-0.03182864874192615
2021-07-16,Crypto Minimum Variance,-0.012399423571678224
2021-07-17,Crypto Minimum Variance,0.0034565165126766426
2021-07-18,Crypto Minimum Variance,0.008289151954267077
2021-07-19,Crypto Minimum Variance,-0.0317035050803912
2021-07-20,Crypto Minimum Variance,-0.033480623295686504
2021-07-21,Crypto Minimum Variance,0.07873886045363995
2021-07-22,Crypto Minimum Variance,0.006762936424258285
2021-07-23,Crypto Minimum Variance,0.0385823672319902
2021-07-24,Crypto Minimum Variance,0.021329891890765902
2021-07-25,Crypto Minimum Variance,0.029236787861242716
2021-07-26,Crypto Minimum Variance,0.054633115660998696
2021-07-27,Crypto Minimum Variance,0.0536928116784165
2021-07-28,Crypto Minimum Variance,0.014362146265249254
2021-07-29,Crypto Minimum Variance,0.0007629062097709445
2021-07-30,Crypto Minimum Variance,0.05413434956562551
2021-07-31,Crypto Minimum Variance,-0.013029863165570223
2021-08-01,Crypto Minimum Variance,-0.03845621859879303
2021-08-02,Crypto Minimum Variance,-0.018882335325420496
2021-08-03,Crypto Minimum Variance,-0.024453373747099726
2021-08-04,Crypto Minimum Variance,0.04067459993076698
2021-08-05,Crypto Minimum Variance,0.027516051139760363
2021-08-06,Crypto Minimum Variance,0.04641864909380932
2021-08-07,Crypto Minimum Variance,0.04090808470596755
2021-08-08,Crypto Minimum Variance,-0.017412100770162864
2021-08-09,Crypto Minimum Variance,0.05782034907099095
2021-08-10,Crypto Minimum Variance,-0.011841615848088946
2021-08-11,Crypto Minimum Variance,0.002698673048821049
2021-08-12,Crypto Minimum Variance,-0.024220089380769062
2021-08-13,Crypto Minimum Variance,0.07894174784257586
2021-08-14,Crypto Minimum Variance,-0.013208642567246952
2021-08-15,Crypto Minimum Variance,-0.0013696929215415794
2021-08-16,Crypto Minimum Variance,-0.022803444707789992
2021-08-17,Crypto Minimum Variance,-0.02996696419016764
2021-08-18,Crypto Minimum Variance,0.00545622256343546
2021-08-19,Crypto Minimum Variance,0.04642437563453887
2021-08-20,Crypto Minimum Variance,0.05464200805573605
2021-08-21,Crypto Minimum Variance,-0.0087989054214797
2021-08-22,Crypto Minimum Variance,0.012056777187946162
2021-08-23,Crypto Minimum Variance,0.006916264372591552
2021-08-24,Crypto Minimum Variance,-0.03814890428142581
2021-08-25,Crypto Minimum Variance,0.02562792793379827
2021-08-26,Crypto Minimum Variance,-0.042327309084713945
2021-08-27,Crypto Minimum Variance,0.04898015818527488
2021-08-28,Crypto Minimum Variance,-0.0041801748164063705
2021-08-29,Crypto Minimum Variance,-0.0013341285617450042
2021-08-30,Crypto Minimum Variance,-0.03657096203407547
2021-08-31,Crypto Minimum Variance,0.002776740833944429
2021-09-01,Crypto Minimum Variance,0.03562035563587902
2021-09-02,Crypto Minimum Variance,0.01051749203878092
2021-09-03,Crypto Minimum Variance,0.013765585623980801
2021-09-04,Crypto Minimum Variance,-0.0029413529597632298
2021-09-05,Crypto Minimum Variance,0.03595421598519074
2021-09-06,Crypto Minimum Variance,0.015675688838707427
2021-09-07,Crypto Minimum Variance,-0.1107934350007769
2021-09-08,Crypto Minimum Variance,-0.01524312592880232
2021-09-09,Crypto Minimum Variance,0.006833157401483714
2021-09-10,Crypto Minimum Variance,-0.03309364545624929
2021-09-11,Crypto Minimum Variance,0.009996337353996916
2021-09-12,Crypto Minimum Variance,0.017893250166681907
2021-09-13,Crypto Minimum Variance,-0.02527902411811178
2021-09-14,Crypto Minimum Variance,0.04586806454537366
2021-09-15,Crypto Minimum Variance,0.023655647638755196
2021-09-16,Crypto Minimum Variance,-0.0088836421470864
2021-09-17,Crypto Minimum Variance,-0.011398411021801086
2021-09-18,Crypto Minimum Variance,0.02104348251684662
2021-09-19,Crypto Minimum Variance,-0.021568695193110807
2021-09-20,Crypto Minimum Variance,-0.0935154324642722
2021-09-21,Crypto Minimum Variance,-0.049796286000836715
2021-09-22,Crypto Minimum Variance,0.07289471163444096
2021-09-23,Crypto Minimum Variance,0.030254304432030837
2021-09-24,Crypto Minimum Variance,-0.04504320316378336
2021-09-25,Crypto Minimum Variance,-0.002520166139111018
2021-09-26,Crypto Minimum Variance,0.009950155177709797
2021-09-27,Crypto Minimum Variance,-0.022826490058940906
2021-09-28,Crypto Minimum Variance,-0.028948609935707404
2021-09-29,Crypto Minimum Variance,0.012914827403620113
2021-09-30,Crypto Minimum Variance,0.05266480719042057
2021-10-01,Crypto Minimum Variance,0.09820580880137192
2021-10-02,Crypto Minimum Variance,-0.00832295290611016
2021-10-03,Crypto Minimum Variance,0.01005624536514056
2021-10-04,Crypto Minimum Variance,0.018048933482401823
2021-10-05,Crypto Minimum Variance,0.048360419534675944
2021-10-06,Crypto Minimum Variance,0.07308161282557353
2021-10-07,Crypto Minimum Variance,-0.02701143941775779
2021-10-08,Crypto Minimum Variance,0.002620871053329154
2021-10-09,Crypto Minimum Variance,0.018434855733329404
2021-10-10,Crypto Minimum Variance,-0.004088550082552656
2021-10-11,Crypto Minimum Variance,0.04839555424805307
2021-10-12,Crypto Minimum Variance,-0.025111645612376533
2021-10-13,Crypto Minimum Variance,0.0244330302852126
2021-10-14,Crypto Minimum Variance,-0.0015214633047644865
2021-10-15,Crypto Minimum Variance,0.0735112860520347
2021-10-16,Crypto Minimum Variance,-0.011493387169933372
2021-10-17,Crypto Minimum Variance,0.010477018741294114
2021-10-18,Crypto Minimum Variance,0.007279015782049795
2021-10-19,Crypto Minimum Variance,0.03523070739897091
2021-10-20,Crypto Minimum Variance,0.02707799472352967
2021-10-21,Crypto Minimum Variance,-0.056662684372431465
2021-10-22,Crypto Minimum Variance,-0.023782680989804055
2021-10-23,Crypto Minimum Variance,0.011448137046010023
2021-10-24,Crypto Minimum Variance,-0.007773873094666254
2021-10-25,Crypto Minimum Variance,0.03414222938722749
2021-10-26,Crypto Minimum Variance,-0.041694105760275525
2021-10-27,Crypto Minimum Variance,-0.032571906959937995
2021-10-28,Crypto Minimum Variance,0.03663714504169669
2021-10-29,Crypto Minimum Variance,0.026216307905022006
2021-10-30,Crypto Minimum Variance,-0.005861275408379124
2021-10-31,Crypto Minimum Variance,-0.00896056739839667
2021-11-01,Crypto Minimum Variance,-0.005129747739996527
2021-11-02,Crypto Minimum Variance,0.036423534468053236
2021-11-03,Crypto Minimum Variance,-0.004054563588107397
2021-11-04,Crypto Minimum Variance,-0.024103783966732184
2021-11-05,Crypto Minimum Variance,-0.005313959884109653
2021-11-06,Crypto Minimum Variance,0.006573419146120197
2021-11-07,Crypto Minimum Variance,0.029247220896912555
2021-11-08,Crypto Minimum Variance,0.06695154718111462
2021-11-09,Crypto Minimum Variance,-0.008806096371717123
2021-11-10,Crypto Minimum Variance,-0.0295138674213994
2021-11-11,Crypto Minimum Variance,-0.0006965054346836928
2021-11-12,Crypto Minimum Variance,-0.01222509636324598
2021-11-13,Crypto Minimum Variance,0.004887870563917041
2021-11-14,Crypto Minimum Variance,0.01546951778756433
2021-11-15,Crypto Minimum Variance,-0.029159323323932337
2021-11-16,Crypto Minimum Variance,-0.05344145330150951
2021-11-17,Crypto Minimum Variance,0.003436857419438998
2021-11-18,Crypto Minimum Variance,-0.05674983989800574
2021-11-19,Crypto Minimum Variance,0.02067785780617349
2021-11-20,Crypto Minimum Variance,0.027144333086984274
2021-11-21,Crypto Minimum Variance,-0.016193704661323978
2021-11-22,Crypto Minimum Variance,-0.041565940596482776
2021-11-23,Crypto Minimum Variance,0.022735855747423088
2021-11-24,Crypto Minimum Variance,-0.022384387016602284
2021-11-25,Crypto Minimum Variance,0.01766606937400316
2021-11-26,Crypto Minimum Variance,-0.06468677053655503
2021-11-27,Crypto Minimum Variance,0.02324655494514305
2021-11-28,Crypto Minimum Variance,0.044392510044424904
2021-11-29,Crypto Minimum Variance,0.009748898117819094
2021-11-30,Crypto Minimum Variance,-0.013858989986877738
2021-12-01,Crypto Minimum Variance,0.0039365085108058456
2021-12-02,Crypto Minimum Variance,-0.013140205787574131
2021-12-03,Crypto Minimum Variance,-0.050985864817913444
2021-12-04,Crypto Minimum Variance,-0.08204639683653359
2021-12-05,Crypto Minimum Variance,0.0034175229330120054
2021-12-06,Crypto Minimum Variance,0.02458589579002135
2021-12-07,Crypto Minimum Variance,0.0023221597831271073
2021-12-08,Crypto Minimum Variance,-0.0038518487471744735
2021-12-09,Crypto Minimum Variance,-0.056087262131969566
2021-12-10,Crypto Minimum Variance,-0.008995119084521335
2021-12-11,Crypto Minimum Variance,0.044857216044006165
2021-12-12,Crypto Minimum Variance,0.014906619570362876
2021-12-13,Crypto Minimum Variance,-0.0670851717099511
2021-12-14,Crypto Minimum Variance,-0.002671253456494659
2021-12-15,Crypto Minimum Variance,0.049001519672527076
2021-12-16,Crypto Minimum Variance,-0.025181582897818463
2021-12-17,Crypto Minimum Variance,-0.03069900721574181
2021-12-18,Crypto Minimum Variance,0.013995731563123393
2021-12-19,Crypto Minimum Variance,-0.0030259427628138713
2021-12-20,Crypto Minimum Variance,0.003709543768351198
2021-12-21,Crypto Minimum Variance,0.043863561694012614
2021-12-22,Crypto Minimum Variance,-0.006295931447672264
2021-12-23,Crypto Minimum Variance,0.04433669194360079
2021-12-24,Crypto Minimum Variance,0.0007414904357732035
2021-12-25,Crypto Minimum Variance,-0.007719775485643061
2021-12-26,Crypto Minimum Variance,0.007528401917142877
2021-12-27,Crypto Minimum Variance,-0.0033280706216139975
2021-12-28,Crypto Minimum Variance,-0.060259425620916234
2021-12-29,Crypto Minimum Variance,-0.02404227880624954
2021-12-30,Crypto Minimum Variance,0.01579112126431248
2021-12-31,Crypto Minimum Variance,-0.018476352917798252
2022-01-01,Crypto Minimum Variance,0.029809396471367263
2022-01-02,Crypto Minimum Variance,-0.007163274962024398
2022-01-03,Crypto Minimum Variance,-0.0187368774698079
2022-01-04,Crypto Minimum Variance,-0.012065555013512693
2022-01-05,Crypto Minimum Variance,-0.05073406061509755
2022-01-06,Crypto Minimum Variance,-0.009366159015892996
2022-01-07,Crypto Minimum Variance,-0.03714070469186992
2022-01-08,Crypto Minimum Variance,0.004235994902819668
2022-01-09,Crypto Minimum Variance,0.0042569704720818455
2022-01-10,Crypto Minimum Variance,-0.0021554853640055644
2022-01-11,Crypto Minimum Variance,0.021869109453241498
2022-01-12,Crypto Minimum Variance,0.028389418684672707
2022-01-13,Crypto Minimum Variance,-0.030888714484173404
2022-01-14,Crypto Minimum Variance,0.011930269358978673
2022-01-15,Crypto Minimum Variance,0.0018027786773091594
2022-01-16,Crypto Minimum Variance,-0.0014711291913973574
2022-01-17,Crypto Minimum Variance,-0.020024366790964976
2022-01-18,Crypto Minimum Variance,0.0029604828561313697
2022-01-19,Crypto Minimum Variance,-0.014897823244158783
2022-01-20,Crypto Minimum Variance,-0.02548634039729203
2022-01-21,Crypto Minimum Variance,-0.10381165615712483
2022-01-22,Crypto Minimum Variance,-0.039143484680769114
2022-01-23,Crypto Minimum Variance,0.03558509252717301
2022-01-24,Crypto Minimum Variance,0.010406744495611069
2022-01-25,Crypto Minimum Variance,0.008175727030871547
2022-01-26,Crypto Minimum Variance,-0.0027570168785626676
2022-01-27,Crypto Minimum Variance,0.007763821260712286
2022-01-28,Crypto Minimum Variance,0.01739710212731405
2022-01-29,Crypto Minimum Variance,0.00936493083845824
2022-01-30,Crypto Minimum Variance,-0.005783656346668664
2022-01-31,Crypto Minimum Variance,0.01491453610450133
2022-02-01,Crypto Minimum Variance,0.007213953806814524
2022-02-02,Crypto Minimum Variance,-0.044084789285133194
2022-02-03,Crypto Minimum Variance,0.006428481320295242
2022-02-04,Crypto Minimum Variance,0.11390378022228637
2022-02-05,Crypto Minimum Variance,-0.0008732211844132993
2022-02-06,Crypto Minimum Variance,0.023347374610373915
2022-02-07,Crypto Minimum Variance,0.03382387259227657
2022-02-08,Crypto Minimum Variance,0.0053270318680953095
2022-02-09,Crypto Minimum Variance,0.006601293192770331
2022-02-10,Crypto Minimum Variance,-0.017380633130226957
2022-02-11,Crypto Minimum Variance,-0.029903771607416908
2022-02-12,Crypto Minimum Variance,-0.004256974222859755
2022-02-13,Crypto Minimum Variance,0.00024505891066192286
2022-02-14,Crypto Minimum Variance,0.008577202275975184
2022-02-15,Crypto Minimum Variance,0.04577535137779598
2022-02-16,Crypto Minimum Variance,-0.013090312361632436
2022-02-17,Crypto Minimum Variance,-0.0764140864468895
2022-02-18,Crypto Minimum Variance,-0.010599894745377352
2022-02-19,Crypto Minimum Variance,0.002623284616931488
2022-02-20,Crypto Minimum Variance,-0.04060216432997594
2022-02-21,Crypto Minimum Variance,-0.035618901302698396
2022-02-22,Crypto Minimum Variance,0.0341633445653281
2022-02-23,Crypto Minimum Variance,-0.025946935423040208
2022-02-24,Crypto Minimum Variance,0.02570171548207968
2022-02-25,Crypto Minimum Variance,0.01891850987450037
2022-02-26,Crypto Minimum Variance,-0.0025054866102143867
2022-02-27,Crypto Minimum Variance,-0.034787732668117445
2022-02-28,Crypto Minimum Variance,0.13868491331220872
2022-03-01,Crypto Minimum Variance,0.023354429837472025
2022-03-02,Crypto Minimum Variance,-0.00973638335693211
2022-03-03,Crypto Minimum Variance,-0.032097653923907093
2022-03-04,Crypto Minimum Variance,-0.06982825753549876
2022-03-05,Crypto Minimum Variance,0.012109552547746153
2022-03-06,Crypto Minimum Variance,-0.02489943715018287
2022-03-07,Crypto Minimum Variance,-0.008425725369640223
2022-03-08,Crypto Minimum Variance,0.020123335335551343
2022-03-09,Crypto Minimum Variance,0.07038345637504216
2022-03-10,Crypto Minimum Variance,-0.05304348109192716
2022-03-11,Crypto Minimum Variance,-0.012393631573484902
2022-03-12,Crypto Minimum Variance,0.0006640236918353097
2022-03-13,Crypto Minimum Variance,-0.023384745736900702
2022-03-14,Crypto Minimum Variance,0.042083434033531264
2022-03-15,Crypto Minimum Variance,-0.005851827646705836
2022-03-16,Crypto Minimum Variance,0.03972760117411569
2022-03-17,Crypto Minimum Variance,-0.004683078159350602
2022-03-18,Crypto Minimum Variance,0.0197179664994186
2022-03-19,Crypto Minimum Variance,0.008340564252960373
2022-03-20,Crypto Minimum Variance,-0.019842504024213108
2022-03-21,Crypto Minimum Variance,-0.002466320018545682
2022-03-22,Crypto Minimum Variance,0.030353959393101065
2022-03-23,Crypto Minimum Variance,0.01295421405802151
2022-03-24,Crypto Minimum Variance,0.023929706236445587
2022-03-25,Crypto Minimum Variance,0.004459132119795891
2022-03-26,Crypto Minimum Variance,0.007317011325709897
2022-03-27,Crypto Minimum Variance,0.05099432308366697
2022-03-28,Crypto Minimum Variance,0.005233294156309426
2022-03-29,Crypto Minimum Variance,0.006688865323631077
2022-03-30,Crypto Minimum Variance,0.002024533020218432
2022-03-31,Crypto Minimum Variance,-0.025045658610829625
2022-04-01,Crypto Minimum Variance,0.015628411965183713
2022-04-02,Crypto Minimum Variance,-0.012447479698558379
2022-04-03,Crypto Minimum Variance,0.008952917560918199
2022-04-04,Crypto Minimum Variance,-0.006016803505335882
2022-04-05,Crypto Minimum Variance,-0.021994755399065907
2022-04-06,Crypto Minimum Variance,-0.06155907658849339
2022-04-07,Crypto Minimum Variance,0.009910190765388464
2022-04-08,Crypto Minimum Variance,-0.028417409058722577
2022-04-09,Crypto Minimum Variance,0.014794975639893394
2022-04-10,Crypto Minimum Variance,-0.01585015658329754
2022-04-11,Crypto Minimum Variance,-0.06505625209779954
2022-04-12,Crypto Minimum Variance,0.019209852090653463
2022-04-13,Crypto Minimum Variance,0.025932333028830114
2022-04-14,Crypto Minimum Variance,-0.027896651434035767
2022-04-15,Crypto Minimum Variance,0.01919680236195981
2022-04-16,Crypto Minimum Variance,-0.0020082792568943534
2022-04-17,Crypto Minimum Variance,-0.020285258036028823
2022-04-18,Crypto Minimum Variance,0.026308530350433523
2022-04-19,Crypto Minimum Variance,0.020033257071910508
2022-04-20,Crypto Minimum Variance,-0.005358528362266714
2022-04-21,Crypto Minimum Variance,0.02318919955639705
2022-04-22,Crypto Minimum Variance,-0.03185052003110213
2022-04-23,Crypto Minimum Variance,-0.0011569275082095676
2022-04-24,Crypto Minimum Variance,-0.008149399069046638
2022-04-25,Crypto Minimum Variance,0.01676157735657154
2022-04-26,Crypto Minimum Variance,-0.05632863440803214
2022-04-27,Crypto Minimum Variance,0.027185240443887735
2022-04-28,Crypto Minimum Variance,0.01217321289926333
2022-04-29,Crypto Minimum Variance,-0.022264818326624986
2022-04-30,Crypto Minimum Variance,-0.020170816364091602
2022-05-01,Crypto Minimum Variance,0.04307216124597209
2022-05-02,Crypto Minimum Variance,-0.005045230059148675
2022-05-03,Crypto Minimum Variance,-0.005113388490852338
2022-05-04,Crypto Minimum Variance,0.08121028270861905
2022-05-05,Crypto Minimum Variance,-0.09057434668710423
2022-05-06,Crypto Minimum Variance,0.021160601606310947
2022-05-07,Crypto Minimum Variance,-0.018912725913423214
2022-05-08,Crypto Minimum Variance,-0.021317968153945814
2022-05-09,Crypto Minimum Variance,-0.12151000306654716
2022-05-10,Crypto Minimum Variance,0.029645980150423683
2022-05-11,Crypto Minimum Variance,-0.06000713135120225
2022-05-12,Crypto Minimum Variance,-0.01693363127155175
2022-05-13,Crypto Minimum Variance,0.02763570170903422
2022-05-14,Crypto Minimum Variance,0.01722451559386936
2022-05-15,Crypto Minimum Variance,0.03116398196938373
2022-05-16,Crypto Minimum Variance,-0.04588447959787181
2022-05-17,Crypto Minimum Variance,0.024644871425159358
2022-05-18,Crypto Minimum Variance,-0.048101751688122085
2022-05-19,Crypto Minimum Variance,0.05163374657289506
2022-05-20,Crypto Minimum Variance,-0.03545729932253174
2022-05-21,Crypto Minimum Variance,0.014277068096180259
2022-05-22,Crypto Minimum Variance,0.035452145082821934
2022-05-23,Crypto Minimum Variance,-0.036872218279012145
2022-05-24,Crypto Minimum Variance,0.027034298665547102
2022-05-25,Crypto Minimum Variance,0.0080182779641643
2022-05-26,Crypto Minimum Variance,-0.013501499517520164
2022-05-27,Crypto Minimum Variance,-0.021722076730262753
2022-05-28,Crypto Minimum Variance,0.006818713779375048
2022-05-29,Crypto Minimum Variance,0.015355901242230187
2022-05-30,Crypto Minimum Variance,0.06834282086488147
2022-05-31,Crypto Minimum Variance,0.00399575383939231
2022-06-01,Crypto Minimum Variance,-0.05002128937536474
2022-06-02,Crypto Minimum Variance,0.019271143298718076
2022-06-03,Crypto Minimum Variance,-0.027728459501598836
2022-06-04,Crypto Minimum Variance,0.0010745896012729125
2022-06-05,Crypto Minimum Variance,0.004976264601879417
2022-06-06,Crypto Minimum Variance,0.03830268954076228
2022-06-07,Crypto Minimum Variance,-0.004373157867410516
2022-06-08,Crypto Minimum Variance,-0.02706576216927336
2022-06-09,Crypto Minimum Variance,-0.0016117733779774616
2022-06-10,Crypto Minimum Variance,-0.03202817017523464
2022-06-11,Crypto Minimum Variance,-0.027924542025973116
2022-06-12,Crypto Minimum Variance,-0.04170274702165439
2022-06-13,Crypto Minimum Variance,-0.161034803401714
2022-06-14,Crypto Minimum Variance,-0.03892392461199154
2022-06-15,Crypto Minimum Variance,0.04259734652480112
2022-06-16,Crypto Minimum Variance,-0.08864883695739731
2022-06-17,Crypto Minimum Variance,0.006480199139190233
2022-06-18,Crypto Minimum Variance,-0.05030616800311764
2022-06-19,Crypto Minimum Variance,0.06405468748595176
2022-06-20,Crypto Minimum Variance,0.00041965126904745104
2022-06-21,Crypto Minimum Variance,0.01826115376566295
2022-06-22,Crypto Minimum Variance,-0.03297273668077908
2022-06-23,Crypto Minimum Variance,0.044422083266182334
2022-06-24,Crypto Minimum Variance,0.013200714864168763
2022-06-25,Crypto Minimum Variance,0.006263063635426409
2022-06-26,Crypto Minimum Variance,-0.01674434274033131
2022-06-27,Crypto Minimum Variance,-0.0030407912499346122
2022-06-28,Crypto Minimum Variance,-0.02041048050686585
2022-06-29,Crypto Minimum Variance,-0.010950382619521542
2022-06-30,Crypto Minimum Variance,-0.012437530610908519
2022-07-01,Crypto Minimum Variance,-0.019519325826393555
2022-07-02,Crypto Minimum Variance,-0.001707616206295741
2022-07-03,Crypto Minimum Variance,0.007357445415145316
2022-07-04,Crypto Minimum Variance,0.04087437210803441
2022-07-05,Crypto Minimum Variance,0.0016292973850326109
2022-07-06,Crypto Minimum Variance,0.01173031371119172
2022-07-07,Crypto Minimum Variance,0.044593181736267314
2022-07-08,Crypto Minimum Variance,0.004589428418008228
2022-07-09,Crypto Minimum Variance,-0.002303076253772053
2022-07-10,Crypto Minimum Variance,-0.033306886267235505
2022-07-11,Crypto Minimum Variance,-0.04280334892196205
2022-07-12,Crypto Minimum Variance,-0.02533927483821
2022-07-13,Crypto Minimum Variance,0.04117742166191742
2022-07-14,Crypto Minimum Variance,0.01588825973220223
2022-07-15,Crypto Minimum Variance,0.010669114117801354
2022-07-16,Crypto Minimum Variance,0.01929612267467909
2022-07-17,Crypto Minimum Variance,-0.019832039851023782
2022-07-18,Crypto Minimum Variance,0.06912750671588941
2022-07-19,Crypto Minimum Variance,0.031341731875387094
2022-07-20,Crypto Minimum Variance,-0.010233131929311428
2022-07-21,Crypto Minimum Variance,-0.0008138092785340291
2022-07-22,Crypto Minimum Variance,-0.01827608030524278
2022-07-23,Crypto Minimum Variance,-0.008827557571321809
2022-07-24,Crypto Minimum Variance,0.004903762466401842
2022-07-25,Crypto Minimum Variance,-0.05313933144806721
2022-07-26,Crypto Minimum Variance,0.0008162311766763998
2022-07-27,Crypto Minimum Variance,0.07313603743902064
2022-07-28,Crypto Minimum Variance,0.034434249681705546
2022-07-29,Crypto Minimum Variance,-0.0027809706885059005
2022-07-30,Crypto Minimum Variance,-0.005307968831882803
2022-07-31,Crypto Minimum Variance,-0.011107543148083826
2022-08-01,Crypto Minimum Variance,0.003848921058855059
2022-08-02,Crypto Minimum Variance,-0.01690518609537697
2022-08-03,Crypto Minimum Variance,-0.006444181389235953
2022-08-04,Crypto Minimum Variance,-0.0013103181223643144
2022-08-05,Crypto Minimum Variance,0.02399421621843261
2022-08-06,Crypto Minimum Variance,-0.011269765177688369
2022-08-07,Crypto Minimum Variance,0.0071445338343294
2022-08-08,Crypto Minimum Variance,0.02091990628939179
2022-08-09,Crypto Minimum Variance,-0.025918412155842216
2022-08-10,Crypto Minimum Variance,0.031676984979435364
2022-08-11,Crypto Minimum Variance,0.00032360523942484245
2022-08-12,Crypto Minimum Variance,0.013298251735787922
2022-08-13,Crypto Minimum Variance,-0.0018344185401175054
2022-08-14,Crypto Minimum Variance,-0.0007218656950470932
2022-08-15,Crypto Minimum Variance,-0.011664303938191397
2022-08-16,Crypto Minimum Variance,-0.0036726892345417153
2022-08-17,Crypto Minimum Variance,-0.022463406364451523
2022-08-18,Crypto Minimum Variance,-0.007190850015537931
2022-08-19,Crypto Minimum Variance,-0.0846955975716454
2022-08-20,Crypto Minimum Variance,0.01783494429641513
2022-08-21,Crypto Minimum Variance,0.012865248795212059
2022-08-22,Crypto Minimum Variance,-0.006320273826189101
2022-08-23,Crypto Minimum Variance,0.007480978051418874
2022-08-24,Crypto Minimum Variance,-0.010887874290781217
2022-08-25,Crypto Minimum Variance,0.009743419222706044
2022-08-26,Crypto Minimum Variance,-0.06106115635604651
2022-08-27,Crypto Minimum Variance,-0.0010362523529908038
2022-08-28,Crypto Minimum Variance,-0.0216770832744757
2022-08-29,Crypto Minimum Variance,0.033477993140682075
2022-08-30,Crypto Minimum Variance,-0.010355164039569582
2022-08-31,Crypto Minimum Variance,0.0025327086584059372
2022-09-01,Crypto Minimum Variance,0.0018116979728597933
2022-09-02,Crypto Minimum Variance,-0.008648914762566198
2022-09-03,Crypto Minimum Variance,-0.001986445616695647
2022-09-04,Crypto Minimum Variance,0.007366212727832574
2022-09-05,Crypto Minimum Variance,-0.008778458506813002
2022-09-06,Crypto Minimum Variance,-0.04453944954767988
2022-09-07,Crypto Minimum Variance,0.021869130091371276
2022-09-08,Crypto Minimum Variance,-0.0017036066912587437
2022-09-09,Crypto Minimum Variance,0.08337312835706591
2022-09-10,Crypto Minimum Variance,0.015862713037213552
2022-09-11,Crypto Minimum Variance,-8.42026667782071e-05
2022-09-12,Crypto Minimum Variance,0.01730439506394993
2022-09-13,Crypto Minimum Variance,-0.07654908868654375
2022-09-14,Crypto Minimum Variance,0.000853893393375284
2022-09-15,Crypto Minimum Variance,-0.019914321686638217
2022-09-16,Crypto Minimum Variance,0.0026576856787421613
2022-09-17,Crypto Minimum Variance,0.017403140453227432
2022-09-18,Crypto Minimum Variance,-0.031135850875498573
2022-09-19,Crypto Minimum Variance,0.0014710927413849502
2022-09-20,Crypto Minimum Variance,-0.02576919357914184
2022-09-21,Crypto Minimum Variance,-0.015299422146700338
2022-09-22,Crypto Minimum Variance,0.03742655380790775
2022-09-23,Crypto Minimum Variance,-0.0030380317570010236
2022-09-24,Crypto Minimum Variance,-0.015727588256489924
2022-09-25,Crypto Minimum Variance,-0.005599137217702662
2022-09-26,Crypto Minimum Variance,0.014170456863299097
2022-09-27,Crypto Minimum Variance,-0.004696775937050726
2022-09-28,Crypto Minimum Variance,0.012203774745051316
2022-09-29,Crypto Minimum Variance,0.012891136917303064
2022-09-30,Crypto Minimum Variance,-0.0049799140496471885
2022-10-01,Crypto Minimum Variance,-0.007167592815789636
2022-10-02,Crypto Minimum Variance,-0.006129110234740826
2022-10-03,Crypto Minimum Variance,0.022148406386158954
2022-10-04,Crypto Minimum Variance,0.028333162973236042
2022-10-05,Crypto Minimum Variance,-0.004755483688819524
2022-10-06,Crypto Minimum Variance,-0.0041831743959897735
2022-10-07,Crypto Minimum Variance,-0.014469356076390289
2022-10-08,Crypto Minimum Variance,-0.006728029297158192
2022-10-09,Crypto Minimum Variance,0.0031136182340372404
2022-10-10,Crypto Minimum Variance,-0.007326163054008255
2022-10-11,Crypto Minimum Variance,-0.010159812248092355
2022-10-12,Crypto Minimum Variance,0.004379075798615157
2022-10-13,Crypto Minimum Variance,0.002654043703115689
2022-10-14,Crypto Minimum Variance,0.011771213879140274
2022-10-15,Crypto Minimum Variance,-0.01631706785611923
2022-10-16,Crypto Minimum Variance,0.006538688645668834
2022-10-17,Crypto Minimum Variance,0.014286502928535148
2022-10-18,Crypto Minimum Variance,-0.009872264386159606
2022-10-19,Crypto Minimum Variance,-0.008626739092332197
2022-10-20,Crypto Minimum Variance,-0.0001701708275941181
2022-10-21,Crypto Minimum Variance,0.0005448992575846114
2022-10-22,Crypto Minimum Variance,0.0010264973315223878
2022-10-23,Crypto Minimum Variance,0.013107574542331706
2022-10-24,Crypto Minimum Variance,-0.010188311043724958
2022-10-25,Crypto Minimum Variance,0.030596904343096958
2022-10-26,Crypto Minimum Variance,0.027076423645249457
2022-10-27,Crypto Minimum Variance,-0.01722981730189109
2022-10-28,Crypto Minimum Variance,0.012996188342773236
2022-10-29,Crypto Minimum Variance,0.01041507378275345
2022-10-30,Crypto Minimum Variance,-0.01160424037622829
2022-10-31,Crypto Minimum Variance,-0.003195601526192497
2022-11-01,Crypto Minimum Variance,-0.0032954781316141928
2022-11-02,Crypto Minimum Variance,-0.01812011296866262
2022-11-03,Crypto Minimum Variance,0.0033177446416114914
2022-11-04,Crypto Minimum Variance,0.0443962299899364
2022-11-05,Crypto Minimum Variance,0.0016059704403203544
2022-11-06,Crypto Minimum Variance,-0.017016855939492412
2022-11-07,Crypto Minimum Variance,-0.012289047109304363
2022-11-08,Crypto Minimum Variance,-0.08565896582315313
2022-11-09,Crypto Minimum Variance,-0.1255356970075443
2022-11-10,Crypto Minimum Variance,0.10109189864401408
2022-11-11,Crypto Minimum Variance,-0.03155043784268148
2022-11-12,Crypto Minimum Variance,-0.016918420477093125
2022-11-13,Crypto Minimum Variance,-0.04585023947206067
2022-11-14,Crypto Minimum Variance,0.009573157119434822
2022-11-15,Crypto Minimum Variance,0.015110433454847074
2022-11-16,Crypto Minimum Variance,-0.012439234601159858
2022-11-17,Crypto Minimum Variance,0.0003495107804074633
2022-11-18,Crypto Minimum Variance,0.004952685769203968
2022-11-19,Crypto Minimum Variance,0.0114880329942292
2022-11-20,Crypto Minimum Variance,-0.03266580483957936
2022-11-21,Crypto Minimum Variance,-0.007554115953916142
2022-11-22,Crypto Minimum Variance,0.010919272914954268
2022-11-23,Crypto Minimum Variance,0.023915065245505646
2022-11-24,Crypto Minimum Variance,0.01079556614583255
2022-11-25,Crypto Minimum Variance,-0.0015642494680092748
2022-11-26,Crypto Minimum Variance,-0.00473533159216528
2022-11-27,Crypto Minimum Variance,0.0024375448822907568
2022-11-28,Crypto Minimum Variance,-0.010328066654872528
2022-11-29,Crypto Minimum Variance,0.011236163774649633
2022-11-30,Crypto Minimum Variance,0.03592571720821171
2022-12-01,Crypto Minimum Variance,-0.010672418238523183
2022-12-02,Crypto Minimum Variance,0.006401585848097765
2022-12-03,Crypto Minimum Variance,-0.011863638655338713
2022-12-04,Crypto Minimum Variance,0.005841765777565294
2022-12-05,Crypto Minimum Variance,-0.0052777706734117285
2022-12-06,Crypto Minimum Variance,0.006735818510738038
2022-12-07,Crypto Minimum Variance,-0.012822370448827346
2022-12-08,Crypto Minimum Variance,0.023952111705364064
2022-12-09,Crypto Minimum Variance,-0.002829692873176426
2022-12-10,Crypto Minimum Variance,0.0006842052834470134
2022-12-11,Crypto Minimum Variance,-0.006164098270168797
2022-12-12,Crypto Minimum Variance,0.0011218520447208412
2022-12-13,Crypto Minimum Variance,0.027933762088666103
2022-12-14,Crypto Minimum Variance,0.008994452702139224
2022-12-15,Crypto Minimum Variance,-0.01601578643329028
2022-12-16,Crypto Minimum Variance,-0.044459015943151436
2022-12-17,Crypto Minimum Variance,0.018178199338702055
2022-12-18,Crypto Minimum Variance,-0.008184873224689452
2022-12-19,Crypto Minimum Variance,-0.013507565304761519
2022-12-20,Crypto Minimum Variance,0.0273080213154539
2022-12-21,Crypto Minimum Variance,-0.004316337130797165
2022-12-22,Crypto Minimum Variance,0.004883758322740911
2022-12-23,Crypto Minimum Variance,-0.009383198751169178
2022-12-24,Crypto Minimum Variance,0.0051739065124462216
2022-12-25,Crypto Minimum Variance,0.0002226467737310789
2022-12-26,Crypto Minimum Variance,0.0014159829779501918
2022-12-27,Crypto Minimum Variance,-0.010680457913899965
2022-12-28,Crypto Minimum Variance,-0.006243993836389809
2022-12-29,Crypto Minimum Variance,0.0027497507968583636
2022-12-30,Crypto Minimum Variance,0.0006975331403024909
2022-12-31,Crypto Minimum Variance,-0.001397053316453135
2023-01-01,Crypto Minimum Variance,0.005145730369036535
2023-01-02,Crypto Minimum Variance,0.004715038163316733
2023-01-03,Crypto Minimum Variance,-0.002586638858965935
2023-01-04,Crypto Minimum Variance,0.00603384519151642
2023-01-05,Crypto Minimum Variance,-0.008526024770245277
2023-01-06,Crypto Minimum Variance,-0.004204702934653546
2023-01-07,Crypto Minimum Variance,-0.003384167126072576
2023-01-08,Crypto Minimum Variance,0.018265887536324157
2023-01-09,Crypto Minimum Variance,0.00960779798188536
2023-01-10,Crypto Minimum Variance,0.010014135827082622
2023-01-11,Crypto Minimum Variance,0.029203692005885726
2023-01-12,Crypto Minimum Variance,0.03625225951627199
2023-01-13,Crypto Minimum Variance,0.053438803239785754
2023-01-14,Crypto Minimum Variance,0.044876959526363926
2023-01-15,Crypto Minimum Variance,0.00021060531271103198
2023-01-16,Crypto Minimum Variance,0.008945777361104485
2023-01-17,Crypto Minimum Variance,-0.004592829930845074
2023-01-18,Crypto Minimum Variance,-0.030754042437984234
2023-01-19,Crypto Minimum Variance,0.019335621433585345
2023-01-20,Crypto Minimum Variance,0.06346148237678644
2023-01-21,Crypto Minimum Variance,-0.004024498203322035
2023-01-22,Crypto Minimum Variance,-0.0018728460326279963
2023-01-23,Crypto Minimum Variance,0.012946936302166343
2023-01-24,Crypto Minimum Variance,-0.02408127293728496
2023-01-25,Crypto Minimum Variance,0.02356208171800036
2023-01-26,Crypto Minimum Variance,-0.002951745222445523
2023-01-27,Crypto Minimum Variance,0.012811298312927719
2023-01-28,Crypto Minimum Variance,-0.004244609690029979
2023-01-29,Crypto Minimum Variance,0.024106501870687087
2023-01-30,Crypto Minimum Variance,-0.03348640510312144
2023-01-31,Crypto Minimum Variance,0.00786844833382711
2023-02-01,Crypto Minimum Variance,0.01806435709651153
2023-02-02,Crypto Minimum Variance,0.004044139265655513
2023-02-03,Crypto Minimum Variance,0.0039916994280997445
2023-02-04,Crypto Minimum Variance,-0.004738772331303199
2023-02-05,Crypto Minimum Variance,-0.0010076980197805921
2023-02-06,Crypto Minimum Variance,-0.012545565817747007
2023-02-07,Crypto Minimum Variance,0.03611739370701246
2023-02-08,Crypto Minimum Variance,0.008984828291277253
2023-02-09,Crypto Minimum Variance,-0.059954036200839986
2023-02-10,Crypto Minimum Variance,0.0065278429128282495
2023-02-11,Crypto Minimum Variance,0.008251059171793041
2023-02-12,Crypto Minimum Variance,-0.0005781640663696567
2023-02-13,Crypto Minimum Variance,0.020883151405237665
2023-02-14,Crypto Minimum Variance,0.017836330544653434
2023-02-15,Crypto Minimum Variance,0.06934149277715392
2023-02-16,Crypto Minimum Variance,-0.048693150193067906
2023-02-17,Crypto Minimum Variance,0.050029950649572864
2023-02-18,Crypto Minimum Variance,-0.0026089630280999535
2023-02-19,Crypto Minimum Variance,-0.0005761137741725655
2023-02-20,Crypto Minimum Variance,0.02171998377022472
2023-02-21,Crypto Minimum Variance,-0.02969648236924183
2023-02-22,Crypto Minimum Variance,-0.002909456623575296
2023-02-23,Crypto Minimum Variance,-0.000792894900861334
2023-02-24,Crypto Minimum Variance,-0.026609849386736956
2023-02-25,Crypto Minimum Variance,-0.00044571715288652504
2023-02-26,Crypto Minimum Variance,0.02270826377408959
2023-02-27,Crypto Minimum Variance,-0.0016582855187524065
2023-02-28,Crypto Minimum Variance,-0.008185256468288198
2023-03-01,Crypto Minimum Variance,0.013228855512857313
2023-03-02,Crypto Minimum Variance,-0.003543262416440946
2023-03-03,Crypto Minimum Variance,-0.036637944233511195
2023-03-04,Crypto Minimum Variance,-0.006580577827083016
2023-03-05,Crypto Minimum Variance,0.008215331726366798
2023-03-06,Crypto Minimum Variance,0.0019774902969036377
2023-03-07,Crypto Minimum Variance,-0.016327830318136036
2023-03-08,Crypto Minimum Variance,-0.015686904293871415
2023-03-09,Crypto Minimum Variance,-0.1011498721425443
2023-03-10,Crypto Minimum Variance,-0.017113562863852745
2023-03-11,Crypto Minimum Variance,0.03154909973164516
2023-03-12,Crypto Minimum Variance,0.09045124383225348
2023-03-13,Crypto Minimum Variance,0.04270489330251471
2023-03-14,Crypto Minimum Variance,0.0004777289528658346
2023-03-15,Crypto Minimum Variance,-0.026211712442831794
2023-03-16,Crypto Minimum Variance,0.0028188579394382123
2023-03-17,Crypto Minimum Variance,0.04139614094424508
2023-03-18,Crypto Minimum Variance,-0.027434290994844894
2023-03-19,Crypto Minimum Variance,0.015480918834098873
2023-03-20,Crypto Minimum Variance,-0.02371154033804611
2023-03-21,Crypto Minimum Variance,0.030557608638317496
2023-03-22,Crypto Minimum Variance,-0.1030129564346851
2023-03-23,Crypto Minimum Variance,0.08611310122788429
2023-03-24,Crypto Minimum Variance,-0.02801912143878503
2023-03-25,Crypto Minimum Variance,0.004090887754786829
2023-03-26,Crypto Minimum Variance,0.008508300980569782
2023-03-27,Crypto Minimum Variance,-0.011428724790122344
2023-03-28,Crypto Minimum Variance,0.009598275469962385
2023-03-29,Crypto Minimum Variance,0.004746697164372387
2023-03-30,Crypto Minimum Variance,0.006072831967966592
2023-03-31,Crypto Minimum Variance,0.012545656403783165
2023-04-01,Crypto Minimum Variance,0.013865968988697344
2023-04-02,Crypto Minimum Variance,-0.019356506939779822
2023-04-03,Crypto Minimum Variance,0.00198095184865608
2023-04-04,Crypto Minimum Variance,0.0033700677209174143
2023-04-05,Crypto Minimum Variance,0.0039018475450447107
2023-04-06,Crypto Minimum Variance,-0.0012155092472594534
2023-04-07,Crypto Minimum Variance,-0.0007902671238640016
2023-04-08,Crypto Minimum Variance,0.0006462677992250551
2023-04-09,Crypto Minimum Variance,0.008971731191260041
2023-04-10,Crypto Minimum Variance,0.018575951013025088
2023-04-11,Crypto Minimum Variance,-0.005859753707911619
2023-04-12,Crypto Minimum Variance,-0.017047194024366788
2023-04-13,Crypto Minimum Variance,0.0053305912863253506
2023-04-14,Crypto Minimum Variance,0.011857348667205291
2023-04-15,Crypto Minimum Variance,-0.004246324786529468
2023-04-16,Crypto Minimum Variance,0.006413912745497533
2023-04-17,Crypto Minimum Variance,-0.015469340768011708
2023-04-18,Crypto Minimum Variance,0.01886801459886179
2023-04-19,Crypto Minimum Variance,-0.022403369545657914
2023-04-20,Crypto Minimum Variance,-0.009685189478243834
2023-04-21,Crypto Minimum Variance,-0.012709218838800093
2023-04-22,Crypto Minimum Variance,0.01727706975903634
2023-04-23,Crypto Minimum Variance,0.0051651697857911915
2023-04-24,Crypto Minimum Variance,-0.00675821730696609
2023-04-25,Crypto Minimum Variance,0.0032749637268335097
2023-04-26,Crypto Minimum Variance,-0.007030784902353279
2023-04-27,Crypto Minimum Variance,0.015692166690306708
2023-04-28,Crypto Minimum Variance,0.009698942979465521
2023-04-29,Crypto Minimum Variance,0.014241825870802752
2023-04-30,Crypto Minimum Variance,-0.007336348281199101
2023-05-01,Crypto Minimum Variance,0.0018455260981379805
2023-05-02,Crypto Minimum Variance,0.013546671728170702
2023-05-03,Crypto Minimum Variance,0.0030325396044708496
2023-05-04,Crypto Minimum Variance,0.0007447500279486228
2023-05-05,Crypto Minimum Variance,0.022704611411950883
2023-05-06,Crypto Minimum Variance,-0.012682664077182187
2023-05-07,Crypto Minimum Variance,-0.01442126502791221
2023-05-08,Crypto Minimum Variance,-0.016695822377947433
2023-05-09,Crypto Minimum Variance,0.006524065393917329
2023-05-10,Crypto Minimum Variance,0.003106802762386133
2023-05-11,Crypto Minimum Variance,-0.023985536977947853
2023-05-12,Crypto Minimum Variance,0.013098020855590689
2023-05-13,Crypto Minimum Variance,0.002800052324527029
2023-05-14,Crypto Minimum Variance,0.0016876099430592753
2023-05-15,Crypto Minimum Variance,0.011478401584734295
2023-05-16,Crypto Minimum Variance,0.0017665144559567707
2023-05-17,Crypto Minimum Variance,0.00870375256437671
2023-05-18,Crypto Minimum Variance,-0.013535833254036407
2023-05-19,Crypto Minimum Variance,0.0047348422849655715
2023-05-20,Crypto Minimum Variance,0.0228438544242472
2023-05-21,Crypto Minimum Variance,0.021219661297295963
2023-05-22,Crypto Minimum Variance,0.030639839971569528
2023-05-23,Crypto Minimum Variance,0.006667582426259531
2023-05-24,Crypto Minimum Variance,-0.02353346688437679
2023-05-25,Crypto Minimum Variance,0.0006291234279830156
2023-05-26,Crypto Minimum Variance,-0.01015901752959538
2023-05-27,Crypto Minimum Variance,0.017981155413923894
2023-05-28,Crypto Minimum Variance,0.014594401933406212
2023-05-29,Crypto Minimum Variance,-0.015416069167457898
2023-05-30,Crypto Minimum Variance,0.0019058825635800197
2023-05-31,Crypto Minimum Variance,-0.01540005860402481
2023-06-01,Crypto Minimum Variance,-0.009788762329657707
2023-06-02,Crypto Minimum Variance,0.07247881379098665
2023-06-03,Crypto Minimum Variance,-0.009126257476282805
2023-06-04,Crypto Minimum Variance,-0.0024195839919978757
2023-06-05,Crypto Minimum Variance,-0.042356403837412765
2023-06-06,Crypto Minimum Variance,0.0192314119644494
2023-06-07,Crypto Minimum Variance,-0.02396550348610387
2023-06-08,Crypto Minimum Variance,0.00812631373251291
2023-06-09,Crypto Minimum Variance,-0.04397549113648344
2023-06-10,Crypto Minimum Variance,-0.03153676695654413
2023-06-11,Crypto Minimum Variance,0.006875508102848575
2023-06-12,Crypto Minimum Variance,0.0069369324679349215
2023-06-13,Crypto Minimum Variance,0.007747364602040457
2023-06-14,Crypto Minimum Variance,-0.020130814378510924
2023-06-15,Crypto Minimum Variance,0.004535006002798665
2023-06-16,Crypto Minimum Variance,0.006609374331052822
2023-06-17,Crypto Minimum Variance,0.012998708684559433
2023-06-18,Crypto Minimum Variance,-0.015136246125766438
2023-06-19,Crypto Minimum Variance,0.005465073662361864
2023-06-20,Crypto Minimum Variance,0.025477400797359908
2023-06-21,Crypto Minimum Variance,0.037910734711316646
2023-06-22,Crypto Minimum Variance,-0.005201279412735498
2023-06-23,Crypto Minimum Variance,0.020606099805399132
2023-06-24,Crypto Minimum Variance,-0.008892268173574544
2023-06-25,Crypto Minimum Variance,0.007989474470318895
2023-06-26,Crypto Minimum Variance,0.0027391153493651643
2023-06-27,Crypto Minimum Variance,0.014195370951136758
2023-06-28,Crypto Minimum Variance,-0.012873804144319212
2023-06-29,Crypto Minimum Variance,0.01072033995272145
2023-06-30,Crypto Minimum Variance,0.018196883825243742
2023-07-01,Crypto Minimum Variance,0.006526469213143436
2023-07-02,Crypto Minimum Variance,-0.008915798943624594
2023-07-03,Crypto Minimum Variance,0.01511420303383834
2023-07-04,Crypto Minimum Variance,-0.007929480901551213
2023-07-05,Crypto Minimum Variance,-0.0051144050004741735
2023-07-06,Crypto Minimum Variance,-0.00953994021752766
2023-07-07,Crypto Minimum Variance,0.017907071304003708
2023-07-08,Crypto Minimum Variance,0.010582047387589097
2023-07-09,Crypto Minimum Variance,-0.01994191735055249
2023-07-10,Crypto Minimum Variance,0.003868597153082573
2023-07-11,Crypto Minimum Variance,-0.0004767500964728351
2023-07-12,Crypto Minimum Variance,-0.000723024429579066
2023-07-13,Crypto Minimum Variance,0.08915278713501158
2023-07-14,Crypto Minimum Variance,-0.0352612443520309
2023-07-15,Crypto Minimum Variance,0.00237113311769433
2023-07-16,Crypto Minimum Variance,-0.005451724091246607
2023-07-17,Crypto Minimum Variance,-0.0018202646282315066
2023-07-18,Crypto Minimum Variance,-0.0021108033482150172
2023-07-19,Crypto Minimum Variance,0.018130249201840743
2023-07-20,Crypto Minimum Variance,0.005310105713931659
2023-07-21,Crypto Minimum Variance,-0.0025743880907185684
2023-07-22,Crypto Minimum Variance,0.02107089329969641
2023-07-23,Crypto Minimum Variance,0.0006354846026169064
2023-07-24,Crypto Minimum Variance,-0.02865440665291125
2023-07-25,Crypto Minimum Variance,0.003145715463205158
2023-07-26,Crypto Minimum Variance,0.01059572914553784
2023-07-27,Crypto Minimum Variance,0.0014279305794056632
2023-07-28,Crypto Minimum Variance,0.020290729418391305
2023-07-29,Crypto Minimum Variance,-0.013292291260830778
2023-07-30,Crypto Minimum Variance,-0.024473014525778415
2023-07-31,Crypto Minimum Variance,-0.018536337436905883
2023-08-01,Crypto Minimum Variance,0.011920234764472156
2023-08-02,Crypto Minimum Variance,-0.021987598068265155
2023-08-03,Crypto Minimum Variance,0.004302739707185848
2023-08-04,Crypto Minimum Variance,-0.004264637536421258
2023-08-05,Crypto Minimum Variance,0.0034131326462338925
2023-08-06,Crypto Minimum Variance,-0.0031401070203243603
2023-08-07,Crypto Minimum Variance,0.001991089403111692
2023-08-08,Crypto Minimum Variance,0.01124488421240728
2023-08-09,Crypto Minimum Variance,-0.0042181880542906955
2023-08-10,Crypto Minimum Variance,0.0007710890105908407
2023-08-11,Crypto Minimum Variance,-0.0011731037706227316
2023-08-12,Crypto Minimum Variance,0.002061290705193391
2023-08-13,Crypto Minimum Variance,-0.004468572495750063
2023-08-14,Crypto Minimum Variance,0.00426592172993537
2023-08-15,Crypto Minimum Variance,-0.011206081171384767
2023-08-16,Crypto Minimum Variance,-0.01874279841222877
2023-08-17,Crypto Minimum Variance,-0.05009318263283319
2023-08-18,Crypto Minimum Variance,-0.011003562308901897
2023-08-19,Crypto Minimum Variance,0.0076687820890025665
2023-08-20,Crypto Minimum Variance,0.01313347720454852
2023-08-21,Crypto Minimum Variance,-0.0060196378991516355
2023-08-22,Crypto Minimum Variance,-7.575317963917074e-05
2023-08-23,Crypto Minimum Variance,0.021424773693281284
2023-08-24,Crypto Minimum Variance,-0.011744545338810811
2023-08-25,Crypto Minimum Variance,0.0015197164661454898
2023-08-26,Crypto Minimum Variance,0.0005282978116370008
2023-08-27,Crypto Minimum Variance,0.00219305079857454
2023-08-28,Crypto Minimum Variance,-0.006277277509695382
2023-08-29,Crypto Minimum Variance,0.03958138581326079
2023-08-30,Crypto Minimum Variance,-0.01848181845782146
2023-08-31,Crypto Minimum Variance,-0.020828412946113616
2023-09-01,Crypto Minimum Variance,-0.006812406863095099
2023-09-02,Crypto Minimum Variance,0.007467811304614559
2023-09-03,Crypto Minimum Variance,0.0018255393735778851
2023-09-04,Crypto Minimum Variance,-0.0005737424373043788
2023-09-05,Crypto Minimum Variance,-0.0005213075876476525
2023-09-06,Crypto Minimum Variance,0.008471572714541692
2023-09-07,Crypto Minimum Variance,0.01036101579334597
2023-09-08,Crypto Minimum Variance,-0.005758936042241652
2023-09-09,Crypto Minimum Variance,-6.418615526823966e-05
2023-09-10,Crypto Minimum Variance,-0.006758875393542318
2023-09-11,Crypto Minimum Variance,-0.019266579945091965
2023-09-12,Crypto Minimum Variance,0.03419506323188978
2023-09-13,Crypto Minimum Variance,0.00998646699313827
2023-09-14,Crypto Minimum Variance,0.021073732153839016
2023-09-15,Crypto Minimum Variance,0.003699688204114655
2023-09-16,Crypto Minimum Variance,-0.003916894286485205
2023-09-17,Crypto Minimum Variance,-0.0018110996611549115
2023-09-18,Crypto Minimum Variance,0.008174046496346572
2023-09-19,Crypto Minimum Variance,0.011217423814951801
2023-09-20,Crypto Minimum Variance,-0.002485068073161285
2023-09-21,Crypto Minimum Variance,-0.01913045506277277
2023-09-22,Crypto Minimum Variance,0.002268749992642805
2023-09-23,Crypto Minimum Variance,0.001535208098763289
2023-09-24,Crypto Minimum Variance,-0.006187966245188943
2023-09-25,Crypto Minimum Variance,0.0067467271510580126
2023-09-26,Crypto Minimum Variance,-0.0010223146901694343
2023-09-27,Crypto Minimum Variance,0.0069045343563953875
2023-09-28,Crypto Minimum Variance,0.021033998386500004
2023-09-29,Crypto Minimum Variance,0.01208004626081321
2023-09-30,Crypto Minimum Variance,-0.001400262018583491
2023-10-01,Crypto Minimum Variance,0.02767089661056186
2023-10-02,Crypto Minimum Variance,-0.022640530572191234
2023-10-03,Crypto Minimum Variance,0.015494732195757128
2023-10-04,Crypto Minimum Variance,-0.002931802625548356
2023-10-05,Crypto Minimum Variance,-0.011436868732460224
2023-10-06,Crypto Minimum Variance,0.005109434136485617
2023-10-07,Crypto Minimum Variance,0.004764314568152409
2023-10-08,Crypto Minimum Variance,-0.001178868066905631
2023-10-09,Crypto Minimum Variance,-0.01705111439744562
2023-10-10,Crypto Minimum Variance,-0.0033512807218512423
2023-10-11,Crypto Minimum Variance,-0.01085439755507096
2023-10-12,Crypto Minimum Variance,-0.009007759896404899
2023-10-13,Crypto Minimum Variance,0.005613991523688291
2023-10-14,Crypto Minimum Variance,-0.002238289403774358
2023-10-15,Crypto Minimum Variance,0.014498410713810504
2023-10-16,Crypto Minimum Variance,0.0379942128588553
2023-10-17,Crypto Minimum Variance,-0.004390165906179276
2023-10-18,Crypto Minimum Variance,0.0018262548523234653
2023-10-19,Crypto Minimum Variance,0.010950506422741646
2023-10-20,Crypto Minimum Variance,0.02171242873995085
2023-10-21,Crypto Minimum Variance,0.00878618241382869
2023-10-22,Crypto Minimum Variance,-0.004210737152422549
2023-10-23,Crypto Minimum Variance,0.06332926318581467
2023-10-24,Crypto Minimum Variance,0.013303923053595096
2023-10-25,Crypto Minimum Variance,0.014675334085876405
2023-10-26,Crypto Minimum Variance,-0.007942005819170022
2023-10-27,Crypto Minimum Variance,-0.00013767222346553875
2023-10-28,Crypto Minimum Variance,0.006089494232719442
2023-10-29,Crypto Minimum Variance,0.009658939410257042
2023-10-30,Crypto Minimum Variance,0.0033328822970661084
2023-10-31,Crypto Minimum Variance,0.010115949558240453
2023-11-01,Crypto Minimum Variance,0.026393752140893276
2023-11-02,Crypto Minimum Variance,-0.013203488116345315
2023-11-03,Crypto Minimum Variance,-0.010043474363550218
2023-11-04,Crypto Minimum Variance,0.0078122051804909555
2023-11-05,Crypto Minimum Variance,0.004507786800811529
2023-11-06,Crypto Minimum Variance,-0.002335042103304489
2023-11-07,Crypto Minimum Variance,-0.002146613428937999
2023-11-08,Crypto Minimum Variance,0.011454388122044325
2023-11-09,Crypto Minimum Variance,0.028758022475917445
2023-11-10,Crypto Minimum Variance,0.041511740731945856
2023-11-11,Crypto Minimum Variance,0.005170982066933186
2023-11-12,Crypto Minimum Variance,0.0007236988263950179
2023-11-13,Crypto Minimum Variance,-0.010663122638646695
2023-11-14,Crypto Minimum Variance,-0.037581846601883365
2023-11-15,Crypto Minimum Variance,0.03811495987485986
2023-11-16,Crypto Minimum Variance,-0.030977121423715108
2023-11-17,Crypto Minimum Variance,0.010807618282354367
2023-11-18,Crypto Minimum Variance,-0.0032782125133359527
2023-11-19,Crypto Minimum Variance,0.013579590367653965
2023-11-20,Crypto Minimum Variance,-0.010329697912202111
2023-11-21,Crypto Minimum Variance,-0.04605059251255768
2023-11-22,Crypto Minimum Variance,0.05125460754733327
2023-11-23,Crypto Minimum Variance,0.0027818480887109387
2023-11-24,Crypto Minimum Variance,0.01856439845856399
2023-11-25,Crypto Minimum Variance,0.020945402655602473
2023-11-26,Crypto Minimum Variance,-0.008827629935372634
2023-11-27,Crypto Minimum Variance,-0.03173773612234427
2023-11-28,Crypto Minimum Variance,0.011686214319866457
2023-11-29,Crypto Minimum Variance,0.0015322430940361348
2023-11-30,Crypto Minimum Variance,-8.945667277442354e-05
2023-12-01,Crypto Minimum Variance,0.009029021221289924
2023-12-02,Crypto Minimum Variance,0.01022011799816216
2023-12-03,Crypto Minimum Variance,0.00486916634996081
2023-12-04,Crypto Minimum Variance,0.02434858615703301
2023-12-05,Crypto Minimum Variance,0.01947757986927016
2023-12-06,Crypto Minimum Variance,0.002121124927004405
2023-12-07,Crypto Minimum Variance,-0.004663268258625477
2023-12-08,Crypto Minimum Variance,0.02141215128931489
2023-12-09,Crypto Minimum Variance,-0.004449685654819514
2023-12-10,Crypto Minimum Variance,0.006768362674870759
2023-12-11,Crypto Minimum Variance,-0.04619814850526087
2023-12-12,Crypto Minimum Variance,0.0006381556645734998
2023-12-13,Crypto Minimum Variance,0.018447389155178455
2023-12-14,Crypto Minimum Variance,0.01142382668977372
2023-12-15,Crypto Minimum Variance,-0.03535636935918299
2023-12-16,Crypto Minimum Variance,0.009679649881101076
2023-12-17,Crypto Minimum Variance,-0.0122586125468435
2023-12-18,Crypto Minimum Variance,0.005701661619194621
2023-12-19,Crypto Minimum Variance,-0.005914189983272871
2023-12-20,Crypto Minimum Variance,0.025205042433325317
2023-12-21,Crypto Minimum Variance,0.013536885274827085
2023-12-22,Crypto Minimum Variance,0.005331277509374133
2023-12-23,Crypto Minimum Variance,0.006215568010243238
2023-12-24,Crypto Minimum Variance,-0.009341114520812589
2023-12-25,Crypto Minimum Variance,0.0031418692986841653
2023-12-26,Crypto Minimum Variance,-0.025867171402226913
2023-12-27,Crypto Minimum Variance,0.024210614738163612
2023-12-28,Crypto Minimum Variance,-0.006897541654941855
2023-12-29,Crypto Minimum Variance,-0.005254984761566378
2023-12-30,Crypto Minimum Variance,0.0019511573655698897
2023-12-31,Crypto Minimum Variance,0.009794104601519442
2021-01-04,Equity Equal Weight,-0.013701064199660194
2021-01-05,Equity Equal Weight,0.012674408604811126
2021-01-06,Equity Equal Weight,0.013264430714510802
2021-01-07,Equity Equal Weight,0.00967979681270283
2021-01-08,Equity Equal Weight,0.00286576936205043
2021-01-11,Equity Equal Weight,-8.806647741709233e-05
2021-01-12,Equity Equal Weight,0.0030128435744148875
2021-01-13,Equity Equal Weight,8.709165777319493e-05
2021-01-14,Equity Equal Weight,0.0030886482948785645
2021-01-15,Equity Equal Weight,-0.010835450462099164
2021-01-19,Equity Equal Weight,0.007283796632033242
2021-01-20,Equity Equal Weight,0.007972222095949905
2021-01-21,Equity Equal Weight,-0.007354873075140489
2021-01-22,Equity Equal Weight,-0.0028008371292316966
2021-01-25,Equity Equal Weight,0.0019324605381932259
2021-01-26,Equity Equal Weight,-0.005039220682649925
2021-01-27,Equity Equal Weight,-0.025815778404221425
2021-01-28,Equity Equal Weight,0.010643214962448225
2021-01-29,Equity Equal Weight,-0.01479378312667068
2021-02-01,Equity Equal Weight,0.008517686014717274
2021-02-02,Equity Equal Weight,0.017473889706152948
2021-02-03,Equity Equal Weight,0.001902784610192674
2021-02-04,Equity Equal Weight,0.009138734300265726
2021-02-05,Equity Equal Weight,0.0063170016890456634
2021-02-08,Equity Equal Weight,0.013036997474039063
2021-02-09,Equity Equal Weight,-0.002743866756359365
2021-02-10,Equity Equal Weight,0.00145570261458831
2021-02-11,Equity Equal Weight,-0.001030383556659906
2021-02-12,Equity Equal Weight,0.004467629428637099
2021-02-16,Equity Equal Weight,0.0005560289992204569
2021-02-17,Equity Equal Weight,0.0024700316784707784
2021-02-18,Equity Equal Weight,-0.005919355778125219
2021-02-19,Equity Equal Weight,0.0011058595895655538
2021-02-22,Equity Equal Weight,0.002141918707192052
2021-02-23,Equity Equal Weight,0.000247470338147786
2021-02-24,Equity Equal Weight,0.014576435503532905
2021-02-25,Equity Equal Weight,-0.018364899811465815
2021-02-26,Equity Equal Weight,-0.012928311779984668
2021-03-01,Equity Equal Weight,0.019963326496913784
2021-03-02,Equity Equal Weight,-0.0027913416635460407
2021-03-03,Equity Equal Weight,-0.00703708544492842
2021-03-04,Equity Equal Weight,-0.007899217627752662
2021-03-05,Equity Equal Weight,0.017580768996769722
2021-03-08,Equity Equal Weight,0.001820458219155092
2021-03-09,Equity Equal Weight,0.007318624501726561
2021-03-10,Equity Equal Weight,0.009821255768227703
2021-03-11,Equity Equal Weight,0.005296440739070049
2021-03-12,Equity Equal Weight,0.007082392417840365
2021-03-15,Equity Equal Weight,0.005841980012247007
2021-03-16,Equity Equal Weight,-0.00020791992646234801
2021-03-17,Equity Equal Weight,0.002178553239610239
2021-03-18,Equity Equal Weight,-0.01347521339947774
2021-03-19,Equity Equal Weight,-0.004686513277944681
2021-03-22,Equity Equal Weight,0.005873122338467358
2021-03-23,Equity Equal Weight,-0.008100983457706072
2021-03-24,Equity Equal Weight,-0.003305425688800321
2021-03-25,Equity Equal Weight,0.007122806063378128
2021-03-26,Equity Equal Weight,0.019635042704920398
2021-03-29,Equity Equal Weight,0.0011022909356362366
2021-03-30,Equity Equal Weight,-0.003326924065019587
2021-03-31,Equity Equal Weight,-0.0009145486313490105
2021-04-01,Equity Equal Weight,0.011919235422437929
2021-04-05,Equity Equal Weight,0.005203894475596236
2021-04-06,Equity Equal Weight,0.000311781422257147
2021-04-07,Equity Equal Weight,-0.000984327907634923
2021-04-08,Equity Equal Weight,-0.0012589867542405495
2021-04-09,Equity Equal Weight,0.0025702524318601074
2021-04-12,Equity Equal Weight,-0.0004073299999306899
2021-04-13,Equity Equal Weight,0.0017323719424837082
2021-04-14,Equity Equal Weight,0.0033581112989769894
2021-04-15,Equity Equal Weight,0.009449393897939494
2021-04-16,Equity Equal Weight,0.0028414438132387267
2021-04-19,Equity Equal Weight,-0.0035293475918233954
2021-04-20,Equity Equal Weight,-0.008747199313497123
2021-04-21,Equity Equal Weight,0.01074810100907438
2021-04-22,Equity Equal Weight,-0.009628306971395236
2021-04-23,Equity Equal Weight,0.008856224632086743
2021-04-26,Equity Equal Weight,0.0010310242022457852
2021-04-27,Equity Equal Weight,0.0010263258205212857
2021-04-28,Equity Equal Weight,0.0005173149641775308
2021-04-29,Equity Equal Weight,0.008854898351562737
2021-04-30,Equity Equal Weight,-0.0067296475233175465
2021-05-03,Equity Equal Weight,0.00743764494814448
2021-05-04,Equity Equal Weight,-0.002314237599044822
2021-05-05,Equity Equal Weight,0.005992361499102263
2021-05-06,Equity Equal Weight,0.008050152328450045
2021-05-07,Equity Equal Weight,0.009636659392556052
2021-05-10,Equity Equal Weight,-0.004327123236936115
2021-05-11,Equity Equal Weight,-0.009261384465219461
2021-05-12,Equity Equal Weight,-0.01593679259010353
2021-05-13,Equity Equal Weight,0.008494958615479204
2021-05-14,Equity Equal Weight,0.01398983911872532
2021-05-17,Equity Equal Weight,0.0031098894478385737
2021-05-18,Equity Equal Weight,-0.00864634097144162
2021-05-19,Equity Equal Weight,-0.005355264782657149
2021-05-20,Equity Equal Weight,0.008595708763838073
2021-05-21,Equity Equal Weight,0.0023746797752530234
2021-05-24,Equity Equal Weight,0.006160084121522578
2021-05-25,Equity Equal Weight,-0.00548226486313403
2021-05-26,Equity Equal Weight,0.003712752675729429
2021-05-27,Equity Equal Weight,0.0024932641976573256
2021-05-28,Equity Equal Weight,0.0029368120789191243
2021-06-01,Equity Equal Weight,0.006155867931106328
2021-06-02,Equity Equal Weight,0.003927973385446997
2021-06-03,Equity Equal Weight,0.0015356426218946571
2021-06-04,Equity Equal Weight,0.00663026846810969
2021-06-07,Equity Equal Weight,-0.0019190242636381518
2021-06-08,Equity Equal Weight,-0.002625652344064507
2021-06-09,Equity Equal Weight,-0.002621494186845723
2021-06-10,Equity Equal Weight,0.003598385643246949
2021-06-11,Equity Equal Weight,-0.00019304660451298524
2021-06-14,Equity Equal Weight,-0.0015218262616063984
2021-06-15,Equity Equal Weight,-0.0014924320060200659
2021-06-16,Equity Equal Weight,-0.007942953726279381
2021-06-17,Equity Equal Weight,-0.008628992318018565
2021-06-18,Equity Equal Weight,-0.01507544033774125
2021-06-21,Equity Equal Weight,0.016981836922855056
2021-06-22,Equity Equal Weight,0.0013849084679286628
2021-06-23,Equity Equal Weight,-0.003409218992398384
2021-06-24,Equity Equal Weight,0.008045844887354254
2021-06-25,Equity Equal Weight,0.007796049512859092
2021-06-28,Equity Equal Weight,-0.0016871117212886432
2021-06-29,Equity Equal Weight,-0.00041512416175831356
2021-06-30,Equity Equal Weight,0.004396661504242163
2021-07-01,Equity Equal Weight,0.0065884442362662094
2021-07-02,Equity Equal Weight,0.003787028865862498
2021-07-06,Equity Equal Weight,-0.008689862235726455
2021-07-07,Equity Equal Weight,9.602564581949122e-05
2021-07-08,Equity Equal Weight,-0.006922522612545075
2021-07-09,Equity Equal Weight,0.01211670315324331
2021-07-12,Equity Equal Weight,0.004299687110597881
2021-07-13,Equity Equal Weight,-0.004766188522257003
2021-07-14,Equity Equal Weight,-0.0013789228043061595
2021-07-15,Equity Equal Weight,-0.0012527313665276262
2021-07-16,Equity Equal Weight,-0.009458350867190799
2021-07-19,Equity Equal Weight,-0.01726527922780359
2021-07-20,Equity Equal Weight,0.011365506267585474
2021-07-21,Equity Equal Weight,0.010312805453817258
2021-07-22,Equity Equal Weight,-0.0012903191319496314
2021-07-23,Equity Equal Weight,0.0051724549861528225
2021-07-26,Equity Equal Weight,0.005689444061937252
2021-07-27,Equity Equal Weight,-0.0020674143337947658
2021-07-28,Equity Equal Weight,0.002450610591411265
2021-07-29,Equity Equal Weight,0.006330181297196202
2021-07-30,Equity Equal Weight,-0.005476928437086
2021-08-02,Equity Equal Weight,-0.0025946151195928866
2021-08-03,Equity Equal Weight,0.00655593755869915
2021-08-04,Equity Equal Weight,-0.007995184894552278
2021-08-05,Equity Equal Weight,0.004858409186381643
2021-08-06,Equity Equal Weight,0.003386159313318462
2021-08-09,Equity Equal Weight,-0.0025151353318879437
2021-08-10,Equity Equal Weight,0.00622520196822989
2021-08-11,Equity Equal Weight,0.008553749273534144
2021-08-12,Equity Equal Weight,0.0018025545333928794
2021-08-13,Equity Equal Weight,0.0011371561711445756
2021-08-16,Equity Equal Weight,-0.001306759976129792
2021-08-17,Equity Equal Weight,-0.005347927817360969
2021-08-18,Equity Equal Weight,-0.012821725418145535
2021-08-19,Equity Equal Weight,-0.00462008735737864
2021-08-20,Equity Equal Weight,0.005321036088544203
2021-08-23,Equity Equal Weight,0.010275235784609368
2021-08-24,Equity Equal Weight,0.0021334034039965652
2021-08-25,Equity Equal Weight,0.0002972607359191245
2021-08-26,Equity Equal Weight,-0.007054964671320487
2021-08-27,Equity Equal Weight,0.011274058695481981
2021-08-30,Equity Equal Weight,-0.0008556941413459173
2021-08-31,Equity Equal Weight,-0.0003515428249847851
2021-09-01,Equity Equal Weight,-0.002052550198318417
2021-09-02,Equity Equal Weight,0.006924134192625771
2021-09-03,Equity Equal Weight,-0.003473960978767832
2021-09-07,Equity Equal Weight,-0.010009097258011457
2021-09-08,Equity Equal Weight,-0.001972143961338453
2021-09-09,Equity Equal Weight,-0.006242056306770113
2021-09-10,Equity Equal Weight,-0.0037122719779800507
2021-09-13,Equity Equal Weight,0.005540850199334926
2021-09-14,Equity Equal Weight,-0.009594622715975654
2021-09-15,Equity Equal Weight,0.008697701909292487
2021-09-16,Equity Equal Weight,-0.004843745212585662
2021-09-17,Equity Equal Weight,-0.011501394104243307
2021-09-20,Equity Equal Weight,-0.017107007363820308
2021-09-21,Equity Equal Weight,-0.002108905432231736
2021-09-22,Equity Equal Weight,0.008905878341474213
2021-09-23,Equity Equal Weight,0.011459114793696433
2021-09-24,Equity Equal Weight,-0.002344335646622538
2021-09-27,Equity Equal Weight,0.0032894814945791896
2021-09-28,Equity Equal Weight,-0.011152180037691917
2021-09-29,Equity Equal Weight,0.003919694130095626
2021-09-30,Equity Equal Weight,-0.010112777369907561
2021-10-01,Equity Equal Weight,0.012342170182835963
2021-10-04,Equity Equal Weight,-0.002745104393907883
2021-10-05,Equity Equal Weight,0.005693677902995395
2021-10-06,Equity Equal Weight,0.0010971533003962212
2021-10-07,Equity Equal Weight,0.008043666617446345
2021-10-08,Equity Equal Weight,-0.0008405341466329581
2021-10-11,Equity Equal Weight,-0.008973806475380097
2021-10-12,Equity Equal Weight,-0.0007657505468342872
2021-10-13,Equity Equal Weight,0.0032749128553063644
2021-10-14,Equity Equal Weight,0.012783921551769491
2021-10-15,Equity Equal Weight,0.004786977308970226
2021-10-18,Equity Equal Weight,0.00027362495568025166
2021-10-19,Equity Equal Weight,0.009805851901735375
2021-10-20,Equity Equal Weight,0.008858487613223512
2021-10-21,Equity Equal Weight,0.0007577563531104434
2021-10-22,Equity Equal Weight,0.0012181275672072383
2021-10-25,Equity Equal Weight,0.006157737969974208
2021-10-26,Equity Equal Weight,0.0050350392780108095
2021-10-27,Equity Equal Weight,-0.01602157001977568
2021-10-28,Equity Equal Weight,0.00817774736044386
2021-10-29,Equity Equal Weight,-0.00296408785075164
2021-11-01,Equity Equal Weight,0.007461175731891197
2021-11-02,Equity Equal Weight,0.004540063787491218
2021-11-03,Equity Equal Weight,0.005006007983429448
2021-11-04,Equity Equal Weight,0.004566805541999329
2021-11-05,Equity Equal Weight,0.004317548129979448
2021-11-08,Equity Equal Weight,0.0037433371955652994
2021-11-09,Equity Equal Weight,-0.0007145187867039062
2021-11-10,Equity Equal Weight,-0.007127343452293765
2021-11-11,Equity Equal Weight,0.0010659591267172443
2021-11-12,Equity Equal Weight,0.0021581365565475717
2021-11-15,Equity Equal Weight,-0.0008570796974349082
2021-11-16,Equity Equal Weight,-4.3818578374865734e-05
2021-11-17,Equity Equal Weight,-0.006410498431443284
2021-11-18,Equity Equal Weight,-0.0012952494090488886
2021-11-19,Equity Equal Weight,-0.008108011963673636
2021-11-22,Equity Equal Weight,0.0021290502357046793
2021-11-23,Equity Equal Weight,0.0076140353899424845
2021-11-24,Equity Equal Weight,0.0015933253638177255
2021-11-26,Equity Equal Weight,-0.02190708025971444
2021-11-29,Equity Equal Weight,0.007100239839562272
2021-11-30,Equity Equal Weight,-0.02273665219716921
2021-12-01,Equity Equal Weight,-0.013137975243081343
2021-12-02,Equity Equal Weight,0.02151402602295716
2021-12-03,Equity Equal Weight,-0.0009151530011433475
2021-12-06,Equity Equal Weight,0.013552429844853974
2021-12-07,Equity Equal Weight,0.014952137327276696
2021-12-08,Equity Equal Weight,-0.0005769049565259763
2021-12-09,Equity Equal Weight,-0.006819833181712464
2021-12-10,Equity Equal Weight,0.005428423454781844
2021-12-13,Equity Equal Weight,-0.006038152907783945
2021-12-14,Equity Equal Weight,-0.0019345036185553588
2021-12-15,Equity Equal Weight,0.008657972774681652
2021-12-16,Equity Equal Weight,0.004803852555990487
2021-12-17,Equity Equal Weight,-0.012437317144134917
2021-12-20,Equity Equal Weight,-0.008131606148534015
2021-12-21,Equity Equal Weight,0.01462265780225411
2021-12-22,Equity Equal Weight,0.005938186176970402
2021-12-23,Equity Equal Weight,0.005000741890955203
2021-12-27,Equity Equal Weight,0.012643323884424486
2021-12-28,Equity Equal Weight,0.0017823302262577132
2021-12-29,Equity Equal Weight,0.00038045048004864396
2021-12-30,Equity Equal Weight,-0.001522675024277136
2021-12-31,Equity Equal Weight,-0.001103778985073085
2022-01-03,Equity Equal Weight,0.007893532580496583
2022-01-04,Equity Equal Weight,0.008287326862424099
2022-01-05,Equity Equal Weight,-0.009811024567845612
2022-01-06,Equity Equal Weight,0.0005963769310551341
2022-01-07,Equity Equal Weight,0.0013930725716407816
2022-01-10,Equity Equal Weight,-0.006524926800297903
2022-01-11,Equity Equal Weight,0.010108670902059982
2022-01-12,Equity Equal Weight,0.0028088568181742126
2022-01-13,Equity Equal Weight,-0.005023576980461087
2022-01-14,Equity Equal Weight,0.0018072024404420664
2022-01-18,Equity Equal Weight,-0.01076197077317289
2022-01-19,Equity Equal Weight,-0.006784420342637872
2022-01-20,Equity Equal Weight,-0.011862060931541647
2022-01-21,Equity Equal Weight,-0.012930960558085397
2022-01-24,Equity Equal Weight,0.002307455792883594
2022-01-25,Equity Equal Weight,-0.0033894377559069407
2022-01-26,Equity Equal Weight,-0.008848441165001993
2022-01-27,Equity Equal Weight,-0.003411783232470777
2022-01-28,Equity Equal Weight,0.016886259704974198
2022-01-31,Equity Equal Weight,0.014021638256743595
2022-02-01,Equity Equal Weight,0.010950258432124882
2022-02-02,Equity Equal Weight,0.009991702955684325
2022-02-03,Equity Equal Weight,-0.009513828554154828
2022-02-04,Equity Equal Weight,-0.000965093450563159
2022-02-07,Equity Equal Weight,0.0023266470700742483
2022-02-08,Equity Equal Weight,0.004025120961881327
2022-02-09,Equity Equal Weight,0.012606793313618202
2022-02-10,Equity Equal Weight,-0.016922118858680182
2022-02-11,Equity Equal Weight,-0.010206802133622506
2022-02-14,Equity Equal Weight,-0.006341009055696149
2022-02-15,Equity Equal Weight,0.0104701416520558
2022-02-16,Equity Equal Weight,-0.00045210611220674723
2022-02-17,Equity Equal Weight,-0.015235853249305858
2022-02-18,Equity Equal Weight,-0.008409016441980765
2022-02-22,Equity Equal Weight,-0.006636163123505224
2022-02-23,Equity Equal Weight,-0.011444759515712766
2022-02-24,Equity Equal Weight,0.00664616201331293
2022-02-25,Equity Equal Weight,0.02542752148262096
2022-02-28,Equity Equal Weight,-0.00219559837970453
2022-03-01,Equity Equal Weight,-0.012896231197349312
2022-03-02,Equity Equal Weight,0.019780619392027854
2022-03-03,Equity Equal Weight,-0.0008418490610408488
2022-03-04,Equity Equal Weight,0.001816968692633778
2022-03-07,Equity Equal Weight,-0.01776749892036473
2022-03-08,Equity Equal Weight,-0.004451663647359794
2022-03-09,Equity Equal Weight,0.015019626125899074
2022-03-10,Equity Equal Weight,-0.0008810613935192379
2022-03-11,Equity Equal Weight,-0.008321164119682882
2022-03-14,Equity Equal Weight,-0.009521426509802988
2022-03-15,Equity Equal Weight,0.009821014009503297
2022-03-16,Equity Equal Weight,0.015830145929724593
2022-03-17,Equity Equal Weight,0.014569366617528792
2022-03-18,Equity Equal Weight,0.004900691902451892
2022-03-21,Equity Equal Weight,0.0036164035562298484
2022-03-22,Equity Equal Weight,0.0055469342443239394
2022-03-23,Equity Equal Weight,-0.009675333619606638
2022-03-24,Equity Equal Weight,0.010775713212324891
2022-03-25,Equity Equal Weight,0.009012400337871585
2022-03-28,Equity Equal Weight,0.0008465485017869992
2022-03-29,Equity Equal Weight,0.012421936723784475
2022-03-30,Equity Equal Weight,-0.004279865159334702
2022-03-31,Equity Equal Weight,-0.014612859704207257
2022-04-01,Equity Equal Weight,0.006186125023239843
2022-04-04,Equity Equal Weight,0.0023851263573864533
2022-04-05,Equity Equal Weight,-0.010698340505611342
2022-04-06,Equity Equal Weight,-0.001263324635655041
2022-04-07,Equity Equal Weight,0.001610237014320546
2022-04-08,Equity Equal Weight,0.003154132343436489
2022-04-11,Equity Equal Weight,-0.011840453695113768
2022-04-12,Equity Equal Weight,-0.0008602131354637923
2022-04-13,Equity Equal Weight,0.009111691535789813
2022-04-14,Equity Equal Weight,-0.002157609439999568
2022-04-18,Equity Equal Weight,0.0008561339045568395
2022-04-19,Equity Equal Weight,0.012514123824200305
2022-04-20,Equity Equal Weight,0.001500873359236508
2022-04-21,Equity Equal Weight,-0.012365582660085608
2022-04-22,Equity Equal Weight,-0.02310687701405425
2022-04-25,Equity Equal Weight,-0.002562322005097424
2022-04-26,Equity Equal Weight,-0.02058994664206025
2022-04-27,Equity Equal Weight,0.00045328323378494677
2022-04-28,Equity Equal Weight,0.017596976760320904
2022-04-29,Equity Equal Weight,-0.03513723368055067
2022-05-02,Equity Equal Weight,0.004282752066340887
2022-05-03,Equity Equal Weight,0.006419254004216236
2022-05-04,Equity Equal Weight,0.030597475828033585
2022-05-05,Equity Equal Weight,-0.025223333537134417
2022-05-06,Equity Equal Weight,-0.003734814055229669
2022-05-09,Equity Equal Weight,-0.03505511084284932
2022-05-10,Equity Equal Weight,-0.00435015726679066
2022-05-11,Equity Equal Weight,-0.003418132781437833
2022-05-12,Equity Equal Weight,0.002203313593436476
2022-05-13,Equity Equal Weight,0.022291124944625013
2022-05-16,Equity Equal Weight,0.0013181692032246063
2022-05-17,Equity Equal Weight,0.01945053993405474
2022-05-18,Equity Equal Weight,-0.028013871852139105
2022-05-19,Equity Equal Weight,-0.0018228315479148116
2022-05-20,Equity Equal Weight,0.000685980181068497
2022-05-23,Equity Equal Weight,0.019290594368582818
2022-05-24,Equity Equal Weight,0.0004160499764193637
2022-05-25,Equity Equal Weight,0.008934932428617256
2022-05-26,Equity Equal Weight,0.01523442887493036
2022-05-27,Equity Equal Weight,0.019582410573768305
2022-05-31,Equity Equal Weight,-0.007686832348451914
2022-06-01,Equity Equal Weight,-0.005248085487194567
2022-06-02,Equity Equal Weight,0.014666480722361937
2022-06-03,Equity Equal Weight,-0.008281688042044991
2022-06-06,Equity Equal Weight,-0.0004726634839063061
2022-06-07,Equity Equal Weight,0.010212564518665375
2022-06-08,Equity Equal Weight,-0.01288874606797629
2022-06-09,Equity Equal Weight,-0.023559022078012803
2022-06-10,Equity Equal Weight,-0.02572519852341478
2022-06-13,Equity Equal Weight,-0.04038529147505947
2022-06-14,Equity Equal Weight,-0.0064914420956830995
2022-06-15,Equity Equal Weight,0.010895650187921786
2022-06-16,Equity Equal Weight,-0.02883302653138866
2022-06-17,Equity Equal Weight,-0.0040129501461385695
2022-06-21,Equity Equal Weight,0.021283145794544635
2022-06-22,Equity Equal Weight,-0.0034361485113255366
2022-06-23,Equity Equal Weight,0.0025338360448495245
2022-06-24,Equity Equal Weight,0.028722864719396547
2022-06-27,Equity Equal Weight,-0.00309911627675398
2022-06-28,Equity Equal Weight,-0.00951054981012844
2022-06-29,Equity Equal Weight,-0.005108620032928052
2022-06-30,Equity Equal Weight,-0.00757003786096443
2022-07-01,Equity Equal Weight,0.01073505233633957
2022-07-05,Equity Equal Weight,-0.006293927342713395
2022-07-06,Equity Equal Weight,-0.00013597333307193283
2022-07-07,Equity Equal Weight,0.014110195282665638
2022-07-08,Equity Equal Weight,-0.0033276940985262084
2022-07-11,Equity Equal Weight,-0.007581620815643344
2022-07-12,Equity Equal Weight,-0.0038619318641055765
2022-07-13,Equity Equal Weight,-0.0037269688378600164
2022-07-14,Equity Equal Weight,-0.004163211008786747
2022-07-15,Equity Equal Weight,0.018608815343360563
2022-07-18,Equity Equal Weight,-0.0032098002043968576
2022-07-19,Equity Equal Weight,0.02738512068575297
2022-07-20,Equity Equal Weight,0.0026521370079764716
2022-07-21,Equity Equal Weight,0.0053510570351762285
2022-07-22,Equity Equal Weight,-0.004943947923047727
2022-07-25,Equity Equal Weight,0.0035859017301082827
2022-07-26,Equity Equal Weight,-0.004859655657097752
2022-07-27,Equity Equal Weight,0.011691570468449711
2022-07-28,Equity Equal Weight,0.010345161395059147
2022-07-29,Equity Equal Weight,0.009706179215131488
2022-08-01,Equity Equal Weight,-0.0016167632894356569
2022-08-02,Equity Equal Weight,-0.009763777204931854
2022-08-03,Equity Equal Weight,0.0063489694907891345
2022-08-04,Equity Equal Weight,-0.0016205048618749829
2022-08-05,Equity Equal Weight,0.0015885986438003053
2022-08-08,Equity Equal Weight,-0.00012185518376140348
2022-08-09,Equity Equal Weight,-0.0008059676403024053
2022-08-10,Equity Equal Weight,0.01673915248481959
2022-08-11,Equity Equal Weight,0.005926270642628073
2022-08-12,Equity Equal Weight,0.014869254887947707
2022-08-15,Equity Equal Weight,0.004334572828434533
2022-08-16,Equity Equal Weight,0.0029590749949569162
2022-08-17,Equity Equal Weight,-0.008142599544448665
2022-08-18,Equity Equal Weight,0.003991893977378181
2022-08-19,Equity Equal Weight,-0.008808503379776999
2022-08-22,Equity Equal Weight,-0.01933968438097945
2022-08-23,Equity Equal Weight,0.0019793433425868744
2022-08-24,Equity Equal Weight,0.0023558955475155587
2022-08-25,Equity Equal Weight,0.013855207018783832
2022-08-26,Equity Equal Weight,-0.027690347312465235
2022-08-29,Equity Equal Weight,-0.0038147275975503716
2022-08-30,Equity Equal Weight,-0.013364542345735518
2022-08-31,Equity Equal Weight,-0.007346647125874835
2022-09-01,Equity Equal Weight,-0.0006877551969647985
2022-09-02,Equity Equal Weight,-0.009523452905370693
2022-09-06,Equity Equal Weight,-0.003960837321840622
2022-09-07,Equity Equal Weight,0.015912572907354684
2022-09-08,Equity Equal Weight,0.006066542642071269
2022-09-09,Equity Equal Weight,0.01464305635253413
2022-09-12,Equity Equal Weight,0.008484821861791864
2022-09-13,Equity Equal Weight,-0.04004930998571301
2022-09-14,Equity Equal Weight,0.0031318623014507815
2022-09-15,Equity Equal Weight,-0.0161715370948445
2022-09-16,Equity Equal Weight,-0.007247144972022487
2022-09-19,Equity Equal Weight,0.006236594572679688
2022-09-20,Equity Equal Weight,-0.015572445225681552
2022-09-21,Equity Equal Weight,-0.01695516019963178
2022-09-22,Equity Equal Weight,-0.009265739650809663
2022-09-23,Equity Equal Weight,-0.022218416288988612
2022-09-26,Equity Equal Weight,-0.016062688619373506
2022-09-27,Equity Equal Weight,-0.0036657890507521195
2022-09-28,Equity Equal Weight,0.021300718433708198
2022-09-29,Equity Equal Weight,-0.019865724827656663
2022-09-30,Equity Equal Weight,-0.014866290633047612
2022-10-03,Equity Equal Weight,0.0321847780436476
2022-10-04,Equity Equal Weight,0.02965210942898404
2022-10-05,Equity Equal Weight,-0.0032365855896064845
2022-10-06,Equity Equal Weight,-0.011450484466690943
2022-10-07,Equity Equal Weight,-0.02349631739433913
2022-10-10,Equity Equal Weight,-0.0056979257390414656
2022-10-11,Equity Equal Weight,-0.003330502897853404
2022-10-12,Equity Equal Weight,-0.005622661763774912
2022-10-13,Equity Equal Weight,0.029678419866633287
2022-10-14,Equity Equal Weight,-0.01841214369489535
2022-10-17,Equity Equal Weight,0.020060602583880396
2022-10-18,Equity Equal Weight,0.011945856181977304
2022-10-19,Equity Equal Weight,-0.007761574600824361
2022-10-20,Equity Equal Weight,-0.004160841489002483
2022-10-21,Equity Equal Weight,0.023757129279621488
2022-10-24,Equity Equal Weight,0.008125459137320445
2022-10-25,Equity Equal Weight,0.01680246788305665
2022-10-26,Equity Equal Weight,0.004962875049564561
2022-10-27,Equity Equal Weight,-0.00014844107300958462
2022-10-28,Equity Equal Weight,0.02428404944569426
2022-10-31,Equity Equal Weight,-0.0075744002645192834
2022-11-01,Equity Equal Weight,0.0023824155053552665
2022-11-02,Equity Equal Weight,-0.017184054928434212
2022-11-03,Equity Equal Weight,-0.0024372190071154636
2022-11-04,Equity Equal Weight,0.01858260290394176
2022-11-07,Equity Equal Weight,0.007644605369874351
2022-11-08,Equity Equal Weight,0.006914344387095319
2022-11-09,Equity Equal Weight,-0.02140736571925811
2022-11-10,Equity Equal Weight,0.0495644501631361
2022-11-11,Equity Equal Weight,0.011668351522039638
2022-11-14,Equity Equal Weight,-0.008784826109372682
2022-11-15,Equity Equal Weight,0.009768660956136386
2022-11-16,Equity Equal Weight,-0.010351341361087306
2022-11-17,Equity Equal Weight,-0.0023031547499413737
2022-11-18,Equity Equal Weight,0.005043184604821627
2022-11-21,Equity Equal Weight,0.0008225379434163571
2022-11-22,Equity Equal Weight,0.014802864627182208
2022-11-23,Equity Equal Weight,0.0033861557980510845
2022-11-25,Equity Equal Weight,0.0007421905149644115
2022-11-28,Equity Equal Weight,-0.018420829031751164
2022-11-29,Equity Equal Weight,0.004199710872548122
2022-11-30,Equity Equal Weight,0.023794226081712402
2022-12-01,Equity Equal Weight,-0.00026709377345173857
2022-12-02,Equity Equal Weight,0.0015015822510261348
2022-12-05,Equity Equal Weight,-0.017223212605578297
2022-12-06,Equity Equal Weight,-0.01234790929014816
2022-12-07,Equity Equal Weight,-0.0011825738283450572
2022-12-08,Equity Equal Weight,0.007090693516795499
2022-12-09,Equity Equal Weight,-0.010230167262818932
2022-12-12,Equity Equal Weight,0.016624031574858242
2022-12-13,Equity Equal Weight,0.008769632273229216
2022-12-14,Equity Equal Weight,-0.008793645194072684
2022-12-15,Equity Equal Weight,-0.02158506981452662
2022-12-16,Equity Equal Weight,-0.009499489174056306
2022-12-19,Equity Equal Weight,-0.006694591923182898
2022-12-20,Equity Equal Weight,0.0031792629903663805
2022-12-21,Equity Equal Weight,0.017830127277777864
2022-12-22,Equity Equal Weight,-0.011582264695177423
2022-12-23,Equity Equal Weight,0.007750029854520148
2022-12-27,Equity Equal Weight,0.00026554827864285965
2022-12-28,Equity Equal Weight,-0.012808033008290868
2022-12-29,Equity Equal Weight,0.013599359712046972
2022-12-30,Equity Equal Weight,-0.0018817762241893552
2023-01-03,Equity Equal Weight,0.002250905749167054
2023-01-04,Equity Equal Weight,0.018428178719494943
2023-01-05,Equity Equal Weight,-0.006797638011936679
2023-01-06,Equity Equal Weight,0.023249459158050576
2023-01-09,Equity Equal Weight,0.00017208903132034806
2023-01-10,Equity Equal Weight,0.007616604974202161
2023-01-11,Equity Equal Weight,0.009853849638699681
2023-01-12,Equity Equal Weight,0.007037757028810942
2023-01-13,Equity Equal Weight,0.0034311464254617023
2023-01-17,Equity Equal Weight,-0.004052224805721267
2023-01-18,Equity Equal Weight,-0.015965505018307232
2023-01-19,Equity Equal Weight,-0.007476202030265404
2023-01-20,Equity Equal Weight,0.015312907836691321
2023-01-23,Equity Equal Weight,0.011435710954858267
2023-01-24,Equity Equal Weight,-0.0028834216294746045
2023-01-25,Equity Equal Weight,0.0018486905394841727
2023-01-26,Equity Equal Weight,0.008422064284225664
2023-01-27,Equity Equal Weight,-0.0012064818542402757
2023-01-30,Equity Equal Weight,-0.010144239154965132
2023-01-31,Equity Equal Weight,0.011922802217140906
2023-02-01,Equity Equal Weight,0.006518284067217186
2023-02-02,Equity Equal Weight,0.00015704536703527562
2023-02-03,Equity Equal Weight,-0.012768350780830776
2023-02-06,Equity Equal Weight,-0.004594982931553284
2023-02-07,Equity Equal Weight,0.01095346104811467
2023-02-08,Equity Equal Weight,-0.009564990182089908
2023-02-09,Equity Equal Weight,-0.00969477310696571
2023-02-10,Equity Equal Weight,0.007601926295478061
2023-02-13,Equity Equal Weight,0.00875099441629904
2023-02-14,Equity Equal Weight,-0.0006439293321590842
2023-02-15,Equity Equal Weight,0.000289213417215781
2023-02-16,Equity Equal Weight,-0.01393944574150931
2023-02-17,Equity Equal Weight,-0.002772139964812706
2023-02-21,Equity Equal Weight,-0.0175027760743078
2023-02-22,Equity Equal Weight,-0.005551258644505817
2023-02-23,Equity Equal Weight,0.005478965095513966
2023-02-24,Equity Equal Weight,-0.009477223615106892
2023-02-27,Equity Equal Weight,0.0017761100564900145
2023-02-28,Equity Equal Weight,-0.004292925502667182
2023-03-01,Equity Equal Weight,-0.0010580319937396523
2023-03-02,Equity Equal Weight,0.01196363459680069
2023-03-03,Equity Equal Weight,0.013041698662887867
2023-03-06,Equity Equal Weight,-0.0018086637367767811
2023-03-07,Equity Equal Weight,-0.017166087290682315
2023-03-08,Equity Equal Weight,0.003191727051693716
2023-03-09,Equity Equal Weight,-0.017318717825019155
2023-03-10,Equity Equal Weight,-0.013042274760361034
2023-03-13,Equity Equal Weight,-0.003516018063804469
2023-03-14,Equity Equal Weight,0.014545495217757273
2023-03-15,Equity Equal Weight,-0.00968814247115212
2023-03-16,Equity Equal Weight,0.01420064899894593
2023-03-17,Equity Equal Weight,-0.012241012240181464
2023-03-20,Equity Equal Weight,0.011381656021337803
2023-03-21,Equity Equal Weight,0.008352348230895295
2023-03-22,Equity Equal Weight,-0.019948754862968057
2023-03-23,Equity Equal Weight,0.0017877909140547074
2023-03-24,Equity Equal Weight,0.007631212702629165
2023-03-27,Equity Equal Weight,0.004297343942389522
2023-03-28,Equity Equal Weight,0.0015994860897350029
2023-03-29,Equity Equal Weight,0.015570466202065451
2023-03-30,Equity Equal Weight,0.004909293457587828
2023-03-31,Equity Equal Weight,0.012455541654871609
2023-04-03,Equity Equal Weight,0.006940014431519136
2023-04-04,Equity Equal Weight,-0.005064090563162218
2023-04-05,Equity Equal Weight,0.0037000673038339784
2023-04-06,Equity Equal Weight,-0.00016101982917674732
2023-04-10,Equity Equal Weight,0.0035142478174856424
2023-04-11,Equity Equal Weight,0.0025692064817885215
2023-04-12,Equity Equal Weight,-0.002221933994919998
2023-04-13,Equity Equal Weight,0.00697289572006567
2023-04-14,Equity Equal Weight,-0.005796901834398556
2023-04-17,Equity Equal Weight,0.00501314190495388
2023-04-18,Equity Equal Weight,0.0003185701739072886
2023-04-19,Equity Equal Weight,0.002150186139879559
2023-04-20,Equity Equal Weight,-0.006963271769652834
2023-04-21,Equity Equal Weight,-0.0010172047667623984
2023-04-24,Equity Equal Weight,0.001757089349559311
2023-04-25,Equity Equal Weight,-0.014954209205319131
2023-04-26,Equity Equal Weight,-0.012476823412631972
2023-04-27,Equity Equal Weight,0.01466191302179606
2023-04-28,Equity Equal Weight,0.009482238561268223
2023-05-01,Equity Equal Weight,-0.003422566579296094
2023-05-02,Equity Equal Weight,-0.016682054474223176
2023-05-03,Equity Equal Weight,-0.012217496177713009
2023-05-04,Equity Equal Weight,-0.005351289952589208
2023-05-05,Equity Equal Weight,0.017515249613176284
2023-05-08,Equity Equal Weight,-0.0006943661313251724
2023-05-09,Equity Equal Weight,-0.004258718762879401
2023-05-10,Equity Equal Weight,-0.0017783329876314966
2023-05-11,Equity Equal Weight,-0.008972948417903201
2023-05-12,Equity Equal Weight,-0.0008388740546909411
2023-05-15,Equity Equal Weight,0.004566875681341904
2023-05-16,Equity Equal Weight,-0.01596931677803586
2023-05-17,Equity Equal Weight,0.012319075380388223
2023-05-18,Equity Equal Weight,0.0058853739811349
2023-05-19,Equity Equal Weight,-0.002475010238817859
2023-05-22,Equity Equal Weight,0.000673317462929217
2023-05-23,Equity Equal Weight,-0.007158860298573353
2023-05-24,Equity Equal Weight,-0.009243029757406197
2023-05-25,Equity Equal Weight,9.278741905413906e-05
2023-05-26,Equity Equal Weight,0.00866367468365841
2023-05-30,Equity Equal Weight,-0.0018190711166541516
2023-05-31,Equity Equal Weight,-0.004663092855496195
2023-06-01,Equity Equal Weight,0.005148317863618267
2023-06-02,Equity Equal Weight,0.0195001976644241
2023-06-05,Equity Equal Weight,-0.005896949385171216
2023-06-06,Equity Equal Weight,0.004403184679716094
2023-06-07,Equity Equal Weight,0.00825333091667653
2023-06-08,Equity Equal Weight,0.004105881849056211
2023-06-09,Equity Equal Weight,-0.0028027315168983654
2023-06-12,Equity Equal Weight,0.005228664642244208
2023-06-13,Equity Equal Weight,0.007318719029048488
2023-06-14,Equity Equal Weight,0.0001272434929677037
2023-06-15,Equity Equal Weight,0.010003512200136698
2023-06-16,Equity Equal Weight,0.0005502064556709697
2023-06-20,Equity Equal Weight,-0.012622406708579167
2023-06-21,Equity Equal Weight,-0.0031648906733249046
2023-06-22,Equity Equal Weight,-0.005592422870120342
2023-06-23,Equity Equal Weight,-0.007259581439822717
2023-06-26,Equity Equal Weight,0.006682503230795585
2023-06-27,Equity Equal Weight,0.007222896182025431
2023-06-28,Equity Equal Weight,-0.0017040372863230948
2023-06-29,Equity Equal Weight,0.006333876012833469
2023-06-30,Equity Equal Weight,0.008314033679412117
2023-07-03,Equity Equal Weight,0.005677130992006776
2023-07-05,Equity Equal Weight,-0.004240653464778885
2023-07-06,Equity Equal Weight,-0.01208413893391219
2023-07-07,Equity Equal Weight,0.0006819149565187501
2023-07-10,Equity Equal Weight,0.004779669698334352
2023-07-11,Equity Equal Weight,0.014211688018259467
2023-07-12,Equity Equal Weight,0.008237350960354339
2023-07-13,Equity Equal Weight,0.00561328999863137
2023-07-14,Equity Equal Weight,-0.00660968743374577
2023-07-17,Equity Equal Weight,-0.003559608817588056
2023-07-18,Equity Equal Weight,0.005936202752823029
2023-07-19,Equity Equal Weight,0.006037952272526241
2023-07-20,Equity Equal Weight,0.001748075801550906
2023-07-21,Equity Equal Weight,0.004489892359851595
2023-07-24,Equity Equal Weight,0.005464941830862187
2023-07-25,Equity Equal Weight,0.0034160131953540488
2023-07-26,Equity Equal Weight,0.0021904630775948686
2023-07-27,Equity Equal Weight,-0.004634011643839129
2023-07-28,Equity Equal Weight,0.004241321399844555
2023-07-31,Equity Equal Weight,0.004314741590100031
2023-08-01,Equity Equal Weight,-0.003631701024004783
2023-08-02,Equity Equal Weight,-0.013699281238668084
2023-08-03,Equity Equal Weight,-0.004931584621457254
2023-08-04,Equity Equal Weight,-0.0021970232173001117
2023-08-07,Equity Equal Weight,0.00802041392341124
2023-08-08,Equity Equal Weight,-0.0034409407439325804
2023-08-09,Equity Equal Weight,-0.0019255958226743841
2023-08-10,Equity Equal Weight,0.0009644399956669525
2023-08-11,Equity Equal Weight,0.0016758150228857096
2023-08-14,Equity Equal Weight,0.001706277599671522
2023-08-15,Equity Equal Weight,-0.01322545628250715
2023-08-16,Equity Equal Weight,-0.008186117279367163
2023-08-17,Equity Equal Weight,-0.004655788275770238
2023-08-18,Equity Equal Weight,0.0017330293707238818
2023-08-21,Equity Equal Weight,-0.0005131283529655392
2023-08-22,Equity Equal Weight,-0.004904403466574165
2023-08-23,Equity Equal Weight,0.007321780440630267
2023-08-24,Equity Equal Weight,-0.012228581664713427
2023-08-25,Equity Equal Weight,0.004912513294952161
2023-08-28,Equity Equal Weight,0.008364884527056865
2023-08-29,Equity Equal Weight,0.011982477817999243
2023-08-30,Equity Equal Weight,0.0015849659208836808
2023-08-31,Equity Equal Weight,-0.0030555686910886844
2023-09-01,Equity Equal Weight,0.004049068438607958
2023-09-05,Equity Equal Weight,-0.00872481301933522
2023-09-06,Equity Equal Weight,-0.004176147151662311
2023-09-07,Equity Equal Weight,-0.00017340816510796246
2023-09-08,Equity Equal Weight,0.002637923536046846
2023-09-11,Equity Equal Weight,0.002865687446399157
2023-09-12,Equity Equal Weight,0.0023082438512042904
2023-09-13,Equity Equal Weight,-0.0009672270966173913
2023-09-14,Equity Equal Weight,0.012360870706178877
2023-09-15,Equity Equal Weight,-0.010489077213557506
2023-09-18,Equity Equal Weight,-0.0002499500385179255
2023-09-19,Equity Equal Weight,-0.0042135020148569065
2023-09-20,Equity Equal Weight,-0.005264643861468341
2023-09-21,Equity Equal Weight,-0.0185880687890133
2023-09-22,Equity Equal Weight,-0.003334126405642404
2023-09-25,Equity Equal Weight,0.002086940375641444
2023-09-26,Equity Equal Weight,-0.01203867858893119
2023-09-27,Equity Equal Weight,-0.0014106684457594152
2023-09-28,Equity Equal Weight,0.00405120639083082
2023-09-29,Equity Equal Weight,-0.001064597661618716
2023-10-02,Equity Equal Weight,-0.01427779454884416
2023-10-03,Equity Equal Weight,-0.008623840049693497
2023-10-04,Equity Equal Weight,0.0014587619619191327
2023-10-05,Equity Equal Weight,-0.0018481504494788205
2023-10-06,Equity Equal Weight,0.010572819190709796
2023-10-09,Equity Equal Weight,0.008763926303623772
2023-10-10,Equity Equal Weight,0.008282561086268072
2023-10-11,Equity Equal Weight,0.003365157629009226
2023-10-12,Equity Equal Weight,-0.008311144835865696
2023-10-13,Equity Equal Weight,0.0011147766253742544
2023-10-16,Equity Equal Weight,0.010057492329704917
2023-10-17,Equity Equal Weight,0.0027932697004872196
2023-10-18,Equity Equal Weight,-0.01429852367233557
2023-10-19,Equity Equal Weight,-0.00931339622377608
2023-10-20,Equity Equal Weight,-0.008972743882415861
2023-10-23,Equity Equal Weight,-0.0065969844195609105
2023-10-24,Equity Equal Weight,0.010865236461424663
2023-10-25,Equity Equal Weight,-0.012071946699170876
2023-10-26,Equity Equal Weight,-0.002091230643623225
2023-10-27,Equity Equal Weight,-0.010091752733279388
2023-10-30,Equity Equal Weight,0.010000411649502997
2023-10-31,Equity Equal Weight,0.005876567388702727
2023-11-01,Equity Equal Weight,0.004883111660390649
2023-11-02,Equity Equal Weight,0.02579496016750301
2023-11-03,Equity Equal Weight,0.012794021607402124
2023-11-06,Equity Equal Weight,-0.004456576056500966
2023-11-07,Equity Equal Weight,-0.0037390629774691317
2023-11-08,Equity Equal Weight,-0.0011798844009914002
2023-11-09,Equity Equal Weight,-0.008903880726641448
2023-11-10,Equity Equal Weight,0.010646732594233559
2023-11-13,Equity Equal Weight,-0.001133590703610896
2023-11-14,Equity Equal Weight,0.02459404341561296
2023-11-15,Equity Equal Weight,0.005349194798091735
2023-11-16,Equity Equal Weight,0.0007631679789122892
2023-11-17,Equity Equal Weight,0.0031683198127045106
2023-11-20,Equity Equal Weight,0.004432305553655234
2023-11-21,Equity Equal Weight,-0.0023448833096139056
2023-11-22,Equity Equal Weight,0.001722055318648474
2023-11-24,Equity Equal Weight,0.002442867504645432
2023-11-27,Equity Equal Weight,0.000531490573988136
2023-11-28,Equity Equal Weight,0.0020426557000202085
2023-11-29,Equity Equal Weight,0.004678034968830294
2023-11-30,Equity Equal Weight,0.006384512229031318
2023-12-01,Equity Equal Weight,0.009225927380084264
2023-12-04,Equity Equal Weight,-0.0018134092183667127
2023-12-05,Equity Equal Weight,-0.005261485729965481
2023-12-06,Equity Equal Weight,-0.0007160063436409091
2023-12-07,Equity Equal Weight,0.004900293951280299
2023-12-08,Equity Equal Weight,0.0032286936961363594
2023-12-11,Equity Equal Weight,0.006783475745804725
2023-12-12,Equity Equal Weight,0.0007978025859253557
2023-12-13,Equity Equal Weight,0.020902411458579084
2023-12-14,Equity Equal Weight,0.01449340725484245
2023-12-15,Equity Equal Weight,-0.003011783157942524
2023-12-18,Equity Equal Weight,-0.0013770380177555875
2023-12-19,Equity Equal Weight,0.008156436334441006
2023-12-20,Equity Equal Weight,-0.01475297813585756
2023-12-21,Equity Equal Weight,0.008160532810200164
2023-12-22,Equity Equal Weight,0.001959964132917492
2023-12-26,Equity Equal Weight,0.006506457589898614
2023-12-27,Equity Equal Weight,0.0014553578874705294
2023-12-28,Equity Equal Weight,0.001224220369148157
2023-12-29,Equity Equal Weight,-0.0030351187391592345
2021-01-04,Equity Maximum Sharpe,-0.005348245936225153
2021-01-05,Equity Maximum Sharpe,0.005811521648954416
2021-01-06,Equity Maximum Sharpe,-0.011814327969663285
2021-01-07,Equity Maximum Sharpe,0.021244555666356708
2021-01-08,Equity Maximum Sharpe,-0.000372835059132625
2021-01-11,Equity Maximum Sharpe,-0.003710651955279094
2021-01-12,Equity Maximum Sharpe,-0.017086491520472726
2021-01-13,Equity Maximum Sharpe,-0.0009006907927168997
2021-01-14,Equity Maximum Sharpe,-0.014742898318032093
2021-01-15,Equity Maximum Sharpe,-0.004874504100459151
2021-01-19,Equity Maximum Sharpe,0.009693054386723559
2021-01-20,Equity Maximum Sharpe,0.027530335589554304
2021-01-21,Equity Maximum Sharpe,-0.0014043484588623185
2021-01-22,Equity Maximum Sharpe,-0.005576028731499946
2021-01-25,Equity Maximum Sharpe,0.0016171042413816903
2021-01-26,Equity Maximum Sharpe,-0.008065160510218244
2021-01-27,Equity Maximum Sharpe,-0.040376116322745
2021-01-28,Equity Maximum Sharpe,0.0207777381747248
2021-01-29,Equity Maximum Sharpe,-0.006497184357785626
2021-02-01,Equity Maximum Sharpe,0.0033148315405778367
2021-02-02,Equity Maximum Sharpe,0.023523185532518066
2021-02-03,Equity Maximum Sharpe,-0.012291850034078568
2021-02-04,Equity Maximum Sharpe,-0.006194483130451679
2021-02-05,Equity Maximum Sharpe,0.0032672075946526074
2021-02-08,Equity Maximum Sharpe,0.02496527674061138
2021-02-09,Equity Maximum Sharpe,-0.018733998311605708
2021-02-10,Equity Maximum Sharpe,0.0016827140392908892
2021-02-11,Equity Maximum Sharpe,0.0015957492691911985
2021-02-12,Equity Maximum Sharpe,0.0021206981592787728
2021-02-16,Equity Maximum Sharpe,-0.003824000106773685
2021-02-17,Equity Maximum Sharpe,-0.013361117243482223
2021-02-18,Equity Maximum Sharpe,-0.0007837751305776586
2021-02-19,Equity Maximum Sharpe,-0.0011958745282607361
2021-02-22,Equity Maximum Sharpe,-0.018213777768402897
2021-02-23,Equity Maximum Sharpe,-0.012077604195352577
2021-02-24,Equity Maximum Sharpe,0.01602194642210381
2021-02-25,Equity Maximum Sharpe,-0.034108198319777704
2021-02-26,Equity Maximum Sharpe,0.004711564491172418
2021-03-01,Equity Maximum Sharpe,0.018061359634577882
2021-03-02,Equity Maximum Sharpe,-0.007065725733099109
2021-03-03,Equity Maximum Sharpe,-0.020899573586834898
2021-03-04,Equity Maximum Sharpe,-0.01889628103485522
2021-03-05,Equity Maximum Sharpe,0.013740695130929202
2021-03-08,Equity Maximum Sharpe,-0.02795841258217117
2021-03-09,Equity Maximum Sharpe,0.01893622628344658
2021-03-10,Equity Maximum Sharpe,0.0015945770564128811
2021-03-11,Equity Maximum Sharpe,0.016934703251071947
2021-03-12,Equity Maximum Sharpe,0.011788610215463569
2021-03-15,Equity Maximum Sharpe,-0.005994151408730692
2021-03-16,Equity Maximum Sharpe,0.002878204388492933
2021-03-17,Equity Maximum Sharpe,-0.001705878681934901
2021-03-18,Equity Maximum Sharpe,-0.011958611910553977
2021-03-19,Equity Maximum Sharpe,-0.0028129858540717504
2021-03-22,Equity Maximum Sharpe,0.010586980989697885
2021-03-23,Equity Maximum Sharpe,-0.009434594839434263
2021-03-24,Equity Maximum Sharpe,-0.005483134568323802
2021-03-25,Equity Maximum Sharpe,0.00833078801127982
2021-03-26,Equity Maximum Sharpe,0.02607057798836012
2021-03-29,Equity Maximum Sharpe,0.005740980538574141
2021-03-30,Equity Maximum Sharpe,0.005554099478467273
2021-03-31,Equity Maximum Sharpe,0.0032141691668158344
2021-04-01,Equity Maximum Sharpe,0.008386825900522777
2021-04-05,Equity Maximum Sharpe,0.00271486186314968
2021-04-06,Equity Maximum Sharpe,-0.00021454589284320216
2021-04-07,Equity Maximum Sharpe,-0.003114319084646131
2021-04-08,Equity Maximum Sharpe,0.0024357158650647765
2021-04-09,Equity Maximum Sharpe,0.005746906501202003
2021-04-12,Equity Maximum Sharpe,0.002896184826844538
2021-04-13,Equity Maximum Sharpe,-0.0034044514620658263
2021-04-14,Equity Maximum Sharpe,0.0006101389029163204
2021-04-15,Equity Maximum Sharpe,0.008296287049534327
2021-04-16,Equity Maximum Sharpe,-0.0012987088080820964
2021-04-19,Equity Maximum Sharpe,-0.0016769184304481065
2021-04-20,Equity Maximum Sharpe,-0.01097415481454971
2021-04-21,Equity Maximum Sharpe,0.010409862717103781
2021-04-22,Equity Maximum Sharpe,-0.011539259831453354
2021-04-23,Equity Maximum Sharpe,0.010180899182222581
2021-04-26,Equity Maximum Sharpe,0.005906277723937767
2021-04-27,Equity Maximum Sharpe,0.007736550031542748
2021-04-28,Equity Maximum Sharpe,0.0046306135857166544
2021-04-29,Equity Maximum Sharpe,0.008498336028667635
2021-04-30,Equity Maximum Sharpe,-0.005906641603256248
2021-05-03,Equity Maximum Sharpe,0.00601576927597867
2021-05-04,Equity Maximum Sharpe,0.0023123763548956694
2021-05-05,Equity Maximum Sharpe,0.005256076324906012
2021-05-06,Equity Maximum Sharpe,0.0051673361517144125
2021-05-07,Equity Maximum Sharpe,0.00975288531227667
2021-05-10,Equity Maximum Sharpe,-0.004294996611870253
2021-05-11,Equity Maximum Sharpe,-0.010149889227633083
2021-05-12,Equity Maximum Sharpe,-0.015282305844417022
2021-05-13,Equity Maximum Sharpe,0.012325307835249193
2021-05-14,Equity Maximum Sharpe,0.01076861079942221
2021-05-17,Equity Maximum Sharpe,0.005638669324557159
2021-05-18,Equity Maximum Sharpe,-0.008491851448147621
2021-05-19,Equity Maximum Sharpe,0.00369303414579365
2021-05-20,Equity Maximum Sharpe,0.00858277023234941
2021-05-21,Equity Maximum Sharpe,0.0017560257998827673
2021-05-24,Equity Maximum Sharpe,0.00878994233524277
2021-05-25,Equity Maximum Sharpe,-0.005455519876111941
2021-05-26,Equity Maximum Sharpe,0.004755157004659334
2021-05-27,Equity Maximum Sharpe,8.885280912813236e-05
2021-05-28,Equity Maximum Sharpe,0.007776690479182654
2021-06-01,Equity Maximum Sharpe,0.009826603463721564
2021-06-02,Equity Maximum Sharpe,-0.00546803875226921
2021-06-03,Equity Maximum Sharpe,0.0046806448765459325
2021-06-04,Equity Maximum Sharpe,0.006620721367836297
2021-06-07,Equity Maximum Sharpe,-0.0005227744961336842
2021-06-08,Equity Maximum Sharpe,0.00018143906399181904
2021-06-09,Equity Maximum Sharpe,-0.01535575495065428
2021-06-10,Equity Maximum Sharpe,-0.0031584270774881107
2021-06-11,Equity Maximum Sharpe,0.0007466209877817821
2021-06-14,Equity Maximum Sharpe,-0.008157205258463545
2021-06-15,Equity Maximum Sharpe,-0.005530656846686983
2021-06-16,Equity Maximum Sharpe,-0.010138945218120102
2021-06-17,Equity Maximum Sharpe,-0.013741352026240725
2021-06-18,Equity Maximum Sharpe,-0.007194486198991894
2021-06-21,Equity Maximum Sharpe,0.020823227843608426
2021-06-22,Equity Maximum Sharpe,0.0018263589405504463
2021-06-23,Equity Maximum Sharpe,-0.0010757668320542516
2021-06-24,Equity Maximum Sharpe,0.0112877183200494
2021-06-25,Equity Maximum Sharpe,-0.0006032643803370311
2021-06-28,Equity Maximum Sharpe,0.0009594298415066629
2021-06-29,Equity Maximum Sharpe,0.006478590824550557
2021-06-30,Equity Maximum Sharpe,0.0038887087397965407
2021-07-01,Equity Maximum Sharpe,0.0018371488588593814
2021-07-02,Equity Maximum Sharpe,0.004676233492647432
2021-07-06,Equity Maximum Sharpe,-0.001944089031189939
2021-07-07,Equity Maximum Sharpe,0.0014370515484217678
2021-07-08,Equity Maximum Sharpe,-0.011262257158452867
2021-07-09,Equity Maximum Sharpe,0.01894943670255581
2021-07-12,Equity Maximum Sharpe,0.008909650506541694
2021-07-13,Equity Maximum Sharpe,-0.012024220291482148
2021-07-14,Equity Maximum Sharpe,-0.0009732694683731844
2021-07-15,Equity Maximum Sharpe,-0.004305064650121114
2021-07-16,Equity Maximum Sharpe,-0.014391668988597813
2021-07-19,Equity Maximum Sharpe,-0.013289762262440687
2021-07-20,Equity Maximum Sharpe,0.015939069669471038
2021-07-21,Equity Maximum Sharpe,0.009363845020617559
2021-07-22,Equity Maximum Sharpe,0.002218833194730938
2021-07-23,Equity Maximum Sharpe,0.007291240444846484
2021-07-26,Equity Maximum Sharpe,0.002889583695168318
2021-07-27,Equity Maximum Sharpe,-0.005577871198343362
2021-07-28,Equity Maximum Sharpe,0.0033170615044998933
2021-07-29,Equity Maximum Sharpe,0.008492095507099548
2021-07-30,Equity Maximum Sharpe,-0.0016996705110009767
2021-08-02,Equity Maximum Sharpe,-0.003078267979534195
2021-08-03,Equity Maximum Sharpe,0.008127664708435015
2021-08-04,Equity Maximum Sharpe,-0.004427954282862916
2021-08-05,Equity Maximum Sharpe,0.005268793476123723
2021-08-06,Equity Maximum Sharpe,0.001997648684555596
2021-08-09,Equity Maximum Sharpe,0.00929829465608771
2021-08-10,Equity Maximum Sharpe,0.015814349898947956
2021-08-11,Equity Maximum Sharpe,0.006538671464127988
2021-08-12,Equity Maximum Sharpe,0.007444690602739824
2021-08-13,Equity Maximum Sharpe,0.0003905764010214861
2021-08-16,Equity Maximum Sharpe,0.00035722336389437995
2021-08-17,Equity Maximum Sharpe,-0.009065700277159413
2021-08-18,Equity Maximum Sharpe,-0.00421575618612803
2021-08-19,Equity Maximum Sharpe,-0.0031381436526201887
2021-08-20,Equity Maximum Sharpe,0.009244407319651819
2021-08-23,Equity Maximum Sharpe,0.009383915804929036
2021-08-24,Equity Maximum Sharpe,0.002875853949750088
2021-08-25,Equity Maximum Sharpe,-0.0005118160674193128
2021-08-26,Equity Maximum Sharpe,-0.0064690088034864285
2021-08-27,Equity Maximum Sharpe,0.011397743458627018
2021-08-30,Equity Maximum Sharpe,0.002719488120377837
2021-08-31,Equity Maximum Sharpe,-0.0021940560364257008
2021-09-01,Equity Maximum Sharpe,0.00443216538659451
2021-09-02,Equity Maximum Sharpe,0.002375049175358997
2021-09-03,Equity Maximum Sharpe,-0.002955885316100757
2021-09-07,Equity Maximum Sharpe,-0.008227119694003417
2021-09-08,Equity Maximum Sharpe,-0.001637508073362686
2021-09-09,Equity Maximum Sharpe,-0.0074970633783011855
2021-09-10,Equity Maximum Sharpe,-0.002361812275477363
2021-09-13,Equity Maximum Sharpe,-0.004086093780484967
2021-09-14,Equity Maximum Sharpe,-0.01130070402910516
2021-09-15,Equity Maximum Sharpe,0.007075664056089357
2021-09-16,Equity Maximum Sharpe,-0.006330419920886803
2021-09-17,Equity Maximum Sharpe,-0.01896794000066319
2021-09-20,Equity Maximum Sharpe,-0.018861192797475636
2021-09-21,Equity Maximum Sharpe,-0.003546992320762976
2021-09-22,Equity Maximum Sharpe,0.007501323177008716
2021-09-23,Equity Maximum Sharpe,0.007199529724059307
2021-09-24,Equity Maximum Sharpe,-0.005851939099642602
2021-09-27,Equity Maximum Sharpe,-0.002982637261387149
2021-09-28,Equity Maximum Sharpe,-0.007831401188922579
2021-09-29,Equity Maximum Sharpe,-0.0008007202408790571
2021-09-30,Equity Maximum Sharpe,-0.013918808774040019
2021-10-01,Equity Maximum Sharpe,0.008321491627051768
2021-10-04,Equity Maximum Sharpe,-0.008929674974321513
2021-10-05,Equity Maximum Sharpe,0.007632088065125367
2021-10-06,Equity Maximum Sharpe,0.007436293834650297
2021-10-07,Equity Maximum Sharpe,0.005975509939308757
2021-10-08,Equity Maximum Sharpe,-0.0013650872527976624
2021-10-11,Equity Maximum Sharpe,-0.003401013269024795
2021-10-12,Equity Maximum Sharpe,0.012382074864439678
2021-10-13,Equity Maximum Sharpe,0.010183106216400766
2021-10-14,Equity Maximum Sharpe,0.021485994476062843
2021-10-15,Equity Maximum Sharpe,-0.00260749410228903
2021-10-18,Equity Maximum Sharpe,0.0070699281131375085
2021-10-19,Equity Maximum Sharpe,0.0005074945610148708
2021-10-20,Equity Maximum Sharpe,0.0018281748343958975
2021-10-21,Equity Maximum Sharpe,-0.0026331183630398823
2021-10-22,Equity Maximum Sharpe,0.011369674687244683
2021-10-25,Equity Maximum Sharpe,0.01232442503361913
2021-10-26,Equity Maximum Sharpe,0.012012069725498273
2021-10-27,Equity Maximum Sharpe,-0.018687930822863904
2021-10-28,Equity Maximum Sharpe,0.020529159779658374
2021-10-29,Equity Maximum Sharpe,0.004254951151025304
2021-11-01,Equity Maximum Sharpe,0.004236973033624672
2021-11-02,Equity Maximum Sharpe,0.010628439399460897
2021-11-03,Equity Maximum Sharpe,-0.004363806257342625
2021-11-04,Equity Maximum Sharpe,0.006145319306827238
2021-11-05,Equity Maximum Sharpe,-0.017754761441640215
2021-11-08,Equity Maximum Sharpe,0.010469602481436371
2021-11-09,Equity Maximum Sharpe,-0.0033051550512264933
2021-11-10,Equity Maximum Sharpe,-0.005618522668813568
2021-11-11,Equity Maximum Sharpe,0.00781691098106837
2021-11-12,Equity Maximum Sharpe,0.0030830646574084753
2021-11-15,Equity Maximum Sharpe,0.0018752505553130717
2021-11-16,Equity Maximum Sharpe,-0.0031430349467910165
2021-11-17,Equity Maximum Sharpe,-0.007475549941361235
2021-11-18,Equity Maximum Sharpe,0.009372639511283557
2021-11-19,Equity Maximum Sharpe,-0.008504401249482239
2021-11-22,Equity Maximum Sharpe,0.003140555963054425
2021-11-23,Equity Maximum Sharpe,0.011806120763741329
2021-11-24,Equity Maximum Sharpe,0.004745226799040085
2021-11-26,Equity Maximum Sharpe,-0.027723488618586672
2021-11-29,Equity Maximum Sharpe,0.012432593054879525
2021-11-30,Equity Maximum Sharpe,-0.016397401711520317
2021-12-01,Equity Maximum Sharpe,-0.010182182047055465
2021-12-02,Equity Maximum Sharpe,0.025745982133137002
2021-12-03,Equity Maximum Sharpe,-0.007695404079237191
2021-12-06,Equity Maximum Sharpe,0.006688776104843979
2021-12-07,Equity Maximum Sharpe,0.021893390224464328
2021-12-08,Equity Maximum Sharpe,-0.0017828313754665378
2021-12-09,Equity Maximum Sharpe,-0.007612215537467397
2021-12-10,Equity Maximum Sharpe,0.0053205702163417745
2021-12-13,Equity Maximum Sharpe,-0.006082689078462589
2021-12-14,Equity Maximum Sharpe,0.00240094592369315
2021-12-15,Equity Maximum Sharpe,0.019031489029026037
2021-12-16,Equity Maximum Sharpe,0.0006445904883016738
2021-12-17,Equity Maximum Sharpe,-0.013600961617878733
2021-12-20,Equity Maximum Sharpe,-0.004564317875230901
2021-12-21,Equity Maximum Sharpe,0.008793999190439475
2021-12-22,Equity Maximum Sharpe,0.009270531047783059
2021-12-23,Equity Maximum Sharpe,-0.00019084585289869024
2021-12-27,Equity Maximum Sharpe,0.019475928458288858
2021-12-28,Equity Maximum Sharpe,-0.002695891485913452
2021-12-29,Equity Maximum Sharpe,0.0013917351206966095
2021-12-30,Equity Maximum Sharpe,-0.004048451776467328
2021-12-31,Equity Maximum Sharpe,-0.0002422445676677497
2022-01-03,Equity Maximum Sharpe,-0.00843897090212701
2022-01-04,Equity Maximum Sharpe,0.0007745370508703119
2022-01-05,Equity Maximum Sharpe,-0.0077716478485447835
2022-01-06,Equity Maximum Sharpe,0.002399989766538358
2022-01-07,Equity Maximum Sharpe,-0.014604057717758311
2022-01-10,Equity Maximum Sharpe,0.0036239605997364656
2022-01-11,Equity Maximum Sharpe,0.0074329732125316475
2022-01-12,Equity Maximum Sharpe,0.008589388348449599
2022-01-13,Equity Maximum Sharpe,-0.013661153108712546
2022-01-14,Equity Maximum Sharpe,-0.0009298715364961497
2022-01-18,Equity Maximum Sharpe,-0.012325837422602886
2022-01-19,Equity Maximum Sharpe,-0.011626904183756046
2022-01-20,Equity Maximum Sharpe,-0.01716639750345699
2022-01-21,Equity Maximum Sharpe,-0.011080068798691762
2022-01-24,Equity Maximum Sharpe,-0.00047649311824595137
2022-01-25,Equity Maximum Sharpe,-0.0004940488860887247
2022-01-26,Equity Maximum Sharpe,-0.009711583987890751
2022-01-27,Equity Maximum Sharpe,-0.0017752464523484246
2022-01-28,Equity Maximum Sharpe,0.03271018182154337
2022-01-31,Equity Maximum Sharpe,0.007563927345796354
2022-02-01,Equity Maximum Sharpe,0.006505262068228315
2022-02-02,Equity Maximum Sharpe,0.026991510334944364
2022-02-03,Equity Maximum Sharpe,-0.008032787451502188
2022-02-04,Equity Maximum Sharpe,-0.003087755481844054
2022-02-07,Equity Maximum Sharpe,0.004251325049530188
2022-02-08,Equity Maximum Sharpe,0.0028491634395228847
2022-02-09,Equity Maximum Sharpe,0.019870950717862816
2022-02-10,Equity Maximum Sharpe,-0.019070019896953887
2022-02-11,Equity Maximum Sharpe,-0.00609349127877986
2022-02-14,Equity Maximum Sharpe,-0.006880541159373984
2022-02-15,Equity Maximum Sharpe,0.002507127963781222
2022-02-16,Equity Maximum Sharpe,0.0016439219721500233
2022-02-17,Equity Maximum Sharpe,-0.01448893562630348
2022-02-18,Equity Maximum Sharpe,-0.008779907169986322
2022-02-22,Equity Maximum Sharpe,-0.006921844189142127
2022-02-23,Equity Maximum Sharpe,0.00820419151338137
2022-02-24,Equity Maximum Sharpe,0.0015858419303419816
2022-02-25,Equity Maximum Sharpe,0.03509740016598745
2022-02-28,Equity Maximum Sharpe,-0.0043255520047485365
2022-03-01,Equity Maximum Sharpe,0.005665463557519387
2022-03-02,Equity Maximum Sharpe,0.01942593233639406
2022-03-03,Equity Maximum Sharpe,0.008284404738648873
2022-03-04,Equity Maximum Sharpe,0.010529321972417016
2022-03-07,Equity Maximum Sharpe,-0.009623975994620178
2022-03-08,Equity Maximum Sharpe,-0.02233343099559191
2022-03-09,Equity Maximum Sharpe,0.008079984994185753
2022-03-10,Equity Maximum Sharpe,0.008012488723252519
2022-03-11,Equity Maximum Sharpe,-0.006789033104948413
2022-03-14,Equity Maximum Sharpe,-0.01104323949946199
2022-03-15,Equity Maximum Sharpe,0.007471840279733628
2022-03-16,Equity Maximum Sharpe,0.005937133256980028
2022-03-17,Equity Maximum Sharpe,0.019671046326762382
2022-03-18,Equity Maximum Sharpe,0.006996213560782881
2022-03-21,Equity Maximum Sharpe,0.014720388993400287
2022-03-22,Equity Maximum Sharpe,0.002168493815622559
2022-03-23,Equity Maximum Sharpe,0.0006697968560370375
2022-03-24,Equity Maximum Sharpe,0.018825048268814107
2022-03-25,Equity Maximum Sharpe,0.01096653744358118
2022-03-28,Equity Maximum Sharpe,0.0019440805489546135
2022-03-29,Equity Maximum Sharpe,0.009297276252763458
2022-03-30,Equity Maximum Sharpe,0.000783834008904864
2022-03-31,Equity Maximum Sharpe,-0.011077041550196962
2022-04-01,Equity Maximum Sharpe,0.009446960599992038
2022-04-04,Equity Maximum Sharpe,-0.0029660820914462365
2022-04-05,Equity Maximum Sharpe,-0.0030752818274639012
2022-04-06,Equity Maximum Sharpe,0.016649323099100263
2022-04-07,Equity Maximum Sharpe,0.013171076098535468
2022-04-08,Equity Maximum Sharpe,0.004780513547725237
2022-04-11,Equity Maximum Sharpe,-0.025433876027533126
2022-04-12,Equity Maximum Sharpe,0.00393521377989215
2022-04-13,Equity Maximum Sharpe,-0.006602782961272289
2022-04-14,Equity Maximum Sharpe,0.006785025719217367
2022-04-18,Equity Maximum Sharpe,0.0019817760195339753
2022-04-19,Equity Maximum Sharpe,-0.004664934435248532
2022-04-20,Equity Maximum Sharpe,0.004715894395269912
2022-04-21,Equity Maximum Sharpe,-0.01737359259660306
2022-04-22,Equity Maximum Sharpe,-0.02681713913845136
2022-04-25,Equity Maximum Sharpe,-0.006906796193603288
2022-04-26,Equity Maximum Sharpe,-0.010063290193649292
2022-04-27,Equity Maximum Sharpe,0.0011759778178686321
2022-04-28,Equity Maximum Sharpe,0.01879359061895734
2022-04-29,Equity Maximum Sharpe,-0.05325878988630962
2022-05-02,Equity Maximum Sharpe,-0.013152830348261604
2022-05-03,Equity Maximum Sharpe,0.00836162887084211
2022-05-04,Equity Maximum Sharpe,0.017497618691401096
2022-05-05,Equity Maximum Sharpe,-0.02373617608331919
2022-05-06,Equity Maximum Sharpe,-0.0007470475851504739
2022-05-09,Equity Maximum Sharpe,-0.052505417297484085
2022-05-10,Equity Maximum Sharpe,-0.008557530801091211
2022-05-11,Equity Maximum Sharpe,-0.0012703089374387173
2022-05-12,Equity Maximum Sharpe,0.005848118789675784
2022-05-13,Equity Maximum Sharpe,0.016154785208788335
2022-05-16,Equity Maximum Sharpe,0.004210004276823291
2022-05-17,Equity Maximum Sharpe,0.007684638384979065
2022-05-18,Equity Maximum Sharpe,-0.03165672563766424
2022-05-19,Equity Maximum Sharpe,0.0007915016745275445
2022-05-20,Equity Maximum Sharpe,0.0021098510098014837
2022-05-23,Equity Maximum Sharpe,0.015305931096536853
2022-05-24,Equity Maximum Sharpe,0.0030148827457677696
2022-05-25,Equity Maximum Sharpe,0.010709511644632727
2022-05-26,Equity Maximum Sharpe,0.009346587350876281
2022-05-27,Equity Maximum Sharpe,0.019138448804776435
2022-05-31,Equity Maximum Sharpe,-0.015377086352741091
2022-06-01,Equity Maximum Sharpe,0.00035426668009045606
2022-06-02,Equity Maximum Sharpe,0.0017775248272431329
2022-06-03,Equity Maximum Sharpe,0.0021649942634617654
2022-06-06,Equity Maximum Sharpe,-0.002966590606087671
2022-06-07,Equity Maximum Sharpe,0.013298201827515413
2022-06-08,Equity Maximum Sharpe,-0.0075235491594452635
2022-06-09,Equity Maximum Sharpe,-0.024797223093840654
2022-06-10,Equity Maximum Sharpe,-0.012714734504682874
2022-06-13,Equity Maximum Sharpe,-0.04168514923040249
2022-06-14,Equity Maximum Sharpe,-0.007628671903636108
2022-06-15,Equity Maximum Sharpe,-0.00482786432136359
2022-06-16,Equity Maximum Sharpe,-0.02076354388335243
2022-06-17,Equity Maximum Sharpe,-0.01967580612100917
2022-06-21,Equity Maximum Sharpe,0.03572004354413412
2022-06-22,Equity Maximum Sharpe,-0.003439218295964843
2022-06-23,Equity Maximum Sharpe,0.0034289721282917468
2022-06-24,Equity Maximum Sharpe,0.018066102620930995
2022-06-27,Equity Maximum Sharpe,0.012028789338498328
2022-06-28,Equity Maximum Sharpe,0.0014519904388562983
2022-06-29,Equity Maximum Sharpe,-0.005962045280896833
2022-06-30,Equity Maximum Sharpe,-0.0063829987790555796
2022-07-01,Equity Maximum Sharpe,0.013626253225695226
2022-07-05,Equity Maximum Sharpe,-0.012958264176627031
2022-07-06,Equity Maximum Sharpe,-0.0034278812478319596
2022-07-07,Equity Maximum Sharpe,0.004024191187053216
2022-07-08,Equity Maximum Sharpe,0.00036122606199830024
2022-07-11,Equity Maximum Sharpe,0.00026977221221546476
2022-07-12,Equity Maximum Sharpe,-0.00823560998235871
2022-07-13,Equity Maximum Sharpe,-0.003096621387975406
2022-07-14,Equity Maximum Sharpe,-0.002152278349075728
2022-07-15,Equity Maximum Sharpe,0.016291912903345876
2022-07-18,Equity Maximum Sharpe,-0.011761857217528527
2022-07-19,Equity Maximum Sharpe,0.010659368778614443
2022-07-20,Equity Maximum Sharpe,-0.007910368808820123
2022-07-21,Equity Maximum Sharpe,-0.003601847202297143
2022-07-22,Equity Maximum Sharpe,0.003289149191912732
2022-07-25,Equity Maximum Sharpe,0.017969870960180493
2022-07-26,Equity Maximum Sharpe,0.0007317008824116993
2022-07-27,Equity Maximum Sharpe,0.002701352092598055
2022-07-28,Equity Maximum Sharpe,0.004579269755164907
2022-07-29,Equity Maximum Sharpe,-0.0008053786261635991
2022-08-01,Equity Maximum Sharpe,-0.012529407300889264
2022-08-02,Equity Maximum Sharpe,-0.00594534782468337
2022-08-03,Equity Maximum Sharpe,-0.008890638905775763
2022-08-04,Equity Maximum Sharpe,-0.016532843892493036
2022-08-05,Equity Maximum Sharpe,0.0045400884840945685
2022-08-08,Equity Maximum Sharpe,0.00698925668982386
2022-08-09,Equity Maximum Sharpe,0.014344922117935208
2022-08-10,Equity Maximum Sharpe,0.00334986689526787
2022-08-11,Equity Maximum Sharpe,0.012989807901803475
2022-08-12,Equity Maximum Sharpe,0.006317723582981889
2022-08-15,Equity Maximum Sharpe,-0.007514563134127166
2022-08-16,Equity Maximum Sharpe,0.0005627189977954333
2022-08-17,Equity Maximum Sharpe,-0.0009226141675102923
2022-08-18,Equity Maximum Sharpe,0.010854147807515263
2022-08-19,Equity Maximum Sharpe,0.017130150178566304
2022-08-22,Equity Maximum Sharpe,-0.013893123524326943
2022-08-23,Equity Maximum Sharpe,0.01460166033008974
2022-08-24,Equity Maximum Sharpe,0.0024727682632582435
2022-08-25,Equity Maximum Sharpe,0.0054600252574793715
2022-08-26,Equity Maximum Sharpe,-0.013502577015901357
2022-08-29,Equity Maximum Sharpe,0.004959603550531917
2022-08-30,Equity Maximum Sharpe,-0.018017575695931876
2022-08-31,Equity Maximum Sharpe,-0.010996432293965961
2022-09-01,Equity Maximum Sharpe,-0.0008319300657567913
2022-09-02,Equity Maximum Sharpe,-0.00031690128543446607
2022-09-06,Equity Maximum Sharpe,-0.007827325626547633
2022-09-07,Equity Maximum Sharpe,0.0017663739225540192
2022-09-08,Equity Maximum Sharpe,-0.0007153753384884951
2022-09-09,Equity Maximum Sharpe,0.012108369813730879
2022-09-12,Equity Maximum Sharpe,0.00925530494309933
2022-09-13,Equity Maximum Sharpe,-0.023821099871611504
2022-09-14,Equity Maximum Sharpe,0.020912007087213906
2022-09-15,Equity Maximum Sharpe,-0.019864027867494513
2022-09-16,Equity Maximum Sharpe,-0.006180865835490287
2022-09-19,Equity Maximum Sharpe,0.004340999326145316
2022-09-20,Equity Maximum Sharpe,-0.008991527071907658
2022-09-21,Equity Maximum Sharpe,-0.015378335459236784
2022-09-22,Equity Maximum Sharpe,-0.0010863851394609086
2022-09-23,Equity Maximum Sharpe,-0.033704082439168295
2022-09-26,Equity Maximum Sharpe,-0.018526962564559168
2022-09-27,Equity Maximum Sharpe,-0.0029995256272233404
2022-09-28,Equity Maximum Sharpe,0.028801510238418232
2022-09-29,Equity Maximum Sharpe,-0.014429566989582074
2022-09-30,Equity Maximum Sharpe,-0.017799946250916705
2022-10-03,Equity Maximum Sharpe,0.03705991104506702
2022-10-04,Equity Maximum Sharpe,0.029126086309443862
2022-10-05,Equity Maximum Sharpe,0.012096911802965415
2022-10-06,Equity Maximum Sharpe,0.00011025770893289058
2022-10-07,Equity Maximum Sharpe,-0.009860258336869092
2022-10-10,Equity Maximum Sharpe,-0.016444667438748537
2022-10-11,Equity Maximum Sharpe,0.007125592380937711
2022-10-12,Equity Maximum Sharpe,-0.0023412431430446254
2022-10-13,Equity Maximum Sharpe,0.03660117501353881
2022-10-14,Equity Maximum Sharpe,-0.010025300841005794
2022-10-17,Equity Maximum Sharpe,0.010522762899769111
2022-10-18,Equity Maximum Sharpe,0.003913807788474766
2022-10-19,Equity Maximum Sharpe,0.0018485987184459402
2022-10-20,Equity Maximum Sharpe,0.0009789891421318122
2022-10-21,Equity Maximum Sharpe,0.029101002414046007
2022-10-24,Equity Maximum Sharpe,0.013749100296691257
2022-10-25,Equity Maximum Sharpe,-0.0012739277263751794
2022-10-26,Equity Maximum Sharpe,0.016563229777235722
2022-10-27,Equity Maximum Sharpe,0.0029662272767099224
2022-10-28,Equity Maximum Sharpe,-0.017052380191152464
2022-10-31,Equity Maximum Sharpe,-0.0012645042327607057
2022-11-01,Equity Maximum Sharpe,0.007929881558967523
2022-11-02,Equity Maximum Sharpe,-0.017639080446647533
2022-11-03,Equity Maximum Sharpe,0.0015555777069726153
2022-11-04,Equity Maximum Sharpe,0.010922443704865
2022-11-07,Equity Maximum Sharpe,0.022757570159497066
2022-11-08,Equity Maximum Sharpe,0.021651924342652576
2022-11-09,Equity Maximum Sharpe,-0.02609670535579704
2022-11-10,Equity Maximum Sharpe,0.012721246772076235
2022-11-11,Equity Maximum Sharpe,0.005703845904023295
2022-11-14,Equity Maximum Sharpe,0.0020341573672637836
2022-11-15,Equity Maximum Sharpe,0.002770291022105381
2022-11-16,Equity Maximum Sharpe,-0.005198091783225179
2022-11-17,Equity Maximum Sharpe,0.005586701199990498
2022-11-18,Equity Maximum Sharpe,0.0008314494430043799
2022-11-21,Equity Maximum Sharpe,-0.0009486513817646217
2022-11-22,Equity Maximum Sharpe,0.014504650441591238
2022-11-23,Equity Maximum Sharpe,-0.009282185757886984
2022-11-25,Equity Maximum Sharpe,-0.0008598447982432943
2022-11-28,Equity Maximum Sharpe,-0.014632130349734896
2022-11-29,Equity Maximum Sharpe,0.0027450664306400046
2022-11-30,Equity Maximum Sharpe,0.013657377637089116
2022-12-01,Equity Maximum Sharpe,-0.002984224563651147
2022-12-02,Equity Maximum Sharpe,-0.0008445484647173835
2022-12-05,Equity Maximum Sharpe,-0.00779494520962956
2022-12-06,Equity Maximum Sharpe,-0.01316373906727661
2022-12-07,Equity Maximum Sharpe,0.006411205965469891
2022-12-08,Equity Maximum Sharpe,0.002859110839931685
2022-12-09,Equity Maximum Sharpe,-0.018015195018378238
2022-12-12,Equity Maximum Sharpe,0.0059711493656877095
2022-12-13,Equity Maximum Sharpe,0.004165914317090789
2022-12-14,Equity Maximum Sharpe,0.0020069451110540514
2022-12-15,Equity Maximum Sharpe,-0.015024448654357352
2022-12-16,Equity Maximum Sharpe,-0.0028723688043581887
2022-12-19,Equity Maximum Sharpe,-6.8580230788258456e-06
2022-12-20,Equity Maximum Sharpe,0.001840528407533049
2022-12-21,Equity Maximum Sharpe,0.01132966426229029
2022-12-22,Equity Maximum Sharpe,-0.006455074086770108
2022-12-23,Equity Maximum Sharpe,0.008221372572872471
2022-12-27,Equity Maximum Sharpe,0.0033592456417313185
2022-12-28,Equity Maximum Sharpe,-0.011972544171805426
2022-12-29,Equity Maximum Sharpe,0.0026596093695316816
2022-12-30,Equity Maximum Sharpe,0.002331113284685788
2023-01-03,Equity Maximum Sharpe,-0.01004229513842724
2023-01-04,Equity Maximum Sharpe,0.006518429040751712
2023-01-05,Equity Maximum Sharpe,0.01621776042215841
2023-01-06,Equity Maximum Sharpe,0.012724381348547574
2023-01-09,Equity Maximum Sharpe,-0.029545887998650135
2023-01-10,Equity Maximum Sharpe,0.006632982524546327
2023-01-11,Equity Maximum Sharpe,0.004162914666723954
2023-01-12,Equity Maximum Sharpe,0.010104767167863557
2023-01-13,Equity Maximum Sharpe,0.002127051129166409
2023-01-17,Equity Maximum Sharpe,-0.011780893689619128
2023-01-18,Equity Maximum Sharpe,-0.015584933325423728
2023-01-19,Equity Maximum Sharpe,0.009528574215251806
2023-01-20,Equity Maximum Sharpe,0.0064384751741367995
2023-01-23,Equity Maximum Sharpe,-0.00239164171308075
2023-01-24,Equity Maximum Sharpe,-0.00848230594403374
2023-01-25,Equity Maximum Sharpe,-0.0010975046689786808
2023-01-26,Equity Maximum Sharpe,0.002887608634761275
2023-01-27,Equity Maximum Sharpe,-0.014243572675839764
2023-01-30,Equity Maximum Sharpe,-0.0033484021575313477
2023-01-31,Equity Maximum Sharpe,0.01422524486884717
2023-02-01,Equity Maximum Sharpe,0.00042883746218410485
2023-02-02,Equity Maximum Sharpe,-0.025827613471202427
2023-02-03,Equity Maximum Sharpe,-0.002577667068297566
2023-02-06,Equity Maximum Sharpe,-0.0008128115862266628
2023-02-07,Equity Maximum Sharpe,0.01451316863966928
2023-02-08,Equity Maximum Sharpe,0.002403782149764532
2023-02-09,Equity Maximum Sharpe,-0.002583644829794572
2023-02-10,Equity Maximum Sharpe,0.019359775458317827
2023-02-13,Equity Maximum Sharpe,0.00833110667249795
2023-02-14,Equity Maximum Sharpe,-0.001497301221930026
2023-02-15,Equity Maximum Sharpe,-0.009837562452494229
2023-02-16,Equity Maximum Sharpe,-0.00800703339570091
2023-02-17,Equity Maximum Sharpe,0.008017505664156922
2023-02-21,Equity Maximum Sharpe,-0.008216741131312854
2023-02-22,Equity Maximum Sharpe,-0.003595779565198132
2023-02-23,Equity Maximum Sharpe,0.005972571143491082
2023-02-24,Equity Maximum Sharpe,-0.005221328390441097
2023-02-27,Equity Maximum Sharpe,-0.0015840715170737294
2023-02-28,Equity Maximum Sharpe,-0.015200531164674127
2023-03-01,Equity Maximum Sharpe,0.002876291704120008
2023-03-02,Equity Maximum Sharpe,0.003902470670392061
2023-03-03,Equity Maximum Sharpe,0.005503568108296575
2023-03-06,Equity Maximum Sharpe,0.025161414845290976
2023-03-07,Equity Maximum Sharpe,-0.004947835255901766
2023-03-08,Equity Maximum Sharpe,-0.01727032983703712
2023-03-09,Equity Maximum Sharpe,-0.00952265039431199
2023-03-10,Equity Maximum Sharpe,-0.0018276091734276353
2023-03-13,Equity Maximum Sharpe,-0.013696061540946939
2023-03-14,Equity Maximum Sharpe,0.015122135590698624
2023-03-15,Equity Maximum Sharpe,-0.008104092262857654
2023-03-16,Equity Maximum Sharpe,-0.00012024688628636013
2023-03-17,Equity Maximum Sharpe,-0.02634729415612867
2023-03-20,Equity Maximum Sharpe,0.020006327550743837
2023-03-21,Equity Maximum Sharpe,0.005689219703505138
2023-03-22,Equity Maximum Sharpe,-0.01479330881089076
2023-03-23,Equity Maximum Sharpe,-0.0004996670665793953
2023-03-24,Equity Maximum Sharpe,0.006193405354926152
2023-03-27,Equity Maximum Sharpe,0.015771826286977413
2023-03-28,Equity Maximum Sharpe,-0.001127655118282341
2023-03-29,Equity Maximum Sharpe,-8.703130656938511e-05
2023-03-30,Equity Maximum Sharpe,0.007296994869967762
2023-03-31,Equity Maximum Sharpe,0.006853178087569857
2023-04-03,Equity Maximum Sharpe,0.021045565339200444
2023-04-04,Equity Maximum Sharpe,-0.007965246453115034
2023-04-05,Equity Maximum Sharpe,0.020388650365793418
2023-04-06,Equity Maximum Sharpe,-0.0028665230036281813
2023-04-10,Equity Maximum Sharpe,-0.0025222604510478294
2023-04-11,Equity Maximum Sharpe,0.00010886894695728058
2023-04-12,Equity Maximum Sharpe,0.002800330650215533
2023-04-13,Equity Maximum Sharpe,0.012330322365433265
2023-04-14,Equity Maximum Sharpe,-0.0008917338368244586
2023-04-17,Equity Maximum Sharpe,0.0008353834563684793
2023-04-18,Equity Maximum Sharpe,0.00440101505931138
2023-04-19,Equity Maximum Sharpe,-0.0011239745075852193
2023-04-20,Equity Maximum Sharpe,0.0018984463510005015
2023-04-21,Equity Maximum Sharpe,0.01270135092703547
2023-04-24,Equity Maximum Sharpe,0.006029253837871689
2023-04-25,Equity Maximum Sharpe,-0.006122526519781768
2023-04-26,Equity Maximum Sharpe,-0.021695411569900486
2023-04-27,Equity Maximum Sharpe,0.008584196676734698
2023-04-28,Equity Maximum Sharpe,-0.002057596643613399
2023-05-01,Equity Maximum Sharpe,0.006459246416032338
2023-05-02,Equity Maximum Sharpe,0.00333500779774015
2023-05-03,Equity Maximum Sharpe,-0.013287878081398216
2023-05-04,Equity Maximum Sharpe,-0.010275600359735732
2023-05-05,Equity Maximum Sharpe,0.009738705954014713
2023-05-08,Equity Maximum Sharpe,0.003504723061270947
2023-05-09,Equity Maximum Sharpe,-0.003965097203386219
2023-05-10,Equity Maximum Sharpe,-0.0028164054591121113
2023-05-11,Equity Maximum Sharpe,-0.0031539057231799667
2023-05-12,Equity Maximum Sharpe,-0.0032548151932775874
2023-05-15,Equity Maximum Sharpe,0.0057711926560634254
2023-05-16,Equity Maximum Sharpe,-0.006715397567472396
2023-05-17,Equity Maximum Sharpe,0.0027809664973633035
2023-05-18,Equity Maximum Sharpe,1.255476650855597e-05
2023-05-19,Equity Maximum Sharpe,0.00561531410830574
2023-05-22,Equity Maximum Sharpe,-0.007935893157766384
2023-05-23,Equity Maximum Sharpe,-0.014258635734986596
2023-05-24,Equity Maximum Sharpe,-0.00014786528529164497
2023-05-25,Equity Maximum Sharpe,-0.008351704000522221
2023-05-26,Equity Maximum Sharpe,-0.0031298741747331957
2023-05-30,Equity Maximum Sharpe,-0.011348250125476394
2023-05-31,Equity Maximum Sharpe,0.0025779834133565745
2023-06-01,Equity Maximum Sharpe,0.021366424570870728
2023-06-02,Equity Maximum Sharpe,0.01008531917812447
2023-06-05,Equity Maximum Sharpe,-0.005590767441932615
2023-06-06,Equity Maximum Sharpe,-0.008709820592662803
2023-06-07,Equity Maximum Sharpe,-0.006186895459423328
2023-06-08,Equity Maximum Sharpe,0.011988190099455027
2023-06-09,Equity Maximum Sharpe,0.003031562893805559
2023-06-12,Equity Maximum Sharpe,-0.00011117316562300389
2023-06-13,Equity Maximum Sharpe,0.007545411188152145
2023-06-14,Equity Maximum Sharpe,-0.0038178578236488566
2023-06-15,Equity Maximum Sharpe,0.005071273827820797
2023-06-16,Equity Maximum Sharpe,0.003165498363672425
2023-06-20,Equity Maximum Sharpe,-0.003003270815515918
2023-06-21,Equity Maximum Sharpe,0.00491410152181673
2023-06-22,Equity Maximum Sharpe,0.007396899184031988
2023-06-23,Equity Maximum Sharpe,-0.003370314714415965
2023-06-26,Equity Maximum Sharpe,-0.008231206071951843
2023-06-27,Equity Maximum Sharpe,0.007571680987526175
2023-06-28,Equity Maximum Sharpe,0.002489378599348361
2023-06-29,Equity Maximum Sharpe,0.005816077071675742
2023-06-30,Equity Maximum Sharpe,0.01939876954285748
2023-07-03,Equity Maximum Sharpe,-0.00907355892513526
2023-07-05,Equity Maximum Sharpe,-0.00038643210793269775
2023-07-06,Equity Maximum Sharpe,-0.012297348006518707
2023-07-07,Equity Maximum Sharpe,-0.004612911699350608
2023-07-10,Equity Maximum Sharpe,0.013270107833268676
2023-07-11,Equity Maximum Sharpe,-0.000140158657010841
2023-07-12,Equity Maximum Sharpe,0.00041606012270903596
2023-07-13,Equity Maximum Sharpe,0.0016777684862626203
2023-07-14,Equity Maximum Sharpe,-0.0022629064405981386
2023-07-17,Equity Maximum Sharpe,0.0010619027481366791
2023-07-18,Equity Maximum Sharpe,0.003103551844239674
2023-07-19,Equity Maximum Sharpe,-0.006083433506304287
2023-07-20,Equity Maximum Sharpe,0.011421942759613743
2023-07-21,Equity Maximum Sharpe,-0.0007913257104633142
2023-07-24,Equity Maximum Sharpe,-0.0037314675786097413
2023-07-25,Equity Maximum Sharpe,0.02946334675806305
2023-07-26,Equity Maximum Sharpe,-0.011569592634702065
2023-07-27,Equity Maximum Sharpe,-0.0017977682606448346
2023-07-28,Equity Maximum Sharpe,0.0013230233510493122
2023-07-31,Equity Maximum Sharpe,0.00021379426688285542
2023-08-01,Equity Maximum Sharpe,-0.00947225427120089
2023-08-02,Equity Maximum Sharpe,-0.01124945783858572
2023-08-03,Equity Maximum Sharpe,0.00304115162251572
2023-08-04,Equity Maximum Sharpe,0.0031883799936929173
2023-08-07,Equity Maximum Sharpe,0.013674885197396434
2023-08-08,Equity Maximum Sharpe,-0.0061270306923928534
2023-08-09,Equity Maximum Sharpe,-0.012078504654249119
2023-08-10,Equity Maximum Sharpe,0.00319901861283396
2023-08-11,Equity Maximum Sharpe,0.004642947107940221
2023-08-14,Equity Maximum Sharpe,0.017529272861162935
2023-08-15,Equity Maximum Sharpe,-0.008444433421272615
2023-08-16,Equity Maximum Sharpe,-0.004100832205199365
2023-08-17,Equity Maximum Sharpe,-0.011638065802533046
2023-08-18,Equity Maximum Sharpe,0.003883791680656006
2023-08-21,Equity Maximum Sharpe,0.01359418267044573
2023-08-22,Equity Maximum Sharpe,-0.01235802464696978
2023-08-23,Equity Maximum Sharpe,0.024575673938683915
2023-08-24,Equity Maximum Sharpe,-0.01613468238329928
2023-08-25,Equity Maximum Sharpe,0.002226438451974837
2023-08-28,Equity Maximum Sharpe,0.009644284742560481
2023-08-29,Equity Maximum Sharpe,0.015455302846385195
2023-08-30,Equity Maximum Sharpe,-0.0015951719016677743
2023-08-31,Equity Maximum Sharpe,-0.0028208032504394966
2023-09-01,Equity Maximum Sharpe,-0.0010923227456365089
2023-09-05,Equity Maximum Sharpe,-0.012111739674698063
2023-09-06,Equity Maximum Sharpe,-0.009262443199901615
2023-09-07,Equity Maximum Sharpe,-0.001385146575779828
2023-09-08,Equity Maximum Sharpe,0.00033638984974349376
2023-09-11,Equity Maximum Sharpe,0.006360276130186736
2023-09-12,Equity Maximum Sharpe,0.0031888449323631183
2023-09-13,Equity Maximum Sharpe,-0.0066407638573535745
2023-09-14,Equity Maximum Sharpe,0.011914458248196293
2023-09-15,Equity Maximum Sharpe,-0.010487511504431413
2023-09-18,Equity Maximum Sharpe,0.004961294604101167
2023-09-19,Equity Maximum Sharpe,-0.0049796568830618735
2023-09-20,Equity Maximum Sharpe,-0.010626084313045651
2023-09-21,Equity Maximum Sharpe,-0.014752937354069743
2023-09-22,Equity Maximum Sharpe,-0.004443208548902014
2023-09-25,Equity Maximum Sharpe,0.003671346454810508
2023-09-26,Equity Maximum Sharpe,-0.009706165619208167
2023-09-27,Equity Maximum Sharpe,0.0017812174873570318
2023-09-28,Equity Maximum Sharpe,0.009478661309600525
2023-09-29,Equity Maximum Sharpe,-0.010677778563094566
2023-10-02,Equity Maximum Sharpe,-0.004631926290628045
2023-10-03,Equity Maximum Sharpe,-0.012454687717917483
2023-10-04,Equity Maximum Sharpe,0.007104519810167915
2023-10-05,Equity Maximum Sharpe,0.003801207639487108
2023-10-06,Equity Maximum Sharpe,0.01854501784077809
2023-10-09,Equity Maximum Sharpe,-0.002509846168669818
2023-10-10,Equity Maximum Sharpe,0.006206419907036504
2023-10-11,Equity Maximum Sharpe,0.015590282428829429
2023-10-12,Equity Maximum Sharpe,-0.007703089634454484
2023-10-13,Equity Maximum Sharpe,-0.013367171612215428
2023-10-16,Equity Maximum Sharpe,0.0029717747755090844
2023-10-17,Equity Maximum Sharpe,-0.004159940192585487
2023-10-18,Equity Maximum Sharpe,-0.022619626864215907
2023-10-19,Equity Maximum Sharpe,-0.007853837351099777
2023-10-20,Equity Maximum Sharpe,-0.004806346182071354
2023-10-23,Equity Maximum Sharpe,0.009160864086499333
2023-10-24,Equity Maximum Sharpe,0.034164154283179565
2023-10-25,Equity Maximum Sharpe,-0.018811970502267152
2023-10-26,Equity Maximum Sharpe,-0.014811880336929704
2023-10-27,Equity Maximum Sharpe,-0.018158951455654194
2023-10-30,Equity Maximum Sharpe,0.019894137987629016
2023-10-31,Equity Maximum Sharpe,-0.011162695169044525
2023-11-01,Equity Maximum Sharpe,0.003954566898368154
2023-11-02,Equity Maximum Sharpe,0.009815543058472261
2023-11-03,Equity Maximum Sharpe,0.013611977922572887
2023-11-06,Equity Maximum Sharpe,0.01871981922051338
2023-11-07,Equity Maximum Sharpe,0.0014542206887412203
2023-11-08,Equity Maximum Sharpe,0.01201234257508496
2023-11-09,Equity Maximum Sharpe,-0.0038802436421845428
2023-11-10,Equity Maximum Sharpe,0.01790919712301062
2023-11-13,Equity Maximum Sharpe,0.004899167796768175
2023-11-14,Equity Maximum Sharpe,0.012528285607912028
2023-11-15,Equity Maximum Sharpe,-0.007041291847572408
2023-11-16,Equity Maximum Sharpe,0.004304693125856112
2023-11-17,Equity Maximum Sharpe,0.0025545233492513145
2023-11-20,Equity Maximum Sharpe,0.00697136821359392
2023-11-21,Equity Maximum Sharpe,-0.002997461641566184
2023-11-22,Equity Maximum Sharpe,-0.00877084267949555
2023-11-24,Equity Maximum Sharpe,-0.0016362243585696704
2023-11-27,Equity Maximum Sharpe,0.0025092352844930466
2023-11-28,Equity Maximum Sharpe,-0.0066173738338345025
2023-11-29,Equity Maximum Sharpe,0.0004724158807689633
2023-11-30,Equity Maximum Sharpe,0.006985038464616314
2023-12-01,Equity Maximum Sharpe,0.0025864955323266696
2023-12-04,Equity Maximum Sharpe,-0.012683898625735806
2023-12-05,Equity Maximum Sharpe,-0.002061002952940257
2023-12-06,Equity Maximum Sharpe,-0.0064460517412714136
2023-12-07,Equity Maximum Sharpe,0.004675201961715589
2023-12-08,Equity Maximum Sharpe,0.009857927184230893
2023-12-11,Equity Maximum Sharpe,-0.0022043042442172157
2023-12-12,Equity Maximum Sharpe,0.014769258360050608
2023-12-13,Equity Maximum Sharpe,0.0019603148687269505
2023-12-14,Equity Maximum Sharpe,-0.004807630644220918
2023-12-15,Equity Maximum Sharpe,0.008978322660749672
2023-12-18,Equity Maximum Sharpe,0.00856877901789878
2023-12-19,Equity Maximum Sharpe,0.009358300384623987
2023-12-20,Equity Maximum Sharpe,-0.021239515902258452
2023-12-21,Equity Maximum Sharpe,0.02109999073413779
2023-12-22,Equity Maximum Sharpe,-0.0003891401977681386
2023-12-26,Equity Maximum Sharpe,0.007276223769860033
2023-12-27,Equity Maximum Sharpe,0.0034043225898812315
2023-12-28,Equity Maximum Sharpe,0.001598422572123731
2023-12-29,Equity Maximum Sharpe,-0.002927587898078143
2021-01-04,Equity Minimum Variance,0.0035115583905452035
2021-01-05,Equity Minimum Variance,0.001054562703999112
2021-01-06,Equity Minimum Variance,0.0061708030015533225
2021-01-07,Equity Minimum Variance,0.0065244461824303995
2021-01-08,Equity Minimum Variance,-0.0025276002860504377
2021-01-11,Equity Minimum Variance,0.0005877547127380075
2021-01-12,Equity Minimum Variance,0.0010617881410384025
2021-01-13,Equity Minimum Variance,-0.0019270272283691456
2021-01-14,Equity Minimum Variance,0.003769926643669595
2021-01-15,Equity Minimum Variance,-0.004927916636391814
2021-01-19,Equity Minimum Variance,0.009407605138740793
2021-01-20,Equity Minimum Variance,0.014878177664022834
2021-01-21,Equity Minimum Variance,-0.009400930405524366
2021-01-22,Equity Minimum Variance,-0.0004079966751767925
2021-01-25,Equity Minimum Variance,0.0033959815319477907
2021-01-26,Equity Minimum Variance,-0.0017928339295695212
2021-01-27,Equity Minimum Variance,-0.021686987625119128
2021-01-28,Equity Minimum Variance,0.0010412049870843734
2021-01-29,Equity Minimum Variance,-0.010422652856942601
2021-02-01,Equity Minimum Variance,0.0007071937468670173
2021-02-02,Equity Minimum Variance,0.006336013225488385
2021-02-03,Equity Minimum Variance,-0.0023310059025701876
2021-02-04,Equity Minimum Variance,0.002119558497929283
2021-02-05,Equity Minimum Variance,0.01454370094492326
2021-02-08,Equity Minimum Variance,0.0030721899011637676
2021-02-09,Equity Minimum Variance,-0.0008939809524425732
2021-02-10,Equity Minimum Variance,-0.00707022279155119
2021-02-11,Equity Minimum Variance,-0.004838135238923697
2021-02-12,Equity Minimum Variance,0.004245386679607156
2021-02-16,Equity Minimum Variance,-0.009026642046565933
2021-02-17,Equity Minimum Variance,0.006880906749943454
2021-02-18,Equity Minimum Variance,-0.01144313101494043
2021-02-19,Equity Minimum Variance,-0.007250531389755633
2021-02-22,Equity Minimum Variance,0.0016302654003141797
2021-02-23,Equity Minimum Variance,-0.007163771952354068
2021-02-24,Equity Minimum Variance,-0.0009734612070374023
2021-02-25,Equity Minimum Variance,-0.00893108240466194
2021-02-26,Equity Minimum Variance,-0.017623493617326465
2021-03-01,Equity Minimum Variance,0.00900468056950971
2021-03-02,Equity Minimum Variance,0.004809388870500211
2021-03-03,Equity Minimum Variance,-0.01321590747518405
2021-03-04,Equity Minimum Variance,-0.002916746808686709
2021-03-05,Equity Minimum Variance,0.015244007255168588
2021-03-08,Equity Minimum Variance,-0.005309729972699241
2021-03-09,Equity Minimum Variance,0.007254822694213157
2021-03-10,Equity Minimum Variance,0.009557205639911793
2021-03-11,Equity Minimum Variance,-0.0002814841641959914
2021-03-12,Equity Minimum Variance,0.005151504433188941
2021-03-15,Equity Minimum Variance,0.01350635382994411
2021-03-16,Equity Minimum Variance,0.005107161484695575
2021-03-17,Equity Minimum Variance,-0.0102866328214816
2021-03-18,Equity Minimum Variance,-0.007899417764148358
2021-03-19,Equity Minimum Variance,-0.002188129954741409
2021-03-22,Equity Minimum Variance,0.0098600839652406
2021-03-23,Equity Minimum Variance,0.00037528467647274634
2021-03-24,Equity Minimum Variance,-0.006609837589624383
2021-03-25,Equity Minimum Variance,0.002653419432543548
2021-03-26,Equity Minimum Variance,0.017231724388137238
2021-03-29,Equity Minimum Variance,0.010916342839176436
2021-03-30,Equity Minimum Variance,-0.008999324814046495
2021-03-31,Equity Minimum Variance,0.00157149694353814
2021-04-01,Equity Minimum Variance,0.008087686009514221
2021-04-05,Equity Minimum Variance,0.011990466310499921
2021-04-06,Equity Minimum Variance,0.00034090529252632745
2021-04-07,Equity Minimum Variance,-0.0007688426266768742
2021-04-08,Equity Minimum Variance,-0.00031581984055970973
2021-04-09,Equity Minimum Variance,0.003660504858280805
2021-04-12,Equity Minimum Variance,0.0014070891953434975
2021-04-13,Equity Minimum Variance,0.0021142517019091464
2021-04-14,Equity Minimum Variance,-0.00263154490599509
2021-04-15,Equity Minimum Variance,0.007252048907570337
2021-04-16,Equity Minimum Variance,0.0018617310261053286
2021-04-19,Equity Minimum Variance,-0.0010405110743838086
2021-04-20,Equity Minimum Variance,0.00573697997948268
2021-04-21,Equity Minimum Variance,0.004917900956030559
2021-04-22,Equity Minimum Variance,0.000497076492393075
2021-04-23,Equity Minimum Variance,0.0026113741583559382
2021-04-26,Equity Minimum Variance,-0.006776811845524874
2021-04-27,Equity Minimum Variance,-0.004921974885039189
2021-04-28,Equity Minimum Variance,-0.000337908078209366
2021-04-29,Equity Minimum Variance,0.0082676266456861
2021-04-30,Equity Minimum Variance,-0.001252158649857013
2021-05-03,Equity Minimum Variance,0.008055762822825673
2021-05-04,Equity Minimum Variance,-0.004621641598322902
2021-05-05,Equity Minimum Variance,0.0021510591116644627
2021-05-06,Equity Minimum Variance,0.007257294644349852
2021-05-07,Equity Minimum Variance,0.0012319254767929242
2021-05-10,Equity Minimum Variance,0.005346070707388677
2021-05-11,Equity Minimum Variance,-0.00835091346898837
2021-05-12,Equity Minimum Variance,-0.014143115439780803
2021-05-13,Equity Minimum Variance,0.012325466462911452
2021-05-14,Equity Minimum Variance,0.0033018976097048914
2021-05-17,Equity Minimum Variance,-0.0011764013437075352
2021-05-18,Equity Minimum Variance,-0.0036929944203434057
2021-05-19,Equity Minimum Variance,0.0003577768543885421
2021-05-20,Equity Minimum Variance,0.010365576824973922
2021-05-21,Equity Minimum Variance,-0.0017843908679997427
2021-05-24,Equity Minimum Variance,-0.001362187786571798
2021-05-25,Equity Minimum Variance,-0.0052979356213485665
2021-05-26,Equity Minimum Variance,0.0009681727633855515
2021-05-27,Equity Minimum Variance,-0.004443887821016788
2021-05-28,Equity Minimum Variance,0.001497250835440003
2021-06-01,Equity Minimum Variance,-0.004147876751045926
2021-06-02,Equity Minimum Variance,0.00119786632245163
2021-06-03,Equity Minimum Variance,0.003907679504282297
2021-06-04,Equity Minimum Variance,0.006086772584477174
2021-06-07,Equity Minimum Variance,-0.0037201365929603928
2021-06-08,Equity Minimum Variance,-0.005061647883232122
2021-06-09,Equity Minimum Variance,0.004611509129814792
2021-06-10,Equity Minimum Variance,0.008020343844442272
2021-06-11,Equity Minimum Variance,0.0019216516204660587
2021-06-14,Equity Minimum Variance,0.0003908687337829634
2021-06-15,Equity Minimum Variance,-0.004360680644245282
2021-06-16,Equity Minimum Variance,-0.011255343897569652
2021-06-17,Equity Minimum Variance,-0.0005268297606276937
2021-06-18,Equity Minimum Variance,-0.010853215197532611
2021-06-21,Equity Minimum Variance,0.010687879288463945
2021-06-22,Equity Minimum Variance,-0.000882934858963663
2021-06-23,Equity Minimum Variance,-0.0073881155734188695
2021-06-24,Equity Minimum Variance,0.005025109309062524
2021-06-25,Equity Minimum Variance,0.011702016383313408
2021-06-28,Equity Minimum Variance,0.002224922125562457
2021-06-29,Equity Minimum Variance,-0.003123073533989152
2021-06-30,Equity Minimum Variance,0.0075158998283584395
2021-07-01,Equity Minimum Variance,0.003527780336494527
2021-07-02,Equity Minimum Variance,0.005111616786795354
2021-07-06,Equity Minimum Variance,-0.002049313122896359
2021-07-07,Equity Minimum Variance,0.002158046572311724
2021-07-08,Equity Minimum Variance,-0.004834316539445606
2021-07-09,Equity Minimum Variance,0.0070548297230033415
2021-07-12,Equity Minimum Variance,0.002256078036297452
2021-07-13,Equity Minimum Variance,-0.002757012570154122
2021-07-14,Equity Minimum Variance,0.004013282653077155
2021-07-15,Equity Minimum Variance,0.0014573237376892174
2021-07-16,Equity Minimum Variance,-0.0014561911313258425
2021-07-19,Equity Minimum Variance,-0.013441291746714587
2021-07-20,Equity Minimum Variance,0.005672678057289611
2021-07-21,Equity Minimum Variance,-0.0018243795086066664
2021-07-22,Equity Minimum Variance,-0.00018519925579014833
2021-07-23,Equity Minimum Variance,0.010090082400068923
2021-07-26,Equity Minimum Variance,0.0008801301170252718
2021-07-27,Equity Minimum Variance,0.0009660642238680922
2021-07-28,Equity Minimum Variance,-0.0007338661305189279
2021-07-29,Equity Minimum Variance,-0.0004079671775584698
2021-07-30,Equity Minimum Variance,-0.002736427934746652
2021-08-02,Equity Minimum Variance,-0.001528354120106898
2021-08-03,Equity Minimum Variance,0.00020400049256756895
2021-08-04,Equity Minimum Variance,-0.008327451155688047
2021-08-05,Equity Minimum Variance,0.004357786842092898
2021-08-06,Equity Minimum Variance,-0.0013495599420175679
2021-08-09,Equity Minimum Variance,0.00106275150147281
2021-08-10,Equity Minimum Variance,0.004755484039846333
2021-08-11,Equity Minimum Variance,0.004116892864350577
2021-08-12,Equity Minimum Variance,0.002802119735959057
2021-08-13,Equity Minimum Variance,0.003755115108041576
2021-08-16,Equity Minimum Variance,0.006886456663508695
2021-08-17,Equity Minimum Variance,0.0028448872560074157
2021-08-18,Equity Minimum Variance,-0.010745635384332857
2021-08-19,Equity Minimum Variance,0.0011992406423604611
2021-08-20,Equity Minimum Variance,0.003747838973242057
2021-08-23,Equity Minimum Variance,-0.0012858022074536393
2021-08-24,Equity Minimum Variance,-0.005120402336289382
2021-08-25,Equity Minimum Variance,-0.00359949386534393
2021-08-26,Equity Minimum Variance,-0.006348052052539349
2021-08-27,Equity Minimum Variance,0.0017613915019557775
2021-08-30,Equity Minimum Variance,0.003898468333073831
2021-08-31,Equity Minimum Variance,0.003933814918285635
2021-09-01,Equity Minimum Variance,0.0008198820067399728
2021-09-02,Equity Minimum Variance,0.006211602335018741
2021-09-03,Equity Minimum Variance,-0.0012242304556090901
2021-09-07,Equity Minimum Variance,-0.013769059352732413
2021-09-08,Equity Minimum Variance,0.004370427494252947
2021-09-09,Equity Minimum Variance,-0.011197417356385225
2021-09-10,Equity Minimum Variance,-0.007192069481542931
2021-09-13,Equity Minimum Variance,-0.00011923363993104002
2021-09-14,Equity Minimum Variance,-0.005636381857952527
2021-09-15,Equity Minimum Variance,0.003194726867091214
2021-09-16,Equity Minimum Variance,-0.0044836008559488395
2021-09-17,Equity Minimum Variance,-0.00785484928401657
2021-09-20,Equity Minimum Variance,-0.008972269553092995
2021-09-21,Equity Minimum Variance,-0.004012278146015325
2021-09-22,Equity Minimum Variance,0.00032534359733959854
2021-09-23,Equity Minimum Variance,0.0031635502856871877
2021-09-24,Equity Minimum Variance,-0.0027300890297671863
2021-09-27,Equity Minimum Variance,-0.0033489533507496646
2021-09-28,Equity Minimum Variance,-0.005456020291646467
2021-09-29,Equity Minimum Variance,0.008669030416290658
2021-09-30,Equity Minimum Variance,-0.009351192593061915
2021-10-01,Equity Minimum Variance,0.01351591756669318
2021-10-04,Equity Minimum Variance,0.0020784194011774183
2021-10-05,Equity Minimum Variance,0.001266706533016766
2021-10-06,Equity Minimum Variance,0.003002515235847978
2021-10-07,Equity Minimum Variance,0.008507945516207791
2021-10-08,Equity Minimum Variance,-0.0051153844109739525
2021-10-11,Equity Minimum Variance,-0.008672115045280477
2021-10-12,Equity Minimum Variance,-0.0007583695067454211
2021-10-13,Equity Minimum Variance,0.0007091982754160039
2021-10-14,Equity Minimum Variance,0.0090347201391693
2021-10-15,Equity Minimum Variance,-0.0006808400518741776
2021-10-18,Equity Minimum Variance,-0.0017396822869546395
2021-10-19,Equity Minimum Variance,0.013567596250334435
2021-10-20,Equity Minimum Variance,0.010233136633374235
2021-10-21,Equity Minimum Variance,0.005458232486480946
2021-10-22,Equity Minimum Variance,0.002647694583926993
2021-10-25,Equity Minimum Variance,0.0042440101134113214
2021-10-26,Equity Minimum Variance,6.0835708179776725e-05
2021-10-27,Equity Minimum Variance,-0.010573091821958903
2021-10-28,Equity Minimum Variance,0.017969928139914795
2021-10-29,Equity Minimum Variance,-0.0012743728619641643
2021-11-01,Equity Minimum Variance,0.005461851912280238
2021-11-02,Equity Minimum Variance,0.0047221915913555935
2021-11-03,Equity Minimum Variance,0.00020780853091033466
2021-11-04,Equity Minimum Variance,0.0004944100511567904
2021-11-05,Equity Minimum Variance,-0.01154085003824291
2021-11-08,Equity Minimum Variance,0.001801657600578822
2021-11-09,Equity Minimum Variance,0.0006005342306344779
2021-11-10,Equity Minimum Variance,0.0007097111202117828
2021-11-11,Equity Minimum Variance,0.0023276940484473095
2021-11-12,Equity Minimum Variance,0.002413759881752047
2021-11-15,Equity Minimum Variance,-0.0023544844253081043
2021-11-16,Equity Minimum Variance,-0.004965673193203968
2021-11-17,Equity Minimum Variance,-0.00266480260961863
2021-11-18,Equity Minimum Variance,-0.002064019027489228
2021-11-19,Equity Minimum Variance,-0.007804114787000566
2021-11-22,Equity Minimum Variance,0.0037574240558647387
2021-11-23,Equity Minimum Variance,0.006492692194808551
2021-11-24,Equity Minimum Variance,-0.0007163113242883953
2021-11-26,Equity Minimum Variance,-0.014665577202673209
2021-11-29,Equity Minimum Variance,-0.00028622407128868
2021-11-30,Equity Minimum Variance,-0.02186557829793104
2021-12-01,Equity Minimum Variance,-0.011733602984270619
2021-12-02,Equity Minimum Variance,0.014098157527562587
2021-12-03,Equity Minimum Variance,0.008462626767429614
2021-12-06,Equity Minimum Variance,0.010475337953916199
2021-12-07,Equity Minimum Variance,0.0030408175041358844
2021-12-08,Equity Minimum Variance,0.0007233911966617898
2021-12-09,Equity Minimum Variance,-0.0033212001945681093
2021-12-10,Equity Minimum Variance,0.007602858986645308
2021-12-13,Equity Minimum Variance,0.0051467034855543405
2021-12-14,Equity Minimum Variance,-0.0006444747857038084
2021-12-15,Equity Minimum Variance,0.01275111792862708
2021-12-16,Equity Minimum Variance,0.010126270067292971
2021-12-17,Equity Minimum Variance,-0.012388886902844955
2021-12-20,Equity Minimum Variance,0.0016003097263107085
2021-12-21,Equity Minimum Variance,0.004085246147709623
2021-12-22,Equity Minimum Variance,0.006275484509271422
2021-12-23,Equity Minimum Variance,0.0018325313411327246
2021-12-27,Equity Minimum Variance,0.010594666705139632
2021-12-28,Equity Minimum Variance,0.004456956772813871
2021-12-29,Equity Minimum Variance,0.0010181320663044317
2021-12-30,Equity Minimum Variance,0.0006122441308543591
2021-12-31,Equity Minimum Variance,-0.001249561085466646
2022-01-03,Equity Minimum Variance,0.0027111732829649855
2022-01-04,Equity Minimum Variance,-0.00031541819905809014
2022-01-05,Equity Minimum Variance,-0.0020124159306589067
2022-01-06,Equity Minimum Variance,-0.0039224296079276265
2022-01-07,Equity Minimum Variance,0.004591424220520582
2022-01-10,Equity Minimum Variance,-0.00092358588388576
2022-01-11,Equity Minimum Variance,0.0034601545255921063
2022-01-12,Equity Minimum Variance,0.0008953819566499307
2022-01-13,Equity Minimum Variance,-0.0019363750854226734
2022-01-14,Equity Minimum Variance,-0.0022231513938702407
2022-01-18,Equity Minimum Variance,-0.00955020284894218
2022-01-19,Equity Minimum Variance,-0.0007652578945642406
2022-01-20,Equity Minimum Variance,-0.011137849018255184
2022-01-21,Equity Minimum Variance,-0.004510013473107377
2022-01-24,Equity Minimum Variance,-0.005052254078482126
2022-01-25,Equity Minimum Variance,-0.0052222755304413455
2022-01-26,Equity Minimum Variance,-0.015998597567254268
2022-01-27,Equity Minimum Variance,-2.9647993668685145e-05
2022-01-28,Equity Minimum Variance,0.016363142765359728
2022-01-31,Equity Minimum Variance,0.011136720919846271
2022-02-01,Equity Minimum Variance,-0.002034942174764665
2022-02-02,Equity Minimum Variance,0.011897088282474148
2022-02-03,Equity Minimum Variance,-0.005670426819161854
2022-02-04,Equity Minimum Variance,-0.0038210951098113775
2022-02-07,Equity Minimum Variance,-0.00028797078572498174
2022-02-08,Equity Minimum Variance,-0.0012198917262030888
2022-02-09,Equity Minimum Variance,0.006078209519799722
2022-02-10,Equity Minimum Variance,-0.01690341185553877
2022-02-11,Equity Minimum Variance,-0.003199693261486786
2022-02-14,Equity Minimum Variance,-0.007578263821896879
2022-02-15,Equity Minimum Variance,0.0023399012141806725
2022-02-16,Equity Minimum Variance,-0.0016372797238325425
2022-02-17,Equity Minimum Variance,-0.0060859827342396675
2022-02-18,Equity Minimum Variance,-0.0051788507957020976
2022-02-22,Equity Minimum Variance,-0.0042090313711077
2022-02-23,Equity Minimum Variance,-0.0027791448058893317
2022-02-24,Equity Minimum Variance,-0.0006456087062373646
2022-02-25,Equity Minimum Variance,0.026193123856073065
2022-02-28,Equity Minimum Variance,-0.004705440877810439
2022-03-01,Equity Minimum Variance,-0.0017107615672935735
2022-03-02,Equity Minimum Variance,0.012052013654633497
2022-03-03,Equity Minimum Variance,0.008268264848671597
2022-03-04,Equity Minimum Variance,0.0077325339503153965
2022-03-07,Equity Minimum Variance,-0.008958980154854908
2022-03-08,Equity Minimum Variance,-0.013872907071230477
2022-03-09,Equity Minimum Variance,0.004789507780953811
2022-03-10,Equity Minimum Variance,0.0016147938902532507
2022-03-11,Equity Minimum Variance,-0.0054595445559558935
2022-03-14,Equity Minimum Variance,-0.004887495268106275
2022-03-15,Equity Minimum Variance,0.008134496051550574
2022-03-16,Equity Minimum Variance,0.005546930874853613
2022-03-17,Equity Minimum Variance,0.011412554094407404
2022-03-18,Equity Minimum Variance,0.002720176201483657
2022-03-21,Equity Minimum Variance,0.0026951591686887023
2022-03-22,Equity Minimum Variance,0.004479878950504169
2022-03-23,Equity Minimum Variance,-0.009024891268864646
2022-03-24,Equity Minimum Variance,0.006486460040171119
2022-03-25,Equity Minimum Variance,0.008329795864337415
2022-03-28,Equity Minimum Variance,0.005799387873908907
2022-03-29,Equity Minimum Variance,0.012770196686808113
2022-03-30,Equity Minimum Variance,0.0006810158495913166
2022-03-31,Equity Minimum Variance,-0.00880240867391272
2022-04-01,Equity Minimum Variance,0.008702842030089874
2022-04-04,Equity Minimum Variance,0.003027171798716162
2022-04-05,Equity Minimum Variance,-0.004722436857112463
2022-04-06,Equity Minimum Variance,0.01117728569656668
2022-04-07,Equity Minimum Variance,0.003508473602262445
2022-04-08,Equity Minimum Variance,0.006716108072650512
2022-04-11,Equity Minimum Variance,-0.014019569275611462
2022-04-12,Equity Minimum Variance,0.0022455030778617963
2022-04-13,Equity Minimum Variance,0.005880824314122043
2022-04-14,Equity Minimum Variance,0.00132679473561775
2022-04-18,Equity Minimum Variance,-0.004708050518806317
2022-04-19,Equity Minimum Variance,0.008489256252266288
2022-04-20,Equity Minimum Variance,0.002234264070566208
2022-04-21,Equity Minimum Variance,-0.010233984618518125
2022-04-22,Equity Minimum Variance,-0.015714437725785818
2022-04-25,Equity Minimum Variance,-0.0011294515328953581
2022-04-26,Equity Minimum Variance,-0.01519737523724128
2022-04-27,Equity Minimum Variance,-0.0027339240250044794
2022-04-28,Equity Minimum Variance,0.014717026723019302
2022-04-29,Equity Minimum Variance,-0.03163579988149796
2022-05-02,Equity Minimum Variance,0.0003729873947259138
2022-05-03,Equity Minimum Variance,0.003136855777879269
2022-05-04,Equity Minimum Variance,0.024277335290761454
2022-05-05,Equity Minimum Variance,-0.01520062696465178
2022-05-06,Equity Minimum Variance,-0.006718923521427353
2022-05-09,Equity Minimum Variance,-0.013943337917384288
2022-05-10,Equity Minimum Variance,-0.00824100032711771
2022-05-11,Equity Minimum Variance,0.007177772565343167
2022-05-12,Equity Minimum Variance,0.006603163939306794
2022-05-13,Equity Minimum Variance,0.009996905073459345
2022-05-16,Equity Minimum Variance,0.005887150991943192
2022-05-17,Equity Minimum Variance,-0.0038122951447869275
2022-05-18,Equity Minimum Variance,-0.024606223524121982
2022-05-19,Equity Minimum Variance,-0.005396698856338436
2022-05-20,Equity Minimum Variance,0.0024702394523234694
2022-05-23,Equity Minimum Variance,0.016930808733613564
2022-05-24,Equity Minimum Variance,0.009777360775025737
2022-05-25,Equity Minimum Variance,0.005704420224200618
2022-05-26,Equity Minimum Variance,0.006040273812957281
2022-05-27,Equity Minimum Variance,0.011036755295912092
2022-05-31,Equity Minimum Variance,-0.009100596343249775
2022-06-01,Equity Minimum Variance,-0.005230266155872533
2022-06-02,Equity Minimum Variance,0.002733955992158933
2022-06-03,Equity Minimum Variance,-0.005053560376036231
2022-06-06,Equity Minimum Variance,-0.004586129461151027
2022-06-07,Equity Minimum Variance,0.007247131953135638
2022-06-08,Equity Minimum Variance,-0.009773968471770962
2022-06-09,Equity Minimum Variance,-0.022477231103576006
2022-06-10,Equity Minimum Variance,-0.009623075295580527
2022-06-13,Equity Minimum Variance,-0.03268545072906343
2022-06-14,Equity Minimum Variance,-0.013729875913308551
2022-06-15,Equity Minimum Variance,0.0030593792670001504
2022-06-16,Equity Minimum Variance,-0.008487502652168273
2022-06-17,Equity Minimum Variance,-0.003922877067062671
2022-06-21,Equity Minimum Variance,0.02277239593268844
2022-06-22,Equity Minimum Variance,0.0031126744442889695
2022-06-23,Equity Minimum Variance,0.01280907643874174
2022-06-24,Equity Minimum Variance,0.014016642860651603
2022-06-27,Equity Minimum Variance,-0.0025434961022596392
2022-06-28,Equity Minimum Variance,-0.00879088661275671
2022-06-29,Equity Minimum Variance,0.0005627180099250992
2022-06-30,Equity Minimum Variance,-0.007435505819752804
2022-07-01,Equity Minimum Variance,0.014946890868677471
2022-07-05,Equity Minimum Variance,-0.003810397800135126
2022-07-06,Equity Minimum Variance,0.001702987224408304
2022-07-07,Equity Minimum Variance,0.0023111155988643378
2022-07-08,Equity Minimum Variance,-0.002637996581110962
2022-07-11,Equity Minimum Variance,4.571236129951835e-05
2022-07-12,Equity Minimum Variance,-0.005758210314586207
2022-07-13,Equity Minimum Variance,-0.0015211174813503443
2022-07-14,Equity Minimum Variance,-0.004369479578378679
2022-07-15,Equity Minimum Variance,0.010404534662346842
2022-07-18,Equity Minimum Variance,-0.012057729442790585
2022-07-19,Equity Minimum Variance,0.013668249369162805
2022-07-20,Equity Minimum Variance,-0.006610461162935386
2022-07-21,Equity Minimum Variance,0.0038179582834529865
2022-07-22,Equity Minimum Variance,6.567508994989872e-05
2022-07-25,Equity Minimum Variance,-0.003202158803266
2022-07-26,Equity Minimum Variance,-0.004588251360721421
2022-07-27,Equity Minimum Variance,0.0045120487413652325
2022-07-28,Equity Minimum Variance,0.008227747032710899
2022-07-29,Equity Minimum Variance,0.0032934722599859702
2022-08-01,Equity Minimum Variance,-0.004672456211028479
2022-08-02,Equity Minimum Variance,-0.005380837859648607
2022-08-03,Equity Minimum Variance,0.013880511159521837
2022-08-04,Equity Minimum Variance,-0.007002745996631848
2022-08-05,Equity Minimum Variance,-0.0045230116793839375
2022-08-08,Equity Minimum Variance,0.004353063648758912
2022-08-09,Equity Minimum Variance,0.002335110287757334
2022-08-10,Equity Minimum Variance,0.011639398942950893
2022-08-11,Equity Minimum Variance,-0.0015578066943873156
2022-08-12,Equity Minimum Variance,0.014420909115507257
2022-08-15,Equity Minimum Variance,0.01212575869340193
2022-08-16,Equity Minimum Variance,0.012646740766796524
2022-08-17,Equity Minimum Variance,-0.006092170580562927
2022-08-18,Equity Minimum Variance,-0.0027380895856041775
2022-08-19,Equity Minimum Variance,-0.004492731063619747
2022-08-22,Equity Minimum Variance,-0.014197602878245461
2022-08-23,Equity Minimum Variance,-0.0050181173060406085
2022-08-24,Equity Minimum Variance,0.00030371156397085577
2022-08-25,Equity Minimum Variance,0.006128929010391042
2022-08-26,Equity Minimum Variance,-0.01775429032962811
2022-08-29,Equity Minimum Variance,-0.0037637557442013444
2022-08-30,Equity Minimum Variance,-0.008277228031229638
2022-08-31,Equity Minimum Variance,-0.0020219447991632914
2022-09-01,Equity Minimum Variance,0.011964983217060311
2022-09-02,Equity Minimum Variance,-0.009354181905164302
2022-09-06,Equity Minimum Variance,-0.002239905954932607
2022-09-07,Equity Minimum Variance,0.0163928184616434
2022-09-08,Equity Minimum Variance,0.0028207660698524933
2022-09-09,Equity Minimum Variance,0.00913588362386304
2022-09-12,Equity Minimum Variance,0.008454597048222493
2022-09-13,Equity Minimum Variance,-0.030109151652239444
2022-09-14,Equity Minimum Variance,0.006030503094836923
2022-09-15,Equity Minimum Variance,-0.010301727493460798
2022-09-16,Equity Minimum Variance,0.0010415496397055315
2022-09-19,Equity Minimum Variance,0.003718837552502369
2022-09-20,Equity Minimum Variance,-0.013581833473321115
2022-09-21,Equity Minimum Variance,-0.012844667790517423
2022-09-22,Equity Minimum Variance,0.00315412761107242
2022-09-23,Equity Minimum Variance,-0.016634937253097764
2022-09-26,Equity Minimum Variance,-0.01020297990880198
2022-09-27,Equity Minimum Variance,-0.0055750194686669955
2022-09-28,Equity Minimum Variance,0.022129736399102172
2022-09-29,Equity Minimum Variance,-0.016056209002634967
2022-09-30,Equity Minimum Variance,-0.01686107869256263
2022-10-03,Equity Minimum Variance,0.026084120262355653
2022-10-04,Equity Minimum Variance,0.021514381540551998
2022-10-05,Equity Minimum Variance,-0.0036134142567684864
2022-10-06,Equity Minimum Variance,-0.007493994615372767
2022-10-07,Equity Minimum Variance,-0.014456477573971373
2022-10-10,Equity Minimum Variance,0.001181558376050829
2022-10-11,Equity Minimum Variance,0.015150307667306049
2022-10-12,Equity Minimum Variance,-0.004277930273988857
2022-10-13,Equity Minimum Variance,0.019688746861815674
2022-10-14,Equity Minimum Variance,-0.011472172729979989
2022-10-17,Equity Minimum Variance,0.011527873265647822
2022-10-18,Equity Minimum Variance,0.0105518320618619
2022-10-19,Equity Minimum Variance,-0.007430908142477973
2022-10-20,Equity Minimum Variance,-0.002406456120536023
2022-10-21,Equity Minimum Variance,0.02057435342204484
2022-10-24,Equity Minimum Variance,0.017273959704431442
2022-10-25,Equity Minimum Variance,0.00844510307888674
2022-10-26,Equity Minimum Variance,0.012372345172506093
2022-10-27,Equity Minimum Variance,0.0011153432029459955
2022-10-28,Equity Minimum Variance,0.02262442767222432
2022-10-31,Equity Minimum Variance,-0.007521531485047904
2022-11-01,Equity Minimum Variance,-0.0012108971781360257
2022-11-02,Equity Minimum Variance,-0.011420918435621872
2022-11-03,Equity Minimum Variance,-0.004881368066497934
2022-11-04,Equity Minimum Variance,0.014381332897308145
2022-11-07,Equity Minimum Variance,0.013755394984287888
2022-11-08,Equity Minimum Variance,0.010891207365593878
2022-11-09,Equity Minimum Variance,-0.011873344797797728
2022-11-10,Equity Minimum Variance,0.022002190332680173
2022-11-11,Equity Minimum Variance,-0.004610058518891149
2022-11-14,Equity Minimum Variance,-0.0021642480085731675
2022-11-15,Equity Minimum Variance,0.006861791349893689
2022-11-16,Equity Minimum Variance,-0.0008495811092894257
2022-11-17,Equity Minimum Variance,0.004490568324500437
2022-11-18,Equity Minimum Variance,0.008530134717943033
2022-11-21,Equity Minimum Variance,0.003899767897362065
2022-11-22,Equity Minimum Variance,0.009291051627512285
2022-11-23,Equity Minimum Variance,-0.0010968245575775626
2022-11-25,Equity Minimum Variance,0.0007727081240462383
2022-11-28,Equity Minimum Variance,-0.009861034229410051
2022-11-29,Equity Minimum Variance,0.003187112192838237
2022-11-30,Equity Minimum Variance,0.017325139025846183
2022-12-01,Equity Minimum Variance,0.0010552673837342665
2022-12-02,Equity Minimum Variance,0.0028344469379797442
2022-12-05,Equity Minimum Variance,-0.00805822874012367
2022-12-06,Equity Minimum Variance,-0.010972948149886145
2022-12-07,Equity Minimum Variance,0.0032140752604863866
2022-12-08,Equity Minimum Variance,0.0042072274403147075
2022-12-09,Equity Minimum Variance,-0.01645711960204204
2022-12-12,Equity Minimum Variance,0.006346523390194214
2022-12-13,Equity Minimum Variance,0.0036451781369434538
2022-12-14,Equity Minimum Variance,0.000120088730652986
2022-12-15,Equity Minimum Variance,-0.015613222577733229
2022-12-16,Equity Minimum Variance,-0.0056726716428449455
2022-12-19,Equity Minimum Variance,-0.0012289555634234922
2022-12-20,Equity Minimum Variance,0.0013363335782421392
2022-12-21,Equity Minimum Variance,0.011443783361003072
2022-12-22,Equity Minimum Variance,-0.004597926836234142
2022-12-23,Equity Minimum Variance,0.004556353367064022
2022-12-27,Equity Minimum Variance,0.0013896637261158811
2022-12-28,Equity Minimum Variance,-0.01016314142237383
2022-12-29,Equity Minimum Variance,0.006300491182646904
2022-12-30,Equity Minimum Variance,1.5155903125091245e-05
2023-01-03,Equity Minimum Variance,0.000608942034642581
2023-01-04,Equity Minimum Variance,0.00899086132861087
2023-01-05,Equity Minimum Variance,0.0018611960551746496
2023-01-06,Equity Minimum Variance,0.014930111736166799
2023-01-09,Equity Minimum Variance,-0.016706067357749176
2023-01-10,Equity Minimum Variance,0.002041512022334891
2023-01-11,Equity Minimum Variance,0.002702818598105121
2023-01-12,Equity Minimum Variance,-0.0025203616713609413
2023-01-13,Equity Minimum Variance,0.0024955708109930972
2023-01-17,Equity Minimum Variance,-0.006878009031932734
2023-01-18,Equity Minimum Variance,-0.017265249553469263
2023-01-19,Equity Minimum Variance,-0.001394591602319709
2023-01-20,Equity Minimum Variance,0.0088207423611676
2023-01-23,Equity Minimum Variance,0.0026919159817315784
2023-01-24,Equity Minimum Variance,-0.0027051646739550033
2023-01-25,Equity Minimum Variance,-0.001484105599926268
2023-01-26,Equity Minimum Variance,-0.00035050849686097145
2023-01-27,Equity Minimum Variance,-0.005959899938529207
2023-01-30,Equity Minimum Variance,-0.00355936065903669
2023-01-31,Equity Minimum Variance,0.007637492188456677
2023-02-01,Equity Minimum Variance,-0.018929480721748555
2023-02-02,Equity Minimum Variance,-0.01167801096306991
2023-02-03,Equity Minimum Variance,-0.009356130699865696
2023-02-06,Equity Minimum Variance,-0.0015045384362835697
2023-02-07,Equity Minimum Variance,0.008309979361540338
2023-02-08,Equity Minimum Variance,-0.007204987505728061
2023-02-09,Equity Minimum Variance,-0.0014099564911305153
2023-02-10,Equity Minimum Variance,0.01189572530384372
2023-02-13,Equity Minimum Variance,0.008185885051121637
2023-02-14,Equity Minimum Variance,-0.007037852895530666
2023-02-15,Equity Minimum Variance,-0.00020009566850796422
2023-02-16,Equity Minimum Variance,-0.012851502527247892
2023-02-17,Equity Minimum Variance,0.013621447714865714
2023-02-21,Equity Minimum Variance,-0.004682864235377279
2023-02-22,Equity Minimum Variance,-0.004318873280969271
2023-02-23,Equity Minimum Variance,0.00253032208836782
2023-02-24,Equity Minimum Variance,-0.006954363240813904
2023-02-27,Equity Minimum Variance,0.0002991821320491744
2023-02-28,Equity Minimum Variance,-0.010317831794635158
2023-03-01,Equity Minimum Variance,0.0005409393425962992
2023-03-02,Equity Minimum Variance,0.005549909314559674
2023-03-03,Equity Minimum Variance,0.003772512670261914
2023-03-06,Equity Minimum Variance,0.009649589810322434
2023-03-07,Equity Minimum Variance,-0.01076604885831977
2023-03-08,Equity Minimum Variance,-0.006885394255962047
2023-03-09,Equity Minimum Variance,-0.011463251163091319
2023-03-10,Equity Minimum Variance,-0.002984027958275336
2023-03-13,Equity Minimum Variance,0.0058672452295328355
2023-03-14,Equity Minimum Variance,0.007066812289315017
2023-03-15,Equity Minimum Variance,0.0040080217555523556
2023-03-16,Equity Minimum Variance,0.0014773896666426404
2023-03-17,Equity Minimum Variance,-0.013564855684223415
2023-03-20,Equity Minimum Variance,0.013440127351598576
2023-03-21,Equity Minimum Variance,-0.0010253593291913465
2023-03-22,Equity Minimum Variance,-0.01465337197376421
2023-03-23,Equity Minimum Variance,0.005472089655760584
2023-03-24,Equity Minimum Variance,0.01619121954120923
2023-03-27,Equity Minimum Variance,0.005569450925345907
2023-03-28,Equity Minimum Variance,-0.0009942189138929074
2023-03-29,Equity Minimum Variance,0.006431526207006164
2023-03-30,Equity Minimum Variance,0.004714569132567662
2023-03-31,Equity Minimum Variance,0.006835311400385771
2023-04-03,Equity Minimum Variance,0.010536902023875003
2023-04-04,Equity Minimum Variance,0.0056342138365489
2023-04-05,Equity Minimum Variance,0.015222639974523685
2023-04-06,Equity Minimum Variance,0.0002529790567989746
2023-04-10,Equity Minimum Variance,-0.001381751636725645
2023-04-11,Equity Minimum Variance,-0.0005451434998094656
2023-04-12,Equity Minimum Variance,0.0009789701346260675
2023-04-13,Equity Minimum Variance,0.009157220404103723
2023-04-14,Equity Minimum Variance,-0.0044282152222402575
2023-04-17,Equity Minimum Variance,0.00026562955511492915
2023-04-18,Equity Minimum Variance,-0.0018410145482797126
2023-04-19,Equity Minimum Variance,-0.0005156752734426395
2023-04-20,Equity Minimum Variance,-0.005088192189318679
2023-04-21,Equity Minimum Variance,0.005571406552953061
2023-04-24,Equity Minimum Variance,0.001799107591733512
2023-04-25,Equity Minimum Variance,-0.0005964532097953285
2023-04-26,Equity Minimum Variance,-0.019540152277601128
2023-04-27,Equity Minimum Variance,0.00525090289210832
2023-04-28,Equity Minimum Variance,0.0036186072227463954
2023-05-01,Equity Minimum Variance,0.0011366522991481923
2023-05-02,Equity Minimum Variance,-0.007212256685136205
2023-05-03,Equity Minimum Variance,-0.009093572801886957
2023-05-04,Equity Minimum Variance,0.0005807146219167106
2023-05-05,Equity Minimum Variance,0.01104696201480076
2023-05-08,Equity Minimum Variance,-0.000205810360756199
2023-05-09,Equity Minimum Variance,-0.004591990518764247
2023-05-10,Equity Minimum Variance,-0.000498274473875163
2023-05-11,Equity Minimum Variance,-0.0017151908222037412
2023-05-12,Equity Minimum Variance,0.0013512575156753733
2023-05-15,Equity Minimum Variance,-0.002935112932513425
2023-05-16,Equity Minimum Variance,-0.014874097500154417
2023-05-17,Equity Minimum Variance,-0.0013796854589656822
2023-05-18,Equity Minimum Variance,0.0009226521545446799
2023-05-19,Equity Minimum Variance,0.0003120658141278584
2023-05-22,Equity Minimum Variance,-0.005638731592718375
2023-05-23,Equity Minimum Variance,-0.0033920924273201794
2023-05-24,Equity Minimum Variance,-0.006570163877471846
2023-05-25,Equity Minimum Variance,-0.01260974122152152
2023-05-26,Equity Minimum Variance,-0.0008316168028704975
2023-05-30,Equity Minimum Variance,-0.0035615105800521516
2023-05-31,Equity Minimum Variance,0.007003175599855429
2023-06-01,Equity Minimum Variance,-0.00120742169001327
2023-06-02,Equity Minimum Variance,0.011872638166328334
2023-06-05,Equity Minimum Variance,0.0016707254830559191
2023-06-06,Equity Minimum Variance,-0.00621750243919525
2023-06-07,Equity Minimum Variance,0.0008765810073837488
2023-06-08,Equity Minimum Variance,0.0061161844241989435
2023-06-09,Equity Minimum Variance,-4.008718156118564e-06
2023-06-12,Equity Minimum Variance,-0.002415804399647601
2023-06-13,Equity Minimum Variance,0.006312679452939157
2023-06-14,Equity Minimum Variance,0.0020456954328843388
2023-06-15,Equity Minimum Variance,0.009301470097803752
2023-06-16,Equity Minimum Variance,0.0006454080410006943
2023-06-20,Equity Minimum Variance,-0.007821069240131845
2023-06-21,Equity Minimum Variance,-0.0016960356513741263
2023-06-22,Equity Minimum Variance,0.007931811076283267
2023-06-23,Equity Minimum Variance,-0.005114065963783532
2023-06-26,Equity Minimum Variance,0.0009919970340576132
2023-06-27,Equity Minimum Variance,0.003169639992319391
2023-06-28,Equity Minimum Variance,-0.0037921882046751294
2023-06-29,Equity Minimum Variance,-0.0006824224539990734
2023-06-30,Equity Minimum Variance,0.006431607640514359
2023-07-03,Equity Minimum Variance,0.0034843383520000346
2023-07-05,Equity Minimum Variance,0.0018614656516662332
2023-07-06,Equity Minimum Variance,-0.008285462059280206
2023-07-07,Equity Minimum Variance,-0.014067200316643822
2023-07-10,Equity Minimum Variance,0.00142442708735339
2023-07-11,Equity Minimum Variance,0.009460754422583099
2023-07-12,Equity Minimum Variance,-0.0029688852845679587
2023-07-13,Equity Minimum Variance,0.0012774543617002697
2023-07-14,Equity Minimum Variance,0.003554265639349141
2023-07-17,Equity Minimum Variance,-0.004524039836044524
2023-07-18,Equity Minimum Variance,0.0009307232041653914
2023-07-19,Equity Minimum Variance,0.0068891869370121
2023-07-20,Equity Minimum Variance,0.015793949876557793
2023-07-21,Equity Minimum Variance,0.006170774978174955
2023-07-24,Equity Minimum Variance,0.0010555910135358667
2023-07-25,Equity Minimum Variance,-0.0027907575426710167
2023-07-26,Equity Minimum Variance,0.003036128464303326
2023-07-27,Equity Minimum Variance,-0.007251947842827613
2023-07-28,Equity Minimum Variance,0.0025870927682950886
2023-07-31,Equity Minimum Variance,-0.0037676753834907004
2023-08-01,Equity Minimum Variance,-0.005391608498903836
2023-08-02,Equity Minimum Variance,-0.008848658446932499
2023-08-03,Equity Minimum Variance,-0.006973945920255837
2023-08-04,Equity Minimum Variance,-0.005050104617228493
2023-08-07,Equity Minimum Variance,0.012241892568337227
2023-08-08,Equity Minimum Variance,-0.004069649256329925
2023-08-09,Equity Minimum Variance,0.002225370724024023
2023-08-10,Equity Minimum Variance,-0.0020909977834089417
2023-08-11,Equity Minimum Variance,0.006056343672101278
2023-08-14,Equity Minimum Variance,-0.00041675352534805235
2023-08-15,Equity Minimum Variance,-0.006359787910595439
2023-08-16,Equity Minimum Variance,-0.002887404803494913
2023-08-17,Equity Minimum Variance,-0.005799177198417197
2023-08-18,Equity Minimum Variance,0.003662919402833977
2023-08-21,Equity Minimum Variance,-0.003093978653777161
2023-08-22,Equity Minimum Variance,-0.0058285728672253356
2023-08-23,Equity Minimum Variance,0.011355104020082519
2023-08-24,Equity Minimum Variance,-0.00977205995363183
2023-08-25,Equity Minimum Variance,0.002421903716836722
2023-08-28,Equity Minimum Variance,0.0030765910100317437
2023-08-29,Equity Minimum Variance,0.005161250715575431
2023-08-30,Equity Minimum Variance,0.0019021248623438097
2023-08-31,Equity Minimum Variance,-0.005032366562347979
2023-09-01,Equity Minimum Variance,0.0006876039394039828
2023-09-05,Equity Minimum Variance,-0.009774086984511612
2023-09-06,Equity Minimum Variance,-0.0025827414099769764
2023-09-07,Equity Minimum Variance,0.006554413457864719
2023-09-08,Equity Minimum Variance,0.003703321541530815
2023-09-11,Equity Minimum Variance,0.003161678223121968
2023-09-12,Equity Minimum Variance,-0.001444744071479384
2023-09-13,Equity Minimum Variance,0.0003622766979731653
2023-09-14,Equity Minimum Variance,0.008050476279502207
2023-09-15,Equity Minimum Variance,-0.009107787524396626
2023-09-18,Equity Minimum Variance,0.0007911242964579434
2023-09-19,Equity Minimum Variance,0.0002751372457195627
2023-09-20,Equity Minimum Variance,0.0010366702024158507
2023-09-21,Equity Minimum Variance,-0.014320144557611502
2023-09-22,Equity Minimum Variance,-0.0018073224508232785
2023-09-25,Equity Minimum Variance,-0.0013496991365211197
2023-09-26,Equity Minimum Variance,-0.0068307445039961735
2023-09-27,Equity Minimum Variance,-0.006740378786789818
2023-09-28,Equity Minimum Variance,0.002181124066078061
2023-09-29,Equity Minimum Variance,-0.004663701110945747
2023-10-02,Equity Minimum Variance,-0.00714949936479683
2023-10-03,Equity Minimum Variance,-0.007932250103201666
2023-10-04,Equity Minimum Variance,0.005440924577888368
2023-10-05,Equity Minimum Variance,-0.012353979109652557
2023-10-06,Equity Minimum Variance,0.004788914083990362
2023-10-09,Equity Minimum Variance,0.004395156701386781
2023-10-10,Equity Minimum Variance,0.01030104369491907
2023-10-11,Equity Minimum Variance,0.001784040165694313
2023-10-12,Equity Minimum Variance,-0.004635831471445057
2023-10-13,Equity Minimum Variance,0.002865445555997208
2023-10-16,Equity Minimum Variance,0.0062685370391107435
2023-10-17,Equity Minimum Variance,0.005064226464471473
2023-10-18,Equity Minimum Variance,-0.006574305881821047
2023-10-19,Equity Minimum Variance,-0.004316009597296851
2023-10-20,Equity Minimum Variance,0.00021290081176598974
2023-10-23,Equity Minimum Variance,-0.004368129332171708
2023-10-24,Equity Minimum Variance,0.01511882812805502
2023-10-25,Equity Minimum Variance,-0.0011596451848571296
2023-10-26,Equity Minimum Variance,-0.002228698750816157
2023-10-27,Equity Minimum Variance,-0.01612614806156454
2023-10-30,Equity Minimum Variance,0.005171768395793323
2023-10-31,Equity Minimum Variance,0.0058944268803985825
2023-11-01,Equity Minimum Variance,0.004045390088885394
2023-11-02,Equity Minimum Variance,0.01461817615445203
2023-11-03,Equity Minimum Variance,0.001754438215114434
2023-11-06,Equity Minimum Variance,0.0005279082525951793
2023-11-07,Equity Minimum Variance,0.0016043216385226984
2023-11-08,Equity Minimum Variance,-0.0008742174929706223
2023-11-09,Equity Minimum Variance,-0.009736832816564043
2023-11-10,Equity Minimum Variance,0.004900995305664094
2023-11-13,Equity Minimum Variance,0.0031096538073324895
2023-11-14,Equity Minimum Variance,0.007381657853446519
2023-11-15,Equity Minimum Variance,0.0031486995210214665
2023-11-16,Equity Minimum Variance,-0.014301784342627532
2023-11-17,Equity Minimum Variance,0.0001768777371474746
2023-11-20,Equity Minimum Variance,0.004017928160235637
2023-11-21,Equity Minimum Variance,0.003214559104050781
2023-11-22,Equity Minimum Variance,-0.000962034781598402
2023-11-24,Equity Minimum Variance,0.0044952211523047614
2023-11-27,Equity Minimum Variance,0.0005421843848491424
2023-11-28,Equity Minimum Variance,-0.0005700202971978018
2023-11-29,Equity Minimum Variance,-0.0015225641120172227
2023-11-30,Equity Minimum Variance,0.00901834041001319
2023-12-01,Equity Minimum Variance,0.0032817530920077782
2023-12-04,Equity Minimum Variance,0.001212320861275476
2023-12-05,Equity Minimum Variance,0.0031620081432403285
2023-12-06,Equity Minimum Variance,-0.002904255994336599
2023-12-07,Equity Minimum Variance,0.0003045684152293215
2023-12-08,Equity Minimum Variance,-0.002135412584916332
2023-12-11,Equity Minimum Variance,0.0063793479309265325
2023-12-12,Equity Minimum Variance,0.0035560376927002784
2023-12-13,Equity Minimum Variance,0.015254580860780003
2023-12-14,Equity Minimum Variance,-0.003012693062988335
2023-12-15,Equity Minimum Variance,-0.004359128364983663
2023-12-18,Equity Minimum Variance,0.003991033635900163
2023-12-19,Equity Minimum Variance,0.003854714745108597
2023-12-20,Equity Minimum Variance,-0.012919445426277992
2023-12-21,Equity Minimum Variance,0.007552466565887293
2023-12-22,Equity Minimum Variance,0.006542613969682237
2023-12-26,Equity Minimum Variance,0.0030887860207073022
2023-12-27,Equity Minimum Variance,0.0035663956555077826
2023-12-28,Equity Minimum Variance,0.001900294427056823
2023-12-29,Equity Minimum Variance,-0.00014271670225535628
2021-01-04,Guarded Minimum Variance,0.003530253162858478
2021-01-05,Guarded Minimum Variance,0.0010559112452621637
2021-01-06,Guarded Minimum Variance,0.00617779680814686
2021-01-07,Guarded Minimum Variance,0.006513453414319973
2021-01-08,Guarded Minimum Variance,-0.0025380049625160113
2021-01-11,Guarded Minimum Variance,0.0005767687631035988
2021-01-12,Guarded Minimum Variance,0.001072559956530013
2021-01-13,Guarded Minimum Variance,-0.001921798466653451
2021-01-14,Guarded Minimum Variance,0.003765873880954335
2021-01-15,Guarded Minimum Variance,-0.004936787701789964
2021-01-19,Guarded Minimum Variance,0.009400941816655963
2021-01-20,Guarded Minimum Variance,0.01487862946537602
2021-01-21,Guarded Minimum Variance,-0.009401942881616086
2021-01-22,Guarded Minimum Variance,-0.0004059687029998875
2021-01-25,Guarded Minimum Variance,0.003387840962417731
2021-01-26,Guarded Minimum Variance,-0.0017779136007578461
2021-01-27,Guarded Minimum Variance,-0.021676854153047376
2021-01-28,Guarded Minimum Variance,0.0010467462684402877
2021-01-29,Guarded Minimum Variance,-0.010437632980507136
2021-02-01,Guarded Minimum Variance,0.0007724887532973026
2021-02-02,Guarded Minimum Variance,0.006387259443617784
2021-02-03,Guarded Minimum Variance,-0.002370841410830051
2021-02-04,Guarded Minimum Variance,0.002098936274353866
2021-02-05,Guarded Minimum Variance,0.014454557535328965
2021-02-08,Guarded Minimum Variance,0.003083960474927588
2021-02-09,Guarded Minimum Variance,-0.0008628021059525621
2021-02-10,Guarded Minimum Variance,-0.007051904175603285
2021-02-11,Guarded Minimum Variance,-0.004785043713734408
2021-02-12,Guarded Minimum Variance,0.004245645083240899
2021-02-16,Guarded Minimum Variance,-0.009000556957447399
2021-02-17,Guarded Minimum Variance,0.006888900928797972
2021-02-18,Guarded Minimum Variance,-0.011371735518499085
2021-02-19,Guarded Minimum Variance,-0.007247199934642258
2021-02-22,Guarded Minimum Variance,0.0016317892569720628
2021-02-23,Guarded Minimum Variance,-0.007117352623826
2021-02-24,Guarded Minimum Variance,-0.000998072968312903
2021-02-25,Guarded Minimum Variance,-0.008893485122666002
2021-02-26,Guarded Minimum Variance,-0.017642777395756135
2021-03-01,Guarded Minimum Variance,0.00898491907591592
2021-03-02,Guarded Minimum Variance,0.004797272213161658
2021-03-03,Guarded Minimum Variance,-0.013207529195635857
2021-03-04,Guarded Minimum Variance,-0.002977737840554599
2021-03-05,Guarded Minimum Variance,0.015208952989159941
2021-03-08,Guarded Minimum Variance,-0.005319313764461314
2021-03-09,Guarded Minimum Variance,0.0072812366550353775
2021-03-10,Guarded Minimum Variance,0.009519008275146899
2021-03-11,Guarded Minimum Variance,-0.00023340494982184473
2021-03-12,Guarded Minimum Variance,0.00516582921523092
2021-03-15,Guarded Minimum Variance,0.013440091472711517
2021-03-16,Guarded Minimum Variance,0.00512402888510153
2021-03-17,Guarded Minimum Variance,-0.010270559199319438
2021-03-18,Guarded Minimum Variance,-0.007865827210747802
2021-03-19,Guarded Minimum Variance,-0.0021890253393309156
2021-03-22,Guarded Minimum Variance,0.009847596366781359
2021-03-23,Guarded Minimum Variance,0.00038857381175334176
2021-03-24,Guarded Minimum Variance,-0.006603656592888521
2021-03-25,Guarded Minimum Variance,0.0026595301963070563
2021-03-26,Guarded Minimum Variance,0.01723784916149211
2021-03-29,Guarded Minimum Variance,0.01091140623511903
2021-03-30,Guarded Minimum Variance,-0.008975192255725038
2021-03-31,Guarded Minimum Variance,0.0015629597681076448
2021-04-01,Guarded Minimum Variance,0.0070984403776278085
2021-04-05,Guarded Minimum Variance,0.012372915337437212
2021-04-06,Guarded Minimum Variance,-0.0008444551574597064
2021-04-07,Guarded Minimum Variance,-0.002154264506574676
2021-04-08,Guarded Minimum Variance,0.0012258993818069115
2021-04-09,Guarded Minimum Variance,0.00297636100254177
2021-04-12,Guarded Minimum Variance,0.0020910217633479666
2021-04-13,Guarded Minimum Variance,0.0037806395516257942
2021-04-14,Guarded Minimum Variance,-0.0030764362124857856
2021-04-15,Guarded Minimum Variance,0.00911723362910331
2021-04-16,Guarded Minimum Variance,0.0016098065013650563
2021-04-19,Guarded Minimum Variance,-0.002100307543888323
2021-04-20,Guarded Minimum Variance,0.005987196444387853
2021-04-21,Guarded Minimum Variance,0.0039049887147913614
2021-04-22,Guarded Minimum Variance,-0.000917268112808893
2021-04-23,Guarded Minimum Variance,0.0025255896283911134
2021-04-26,Guarded Minimum Variance,-0.004511816189082457
2021-04-27,Guarded Minimum Variance,-0.004020235534105439
2021-04-28,Guarded Minimum Variance,-0.0005642143220029836
2021-04-29,Guarded Minimum Variance,0.008002312692472589
2021-04-30,Guarded Minimum Variance,-4.495937868423698e-05
2021-05-03,Guarded Minimum Variance,0.008370780313944202
2021-05-04,Guarded Minimum Variance,-0.00578620423916799
2021-05-05,Guarded Minimum Variance,0.004731235415611645
2021-05-06,Guarded Minimum Variance,0.00733455835403349
2021-05-07,Guarded Minimum Variance,0.0008385429761322226
2021-05-10,Guarded Minimum Variance,0.0040549360249489755
2021-05-11,Guarded Minimum Variance,-0.00745638718832799
2021-05-12,Guarded Minimum Variance,-0.016087030282256554
2021-05-13,Guarded Minimum Variance,0.012484538734740563
2021-05-14,Guarded Minimum Variance,0.0032963053702192127
2021-05-17,Guarded Minimum Variance,-0.0024473833413098615
2021-05-18,Guarded Minimum Variance,-0.0036578282043707114
2021-05-19,Guarded Minimum Variance,-0.0037786153022163946
2021-05-20,Guarded Minimum Variance,0.01202408664562634
2021-05-21,Guarded Minimum Variance,-0.0033899847330698908
2021-05-24,Guarded Minimum Variance,0.0013210589076055087
2021-05-25,Guarded Minimum Variance,-0.005200671964489727
2021-05-26,Guarded Minimum Variance,0.001723331711537697
2021-05-27,Guarded Minimum Variance,-0.0049774639348017305
2021-05-28,Guarded Minimum Variance,0.00015893002117909857
2021-06-01,Guarded Minimum Variance,-0.004168836866441951
2021-06-02,Guarded Minimum Variance,0.0012954384434016486
2021-06-03,Guarded Minimum Variance,0.004094871634972126
2021-06-04,Guarded Minimum Variance,0.0058098220643422824
2021-06-07,Guarded Minimum Variance,-0.004098756889254964
2021-06-08,Guarded Minimum Variance,-0.005000775066724679
2021-06-09,Guarded Minimum Variance,0.004731215546952817
2021-06-10,Guarded Minimum Variance,0.00788496246116112
2021-06-11,Guarded Minimum Variance,0.001730978012792036
2021-06-14,Guarded Minimum Variance,0.00038061609985995165
2021-06-15,Guarded Minimum Variance,-0.0043204925355126034
2021-06-16,Guarded Minimum Variance,-0.011442921024785646
2021-06-17,Guarded Minimum Variance,-0.00023814270261715857
2021-06-18,Guarded Minimum Variance,-0.011044874116217435
2021-06-21,Guarded Minimum Variance,0.009786562537524805
2021-06-22,Guarded Minimum Variance,-0.0010916983126911754
2021-06-23,Guarded Minimum Variance,-0.00699812425891083
2021-06-24,Guarded Minimum Variance,0.0057911705044056665
2021-06-25,Guarded Minimum Variance,0.01116961014015241
2021-06-28,Guarded Minimum Variance,0.0022561740888326276
2021-06-29,Guarded Minimum Variance,-0.0030084772303071283
2021-06-30,Guarded Minimum Variance,0.007522716364860189
2021-07-01,Guarded Minimum Variance,0.003335142608822441
2021-07-02,Guarded Minimum Variance,0.0051884917785188335
2021-07-06,Guarded Minimum Variance,-0.0019782186122562985
2021-07-07,Guarded Minimum Variance,0.0022172836698449686
2021-07-08,Guarded Minimum Variance,-0.005124610599430607
2021-07-09,Guarded Minimum Variance,0.007047906020570737
2021-07-12,Guarded Minimum Variance,0.002073255296281102
2021-07-13,Guarded Minimum Variance,-0.002862890674473076
2021-07-14,Guarded Minimum Variance,0.0041692521624608955
2021-07-15,Guarded Minimum Variance,0.001174720785761582
2021-07-16,Guarded Minimum Variance,-0.0016322963466203022
2021-07-19,Guarded Minimum Variance,-0.013781099602127754
2021-07-20,Guarded Minimum Variance,0.005246394499436831
2021-07-21,Guarded Minimum Variance,-0.0013921078296745884
2021-07-22,Guarded Minimum Variance,-6.397100815341947e-05
2021-07-23,Guarded Minimum Variance,0.010089668770952522
2021-07-26,Guarded Minimum Variance,0.000954294736954427
2021-07-27,Guarded Minimum Variance,0.001119949757980177
2021-07-28,Guarded Minimum Variance,-0.0009112956782708164
2021-07-29,Guarded Minimum Variance,-0.0003454187163859636
2021-07-30,Guarded Minimum Variance,-0.002534222540247986
2021-08-02,Guarded Minimum Variance,-0.0012808554369061332
2021-08-03,Guarded Minimum Variance,9.746234094676256e-05
2021-08-04,Guarded Minimum Variance,-0.007878522265308406
2021-08-05,Guarded Minimum Variance,0.004576006080520264
2021-08-06,Guarded Minimum Variance,-0.0011156420188427585
2021-08-09,Guarded Minimum Variance,0.001252795254792243
2021-08-10,Guarded Minimum Variance,0.0046837610178424955
2021-08-11,Guarded Minimum Variance,0.00476223165450845
2021-08-12,Guarded Minimum Variance,0.0028745660602103595
2021-08-13,Guarded Minimum Variance,0.004230407634559565
2021-08-16,Guarded Minimum Variance,0.006514776672746719
2021-08-17,Guarded Minimum Variance,0.0024787979984770532
2021-08-18,Guarded Minimum Variance,-0.010757700194755974
2021-08-19,Guarded Minimum Variance,0.0015067723601592386
2021-08-20,Guarded Minimum Variance,0.00389627421683112
2021-08-23,Guarded Minimum Variance,-0.0011995091645925107
2021-08-24,Guarded Minimum Variance,-0.005519646074074608
2021-08-25,Guarded Minimum Variance,-0.003401100652265817
2021-08-26,Guarded Minimum Variance,-0.006606048217144771
2021-08-27,Guarded Minimum Variance,0.002210409902017204
2021-08-30,Guarded Minimum Variance,0.0036431364422232146
2021-08-31,Guarded Minimum Variance,0.004015892658006127
2021-09-01,Guarded Minimum Variance,0.0010840627540717636
2021-09-02,Guarded Minimum Variance,0.006627852427414343
2021-09-03,Guarded Minimum Variance,-0.0011895991951639138
2021-09-07,Guarded Minimum Variance,-0.015206675747625508
2021-09-08,Guarded Minimum Variance,0.005109291311604629
2021-09-09,Guarded Minimum Variance,-0.011237308164947463
2021-09-10,Guarded Minimum Variance,-0.007533538184048517
2021-09-13,Guarded Minimum Variance,-0.0006524739970559512
2021-09-14,Guarded Minimum Variance,-0.004758135796953569
2021-09-15,Guarded Minimum Variance,0.003687923445083653
2021-09-16,Guarded Minimum Variance,-0.004710682083388281
2021-09-17,Guarded Minimum Variance,-0.008295513964148309
2021-09-20,Guarded Minimum Variance,-0.00962894284357432
2021-09-21,Guarded Minimum Variance,-0.004314233275713232
2021-09-22,Guarded Minimum Variance,0.0011771094205177488
2021-09-23,Guarded Minimum Variance,0.003153288081620585
2021-09-24,Guarded Minimum Variance,-0.003354730246869116
2021-09-27,Guarded Minimum Variance,-0.0034476191017426038
2021-09-28,Guarded Minimum Variance,-0.005479140942688728
2021-09-29,Guarded Minimum Variance,0.008977733699714021
2021-09-30,Guarded Minimum Variance,-0.009114428305617225
2021-10-01,Guarded Minimum Variance,0.013706933115406356
2021-10-04,Guarded Minimum Variance,0.002127413702814317
2021-10-05,Guarded Minimum Variance,0.0011927399599134048
2021-10-06,Guarded Minimum Variance,0.0029865393979464647
2021-10-07,Guarded Minimum Variance,0.008622379393892404
2021-10-08,Guarded Minimum Variance,-0.005057283488750647
2021-10-11,Guarded Minimum Variance,-0.008627386521701886
2021-10-12,Guarded Minimum Variance,-0.0006797500866306365
2021-10-13,Guarded Minimum Variance,0.0006428231669242264
2021-10-14,Guarded Minimum Variance,0.008921296610147577
2021-10-15,Guarded Minimum Variance,-0.0007738451800361457
2021-10-18,Guarded Minimum Variance,-0.0016682260774367793
2021-10-19,Guarded Minimum Variance,0.013637720541272266
2021-10-20,Guarded Minimum Variance,0.010362470769091013
2021-10-21,Guarded Minimum Variance,0.005563653331868468
2021-10-22,Guarded Minimum Variance,0.002867997849626576
2021-10-25,Guarded Minimum Variance,0.0043241854309631275
2021-10-26,Guarded Minimum Variance,8.984554903056566e-05
2021-10-27,Guarded Minimum Variance,-0.010635525136384388
2021-10-28,Guarded Minimum Variance,0.01811684509173419
2021-10-29,Guarded Minimum Variance,-0.0013239727868187693
2021-11-01,Guarded Minimum Variance,0.005457451111671478
2021-11-02,Guarded Minimum Variance,0.004767991962592706
2021-11-03,Guarded Minimum Variance,0.0002171956340108281
2021-11-04,Guarded Minimum Variance,0.0003929601308342162
2021-11-05,Guarded Minimum Variance,-0.011556515763124579
2021-11-08,Guarded Minimum Variance,0.0017303231776568035
2021-11-09,Guarded Minimum Variance,0.0005483498200225986
2021-11-10,Guarded Minimum Variance,0.0007678645420924235
2021-11-11,Guarded Minimum Variance,0.002242858395279954
2021-11-12,Guarded Minimum Variance,0.002387714759561729
2021-11-15,Guarded Minimum Variance,-0.0023193370968430807
2021-11-16,Guarded Minimum Variance,-0.004982355708523557
2021-11-17,Guarded Minimum Variance,-0.0027111519096658723
2021-11-18,Guarded Minimum Variance,-0.0020728197594994634
2021-11-19,Guarded Minimum Variance,-0.0078015748070529075
2021-11-22,Guarded Minimum Variance,0.0038035047802449343
2021-11-23,Guarded Minimum Variance,0.006580994407448248
2021-11-24,Guarded Minimum Variance,-0.0008248955764975297
2021-11-26,Guarded Minimum Variance,-0.014702141043411223
2021-11-29,Guarded Minimum Variance,-0.00034631380026739614
2021-11-30,Guarded Minimum Variance,-0.021886243739817148
2021-12-01,Guarded Minimum Variance,-0.011692251360896456
2021-12-02,Guarded Minimum Variance,0.0139755598372015
2021-12-03,Guarded Minimum Variance,0.009074973648015301
2021-12-06,Guarded Minimum Variance,0.010592789464904225
2021-12-07,Guarded Minimum Variance,0.003005369634770037
2021-12-08,Guarded Minimum Variance,0.0006862143649849143
2021-12-09,Guarded Minimum Variance,-0.003063865558508031
2021-12-10,Guarded Minimum Variance,0.0077154633985562745
2021-12-13,Guarded Minimum Variance,0.005239820134754251
2021-12-14,Guarded Minimum Variance,-0.00037862492598825714
2021-12-15,Guarded Minimum Variance,0.012839732793783712
2021-12-16,Guarded Minimum Variance,0.010616324375501042
2021-12-17,Guarded Minimum Variance,-0.012366303115447841
2021-12-20,Guarded Minimum Variance,0.0018541839016359344
2021-12-21,Guarded Minimum Variance,0.0038460999567514536
2021-12-22,Guarded Minimum Variance,0.006374539602541894
2021-12-23,Guarded Minimum Variance,0.0017610173911690099
2021-12-27,Guarded Minimum Variance,0.010613446093293732
2021-12-28,Guarded Minimum Variance,0.00446734528310337
2021-12-29,Guarded Minimum Variance,0.0010138180256543785
2021-12-30,Guarded Minimum Variance,0.0006529852950186567
2021-12-31,Guarded Minimum Variance,-0.0011000870724658693
2022-01-03,Guarded Minimum Variance,0.002585605750427004
2022-01-04,Guarded Minimum Variance,-0.0003091233768821016
2022-01-05,Guarded Minimum Variance,-0.0021085880984789383
2022-01-06,Guarded Minimum Variance,-0.00398504187361923
2022-01-07,Guarded Minimum Variance,0.004620329192159235
2022-01-10,Guarded Minimum Variance,-0.0009618580578172743
2022-01-11,Guarded Minimum Variance,0.003576910129117915
2022-01-12,Guarded Minimum Variance,0.0010224879120400373
2022-01-13,Guarded Minimum Variance,-0.001942275827851732
2022-01-14,Guarded Minimum Variance,-0.002184846734222302
2022-01-18,Guarded Minimum Variance,-0.009422135924254213
2022-01-19,Guarded Minimum Variance,-0.0004923684845460732
2022-01-20,Guarded Minimum Variance,-0.011059119395950954
2022-01-21,Guarded Minimum Variance,-0.004410521102091358
2022-01-24,Guarded Minimum Variance,-0.005036875630086068
2022-01-25,Guarded Minimum Variance,-0.005174133485310013
2022-01-26,Guarded Minimum Variance,-0.016072993376757265
2022-01-27,Guarded Minimum Variance,0.00021569871409593652
2022-01-28,Guarded Minimum Variance,0.01643212995973069
2022-01-31,Guarded Minimum Variance,0.011038155527535832
2022-02-01,Guarded Minimum Variance,-0.0019525156120106398
2022-02-02,Guarded Minimum Variance,0.01193365315420523
2022-02-03,Guarded Minimum Variance,-0.005632272648191335
2022-02-04,Guarded Minimum Variance,-0.003934608807865694
2022-02-07,Guarded Minimum Variance,-0.000290469180816385
2022-02-08,Guarded Minimum Variance,-0.0011469549932944891
2022-02-09,Guarded Minimum Variance,0.00607077837559113
2022-02-10,Guarded Minimum Variance,-0.01687994348844051
2022-02-11,Guarded Minimum Variance,-0.0032960823498636898
2022-02-14,Guarded Minimum Variance,-0.00751965484449355
2022-02-15,Guarded Minimum Variance,0.002391242373417044
2022-02-16,Guarded Minimum Variance,-0.0016611042312355427
2022-02-17,Guarded Minimum Variance,-0.0060810645790544265
2022-02-18,Guarded Minimum Variance,-0.005098346786207448
2022-02-22,Guarded Minimum Variance,-0.004177479246664647
2022-02-23,Guarded Minimum Variance,-0.002910315696994103
2022-02-24,Guarded Minimum Variance,-0.000713477788810583
2022-02-25,Guarded Minimum Variance,0.026287379907183578
2022-02-28,Guarded Minimum Variance,-0.004682461980668528
2022-03-01,Guarded Minimum Variance,-0.0018795368016291663
2022-03-02,Guarded Minimum Variance,0.012012645810846281
2022-03-03,Guarded Minimum Variance,0.008171254674012272
2022-03-04,Guarded Minimum Variance,0.007561443370923838
2022-03-07,Guarded Minimum Variance,-0.009244930854564142
2022-03-08,Guarded Minimum Variance,-0.013919993291896894
2022-03-09,Guarded Minimum Variance,0.005032500524423831
2022-03-10,Guarded Minimum Variance,0.0014986007167006416
2022-03-11,Guarded Minimum Variance,-0.005546528457325121
2022-03-14,Guarded Minimum Variance,-0.004860225159388609
2022-03-15,Guarded Minimum Variance,0.00828786345273602
2022-03-16,Guarded Minimum Variance,0.005791244107401089
2022-03-17,Guarded Minimum Variance,0.011480123342389653
2022-03-18,Guarded Minimum Variance,0.0027731070463515176
2022-03-21,Guarded Minimum Variance,0.0025889811554857213
2022-03-22,Guarded Minimum Variance,0.0045534889472876455
2022-03-23,Guarded Minimum Variance,-0.009254404117665104
2022-03-24,Guarded Minimum Variance,0.006435593333854413
2022-03-25,Guarded Minimum Variance,0.008290727917882785
2022-03-28,Guarded Minimum Variance,0.005869332581448217
2022-03-29,Guarded Minimum Variance,0.012848579496792181
2022-03-30,Guarded Minimum Variance,0.0005971674052903429
2022-03-31,Guarded Minimum Variance,-0.008872847839942471
2022-04-01,Guarded Minimum Variance,0.00877496221560868
2022-04-04,Guarded Minimum Variance,0.0029261160902474275
2022-04-05,Guarded Minimum Variance,-0.004554301466384232
2022-04-06,Guarded Minimum Variance,0.011248023026780013
2022-04-07,Guarded Minimum Variance,0.0034608920192733695
2022-04-08,Guarded Minimum Variance,0.006690846464769962
2022-04-11,Guarded Minimum Variance,-0.014030283250231396
2022-04-12,Guarded Minimum Variance,0.002277871408120473
2022-04-13,Guarded Minimum Variance,0.005903013863797492
2022-04-14,Guarded Minimum Variance,0.001212650498128022
2022-04-18,Guarded Minimum Variance,-0.004731953182609234
2022-04-19,Guarded Minimum Variance,0.008548702207814122
2022-04-20,Guarded Minimum Variance,0.002436759016626368
2022-04-21,Guarded Minimum Variance,-0.01034334743079483
2022-04-22,Guarded Minimum Variance,-0.015547754938334888
2022-04-25,Guarded Minimum Variance,-0.0013024285335523952
2022-04-26,Guarded Minimum Variance,-0.015210552400510259
2022-04-27,Guarded Minimum Variance,-0.0028735226322963727
2022-04-28,Guarded Minimum Variance,0.014695042483022723
2022-04-29,Guarded Minimum Variance,-0.031697018524694434
2022-05-02,Guarded Minimum Variance,0.0005484409892990748
2022-05-03,Guarded Minimum Variance,0.0030988133023026215
2022-05-04,Guarded Minimum Variance,0.02434984354187146
2022-05-05,Guarded Minimum Variance,-0.015212854948753896
2022-05-06,Guarded Minimum Variance,-0.006649445103544253
2022-05-09,Guarded Minimum Variance,-0.014031944913311282
2022-05-10,Guarded Minimum Variance,-0.008166940074838537
2022-05-11,Guarded Minimum Variance,0.007129492472223205
2022-05-12,Guarded Minimum Variance,0.006657613019083333
2022-05-13,Guarded Minimum Variance,0.01007044927771733
2022-05-16,Guarded Minimum Variance,0.0059058632053073075
2022-05-17,Guarded Minimum Variance,-0.003811374943844009
2022-05-18,Guarded Minimum Variance,-0.024668236875115747
2022-05-19,Guarded Minimum Variance,-0.005485280221047216
2022-05-20,Guarded Minimum Variance,0.0025062598645861477
2022-05-23,Guarded Minimum Variance,0.017122810546033547
2022-05-24,Guarded Minimum Variance,0.00976276489375506
2022-05-25,Guarded Minimum Variance,0.005633988273937251
2022-05-26,Guarded Minimum Variance,0.0061007055788512175
2022-05-27,Guarded Minimum Variance,0.011077626377585326
2022-05-31,Guarded Minimum Variance,-0.009099400377196552
2022-06-01,Guarded Minimum Variance,-0.00586645196151028
2022-06-02,Guarded Minimum Variance,0.002708889194937422
2022-06-03,Guarded Minimum Variance,-0.005145010286490273
2022-06-06,Guarded Minimum Variance,-0.0041243713252011715
2022-06-07,Guarded Minimum Variance,0.00706715278546169
2022-06-08,Guarded Minimum Variance,-0.009968408052912724
2022-06-09,Guarded Minimum Variance,-0.02221667671861806
2022-06-10,Guarded Minimum Variance,-0.009340227028103228
2022-06-13,Guarded Minimum Variance,-0.033807598430985415
2022-06-14,Guarded Minimum Variance,-0.013766832230222514
2022-06-15,Guarded Minimum Variance,0.003113407574921904
2022-06-16,Guarded Minimum Variance,-0.008966162859026348
2022-06-17,Guarded Minimum Variance,-0.003786047538408755
2022-06-21,Guarded Minimum Variance,0.02290022608476582
2022-06-22,Guarded Minimum Variance,0.002879156964740433
2022-06-23,Guarded Minimum Variance,0.01344043213061955
2022-06-24,Guarded Minimum Variance,0.013592661193311097
2022-06-27,Guarded Minimum Variance,-0.0027693978475568743
2022-06-28,Guarded Minimum Variance,-0.008875447970187517
2022-06-29,Guarded Minimum Variance,0.0005226712975388574
2022-06-30,Guarded Minimum Variance,-0.007437955596536635
2022-07-01,Guarded Minimum Variance,0.015190377590422351
2022-07-05,Guarded Minimum Variance,-0.003759484914946176
2022-07-06,Guarded Minimum Variance,0.0015798814923886598
2022-07-07,Guarded Minimum Variance,0.002323220661096113
2022-07-08,Guarded Minimum Variance,-0.0024156177325060845
2022-07-11,Guarded Minimum Variance,-0.0002621634539583162
2022-07-12,Guarded Minimum Variance,-0.0055684943571076085
2022-07-13,Guarded Minimum Variance,-0.0016600688974482295
2022-07-14,Guarded Minimum Variance,-0.004061007920714001
2022-07-15,Guarded Minimum Variance,0.0106228844397442
2022-07-18,Guarded Minimum Variance,-0.01180623380867659
2022-07-19,Guarded Minimum Variance,0.013752979745827471
2022-07-20,Guarded Minimum Variance,-0.00576402330880218
2022-07-21,Guarded Minimum Variance,0.0037704616782211573
2022-07-22,Guarded Minimum Variance,0.000132496115083056
2022-07-25,Guarded Minimum Variance,-0.002854431662983509
2022-07-26,Guarded Minimum Variance,-0.005099786077675269
2022-07-27,Guarded Minimum Variance,0.004372981992916073
2022-07-28,Guarded Minimum Variance,0.008444839001147206
2022-07-29,Guarded Minimum Variance,0.003440274643085774
2022-08-01,Guarded Minimum Variance,-0.004763433101562865
2022-08-02,Guarded Minimum Variance,-0.005424359299754759
2022-08-03,Guarded Minimum Variance,0.013596910040881871
2022-08-04,Guarded Minimum Variance,-0.006719260492480629
2022-08-05,Guarded Minimum Variance,-0.004508477512490946
2022-08-08,Guarded Minimum Variance,0.0043112734072066556
2022-08-09,Guarded Minimum Variance,0.0023562180749015418
2022-08-10,Guarded Minimum Variance,0.011647191987022232
2022-08-11,Guarded Minimum Variance,-0.0015594736219965556
2022-08-12,Guarded Minimum Variance,0.014445537596751391
2022-08-15,Guarded Minimum Variance,0.011807064295367969
2022-08-16,Guarded Minimum Variance,0.012638088490324158
2022-08-17,Guarded Minimum Variance,-0.0062406366858493295
2022-08-18,Guarded Minimum Variance,-0.0027450907321300284
2022-08-19,Guarded Minimum Variance,-0.004650906703364647
2022-08-22,Guarded Minimum Variance,-0.014133658236626065
2022-08-23,Guarded Minimum Variance,-0.004764734044785734
2022-08-24,Guarded Minimum Variance,0.00034159949446903505
2022-08-25,Guarded Minimum Variance,0.00624587494963205
2022-08-26,Guarded Minimum Variance,-0.018077094000426064
2022-08-29,Guarded Minimum Variance,-0.003817075858885895
2022-08-30,Guarded Minimum Variance,-0.008322635243908345
2022-08-31,Guarded Minimum Variance,-0.0021727639596846467
2022-09-01,Guarded Minimum Variance,0.011976930214690644
2022-09-02,Guarded Minimum Variance,-0.009378986946132574
2022-09-06,Guarded Minimum Variance,-0.002250607864351812
2022-09-07,Guarded Minimum Variance,0.016420933974217886
2022-09-08,Guarded Minimum Variance,0.0028169228394250077
2022-09-09,Guarded Minimum Variance,0.00913622632231522
2022-09-12,Guarded Minimum Variance,0.008442992149849698
2022-09-13,Guarded Minimum Variance,-0.03014113249774531
2022-09-14,Guarded Minimum Variance,0.006066785377066116
2022-09-15,Guarded Minimum Variance,-0.010331418115092432
2022-09-16,Guarded Minimum Variance,0.0010327479326399764
2022-09-19,Guarded Minimum Variance,0.0037361668826512316
2022-09-20,Guarded Minimum Variance,-0.013599858825862145
2022-09-21,Guarded Minimum Variance,-0.01287693382106456
2022-09-22,Guarded Minimum Variance,0.003153568042251882
2022-09-23,Guarded Minimum Variance,-0.01663203373070315
2022-09-26,Guarded Minimum Variance,-0.010206973457952542
2022-09-27,Guarded Minimum Variance,-0.005591225941483709
2022-09-28,Guarded Minimum Variance,0.02213220082125244
2022-09-29,Guarded Minimum Variance,-0.01610842337397183
2022-09-30,Guarded Minimum Variance,-0.016831837832063892
2022-10-03,Guarded Minimum Variance,0.02607127203650023
2022-10-04,Guarded Minimum Variance,0.02146670229313579
2022-10-05,Guarded Minimum Variance,-0.003714810197221829
2022-10-06,Guarded Minimum Variance,-0.00768323056480441
2022-10-07,Guarded Minimum Variance,-0.01472097314253603
2022-10-10,Guarded Minimum Variance,0.0013367792454037877
2022-10-11,Guarded Minimum Variance,0.014977724350958982
2022-10-12,Guarded Minimum Variance,-0.004409756160098469
2022-10-13,Guarded Minimum Variance,0.01975558663370862
2022-10-14,Guarded Minimum Variance,-0.0114291487553434
2022-10-17,Guarded Minimum Variance,0.011574876374967416
2022-10-18,Guarded Minimum Variance,0.010518307383837142
2022-10-19,Guarded Minimum Variance,-0.00762508151461207
2022-10-20,Guarded Minimum Variance,-0.0024604374469004934
2022-10-21,Guarded Minimum Variance,0.02076077121139577
2022-10-24,Guarded Minimum Variance,0.01721382360119489
2022-10-25,Guarded Minimum Variance,0.008407021812525952
2022-10-26,Guarded Minimum Variance,0.01248191502510605
2022-10-27,Guarded Minimum Variance,0.0010600659637012043
2022-10-28,Guarded Minimum Variance,0.022373198919258878
2022-10-31,Guarded Minimum Variance,-0.007400153122551438
2022-11-01,Guarded Minimum Variance,-0.001194988341917167
2022-11-02,Guarded Minimum Variance,-0.011058795851430641
2022-11-03,Guarded Minimum Variance,-0.0046580802681259964
2022-11-04,Guarded Minimum Variance,0.014359530974933771
2022-11-07,Guarded Minimum Variance,0.013806006703058163
2022-11-08,Guarded Minimum Variance,0.010178657151913307
2022-11-09,Guarded Minimum Variance,-0.012820904401450048
2022-11-10,Guarded Minimum Variance,0.022481148883419892
2022-11-11,Guarded Minimum Variance,-0.004904429332542336
2022-11-14,Guarded Minimum Variance,-0.00196678894589748
2022-11-15,Guarded Minimum Variance,0.007049365615503737
2022-11-16,Guarded Minimum Variance,-0.0008559667596409943
2022-11-17,Guarded Minimum Variance,0.004629179059172025
2022-11-18,Guarded Minimum Variance,0.008467525403171484
2022-11-21,Guarded Minimum Variance,0.003687326570912151
2022-11-22,Guarded Minimum Variance,0.009314620655703838
2022-11-23,Guarded Minimum Variance,-0.0009996376221690054
2022-11-25,Guarded Minimum Variance,0.0007449162910438707
2022-11-28,Guarded Minimum Variance,-0.009732130501158938
2022-11-29,Guarded Minimum Variance,0.0029950786541003576
2022-11-30,Guarded Minimum Variance,0.017078080756003103
2022-12-01,Guarded Minimum Variance,0.0011208428295695029
2022-12-02,Guarded Minimum Variance,0.002879707853145024
2022-12-05,Guarded Minimum Variance,-0.008050806027692158
2022-12-06,Guarded Minimum Variance,-0.011079307346318505
2022-12-07,Guarded Minimum Variance,0.003284898268919597
2022-12-08,Guarded Minimum Variance,0.004119026257530764
2022-12-09,Guarded Minimum Variance,-0.01662187791210446
2022-12-12,Guarded Minimum Variance,0.006326875808093819
2022-12-13,Guarded Minimum Variance,0.0035713834612913775
2022-12-14,Guarded Minimum Variance,9.071394808430342e-05
2022-12-15,Guarded Minimum Variance,-0.015733074370583848
2022-12-16,Guarded Minimum Variance,-0.005550934150992727
2022-12-19,Guarded Minimum Variance,-0.001259112758001933
2022-12-20,Guarded Minimum Variance,0.0014587312518867575
2022-12-21,Guarded Minimum Variance,0.011337882929806205
2022-12-22,Guarded Minimum Variance,-0.004530584575331561
2022-12-23,Guarded Minimum Variance,0.004453895232517588
2022-12-27,Guarded Minimum Variance,0.0013936533120204972
2022-12-28,Guarded Minimum Variance,-0.010209223156640294
2022-12-29,Guarded Minimum Variance,0.00626660757672147
2022-12-30,Guarded Minimum Variance,1.97564544049013e-05
2023-01-03,Guarded Minimum Variance,0.0006828716887868215
2023-01-04,Guarded Minimum Variance,0.008845902788493103
2023-01-05,Guarded Minimum Variance,0.0017808951599212752
2023-01-06,Guarded Minimum Variance,0.014934385392514741
2023-01-09,Guarded Minimum Variance,-0.016694366915512383
2023-01-10,Guarded Minimum Variance,0.002034460860029958
2023-01-11,Guarded Minimum Variance,0.002776666860655382
2023-01-12,Guarded Minimum Variance,-0.0024714612336002523
2023-01-13,Guarded Minimum Variance,0.0025968910059239346
2023-01-17,Guarded Minimum Variance,-0.006900932006132785
2023-01-18,Guarded Minimum Variance,-0.017350418041232135
2023-01-19,Guarded Minimum Variance,-0.0013218828184763149
2023-01-20,Guarded Minimum Variance,0.008760848651172848
2023-01-23,Guarded Minimum Variance,0.0026221698351263875
2023-01-24,Guarded Minimum Variance,-0.002843009443160337
2023-01-25,Guarded Minimum Variance,-0.0014818547935314915
2023-01-26,Guarded Minimum Variance,-0.00038739956083860437
2023-01-27,Guarded Minimum Variance,-0.0059376859279099675
2023-01-30,Guarded Minimum Variance,-0.0035711313412477297
2023-01-31,Guarded Minimum Variance,0.0076555321204575776
2023-02-01,Guarded Minimum Variance,-0.018675933706078344
2023-02-02,Guarded Minimum Variance,-0.011510770012158559
2023-02-03,Guarded Minimum Variance,-0.009351545908385994
2023-02-06,Guarded Minimum Variance,-0.0015887505656907838
2023-02-07,Guarded Minimum Variance,0.008360473861742445
2023-02-08,Guarded Minimum Variance,-0.007126170652522746
2023-02-09,Guarded Minimum Variance,-0.0016019099563219395
2023-02-10,Guarded Minimum Variance,0.01190334153161593
2023-02-13,Guarded Minimum Variance,0.008319270586281275
2023-02-14,Guarded Minimum Variance,-0.006900441379042289
2023-02-15,Guarded Minimum Variance,8.53320286793443e-05
2023-02-16,Guarded Minimum Variance,-0.013034954819640197
2023-02-17,Guarded Minimum Variance,0.013871806468904624
2023-02-21,Guarded Minimum Variance,-0.004779185332701925
2023-02-22,Guarded Minimum Variance,-0.004356345622664175
2023-02-23,Guarded Minimum Variance,0.002444989873732928
2023-02-24,Guarded Minimum Variance,-0.006961912724793231
2023-02-27,Guarded Minimum Variance,0.00028364899820922194
2023-02-28,Guarded Minimum Variance,-0.010216283544816811
2023-03-01,Guarded Minimum Variance,0.0005137176771993601
2023-03-02,Guarded Minimum Variance,0.005542739385848575
2023-03-03,Guarded Minimum Variance,0.003791690572754124
2023-03-06,Guarded Minimum Variance,0.009627317504013336
2023-03-07,Guarded Minimum Variance,-0.01080877277553408
2023-03-08,Guarded Minimum Variance,-0.006865466141905347
2023-03-09,Guarded Minimum Variance,-0.011449291058596833
2023-03-10,Guarded Minimum Variance,-0.002989574556343631
2023-03-13,Guarded Minimum Variance,0.00591583587103384
2023-03-14,Guarded Minimum Variance,0.007052272547368501
2023-03-15,Guarded Minimum Variance,0.004052388624860317
2023-03-16,Guarded Minimum Variance,0.0014599147269371247
2023-03-17,Guarded Minimum Variance,-0.013525844126566823
2023-03-20,Guarded Minimum Variance,0.013430664605205575
2023-03-21,Guarded Minimum Variance,-0.001082185694670037
2023-03-22,Guarded Minimum Variance,-0.014640581412509802
2023-03-23,Guarded Minimum Variance,0.0054374284376549715
2023-03-24,Guarded Minimum Variance,0.01621081605390688
2023-03-27,Guarded Minimum Variance,0.005572315842474365
2023-03-28,Guarded Minimum Variance,-0.0009727020994911913
2023-03-29,Guarded Minimum Variance,0.006440691759574861
2023-03-30,Guarded Minimum Variance,0.004709945199476659
2023-03-31,Guarded Minimum Variance,0.006824922697393594
2023-04-03,Guarded Minimum Variance,0.010808111343446225
2023-04-04,Guarded Minimum Variance,0.005715731658943354
2023-04-05,Guarded Minimum Variance,0.015356785712136556
2023-04-06,Guarded Minimum Variance,0.00017306117760261075
2023-04-10,Guarded Minimum Variance,-0.0013658195268792918
2023-04-11,Guarded Minimum Variance,-0.0005527809301816519
2023-04-12,Guarded Minimum Variance,0.0010785923122085665
2023-04-13,Guarded Minimum Variance,0.009229100963949325
2023-04-14,Guarded Minimum Variance,-0.0043724395377518765
2023-04-17,Guarded Minimum Variance,0.00021520471828417875
2023-04-18,Guarded Minimum Variance,-0.0018124467529708546
2023-04-19,Guarded Minimum Variance,-0.0006298394177871651
2023-04-20,Guarded Minimum Variance,-0.005032575315702994
2023-04-21,Guarded Minimum Variance,0.005586618525766724
2023-04-24,Guarded Minimum Variance,0.0018492709622894487
2023-04-25,Guarded Minimum Variance,-0.00013553599824970078
2023-04-26,Guarded Minimum Variance,-0.019636965138942225
2023-04-27,Guarded Minimum Variance,0.005277861024301432
2023-04-28,Guarded Minimum Variance,0.0036334488251681947
2023-05-01,Guarded Minimum Variance,0.0012067491826256152
2023-05-02,Guarded Minimum Variance,-0.00702012053291513
2023-05-03,Guarded Minimum Variance,-0.009091574355077733
2023-05-04,Guarded Minimum Variance,0.000667124332397039
2023-05-05,Guarded Minimum Variance,0.010971011334316189
2023-05-08,Guarded Minimum Variance,-0.00023198440819030439
2023-05-09,Guarded Minimum Variance,-0.004609581222492412
2023-05-10,Guarded Minimum Variance,-0.0004405424393117774
2023-05-11,Guarded Minimum Variance,-0.0017047846696754815
2023-05-12,Guarded Minimum Variance,0.0013620953964820735
2023-05-15,Guarded Minimum Variance,-0.0029563120606628237
2023-05-16,Guarded Minimum Variance,-0.014845823242232372
2023-05-17,Guarded Minimum Variance,-0.0014845634932280937
2023-05-18,Guarded Minimum Variance,0.0006896712813631001
2023-05-19,Guarded Minimum Variance,0.000327726170542849
2023-05-22,Guarded Minimum Variance,-0.005603962165344602
2023-05-23,Guarded Minimum Variance,-0.0034813153517888502
2023-05-24,Guarded Minimum Variance,-0.006636539708793672
2023-05-25,Guarded Minimum Variance,-0.012630320192036736
2023-05-26,Guarded Minimum Variance,-0.0008430595505625351
2023-05-30,Guarded Minimum Variance,-0.003538637660196153
2023-05-31,Guarded Minimum Variance,0.007108462573615424
2023-06-01,Guarded Minimum Variance,-0.0011821270414962284
2023-06-02,Guarded Minimum Variance,0.011888749631536737
2023-06-05,Guarded Minimum Variance,0.001660002119864419
2023-06-06,Guarded Minimum Variance,-0.0062212281654349475
2023-06-07,Guarded Minimum Variance,0.000844187509376251
2023-06-08,Guarded Minimum Variance,0.006116654663766782
2023-06-09,Guarded Minimum Variance,-7.565628065190255e-06
2023-06-12,Guarded Minimum Variance,-0.0024186072824830054
2023-06-13,Guarded Minimum Variance,0.006300176486292785
2023-06-14,Guarded Minimum Variance,0.0020595260440850276
2023-06-15,Guarded Minimum Variance,0.009318952582537846
2023-06-16,Guarded Minimum Variance,0.0006471484185763573
2023-06-20,Guarded Minimum Variance,-0.007805441938182656
2023-06-21,Guarded Minimum Variance,-0.001671108127508872
2023-06-22,Guarded Minimum Variance,0.007962602714045346
2023-06-23,Guarded Minimum Variance,-0.0051174343042229885
2023-06-26,Guarded Minimum Variance,0.000977552577144296
2023-06-27,Guarded Minimum Variance,0.0031674370380589097
2023-06-28,Guarded Minimum Variance,-0.0038096979206917268
2023-06-29,Guarded Minimum Variance,-0.0006973226468567446
2023-06-30,Guarded Minimum Variance,0.0064296733174898
2023-07-03,Guarded Minimum Variance,0.003820575519971229
2023-07-05,Guarded Minimum Variance,0.0018780733903474383
2023-07-06,Guarded Minimum Variance,-0.007969860404546624
2023-07-07,Guarded Minimum Variance,-0.013050586175411036
2023-07-10,Guarded Minimum Variance,0.0011813963385961302
2023-07-11,Guarded Minimum Variance,0.008820970698464315
2023-07-12,Guarded Minimum Variance,-0.0027185743006016036
2023-07-13,Guarded Minimum Variance,0.0025407422746548435
2023-07-14,Guarded Minimum Variance,0.0026605085212374627
2023-07-17,Guarded Minimum Variance,-0.0049421522577721005
2023-07-18,Guarded Minimum Variance,0.0008554630449619016
2023-07-19,Guarded Minimum Variance,0.0072805305103677415
2023-07-20,Guarded Minimum Variance,0.015640141809995407
2023-07-21,Guarded Minimum Variance,0.0061504648278113225
2023-07-24,Guarded Minimum Variance,0.000356851465660021
2023-07-25,Guarded Minimum Variance,-0.002626275164259073
2023-07-26,Guarded Minimum Variance,0.0030659235332603555
2023-07-27,Guarded Minimum Variance,-0.006984635982361894
2023-07-28,Guarded Minimum Variance,0.0034587270879422845
2023-07-31,Guarded Minimum Variance,-0.004443884514793324
2023-08-01,Guarded Minimum Variance,-0.005220679158917503
2023-08-02,Guarded Minimum Variance,-0.009399597345771312
2023-08-03,Guarded Minimum Variance,-0.006825065130663158
2023-08-04,Guarded Minimum Variance,-0.005402114321510949
2023-08-07,Guarded Minimum Variance,0.011808059488687066
2023-08-08,Guarded Minimum Variance,-0.003892229888165543
2023-08-09,Guarded Minimum Variance,0.0021447919163180267
2023-08-10,Guarded Minimum Variance,-0.001884267659244376
2023-08-11,Guarded Minimum Variance,0.0059557117693660585
2023-08-14,Guarded Minimum Variance,-0.00035986242208515076
2023-08-15,Guarded Minimum Variance,-0.006605972493945362
2023-08-16,Guarded Minimum Variance,-0.0032877375485695476
2023-08-17,Guarded Minimum Variance,-0.006306590812616724
2023-08-18,Guarded Minimum Variance,0.003625470739433174
2023-08-21,Guarded Minimum Variance,-0.0032719546031639984
2023-08-22,Guarded Minimum Variance,-0.0055445086438479585
2023-08-23,Guarded Minimum Variance,0.011756725765321795
2023-08-24,Guarded Minimum Variance,-0.009796453492040086
2023-08-25,Guarded Minimum Variance,0.002430388176052946
2023-08-28,Guarded Minimum Variance,0.0026888829110033293
2023-08-29,Guarded Minimum Variance,0.005500541787263361
2023-08-30,Guarded Minimum Variance,0.001245677013860053
2023-08-31,Guarded Minimum Variance,-0.004553488550785774
2023-09-01,Guarded Minimum Variance,0.00043422669050714605
2023-09-05,Guarded Minimum Variance,-0.009443082138350238
2023-09-06,Guarded Minimum Variance,-0.002070137613751504
2023-09-07,Guarded Minimum Variance,0.0064046340984405155
2023-09-08,Guarded Minimum Variance,0.003610335056134716
2023-09-11,Guarded Minimum Variance,0.0028921003096896306
2023-09-12,Guarded Minimum Variance,-0.00039925228401456
2023-09-13,Guarded Minimum Variance,0.0004883323857384218
2023-09-14,Guarded Minimum Variance,0.008909005515463813
2023-09-15,Guarded Minimum Variance,-0.008839022432337026
2023-09-18,Guarded Minimum Variance,0.0008516658166450083
2023-09-19,Guarded Minimum Variance,0.0004018765411773817
2023-09-20,Guarded Minimum Variance,0.0011081890106340146
2023-09-21,Guarded Minimum Variance,-0.014185119610621542
2023-09-22,Guarded Minimum Variance,-0.0016429275289989848
2023-09-25,Guarded Minimum Variance,-0.0009374802415567081
2023-09-26,Guarded Minimum Variance,-0.006511041384782274
2023-09-27,Guarded Minimum Variance,-0.006346552760970386
2023-09-28,Guarded Minimum Variance,0.0022894026989790104
2023-09-29,Guarded Minimum Variance,-0.003976725682015613
2023-10-02,Guarded Minimum Variance,-0.007474556137110249
2023-10-03,Guarded Minimum Variance,-0.006649940987126797
2023-10-04,Guarded Minimum Variance,0.004781791730534617
2023-10-05,Guarded Minimum Variance,-0.012318970892420088
2023-10-06,Guarded Minimum Variance,0.003899304443073888
2023-10-09,Guarded Minimum Variance,0.0033276180526117458
2023-10-10,Guarded Minimum Variance,0.010130069672731761
2023-10-11,Guarded Minimum Variance,0.0013581649236822117
2023-10-12,Guarded Minimum Variance,-0.004904543841685109
2023-10-13,Guarded Minimum Variance,0.002880836739696664
2023-10-16,Guarded Minimum Variance,0.006733227075076627
2023-10-17,Guarded Minimum Variance,0.004919650537271858
2023-10-18,Guarded Minimum Variance,-0.006246950306310884
2023-10-19,Guarded Minimum Variance,-0.0037829018565168006
2023-10-20,Guarded Minimum Variance,0.0005056162704648696
2023-10-23,Guarded Minimum Variance,-0.003571679311496166
2023-10-24,Guarded Minimum Variance,0.0148740415867679
2023-10-25,Guarded Minimum Variance,-0.0007236003719585948
2023-10-26,Guarded Minimum Variance,-0.0021171541581323935
2023-10-27,Guarded Minimum Variance,-0.016142382296911117
2023-10-30,Guarded Minimum Variance,0.005859503079209035
2023-10-31,Guarded Minimum Variance,0.006188792965745081
2023-11-01,Guarded Minimum Variance,0.004184051101092783
2023-11-02,Guarded Minimum Variance,0.0145608800618811
2023-11-03,Guarded Minimum Variance,0.0015450259015657077
2023-11-06,Guarded Minimum Variance,0.0006122559890590737
2023-11-07,Guarded Minimum Variance,0.0015117427175798744
2023-11-08,Guarded Minimum Variance,-0.0008183026238816473
2023-11-09,Guarded Minimum Variance,-0.009735036540027147
2023-11-10,Guarded Minimum Variance,0.005115401825797035
2023-11-13,Guarded Minimum Variance,0.0031523595853765254
2023-11-14,Guarded Minimum Variance,0.007107691440904242
2023-11-15,Guarded Minimum Variance,0.003307036399986953
2023-11-16,Guarded Minimum Variance,-0.014413269486071655
2023-11-17,Guarded Minimum Variance,0.00012527986738141258
2023-11-20,Guarded Minimum Variance,0.003923491808541154
2023-11-21,Guarded Minimum Variance,0.0030211685505021693
2023-11-22,Guarded Minimum Variance,-0.0007519466261341365
2023-11-24,Guarded Minimum Variance,0.004578400024631698
2023-11-27,Guarded Minimum Variance,0.00027631548719936534
2023-11-28,Guarded Minimum Variance,-0.0003947641667982431
2023-11-29,Guarded Minimum Variance,-0.0016522179657952603
2023-11-30,Guarded Minimum Variance,0.008917952063761404
2023-12-01,Guarded Minimum Variance,0.00349725614217525
2023-12-04,Guarded Minimum Variance,0.0022559053842828576
2023-12-05,Guarded Minimum Variance,0.003691229038974516
2023-12-06,Guarded Minimum Variance,-0.0023292039797508666
2023-12-07,Guarded Minimum Variance,-0.00018651170488946157
2023-12-08,Guarded Minimum Variance,-0.001250997549473928
2023-12-11,Guarded Minimum Variance,0.004984195415893907
2023-12-12,Guarded Minimum Variance,0.0037074718231995697
2023-12-13,Guarded Minimum Variance,0.015274384330538505
2023-12-14,Guarded Minimum Variance,-0.0026710998737043347
2023-12-15,Guarded Minimum Variance,-0.005345641134854657
2023-12-18,Guarded Minimum Variance,0.004070294869657108
2023-12-19,Guarded Minimum Variance,0.0033319809461735965
2023-12-20,Guarded Minimum Variance,-0.011762907438553093
2023-12-21,Guarded Minimum Variance,0.00751319385606951
2023-12-22,Guarded Minimum Variance,0.0063935454582621735
2023-12-26,Guarded Minimum Variance,0.002145136936226298
2023-12-27,Guarded Minimum Variance,0.004000158370792536
2023-12-28,Guarded Minimum Variance,0.0015857419056125388
2023-12-29,Guarded Minimum Variance,-0.00019754092700569005
2021-01-04,Guarded Minimum Variance + Finance Lexicon Sentiment Tilt,0.0035332212252358487
2021-01-05,Guarded Minimum Variance + Finance Lexicon Sentiment Tilt,0.0010522888505793302
2021-01-06,Guarded Minimum Variance + Finance Lexicon Sentiment Tilt,0.006189341733123269
2021-01-07,Guarded Minimum Variance + Finance Lexicon Sentiment Tilt,0.006511768591500825
2021-01-08,Guarded Minimum Variance + Finance Lexicon Sentiment Tilt,-0.002518984967547314
2021-01-11,Guarded Minimum Variance + Finance Lexicon Sentiment Tilt,0.0006049803038025788
2021-01-12,Guarded Minimum Variance + Finance Lexicon Sentiment Tilt,0.0010764232263462282
2021-01-13,Guarded Minimum Variance + Finance Lexicon Sentiment Tilt,-0.0019127805130961478
2021-01-14,Guarded Minimum Variance + Finance Lexicon Sentiment Tilt,0.0037586921302574937
2021-01-15,Guarded Minimum Variance + Finance Lexicon Sentiment Tilt,-0.004928053404899451
2021-01-19,Guarded Minimum Variance + Finance Lexicon Sentiment Tilt,0.00942080773781041
2021-01-20,Guarded Minimum Variance + Finance Lexicon Sentiment Tilt,0.014849485082922973
2021-01-21,Guarded Minimum Variance + Finance Lexicon Sentiment Tilt,-0.00940270314755778
2021-01-22,Guarded Minimum Variance + Finance Lexicon Sentiment Tilt,-0.0003962923838520375
2021-01-25,Guarded Minimum Variance + Finance Lexicon Sentiment Tilt,0.0033893003280988836
2021-01-26,Guarded Minimum Variance + Finance Lexicon Sentiment Tilt,-0.0017930768247755198
2021-01-27,Guarded Minimum Variance + Finance Lexicon Sentiment Tilt,-0.021706991982166225
2021-01-28,Guarded Minimum Variance + Finance Lexicon Sentiment Tilt,0.0010471487736736587
2021-01-29,Guarded Minimum Variance + Finance Lexicon Sentiment Tilt,-0.010447493238164553
2021-02-01,Guarded Minimum Variance + Finance Lexicon Sentiment Tilt,0.0007557130149192864
2021-02-02,Guarded Minimum Variance + Finance Lexicon Sentiment Tilt,0.0063859588914442515
2021-02-03,Guarded Minimum Variance + Finance Lexicon Sentiment Tilt,-0.0023338165082793776
2021-02-04,Guarded Minimum Variance + Finance Lexicon Sentiment Tilt,0.00212498346375609
2021-02-05,Guarded Minimum Variance + Finance Lexicon Sentiment Tilt,0.014447523332397351
2021-02-08,Guarded Minimum Variance + Finance Lexicon Sentiment Tilt,0.00305707833538384
2021-02-09,Guarded Minimum Variance + Finance Lexicon Sentiment Tilt,-0.0008705357526430233
2021-02-10,Guarded Minimum Variance + Finance Lexicon Sentiment Tilt,-0.007051276511347291
2021-02-11,Guarded Minimum Variance + Finance Lexicon Sentiment Tilt,-0.004783936550230368
2021-02-12,Guarded Minimum Variance + Finance Lexicon Sentiment Tilt,0.004243391523458195
2021-02-16,Guarded Minimum Variance + Finance Lexicon Sentiment Tilt,-0.008994708037581215
2021-02-17,Guarded Minimum Variance + Finance Lexicon Sentiment Tilt,0.006905847397521769
2021-02-18,Guarded Minimum Variance + Finance Lexicon Sentiment Tilt,-0.011390678119877437
2021-02-19,Guarded Minimum Variance + Finance Lexicon Sentiment Tilt,-0.007247644193320447
2021-02-22,Guarded Minimum Variance + Finance Lexicon Sentiment Tilt,0.0016434423117135358
2021-02-23,Guarded Minimum Variance + Finance Lexicon Sentiment Tilt,-0.007118658229230359
2021-02-24,Guarded Minimum Variance + Finance Lexicon Sentiment Tilt,-0.0009855606114183213
2021-02-25,Guarded Minimum Variance + Finance Lexicon Sentiment Tilt,-0.008889017575263768
2021-02-26,Guarded Minimum Variance + Finance Lexicon Sentiment Tilt,-0.017634027832329736
2021-03-01,Guarded Minimum Variance + Finance Lexicon Sentiment Tilt,0.008982621891308423
2021-03-02,Guarded Minimum Variance + Finance Lexicon Sentiment Tilt,0.004783078310611713
2021-03-03,Guarded Minimum Variance + Finance Lexicon Sentiment Tilt,-0.013200929922196823
2021-03-04,Guarded Minimum Variance + Finance Lexicon Sentiment Tilt,-0.0029804087652276715
2021-03-05,Guarded Minimum Variance + Finance Lexicon Sentiment Tilt,0.01520362552796329
2021-03-08,Guarded Minimum Variance + Finance Lexicon Sentiment Tilt,-0.005311758611056826
2021-03-09,Guarded Minimum Variance + Finance Lexicon Sentiment Tilt,0.007273301802037897
2021-03-10,Guarded Minimum Variance + Finance Lexicon Sentiment Tilt,0.009497832778139237
2021-03-11,Guarded Minimum Variance + Finance Lexicon Sentiment Tilt,-0.00024564087211701883
2021-03-12,Guarded Minimum Variance + Finance Lexicon Sentiment Tilt,0.005153295042755664
2021-03-15,Guarded Minimum Variance + Finance Lexicon Sentiment Tilt,0.013443595649684358
2021-03-16,Guarded Minimum Variance + Finance Lexicon Sentiment Tilt,0.005138150969370887
2021-03-17,Guarded Minimum Variance + Finance Lexicon Sentiment Tilt,-0.010311057240353434
2021-03-18,Guarded Minimum Variance + Finance Lexicon Sentiment Tilt,-0.007868037739135258
2021-03-19,Guarded Minimum Variance + Finance Lexicon Sentiment Tilt,-0.0021927401061183393
2021-03-22,Guarded Minimum Variance + Finance Lexicon Sentiment Tilt,0.0098773210767724
2021-03-23,Guarded Minimum Variance + Finance Lexicon Sentiment Tilt,0.0003798468670677406
2021-03-24,Guarded Minimum Variance + Finance Lexicon Sentiment Tilt,-0.0066196142413154895
2021-03-25,Guarded Minimum Variance + Finance Lexicon Sentiment Tilt,0.002657279976818081
2021-03-26,Guarded Minimum Variance + Finance Lexicon Sentiment Tilt,0.017240502065245845
2021-03-29,Guarded Minimum Variance + Finance Lexicon Sentiment Tilt,0.010913792845502228
2021-03-30,Guarded Minimum Variance + Finance Lexicon Sentiment Tilt,-0.008958497086421146
2021-03-31,Guarded Minimum Variance + Finance Lexicon Sentiment Tilt,0.0015639601453178954
2021-04-01,Guarded Minimum Variance + Finance Lexicon Sentiment Tilt,0.007107081231151352
2021-04-05,Guarded Minimum Variance + Finance Lexicon Sentiment Tilt,0.012376068180539317
2021-04-06,Guarded Minimum Variance + Finance Lexicon Sentiment Tilt,-0.0008280644208993892
2021-04-07,Guarded Minimum Variance + Finance Lexicon Sentiment Tilt,-0.0021378038737540133
2021-04-08,Guarded Minimum Variance + Finance Lexicon Sentiment Tilt,0.001206882445474797
2021-04-09,Guarded Minimum Variance + Finance Lexicon Sentiment Tilt,0.0029798848479671344
2021-04-12,Guarded Minimum Variance + Finance Lexicon Sentiment Tilt,0.0020836743316820895
2021-04-13,Guarded Minimum Variance + Finance Lexicon Sentiment Tilt,0.003764220317042505
2021-04-14,Guarded Minimum Variance + Finance Lexicon Sentiment Tilt,-0.003071308342863071
2021-04-15,Guarded Minimum Variance + Finance Lexicon Sentiment Tilt,0.009096032575287504
2021-04-16,Guarded Minimum Variance + Finance Lexicon Sentiment Tilt,0.0016103851586654427
2021-04-19,Guarded Minimum Variance + Finance Lexicon Sentiment Tilt,-0.0020900897173782174
2021-04-20,Guarded Minimum Variance + Finance Lexicon Sentiment Tilt,0.005988852338664711
2021-04-21,Guarded Minimum Variance + Finance Lexicon Sentiment Tilt,0.003912422831997103
2021-04-22,Guarded Minimum Variance + Finance Lexicon Sentiment Tilt,-0.0009009352704087729
2021-04-23,Guarded Minimum Variance + Finance Lexicon Sentiment Tilt,0.0025253534919335518
2021-04-26,Guarded Minimum Variance + Finance Lexicon Sentiment Tilt,-0.004540006967764256
2021-04-27,Guarded Minimum Variance + Finance Lexicon Sentiment Tilt,-0.004024787958915891
2021-04-28,Guarded Minimum Variance + Finance Lexicon Sentiment Tilt,-0.0005649100487372873
2021-04-29,Guarded Minimum Variance + Finance Lexicon Sentiment Tilt,0.008014043582557414
2021-04-30,Guarded Minimum Variance + Finance Lexicon Sentiment Tilt,-5.718882776526704e-05
2021-05-03,Guarded Minimum Variance + Finance Lexicon Sentiment Tilt,0.008369770334711127
2021-05-04,Guarded Minimum Variance + Finance Lexicon Sentiment Tilt,-0.0057710781346343425
2021-05-05,Guarded Minimum Variance + Finance Lexicon Sentiment Tilt,0.004689521908413567
2021-05-06,Guarded Minimum Variance + Finance Lexicon Sentiment Tilt,0.007331330043313208
2021-05-07,Guarded Minimum Variance + Finance Lexicon Sentiment Tilt,0.0008401713418451809
2021-05-10,Guarded Minimum Variance + Finance Lexicon Sentiment Tilt,0.004079506287243313
2021-05-11,Guarded Minimum Variance + Finance Lexicon Sentiment Tilt,-0.007471743441714546
2021-05-12,Guarded Minimum Variance + Finance Lexicon Sentiment Tilt,-0.01605914797635398
2021-05-13,Guarded Minimum Variance + Finance Lexicon Sentiment Tilt,0.012490340673423061
2021-05-14,Guarded Minimum Variance + Finance Lexicon Sentiment Tilt,0.0032867795412522315
2021-05-17,Guarded Minimum Variance + Finance Lexicon Sentiment Tilt,-0.002436506017111509
2021-05-18,Guarded Minimum Variance + Finance Lexicon Sentiment Tilt,-0.003659775780395931
2021-05-19,Guarded Minimum Variance + Finance Lexicon Sentiment Tilt,-0.003734687743453759
2021-05-20,Guarded Minimum Variance + Finance Lexicon Sentiment Tilt,0.011996641774229178
2021-05-21,Guarded Minimum Variance + Finance Lexicon Sentiment Tilt,-0.003360523874447375
2021-05-24,Guarded Minimum Variance + Finance Lexicon Sentiment Tilt,0.0012783905430016848
2021-05-25,Guarded Minimum Variance + Finance Lexicon Sentiment Tilt,-0.005211677559612027
2021-05-26,Guarded Minimum Variance + Finance Lexicon Sentiment Tilt,0.0017097351945756806
2021-05-27,Guarded Minimum Variance + Finance Lexicon Sentiment Tilt,-0.0049760185578008225
2021-05-28,Guarded Minimum Variance + Finance Lexicon Sentiment Tilt,0.0001809104760168845
2021-06-01,Guarded Minimum Variance + Finance Lexicon Sentiment Tilt,-0.00418339524437857
2021-06-02,Guarded Minimum Variance + Finance Lexicon Sentiment Tilt,0.0013135032930093288
2021-06-03,Guarded Minimum Variance + Finance Lexicon Sentiment Tilt,0.004111016598919156
2021-06-04,Guarded Minimum Variance + Finance Lexicon Sentiment Tilt,0.005797567597876447
2021-06-07,Guarded Minimum Variance + Finance Lexicon Sentiment Tilt,-0.004096059189899918
2021-06-08,Guarded Minimum Variance + Finance Lexicon Sentiment Tilt,-0.005035192775504916
2021-06-09,Guarded Minimum Variance + Finance Lexicon Sentiment Tilt,0.004760860422104461
2021-06-10,Guarded Minimum Variance + Finance Lexicon Sentiment Tilt,0.007895510128236824
2021-06-11,Guarded Minimum Variance + Finance Lexicon Sentiment Tilt,0.0017242554316643822
2021-06-14,Guarded Minimum Variance + Finance Lexicon Sentiment Tilt,0.00039294018965281644
2021-06-15,Guarded Minimum Variance + Finance Lexicon Sentiment Tilt,-0.004300492983491084
2021-06-16,Guarded Minimum Variance + Finance Lexicon Sentiment Tilt,-0.011436165325857069
2021-06-17,Guarded Minimum Variance + Finance Lexicon Sentiment Tilt,-0.00023458861659887958
2021-06-18,Guarded Minimum Variance + Finance Lexicon Sentiment Tilt,-0.01107898336242712
2021-06-21,Guarded Minimum Variance + Finance Lexicon Sentiment Tilt,0.009802169935292874
2021-06-22,Guarded Minimum Variance + Finance Lexicon Sentiment Tilt,-0.0010947826355969014
2021-06-23,Guarded Minimum Variance + Finance Lexicon Sentiment Tilt,-0.007012444877060744
2021-06-24,Guarded Minimum Variance + Finance Lexicon Sentiment Tilt,0.005776590227714961
2021-06-25,Guarded Minimum Variance + Finance Lexicon Sentiment Tilt,0.011178112559439176
2021-06-28,Guarded Minimum Variance + Finance Lexicon Sentiment Tilt,0.0022490645826224783
2021-06-29,Guarded Minimum Variance + Finance Lexicon Sentiment Tilt,-0.0030365746846003337
2021-06-30,Guarded Minimum Variance + Finance Lexicon Sentiment Tilt,0.00752374073150513
2021-07-01,Guarded Minimum Variance + Finance Lexicon Sentiment Tilt,0.00334832585882836
2021-07-02,Guarded Minimum Variance + Finance Lexicon Sentiment Tilt,0.0051804030470478
2021-07-06,Guarded Minimum Variance + Finance Lexicon Sentiment Tilt,-0.001981845386017521
2021-07-07,Guarded Minimum Variance + Finance Lexicon Sentiment Tilt,0.002219987702819895
2021-07-08,Guarded Minimum Variance + Finance Lexicon Sentiment Tilt,-0.0051193710146003775
2021-07-09,Guarded Minimum Variance + Finance Lexicon Sentiment Tilt,0.007037188598981004
2021-07-12,Guarded Minimum Variance + Finance Lexicon Sentiment Tilt,0.0020711934476181186
2021-07-13,Guarded Minimum Variance + Finance Lexicon Sentiment Tilt,-0.002860767405502028
2021-07-14,Guarded Minimum Variance + Finance Lexicon Sentiment Tilt,0.004170497394913727
2021-07-15,Guarded Minimum Variance + Finance Lexicon Sentiment Tilt,0.0011866007355651766
2021-07-16,Guarded Minimum Variance + Finance Lexicon Sentiment Tilt,-0.0016211898055778135
2021-07-19,Guarded Minimum Variance + Finance Lexicon Sentiment Tilt,-0.013782631188793568
2021-07-20,Guarded Minimum Variance + Finance Lexicon Sentiment Tilt,0.005242356705541953
2021-07-21,Guarded Minimum Variance + Finance Lexicon Sentiment Tilt,-0.0014034759900473982
2021-07-22,Guarded Minimum Variance + Finance Lexicon Sentiment Tilt,-6.207100654022661e-05
2021-07-23,Guarded Minimum Variance + Finance Lexicon Sentiment Tilt,0.010090068515144424
2021-07-26,Guarded Minimum Variance + Finance Lexicon Sentiment Tilt,0.0009628978726951146
2021-07-27,Guarded Minimum Variance + Finance Lexicon Sentiment Tilt,0.00113033403085929
2021-07-28,Guarded Minimum Variance + Finance Lexicon Sentiment Tilt,-0.000912132006710468
2021-07-29,Guarded Minimum Variance + Finance Lexicon Sentiment Tilt,-0.00034758581491641964
2021-07-30,Guarded Minimum Variance + Finance Lexicon Sentiment Tilt,-0.0025459431252736597
2021-08-02,Guarded Minimum Variance + Finance Lexicon Sentiment Tilt,-0.0012804977251775155
2021-08-03,Guarded Minimum Variance + Finance Lexicon Sentiment Tilt,9.536577589187162e-05
2021-08-04,Guarded Minimum Variance + Finance Lexicon Sentiment Tilt,-0.007882918498341352
2021-08-05,Guarded Minimum Variance + Finance Lexicon Sentiment Tilt,0.004572122322474557
2021-08-06,Guarded Minimum Variance + Finance Lexicon Sentiment Tilt,-0.001115962589537651
2021-08-09,Guarded Minimum Variance + Finance Lexicon Sentiment Tilt,0.0012468964699005945
2021-08-10,Guarded Minimum Variance + Finance Lexicon Sentiment Tilt,0.004683297161792736
2021-08-11,Guarded Minimum Variance + Finance Lexicon Sentiment Tilt,0.004750362130897957
2021-08-12,Guarded Minimum Variance + Finance Lexicon Sentiment Tilt,0.00287138230597928
2021-08-13,Guarded Minimum Variance + Finance Lexicon Sentiment Tilt,0.004228294976375358
2021-08-16,Guarded Minimum Variance + Finance Lexicon Sentiment Tilt,0.006519204505871505
2021-08-17,Guarded Minimum Variance + Finance Lexicon Sentiment Tilt,0.002486774855353741
2021-08-18,Guarded Minimum Variance + Finance Lexicon Sentiment Tilt,-0.010760304334341986
2021-08-19,Guarded Minimum Variance + Finance Lexicon Sentiment Tilt,0.0015013961943821461
2021-08-20,Guarded Minimum Variance + Finance Lexicon Sentiment Tilt,0.003894043511551876
2021-08-23,Guarded Minimum Variance + Finance Lexicon Sentiment Tilt,-0.0012014927196104424
2021-08-24,Guarded Minimum Variance + Finance Lexicon Sentiment Tilt,-0.005512900651413688
2021-08-25,Guarded Minimum Variance + Finance Lexicon Sentiment Tilt,-0.003402485305066839
2021-08-26,Guarded Minimum Variance + Finance Lexicon Sentiment Tilt,-0.006603769485197254
2021-08-27,Guarded Minimum Variance + Finance Lexicon Sentiment Tilt,0.0022038243247667296
2021-08-30,Guarded Minimum Variance + Finance Lexicon Sentiment Tilt,0.0036425110359054953
2021-08-31,Guarded Minimum Variance + Finance Lexicon Sentiment Tilt,0.00401202005235679
2021-09-01,Guarded Minimum Variance + Finance Lexicon Sentiment Tilt,0.0010811205926882818
2021-09-02,Guarded Minimum Variance + Finance Lexicon Sentiment Tilt,0.006624585442064358
2021-09-03,Guarded Minimum Variance + Finance Lexicon Sentiment Tilt,-0.001189240181290322
2021-09-07,Guarded Minimum Variance + Finance Lexicon Sentiment Tilt,-0.015177766711106547
2021-09-08,Guarded Minimum Variance + Finance Lexicon Sentiment Tilt,0.005097672536336839
2021-09-09,Guarded Minimum Variance + Finance Lexicon Sentiment Tilt,-0.011252294815810046
2021-09-10,Guarded Minimum Variance + Finance Lexicon Sentiment Tilt,-0.007530927869952758
2021-09-13,Guarded Minimum Variance + Finance Lexicon Sentiment Tilt,-0.000645111019628081
2021-09-14,Guarded Minimum Variance + Finance Lexicon Sentiment Tilt,-0.004766559557860222
2021-09-15,Guarded Minimum Variance + Finance Lexicon Sentiment Tilt,0.0036894202406972244
2021-09-16,Guarded Minimum Variance + Finance Lexicon Sentiment Tilt,-0.004705226215159854
2021-09-17,Guarded Minimum Variance + Finance Lexicon Sentiment Tilt,-0.008284382247087385
2021-09-20,Guarded Minimum Variance + Finance Lexicon Sentiment Tilt,-0.00960668334710918
2021-09-21,Guarded Minimum Variance + Finance Lexicon Sentiment Tilt,-0.004305143842969109
2021-09-22,Guarded Minimum Variance + Finance Lexicon Sentiment Tilt,0.0011544829091901033
2021-09-23,Guarded Minimum Variance + Finance Lexicon Sentiment Tilt,0.0031453763057712253
2021-09-24,Guarded Minimum Variance + Finance Lexicon Sentiment Tilt,-0.0033453615169823643
2021-09-27,Guarded Minimum Variance + Finance Lexicon Sentiment Tilt,-0.0034610547407101736
2021-09-28,Guarded Minimum Variance + Finance Lexicon Sentiment Tilt,-0.00546318804756596
2021-09-29,Guarded Minimum Variance + Finance Lexicon Sentiment Tilt,0.008985678091520295
2021-09-30,Guarded Minimum Variance + Finance Lexicon Sentiment Tilt,-0.00911275486189296
2021-10-01,Guarded Minimum Variance + Finance Lexicon Sentiment Tilt,0.013704024308617755
2021-10-04,Guarded Minimum Variance + Finance Lexicon Sentiment Tilt,0.0021363594832587967
2021-10-05,Guarded Minimum Variance + Finance Lexicon Sentiment Tilt,0.0011828459603205666
2021-10-06,Guarded Minimum Variance + Finance Lexicon Sentiment Tilt,0.002994974240143532
2021-10-07,Guarded Minimum Variance + Finance Lexicon Sentiment Tilt,0.00861882369262813
2021-10-08,Guarded Minimum Variance + Finance Lexicon Sentiment Tilt,-0.005059011915855338
2021-10-11,Guarded Minimum Variance + Finance Lexicon Sentiment Tilt,-0.008623944849246203
2021-10-12,Guarded Minimum Variance + Finance Lexicon Sentiment Tilt,-0.000677434644203063
2021-10-13,Guarded Minimum Variance + Finance Lexicon Sentiment Tilt,0.0006436169417347144
2021-10-14,Guarded Minimum Variance + Finance Lexicon Sentiment Tilt,0.008917904472821862
2021-10-15,Guarded Minimum Variance + Finance Lexicon Sentiment Tilt,-0.0007843174852293093
2021-10-18,Guarded Minimum Variance + Finance Lexicon Sentiment Tilt,-0.0016705973126678031
2021-10-19,Guarded Minimum Variance + Finance Lexicon Sentiment Tilt,0.013644917029562394
2021-10-20,Guarded Minimum Variance + Finance Lexicon Sentiment Tilt,0.010368328465108463
2021-10-21,Guarded Minimum Variance + Finance Lexicon Sentiment Tilt,0.005566543684645125
2021-10-22,Guarded Minimum Variance + Finance Lexicon Sentiment Tilt,0.0028719076185876368
2021-10-25,Guarded Minimum Variance + Finance Lexicon Sentiment Tilt,0.004319222440362477
2021-10-26,Guarded Minimum Variance + Finance Lexicon Sentiment Tilt,8.892104592749146e-05
2021-10-27,Guarded Minimum Variance + Finance Lexicon Sentiment Tilt,-0.01062631004627979
2021-10-28,Guarded Minimum Variance + Finance Lexicon Sentiment Tilt,0.018112120318142633
2021-10-29,Guarded Minimum Variance + Finance Lexicon Sentiment Tilt,-0.0013208448694884579
2021-11-01,Guarded Minimum Variance + Finance Lexicon Sentiment Tilt,0.005456196505555431
2021-11-02,Guarded Minimum Variance + Finance Lexicon Sentiment Tilt,0.0047692761529576876
2021-11-03,Guarded Minimum Variance + Finance Lexicon Sentiment Tilt,0.00020401725649636746
2021-11-04,Guarded Minimum Variance + Finance Lexicon Sentiment Tilt,0.00039739818046122515
2021-11-05,Guarded Minimum Variance + Finance Lexicon Sentiment Tilt,-0.011545110536284344
2021-11-08,Guarded Minimum Variance + Finance Lexicon Sentiment Tilt,0.0017189494466280627
2021-11-09,Guarded Minimum Variance + Finance Lexicon Sentiment Tilt,0.0005547054671705695
2021-11-10,Guarded Minimum Variance + Finance Lexicon Sentiment Tilt,0.0007602870158008737
2021-11-11,Guarded Minimum Variance + Finance Lexicon Sentiment Tilt,0.0022588375343659288
2021-11-12,Guarded Minimum Variance + Finance Lexicon Sentiment Tilt,0.002386148815025306
2021-11-15,Guarded Minimum Variance + Finance Lexicon Sentiment Tilt,-0.0023224466901362473
2021-11-16,Guarded Minimum Variance + Finance Lexicon Sentiment Tilt,-0.004997296790733137
2021-11-17,Guarded Minimum Variance + Finance Lexicon Sentiment Tilt,-0.002681665037159789
2021-11-18,Guarded Minimum Variance + Finance Lexicon Sentiment Tilt,-0.0020730929334279763
2021-11-19,Guarded Minimum Variance + Finance Lexicon Sentiment Tilt,-0.007811126770711073
2021-11-22,Guarded Minimum Variance + Finance Lexicon Sentiment Tilt,0.0037786957411232976
2021-11-23,Guarded Minimum Variance + Finance Lexicon Sentiment Tilt,0.006578374533855001
2021-11-24,Guarded Minimum Variance + Finance Lexicon Sentiment Tilt,-0.0008066285437441173
2021-11-26,Guarded Minimum Variance + Finance Lexicon Sentiment Tilt,-0.014704669368754236
2021-11-29,Guarded Minimum Variance + Finance Lexicon Sentiment Tilt,-0.00033045528082552094
2021-11-30,Guarded Minimum Variance + Finance Lexicon Sentiment Tilt,-0.021889563048186
2021-12-01,Guarded Minimum Variance + Finance Lexicon Sentiment Tilt,-0.011686458441438712
2021-12-02,Guarded Minimum Variance + Finance Lexicon Sentiment Tilt,0.013968190635849427
2021-12-03,Guarded Minimum Variance + Finance Lexicon Sentiment Tilt,0.009072315887179532
2021-12-06,Guarded Minimum Variance + Finance Lexicon Sentiment Tilt,0.010598201605462234
2021-12-07,Guarded Minimum Variance + Finance Lexicon Sentiment Tilt,0.0030072464932652636
2021-12-08,Guarded Minimum Variance + Finance Lexicon Sentiment Tilt,0.0006835679208905788
2021-12-09,Guarded Minimum Variance + Finance Lexicon Sentiment Tilt,-0.0030621254611961665
2021-12-10,Guarded Minimum Variance + Finance Lexicon Sentiment Tilt,0.007725110558108885
2021-12-13,Guarded Minimum Variance + Finance Lexicon Sentiment Tilt,0.005261392922504131
2021-12-14,Guarded Minimum Variance + Finance Lexicon Sentiment Tilt,-0.00037524528257488663
2021-12-15,Guarded Minimum Variance + Finance Lexicon Sentiment Tilt,0.012854233551512984
2021-12-16,Guarded Minimum Variance + Finance Lexicon Sentiment Tilt,0.010588591283320627
2021-12-17,Guarded Minimum Variance + Finance Lexicon Sentiment Tilt,-0.012370495231950055
2021-12-20,Guarded Minimum Variance + Finance Lexicon Sentiment Tilt,0.0018550021443086017
2021-12-21,Guarded Minimum Variance + Finance Lexicon Sentiment Tilt,0.003834134552370307
2021-12-22,Guarded Minimum Variance + Finance Lexicon Sentiment Tilt,0.006371274214383663
2021-12-23,Guarded Minimum Variance + Finance Lexicon Sentiment Tilt,0.0017530782246167917
2021-12-27,Guarded Minimum Variance + Finance Lexicon Sentiment Tilt,0.010615282440195077
2021-12-28,Guarded Minimum Variance + Finance Lexicon Sentiment Tilt,0.00447639932081605
2021-12-29,Guarded Minimum Variance + Finance Lexicon Sentiment Tilt,0.0010158329230923612
2021-12-30,Guarded Minimum Variance + Finance Lexicon Sentiment Tilt,0.0006504001127122037
2021-12-31,Guarded Minimum Variance + Finance Lexicon Sentiment Tilt,-0.0010896701474179473
2022-01-03,Guarded Minimum Variance + Finance Lexicon Sentiment Tilt,0.002570431666924981
2022-01-04,Guarded Minimum Variance + Finance Lexicon Sentiment Tilt,-0.00031521344639425615
2022-01-05,Guarded Minimum Variance + Finance Lexicon Sentiment Tilt,-0.0021055588056212637
2022-01-06,Guarded Minimum Variance + Finance Lexicon Sentiment Tilt,-0.003981482489040991
2022-01-07,Guarded Minimum Variance + Finance Lexicon Sentiment Tilt,0.004619728673718472
2022-01-10,Guarded Minimum Variance + Finance Lexicon Sentiment Tilt,-0.0009595919563116861
2022-01-11,Guarded Minimum Variance + Finance Lexicon Sentiment Tilt,0.003566909680532603
2022-01-12,Guarded Minimum Variance + Finance Lexicon Sentiment Tilt,0.001035116443573546
2022-01-13,Guarded Minimum Variance + Finance Lexicon Sentiment Tilt,-0.0019426282481430695
2022-01-14,Guarded Minimum Variance + Finance Lexicon Sentiment Tilt,-0.002177052932913907
2022-01-18,Guarded Minimum Variance + Finance Lexicon Sentiment Tilt,-0.009413225119466843
2022-01-19,Guarded Minimum Variance + Finance Lexicon Sentiment Tilt,-0.0004908454398882803
2022-01-20,Guarded Minimum Variance + Finance Lexicon Sentiment Tilt,-0.011051471262913785
2022-01-21,Guarded Minimum Variance + Finance Lexicon Sentiment Tilt,-0.0044000206993084195
2022-01-24,Guarded Minimum Variance + Finance Lexicon Sentiment Tilt,-0.0050412254915646005
2022-01-25,Guarded Minimum Variance + Finance Lexicon Sentiment Tilt,-0.005173616323771722
2022-01-26,Guarded Minimum Variance + Finance Lexicon Sentiment Tilt,-0.016069423179534057
2022-01-27,Guarded Minimum Variance + Finance Lexicon Sentiment Tilt,0.00022016312312775278
2022-01-28,Guarded Minimum Variance + Finance Lexicon Sentiment Tilt,0.01644703166522055
2022-01-31,Guarded Minimum Variance + Finance Lexicon Sentiment Tilt,0.011026848352096736
2022-02-01,Guarded Minimum Variance + Finance Lexicon Sentiment Tilt,-0.00199476451937267
2022-02-02,Guarded Minimum Variance + Finance Lexicon Sentiment Tilt,0.011969012457568224
2022-02-03,Guarded Minimum Variance + Finance Lexicon Sentiment Tilt,-0.005615022189161843
2022-02-04,Guarded Minimum Variance + Finance Lexicon Sentiment Tilt,-0.003934166211451293
2022-02-07,Guarded Minimum Variance + Finance Lexicon Sentiment Tilt,-0.0002938920323111902
2022-02-08,Guarded Minimum Variance + Finance Lexicon Sentiment Tilt,-0.00114327852535522
2022-02-09,Guarded Minimum Variance + Finance Lexicon Sentiment Tilt,0.00607570532696903
2022-02-10,Guarded Minimum Variance + Finance Lexicon Sentiment Tilt,-0.016926756024691778
2022-02-11,Guarded Minimum Variance + Finance Lexicon Sentiment Tilt,-0.0032730415660093912
2022-02-14,Guarded Minimum Variance + Finance Lexicon Sentiment Tilt,-0.007530370838518232
2022-02-15,Guarded Minimum Variance + Finance Lexicon Sentiment Tilt,0.002358094358495087
2022-02-16,Guarded Minimum Variance + Finance Lexicon Sentiment Tilt,-0.001663439778742807
2022-02-17,Guarded Minimum Variance + Finance Lexicon Sentiment Tilt,-0.006097569440146765
2022-02-18,Guarded Minimum Variance + Finance Lexicon Sentiment Tilt,-0.00508906811378991
2022-02-22,Guarded Minimum Variance + Finance Lexicon Sentiment Tilt,-0.004160299859823858
2022-02-23,Guarded Minimum Variance + Finance Lexicon Sentiment Tilt,-0.0029238683379560616
2022-02-24,Guarded Minimum Variance + Finance Lexicon Sentiment Tilt,-0.000692987050970777
2022-02-25,Guarded Minimum Variance + Finance Lexicon Sentiment Tilt,0.02630989238072133
2022-02-28,Guarded Minimum Variance + Finance Lexicon Sentiment Tilt,-0.004662940795595825
2022-03-01,Guarded Minimum Variance + Finance Lexicon Sentiment Tilt,-0.00187849711250624
2022-03-02,Guarded Minimum Variance + Finance Lexicon Sentiment Tilt,0.012016765377066523
2022-03-03,Guarded Minimum Variance + Finance Lexicon Sentiment Tilt,0.008206028319477525
2022-03-04,Guarded Minimum Variance + Finance Lexicon Sentiment Tilt,0.0075874578733315665
2022-03-07,Guarded Minimum Variance + Finance Lexicon Sentiment Tilt,-0.009194856018312113
2022-03-08,Guarded Minimum Variance + Finance Lexicon Sentiment Tilt,-0.013917446854507694
2022-03-09,Guarded Minimum Variance + Finance Lexicon Sentiment Tilt,0.005009596181364689
2022-03-10,Guarded Minimum Variance + Finance Lexicon Sentiment Tilt,0.0015119810187749698
2022-03-11,Guarded Minimum Variance + Finance Lexicon Sentiment Tilt,-0.0055381893832411565
2022-03-14,Guarded Minimum Variance + Finance Lexicon Sentiment Tilt,-0.0048612229640425594
2022-03-15,Guarded Minimum Variance + Finance Lexicon Sentiment Tilt,0.008262272465686896
2022-03-16,Guarded Minimum Variance + Finance Lexicon Sentiment Tilt,0.0057677337904000715
2022-03-17,Guarded Minimum Variance + Finance Lexicon Sentiment Tilt,0.011474944785916184
2022-03-18,Guarded Minimum Variance + Finance Lexicon Sentiment Tilt,0.0027529786864420405
2022-03-21,Guarded Minimum Variance + Finance Lexicon Sentiment Tilt,0.0026081293716468832
2022-03-22,Guarded Minimum Variance + Finance Lexicon Sentiment Tilt,0.004551358891863533
2022-03-23,Guarded Minimum Variance + Finance Lexicon Sentiment Tilt,-0.009236123007889903
2022-03-24,Guarded Minimum Variance + Finance Lexicon Sentiment Tilt,0.006438904984017762
2022-03-25,Guarded Minimum Variance + Finance Lexicon Sentiment Tilt,0.008302093773852024
2022-03-28,Guarded Minimum Variance + Finance Lexicon Sentiment Tilt,0.00587074905840143
2022-03-29,Guarded Minimum Variance + Finance Lexicon Sentiment Tilt,0.012857747568552118
2022-03-30,Guarded Minimum Variance + Finance Lexicon Sentiment Tilt,0.000598149119269473
2022-03-31,Guarded Minimum Variance + Finance Lexicon Sentiment Tilt,-0.008855994971236417
2022-04-01,Guarded Minimum Variance + Finance Lexicon Sentiment Tilt,0.008802450235772091
2022-04-04,Guarded Minimum Variance + Finance Lexicon Sentiment Tilt,0.002891678510325047
2022-04-05,Guarded Minimum Variance + Finance Lexicon Sentiment Tilt,-0.004526760066004199
2022-04-06,Guarded Minimum Variance + Finance Lexicon Sentiment Tilt,0.01127526831436889
2022-04-07,Guarded Minimum Variance + Finance Lexicon Sentiment Tilt,0.00345557563678624
2022-04-08,Guarded Minimum Variance + Finance Lexicon Sentiment Tilt,0.00668682200449196
2022-04-11,Guarded Minimum Variance + Finance Lexicon Sentiment Tilt,-0.01404433780890961
2022-04-12,Guarded Minimum Variance + Finance Lexicon Sentiment Tilt,0.002304340456324931
2022-04-13,Guarded Minimum Variance + Finance Lexicon Sentiment Tilt,0.005904512884536202
2022-04-14,Guarded Minimum Variance + Finance Lexicon Sentiment Tilt,0.0012167169364549267
2022-04-18,Guarded Minimum Variance + Finance Lexicon Sentiment Tilt,-0.00471667623076293
2022-04-19,Guarded Minimum Variance + Finance Lexicon Sentiment Tilt,0.008530151831154117
2022-04-20,Guarded Minimum Variance + Finance Lexicon Sentiment Tilt,0.002443494862280485
2022-04-21,Guarded Minimum Variance + Finance Lexicon Sentiment Tilt,-0.010368151656435957
2022-04-22,Guarded Minimum Variance + Finance Lexicon Sentiment Tilt,-0.015569995906163344
2022-04-25,Guarded Minimum Variance + Finance Lexicon Sentiment Tilt,-0.0013211326543898444
2022-04-26,Guarded Minimum Variance + Finance Lexicon Sentiment Tilt,-0.015189389292099377
2022-04-27,Guarded Minimum Variance + Finance Lexicon Sentiment Tilt,-0.002864462151171049
2022-04-28,Guarded Minimum Variance + Finance Lexicon Sentiment Tilt,0.014716009395274905
2022-04-29,Guarded Minimum Variance + Finance Lexicon Sentiment Tilt,-0.031694602512884244
2022-05-02,Guarded Minimum Variance + Finance Lexicon Sentiment Tilt,0.0005381910930338431
2022-05-03,Guarded Minimum Variance + Finance Lexicon Sentiment Tilt,0.0030960563481019533
2022-05-04,Guarded Minimum Variance + Finance Lexicon Sentiment Tilt,0.024351772508874475
2022-05-05,Guarded Minimum Variance + Finance Lexicon Sentiment Tilt,-0.01519118267004375
2022-05-06,Guarded Minimum Variance + Finance Lexicon Sentiment Tilt,-0.006597656185841419
2022-05-09,Guarded Minimum Variance + Finance Lexicon Sentiment Tilt,-0.014036825168027078
2022-05-10,Guarded Minimum Variance + Finance Lexicon Sentiment Tilt,-0.008170077789174423
2022-05-11,Guarded Minimum Variance + Finance Lexicon Sentiment Tilt,0.007124489541528599
2022-05-12,Guarded Minimum Variance + Finance Lexicon Sentiment Tilt,0.006655528515649618
2022-05-13,Guarded Minimum Variance + Finance Lexicon Sentiment Tilt,0.010053719534139284
2022-05-16,Guarded Minimum Variance + Finance Lexicon Sentiment Tilt,0.005915252975624806
2022-05-17,Guarded Minimum Variance + Finance Lexicon Sentiment Tilt,-0.003790906052278481
2022-05-18,Guarded Minimum Variance + Finance Lexicon Sentiment Tilt,-0.024620372726406874
2022-05-19,Guarded Minimum Variance + Finance Lexicon Sentiment Tilt,-0.005466346212401273
2022-05-20,Guarded Minimum Variance + Finance Lexicon Sentiment Tilt,0.0025196603088459297
2022-05-23,Guarded Minimum Variance + Finance Lexicon Sentiment Tilt,0.01709173166504823
2022-05-24,Guarded Minimum Variance + Finance Lexicon Sentiment Tilt,0.00977614210703061
2022-05-25,Guarded Minimum Variance + Finance Lexicon Sentiment Tilt,0.005634228747860126
2022-05-26,Guarded Minimum Variance + Finance Lexicon Sentiment Tilt,0.006086018759417186
2022-05-27,Guarded Minimum Variance + Finance Lexicon Sentiment Tilt,0.011072088194406644
2022-05-31,Guarded Minimum Variance + Finance Lexicon Sentiment Tilt,-0.009117725076125844
2022-06-01,Guarded Minimum Variance + Finance Lexicon Sentiment Tilt,-0.005853516517602067
2022-06-02,Guarded Minimum Variance + Finance Lexicon Sentiment Tilt,0.002720346884983141
2022-06-03,Guarded Minimum Variance + Finance Lexicon Sentiment Tilt,-0.005142960119975184
2022-06-06,Guarded Minimum Variance + Finance Lexicon Sentiment Tilt,-0.004108541704514946
2022-06-07,Guarded Minimum Variance + Finance Lexicon Sentiment Tilt,0.007073834416431099
2022-06-08,Guarded Minimum Variance + Finance Lexicon Sentiment Tilt,-0.00998189232799036
2022-06-09,Guarded Minimum Variance + Finance Lexicon Sentiment Tilt,-0.02222653100661249
2022-06-10,Guarded Minimum Variance + Finance Lexicon Sentiment Tilt,-0.009328080433403343
2022-06-13,Guarded Minimum Variance + Finance Lexicon Sentiment Tilt,-0.03382560056768138
2022-06-14,Guarded Minimum Variance + Finance Lexicon Sentiment Tilt,-0.01379439022003192
2022-06-15,Guarded Minimum Variance + Finance Lexicon Sentiment Tilt,0.0030825654523502083
2022-06-16,Guarded Minimum Variance + Finance Lexicon Sentiment Tilt,-0.008972096451892106
2022-06-17,Guarded Minimum Variance + Finance Lexicon Sentiment Tilt,-0.0038288429126045985
2022-06-21,Guarded Minimum Variance + Finance Lexicon Sentiment Tilt,0.022886674965484514
2022-06-22,Guarded Minimum Variance + Finance Lexicon Sentiment Tilt,0.002868004616915154
2022-06-23,Guarded Minimum Variance + Finance Lexicon Sentiment Tilt,0.013438807464882041
2022-06-24,Guarded Minimum Variance + Finance Lexicon Sentiment Tilt,0.013594980985803652
2022-06-27,Guarded Minimum Variance + Finance Lexicon Sentiment Tilt,-0.0027416270239076506
2022-06-28,Guarded Minimum Variance + Finance Lexicon Sentiment Tilt,-0.008838633333250044
2022-06-29,Guarded Minimum Variance + Finance Lexicon Sentiment Tilt,0.0005149246785966964
2022-06-30,Guarded Minimum Variance + Finance Lexicon Sentiment Tilt,-0.007406699290451967
2022-07-01,Guarded Minimum Variance + Finance Lexicon Sentiment Tilt,0.015196071784527606
2022-07-05,Guarded Minimum Variance + Finance Lexicon Sentiment Tilt,-0.0038152235453150583
2022-07-06,Guarded Minimum Variance + Finance Lexicon Sentiment Tilt,0.001595358897074456
2022-07-07,Guarded Minimum Variance + Finance Lexicon Sentiment Tilt,0.002309677474660194
2022-07-08,Guarded Minimum Variance + Finance Lexicon Sentiment Tilt,-0.002416386320814216
2022-07-11,Guarded Minimum Variance + Finance Lexicon Sentiment Tilt,-0.0002286436438712232
2022-07-12,Guarded Minimum Variance + Finance Lexicon Sentiment Tilt,-0.005564248686457204
2022-07-13,Guarded Minimum Variance + Finance Lexicon Sentiment Tilt,-0.0016648138167189477
2022-07-14,Guarded Minimum Variance + Finance Lexicon Sentiment Tilt,-0.004064783484032497
2022-07-15,Guarded Minimum Variance + Finance Lexicon Sentiment Tilt,0.010618054086783346
2022-07-18,Guarded Minimum Variance + Finance Lexicon Sentiment Tilt,-0.01183529926702928
2022-07-19,Guarded Minimum Variance + Finance Lexicon Sentiment Tilt,0.013732597284379857
2022-07-20,Guarded Minimum Variance + Finance Lexicon Sentiment Tilt,-0.005802701836260716
2022-07-21,Guarded Minimum Variance + Finance Lexicon Sentiment Tilt,0.003750279293093598
2022-07-22,Guarded Minimum Variance + Finance Lexicon Sentiment Tilt,0.00015712690958591576
2022-07-25,Guarded Minimum Variance + Finance Lexicon Sentiment Tilt,-0.0028136677128277497
2022-07-26,Guarded Minimum Variance + Finance Lexicon Sentiment Tilt,-0.005047363448000868
2022-07-27,Guarded Minimum Variance + Finance Lexicon Sentiment Tilt,0.004347528397307449
2022-07-28,Guarded Minimum Variance + Finance Lexicon Sentiment Tilt,0.008444352849109094
2022-07-29,Guarded Minimum Variance + Finance Lexicon Sentiment Tilt,0.0034472004129628194
2022-08-01,Guarded Minimum Variance + Finance Lexicon Sentiment Tilt,-0.004763474526054545
2022-08-02,Guarded Minimum Variance + Finance Lexicon Sentiment Tilt,-0.005422700178004784
2022-08-03,Guarded Minimum Variance + Finance Lexicon Sentiment Tilt,0.013582080313092671
2022-08-04,Guarded Minimum Variance + Finance Lexicon Sentiment Tilt,-0.006723768923606395
2022-08-05,Guarded Minimum Variance + Finance Lexicon Sentiment Tilt,-0.004500561103766313
2022-08-08,Guarded Minimum Variance + Finance Lexicon Sentiment Tilt,0.004308922812414354
2022-08-09,Guarded Minimum Variance + Finance Lexicon Sentiment Tilt,0.0023787541474429713
2022-08-10,Guarded Minimum Variance + Finance Lexicon Sentiment Tilt,0.01162766465436619
2022-08-11,Guarded Minimum Variance + Finance Lexicon Sentiment Tilt,-0.0015508297925922352
2022-08-12,Guarded Minimum Variance + Finance Lexicon Sentiment Tilt,0.014437955658248357
2022-08-15,Guarded Minimum Variance + Finance Lexicon Sentiment Tilt,0.011791795041428924
2022-08-16,Guarded Minimum Variance + Finance Lexicon Sentiment Tilt,0.012612105864417977
2022-08-17,Guarded Minimum Variance + Finance Lexicon Sentiment Tilt,-0.006219644022314475
2022-08-18,Guarded Minimum Variance + Finance Lexicon Sentiment Tilt,-0.0027252228546224256
2022-08-19,Guarded Minimum Variance + Finance Lexicon Sentiment Tilt,-0.004627411448863456
2022-08-22,Guarded Minimum Variance + Finance Lexicon Sentiment Tilt,-0.01412707228365633
2022-08-23,Guarded Minimum Variance + Finance Lexicon Sentiment Tilt,-0.004753487102921602
2022-08-24,Guarded Minimum Variance + Finance Lexicon Sentiment Tilt,0.0003436847714392849
2022-08-25,Guarded Minimum Variance + Finance Lexicon Sentiment Tilt,0.006234559330511637
2022-08-26,Guarded Minimum Variance + Finance Lexicon Sentiment Tilt,-0.018084500835436383
2022-08-29,Guarded Minimum Variance + Finance Lexicon Sentiment Tilt,-0.0037938820655774655
2022-08-30,Guarded Minimum Variance + Finance Lexicon Sentiment Tilt,-0.008333711427317005
2022-08-31,Guarded Minimum Variance + Finance Lexicon Sentiment Tilt,-0.0021835154496017096
2022-09-01,Guarded Minimum Variance + Finance Lexicon Sentiment Tilt,0.011980741412918413
2022-09-02,Guarded Minimum Variance + Finance Lexicon Sentiment Tilt,-0.009369627487307422
2022-09-06,Guarded Minimum Variance + Finance Lexicon Sentiment Tilt,-0.002247078977781776
2022-09-07,Guarded Minimum Variance + Finance Lexicon Sentiment Tilt,0.016427621566271693
2022-09-08,Guarded Minimum Variance + Finance Lexicon Sentiment Tilt,0.0027911177305397802
2022-09-09,Guarded Minimum Variance + Finance Lexicon Sentiment Tilt,0.009128971343741896
2022-09-12,Guarded Minimum Variance + Finance Lexicon Sentiment Tilt,0.00844006100802575
2022-09-13,Guarded Minimum Variance + Finance Lexicon Sentiment Tilt,-0.03013290317798764
2022-09-14,Guarded Minimum Variance + Finance Lexicon Sentiment Tilt,0.006092036118498306
2022-09-15,Guarded Minimum Variance + Finance Lexicon Sentiment Tilt,-0.01035789996775108
2022-09-16,Guarded Minimum Variance + Finance Lexicon Sentiment Tilt,0.0010357470960222497
2022-09-19,Guarded Minimum Variance + Finance Lexicon Sentiment Tilt,0.003734628916282688
2022-09-20,Guarded Minimum Variance + Finance Lexicon Sentiment Tilt,-0.013587085588635712
2022-09-21,Guarded Minimum Variance + Finance Lexicon Sentiment Tilt,-0.01286790797838
2022-09-22,Guarded Minimum Variance + Finance Lexicon Sentiment Tilt,0.0031595931156675897
2022-09-23,Guarded Minimum Variance + Finance Lexicon Sentiment Tilt,-0.016641256307100838
2022-09-26,Guarded Minimum Variance + Finance Lexicon Sentiment Tilt,-0.010241730229572922
2022-09-27,Guarded Minimum Variance + Finance Lexicon Sentiment Tilt,-0.005623479206357383
2022-09-28,Guarded Minimum Variance + Finance Lexicon Sentiment Tilt,0.022112090808711706
2022-09-29,Guarded Minimum Variance + Finance Lexicon Sentiment Tilt,-0.016156440793969478
2022-09-30,Guarded Minimum Variance + Finance Lexicon Sentiment Tilt,-0.016837443399917856
2022-10-03,Guarded Minimum Variance + Finance Lexicon Sentiment Tilt,0.026079705239517886
2022-10-04,Guarded Minimum Variance + Finance Lexicon Sentiment Tilt,0.02146562902022102
2022-10-05,Guarded Minimum Variance + Finance Lexicon Sentiment Tilt,-0.003739213818139342
2022-10-06,Guarded Minimum Variance + Finance Lexicon Sentiment Tilt,-0.007697816929133541
2022-10-07,Guarded Minimum Variance + Finance Lexicon Sentiment Tilt,-0.014717271887222029
2022-10-10,Guarded Minimum Variance + Finance Lexicon Sentiment Tilt,0.001312236565284531
2022-10-11,Guarded Minimum Variance + Finance Lexicon Sentiment Tilt,0.014952947018007652
2022-10-12,Guarded Minimum Variance + Finance Lexicon Sentiment Tilt,-0.004432275095967719
2022-10-13,Guarded Minimum Variance + Finance Lexicon Sentiment Tilt,0.01976267972402382
2022-10-14,Guarded Minimum Variance + Finance Lexicon Sentiment Tilt,-0.011460980857166772
2022-10-17,Guarded Minimum Variance + Finance Lexicon Sentiment Tilt,0.011594034729144538
2022-10-18,Guarded Minimum Variance + Finance Lexicon Sentiment Tilt,0.010538407370102143
2022-10-19,Guarded Minimum Variance + Finance Lexicon Sentiment Tilt,-0.007602620201094935
2022-10-20,Guarded Minimum Variance + Finance Lexicon Sentiment Tilt,-0.002474572919987046
2022-10-21,Guarded Minimum Variance + Finance Lexicon Sentiment Tilt,0.020742676880216207
2022-10-24,Guarded Minimum Variance + Finance Lexicon Sentiment Tilt,0.01719726783479233
2022-10-25,Guarded Minimum Variance + Finance Lexicon Sentiment Tilt,0.008429980560917457
2022-10-26,Guarded Minimum Variance + Finance Lexicon Sentiment Tilt,0.012461975677704771
2022-10-27,Guarded Minimum Variance + Finance Lexicon Sentiment Tilt,0.0010670621274091233
2022-10-28,Guarded Minimum Variance + Finance Lexicon Sentiment Tilt,0.022361931765307007
2022-10-31,Guarded Minimum Variance + Finance Lexicon Sentiment Tilt,-0.007386676372418088
2022-11-01,Guarded Minimum Variance + Finance Lexicon Sentiment Tilt,-0.0011914228378322623
2022-11-02,Guarded Minimum Variance + Finance Lexicon Sentiment Tilt,-0.011055039464706805
2022-11-03,Guarded Minimum Variance + Finance Lexicon Sentiment Tilt,-0.004644526822830574
2022-11-04,Guarded Minimum Variance + Finance Lexicon Sentiment Tilt,0.01435836784965635
2022-11-07,Guarded Minimum Variance + Finance Lexicon Sentiment Tilt,0.013790039910696852
2022-11-08,Guarded Minimum Variance + Finance Lexicon Sentiment Tilt,0.010133515679546566
2022-11-09,Guarded Minimum Variance + Finance Lexicon Sentiment Tilt,-0.012831783307899422
2022-11-10,Guarded Minimum Variance + Finance Lexicon Sentiment Tilt,0.022505159939394687
2022-11-11,Guarded Minimum Variance + Finance Lexicon Sentiment Tilt,-0.004863882260882645
2022-11-14,Guarded Minimum Variance + Finance Lexicon Sentiment Tilt,-0.0019974782083039006
2022-11-15,Guarded Minimum Variance + Finance Lexicon Sentiment Tilt,0.007073171083843989
2022-11-16,Guarded Minimum Variance + Finance Lexicon Sentiment Tilt,-0.0008676819109541003
2022-11-17,Guarded Minimum Variance + Finance Lexicon Sentiment Tilt,0.004612007110484201
2022-11-18,Guarded Minimum Variance + Finance Lexicon Sentiment Tilt,0.008462934212354927
2022-11-21,Guarded Minimum Variance + Finance Lexicon Sentiment Tilt,0.0036765661806329483
2022-11-22,Guarded Minimum Variance + Finance Lexicon Sentiment Tilt,0.009317575463947939
2022-11-23,Guarded Minimum Variance + Finance Lexicon Sentiment Tilt,-0.0009947497261756403
2022-11-25,Guarded Minimum Variance + Finance Lexicon Sentiment Tilt,0.0007413350442792697
2022-11-28,Guarded Minimum Variance + Finance Lexicon Sentiment Tilt,-0.009758836578519942
2022-11-29,Guarded Minimum Variance + Finance Lexicon Sentiment Tilt,0.002999706729148343
2022-11-30,Guarded Minimum Variance + Finance Lexicon Sentiment Tilt,0.01707869318508691
2022-12-01,Guarded Minimum Variance + Finance Lexicon Sentiment Tilt,0.0011206098099881164
2022-12-02,Guarded Minimum Variance + Finance Lexicon Sentiment Tilt,0.0028802123174376196
2022-12-05,Guarded Minimum Variance + Finance Lexicon Sentiment Tilt,-0.008054248448516793
2022-12-06,Guarded Minimum Variance + Finance Lexicon Sentiment Tilt,-0.011084211393511238
2022-12-07,Guarded Minimum Variance + Finance Lexicon Sentiment Tilt,0.003279497813754485
2022-12-08,Guarded Minimum Variance + Finance Lexicon Sentiment Tilt,0.00411979034034388
2022-12-09,Guarded Minimum Variance + Finance Lexicon Sentiment Tilt,-0.01661532971991999
2022-12-12,Guarded Minimum Variance + Finance Lexicon Sentiment Tilt,0.006329632648024112
2022-12-13,Guarded Minimum Variance + Finance Lexicon Sentiment Tilt,0.0035723197010230252
2022-12-14,Guarded Minimum Variance + Finance Lexicon Sentiment Tilt,8.726984006208246e-05
2022-12-15,Guarded Minimum Variance + Finance Lexicon Sentiment Tilt,-0.015732484389473077
2022-12-16,Guarded Minimum Variance + Finance Lexicon Sentiment Tilt,-0.005552430987400129
2022-12-19,Guarded Minimum Variance + Finance Lexicon Sentiment Tilt,-0.0012601486411652264
2022-12-20,Guarded Minimum Variance + Finance Lexicon Sentiment Tilt,0.0014559644122613138
2022-12-21,Guarded Minimum Variance + Finance Lexicon Sentiment Tilt,0.01134104779152873
2022-12-22,Guarded Minimum Variance + Finance Lexicon Sentiment Tilt,-0.004532433891620825
2022-12-23,Guarded Minimum Variance + Finance Lexicon Sentiment Tilt,0.004455905774983962
2022-12-27,Guarded Minimum Variance + Finance Lexicon Sentiment Tilt,0.0013924024821910263
2022-12-28,Guarded Minimum Variance + Finance Lexicon Sentiment Tilt,-0.010207785411539279
2022-12-29,Guarded Minimum Variance + Finance Lexicon Sentiment Tilt,0.006271884371330494
2022-12-30,Guarded Minimum Variance + Finance Lexicon Sentiment Tilt,2.119653217085482e-05
2023-01-03,Guarded Minimum Variance + Finance Lexicon Sentiment Tilt,0.0006762786911322328
2023-01-04,Guarded Minimum Variance + Finance Lexicon Sentiment Tilt,0.008830106054363311
2023-01-05,Guarded Minimum Variance + Finance Lexicon Sentiment Tilt,0.0017639689682830803
2023-01-06,Guarded Minimum Variance + Finance Lexicon Sentiment Tilt,0.014938490550702406
2023-01-09,Guarded Minimum Variance + Finance Lexicon Sentiment Tilt,-0.016674077981896
2023-01-10,Guarded Minimum Variance + Finance Lexicon Sentiment Tilt,0.0020263456691252462
2023-01-11,Guarded Minimum Variance + Finance Lexicon Sentiment Tilt,0.0027874770337777727
2023-01-12,Guarded Minimum Variance + Finance Lexicon Sentiment Tilt,-0.002468193564816465
2023-01-13,Guarded Minimum Variance + Finance Lexicon Sentiment Tilt,0.0025911904290743092
2023-01-17,Guarded Minimum Variance + Finance Lexicon Sentiment Tilt,-0.006877745267494615
2023-01-18,Guarded Minimum Variance + Finance Lexicon Sentiment Tilt,-0.017357278560489305
2023-01-19,Guarded Minimum Variance + Finance Lexicon Sentiment Tilt,-0.0013288281684342915
2023-01-20,Guarded Minimum Variance + Finance Lexicon Sentiment Tilt,0.008759037953807737
2023-01-23,Guarded Minimum Variance + Finance Lexicon Sentiment Tilt,0.0026230155514149625
2023-01-24,Guarded Minimum Variance + Finance Lexicon Sentiment Tilt,-0.002832285772555785
2023-01-25,Guarded Minimum Variance + Finance Lexicon Sentiment Tilt,-0.0014843356526381012
2023-01-26,Guarded Minimum Variance + Finance Lexicon Sentiment Tilt,-0.0003647485891531063
2023-01-27,Guarded Minimum Variance + Finance Lexicon Sentiment Tilt,-0.005939387940470795
2023-01-30,Guarded Minimum Variance + Finance Lexicon Sentiment Tilt,-0.0035791080933301853
2023-01-31,Guarded Minimum Variance + Finance Lexicon Sentiment Tilt,0.007658234518128778
2023-02-01,Guarded Minimum Variance + Finance Lexicon Sentiment Tilt,-0.018683643321017723
2023-02-02,Guarded Minimum Variance + Finance Lexicon Sentiment Tilt,-0.011509561529460952
2023-02-03,Guarded Minimum Variance + Finance Lexicon Sentiment Tilt,-0.00935379227114541
2023-02-06,Guarded Minimum Variance + Finance Lexicon Sentiment Tilt,-0.0015882582707419156
2023-02-07,Guarded Minimum Variance + Finance Lexicon Sentiment Tilt,0.00836200173190145
2023-02-08,Guarded Minimum Variance + Finance Lexicon Sentiment Tilt,-0.007134505866880894
2023-02-09,Guarded Minimum Variance + Finance Lexicon Sentiment Tilt,-0.0016045147091934366
2023-02-10,Guarded Minimum Variance + Finance Lexicon Sentiment Tilt,0.011904590438935565
2023-02-13,Guarded Minimum Variance + Finance Lexicon Sentiment Tilt,0.00831436500383783
2023-02-14,Guarded Minimum Variance + Finance Lexicon Sentiment Tilt,-0.006900254960852337
2023-02-15,Guarded Minimum Variance + Finance Lexicon Sentiment Tilt,8.400594351459052e-05
2023-02-16,Guarded Minimum Variance + Finance Lexicon Sentiment Tilt,-0.013030093380939023
2023-02-17,Guarded Minimum Variance + Finance Lexicon Sentiment Tilt,0.013856004789483749
2023-02-21,Guarded Minimum Variance + Finance Lexicon Sentiment Tilt,-0.004779350996231703
2023-02-22,Guarded Minimum Variance + Finance Lexicon Sentiment Tilt,-0.004355959315349167
2023-02-23,Guarded Minimum Variance + Finance Lexicon Sentiment Tilt,0.0024423849397840073
2023-02-24,Guarded Minimum Variance + Finance Lexicon Sentiment Tilt,-0.0069583443694046345
2023-02-27,Guarded Minimum Variance + Finance Lexicon Sentiment Tilt,0.00028372267231177237
2023-02-28,Guarded Minimum Variance + Finance Lexicon Sentiment Tilt,-0.010213821082484037
2023-03-01,Guarded Minimum Variance + Finance Lexicon Sentiment Tilt,0.0005041337484070491
2023-03-02,Guarded Minimum Variance + Finance Lexicon Sentiment Tilt,0.00554785579531346
2023-03-03,Guarded Minimum Variance + Finance Lexicon Sentiment Tilt,0.0037957514362395453
2023-03-06,Guarded Minimum Variance + Finance Lexicon Sentiment Tilt,0.00962256449657813
2023-03-07,Guarded Minimum Variance + Finance Lexicon Sentiment Tilt,-0.010811860650527229
2023-03-08,Guarded Minimum Variance + Finance Lexicon Sentiment Tilt,-0.006854275307204966
2023-03-09,Guarded Minimum Variance + Finance Lexicon Sentiment Tilt,-0.011449092908817717
2023-03-10,Guarded Minimum Variance + Finance Lexicon Sentiment Tilt,-0.003003376277922517
2023-03-13,Guarded Minimum Variance + Finance Lexicon Sentiment Tilt,0.005926029161550877
2023-03-14,Guarded Minimum Variance + Finance Lexicon Sentiment Tilt,0.0070523950107797915
2023-03-15,Guarded Minimum Variance + Finance Lexicon Sentiment Tilt,0.004059915757096364
2023-03-16,Guarded Minimum Variance + Finance Lexicon Sentiment Tilt,0.0014557708323573297
2023-03-17,Guarded Minimum Variance + Finance Lexicon Sentiment Tilt,-0.013527373302409787
2023-03-20,Guarded Minimum Variance + Finance Lexicon Sentiment Tilt,0.013428314112908056
2023-03-21,Guarded Minimum Variance + Finance Lexicon Sentiment Tilt,-0.001097651016261486
2023-03-22,Guarded Minimum Variance + Finance Lexicon Sentiment Tilt,-0.014647528484757456
2023-03-23,Guarded Minimum Variance + Finance Lexicon Sentiment Tilt,0.005429314017431219
2023-03-24,Guarded Minimum Variance + Finance Lexicon Sentiment Tilt,0.01622120380230182
2023-03-27,Guarded Minimum Variance + Finance Lexicon Sentiment Tilt,0.005566952343963507
2023-03-28,Guarded Minimum Variance + Finance Lexicon Sentiment Tilt,-0.0009705362579281304
2023-03-29,Guarded Minimum Variance + Finance Lexicon Sentiment Tilt,0.006446645310028638
2023-03-30,Guarded Minimum Variance + Finance Lexicon Sentiment Tilt,0.004709475538187329
2023-03-31,Guarded Minimum Variance + Finance Lexicon Sentiment Tilt,0.006826818754563965
2023-04-03,Guarded Minimum Variance + Finance Lexicon Sentiment Tilt,0.010801462791655413
2023-04-04,Guarded Minimum Variance + Finance Lexicon Sentiment Tilt,0.005722614992636145
2023-04-05,Guarded Minimum Variance + Finance Lexicon Sentiment Tilt,0.015349322883320533
2023-04-06,Guarded Minimum Variance + Finance Lexicon Sentiment Tilt,0.00016894062428337436
2023-04-10,Guarded Minimum Variance + Finance Lexicon Sentiment Tilt,-0.0013632444869347427
2023-04-11,Guarded Minimum Variance + Finance Lexicon Sentiment Tilt,-0.0005539137084499399
2023-04-12,Guarded Minimum Variance + Finance Lexicon Sentiment Tilt,0.001078260633305114
2023-04-13,Guarded Minimum Variance + Finance Lexicon Sentiment Tilt,0.009225060104630749
2023-04-14,Guarded Minimum Variance + Finance Lexicon Sentiment Tilt,-0.004375589577194063
2023-04-17,Guarded Minimum Variance + Finance Lexicon Sentiment Tilt,0.00021810458227423447
2023-04-18,Guarded Minimum Variance + Finance Lexicon Sentiment Tilt,-0.0018164240667031737
2023-04-19,Guarded Minimum Variance + Finance Lexicon Sentiment Tilt,-0.0006270489060333153
2023-04-20,Guarded Minimum Variance + Finance Lexicon Sentiment Tilt,-0.0050371801157889865
2023-04-21,Guarded Minimum Variance + Finance Lexicon Sentiment Tilt,0.005588375210948734
2023-04-24,Guarded Minimum Variance + Finance Lexicon Sentiment Tilt,0.0018461884593547304
2023-04-25,Guarded Minimum Variance + Finance Lexicon Sentiment Tilt,-0.000134769018781249
2023-04-26,Guarded Minimum Variance + Finance Lexicon Sentiment Tilt,-0.019642452635092903
2023-04-27,Guarded Minimum Variance + Finance Lexicon Sentiment Tilt,0.005287241587758925
2023-04-28,Guarded Minimum Variance + Finance Lexicon Sentiment Tilt,0.003637802223815074
2023-05-01,Guarded Minimum Variance + Finance Lexicon Sentiment Tilt,0.001200923763492132
2023-05-02,Guarded Minimum Variance + Finance Lexicon Sentiment Tilt,-0.007027670870593779
2023-05-03,Guarded Minimum Variance + Finance Lexicon Sentiment Tilt,-0.00908856987914248
2023-05-04,Guarded Minimum Variance + Finance Lexicon Sentiment Tilt,0.0006742652564878549
2023-05-05,Guarded Minimum Variance + Finance Lexicon Sentiment Tilt,0.010972956909047104
2023-05-08,Guarded Minimum Variance + Finance Lexicon Sentiment Tilt,-0.0002324348311424397
2023-05-09,Guarded Minimum Variance + Finance Lexicon Sentiment Tilt,-0.004610623704333897
2023-05-10,Guarded Minimum Variance + Finance Lexicon Sentiment Tilt,-0.000440909791040436
2023-05-11,Guarded Minimum Variance + Finance Lexicon Sentiment Tilt,-0.0017063556641475526
2023-05-12,Guarded Minimum Variance + Finance Lexicon Sentiment Tilt,0.0013633320834424106
2023-05-15,Guarded Minimum Variance + Finance Lexicon Sentiment Tilt,-0.002956021424437183
2023-05-16,Guarded Minimum Variance + Finance Lexicon Sentiment Tilt,-0.014851802485183934
2023-05-17,Guarded Minimum Variance + Finance Lexicon Sentiment Tilt,-0.0014782996561782382
2023-05-18,Guarded Minimum Variance + Finance Lexicon Sentiment Tilt,0.0006868072450014276
2023-05-19,Guarded Minimum Variance + Finance Lexicon Sentiment Tilt,0.0003240108819516685
2023-05-22,Guarded Minimum Variance + Finance Lexicon Sentiment Tilt,-0.0056037039953222975
2023-05-23,Guarded Minimum Variance + Finance Lexicon Sentiment Tilt,-0.00347695826471301
2023-05-24,Guarded Minimum Variance + Finance Lexicon Sentiment Tilt,-0.006640576677476679
2023-05-25,Guarded Minimum Variance + Finance Lexicon Sentiment Tilt,-0.012628511787609244
2023-05-26,Guarded Minimum Variance + Finance Lexicon Sentiment Tilt,-0.0008400102250844254
2023-05-30,Guarded Minimum Variance + Finance Lexicon Sentiment Tilt,-0.003535579574818216
2023-05-31,Guarded Minimum Variance + Finance Lexicon Sentiment Tilt,0.007106278685827151
2023-06-01,Guarded Minimum Variance + Finance Lexicon Sentiment Tilt,-0.0011851709712272583
2023-06-02,Guarded Minimum Variance + Finance Lexicon Sentiment Tilt,0.011880022508840675
2023-06-05,Guarded Minimum Variance + Finance Lexicon Sentiment Tilt,0.0016613904345542908
2023-06-06,Guarded Minimum Variance + Finance Lexicon Sentiment Tilt,-0.0062159748844543465
2023-06-07,Guarded Minimum Variance + Finance Lexicon Sentiment Tilt,0.0008510608198210533
2023-06-08,Guarded Minimum Variance + Finance Lexicon Sentiment Tilt,0.006112451467976791
2023-06-09,Guarded Minimum Variance + Finance Lexicon Sentiment Tilt,-1.149803713612125e-05
2023-06-12,Guarded Minimum Variance + Finance Lexicon Sentiment Tilt,-0.002418213316220111
2023-06-13,Guarded Minimum Variance + Finance Lexicon Sentiment Tilt,0.006300238160456136
2023-06-14,Guarded Minimum Variance + Finance Lexicon Sentiment Tilt,0.002056320856965041
2023-06-15,Guarded Minimum Variance + Finance Lexicon Sentiment Tilt,0.009315103972729008
2023-06-16,Guarded Minimum Variance + Finance Lexicon Sentiment Tilt,0.0006476556279857903
2023-06-20,Guarded Minimum Variance + Finance Lexicon Sentiment Tilt,-0.00781258776220431
2023-06-21,Guarded Minimum Variance + Finance Lexicon Sentiment Tilt,-0.001680221041939079
2023-06-22,Guarded Minimum Variance + Finance Lexicon Sentiment Tilt,0.007957450518530744
2023-06-23,Guarded Minimum Variance + Finance Lexicon Sentiment Tilt,-0.005118560567186663
2023-06-26,Guarded Minimum Variance + Finance Lexicon Sentiment Tilt,0.0009893343806127485
2023-06-27,Guarded Minimum Variance + Finance Lexicon Sentiment Tilt,0.003179104797700427
2023-06-28,Guarded Minimum Variance + Finance Lexicon Sentiment Tilt,-0.0038086023560123037
2023-06-29,Guarded Minimum Variance + Finance Lexicon Sentiment Tilt,-0.0006927226503002358
2023-06-30,Guarded Minimum Variance + Finance Lexicon Sentiment Tilt,0.006421414574114225
2023-07-03,Guarded Minimum Variance + Finance Lexicon Sentiment Tilt,0.0038109734957563666
2023-07-05,Guarded Minimum Variance + Finance Lexicon Sentiment Tilt,0.001876841482647449
2023-07-06,Guarded Minimum Variance + Finance Lexicon Sentiment Tilt,-0.007973519308368208
2023-07-07,Guarded Minimum Variance + Finance Lexicon Sentiment Tilt,-0.013059269729545915
2023-07-10,Guarded Minimum Variance + Finance Lexicon Sentiment Tilt,0.0011834405500874936
2023-07-11,Guarded Minimum Variance + Finance Lexicon Sentiment Tilt,0.008834387657886432
2023-07-12,Guarded Minimum Variance + Finance Lexicon Sentiment Tilt,-0.0027349781643288065
2023-07-13,Guarded Minimum Variance + Finance Lexicon Sentiment Tilt,0.0025251864734516147
2023-07-14,Guarded Minimum Variance + Finance Lexicon Sentiment Tilt,0.0026679483836423573
2023-07-17,Guarded Minimum Variance + Finance Lexicon Sentiment Tilt,-0.00495271874507869
2023-07-18,Guarded Minimum Variance + Finance Lexicon Sentiment Tilt,0.0008631428465510236
2023-07-19,Guarded Minimum Variance + Finance Lexicon Sentiment Tilt,0.007276007352560945
2023-07-20,Guarded Minimum Variance + Finance Lexicon Sentiment Tilt,0.015647145711721426
2023-07-21,Guarded Minimum Variance + Finance Lexicon Sentiment Tilt,0.006159037789880047
2023-07-24,Guarded Minimum Variance + Finance Lexicon Sentiment Tilt,0.00035835548579428445
2023-07-25,Guarded Minimum Variance + Finance Lexicon Sentiment Tilt,-0.0026320654464508718
2023-07-26,Guarded Minimum Variance + Finance Lexicon Sentiment Tilt,0.0030569426643059995
2023-07-27,Guarded Minimum Variance + Finance Lexicon Sentiment Tilt,-0.0069875857569664055
2023-07-28,Guarded Minimum Variance + Finance Lexicon Sentiment Tilt,0.0034509643499686465
2023-07-31,Guarded Minimum Variance + Finance Lexicon Sentiment Tilt,-0.004438326386095112
2023-08-01,Guarded Minimum Variance + Finance Lexicon Sentiment Tilt,-0.005222920477803389
2023-08-02,Guarded Minimum Variance + Finance Lexicon Sentiment Tilt,-0.009385689500924752
2023-08-03,Guarded Minimum Variance + Finance Lexicon Sentiment Tilt,-0.0068421765554280084
2023-08-04,Guarded Minimum Variance + Finance Lexicon Sentiment Tilt,-0.005393990412671126
2023-08-07,Guarded Minimum Variance + Finance Lexicon Sentiment Tilt,0.011814463504163536
2023-08-08,Guarded Minimum Variance + Finance Lexicon Sentiment Tilt,-0.003903702242531781
2023-08-09,Guarded Minimum Variance + Finance Lexicon Sentiment Tilt,0.0021505824350575645
2023-08-10,Guarded Minimum Variance + Finance Lexicon Sentiment Tilt,-0.0018950421645053718
2023-08-11,Guarded Minimum Variance + Finance Lexicon Sentiment Tilt,0.005950708292840058
2023-08-14,Guarded Minimum Variance + Finance Lexicon Sentiment Tilt,-0.00037023293641332174
2023-08-15,Guarded Minimum Variance + Finance Lexicon Sentiment Tilt,-0.006603431359184085
2023-08-16,Guarded Minimum Variance + Finance Lexicon Sentiment Tilt,-0.0032867771214257187
2023-08-17,Guarded Minimum Variance + Finance Lexicon Sentiment Tilt,-0.006296844264121557
2023-08-18,Guarded Minimum Variance + Finance Lexicon Sentiment Tilt,0.003623826294662027
2023-08-21,Guarded Minimum Variance + Finance Lexicon Sentiment Tilt,-0.0032770334942590143
2023-08-22,Guarded Minimum Variance + Finance Lexicon Sentiment Tilt,-0.005543712590806631
2023-08-23,Guarded Minimum Variance + Finance Lexicon Sentiment Tilt,0.01175521477183009
2023-08-24,Guarded Minimum Variance + Finance Lexicon Sentiment Tilt,-0.009797186677500569
2023-08-25,Guarded Minimum Variance + Finance Lexicon Sentiment Tilt,0.0024224451806827553
2023-08-28,Guarded Minimum Variance + Finance Lexicon Sentiment Tilt,0.002696193035996687
2023-08-29,Guarded Minimum Variance + Finance Lexicon Sentiment Tilt,0.005493895824341937
2023-08-30,Guarded Minimum Variance + Finance Lexicon Sentiment Tilt,0.0012523671088516838
2023-08-31,Guarded Minimum Variance + Finance Lexicon Sentiment Tilt,-0.004559127462367684
2023-09-01,Guarded Minimum Variance + Finance Lexicon Sentiment Tilt,0.0004441109677213626
2023-09-05,Guarded Minimum Variance + Finance Lexicon Sentiment Tilt,-0.009450972278358727
2023-09-06,Guarded Minimum Variance + Finance Lexicon Sentiment Tilt,-0.00208081292067025
2023-09-07,Guarded Minimum Variance + Finance Lexicon Sentiment Tilt,0.006410609716960283
2023-09-08,Guarded Minimum Variance + Finance Lexicon Sentiment Tilt,0.0036152826233670004
2023-09-11,Guarded Minimum Variance + Finance Lexicon Sentiment Tilt,0.002888040647490757
2023-09-12,Guarded Minimum Variance + Finance Lexicon Sentiment Tilt,-0.00040277628732885784
2023-09-13,Guarded Minimum Variance + Finance Lexicon Sentiment Tilt,0.00048376009937080213
2023-09-14,Guarded Minimum Variance + Finance Lexicon Sentiment Tilt,0.008908227673394248
2023-09-15,Guarded Minimum Variance + Finance Lexicon Sentiment Tilt,-0.00884602824731249
2023-09-18,Guarded Minimum Variance + Finance Lexicon Sentiment Tilt,0.0008503132579838445
2023-09-19,Guarded Minimum Variance + Finance Lexicon Sentiment Tilt,0.0004008445879610388
2023-09-20,Guarded Minimum Variance + Finance Lexicon Sentiment Tilt,0.0011065224511683032
2023-09-21,Guarded Minimum Variance + Finance Lexicon Sentiment Tilt,-0.014185205012400153
2023-09-22,Guarded Minimum Variance + Finance Lexicon Sentiment Tilt,-0.0016485385144311387
2023-09-25,Guarded Minimum Variance + Finance Lexicon Sentiment Tilt,-0.0009392655409708362
2023-09-26,Guarded Minimum Variance + Finance Lexicon Sentiment Tilt,-0.006513629430253496
2023-09-27,Guarded Minimum Variance + Finance Lexicon Sentiment Tilt,-0.0063506176074613774
2023-09-28,Guarded Minimum Variance + Finance Lexicon Sentiment Tilt,0.002284461443643318
2023-09-29,Guarded Minimum Variance + Finance Lexicon Sentiment Tilt,-0.003983888666140422
2023-10-02,Guarded Minimum Variance + Finance Lexicon Sentiment Tilt,-0.007476222858020729
2023-10-03,Guarded Minimum Variance + Finance Lexicon Sentiment Tilt,-0.00665922001576417
2023-10-04,Guarded Minimum Variance + Finance Lexicon Sentiment Tilt,0.004791988577722221
2023-10-05,Guarded Minimum Variance + Finance Lexicon Sentiment Tilt,-0.01231915709714764
2023-10-06,Guarded Minimum Variance + Finance Lexicon Sentiment Tilt,0.003901515252112283
2023-10-09,Guarded Minimum Variance + Finance Lexicon Sentiment Tilt,0.0033368907827466543
2023-10-10,Guarded Minimum Variance + Finance Lexicon Sentiment Tilt,0.01013173355820765
2023-10-11,Guarded Minimum Variance + Finance Lexicon Sentiment Tilt,0.0013597042444652898
2023-10-12,Guarded Minimum Variance + Finance Lexicon Sentiment Tilt,-0.004910730449852837
2023-10-13,Guarded Minimum Variance + Finance Lexicon Sentiment Tilt,0.002884041086956962
2023-10-16,Guarded Minimum Variance + Finance Lexicon Sentiment Tilt,0.0067293293652657
2023-10-17,Guarded Minimum Variance + Finance Lexicon Sentiment Tilt,0.004924849485970378
2023-10-18,Guarded Minimum Variance + Finance Lexicon Sentiment Tilt,-0.00625471932744998
2023-10-19,Guarded Minimum Variance + Finance Lexicon Sentiment Tilt,-0.0037817987376626235
2023-10-20,Guarded Minimum Variance + Finance Lexicon Sentiment Tilt,0.0004927126143450247
2023-10-23,Guarded Minimum Variance + Finance Lexicon Sentiment Tilt,-0.0035844402049166357
2023-10-24,Guarded Minimum Variance + Finance Lexicon Sentiment Tilt,0.01488143424189303
2023-10-25,Guarded Minimum Variance + Finance Lexicon Sentiment Tilt,-0.0007293909075430762
2023-10-26,Guarded Minimum Variance + Finance Lexicon Sentiment Tilt,-0.00211687162470398
2023-10-27,Guarded Minimum Variance + Finance Lexicon Sentiment Tilt,-0.01614309660485351
2023-10-30,Guarded Minimum Variance + Finance Lexicon Sentiment Tilt,0.005823886399710589
2023-10-31,Guarded Minimum Variance + Finance Lexicon Sentiment Tilt,0.0062065556446230805
2023-11-01,Guarded Minimum Variance + Finance Lexicon Sentiment Tilt,0.004188617584645616
2023-11-02,Guarded Minimum Variance + Finance Lexicon Sentiment Tilt,0.014579007979075706
2023-11-03,Guarded Minimum Variance + Finance Lexicon Sentiment Tilt,0.0015524681217018326
2023-11-06,Guarded Minimum Variance + Finance Lexicon Sentiment Tilt,0.0006081274380143424
2023-11-07,Guarded Minimum Variance + Finance Lexicon Sentiment Tilt,0.001513815983920893
2023-11-08,Guarded Minimum Variance + Finance Lexicon Sentiment Tilt,-0.0008132589308617404
2023-11-09,Guarded Minimum Variance + Finance Lexicon Sentiment Tilt,-0.009745728110852067
2023-11-10,Guarded Minimum Variance + Finance Lexicon Sentiment Tilt,0.0051058238702308524
2023-11-13,Guarded Minimum Variance + Finance Lexicon Sentiment Tilt,0.00315148978555573
2023-11-14,Guarded Minimum Variance + Finance Lexicon Sentiment Tilt,0.00713472573623982
2023-11-15,Guarded Minimum Variance + Finance Lexicon Sentiment Tilt,0.003308367451823283
2023-11-16,Guarded Minimum Variance + Finance Lexicon Sentiment Tilt,-0.014402744238948242
2023-11-17,Guarded Minimum Variance + Finance Lexicon Sentiment Tilt,0.00012204332784570123
2023-11-20,Guarded Minimum Variance + Finance Lexicon Sentiment Tilt,0.0039244476327792
2023-11-21,Guarded Minimum Variance + Finance Lexicon Sentiment Tilt,0.0030259170932564585
2023-11-22,Guarded Minimum Variance + Finance Lexicon Sentiment Tilt,-0.0007584497692551819
2023-11-24,Guarded Minimum Variance + Finance Lexicon Sentiment Tilt,0.004582208593872036
2023-11-27,Guarded Minimum Variance + Finance Lexicon Sentiment Tilt,0.0002817039374366419
2023-11-28,Guarded Minimum Variance + Finance Lexicon Sentiment Tilt,-0.00039733276787262055
2023-11-29,Guarded Minimum Variance + Finance Lexicon Sentiment Tilt,-0.0016572037524892331
2023-11-30,Guarded Minimum Variance + Finance Lexicon Sentiment Tilt,0.008918067171029363
2023-12-01,Guarded Minimum Variance + Finance Lexicon Sentiment Tilt,0.0034989947565868336
2023-12-04,Guarded Minimum Variance + Finance Lexicon Sentiment Tilt,0.002248515154741114
2023-12-05,Guarded Minimum Variance + Finance Lexicon Sentiment Tilt,0.0036806824736759372
2023-12-06,Guarded Minimum Variance + Finance Lexicon Sentiment Tilt,-0.002330635948904895
2023-12-07,Guarded Minimum Variance + Finance Lexicon Sentiment Tilt,-0.00017773637821029062
2023-12-08,Guarded Minimum Variance + Finance Lexicon Sentiment Tilt,-0.0012563190022032164
2023-12-11,Guarded Minimum Variance + Finance Lexicon Sentiment Tilt,0.00500178750183253
2023-12-12,Guarded Minimum Variance + Finance Lexicon Sentiment Tilt,0.0037047770638566372
2023-12-13,Guarded Minimum Variance + Finance Lexicon Sentiment Tilt,0.015282267570419252
2023-12-14,Guarded Minimum Variance + Finance Lexicon Sentiment Tilt,-0.0026588121938477473
2023-12-15,Guarded Minimum Variance + Finance Lexicon Sentiment Tilt,-0.005337835256384504
2023-12-18,Guarded Minimum Variance + Finance Lexicon Sentiment Tilt,0.004066730643876212
2023-12-19,Guarded Minimum Variance + Finance Lexicon Sentiment Tilt,0.0033367752322558874
2023-12-20,Guarded Minimum Variance + Finance Lexicon Sentiment Tilt,-0.011774683731127509
2023-12-21,Guarded Minimum Variance + Finance Lexicon Sentiment Tilt,0.007513287197708672
2023-12-22,Guarded Minimum Variance + Finance Lexicon Sentiment Tilt,0.006394087224417366
2023-12-26,Guarded Minimum Variance + Finance Lexicon Sentiment Tilt,0.0021582126239225756
2023-12-27,Guarded Minimum Variance + Finance Lexicon Sentiment Tilt,0.003994140350453992
2023-12-28,Guarded Minimum Variance + Finance Lexicon Sentiment Tilt,0.0015887234667034938
2023-12-29,Guarded Minimum Variance + Finance Lexicon Sentiment Tilt,-0.0002003531905168149
2021-01-04,Guarded Minimum Variance + Sentiment Tilt,0.0035338789865396545
2021-01-05,Guarded Minimum Variance + Sentiment Tilt,0.0010528019898488968
2021-01-06,Guarded Minimum Variance + Sentiment Tilt,0.006188350841603378
2021-01-07,Guarded Minimum Variance + Sentiment Tilt,0.006512023492880872
2021-01-08,Guarded Minimum Variance + Sentiment Tilt,-0.0025196894505178594
2021-01-11,Guarded Minimum Variance + Sentiment Tilt,0.0006040650215543952
2021-01-12,Guarded Minimum Variance + Sentiment Tilt,0.0010759851445242721
2021-01-13,Guarded Minimum Variance + Sentiment Tilt,-0.0019142200373718984
2021-01-14,Guarded Minimum Variance + Sentiment Tilt,0.003759053804978199
2021-01-15,Guarded Minimum Variance + Sentiment Tilt,-0.004929171341713009
2021-01-19,Guarded Minimum Variance + Sentiment Tilt,0.009419940601035334
2021-01-20,Guarded Minimum Variance + Sentiment Tilt,0.01485100251815059
2021-01-21,Guarded Minimum Variance + Sentiment Tilt,-0.009402014067473
2021-01-22,Guarded Minimum Variance + Sentiment Tilt,-0.00039616217283028256
2021-01-25,Guarded Minimum Variance + Sentiment Tilt,0.0033886630860404184
2021-01-26,Guarded Minimum Variance + Sentiment Tilt,-0.0017923918715406786
2021-01-27,Guarded Minimum Variance + Sentiment Tilt,-0.021706182827349103
2021-01-28,Guarded Minimum Variance + Sentiment Tilt,0.0010468858162150688
2021-01-29,Guarded Minimum Variance + Sentiment Tilt,-0.010447700547842921
2021-02-01,Guarded Minimum Variance + Sentiment Tilt,0.0007567119163383758
2021-02-02,Guarded Minimum Variance + Sentiment Tilt,0.006385247226440708
2021-02-03,Guarded Minimum Variance + Sentiment Tilt,-0.0023346515851163357
2021-02-04,Guarded Minimum Variance + Sentiment Tilt,0.00212378202251255
2021-02-05,Guarded Minimum Variance + Sentiment Tilt,0.014447660328702126
2021-02-08,Guarded Minimum Variance + Sentiment Tilt,0.0030579983016472212
2021-02-09,Guarded Minimum Variance + Sentiment Tilt,-0.0008705381092243287
2021-02-10,Guarded Minimum Variance + Sentiment Tilt,-0.00705098208505765
2021-02-11,Guarded Minimum Variance + Sentiment Tilt,-0.004784656489089717
2021-02-12,Guarded Minimum Variance + Sentiment Tilt,0.004243508072015124
2021-02-16,Guarded Minimum Variance + Sentiment Tilt,-0.00899581685257618
2021-02-17,Guarded Minimum Variance + Sentiment Tilt,0.006905030640477615
2021-02-18,Guarded Minimum Variance + Sentiment Tilt,-0.011387060713674891
2021-02-19,Guarded Minimum Variance + Sentiment Tilt,-0.007248298100758662
2021-02-22,Guarded Minimum Variance + Sentiment Tilt,0.0016439748300267633
2021-02-23,Guarded Minimum Variance + Sentiment Tilt,-0.007117851978418965
2021-02-24,Guarded Minimum Variance + Sentiment Tilt,-0.0009847837215257813
2021-02-25,Guarded Minimum Variance + Sentiment Tilt,-0.00888887751165285
2021-02-26,Guarded Minimum Variance + Sentiment Tilt,-0.017634897431499166
2021-03-01,Guarded Minimum Variance + Sentiment Tilt,0.008984079122826324
2021-03-02,Guarded Minimum Variance + Sentiment Tilt,0.0047836955121883604
2021-03-03,Guarded Minimum Variance + Sentiment Tilt,-0.013201834596553242
2021-03-04,Guarded Minimum Variance + Sentiment Tilt,-0.0029804540333481355
2021-03-05,Guarded Minimum Variance + Sentiment Tilt,0.01520403125350574
2021-03-08,Guarded Minimum Variance + Sentiment Tilt,-0.005314157327908605
2021-03-09,Guarded Minimum Variance + Sentiment Tilt,0.007274429997632563
2021-03-10,Guarded Minimum Variance + Sentiment Tilt,0.009501296707927421
2021-03-11,Guarded Minimum Variance + Sentiment Tilt,-0.00024374081998113317
2021-03-12,Guarded Minimum Variance + Sentiment Tilt,0.00515428541039871
2021-03-15,Guarded Minimum Variance + Sentiment Tilt,0.013442570688844614
2021-03-16,Guarded Minimum Variance + Sentiment Tilt,0.005135766205407575
2021-03-17,Guarded Minimum Variance + Sentiment Tilt,-0.010305869145420999
2021-03-18,Guarded Minimum Variance + Sentiment Tilt,-0.007868305618672187
2021-03-19,Guarded Minimum Variance + Sentiment Tilt,-0.002190081931529401
2021-03-22,Guarded Minimum Variance + Sentiment Tilt,0.009873602258478166
2021-03-23,Guarded Minimum Variance + Sentiment Tilt,0.0003801601396952437
2021-03-24,Guarded Minimum Variance + Sentiment Tilt,-0.006617717050404002
2021-03-25,Guarded Minimum Variance + Sentiment Tilt,0.0026579854874039304
2021-03-26,Guarded Minimum Variance + Sentiment Tilt,0.01724001072660521
2021-03-29,Guarded Minimum Variance + Sentiment Tilt,0.01091333874835865
2021-03-30,Guarded Minimum Variance + Sentiment Tilt,-0.008960388081161723
2021-03-31,Guarded Minimum Variance + Sentiment Tilt,0.0015638679357544542
2021-04-01,Guarded Minimum Variance + Sentiment Tilt,0.007106537828548783
2021-04-05,Guarded Minimum Variance + Sentiment Tilt,0.0123735504884497
2021-04-06,Guarded Minimum Variance + Sentiment Tilt,-0.0008299906851169708
2021-04-07,Guarded Minimum Variance + Sentiment Tilt,-0.0021391681747597808
2021-04-08,Guarded Minimum Variance + Sentiment Tilt,0.001208221749181158
2021-04-09,Guarded Minimum Variance + Sentiment Tilt,0.0029801245119494106
2021-04-12,Guarded Minimum Variance + Sentiment Tilt,0.002084211189028609
2021-04-13,Guarded Minimum Variance + Sentiment Tilt,0.0037656480313604194
2021-04-14,Guarded Minimum Variance + Sentiment Tilt,-0.0030717745839084374
2021-04-15,Guarded Minimum Variance + Sentiment Tilt,0.00909766709948295
2021-04-16,Guarded Minimum Variance + Sentiment Tilt,0.0016113878567297181
2021-04-19,Guarded Minimum Variance + Sentiment Tilt,-0.002090667749674264
2021-04-20,Guarded Minimum Variance + Sentiment Tilt,0.005989052357317069
2021-04-21,Guarded Minimum Variance + Sentiment Tilt,0.0039124311326671655
2021-04-22,Guarded Minimum Variance + Sentiment Tilt,-0.0009035395029362257
2021-04-23,Guarded Minimum Variance + Sentiment Tilt,0.002525520781497225
2021-04-26,Guarded Minimum Variance + Sentiment Tilt,-0.0045373424380126814
2021-04-27,Guarded Minimum Variance + Sentiment Tilt,-0.004024117609790386
2021-04-28,Guarded Minimum Variance + Sentiment Tilt,-0.0005650431109460387
2021-04-29,Guarded Minimum Variance + Sentiment Tilt,0.008010705786542982
2021-04-30,Guarded Minimum Variance + Sentiment Tilt,-5.5486715344046575e-05
2021-05-03,Guarded Minimum Variance + Sentiment Tilt,0.008370483376768061
2021-05-04,Guarded Minimum Variance + Sentiment Tilt,-0.005772376986481823
2021-05-05,Guarded Minimum Variance + Sentiment Tilt,0.004691623629897762
2021-05-06,Guarded Minimum Variance + Sentiment Tilt,0.007331360692966504
2021-05-07,Guarded Minimum Variance + Sentiment Tilt,0.0008399032338120936
2021-05-10,Guarded Minimum Variance + Sentiment Tilt,0.004078457103503552
2021-05-11,Guarded Minimum Variance + Sentiment Tilt,-0.007470896613377947
2021-05-12,Guarded Minimum Variance + Sentiment Tilt,-0.016061760848425248
2021-05-13,Guarded Minimum Variance + Sentiment Tilt,0.0124908618216595
2021-05-14,Guarded Minimum Variance + Sentiment Tilt,0.0032874223579108038
2021-05-17,Guarded Minimum Variance + Sentiment Tilt,-0.0024372844058999548
2021-05-18,Guarded Minimum Variance + Sentiment Tilt,-0.0036580209992218434
2021-05-19,Guarded Minimum Variance + Sentiment Tilt,-0.003738225129757123
2021-05-20,Guarded Minimum Variance + Sentiment Tilt,0.011997392639481168
2021-05-21,Guarded Minimum Variance + Sentiment Tilt,-0.003362125652927439
2021-05-24,Guarded Minimum Variance + Sentiment Tilt,0.0012809102054714269
2021-05-25,Guarded Minimum Variance + Sentiment Tilt,-0.005211055044165395
2021-05-26,Guarded Minimum Variance + Sentiment Tilt,0.0017104269419287157
2021-05-27,Guarded Minimum Variance + Sentiment Tilt,-0.0049762733102947185
2021-05-28,Guarded Minimum Variance + Sentiment Tilt,0.00017987481125519378
2021-06-01,Guarded Minimum Variance + Sentiment Tilt,-0.004182537836458516
2021-06-02,Guarded Minimum Variance + Sentiment Tilt,0.001314352767179798
2021-06-03,Guarded Minimum Variance + Sentiment Tilt,0.004111433518162487
2021-06-04,Guarded Minimum Variance + Sentiment Tilt,0.0057967705578105076
2021-06-07,Guarded Minimum Variance + Sentiment Tilt,-0.004096111607949235
2021-06-08,Guarded Minimum Variance + Sentiment Tilt,-0.00503478990087068
2021-06-09,Guarded Minimum Variance + Sentiment Tilt,0.004760787146848596
2021-06-10,Guarded Minimum Variance + Sentiment Tilt,0.007894949892001263
2021-06-11,Guarded Minimum Variance + Sentiment Tilt,0.0017236631575358818
2021-06-14,Guarded Minimum Variance + Sentiment Tilt,0.0003929069275273779
2021-06-15,Guarded Minimum Variance + Sentiment Tilt,-0.004300007424544198
2021-06-16,Guarded Minimum Variance + Sentiment Tilt,-0.011436207491214248
2021-06-17,Guarded Minimum Variance + Sentiment Tilt,-0.00023379155415981733
2021-06-18,Guarded Minimum Variance + Sentiment Tilt,-0.011079235774551485
2021-06-21,Guarded Minimum Variance + Sentiment Tilt,0.009802141451899147
2021-06-22,Guarded Minimum Variance + Sentiment Tilt,-0.0010951077459362578
2021-06-23,Guarded Minimum Variance + Sentiment Tilt,-0.007011805211318666
2021-06-24,Guarded Minimum Variance + Sentiment Tilt,0.005776605942547744
2021-06-25,Guarded Minimum Variance + Sentiment Tilt,0.011177943269037559
2021-06-28,Guarded Minimum Variance + Sentiment Tilt,0.0022489553649667933
2021-06-29,Guarded Minimum Variance + Sentiment Tilt,-0.0030368380266765525
2021-06-30,Guarded Minimum Variance + Sentiment Tilt,0.007523376315981964
2021-07-01,Guarded Minimum Variance + Sentiment Tilt,0.0033488257615466865
2021-07-02,Guarded Minimum Variance + Sentiment Tilt,0.005179677717538814
2021-07-06,Guarded Minimum Variance + Sentiment Tilt,-0.001985104989392185
2021-07-07,Guarded Minimum Variance + Sentiment Tilt,0.002220813405796224
2021-07-08,Guarded Minimum Variance + Sentiment Tilt,-0.005120260503698035
2021-07-09,Guarded Minimum Variance + Sentiment Tilt,0.007036604502557693
2021-07-12,Guarded Minimum Variance + Sentiment Tilt,0.002069813727606347
2021-07-13,Guarded Minimum Variance + Sentiment Tilt,-0.002859512615189393
2021-07-14,Guarded Minimum Variance + Sentiment Tilt,0.004170695489000331
2021-07-15,Guarded Minimum Variance + Sentiment Tilt,0.0011866615055378072
2021-07-16,Guarded Minimum Variance + Sentiment Tilt,-0.001622467358641882
2021-07-19,Guarded Minimum Variance + Sentiment Tilt,-0.013782880567980684
2021-07-20,Guarded Minimum Variance + Sentiment Tilt,0.005241433026040089
2021-07-21,Guarded Minimum Variance + Sentiment Tilt,-0.0014015750226794939
2021-07-22,Guarded Minimum Variance + Sentiment Tilt,-6.049199759404153e-05
2021-07-23,Guarded Minimum Variance + Sentiment Tilt,0.010089662904904043
2021-07-26,Guarded Minimum Variance + Sentiment Tilt,0.0009640523760251346
2021-07-27,Guarded Minimum Variance + Sentiment Tilt,0.0011305891091714674
2021-07-28,Guarded Minimum Variance + Sentiment Tilt,-0.0009120134659398987
2021-07-29,Guarded Minimum Variance + Sentiment Tilt,-0.0003475319999604682
2021-07-30,Guarded Minimum Variance + Sentiment Tilt,-0.0025470129621904493
2021-08-02,Guarded Minimum Variance + Sentiment Tilt,-0.0012798481233598695
2021-08-03,Guarded Minimum Variance + Sentiment Tilt,9.38771724803395e-05
2021-08-04,Guarded Minimum Variance + Sentiment Tilt,-0.00788293803290362
2021-08-05,Guarded Minimum Variance + Sentiment Tilt,0.004571677421970677
2021-08-06,Guarded Minimum Variance + Sentiment Tilt,-0.0011151865933641775
2021-08-09,Guarded Minimum Variance + Sentiment Tilt,0.0012472235634394284
2021-08-10,Guarded Minimum Variance + Sentiment Tilt,0.004683649736718888
2021-08-11,Guarded Minimum Variance + Sentiment Tilt,0.004751585773045854
2021-08-12,Guarded Minimum Variance + Sentiment Tilt,0.0028703736555825447
2021-08-13,Guarded Minimum Variance + Sentiment Tilt,0.004227901510580538
2021-08-16,Guarded Minimum Variance + Sentiment Tilt,0.006517971774816843
2021-08-17,Guarded Minimum Variance + Sentiment Tilt,0.002485378656033342
2021-08-18,Guarded Minimum Variance + Sentiment Tilt,-0.0107602470780129
2021-08-19,Guarded Minimum Variance + Sentiment Tilt,0.0015004533811050942
2021-08-20,Guarded Minimum Variance + Sentiment Tilt,0.003893513623872407
2021-08-23,Guarded Minimum Variance + Sentiment Tilt,-0.0012006885067301098
2021-08-24,Guarded Minimum Variance + Sentiment Tilt,-0.005512597332045112
2021-08-25,Guarded Minimum Variance + Sentiment Tilt,-0.003402292391444315
2021-08-26,Guarded Minimum Variance + Sentiment Tilt,-0.006604138944884426
2021-08-27,Guarded Minimum Variance + Sentiment Tilt,0.0022048482985674855
2021-08-30,Guarded Minimum Variance + Sentiment Tilt,0.0036420278813046655
2021-08-31,Guarded Minimum Variance + Sentiment Tilt,0.004012720510697144
2021-09-01,Guarded Minimum Variance + Sentiment Tilt,0.001081621611352631
2021-09-02,Guarded Minimum Variance + Sentiment Tilt,0.006624960646512355
2021-09-03,Guarded Minimum Variance + Sentiment Tilt,-0.0011893489912890621
2021-09-07,Guarded Minimum Variance + Sentiment Tilt,-0.01517903757881263
2021-09-08,Guarded Minimum Variance + Sentiment Tilt,0.005098725247457192
2021-09-09,Guarded Minimum Variance + Sentiment Tilt,-0.011251684518603346
2021-09-10,Guarded Minimum Variance + Sentiment Tilt,-0.007531357724991354
2021-09-13,Guarded Minimum Variance + Sentiment Tilt,-0.0006456147734224891
2021-09-14,Guarded Minimum Variance + Sentiment Tilt,-0.004765717525322973
2021-09-15,Guarded Minimum Variance + Sentiment Tilt,0.003689268900234491
2021-09-16,Guarded Minimum Variance + Sentiment Tilt,-0.004705691313163088
2021-09-17,Guarded Minimum Variance + Sentiment Tilt,-0.008285269399371898
2021-09-20,Guarded Minimum Variance + Sentiment Tilt,-0.00960775935120707
2021-09-21,Guarded Minimum Variance + Sentiment Tilt,-0.004305652395925085
2021-09-22,Guarded Minimum Variance + Sentiment Tilt,0.0011553686074066696
2021-09-23,Guarded Minimum Variance + Sentiment Tilt,0.0031454986290102033
2021-09-24,Guarded Minimum Variance + Sentiment Tilt,-0.0033457223908226106
2021-09-27,Guarded Minimum Variance + Sentiment Tilt,-0.0034606584831265376
2021-09-28,Guarded Minimum Variance + Sentiment Tilt,-0.005463459673401621
2021-09-29,Guarded Minimum Variance + Sentiment Tilt,0.008985857623370898
2021-09-30,Guarded Minimum Variance + Sentiment Tilt,-0.009112320345561828
2021-10-01,Guarded Minimum Variance + Sentiment Tilt,0.013702531053664905
2021-10-04,Guarded Minimum Variance + Sentiment Tilt,0.002135557251404928
2021-10-05,Guarded Minimum Variance + Sentiment Tilt,0.0011844969050148041
2021-10-06,Guarded Minimum Variance + Sentiment Tilt,0.0029945991217329216
2021-10-07,Guarded Minimum Variance + Sentiment Tilt,0.008619248218458452
2021-10-08,Guarded Minimum Variance + Sentiment Tilt,-0.005057974985697702
2021-10-11,Guarded Minimum Variance + Sentiment Tilt,-0.008624428589306952
2021-10-12,Guarded Minimum Variance + Sentiment Tilt,-0.0006790199159590732
2021-10-13,Guarded Minimum Variance + Sentiment Tilt,0.0006433393792607951
2021-10-14,Guarded Minimum Variance + Sentiment Tilt,0.008917885709596153
2021-10-15,Guarded Minimum Variance + Sentiment Tilt,-0.0007826313741940087
2021-10-18,Guarded Minimum Variance + Sentiment Tilt,-0.0016700396189690601
2021-10-19,Guarded Minimum Variance + Sentiment Tilt,0.013644269615206223
2021-10-20,Guarded Minimum Variance + Sentiment Tilt,0.010367772236301271
2021-10-21,Guarded Minimum Variance + Sentiment Tilt,0.005566150811544552
2021-10-22,Guarded Minimum Variance + Sentiment Tilt,0.0028715504099127657
2021-10-25,Guarded Minimum Variance + Sentiment Tilt,0.0043196694348258844
2021-10-26,Guarded Minimum Variance + Sentiment Tilt,8.81533225406462e-05
2021-10-27,Guarded Minimum Variance + Sentiment Tilt,-0.010626440424460207
2021-10-28,Guarded Minimum Variance + Sentiment Tilt,0.018109860716671942
2021-10-29,Guarded Minimum Variance + Sentiment Tilt,-0.0013213274825275706
2021-11-01,Guarded Minimum Variance + Sentiment Tilt,0.005455790353218889
2021-11-02,Guarded Minimum Variance + Sentiment Tilt,0.004767484791470163
2021-11-03,Guarded Minimum Variance + Sentiment Tilt,0.00020444857428334514
2021-11-04,Guarded Minimum Variance + Sentiment Tilt,0.0003967273708262724
2021-11-05,Guarded Minimum Variance + Sentiment Tilt,-0.011544755157291366
2021-11-08,Guarded Minimum Variance + Sentiment Tilt,0.0017167697176032428
2021-11-09,Guarded Minimum Variance + Sentiment Tilt,0.0005548428589018066
2021-11-10,Guarded Minimum Variance + Sentiment Tilt,0.0007626065321126255
2021-11-11,Guarded Minimum Variance + Sentiment Tilt,0.0022572644545809624
2021-11-12,Guarded Minimum Variance + Sentiment Tilt,0.002385420056558848
2021-11-15,Guarded Minimum Variance + Sentiment Tilt,-0.002322880223671984
2021-11-16,Guarded Minimum Variance + Sentiment Tilt,-0.00499749547257451
2021-11-17,Guarded Minimum Variance + Sentiment Tilt,-0.002682119947429294
2021-11-18,Guarded Minimum Variance + Sentiment Tilt,-0.0020741325126323487
2021-11-19,Guarded Minimum Variance + Sentiment Tilt,-0.0078113016445829275
2021-11-22,Guarded Minimum Variance + Sentiment Tilt,0.0037796578656762877
2021-11-23,Guarded Minimum Variance + Sentiment Tilt,0.0065782568730033564
2021-11-24,Guarded Minimum Variance + Sentiment Tilt,-0.0008087337118199432
2021-11-26,Guarded Minimum Variance + Sentiment Tilt,-0.014703198745744196
2021-11-29,Guarded Minimum Variance + Sentiment Tilt,-0.0003320789419844828
2021-11-30,Guarded Minimum Variance + Sentiment Tilt,-0.021890452017434003
2021-12-01,Guarded Minimum Variance + Sentiment Tilt,-0.011686704299073675
2021-12-02,Guarded Minimum Variance + Sentiment Tilt,0.013968902536085404
2021-12-03,Guarded Minimum Variance + Sentiment Tilt,0.009072477771098618
2021-12-06,Guarded Minimum Variance + Sentiment Tilt,0.010598928736081498
2021-12-07,Guarded Minimum Variance + Sentiment Tilt,0.0030075579378820907
2021-12-08,Guarded Minimum Variance + Sentiment Tilt,0.000683326318084908
2021-12-09,Guarded Minimum Variance + Sentiment Tilt,-0.003061988577635894
2021-12-10,Guarded Minimum Variance + Sentiment Tilt,0.007724981909096608
2021-12-13,Guarded Minimum Variance + Sentiment Tilt,0.005261116497794899
2021-12-14,Guarded Minimum Variance + Sentiment Tilt,-0.0003749026823655604
2021-12-15,Guarded Minimum Variance + Sentiment Tilt,0.012852866442622067
2021-12-16,Guarded Minimum Variance + Sentiment Tilt,0.010589446095252782
2021-12-17,Guarded Minimum Variance + Sentiment Tilt,-0.012372027798161449
2021-12-20,Guarded Minimum Variance + Sentiment Tilt,0.0018549448215170149
2021-12-21,Guarded Minimum Variance + Sentiment Tilt,0.003834290302172907
2021-12-22,Guarded Minimum Variance + Sentiment Tilt,0.006370588318470158
2021-12-23,Guarded Minimum Variance + Sentiment Tilt,0.0017530373226780794
2021-12-27,Guarded Minimum Variance + Sentiment Tilt,0.010614817687865135
2021-12-28,Guarded Minimum Variance + Sentiment Tilt,0.0044768898476421765
2021-12-29,Guarded Minimum Variance + Sentiment Tilt,0.0010158526836250691
2021-12-30,Guarded Minimum Variance + Sentiment Tilt,0.0006505705396911398
2021-12-31,Guarded Minimum Variance + Sentiment Tilt,-0.0010892973861287296
2022-01-03,Guarded Minimum Variance + Sentiment Tilt,0.0025690054248014124
2022-01-04,Guarded Minimum Variance + Sentiment Tilt,-0.0003144606417421008
2022-01-05,Guarded Minimum Variance + Sentiment Tilt,-0.0021066483260485684
2022-01-06,Guarded Minimum Variance + Sentiment Tilt,-0.00398040410002481
2022-01-07,Guarded Minimum Variance + Sentiment Tilt,0.004619445145280641
2022-01-10,Guarded Minimum Variance + Sentiment Tilt,-0.0009586407564161608
2022-01-11,Guarded Minimum Variance + Sentiment Tilt,0.003565973050520659
2022-01-12,Guarded Minimum Variance + Sentiment Tilt,0.0010347007331968543
2022-01-13,Guarded Minimum Variance + Sentiment Tilt,-0.0019421346132434858
2022-01-14,Guarded Minimum Variance + Sentiment Tilt,-0.002176852946650108
2022-01-18,Guarded Minimum Variance + Sentiment Tilt,-0.009416022456421829
2022-01-19,Guarded Minimum Variance + Sentiment Tilt,-0.0004916255667503956
2022-01-20,Guarded Minimum Variance + Sentiment Tilt,-0.011051161583848775
2022-01-21,Guarded Minimum Variance + Sentiment Tilt,-0.004399464940130906
2022-01-24,Guarded Minimum Variance + Sentiment Tilt,-0.005040408897452146
2022-01-25,Guarded Minimum Variance + Sentiment Tilt,-0.005172348134114673
2022-01-26,Guarded Minimum Variance + Sentiment Tilt,-0.016065629734767616
2022-01-27,Guarded Minimum Variance + Sentiment Tilt,0.0002203140954567639
2022-01-28,Guarded Minimum Variance + Sentiment Tilt,0.016444757642722314
2022-01-31,Guarded Minimum Variance + Sentiment Tilt,0.011026925062682547
2022-02-01,Guarded Minimum Variance + Sentiment Tilt,-0.001994053388569701
2022-02-02,Guarded Minimum Variance + Sentiment Tilt,0.011966516848765084
2022-02-03,Guarded Minimum Variance + Sentiment Tilt,-0.005614661263003143
2022-02-04,Guarded Minimum Variance + Sentiment Tilt,-0.003934202339856658
2022-02-07,Guarded Minimum Variance + Sentiment Tilt,-0.00029368288624299183
2022-02-08,Guarded Minimum Variance + Sentiment Tilt,-0.0011430908350471653
2022-02-09,Guarded Minimum Variance + Sentiment Tilt,0.006074612843442465
2022-02-10,Guarded Minimum Variance + Sentiment Tilt,-0.01692631405780882
2022-02-11,Guarded Minimum Variance + Sentiment Tilt,-0.0032727362110352236
2022-02-14,Guarded Minimum Variance + Sentiment Tilt,-0.00753024344050956
2022-02-15,Guarded Minimum Variance + Sentiment Tilt,0.0023586955480066406
2022-02-16,Guarded Minimum Variance + Sentiment Tilt,-0.0016633160826045883
2022-02-17,Guarded Minimum Variance + Sentiment Tilt,-0.006096045421687727
2022-02-18,Guarded Minimum Variance + Sentiment Tilt,-0.005088614641734293
2022-02-22,Guarded Minimum Variance + Sentiment Tilt,-0.004160329818705894
2022-02-23,Guarded Minimum Variance + Sentiment Tilt,-0.0029260330588818826
2022-02-24,Guarded Minimum Variance + Sentiment Tilt,-0.0006932390088937406
2022-02-25,Guarded Minimum Variance + Sentiment Tilt,0.026309727312011245
2022-02-28,Guarded Minimum Variance + Sentiment Tilt,-0.004661908565629898
2022-03-01,Guarded Minimum Variance + Sentiment Tilt,-0.0018792145548812257
2022-03-02,Guarded Minimum Variance + Sentiment Tilt,0.012015982341107886
2022-03-03,Guarded Minimum Variance + Sentiment Tilt,0.008206509485918065
2022-03-04,Guarded Minimum Variance + Sentiment Tilt,0.007587509562526771
2022-03-07,Guarded Minimum Variance + Sentiment Tilt,-0.009194772221138257
2022-03-08,Guarded Minimum Variance + Sentiment Tilt,-0.013919175218073206
2022-03-09,Guarded Minimum Variance + Sentiment Tilt,0.0050101460531341985
2022-03-10,Guarded Minimum Variance + Sentiment Tilt,0.0015129511435355975
2022-03-11,Guarded Minimum Variance + Sentiment Tilt,-0.005538577374246687
2022-03-14,Guarded Minimum Variance + Sentiment Tilt,-0.0048616774067252
2022-03-15,Guarded Minimum Variance + Sentiment Tilt,0.008263479049825726
2022-03-16,Guarded Minimum Variance + Sentiment Tilt,0.0057682411606724245
2022-03-17,Guarded Minimum Variance + Sentiment Tilt,0.011473753137034155
2022-03-18,Guarded Minimum Variance + Sentiment Tilt,0.0027527664215672497
2022-03-21,Guarded Minimum Variance + Sentiment Tilt,0.002607599775044823
2022-03-22,Guarded Minimum Variance + Sentiment Tilt,0.004551431761847616
2022-03-23,Guarded Minimum Variance + Sentiment Tilt,-0.009235775978769617
2022-03-24,Guarded Minimum Variance + Sentiment Tilt,0.0064390031298118535
2022-03-25,Guarded Minimum Variance + Sentiment Tilt,0.00830243658901105
2022-03-28,Guarded Minimum Variance + Sentiment Tilt,0.005871381685850227
2022-03-29,Guarded Minimum Variance + Sentiment Tilt,0.012857976279613322
2022-03-30,Guarded Minimum Variance + Sentiment Tilt,0.000598821484896901
2022-03-31,Guarded Minimum Variance + Sentiment Tilt,-0.008856001288810348
2022-04-01,Guarded Minimum Variance + Sentiment Tilt,0.008802485274656009
2022-04-04,Guarded Minimum Variance + Sentiment Tilt,0.002891947463762285
2022-04-05,Guarded Minimum Variance + Sentiment Tilt,-0.004527547045580709
2022-04-06,Guarded Minimum Variance + Sentiment Tilt,0.011274393776312374
2022-04-07,Guarded Minimum Variance + Sentiment Tilt,0.0034561211569341917
2022-04-08,Guarded Minimum Variance + Sentiment Tilt,0.006687114160953457
2022-04-11,Guarded Minimum Variance + Sentiment Tilt,-0.014044054766821537
2022-04-12,Guarded Minimum Variance + Sentiment Tilt,0.00230421021586074
2022-04-13,Guarded Minimum Variance + Sentiment Tilt,0.005905204904074874
2022-04-14,Guarded Minimum Variance + Sentiment Tilt,0.0012167584822355931
2022-04-18,Guarded Minimum Variance + Sentiment Tilt,-0.004716776178315299
2022-04-19,Guarded Minimum Variance + Sentiment Tilt,0.008529818409197233
2022-04-20,Guarded Minimum Variance + Sentiment Tilt,0.0024432245095044425
2022-04-21,Guarded Minimum Variance + Sentiment Tilt,-0.010368909377080817
2022-04-22,Guarded Minimum Variance + Sentiment Tilt,-0.015570350252701046
2022-04-25,Guarded Minimum Variance + Sentiment Tilt,-0.0013212173046035015
2022-04-26,Guarded Minimum Variance + Sentiment Tilt,-0.015189024175443403
2022-04-27,Guarded Minimum Variance + Sentiment Tilt,-0.0028642575187834028
2022-04-28,Guarded Minimum Variance + Sentiment Tilt,0.014715664703199927
2022-04-29,Guarded Minimum Variance + Sentiment Tilt,-0.0316937189084495
2022-05-02,Guarded Minimum Variance + Sentiment Tilt,0.000538538215962385
2022-05-03,Guarded Minimum Variance + Sentiment Tilt,0.003096488473834076
2022-05-04,Guarded Minimum Variance + Sentiment Tilt,0.024352017444480147
2022-05-05,Guarded Minimum Variance + Sentiment Tilt,-0.015192222872820491
2022-05-06,Guarded Minimum Variance + Sentiment Tilt,-0.006599061208151238
2022-05-09,Guarded Minimum Variance + Sentiment Tilt,-0.014038317295194941
2022-05-10,Guarded Minimum Variance + Sentiment Tilt,-0.00817046340292495
2022-05-11,Guarded Minimum Variance + Sentiment Tilt,0.007125826399283998
2022-05-12,Guarded Minimum Variance + Sentiment Tilt,0.006654922742018809
2022-05-13,Guarded Minimum Variance + Sentiment Tilt,0.010054603493360806
2022-05-16,Guarded Minimum Variance + Sentiment Tilt,0.005915350870903994
2022-05-17,Guarded Minimum Variance + Sentiment Tilt,-0.003790465024447214
2022-05-18,Guarded Minimum Variance + Sentiment Tilt,-0.024621386287685777
2022-05-19,Guarded Minimum Variance + Sentiment Tilt,-0.005466410984948477
2022-05-20,Guarded Minimum Variance + Sentiment Tilt,0.002518807019606592
2022-05-23,Guarded Minimum Variance + Sentiment Tilt,0.017093095647432603
2022-05-24,Guarded Minimum Variance + Sentiment Tilt,0.009775779140798791
2022-05-25,Guarded Minimum Variance + Sentiment Tilt,0.0056346013143562705
2022-05-26,Guarded Minimum Variance + Sentiment Tilt,0.006086946137617262
2022-05-27,Guarded Minimum Variance + Sentiment Tilt,0.011072274719996524
2022-05-31,Guarded Minimum Variance + Sentiment Tilt,-0.009117729818830213
2022-06-01,Guarded Minimum Variance + Sentiment Tilt,-0.005854576960741854
2022-06-02,Guarded Minimum Variance + Sentiment Tilt,0.0027244866619515282
2022-06-03,Guarded Minimum Variance + Sentiment Tilt,-0.0051444223407851875
2022-06-06,Guarded Minimum Variance + Sentiment Tilt,-0.004106515450280442
2022-06-07,Guarded Minimum Variance + Sentiment Tilt,0.007072829837114521
2022-06-08,Guarded Minimum Variance + Sentiment Tilt,-0.009982887598055906
2022-06-09,Guarded Minimum Variance + Sentiment Tilt,-0.02222688528472539
2022-06-10,Guarded Minimum Variance + Sentiment Tilt,-0.009329187036825214
2022-06-13,Guarded Minimum Variance + Sentiment Tilt,-0.033826474218724076
2022-06-14,Guarded Minimum Variance + Sentiment Tilt,-0.013794058478866646
2022-06-15,Guarded Minimum Variance + Sentiment Tilt,0.003083450437001602
2022-06-16,Guarded Minimum Variance + Sentiment Tilt,-0.008972869142543811
2022-06-17,Guarded Minimum Variance + Sentiment Tilt,-0.0038283365004466285
2022-06-21,Guarded Minimum Variance + Sentiment Tilt,0.02288434370262115
2022-06-22,Guarded Minimum Variance + Sentiment Tilt,0.0028642151547598037
2022-06-23,Guarded Minimum Variance + Sentiment Tilt,0.013435254583556874
2022-06-24,Guarded Minimum Variance + Sentiment Tilt,0.013596302811597972
2022-06-27,Guarded Minimum Variance + Sentiment Tilt,-0.0027449558539273857
2022-06-28,Guarded Minimum Variance + Sentiment Tilt,-0.008841014053520252
2022-06-29,Guarded Minimum Variance + Sentiment Tilt,0.000513458802181454
2022-06-30,Guarded Minimum Variance + Sentiment Tilt,-0.007409905203770126
2022-07-01,Guarded Minimum Variance + Sentiment Tilt,0.015195981914317489
2022-07-05,Guarded Minimum Variance + Sentiment Tilt,-0.003814102871323235
2022-07-06,Guarded Minimum Variance + Sentiment Tilt,0.0015946883184507223
2022-07-07,Guarded Minimum Variance + Sentiment Tilt,0.0023100340548921254
2022-07-08,Guarded Minimum Variance + Sentiment Tilt,-0.0024161249606072456
2022-07-11,Guarded Minimum Variance + Sentiment Tilt,-0.00022928051335968495
2022-07-12,Guarded Minimum Variance + Sentiment Tilt,-0.005564460888551844
2022-07-13,Guarded Minimum Variance + Sentiment Tilt,-0.0016643920817843963
2022-07-14,Guarded Minimum Variance + Sentiment Tilt,-0.004066544900991467
2022-07-15,Guarded Minimum Variance + Sentiment Tilt,0.010617947554091588
2022-07-18,Guarded Minimum Variance + Sentiment Tilt,-0.011835528252100606
2022-07-19,Guarded Minimum Variance + Sentiment Tilt,0.013732983624820515
2022-07-20,Guarded Minimum Variance + Sentiment Tilt,-0.0058032027490984624
2022-07-21,Guarded Minimum Variance + Sentiment Tilt,0.0037497308972300695
2022-07-22,Guarded Minimum Variance + Sentiment Tilt,0.0001562261468890031
2022-07-25,Guarded Minimum Variance + Sentiment Tilt,-0.0028163187554213678
2022-07-26,Guarded Minimum Variance + Sentiment Tilt,-0.005046112898126996
2022-07-27,Guarded Minimum Variance + Sentiment Tilt,0.00434602221362163
2022-07-28,Guarded Minimum Variance + Sentiment Tilt,0.00844269752289449
2022-07-29,Guarded Minimum Variance + Sentiment Tilt,0.0034460669503579757
2022-08-01,Guarded Minimum Variance + Sentiment Tilt,-0.004764000393468838
2022-08-02,Guarded Minimum Variance + Sentiment Tilt,-0.005423058820101134
2022-08-03,Guarded Minimum Variance + Sentiment Tilt,0.013581890675053873
2022-08-04,Guarded Minimum Variance + Sentiment Tilt,-0.006722103487514144
2022-08-05,Guarded Minimum Variance + Sentiment Tilt,-0.004500846446920404
2022-08-08,Guarded Minimum Variance + Sentiment Tilt,0.00430818647734812
2022-08-09,Guarded Minimum Variance + Sentiment Tilt,0.0023772729074115857
2022-08-10,Guarded Minimum Variance + Sentiment Tilt,0.011628464174036582
2022-08-11,Guarded Minimum Variance + Sentiment Tilt,-0.0015515603302534437
2022-08-12,Guarded Minimum Variance + Sentiment Tilt,0.014438334274076392
2022-08-15,Guarded Minimum Variance + Sentiment Tilt,0.011790836491532859
2022-08-16,Guarded Minimum Variance + Sentiment Tilt,0.012612332407603729
2022-08-17,Guarded Minimum Variance + Sentiment Tilt,-0.006221130302577313
2022-08-18,Guarded Minimum Variance + Sentiment Tilt,-0.002725750390396007
2022-08-19,Guarded Minimum Variance + Sentiment Tilt,-0.004628842956179224
2022-08-22,Guarded Minimum Variance + Sentiment Tilt,-0.014126777363278935
2022-08-23,Guarded Minimum Variance + Sentiment Tilt,-0.004752843373750228
2022-08-24,Guarded Minimum Variance + Sentiment Tilt,0.0003433426391509434
2022-08-25,Guarded Minimum Variance + Sentiment Tilt,0.006235525256408776
2022-08-26,Guarded Minimum Variance + Sentiment Tilt,-0.01808396726967238
2022-08-29,Guarded Minimum Variance + Sentiment Tilt,-0.0037955909190320256
2022-08-30,Guarded Minimum Variance + Sentiment Tilt,-0.008334207556922275
2022-08-31,Guarded Minimum Variance + Sentiment Tilt,-0.002183902038752306
2022-09-01,Guarded Minimum Variance + Sentiment Tilt,0.011979511985618724
2022-09-02,Guarded Minimum Variance + Sentiment Tilt,-0.009368661513588193
2022-09-06,Guarded Minimum Variance + Sentiment Tilt,-0.002247204682360656
2022-09-07,Guarded Minimum Variance + Sentiment Tilt,0.016428712224722995
2022-09-08,Guarded Minimum Variance + Sentiment Tilt,0.0027916595049893357
2022-09-09,Guarded Minimum Variance + Sentiment Tilt,0.009129384645332419
2022-09-12,Guarded Minimum Variance + Sentiment Tilt,0.008440669234815347
2022-09-13,Guarded Minimum Variance + Sentiment Tilt,-0.030132994640249045
2022-09-14,Guarded Minimum Variance + Sentiment Tilt,0.006090510353692499
2022-09-15,Guarded Minimum Variance + Sentiment Tilt,-0.010357744560447298
2022-09-16,Guarded Minimum Variance + Sentiment Tilt,0.0010366104051021151
2022-09-19,Guarded Minimum Variance + Sentiment Tilt,0.0037352560075336505
2022-09-20,Guarded Minimum Variance + Sentiment Tilt,-0.01358860689815179
2022-09-21,Guarded Minimum Variance + Sentiment Tilt,-0.012868561929705747
2022-09-22,Guarded Minimum Variance + Sentiment Tilt,0.0031589120816997353
2022-09-23,Guarded Minimum Variance + Sentiment Tilt,-0.016640611776111418
2022-09-26,Guarded Minimum Variance + Sentiment Tilt,-0.010241582526943849
2022-09-27,Guarded Minimum Variance + Sentiment Tilt,-0.005622937998884665
2022-09-28,Guarded Minimum Variance + Sentiment Tilt,0.022113596635568215
2022-09-29,Guarded Minimum Variance + Sentiment Tilt,-0.016155911582160537
2022-09-30,Guarded Minimum Variance + Sentiment Tilt,-0.016836273829573388
2022-10-03,Guarded Minimum Variance + Sentiment Tilt,0.026082450673901164
2022-10-04,Guarded Minimum Variance + Sentiment Tilt,0.02146670557005766
2022-10-05,Guarded Minimum Variance + Sentiment Tilt,-0.003738835104916473
2022-10-06,Guarded Minimum Variance + Sentiment Tilt,-0.007694395086613114
2022-10-07,Guarded Minimum Variance + Sentiment Tilt,-0.014719461055584903
2022-10-10,Guarded Minimum Variance + Sentiment Tilt,0.0013110177428438327
2022-10-11,Guarded Minimum Variance + Sentiment Tilt,0.014949862718867595
2022-10-12,Guarded Minimum Variance + Sentiment Tilt,-0.004431165004578349
2022-10-13,Guarded Minimum Variance + Sentiment Tilt,0.01976356003864706
2022-10-14,Guarded Minimum Variance + Sentiment Tilt,-0.011461264334275155
2022-10-17,Guarded Minimum Variance + Sentiment Tilt,0.011593070005768369
2022-10-18,Guarded Minimum Variance + Sentiment Tilt,0.010538394705277981
2022-10-19,Guarded Minimum Variance + Sentiment Tilt,-0.007601818406188315
2022-10-20,Guarded Minimum Variance + Sentiment Tilt,-0.0024733446907358562
2022-10-21,Guarded Minimum Variance + Sentiment Tilt,0.020743934976506374
2022-10-24,Guarded Minimum Variance + Sentiment Tilt,0.01719479622867138
2022-10-25,Guarded Minimum Variance + Sentiment Tilt,0.008430232898033203
2022-10-26,Guarded Minimum Variance + Sentiment Tilt,0.01246254115121303
2022-10-27,Guarded Minimum Variance + Sentiment Tilt,0.0010661822313019916
2022-10-28,Guarded Minimum Variance + Sentiment Tilt,0.022359716332178443
2022-10-31,Guarded Minimum Variance + Sentiment Tilt,-0.0073872044526602405
2022-11-01,Guarded Minimum Variance + Sentiment Tilt,-0.0011915514222388046
2022-11-02,Guarded Minimum Variance + Sentiment Tilt,-0.011056382938938198
2022-11-03,Guarded Minimum Variance + Sentiment Tilt,-0.004644389144153344
2022-11-04,Guarded Minimum Variance + Sentiment Tilt,0.014359290956163728
2022-11-07,Guarded Minimum Variance + Sentiment Tilt,0.013789769790596786
2022-11-08,Guarded Minimum Variance + Sentiment Tilt,0.010135488943557458
2022-11-09,Guarded Minimum Variance + Sentiment Tilt,-0.012831999541101268
2022-11-10,Guarded Minimum Variance + Sentiment Tilt,0.02250594508854522
2022-11-11,Guarded Minimum Variance + Sentiment Tilt,-0.004864833440721984
2022-11-14,Guarded Minimum Variance + Sentiment Tilt,-0.0019964960708374994
2022-11-15,Guarded Minimum Variance + Sentiment Tilt,0.00707283916785954
2022-11-16,Guarded Minimum Variance + Sentiment Tilt,-0.000868092656850443
2022-11-17,Guarded Minimum Variance + Sentiment Tilt,0.004612277434797959
2022-11-18,Guarded Minimum Variance + Sentiment Tilt,0.008462830303333484
2022-11-21,Guarded Minimum Variance + Sentiment Tilt,0.003677047642169015
2022-11-22,Guarded Minimum Variance + Sentiment Tilt,0.009317622128067273
2022-11-23,Guarded Minimum Variance + Sentiment Tilt,-0.0009952828358145154
2022-11-25,Guarded Minimum Variance + Sentiment Tilt,0.0007416556597625452
2022-11-28,Guarded Minimum Variance + Sentiment Tilt,-0.009759525032091416
2022-11-29,Guarded Minimum Variance + Sentiment Tilt,0.0030003794154231864
2022-11-30,Guarded Minimum Variance + Sentiment Tilt,0.017078670297100106
2022-12-01,Guarded Minimum Variance + Sentiment Tilt,0.0011219508818950306
2022-12-02,Guarded Minimum Variance + Sentiment Tilt,0.002880363466091088
2022-12-05,Guarded Minimum Variance + Sentiment Tilt,-0.00805759920171412
2022-12-06,Guarded Minimum Variance + Sentiment Tilt,-0.011087108617383493
2022-12-07,Guarded Minimum Variance + Sentiment Tilt,0.003276509675318765
2022-12-08,Guarded Minimum Variance + Sentiment Tilt,0.004119664949884576
2022-12-09,Guarded Minimum Variance + Sentiment Tilt,-0.016613273038796353
2022-12-12,Guarded Minimum Variance + Sentiment Tilt,0.006331536435620607
2022-12-13,Guarded Minimum Variance + Sentiment Tilt,0.003573223812792364
2022-12-14,Guarded Minimum Variance + Sentiment Tilt,8.511702207748568e-05
2022-12-15,Guarded Minimum Variance + Sentiment Tilt,-0.015732733370651064
2022-12-16,Guarded Minimum Variance + Sentiment Tilt,-0.005553152229375643
2022-12-19,Guarded Minimum Variance + Sentiment Tilt,-0.001261108542551197
2022-12-20,Guarded Minimum Variance + Sentiment Tilt,0.001457414269522886
2022-12-21,Guarded Minimum Variance + Sentiment Tilt,0.011341867741132845
2022-12-22,Guarded Minimum Variance + Sentiment Tilt,-0.004534443407924362
2022-12-23,Guarded Minimum Variance + Sentiment Tilt,0.004457654380201549
2022-12-27,Guarded Minimum Variance + Sentiment Tilt,0.0013926516397224137
2022-12-28,Guarded Minimum Variance + Sentiment Tilt,-0.010208713954561278
2022-12-29,Guarded Minimum Variance + Sentiment Tilt,0.006274407424780705
2022-12-30,Guarded Minimum Variance + Sentiment Tilt,2.1937601009791607e-05
2023-01-03,Guarded Minimum Variance + Sentiment Tilt,0.0006760271563601144
2023-01-04,Guarded Minimum Variance + Sentiment Tilt,0.008830810321434915
2023-01-05,Guarded Minimum Variance + Sentiment Tilt,0.0017641822610799977
2023-01-06,Guarded Minimum Variance + Sentiment Tilt,0.01493700851312057
2023-01-09,Guarded Minimum Variance + Sentiment Tilt,-0.016672841468256004
2023-01-10,Guarded Minimum Variance + Sentiment Tilt,0.0020268386083492637
2023-01-11,Guarded Minimum Variance + Sentiment Tilt,0.002787527100206827
2023-01-12,Guarded Minimum Variance + Sentiment Tilt,-0.002467190495631602
2023-01-13,Guarded Minimum Variance + Sentiment Tilt,0.002591136653649121
2023-01-17,Guarded Minimum Variance + Sentiment Tilt,-0.0068779980928103494
2023-01-18,Guarded Minimum Variance + Sentiment Tilt,-0.017356370083438634
2023-01-19,Guarded Minimum Variance + Sentiment Tilt,-0.0013279894367268807
2023-01-20,Guarded Minimum Variance + Sentiment Tilt,0.00875992328747436
2023-01-23,Guarded Minimum Variance + Sentiment Tilt,0.0026234005567053642
2023-01-24,Guarded Minimum Variance + Sentiment Tilt,-0.0028322481938654774
2023-01-25,Guarded Minimum Variance + Sentiment Tilt,-0.0014840784109568024
2023-01-26,Guarded Minimum Variance + Sentiment Tilt,-0.00036296851376430624
2023-01-27,Guarded Minimum Variance + Sentiment Tilt,-0.005940137928966998
2023-01-30,Guarded Minimum Variance + Sentiment Tilt,-0.0035797955411237168
2023-01-31,Guarded Minimum Variance + Sentiment Tilt,0.007657536900850822
2023-02-01,Guarded Minimum Variance + Sentiment Tilt,-0.018685386032528017
2023-02-02,Guarded Minimum Variance + Sentiment Tilt,-0.011509727538113704
2023-02-03,Guarded Minimum Variance + Sentiment Tilt,-0.009353813579853078
2023-02-06,Guarded Minimum Variance + Sentiment Tilt,-0.001588262526814116
2023-02-07,Guarded Minimum Variance + Sentiment Tilt,0.00836294010583881
2023-02-08,Guarded Minimum Variance + Sentiment Tilt,-0.00713479892047144
2023-02-09,Guarded Minimum Variance + Sentiment Tilt,-0.0016049127867962599
2023-02-10,Guarded Minimum Variance + Sentiment Tilt,0.01190491858105711
2023-02-13,Guarded Minimum Variance + Sentiment Tilt,0.008314015952775094
2023-02-14,Guarded Minimum Variance + Sentiment Tilt,-0.006899591571833818
2023-02-15,Guarded Minimum Variance + Sentiment Tilt,8.377414470879811e-05
2023-02-16,Guarded Minimum Variance + Sentiment Tilt,-0.013030605802240459
2023-02-17,Guarded Minimum Variance + Sentiment Tilt,0.013856412797175787
2023-02-21,Guarded Minimum Variance + Sentiment Tilt,-0.004779628934161162
2023-02-22,Guarded Minimum Variance + Sentiment Tilt,-0.0043558070102335455
2023-02-23,Guarded Minimum Variance + Sentiment Tilt,0.0024427338687268815
2023-02-24,Guarded Minimum Variance + Sentiment Tilt,-0.0069584733381816985
2023-02-27,Guarded Minimum Variance + Sentiment Tilt,0.00028403490572438445
2023-02-28,Guarded Minimum Variance + Sentiment Tilt,-0.010214477328997924
2023-03-01,Guarded Minimum Variance + Sentiment Tilt,0.0005047197174813472
2023-03-02,Guarded Minimum Variance + Sentiment Tilt,0.005547564183089567
2023-03-03,Guarded Minimum Variance + Sentiment Tilt,0.003795942018076015
2023-03-06,Guarded Minimum Variance + Sentiment Tilt,0.00962268833430181
2023-03-07,Guarded Minimum Variance + Sentiment Tilt,-0.010811952061578665
2023-03-08,Guarded Minimum Variance + Sentiment Tilt,-0.006854451259307594
2023-03-09,Guarded Minimum Variance + Sentiment Tilt,-0.011449187911050158
2023-03-10,Guarded Minimum Variance + Sentiment Tilt,-0.0030033533515798627
2023-03-13,Guarded Minimum Variance + Sentiment Tilt,0.005925835613033276
2023-03-14,Guarded Minimum Variance + Sentiment Tilt,0.007052461500424815
2023-03-15,Guarded Minimum Variance + Sentiment Tilt,0.0040590300670667314
2023-03-16,Guarded Minimum Variance + Sentiment Tilt,0.0014556547956289132
2023-03-17,Guarded Minimum Variance + Sentiment Tilt,-0.01352780788212009
2023-03-20,Guarded Minimum Variance + Sentiment Tilt,0.013428503685301435
2023-03-21,Guarded Minimum Variance + Sentiment Tilt,-0.0010970867801132428
2023-03-22,Guarded Minimum Variance + Sentiment Tilt,-0.0146477964351721
2023-03-23,Guarded Minimum Variance + Sentiment Tilt,0.005429036181975081
2023-03-24,Guarded Minimum Variance + Sentiment Tilt,0.016221108616434568
2023-03-27,Guarded Minimum Variance + Sentiment Tilt,0.005566940944381761
2023-03-28,Guarded Minimum Variance + Sentiment Tilt,-0.0009702589648592287
2023-03-29,Guarded Minimum Variance + Sentiment Tilt,0.006446624293033854
2023-03-30,Guarded Minimum Variance + Sentiment Tilt,0.004709616497600588
2023-03-31,Guarded Minimum Variance + Sentiment Tilt,0.0068267331981673625
2023-04-03,Guarded Minimum Variance + Sentiment Tilt,0.010802094631978657
2023-04-04,Guarded Minimum Variance + Sentiment Tilt,0.00572354085762119
2023-04-05,Guarded Minimum Variance + Sentiment Tilt,0.015349655908502555
2023-04-06,Guarded Minimum Variance + Sentiment Tilt,0.0001687114592630861
2023-04-10,Guarded Minimum Variance + Sentiment Tilt,-0.0013631696787429082
2023-04-11,Guarded Minimum Variance + Sentiment Tilt,-0.0005535882406568781
2023-04-12,Guarded Minimum Variance + Sentiment Tilt,0.001078482447949238
2023-04-13,Guarded Minimum Variance + Sentiment Tilt,0.009225816377846354
2023-04-14,Guarded Minimum Variance + Sentiment Tilt,-0.004375249795421209
2023-04-17,Guarded Minimum Variance + Sentiment Tilt,0.00021751697119718632
2023-04-18,Guarded Minimum Variance + Sentiment Tilt,-0.001816147251345215
2023-04-19,Guarded Minimum Variance + Sentiment Tilt,-0.0006275502064784277
2023-04-20,Guarded Minimum Variance + Sentiment Tilt,-0.005038195401361276
2023-04-21,Guarded Minimum Variance + Sentiment Tilt,0.0055885304673289945
2023-04-24,Guarded Minimum Variance + Sentiment Tilt,0.001846167356450263
2023-04-25,Guarded Minimum Variance + Sentiment Tilt,-0.00013468819740627914
2023-04-26,Guarded Minimum Variance + Sentiment Tilt,-0.01964335507763471
2023-04-27,Guarded Minimum Variance + Sentiment Tilt,0.005287202149999265
2023-04-28,Guarded Minimum Variance + Sentiment Tilt,0.003637634088305965
2023-05-01,Guarded Minimum Variance + Sentiment Tilt,0.0012007480546073488
2023-05-02,Guarded Minimum Variance + Sentiment Tilt,-0.007028388808053898
2023-05-03,Guarded Minimum Variance + Sentiment Tilt,-0.009088391461519177
2023-05-04,Guarded Minimum Variance + Sentiment Tilt,0.0006734853012851121
2023-05-05,Guarded Minimum Variance + Sentiment Tilt,0.0109732355747323
2023-05-08,Guarded Minimum Variance + Sentiment Tilt,-0.0002322686768898622
2023-05-09,Guarded Minimum Variance + Sentiment Tilt,-0.004610547497238392
2023-05-10,Guarded Minimum Variance + Sentiment Tilt,-0.0004411927843575858
2023-05-11,Guarded Minimum Variance + Sentiment Tilt,-0.0017061633186014156
2023-05-12,Guarded Minimum Variance + Sentiment Tilt,0.0013633022271845553
2023-05-15,Guarded Minimum Variance + Sentiment Tilt,-0.0029560345310842492
2023-05-16,Guarded Minimum Variance + Sentiment Tilt,-0.014851304128095839
2023-05-17,Guarded Minimum Variance + Sentiment Tilt,-0.0014780269177049803
2023-05-18,Guarded Minimum Variance + Sentiment Tilt,0.0006880963016507498
2023-05-19,Guarded Minimum Variance + Sentiment Tilt,0.0003235676606523398
2023-05-22,Guarded Minimum Variance + Sentiment Tilt,-0.005603640084260748
2023-05-23,Guarded Minimum Variance + Sentiment Tilt,-0.003476815845471909
2023-05-24,Guarded Minimum Variance + Sentiment Tilt,-0.006640127290524305
2023-05-25,Guarded Minimum Variance + Sentiment Tilt,-0.012628579408681102
2023-05-26,Guarded Minimum Variance + Sentiment Tilt,-0.0008391403149827237
2023-05-30,Guarded Minimum Variance + Sentiment Tilt,-0.0035354134709088903
2023-05-31,Guarded Minimum Variance + Sentiment Tilt,0.007106117873281222
2023-06-01,Guarded Minimum Variance + Sentiment Tilt,-0.0011855385245883412
2023-06-02,Guarded Minimum Variance + Sentiment Tilt,0.011880478368524489
2023-06-05,Guarded Minimum Variance + Sentiment Tilt,0.0016614712698030973
2023-06-06,Guarded Minimum Variance + Sentiment Tilt,-0.006217020982831938
2023-06-07,Guarded Minimum Variance + Sentiment Tilt,0.0008495861324207842
2023-06-08,Guarded Minimum Variance + Sentiment Tilt,0.006113232828982981
2023-06-09,Guarded Minimum Variance + Sentiment Tilt,-1.1637405916086548e-05
2023-06-12,Guarded Minimum Variance + Sentiment Tilt,-0.0024187125955615163
2023-06-13,Guarded Minimum Variance + Sentiment Tilt,0.006300506448180913
2023-06-14,Guarded Minimum Variance + Sentiment Tilt,0.0020560450475287824
2023-06-15,Guarded Minimum Variance + Sentiment Tilt,0.009315811042297041
2023-06-16,Guarded Minimum Variance + Sentiment Tilt,0.0006476932171752285
2023-06-20,Guarded Minimum Variance + Sentiment Tilt,-0.007811426251135557
2023-06-21,Guarded Minimum Variance + Sentiment Tilt,-0.0016793700235409972
2023-06-22,Guarded Minimum Variance + Sentiment Tilt,0.00795863845782494
2023-06-23,Guarded Minimum Variance + Sentiment Tilt,-0.005117780388991584
2023-06-26,Guarded Minimum Variance + Sentiment Tilt,0.000987346442259257
2023-06-27,Guarded Minimum Variance + Sentiment Tilt,0.00317887008096547
2023-06-28,Guarded Minimum Variance + Sentiment Tilt,-0.0038089460559222084
2023-06-29,Guarded Minimum Variance + Sentiment Tilt,-0.0006924088759064144
2023-06-30,Guarded Minimum Variance + Sentiment Tilt,0.006422314322365327
2023-07-03,Guarded Minimum Variance + Sentiment Tilt,0.0038111863182962685
2023-07-05,Guarded Minimum Variance + Sentiment Tilt,0.0018763677801664055
2023-07-06,Guarded Minimum Variance + Sentiment Tilt,-0.00797330347746266
2023-07-07,Guarded Minimum Variance + Sentiment Tilt,-0.013058068397561604
2023-07-10,Guarded Minimum Variance + Sentiment Tilt,0.0011836856172754463
2023-07-11,Guarded Minimum Variance + Sentiment Tilt,0.008835048665723141
2023-07-12,Guarded Minimum Variance + Sentiment Tilt,-0.0027351260837716876
2023-07-13,Guarded Minimum Variance + Sentiment Tilt,0.002525951926438512
2023-07-14,Guarded Minimum Variance + Sentiment Tilt,0.002666719252834489
2023-07-17,Guarded Minimum Variance + Sentiment Tilt,-0.004953066368132841
2023-07-18,Guarded Minimum Variance + Sentiment Tilt,0.0008633941264759675
2023-07-19,Guarded Minimum Variance + Sentiment Tilt,0.007275724135492061
2023-07-20,Guarded Minimum Variance + Sentiment Tilt,0.015646695321613155
2023-07-21,Guarded Minimum Variance + Sentiment Tilt,0.006159043990000841
2023-07-24,Guarded Minimum Variance + Sentiment Tilt,0.0003579746915981477
2023-07-25,Guarded Minimum Variance + Sentiment Tilt,-0.002631555577326447
2023-07-26,Guarded Minimum Variance + Sentiment Tilt,0.0030563205082738817
2023-07-27,Guarded Minimum Variance + Sentiment Tilt,-0.0069872466193706675
2023-07-28,Guarded Minimum Variance + Sentiment Tilt,0.0034517112103558782
2023-07-31,Guarded Minimum Variance + Sentiment Tilt,-0.004438488461127547
2023-08-01,Guarded Minimum Variance + Sentiment Tilt,-0.00522299387229351
2023-08-02,Guarded Minimum Variance + Sentiment Tilt,-0.009383237604214768
2023-08-03,Guarded Minimum Variance + Sentiment Tilt,-0.0068392299766834455
2023-08-04,Guarded Minimum Variance + Sentiment Tilt,-0.0053951072884503275
2023-08-07,Guarded Minimum Variance + Sentiment Tilt,0.011813908232687038
2023-08-08,Guarded Minimum Variance + Sentiment Tilt,-0.003901804783938218
2023-08-09,Guarded Minimum Variance + Sentiment Tilt,0.0021499195459900302
2023-08-10,Guarded Minimum Variance + Sentiment Tilt,-0.0018939993947417633
2023-08-11,Guarded Minimum Variance + Sentiment Tilt,0.005951721696484491
2023-08-14,Guarded Minimum Variance + Sentiment Tilt,-0.00036925158117730823
2023-08-15,Guarded Minimum Variance + Sentiment Tilt,-0.006602987149702288
2023-08-16,Guarded Minimum Variance + Sentiment Tilt,-0.0032863001098517083
2023-08-17,Guarded Minimum Variance + Sentiment Tilt,-0.006297397700401618
2023-08-18,Guarded Minimum Variance + Sentiment Tilt,0.0036246239703101348
2023-08-21,Guarded Minimum Variance + Sentiment Tilt,-0.0032765205458800606
2023-08-22,Guarded Minimum Variance + Sentiment Tilt,-0.005545211332364708
2023-08-23,Guarded Minimum Variance + Sentiment Tilt,0.01175556305598113
2023-08-24,Guarded Minimum Variance + Sentiment Tilt,-0.009796604555905248
2023-08-25,Guarded Minimum Variance + Sentiment Tilt,0.002423829947971514
2023-08-28,Guarded Minimum Variance + Sentiment Tilt,0.0026946181808064637
2023-08-29,Guarded Minimum Variance + Sentiment Tilt,0.005494206178171656
2023-08-30,Guarded Minimum Variance + Sentiment Tilt,0.001252011650540374
2023-08-31,Guarded Minimum Variance + Sentiment Tilt,-0.004558767268397748
2023-09-01,Guarded Minimum Variance + Sentiment Tilt,0.0004439345357830992
2023-09-05,Guarded Minimum Variance + Sentiment Tilt,-0.009449434872012713
2023-09-06,Guarded Minimum Variance + Sentiment Tilt,-0.002079966472365224
2023-09-07,Guarded Minimum Variance + Sentiment Tilt,0.006411009305291778
2023-09-08,Guarded Minimum Variance + Sentiment Tilt,0.0036150624353374523
2023-09-11,Guarded Minimum Variance + Sentiment Tilt,0.002888481945561726
2023-09-12,Guarded Minimum Variance + Sentiment Tilt,-0.000401731477331983
2023-09-13,Guarded Minimum Variance + Sentiment Tilt,0.0004842793838414237
2023-09-14,Guarded Minimum Variance + Sentiment Tilt,0.008909263620045934
2023-09-15,Guarded Minimum Variance + Sentiment Tilt,-0.00884441697961885
2023-09-18,Guarded Minimum Variance + Sentiment Tilt,0.0008516537419303173
2023-09-19,Guarded Minimum Variance + Sentiment Tilt,0.0004004193807904268
2023-09-20,Guarded Minimum Variance + Sentiment Tilt,0.0011068268049387957
2023-09-21,Guarded Minimum Variance + Sentiment Tilt,-0.014183103559107645
2023-09-22,Guarded Minimum Variance + Sentiment Tilt,-0.001647417634628573
2023-09-25,Guarded Minimum Variance + Sentiment Tilt,-0.0009381162660799921
2023-09-26,Guarded Minimum Variance + Sentiment Tilt,-0.0065120634984796935
2023-09-27,Guarded Minimum Variance + Sentiment Tilt,-0.006349154574746132
2023-09-28,Guarded Minimum Variance + Sentiment Tilt,0.0022854140113773283
2023-09-29,Guarded Minimum Variance + Sentiment Tilt,-0.0039850832475865575
2023-10-02,Guarded Minimum Variance + Sentiment Tilt,-0.007477143221243518
2023-10-03,Guarded Minimum Variance + Sentiment Tilt,-0.006657686741242801
2023-10-04,Guarded Minimum Variance + Sentiment Tilt,0.0047909429507384405
2023-10-05,Guarded Minimum Variance + Sentiment Tilt,-0.012315719208225837
2023-10-06,Guarded Minimum Variance + Sentiment Tilt,0.0039011829960112726
2023-10-09,Guarded Minimum Variance + Sentiment Tilt,0.0033374338336510092
2023-10-10,Guarded Minimum Variance + Sentiment Tilt,0.010129946062531398
2023-10-11,Guarded Minimum Variance + Sentiment Tilt,0.001359879337030951
2023-10-12,Guarded Minimum Variance + Sentiment Tilt,-0.0049103879246658955
2023-10-13,Guarded Minimum Variance + Sentiment Tilt,0.0028843226003623748
2023-10-16,Guarded Minimum Variance + Sentiment Tilt,0.0067294431887914815
2023-10-17,Guarded Minimum Variance + Sentiment Tilt,0.004924323349439663
2023-10-18,Guarded Minimum Variance + Sentiment Tilt,-0.0062551934792474725
2023-10-19,Guarded Minimum Variance + Sentiment Tilt,-0.0037824765069547944
2023-10-20,Guarded Minimum Variance + Sentiment Tilt,0.0004932926510310938
2023-10-23,Guarded Minimum Variance + Sentiment Tilt,-0.0035845848525655954
2023-10-24,Guarded Minimum Variance + Sentiment Tilt,0.014879491380746878
2023-10-25,Guarded Minimum Variance + Sentiment Tilt,-0.0007295088011876779
2023-10-26,Guarded Minimum Variance + Sentiment Tilt,-0.00211644335521097
2023-10-27,Guarded Minimum Variance + Sentiment Tilt,-0.01614408611026044
2023-10-30,Guarded Minimum Variance + Sentiment Tilt,0.005822398704509777
2023-10-31,Guarded Minimum Variance + Sentiment Tilt,0.006206908079417523
2023-11-01,Guarded Minimum Variance + Sentiment Tilt,0.004188145482251065
2023-11-02,Guarded Minimum Variance + Sentiment Tilt,0.014577682612493372
2023-11-03,Guarded Minimum Variance + Sentiment Tilt,0.001552074603343044
2023-11-06,Guarded Minimum Variance + Sentiment Tilt,0.0006085510111012763
2023-11-07,Guarded Minimum Variance + Sentiment Tilt,0.0015134701247023698
2023-11-08,Guarded Minimum Variance + Sentiment Tilt,-0.00081336383626622
2023-11-09,Guarded Minimum Variance + Sentiment Tilt,-0.009745423422685178
2023-11-10,Guarded Minimum Variance + Sentiment Tilt,0.0051064527828499524
2023-11-13,Guarded Minimum Variance + Sentiment Tilt,0.0031515625294927293
2023-11-14,Guarded Minimum Variance + Sentiment Tilt,0.007132851719259418
2023-11-15,Guarded Minimum Variance + Sentiment Tilt,0.0033080141207884354
2023-11-16,Guarded Minimum Variance + Sentiment Tilt,-0.014402483118452627
2023-11-17,Guarded Minimum Variance + Sentiment Tilt,0.00012230228229747795
2023-11-20,Guarded Minimum Variance + Sentiment Tilt,0.00392438625375355
2023-11-21,Guarded Minimum Variance + Sentiment Tilt,0.003025224950752046
2023-11-22,Guarded Minimum Variance + Sentiment Tilt,-0.0007580157228535449
2023-11-24,Guarded Minimum Variance + Sentiment Tilt,0.004581874914730903
2023-11-27,Guarded Minimum Variance + Sentiment Tilt,0.0002811721110355487
2023-11-28,Guarded Minimum Variance + Sentiment Tilt,-0.0003974494110374866
2023-11-29,Guarded Minimum Variance + Sentiment Tilt,-0.0016565692893174854
2023-11-30,Guarded Minimum Variance + Sentiment Tilt,0.008918229633182957
2023-12-01,Guarded Minimum Variance + Sentiment Tilt,0.003498668094288063
2023-12-04,Guarded Minimum Variance + Sentiment Tilt,0.0022478323184300566
2023-12-05,Guarded Minimum Variance + Sentiment Tilt,0.0036811099616765614
2023-12-06,Guarded Minimum Variance + Sentiment Tilt,-0.0023304725487026724
2023-12-07,Guarded Minimum Variance + Sentiment Tilt,-0.00017765200802585346
2023-12-08,Guarded Minimum Variance + Sentiment Tilt,-0.0012550036929505428
2023-12-11,Guarded Minimum Variance + Sentiment Tilt,0.004999758777184955
2023-12-12,Guarded Minimum Variance + Sentiment Tilt,0.003704666966735
2023-12-13,Guarded Minimum Variance + Sentiment Tilt,0.015281600186172965
2023-12-14,Guarded Minimum Variance + Sentiment Tilt,-0.002659169144320019
2023-12-15,Guarded Minimum Variance + Sentiment Tilt,-0.005338325353174517
2023-12-18,Guarded Minimum Variance + Sentiment Tilt,0.004067504213193452
2023-12-19,Guarded Minimum Variance + Sentiment Tilt,0.0033366929084925273
2023-12-20,Guarded Minimum Variance + Sentiment Tilt,-0.01177361427073673
2023-12-21,Guarded Minimum Variance + Sentiment Tilt,0.00751371951929828
2023-12-22,Guarded Minimum Variance + Sentiment Tilt,0.006393716194433298
2023-12-26,Guarded Minimum Variance + Sentiment Tilt,0.002157022565740961
2023-12-27,Guarded Minimum Variance + Sentiment Tilt,0.003994325261670848
2023-12-28,Guarded Minimum Variance + Sentiment Tilt,0.001587920617023696
2023-12-29,Guarded Minimum Variance + Sentiment Tilt,-0.00020008850922842794
