date,ticker,sector,headline,vader_compound,finance_term_matches,finance_adjustment,finance_adjusted_score
2020-01-03,ABBV,Healthcare,Is AbbVie's Stock a Buy?,0.0,buy,0.04000000000000001,0.04000000000000001
2020-01-03,ABBV,Healthcare,Better Buy: Abbott Laboratories vs. Pfizer,0.4404,buy,0.04000000000000001,0.48040000000000005
2020-01-03,ABBV,Healthcare,"NOBL, TGT, ABBV, ADM: Large Inflows Detected at ETF",0.0,inflows,0.05,0.05
2020-01-06,ABBV,Healthcare,Is Johnson & Johnson Stock a Buy?,0.0,buy,0.04000000000000001,0.04000000000000001
2020-01-07,ABBV,Healthcare,Better Buy: Geron vs. Incyte,0.4404,buy,0.04000000000000001,0.48040000000000005
2020-01-08,ABBV,Healthcare,Better Buy: AbbVie vs. Biogen,0.4404,buy,0.04000000000000001,0.48040000000000005
2020-01-08,ABBV,Healthcare,Insiders Buy the Holdings of DHS ETF,0.0,buy,0.04000000000000001,0.04000000000000001
2020-01-10,ABBV,Healthcare,"Noteworthy ETF Outflows: IWF, ABBV, COST, NKE",0.0,outflows,-0.05,-0.05
2020-01-10,ABBV,Healthcare,7 Healthcare Stocks to Buy or Sell As Pricing Pressures Mount,-0.3182,buy; sell,-0.004999999999999999,-0.3232
2020-01-13,ABBV,Healthcare,3 High-Yield Dividend Stocks I'd Buy Right Now,0.0,buy; dividend,0.034999999999999996,0.034999999999999996
2020-01-13,ABBV,Healthcare,Why AbbVie Could Be a Great Buy in 2020,0.6249,buy,0.04000000000000001,0.6649
2020-01-16,ABBV,Healthcare,"Beyond the Growing Dividend, Abbvie Stock Is a Good Buy Here",0.5574,buy; dividend,0.034999999999999996,0.5924
2020-01-16,ABBV,Healthcare,The Best Large-Cap ETFs to Buy in 2020,0.6369,buy,0.04000000000000001,0.6769000000000001
2020-01-24,ABBV,Healthcare,Better Buy: AbbVie vs. Johnson & Johnson,0.4404,buy,0.04000000000000001,0.48040000000000005
2020-01-27,ABBV,Healthcare,"Allergan To Sell Brazikumab To AstraZeneca, Zenpep To Nestle Under AbbVie Merger",0.0,sell,-0.05,-0.05
2020-01-28,ABBV,Healthcare,3 Dividend Stocks Perfect for Retirees,0.5719,dividend,0.03,0.6019
2020-01-29,ABBV,Healthcare,"IWM, RNDV: Big ETF Outflows",0.0,outflows,-0.05,-0.05
2020-01-29,ABBV,Healthcare,2 of the Best Healthcare Stocks to Buy Today,0.6369,buy,0.04000000000000001,0.6769000000000001
2020-02-03,ABBV,Healthcare,Invesco S&P Ultra Dividend Revenue ETF Experiences Big Inflow,0.0,dividend; inflow,0.04000000000000001,0.04000000000000001
2020-02-05,ABBV,Healthcare,"Mizuho Initiates AbbVie, Biohaven With Buy Ratings, Eli Lilly, Alkermes With Neutral Ratings",0.0,buy,0.04000000000000001,0.04000000000000001
2020-02-06,ABBV,Healthcare,5 Total Yield Dividend Stocks That Offer Attractive Returns,0.4404,dividend; yield,0.03,0.47040000000000004
2020-02-06,ABBV,Healthcare,"Mizuho Initiates Coverage On AbbVie with Buy Rating, Announces $96 Price Target",0.0,buy,0.04000000000000001,0.04000000000000001
2020-02-06,ABBV,Healthcare,"UPDATE: Mizuho Initiates Coverage On AbbVie with Buy Rating, Announces $96 Price Target As Firm Notes The 'Allergan Acquisition Brings In Multiple New Growth Drivers and Helps Mitigate Humira Erosion.'",0.6369,buy,0.04000000000000001,0.6769000000000001
2020-02-07,ABBV,Healthcare,AbbVie Q4 adjusted earnings Beat Estimates,0.0,beat,0.09000000000000001,0.09000000000000001
2020-02-07,ABBV,Healthcare,"AbbVie Q4 EPS $2.21 Beats $2.19 Estimate, Sales $8.704B Beat $8.7B Estimate",0.0,beat; beats,0.09000000000000001,0.09000000000000001
2020-02-10,ABBV,Healthcare,How Allergan Beat Estimates in What's Likely Its Last Quarterly Update,0.0,beat,0.09000000000000001,0.09000000000000001
2020-02-10,ABBV,Healthcare,AbbVie shares are trading higher after Mizuho maintained a Buy rating on the stock and raised its price target from $96 to $104.,0.296,buy; raised,0.05,0.346
2020-02-10,ABBV,Healthcare,"Mizuho Maintains Buy on AbbVie, Raises Price Target to $104",0.0,buy; raises,0.05500000000000001,0.05500000000000001
2020-02-11,ABBV,Healthcare,Is Takeda Pharmaceutical Company Stock a Buy?,0.0,buy,0.04000000000000001,0.04000000000000001
2020-02-11,ABBV,Healthcare,Better Buy: Pfizer vs. AbbVie,0.4404,buy,0.04000000000000001,0.48040000000000005
2020-02-12,ABBV,Healthcare,AbbVie Is a Dividend Growth Stock at a Bargain Price,0.5267,dividend,0.03,0.5567
2020-02-13,ABBV,Healthcare,Inovio’s Surge on a Coronavirus Vaccine Was Just Speculation,0.0,surge,0.06999999999999999,0.06999999999999999
2020-02-18,ABBV,Healthcare,Better Buy: AbbVie vs. Gilead Sciences,0.4404,buy,0.04000000000000001,0.48040000000000005
2020-02-18,ABBV,Healthcare,"Cowen & Co. Maintains Outperform on AbbVie, Raises Price Target to $105",0.0,outperform; raises,0.06999999999999999,0.06999999999999999
2020-02-18,ABBV,Healthcare,"Moderna Will Rebound, But Wait for a Dip Lower to Buy Shares",0.0,buy; rebound,0.045000000000000005,0.045000000000000005
2020-02-18,ABBV,Healthcare,Better Buy: AbbVie vs. Eli Lilly,0.4404,buy,0.04000000000000001,0.48040000000000005
2020-02-18,ABBV,Healthcare,"IVV, MDT, ABBV, PYPL: ETF Outflow Alert",0.296,outflow,-0.05,0.246
2020-02-21,ABBV,Healthcare,"Daily Dividend Report: RY,KO,PLD,WRB,ABBV",0.0,dividend,0.03,0.03
2020-02-24,ABBV,Healthcare,Is Gilead Sciences Stock a Buy?,0.0,buy,0.04000000000000001,0.04000000000000001
2020-02-25,ABBV,Healthcare,Validea Peter Lynch Strategy Daily Upgrade Report - 2/25/2020,0.0,upgrade,0.09000000000000001,0.09000000000000001
2020-02-25,ABBV,Healthcare,Is It Too Late to Buy High-Flying Galapagos?,0.0,buy,0.04000000000000001,0.04000000000000001
2020-02-25,ABBV,Healthcare,3 Value Stocks to Buy if the Stock Market Implodes,0.34,buy,0.04000000000000001,0.38
2020-02-28,ABBV,Healthcare,3 Top Healthcare Stocks to Buy Right Now,0.2023,buy,0.04000000000000001,0.24230000000000002
2020-03-02,ABBV,Healthcare,The Best Dividend Aristocrat You Can Buy Right Now,0.6369,buy; dividend,0.034999999999999996,0.6719
2020-03-04,ABBV,Healthcare,Is Gilead Sciences the Best Buy in the Coronavirus Sell-Off?,0.6369,buy,0.04000000000000001,0.6769000000000001
2020-03-05,ABBV,Healthcare,3 Dividend Stocks to Ride out the Market Volatility,0.0,dividend,0.03,0.03
2020-03-05,ABBV,Healthcare,3 Top Large-Cap Stocks to Buy in March,0.2023,buy,0.04000000000000001,0.24230000000000002
2020-03-09,ABBV,Healthcare,Top Insider Buys Highlight for the Week of March 6,0.4939,buys,0.04000000000000001,0.5339
2020-03-09,ABBV,Healthcare,5 High-Yield Dividend Stocks to Watch in the Coronavirus Sell-Off,0.0,dividend,0.03,0.03
2020-03-10,ABBV,Healthcare,Validea Peter Lynch Strategy Daily Upgrade Report - 3/10/2020,0.0,upgrade,0.09000000000000001,0.09000000000000001
2020-03-11,ABBV,Healthcare,Top 10 Dividend Aristocrats to Buy In This Crazy Market,-0.1531,buy; dividend,0.034999999999999996,-0.11810000000000001
2020-03-12,ABBV,Healthcare,"DZ BANK AG Deutsche Zentral Genossenschafts Bank, Buys Bank of America Corp, The Walt Disney ...",0.0,buys,0.04000000000000001,0.04000000000000001
2020-03-16,ABBV,Healthcare,3 Great Dividend Stocks to Buy If You're Sick and Tired of Hearing About the Coronavirus,-0.2732,buy; dividend,0.034999999999999996,-0.2382
2020-03-16,ABBV,Healthcare,Better Buy: AbbVie vs. Johnson & Johnson,0.4404,buy,0.04000000000000001,0.48040000000000005
2020-03-16,ABBV,Healthcare,7 Biotech Stocks to Buy and Hold in 2020,0.0,buy,0.04000000000000001,0.04000000000000001
2020-03-17,ABBV,Healthcare,"Noteworthy ETF Outflows: VT, HON, ABBV, LLY",0.0,outflows,-0.05,-0.05
2020-03-17,ABBV,Healthcare,Coronavirus Correction: 3 Must-Own Dividend Stocks,0.0,dividend,0.03,0.03
2020-03-18,ABBV,Healthcare,"Improve Your Retirement Income with These 3 Top-Ranked Dividend Stocks - March 18, 2020",0.4404,dividend,0.03,0.47040000000000004
2020-03-20,ABBV,Healthcare,3 Dividend Stocks Ideal for Retirees With Money To Invest In The Bear Market,0.5267,dividend,0.03,0.5567
2020-03-20,ABBV,Healthcare,4 Dividend Stocks to Buy Amid the Coronavirus Rout,0.0,buy; dividend,0.034999999999999996,0.034999999999999996
2020-03-23,ABBV,Healthcare,You Won't Regret Buying These 3 Bargain Stocks,0.4822,buying,0.04000000000000001,0.5222
2020-03-23,ABBV,Healthcare,Should You Really Buy Stocks Now or Wait a While Longer?,0.0,buy,0.04000000000000001,0.04000000000000001
2020-03-23,ABBV,Healthcare,These 3 Dividend Stocks Are Now Yielding Up to 20%,0.0,dividend,0.03,0.03
2020-03-23,ABBV,Healthcare,Is AbbVie a Good Stock to Buy Amid Coronavirus Uncertainty?,0.128,buy,0.04000000000000001,0.168
2020-03-23,ABBV,Healthcare,Societe Generale Downgrades AbbVie to Hold,0.0,downgrades,-0.09000000000000001,-0.09000000000000001
2020-03-24,ABBV,Healthcare,Better Buy: AbbVie vs. Biogen,0.4404,buy,0.04000000000000001,0.48040000000000005
2020-03-25,ABBV,Healthcare,3 Reasons Pharma Stocks Are a Buy Right Now,0.0,buy,0.04000000000000001,0.04000000000000001
2020-03-25,ABBV,Healthcare,Insiders Buy the Holdings of DEW ETF,0.0,buy,0.04000000000000001,0.04000000000000001
2020-03-27,ABBV,Healthcare,2 Dividend Stocks Trading at Dirt-Cheap Prices,0.0,dividend,0.03,0.03
2020-03-27,ABBV,Healthcare,3 Dirt-Cheap Healthcare Stocks to Buy Right Now,0.0,buy,0.04000000000000001,0.04000000000000001
2020-03-27,ABBV,Healthcare,Will Rescue Deal Impact Last? 4 Coronavirus-Proof Dividend Picks,0.5106,dividend,0.03,0.5406000000000001
2020-03-30,ABBV,Healthcare,Top Insider Buys Highlight for the Week of March —7,0.4939,buys,0.04000000000000001,0.5339
2020-03-30,ABBV,Healthcare,"Have $1,000 to Invest? 3 Great High-Yield Dividend Stocks to Buy Right Now",0.6249,buy; dividend,0.034999999999999996,0.6599
2020-03-30,ABBV,Healthcare,4 Reasons Drug Stocks Are a Buy Right Now,0.0,buy,0.04000000000000001,0.04000000000000001
2020-03-30,ABBV,Healthcare,"Monday 3/30 Insider Buying Report: ABBV, NKE",0.0,buying,0.04000000000000001,0.04000000000000001
2020-03-31,ABBV,Healthcare,Buy this High-Yield Large Cap Pharma Stock for Income Amid Coronavirus,0.0,buy,0.04000000000000001,0.04000000000000001
2020-03-31,ABBV,Healthcare,19 Dividend Aristocrats That Have Gone on Deep Discount,0.0,dividend,0.03,0.03
2020-04-03,ABBV,Healthcare,Why AbbVie (ABBV) is a Top Dividend Stock for Your Portfolio,0.2023,dividend,0.03,0.2323
2020-04-06,ABBV,Healthcare,Why AbbVie Is a Fantastic Dividend Stock to Buy During the Coronavirus Market Crash,0.2263,buy; dividend,0.034999999999999996,0.2613
2020-04-06,ABBV,Healthcare,"Improve Your Retirement Income with These 3 Top-Ranked Dividend Stocks - April 06, 2020",0.4404,dividend,0.03,0.47040000000000004
2020-04-07,ABBV,Healthcare,"Spirit Of America Management Corp Buys Hess Midstream Operations LP, Blackstone Group Inc, TC ...",0.1779,buys,0.04000000000000001,0.2179
2020-04-08,ABBV,Healthcare,"Harbour Capital Advisors, LLC Buys Netflix Inc, Neurocrine Biosciences Inc, Digital Realty ...",0.0,buys,0.04000000000000001,0.04000000000000001
2020-04-08,ABBV,Healthcare,"Foundation Resource Management Inc Buys ViacomCBS Inc, The Kraft Heinz Co, AbbVie Inc, Sells ...",0.0,buys; sells,-0.004999999999999999,-0.004999999999999999
2020-04-09,ABBV,Healthcare,"CHURCHILL MANAGEMENT Corp Buys SPDR Select Sector Fund - Utilities, SPDR Select Sector Fund - ...",0.0,buys,0.04000000000000001,0.04000000000000001
2020-04-09,ABBV,Healthcare,"Verity & Verity, LLC Buys Truist Financial Corp, Gilead Sciences Inc, JM Smucker Co, Sells ...",0.0,buys; sells,-0.004999999999999999,-0.004999999999999999
2020-04-09,ABBV,Healthcare,"Carolina Wealth Advisors, LLC Buys NetApp Inc, H&R Block Inc, City Holding Co, Sells Schwab ...",0.0772,buys; sells,-0.004999999999999999,0.0722
2020-04-13,ABBV,Healthcare,"Lantz Financial LLC Buys Snap-on Inc, Abbott Laboratories, AbbVie Inc, Sells iShares Core ...",0.0,buys; sells,-0.004999999999999999,-0.004999999999999999
2020-04-13,ABBV,Healthcare,"Buckley Wealth Management, LLC Buys iShares Intermediate Credit Bond ETF, 'M Co, Trane ...",0.7003,buys,0.04000000000000001,0.7403000000000001
2020-04-13,ABBV,Healthcare,"Krueger & Catalano Capital Partners, LLC Buys Stepan Co, Steris PLC, Adobe Inc, Sells ...",0.0,buys; sells,-0.004999999999999999,-0.004999999999999999
2020-04-13,ABBV,Healthcare,3 Top Pharma Stocks to Buy in April,0.2023,buy,0.04000000000000001,0.24230000000000002
2020-04-13,ABBV,Healthcare,Is Galapagos Stock a Buy?,0.0,buy,0.04000000000000001,0.04000000000000001
2020-04-13,ABBV,Healthcare,"UBS Maintains Buy on AbbVie, Lowers Price Target to $96",-0.128,buy,0.04000000000000001,-0.088
2020-04-13,ABBV,Healthcare,"Norman Fields, Gottscho Capital Management, LLC Buys Amazon.com Inc, Liberty Global PLC, D.R. ...",0.5267,buys,0.04000000000000001,0.5667
2020-04-13,ABBV,Healthcare,"Howland Capital Management Llc Buys iShares MSCI ACWI Ex US Index Fund, Healthpeak Properties ...",0.0,buys,0.04000000000000001,0.04000000000000001
2020-04-14,ABBV,Healthcare,"J&J (JNJ) Beats on Q1 Earnings, Cuts View on Coronavirus Impact",-0.296,beats,0.09000000000000001,-0.20599999999999996
2020-04-15,ABBV,Healthcare,4 Dirt-Cheap Dividend Stocks to Buy as the Coronavirus Pandemic Continues,0.0,buy; dividend,0.034999999999999996,0.034999999999999996
2020-04-15,ABBV,Healthcare,"T Rowe Price Equity Income Fund Buys AbbVie Inc, DuPont de Nemours Inc, Raymond James Financial ...",0.0,buys,0.04000000000000001,0.04000000000000001
2020-04-16,ABBV,Healthcare,"Rhenman & Partners Asset Management AB Buys AbbVie Inc, Zimmer Biomet Holdings Inc, CVS ...",0.3612,buys,0.04000000000000001,0.4012
2020-04-16,ABBV,Healthcare,Top –st-Quarter Buys of the T Rowe Price Equity Income Fund,0.2023,buys,0.04000000000000001,0.24230000000000002
2020-04-16,ABBV,Healthcare,"Franklin Street Advisors Inc Buys Clorox Co, Accenture PLC, AbbVie Inc, Sells Constellation ...",0.0,buys; sells,-0.004999999999999999,-0.004999999999999999
2020-04-16,ABBV,Healthcare,How Safe Are AbbVie Stock and Its Dividend?,0.4404,dividend,0.03,0.47040000000000004
2020-04-17,ABBV,Healthcare,"Sage Capital Advisors,llc Buys iShares Short Maturity Bond, AbbVie Inc, Lockheed Martin Corp, ...",0.0,buys,0.04000000000000001,0.04000000000000001
2020-04-17,ABBV,Healthcare,"DnB Asset Management AS Buys Verizon Communications Inc, Alexion Pharmaceuticals Inc, Micron ...",0.3612,buys,0.04000000000000001,0.4012
2020-04-17,ABBV,Healthcare,"Donald L. Hagan, LLC Buys iShares –-' Year Treasury Bond ETF, PowerShares QQQ Trust Ser ...",0.6249,buys,0.04000000000000001,0.6649
2020-04-17,ABBV,Healthcare,"Crossvault Capital Management LLC Buys L'Harris Technologies Inc, AbbVie Inc, Shopify Inc, ...",0.0,buys,0.04000000000000001,0.04000000000000001
2020-04-17,ABBV,Healthcare,"Arnhold LLC Buys Pfizer Inc, ViacomCBS Inc, XPO Logistics Inc, Sells Gilead Sciences Inc, ...",0.0,buys; sells,-0.004999999999999999,-0.004999999999999999
2020-04-17,ABBV,Healthcare,"Don't Waste Your Money on Penny Stocks, These 2 Stocks Are Better Buys",0.6407,buys,0.04000000000000001,0.6807000000000001
2020-04-20,ABBV,Healthcare,"RBC Capital Upgrades AbbVie to Outperform, Raises Price Target to $93",0.0,outperform; raises,0.06999999999999999,0.06999999999999999
2020-04-20,ABBV,Healthcare,"Noteworthy ETF Inflows: VTV, HON, ABBV, GE",0.0,inflows,0.05,0.05
2020-04-20,ABBV,Healthcare,"Toth Financial Advisory Corp Buys PowerShares QQQ Trust Ser –, Amazon. ...",0.6124,buys,0.04000000000000001,0.6524000000000001
2020-04-21,ABBV,Healthcare,8 Safe High-Yield Dividend Stocks Offering 5% or More,0.4404,dividend,0.03,0.47040000000000004
2020-04-21,ABBV,Healthcare,3 Dividend Stocks I'd Buy Right Now,0.0,buy; dividend,0.034999999999999996,0.034999999999999996
2020-04-21,ABBV,Healthcare,"MinichMacGregor Wealth Management, LLC Buys United Parcel Service Inc, iShares –-' Year ...",0.7184,buys,0.04000000000000001,0.7584000000000001
2020-04-22,ABBV,Healthcare,2 Best Dividend Stocks to Buy Now,0.6369,buy; dividend,0.034999999999999996,0.6719
2020-04-22,ABBV,Healthcare,3 Great Reasons to Buy Gilead Sciences Stock,0.6249,buy,0.04000000000000001,0.6649
2020-04-22,ABBV,Healthcare,"Annex Advisory Services, LLC Buys ProShares Short S&P5……, PIMCO Enhanced Short Maturity ...",0.0,buys,0.04000000000000001,0.04000000000000001
2020-04-22,ABBV,Healthcare,"Railway Pension Investments Ltd Buys AbbVie Inc, Intel Corp, Eli Lilly and Co, Sells iShares ...",0.0,buys; sells,-0.004999999999999999,-0.004999999999999999
2020-04-22,ABBV,Healthcare,Biogen (BIIB) Stock Down Despite Q1 Earnings & Sales Beat,0.0,beat,0.09000000000000001,0.09000000000000001
2020-04-22,ABBV,Healthcare,"Cohen Lawrence B Buys American Tower Corp, NextEra Energy Inc, Bristol-Myers Squibb Company, ...",0.2732,buys,0.04000000000000001,0.31320000000000003
2020-04-23,ABBV,Healthcare,These 3 Biotechs Had Successful IPOs During the Coronavirus Crisis. Are They Buys?,-0.0772,buys,0.04000000000000001,-0.0372
2020-04-23,ABBV,Healthcare,Better Buy: AbbVie vs. Gilead Sciences,0.4404,buy,0.04000000000000001,0.48040000000000005
2020-04-24,ABBV,Healthcare,"Nichols & Pratt Advisers Llp Buys CVS Health Corp, The Estee Lauder Inc, Union Pacific ...",0.0,buys,0.04000000000000001,0.04000000000000001
2020-04-24,ABBV,Healthcare,"Aldebaran Financial Inc. Buys SPDR Portfolio Developed World ex-US, Essential Utilities Inc, ...",0.0,buys,0.04000000000000001,0.04000000000000001
2020-04-24,ABBV,Healthcare,Wall St Week Ahead-Spotlight falls on 'dividend aristocrats' after market tumult,0.0,dividend,0.03,0.03
2020-04-27,ABBV,Healthcare,The Dividend Metrics That Matter,0.0258,dividend,0.03,0.0558
2020-04-27,ABBV,Healthcare,3 Dividend Stocks I'd Buy Right Now,0.0,buy; dividend,0.034999999999999996,0.034999999999999996
2020-04-27,ABBV,Healthcare,Wall St Week Ahead-Spotlight falls on 'dividend aristocrats' after market tumult,0.0,dividend,0.03,0.03
2020-04-27,ABBV,Healthcare,"Gw Henssler & Associates Ltd Buys Royal Dutch Shell PLC, AbbVie Inc, Ingredion Inc, Sells ...",0.0,buys; sells,-0.004999999999999999,-0.004999999999999999
2020-04-27,ABBV,Healthcare,"Minot Wealth Management LLC Buys Fidelity Total Bond, Broadcom Inc, Gilead Sciences Inc, Sells ...",0.4939,buys; sells,-0.004999999999999999,0.4889
2020-04-27,ABBV,Healthcare,Why You Can Buy AbbVie At a Massive Discount,0.0,buy,0.04000000000000001,0.04000000000000001
2020-04-28,ABBV,Healthcare,3 Dividend Stocks Yielding More Than 5% That Are Safe Buys Right Now,0.4404,buys; dividend,0.034999999999999996,0.4754
2020-04-28,ABBV,Healthcare,Buy Allergan Stock as Big Pharma’s Biggest Deal Is About to Close,0.0,buy,0.04000000000000001,0.04000000000000001
2020-04-28,ABBV,Healthcare,"Blue Square Asset Management, LLC Buys SPDR Bloomberg Barclays –-' Month T-Bill, SPDR Gold ...",0.3612,buys,0.04000000000000001,0.4012
2020-04-29,ABBV,Healthcare,3 Healthcare Stocks With Solid Dividends to Hold Through Bumpy Times,0.1531,dividends,0.03,0.1831
2020-04-29,ABBV,Healthcare,"Oakmont Partners LLC Buys UnitedHealth Group Inc, Amazon. ...",0.1779,buys,0.04000000000000001,0.2179
2020-04-29,ABBV,Healthcare,"Regions Financial Corp Buys Truist Financial Corp, Royal Bank of Canada, Johnson & Johnson, ...",0.0,buys,0.04000000000000001,0.04000000000000001
2020-04-30,ABBV,Healthcare,Strong Insider Buying Reported in DLN Holdings,0.5106,buying,0.04000000000000001,0.5506000000000001
2020-04-30,ABBV,Healthcare,"Westhampton Capital, LLC Buys General Dynamics Corp, Truist Financial Corp, Qualcomm Inc, Sells ...",0.2732,buys; sells,-0.004999999999999999,0.2682
2020-04-30,ABBV,Healthcare,"Carlton Hofferkamp & Jenks Wealth Management, LLC Buys iShares Short Maturity Bond, Schwab ...",0.4939,buys,0.04000000000000001,0.5339
2020-04-30,ABBV,Healthcare,"Moser Wealth Advisors, LLC Buys AbbVie Inc, First Trust Preferred Securities and Income ETF, ...",0.8271,buys,0.04000000000000001,0.8671
2020-05-01,ABBV,Healthcare,"Telos Capital Management, Inc. Buys Qualcomm Inc, Apple Inc, Procter & Gamble Co, Sells ...",0.0,buys; sells,-0.004999999999999999,-0.004999999999999999
2020-05-01,ABBV,Healthcare,"AbbVie Beats –st-Quarter Estimates, Keeps —…—… Guidance",0.0,beats,0.09000000000000001,0.09000000000000001
2020-05-01,ABBV,Healthcare,"Quarterly Earnings Beats for Exxon, Clorox, AbbVie & More",0.0,beats,0.09000000000000001,0.09000000000000001
2020-05-01,ABBV,Healthcare,"AbbVie Q1 Adj. EPS $2.420 Beats $2.250 Estimate, Sales $8.619B Beat $8.330B Estimate",0.0,beat; beats,0.09000000000000001,0.09000000000000001
2020-05-01,ABBV,Healthcare,AbbVie Beats Q1 Estimates as U.S. Humira Sales Rise 13.7%,0.0,beats,0.09000000000000001,0.09000000000000001
2020-05-01,ABBV,Healthcare,Abbvie stands by 2020 profit forecast as Humira fuels quarterly beat,0.4404,beat,0.09000000000000001,0.5304
2020-05-01,ABBV,Healthcare,Abbvie quarterly sales beat as Humira shines; maintains forecast,0.0,beat,0.09000000000000001,0.09000000000000001
2020-05-01,ABBV,Healthcare,AbbVie Q1 adjusted earnings Beat Estimates,0.0,beat,0.09000000000000001,0.09000000000000001
2020-05-04,ABBV,Healthcare,"Granite Springs Asset Management LLC Buys Science Applications International Corp, Accenture ...",0.3612,buys,0.04000000000000001,0.4012
2020-05-04,ABBV,Healthcare,"Washburn Capital Management, Inc. Buys Schwab Intermediate-Term U.S. ...",0.0,buys,0.04000000000000001,0.04000000000000001
2020-05-04,ABBV,Healthcare,"SVB Leerink Maintains Outperform on AbbVie, Raises Price Target to $107",0.0,outperform; raises,0.06999999999999999,0.06999999999999999
2020-05-05,ABBV,Healthcare,AbbVie wins U.S. antitrust approval to buy Allergan,0.7783,buy,0.04000000000000001,0.8183
2020-05-05,ABBV,Healthcare,"Avalon Advisors, Llc Buys Sunnova Energy International Inc, Texas Instruments Inc, AbbVie Inc, ...",0.2732,buys,0.04000000000000001,0.31320000000000003
2020-05-06,ABBV,Healthcare,"Ar Asset Management Inc Buys AbbVie Inc, Boeing Co, McDonald's Corp, Sells JPMorgan Chase, ...",0.3612,buys; sells,-0.004999999999999999,0.3562
2020-05-06,ABBV,Healthcare,"Grisanti Capital Management LLC Buys Comcast Corp, Visa Inc, The Home Depot Inc, Sells The Walt ...",0.0,buys; sells,-0.004999999999999999,-0.004999999999999999
2020-05-06,ABBV,Healthcare,3 Dividend Stocks Perfect for Retirees,0.5719,dividend,0.03,0.6019
2020-05-07,ABBV,Healthcare,"Veracity Capital LLC Buys iShares –-' Year Treasury Bond ETF, Walmart Inc, Kimberly-Clark ...",0.2023,buys,0.04000000000000001,0.24230000000000002
2020-05-07,ABBV,Healthcare,"Suncoast Equity Management Buys Abbott Laboratories, Intuit Inc, Alphabet Inc, Sells CBRE Group ...",0.0,buys; sells,-0.004999999999999999,-0.004999999999999999
2020-05-07,ABBV,Healthcare,"ProVise Management Group, LLC Buys Schwab U.S. ...",0.0,buys,0.04000000000000001,0.04000000000000001
2020-05-07,ABBV,Healthcare,"De Burlo Group Inc Buys Veeva Systems Inc, Salesforce.com Inc, Amazon. ...",0.1779,buys,0.04000000000000001,0.2179
2020-05-07,ABBV,Healthcare,"Cypress Asset Management Inc Buys Verizon Communications Inc, United Parcel Service Inc, ...",0.6486,buys,0.04000000000000001,0.6886
2020-05-08,ABBV,Healthcare,"Wrapmanager Inc Buys iShares –-' Year Treasury Bond ETF, Cisco Systems Inc, Invesco ...",0.2023,buys,0.04000000000000001,0.24230000000000002
2020-05-08,ABBV,Healthcare,"Lighthouse Financial Advisors, Inc. Buys PowerShares QQQ Trust Ser –, Schwab U.S. ...",0.5106,buys,0.04000000000000001,0.5506000000000001
2020-05-08,ABBV,Healthcare,Are You Looking for a High-Growth Dividend Stock? AbbVie (ABBV) Could Be a Great Choice,0.6249,dividend,0.03,0.6549
2020-05-08,ABBV,Healthcare,"McAdam, LLC Buys iShares Core S&P 5……, SPDR S&P 6…… Small Cap Value ETF (based ...",0.34,buys,0.04000000000000001,0.38
2020-05-08,ABBV,Healthcare,Is Gilead Sciences Stock a Buy?,0.0,buy,0.04000000000000001,0.04000000000000001
2020-05-08,ABBV,Healthcare,"3 Top-Ranked Dividend Stocks: A Smarter Way to Boost Your Retirement Income - May 08, 2020",0.6908,dividend,0.03,0.7208
2020-05-11,ABBV,Healthcare,3 Best Healthcare Stocks to Buy in May,0.6369,buy,0.04000000000000001,0.6769000000000001
2020-05-11,ABBV,Healthcare,"Braun-Bostich & Associates Inc. Buys iShares Intermediate Government/Credit Bond, The ...",0.0,buys,0.04000000000000001,0.04000000000000001
2020-05-11,ABBV,Healthcare,Biotech Stock Rally Is Crushing Short Sellers,-0.3612,rally,0.06999999999999999,-0.2912
2020-05-11,ABBV,Healthcare,"Cornerstone Advisory, LLP Buys Amazon.com Inc, Berkshire Hathaway Inc, Vanguard Div ...",0.0,buys,0.04000000000000001,0.04000000000000001
2020-05-11,ABBV,Healthcare,"IFG Advisory, LLC Buys First Trust Capital Strength ETF, First Trust VL Dividend, Invesco ...",0.8689,buys; dividend,0.034999999999999996,0.9039
2020-05-11,ABBV,Healthcare,"Smith Chas P & Associates Pa Cpas Buys Visa Inc, Starbucks Corp, PNC Financial Services ...",0.0,buys,0.04000000000000001,0.04000000000000001
2020-05-11,ABBV,Healthcare,"Wambolt & Associates, LLC Buys Leidos Holdings Inc, PayPal Holdings Inc, Science ...",0.0,buys,0.04000000000000001,0.04000000000000001
2020-05-11,ABBV,Healthcare,"SVB Leerink Maintains Outperform on AbbVie, Raises Price Target to $122",0.0,outperform; raises,0.06999999999999999,0.06999999999999999
2020-05-11,ABBV,Healthcare,"Hunter Associates inc. Buys Broadcom Inc, Inogen Inc, CVS Health Corp, Sells FedEx Corp, ...",0.0,buys; sells,-0.004999999999999999,-0.004999999999999999
2020-05-11,ABBV,Healthcare,"UPDATE: Morgan Stanley On Abbvie Notes 'This is an earnings and multiple call, and we see a positive risk-reward skew given ABBV's 5.6% dividend yield'",0.5574,dividend; yield,0.03,0.5874
2020-05-11,ABBV,Healthcare,BI Asset Management Fondsmaeglerselskab A Buys Amazon. ...,0.4939,buys,0.04000000000000001,0.5339
2020-05-12,ABBV,Healthcare,AbbVie shares are trading higher JP Morgan upgraded the stock from Neutral to Overweight.,0.3034,upgraded,0.09000000000000001,0.3934
2020-05-13,ABBV,Healthcare,Is AbbVie a Buy Now That the Allergan Deal Is Done?,0.0,buy,0.04000000000000001,0.04000000000000001
2020-05-13,ABBV,Healthcare,It’s Time to Buy AbbVie Stock Now After Its Allergan Purchase,0.0,buy,0.04000000000000001,0.04000000000000001
2020-05-13,ABBV,Healthcare,"Thornburg Investment Management Inc Buys Equitable Holdings Inc, Regions Financial Corp, ...",0.0,buys,0.04000000000000001,0.04000000000000001
2020-05-13,ABBV,Healthcare,"Brick & Kyle, Associates Buys Apple Inc, SPDR Series Trust S&P Biotech, Amazon. ...",0.6124,buys,0.04000000000000001,0.6524000000000001
2020-05-13,ABBV,Healthcare,"Argent Capital Management Llc Buys Truist Financial Corp, AbbVie Inc, Starbucks Corp, Sells ...",0.0,buys; sells,-0.004999999999999999,-0.004999999999999999
2020-05-13,ABBV,Healthcare,"Vaughan David Investments Inc Buys AbbVie Inc, Mondelez International Inc, Comcast Corp, Sells ...",0.0,buys; sells,-0.004999999999999999,-0.004999999999999999
2020-05-13,ABBV,Healthcare,"IHT Wealth Management, LLC Buys SPDR Portfolio Developed World ex-US, SPDR Series Trust ...",0.7579,buys,0.04000000000000001,0.7979
2020-05-13,ABBV,Healthcare,"CNB Bank Buys Truist Financial Corp, AbbVie Inc, Amgen Inc, Sells FlexShares Global Upstream ...",0.0,buys; sells,-0.004999999999999999,-0.004999999999999999
2020-05-13,ABBV,Healthcare,"Standard Life Aberdeen plc Buys New Oriental Education & Technology Group Inc, MercadoLibre ...",0.0,buys,0.04000000000000001,0.04000000000000001
2020-05-13,ABBV,Healthcare,"Capital Fund Management S.a. Buys Qualcomm Inc, Merck Inc, AbbVie Inc, Sells Procter & ...",0.0,buys; sells,-0.004999999999999999,-0.004999999999999999
2020-05-14,ABBV,Healthcare,Is Now a Good Time To Buy Neurocrine Biosciences?,0.4404,buy,0.04000000000000001,0.48040000000000005
2020-05-14,ABBV,Healthcare,AbbVie Shares Rebound From Session Low As CEO Recently Spoke With Jim Cramer On CNBC's Squawk Street,0.0258,rebound,0.05,0.0758
2020-05-14,ABBV,Healthcare,"Columbia Asset Management Buys AbbVie Inc, Abbott Laboratories, ABB, Sells Erie Indemnity Co, ...",0.3612,buys; sells,-0.004999999999999999,0.3562
2020-05-14,ABBV,Healthcare,"Element Wealth, LLC Buys iShares Core S&P 5……, iShares S&P 5…… Growth, ...",0.7003,buys,0.04000000000000001,0.7403000000000001
2020-05-15,ABBV,Healthcare,"L— Asset Management, LLC Buys Schwab U.S. ...",0.3612,buys,0.04000000000000001,0.4012
2020-05-15,ABBV,Healthcare,Verition Fund Management LLC Buys iShares Core U.S. ...,0.0,buys,0.04000000000000001,0.04000000000000001
2020-05-15,ABBV,Healthcare,"Guild Investment Management, Inc. Buys Sprott Physical Gold Trust, AbbVie Inc, ProShares ...",0.5106,buys,0.04000000000000001,0.5506000000000001
2020-05-15,ABBV,Healthcare,"Peloton Wealth Strategists Buys Microsoft Corp, Intuitive Surgical Inc, WestRock Co, Sells ...",0.4939,buys; sells,-0.004999999999999999,0.4889
2020-05-15,ABBV,Healthcare,"Capital Growth Management LP Buys D.R. Horton Inc, Lennar Corp, Philip Morris International ...",0.3818,buys,0.04000000000000001,0.42179999999999995
2020-05-15,ABBV,Healthcare,"Farallon Capital Management Llc Buys Centene Corp, IQVIA Holdings Inc, General Dynamics Corp, ...",0.2732,buys,0.04000000000000001,0.31320000000000003
2020-05-15,ABBV,Healthcare,"Claro Advisors LLC Buys First Trust Low Duration Mortgage Opportunities ET, First Trust VL ...",0.7964,buys,0.04000000000000001,0.8364
2020-05-15,ABBV,Healthcare,"UBP Investment Advisors SA Buys iShares Short Maturity Bond, iShares MSCI China ETF, Eli Lilly ...",0.0,buys,0.04000000000000001,0.04000000000000001
2020-05-15,ABBV,Healthcare,"Gareth Morgan Investments Limited Partnership Buys ishares Gold Trust, Domino's Pizza Inc, ...",0.34,buys,0.04000000000000001,0.38
2020-05-18,ABBV,Healthcare,"Thor Advisors, LLC Buys SPDR S&P 5……, Activision Blizzard Inc, Gilead Sciences Inc, ...",0.0,buys,0.04000000000000001,0.04000000000000001
2020-05-19,ABBV,Healthcare,New Strong Buy Stocks For May 19th,0.5106,buy,0.04000000000000001,0.5506000000000001
2020-05-21,ABBV,Healthcare,"Capital Advisors Inc Buys Vanguard Short-Term Government Bond ETF, AbbVie Inc, The Home Depot ...",0.0,buys,0.04000000000000001,0.04000000000000001
2020-05-21,ABBV,Healthcare,5 Dividend Aristocrats Where Analysts See Capital Gains,0.34,dividend,0.03,0.37
2020-05-21,ABBV,Healthcare,"Noteworthy ETF Inflows: MTUM, BMY, ABBV, VRTX",0.0,inflows,0.05,0.05
2020-05-22,ABBV,Healthcare,Here's Why Editas Could Beat Intellia to a CRISPR Therapy,0.0,beat,0.09000000000000001,0.09000000000000001
2020-05-22,ABBV,Healthcare,Better Buy: AbbVie vs. Eli Lilly,0.4404,buy,0.04000000000000001,0.48040000000000005
2020-05-26,ABBV,Healthcare,Is Vertex Pharmaceuticals Stock a Buy?,0.0,buy,0.04000000000000001,0.04000000000000001
2020-05-26,ABBV,Healthcare,Is Coherus BioSciences a Buy?,0.0,buy,0.04000000000000001,0.04000000000000001
2020-05-26,ABBV,Healthcare,"Bahl & Gaynor Inc Buys Merck Inc, Verizon Communications Inc, AbbVie Inc, Sells Simon ...",0.0,buys; sells,-0.004999999999999999,-0.004999999999999999
2020-05-27,ABBV,Healthcare,"Point7— Asset Management Buys Micron Technology, Baxter",0.3612,buys,0.04000000000000001,0.4012
2020-05-27,ABBV,Healthcare,"Rainier Group Investment Advisory LLC Buys Colgate-Palmolive Co, 'M Co, CSX Corp, Sells ...",0.0,buys; sells,-0.004999999999999999,-0.004999999999999999
2020-05-27,ABBV,Healthcare,Top –st-Quarter Buys of Steven Cohen's Firm,0.2023,buys,0.04000000000000001,0.24230000000000002
2020-06-01,ABBV,Healthcare,Is Pfizer a Great Dividend Stock?,0.6249,dividend,0.03,0.6549
2020-06-02,ABBV,Healthcare,3 Stocks With Dividends Yielding More Than 3%,0.0,dividends,0.03,0.03
2020-06-02,ABBV,Healthcare,iShares Edge MSCI USA Momentum Factor ETF Experiences Big Outflow,0.0,outflow,-0.05,-0.05
2020-06-02,ABBV,Healthcare,"Argus Research Upgrades AbbVie to Buy, Announces $115 Price Target",0.0,buy,0.04000000000000001,0.04000000000000001
2020-06-03,ABBV,Healthcare,Abbvie Stock is Offering Investors an Oil Yield Without Oil’s Risk,0.2057,yield,0.03,0.2357
2020-06-05,ABBV,Healthcare,Strong Insider Buying Found in the Underlying Holdings of DHS,0.5106,buying,0.04000000000000001,0.5506000000000001
2020-06-08,ABBV,Healthcare,"If You Like Dividends, You Should Love These 2 Stocks",0.7717,dividends,0.03,0.8017000000000001
2020-06-08,ABBV,Healthcare,Better Buy: AbbVie vs. Johnson & Johnson,0.4404,buy,0.04000000000000001,0.48040000000000005
2020-06-10,ABBV,Healthcare,"ITOT, ABBV, BMY, COST: ETF Outflow Alert",0.296,outflow,-0.05,0.246
2020-06-11,ABBV,Healthcare,AbbVie (ABBV) Shares Cross 5% Yield Mark,0.296,yield,0.03,0.32599999999999996
2020-06-11,ABBV,Healthcare,3 Wins for AbbVie in 3 Days Provide 3 More Good Reasons to Buy the Pharma Stock,0.7841,buy,0.04000000000000001,0.8241
2020-06-17,ABBV,Healthcare,"Daily Dividend Report: ORCL,MA,ABBV,TOL,USB",0.0,dividend,0.03,0.03
2020-06-26,ABBV,Healthcare,Molecular Partners hopes for COVID-19 rebound after eye drug failure,-0.128,rebound,0.05,-0.078
2020-06-26,ABBV,Healthcare,"IVW, ABBV, CHTR, COST: Large Outflows Detected at ETF",0.0,outflows,-0.05,-0.05
2020-06-29,ABBV,Healthcare,3 Top Pharma Stocks to Buy in a Recession,-0.25,buy,0.04000000000000001,-0.21
2020-06-29,ABBV,Healthcare,4 Stocks to Buy With Dividends Yielding More Than 4%,0.0,buy; dividends,0.034999999999999996,0.034999999999999996
2020-07-02,ABBV,Healthcare,AbbVie Is Cheap and Pays an Attractive Yield,0.4404,yield,0.03,0.47040000000000004
2020-07-06,ABBV,Healthcare,5 High-Yield Dividend Stocks to Watch,0.0,dividend,0.03,0.03
2020-07-06,ABBV,Healthcare,"Got $5,000? Buy These 3 High-Yield Dividend Stocks That Are Money Machines",0.0,buy; dividend,0.034999999999999996,0.034999999999999996
2020-07-07,ABBV,Healthcare,3 Best-Performing Dividend Aristocrats in the First Half of 2020: Are They Buys Now?,0.0,buys; dividend,0.034999999999999996,0.034999999999999996
2020-07-08,ABBV,Healthcare,Better Buy: AbbVie vs. Biogen,0.4404,buy,0.04000000000000001,0.48040000000000005
2020-07-16,ABBV,Healthcare,iShares Russell Top 200 Growth ETF Experiences Big Inflow,0.5267,inflow,0.05,0.5767
2020-07-20,ABBV,Healthcare,3 Fantastic Dividend Stocks to Buy When the Market Crashes Again,0.5574,buy; dividend,0.034999999999999996,0.5924
2020-07-21,ABBV,Healthcare,2 High-Yield Dividend Stocks I'd Buy Right Now,0.0,buy; dividend,0.034999999999999996,0.034999999999999996
2020-07-21,ABBV,Healthcare,2 Best Gene-Editing Stocks to Buy in July,0.6369,buy,0.04000000000000001,0.6769000000000001
2020-07-22,ABBV,Healthcare,Validea John Neff Strategy Daily Upgrade Report - 7/22/2020,0.0,upgrade,0.09000000000000001,0.09000000000000001
2020-07-22,ABBV,Healthcare,Is AbbVie a Great Dividend Stock?,0.6249,dividend,0.03,0.6549
2020-07-24,ABBV,Healthcare,"ESGV, FB, ABBV, COST: ETF Inflow Alert",0.296,inflow,0.05,0.346
2020-07-27,ABBV,Healthcare,2 Market-Beating Dividend Stocks With Above-Average Payouts,0.0,dividend,0.03,0.03
2020-07-27,ABBV,Healthcare,3 Coronavirus Stocks With the Highest Dividend Yields,0.0,dividend; yields,0.03,0.03
2020-07-31,ABBV,Healthcare,AbbVie Q2 adjusted earnings Beat Estimates,0.0,beat,0.09000000000000001,0.09000000000000001
2020-07-31,ABBV,Healthcare,Validea Peter Lynch Strategy Daily Upgrade Report - 7/31/2020,0.0,upgrade,0.09000000000000001,0.09000000000000001
2020-07-31,ABBV,Healthcare,Drugmaker AbbVie profit beats as Humira helps offset COVID-19 hit,0.6705,beats,0.09000000000000001,0.7605
2020-08-06,ABBV,Healthcare,ABBV Named A Top Socially Responsible Dividend Stock,0.4767,dividend,0.03,0.5067
2020-08-07,ABBV,Healthcare,AbbVie a Top Ranked SAFE Dividend Stock With 5.1% Yield (ABBV),0.6633,dividend; yield,0.03,0.6933
2020-08-11,ABBV,Healthcare,5 Dividend Aristocrats Where Analysts See Capital Gains,0.34,dividend,0.03,0.37
2020-08-17,ABBV,Healthcare,3 Dividend Stocks Yielding More Than 4% That Are Safe Buys Right Now,0.4404,buys; dividend,0.034999999999999996,0.4754
2020-08-19,ABBV,Healthcare,Validea John Neff Strategy Daily Upgrade Report - 8/19/2020,0.0,upgrade,0.09000000000000001,0.09000000000000001
2020-08-25,ABBV,Healthcare,6 Marijuana Stocks to Buy That Are Sticking In the Green,0.0,buy,0.04000000000000001,0.04000000000000001
2020-08-26,ABBV,Healthcare,Is Gilead Sciences a Buy After Its Most Recent Roadblock?,0.0,buy,0.04000000000000001,0.04000000000000001
2020-08-28,ABBV,Healthcare,These 3 Dividend Stocks Could Bring You an Extra $100 a Month,0.0,dividend,0.03,0.03
2020-09-01,ABBV,Healthcare,"Forget Johnson & Johnson, AbbVie Is a Better Dividend Stock",0.25,dividend,0.03,0.28
2020-09-01,ABBV,Healthcare,2 Embarrassingly Cheap Dividend Stocks,-0.4019,dividend,0.03,-0.3719
2020-09-04,ABBV,Healthcare,AbbVie to develop and sell China-based I-Mab's cancer drug,-0.6597,sell,-0.05,-0.7097
2020-09-04,ABBV,Healthcare,Like Dividends? I Bet You'll Love These 2 Stocks,0.7717,dividends,0.03,0.8017000000000001
2020-09-11,ABBV,Healthcare,2 Top Dividend Stocks to Buy in a Stock Market Crash,-0.2263,buy; dividend,0.034999999999999996,-0.1913
2020-09-11,ABBV,Healthcare,Is AbbVie Stock a Buy?,0.0,buy,0.04000000000000001,0.04000000000000001
2020-09-11,ABBV,Healthcare,Dividend Aristocrat AbbVie Declares Its Latest Payout; Yield Is 5.3%,0.0,dividend; yield,0.03,0.03
2020-09-15,ABBV,Healthcare,Great Yield and Packed Pipeline Signal a Buy for AbbVie,0.6249,buy; yield,0.034999999999999996,0.6599
2020-09-17,ABBV,Healthcare,6 Dividend Stocks To Buy For Stable Yield And Growth Potential,0.5859,buy; dividend; yield,0.03333333333333333,0.6192333333333333
2020-09-18,ABBV,Healthcare,3 Cheap Stocks You Can Buy and Hold for Decades,0.0,buy,0.04000000000000001,0.04000000000000001
2020-09-18,ABBV,Healthcare,2 Great Pharma Stocks to Buy in the Next Market Crash,0.34,buy,0.04000000000000001,0.38
2020-09-22,ABBV,Healthcare,Does This Pharma Company's Lead Asset Make it a Buy Today?,0.3612,buy,0.04000000000000001,0.4012
2020-09-24,ABBV,Healthcare,3 Stocks to Buy Ahead of the Next Market Crash,-0.4019,buy,0.04000000000000001,-0.3619
2020-09-28,ABBV,Healthcare,3 Top Dividend Stocks With Yields Over 5%,0.2023,dividend; yields,0.03,0.2323
2020-09-30,ABBV,Healthcare,Better Buy: CRISPR Therapeutics vs. Editas Medicine,0.4404,buy,0.04000000000000001,0.48040000000000005
2020-10-01,ABBV,Healthcare,7 Dividend Stocks Perfect for a Retiree’s Portfolio,0.5719,dividend,0.03,0.6019
2020-10-12,ABBV,Healthcare,Is Gilead Sciences a Buy?,0.0,buy,0.04000000000000001,0.04000000000000001
2020-10-14,ABBV,Healthcare,Better Buy: AbbVie vs. Johnson & Johnson,0.4404,buy,0.04000000000000001,0.48040000000000005
2020-10-15,ABBV,Healthcare,Validea Joel Greenblatt Strategy Daily Upgrade Report - 10/15/2020,0.0,upgrade,0.09000000000000001,0.09000000000000001
2020-10-15,ABBV,Healthcare,7 Value Stocks To Buy in an Overvalued Market,0.34,buy,0.04000000000000001,0.38
2020-10-16,ABBV,Healthcare,5 High-Yield Stocks for 5%-Plus Dividend Payouts,0.0,dividend,0.03,0.03
2020-10-19,ABBV,Healthcare,"Got $5,000? Here Are 2 Dividend Growth Stocks to Buy and Hold for Decades",0.3818,buy; dividend,0.034999999999999996,0.41679999999999995
2020-10-20,ABBV,Healthcare,7 Dividend Stocks To Buy For Big Returns In Your Bank Account,0.0,buy; dividend,0.034999999999999996,0.034999999999999996
2020-10-21,ABBV,Healthcare,FDA declines to approve Zosano's drug for relieving migraine headaches,0.3612,declines,-0.05,0.31120000000000003
2020-10-27,ABBV,Healthcare,3 Stocks You Can Still Buy on Sale in a Ridiculously Expensive Market,-0.34,buy,0.04000000000000001,-0.30000000000000004
2020-10-29,ABBV,Healthcare,2 Healthcare Dividend Stocks to Buy No Matter Who Wins the Election,0.3818,buy; dividend,0.034999999999999996,0.41679999999999995
2020-10-30,ABBV,Healthcare,AbbVie Q3 adjusted earnings Beat Estimates,0.0,beat,0.09000000000000001,0.09000000000000001
2020-10-30,ABBV,Healthcare,2 No-Brainer Dividend Stocks Yielding More Than 4%,0.0,dividend,0.03,0.03
2020-10-30,ABBV,Healthcare,"US STOCKS-Wall St slumps as tech stocks slide, COVID cases jump",0.0,slumps,-0.06999999999999999,-0.06999999999999999
2020-10-30,ABBV,Healthcare,How AbbVie Beat Expectations in Q3,0.0,beat,0.09000000000000001,0.09000000000000001
2020-10-30,ABBV,Healthcare,AbbVie Raises FY20 Adj. EPS Outlook; Boosts Dividend 10.2% - Quick Facts,0.3182,dividend; raises,0.05,0.36819999999999997
2020-10-30,ABBV,Healthcare,AbbVie raises 2020 profit forecast as COVID-19 hit eases,0.6369,raises,0.06999999999999999,0.7069
2020-11-02,ABBV,Healthcare,5 No-Brainer Stocks to Buy if Donald Trump Wins in November,0.5719,buy,0.04000000000000001,0.6119
2020-11-02,ABBV,Healthcare,3 Top Stocks With High Dividend Yields,0.2023,dividend; yields,0.03,0.2323
2020-11-02,ABBV,Healthcare,3 Dividend Stocks to Supplement Your Social Security,0.34,dividend,0.03,0.37
2020-11-03,ABBV,Healthcare,3 ‘Strong Buy’ Stocks With at Least 5% Dividend Yield,0.0,buy; dividend; yield,0.03333333333333333,0.03333333333333333
2020-11-12,ABBV,Healthcare,4 Dividend Stocks With Yields Over 5%,0.0,dividend; yields,0.03,0.03
2020-11-13,ABBV,Healthcare,5 Dividend Growth Stocks With Upside To Analyst Targets,0.3818,dividend,0.03,0.41179999999999994
2020-11-16,ABBV,Healthcare,Here Are the Stocks Warren Buffett Has Been Buying and Selling,0.0,buying; selling,-0.004999999999999999,-0.004999999999999999
2020-11-16,ABBV,Healthcare,3 Recession Proof Stocks to Buy Now,-0.4215,buy,0.04000000000000001,-0.38149999999999995
2020-11-17,ABBV,Healthcare,"Buffett’s Berkshire Hathaway Buys New Stakes in Vaccine Makers, Cuts Banks",-0.296,buys,0.04000000000000001,-0.256
2020-11-20,ABBV,Healthcare,"ACWI, PEP, ABBV, QCOM: ETF Inflow Alert",0.296,inflow,0.05,0.346
2020-11-23,ABBV,Healthcare,Like Dividends? I Bet You'll Love These 3 Stocks,0.7717,dividends,0.03,0.8017000000000001
2020-11-23,ABBV,Healthcare,3 High-Yield Dividend Stocks to Buy Now,0.0,buy; dividend,0.034999999999999996,0.034999999999999996
2020-11-23,ABBV,Healthcare,These 3 Dividend Stocks Are Practically Money Machines,0.0,dividend,0.03,0.03
2020-11-30,ABBV,Healthcare,Is AbbVie a Great Dividend Stock?,0.6249,dividend,0.03,0.6549
2020-11-30,ABBV,Healthcare,AbbVie (ABBV) Shares Cross 5% Yield Mark,0.296,yield,0.03,0.32599999999999996
2020-12-01,ABBV,Healthcare,3 Pharma Stocks With Dividends Above 4% to Buy Now,0.0,buy; dividends,0.034999999999999996,0.034999999999999996
2020-12-01,ABBV,Healthcare,"Notable ETF Outflow Detected - ACWI, V, ABBV, XOM",0.0,outflow,-0.05,-0.05
2020-12-02,ABBV,Healthcare,Despite A 65% Rally AbbVie Stock Looks Like It Can Gain More,0.7096,rally,0.06999999999999999,0.7796
2020-12-03,ABBV,Healthcare,3 Dividend Stocks for Big Total Returns in 2021,0.0,dividend,0.03,0.03
2020-12-07,ABBV,Healthcare,3 Value Stocks Warren Buffett Owns That You Should Consider Buying Too,0.34,buying,0.04000000000000001,0.38
2020-12-07,ABBV,Healthcare,7 Cheap Stocks to Buy Before the Market Realizes their Worth,0.2263,buy,0.04000000000000001,0.2663
2020-12-10,ABBV,Healthcare,3 Warren Buffett Dividend Stocks You Can Buy Right Now,0.0,buy; dividend,0.034999999999999996,0.034999999999999996
2020-12-10,ABBV,Healthcare,The Only Warren Buffett Stock Worth Buying,0.2263,buying,0.04000000000000001,0.2663
2020-12-14,ABBV,Healthcare,2 High-Yielding Dividend Stocks to Buy if the Market Crashes Again,0.0,buy; dividend,0.034999999999999996,0.034999999999999996
2020-12-17,ABBV,Healthcare,Vanguard High Dividend Yield ETF Experiences Big Inflow,0.0,dividend; inflow; yield,0.036666666666666674,0.036666666666666674
2020-12-17,ABBV,Healthcare,3 Dividend Stocks I'd Buy Right Now,0.0,buy; dividend,0.034999999999999996,0.034999999999999996
2020-12-23,ABBV,Healthcare,Coronavirus Stimulus Checks: Top Stocks To Buy Now,0.2023,buy,0.04000000000000001,0.24230000000000002
2020-12-23,ABBV,Healthcare,5 Dividend Stocks Likely to Up Their Yield Soon,0.0,dividend; yield,0.03,0.03
2020-12-23,ABBV,Healthcare,3 Stocks to Buy With Dividends Yielding More Than 4%,0.0,buy; dividends,0.034999999999999996,0.034999999999999996
2020-12-29,ABBV,Healthcare,"ACWI, TMO, ABBV, CVX: Large Outflows Detected at ETF",0.0,outflows,-0.05,-0.05
2020-12-31,ABBV,Healthcare,How to Find the Best Dividend Stocks,0.6369,dividend,0.03,0.6669
2020-12-31,ABBV,Healthcare,3 Warren Buffett Stocks Worth Buying Now,0.2263,buying,0.04000000000000001,0.2663
2021-01-04,ABBV,Healthcare,7 Cheap Stocks to Buy in January For a Quick Buck,0.0,buy,0.04000000000000001,0.04000000000000001
2021-01-06,ABBV,Healthcare,"MRKR Soars As FDA Lifts Hold On MT-401, RYTM Sells Priority Review Voucher, MLND Dumps MLE-301",-0.4019,sells,-0.05,-0.45189999999999997
2021-01-07,ABBV,Healthcare,"Notable ETF Outflow Detected - IVW, TMO, ABBV, ABT",0.0,outflow,-0.05,-0.05
2021-01-11,ABBV,Healthcare,How Safe Is AbbVie's Dividend?,0.4404,dividend,0.03,0.47040000000000004
2021-01-11,ABBV,Healthcare,AbbVie Inc. (NYSE:ABBV) Will Pay A US$1.30 Dividend In Four Days,-0.1027,dividend,0.03,-0.0727
2021-01-11,ABBV,Healthcare,7 Hot Stocks That Will Keep You Energized With 3%-Plus Yields,0.5106,yields,0.03,0.5406000000000001
2021-01-13,ABBV,Healthcare,3 Dividend Aristocrats to Buy Right Now,0.0,buy; dividend,0.034999999999999996,0.034999999999999996
2021-01-14,ABBV,Healthcare,3 Great Dividend Stocks That Are Simply Too Cheap to Ignore,0.3818,dividend,0.03,0.41179999999999994
2021-01-15,ABBV,Healthcare,"Notable ETF Inflow Detected - IWV, TMO, KO, ABBV",0.0,inflow,0.05,0.05
2021-01-22,ABBV,Healthcare,7 Dividend Aristocrats That Will Outlive Us All,0.0,dividend,0.03,0.03
2021-01-28,ABBV,Healthcare,5 Dividend Growth Stocks With Upside To Analyst Targets,0.3818,dividend,0.03,0.41179999999999994
2021-01-29,ABBV,Healthcare,3 Dividend Stocks That Could Pay You for the Rest of Your Life,-0.1027,dividend,0.03,-0.0727
2021-02-01,ABBV,Healthcare,These Dividend Stocks Are Practically Money Machines,0.0,dividend,0.03,0.03
2021-02-01,ABBV,Healthcare,Best Biotech Stocks To Buy Right Now? 4 Reporting Earnings This Week,0.6369,buy,0.04000000000000001,0.6769000000000001
2021-02-02,ABBV,Healthcare,3 Top Dividend Stocks With Yields Over 4%,0.2023,dividend; yields,0.03,0.2323
2021-02-03,ABBV,Healthcare,AbbVie a Top Socially Responsible Dividend Stock With 5.0% Yield (ABBV),0.4767,dividend; yield,0.03,0.5067
2021-02-03,ABBV,Healthcare,AbbVie revenue beats expectations on Humira demand,-0.128,beats,0.09000000000000001,-0.03799999999999999
2021-02-03,ABBV,Healthcare,AbbVie profit beats expectations on Humira demand,0.34,beats,0.09000000000000001,0.43000000000000005
2021-02-04,ABBV,Healthcare,AbbVie a Top Ranked SAFE Dividend Stock With 4.9% Yield (ABBV),0.6633,dividend; yield,0.03,0.6933
2021-02-08,ABBV,Healthcare,3 Top Dividend Stocks to Buy Right Now,0.2023,buy; dividend,0.034999999999999996,0.2373
2021-02-12,ABBV,Healthcare,8 Growing Dividend Payers (up to 8.2%) You Can Sit on for Decades,0.1779,dividend,0.03,0.2079
2021-02-16,ABBV,Healthcare,3 Embarrassingly Cheap Dividend Stocks,-0.4019,dividend,0.03,-0.3719
2021-02-16,ABBV,Healthcare,These 4 Dividend ETFs Are a Retiree's Best Friend,0.8126,dividend,0.03,0.8426
2021-02-17,ABBV,Healthcare,2 Top Stocks to Buy for a Post-Pandemic World,0.2023,buy,0.04000000000000001,0.24230000000000002
2021-02-18,ABBV,Healthcare,"Daily Dividend Report: MTB,SHW,WMT,WCN,HUM,ABBV",0.0,dividend,0.03,0.03
2021-02-18,ABBV,Healthcare,Here Are All 10 Stocks Warren Buffett Has Been Buying,0.0,buying,0.04000000000000001,0.04000000000000001
2021-02-22,ABBV,Healthcare,Ready to Supercharge Your Passive Income? 3 Dividend Stocks You Can't Go Wrong With,0.7054,dividend,0.03,0.7354
2021-02-22,ABBV,Healthcare,Is It Too Late to Buy AbbVie Stock?,0.0,buy,0.04000000000000001,0.04000000000000001
2021-02-22,ABBV,Healthcare,Billionaire Ray Dalio Places Bet on 3 “Strong Buy” Stocks,0.0,buy,0.04000000000000001,0.04000000000000001
2021-02-22,ABBV,Healthcare,3 Stocks to Buy with Dividends Yielding More than 4%,0.0,buy; dividends,0.034999999999999996,0.034999999999999996
2021-02-23,ABBV,Healthcare,Cathie Wood Couldn't Stop Buying These 3 Stocks for ARK Invest Last Week,0.2235,buying,0.04000000000000001,0.2635
2021-02-23,ABBV,Healthcare,2 Best Pharma Stocks to Buy Right Now,0.6369,buy,0.04000000000000001,0.6769000000000001
2021-02-26,ABBV,Healthcare,5 High-Yield Dividend Stocks to Watch,0.0,dividend,0.03,0.03
2021-03-01,ABBV,Healthcare,iShares S&P 500 Growth ETF Experiences Big Outflow,0.3818,outflow,-0.05,0.3318
2021-03-02,ABBV,Healthcare,5 Dividend Growth Stocks With Upside To Analyst Targets,0.3818,dividend,0.03,0.41179999999999994
2021-03-03,ABBV,Healthcare,7 Great Dividend Stocks Outside the Energy Sector,0.7351,dividend,0.03,0.7651
2021-03-08,ABBV,Healthcare,5 High-Yield Dividend Stocks to Buy for a Biden Bull Market,0.0,buy; dividend,0.034999999999999996,0.034999999999999996
2021-03-09,ABBV,Healthcare,"IVW, QCOM, ABBV, CMCSA: Large Outflows Detected at ETF",0.0,outflows,-0.05,-0.05
2021-03-15,ABBV,Healthcare,3 High-Yield Dividend Stocks to Buy Now,0.0,buy; dividend,0.034999999999999996,0.034999999999999996
2021-03-15,ABBV,Healthcare,EXCLUSIVE-AbbVie in talks to sell $5 bln women's drugs portfolio - sources,0.0,sell,-0.05,-0.05
2021-03-15,ABBV,Healthcare,EXCLUSIVE-AbbVie in talks to sell $5 bln women's drugs portfolio -sources,0.0,sell,-0.05,-0.05
2021-03-16,ABBV,Healthcare,3 Reasons to Avoid Arena Pharmaceuticals -- and 1 Reason to Buy,-0.296,buy,0.04000000000000001,-0.256
2021-03-19,ABBV,Healthcare,iShares Core S&P 500 ETF Experiences Big Inflow,0.0,inflow,0.05,0.05
2021-03-22,ABBV,Healthcare,3 Embarrassingly Cheap Dividend Stocks,-0.4019,dividend,0.03,-0.3719
2021-03-29,ABBV,Healthcare,3 High-Yield Dividend Stocks With Solid Growth Prospects,0.6597,dividend,0.03,0.6897
2021-03-31,ABBV,Healthcare,The Best Value Stock to Buy Right Now,0.765,buy,0.04000000000000001,0.805
2021-03-31,ABBV,Healthcare,"Noteworthy ETF Inflows: IWF, GOOG, UNH, ABBV",0.0,inflows,0.05,0.05
2021-04-05,ABBV,Healthcare,3 Dividend Stocks That Are Perfect for Retirement,0.5719,dividend,0.03,0.6019
2021-04-06,ABBV,Healthcare,Should You Buy AbbVie in April?,0.0,buy,0.04000000000000001,0.04000000000000001
2021-04-08,ABBV,Healthcare,"IVW, ABBV, INTU, NOW: ETF Outflow Alert",0.296,outflow,-0.05,0.246
2021-04-09,ABBV,Healthcare,Do These 3 Checks Before Buying AbbVie Inc. (NYSE:ABBV) For Its Upcoming Dividend,0.0,buying; dividend,0.034999999999999996,0.034999999999999996
2021-04-12,ABBV,Healthcare,3 Great Dividend Stocks to Buy Right Now,0.6249,buy; dividend,0.034999999999999996,0.6599
2021-04-13,ABBV,Healthcare,2 Stocks That Are Perfect to Buy Now and Hold Until Retirement,0.5719,buy,0.04000000000000001,0.6119
2021-04-14,ABBV,Healthcare,"Got $1,000? 2 Dirt-Cheap Value Stocks You Can Buy Right Now",0.34,buy,0.04000000000000001,0.38
2021-04-14,ABBV,Healthcare,Is Morphic Holding a Buy?,0.0,buy,0.04000000000000001,0.04000000000000001
2021-04-15,ABBV,Healthcare,3 Dividend Stocks I'd Buy Right Now,0.0,buy; dividend,0.034999999999999996,0.034999999999999996
2021-04-15,ABBV,Healthcare,2 Best Reddit Healthcare Stocks to Buy Now,0.6369,buy,0.04000000000000001,0.6769000000000001
2021-04-26,ABBV,Healthcare,3 Bargain Stocks to Buy With the Market Near All-Time Highs,0.2023,buy,0.04000000000000001,0.24230000000000002
2021-04-26,ABBV,Healthcare,The Best Dividend Stocks to Buy With $300 Right Now,0.6369,buy; dividend,0.034999999999999996,0.6719
2021-04-26,ABBV,Healthcare,3 Top Blue-Chip Healthcare Stocks With Healthy Dividends,0.5423,dividends,0.03,0.5723
2021-04-27,ABBV,Healthcare,Does This First-in-Class Acquisition Make Amgen a Buy?,0.0,buy,0.04000000000000001,0.04000000000000001
2021-04-28,ABBV,Healthcare,Best Stocks To Invest In 2021? 4 Dividend Stocks To Watch,0.6369,dividend,0.03,0.6669
2021-04-28,ABBV,Healthcare,Is AbbVie a Buy Before Its Earnings Report Friday?,0.0,buy,0.04000000000000001,0.04000000000000001
2021-04-28,ABBV,Healthcare,7 Pharmaceutical Stocks With Dividends in Hand,0.4939,dividends,0.03,0.5239
2021-04-29,ABBV,Healthcare,2 Undervalued Pharmaceutical Stocks to Buy Now,0.0,buy,0.04000000000000001,0.04000000000000001
2021-04-30,ABBV,Healthcare,"AbbVie Rises on Q1 Beats, Raised EPS Guidance",0.0,beats; raised,0.07500000000000001,0.07500000000000001
2021-04-30,ABBV,Healthcare,3 Warren Buffett Stocks Worth Buying Now,0.2263,buying,0.04000000000000001,0.2663
2021-04-30,ABBV,Healthcare,AbbVie raises full-year profit forecast as Humira fuels quarterly sales,0.4404,raises,0.06999999999999999,0.5104
2021-04-30,ABBV,Healthcare,How AbbVie Beat Expectations Again in Q1,0.0,beat,0.09000000000000001,0.09000000000000001
2021-04-30,ABBV,Healthcare,AbbVie Q1 adjusted earnings Beat Estimates,0.0,beat,0.09000000000000001,0.09000000000000001
2021-05-03,ABBV,Healthcare,Better Buy for 2021: AbbVie or Merck?,0.4404,buy,0.04000000000000001,0.48040000000000005
2021-05-03,ABBV,Healthcare,Warren Buffett's 3 Highest-Yielding Dividend Stocks,0.0,dividend,0.03,0.03
2021-05-03,ABBV,Healthcare,AbbVie Inc. Beat Analyst Estimates: See What The Consensus Is Forecasting For This Year,0.0,beat,0.09000000000000001,0.09000000000000001
2021-05-04,ABBV,Healthcare,AbbVie Raises EPS Guidance After 1Q Earnings Beat,0.0,beat; raises,0.08000000000000002,0.08000000000000002
2021-05-05,ABBV,Healthcare,"IWB, CRM, ABBV, WFC: Large Outflows Detected at ETF",0.0,outflows,-0.05,-0.05
2021-05-07,ABBV,Healthcare,7 Warren Buffett Stocks to Buy for the Next Decade,0.0,buy,0.04000000000000001,0.04000000000000001
2021-05-10,ABBV,Healthcare,Is It Too Late to Buy AbbVie Stock in 2021?,0.0,buy,0.04000000000000001,0.04000000000000001
2021-05-10,ABBV,Healthcare,3 Embarrassingly Cheap Dividend Stocks,-0.4019,dividend,0.03,-0.3719
2021-05-10,ABBV,Healthcare,Allergan Aesthetics To Buy Soliton For $22.60/Share In Cash - Quick Facts,0.0,buy,0.04000000000000001,0.04000000000000001
2021-05-12,ABBV,Healthcare,The Best Warren Buffett Stocks to Buy With $300 Right Now,0.6369,buy,0.04000000000000001,0.6769000000000001
2021-05-14,ABBV,Healthcare,3 Dividend Stocks That Pay You Better Than Coca-Cola Does,0.3612,dividend,0.03,0.3912
2021-05-14,ABBV,Healthcare,iShares MSCI USA Quality Factor ETF Experiences Big Outflow,0.0,outflow,-0.05,-0.05
2021-05-17,ABBV,Healthcare,3 High-Yield Dividend Stocks I'd Buy Right Now,0.0,buy; dividend,0.034999999999999996,0.034999999999999996
2021-05-18,ABBV,Healthcare,"After a Blowout Quarter, Is AbbVie Stock a Buy?",0.0,buy,0.04000000000000001,0.04000000000000001
2021-05-21,ABBV,Healthcare,2 Healthcare Stocks Perfect to Buy Now and Hold Until Retirement,0.5719,buy,0.04000000000000001,0.6119
2021-05-21,ABBV,Healthcare,Best Dividend Stocks To Buy Now? 4 Trending Now,0.6369,buy; dividend,0.034999999999999996,0.6719
2021-05-24,ABBV,Healthcare,These Top 3 Healthcare Dividend Stocks Will Carry You Through Any Market Mood,0.2023,dividend,0.03,0.2323
2021-05-24,ABBV,Healthcare,The Best Dividend Aristocrats to Buy With $500 Right Now,0.6369,buy; dividend,0.034999999999999996,0.6719
2021-05-26,ABBV,Healthcare,5 Reasons Not to Sell During a Market Crash,-0.4019,sell,-0.05,-0.45189999999999997
2021-05-26,ABBV,Healthcare,"Notable ETF Inflow Detected - ESGU, NEE, CRM, ABBV",0.0,inflow,0.05,0.05
2021-05-27,ABBV,Healthcare,2 Stocks to Buy With Dividends Yielding More Than 3%,0.0,buy; dividends,0.034999999999999996,0.034999999999999996
2021-05-27,ABBV,Healthcare,5 Stocks Warren Buffett Is Selling That You Should Be Buying,0.0,buying; selling,-0.004999999999999999,-0.004999999999999999
2021-06-01,ABBV,Healthcare,"Got $5,000? Buy These 2 Stocks Instead of Dogecoin",0.0,buy,0.04000000000000001,0.04000000000000001
2021-06-01,ABBV,Healthcare,Is Viatris a Good Stock to Buy for 2021?,0.4404,buy,0.04000000000000001,0.48040000000000005
2021-06-01,ABBV,Healthcare,6 Top Dividend Stocks To Watch For Your Retirement Plan,0.2023,dividend,0.03,0.2323
2021-06-01,ABBV,Healthcare,5 Dividend Aristocrats Where Analysts See Capital Gains,0.34,dividend,0.03,0.37
2021-06-03,ABBV,Healthcare,"IWV, NFLX, CRM, ABBV: Large Inflows Detected at ETF",0.0,inflows,0.05,0.05
2021-06-09,ABBV,Healthcare,2 High-Yield Dividend Stocks for 2021,0.0,dividend,0.03,0.03
2021-06-10,ABBV,Healthcare,2 Top Healthcare Stocks to Buy in a Market Crash,-0.2263,buy,0.04000000000000001,-0.1863
2021-06-11,ABBV,Healthcare,iShares Russell 1000 ETF Experiences Big Outflow,0.0,outflow,-0.05,-0.05
2021-06-11,ABBV,Healthcare,3 Absurdly Cheap Stocks to Buy in a Ridiculously Expensive Market,-0.34,buy,0.04000000000000001,-0.30000000000000004
2021-06-14,ABBV,Healthcare,3 Top Dividend Stocks to Buy in June,0.2023,buy; dividend,0.034999999999999996,0.2373
2021-06-17,ABBV,Healthcare,2 Top Dividend Stocks You Can Buy and Hold Forever,0.2023,buy; dividend,0.034999999999999996,0.2373
2021-06-18,ABBV,Healthcare,Next Market Crash 101: 2 Top Growth Stocks to Buy Right Now,0.1779,buy,0.04000000000000001,0.2179
2021-06-18,ABBV,Healthcare,This Safe 5-Stock Healthcare Portfolio Yields 5.5%,0.4404,yields,0.03,0.47040000000000004
2021-06-18,ABBV,Healthcare,"Daily Dividend Report: ABBV,BMY,UDR,EQR,MEI",0.0,dividend,0.03,0.03
2021-06-21,ABBV,Healthcare,This Is Warren Buffett's Best Dividend Stock by Far,0.6369,dividend,0.03,0.6669
2021-06-21,ABBV,Healthcare,"Notable ETF Inflow Detected - XLV, ABBV, CVS, ANTM",0.0,inflow,0.05,0.05
2021-06-22,ABBV,Healthcare,2 Dividend Stocks That Could Be Paying You 10% Within 5 Years,0.0,dividend,0.03,0.03
2021-06-23,ABBV,Healthcare,Best Dividend Stocks To Buy Today? 3 To Watch Before July 2021,0.6369,buy; dividend,0.034999999999999996,0.6719
2021-06-25,ABBV,Healthcare,AbbVie Inc. (NYSE:ABBV) is Finding Balance between Dividends and Growth,0.3818,dividends,0.03,0.41179999999999994
2021-06-29,ABBV,Healthcare,"Notable ETF Outflow Detected - XLV, PFE, ABBV, BMY",0.0,outflow,-0.05,-0.05
2021-06-30,ABBV,Healthcare,5 High Dividend Stocks For Your July 2021 Watchlist,0.0,dividend,0.03,0.03
2021-07-02,ABBV,Healthcare,Got $400? 3 Fantastic Dividend Stocks to Buy Right Now,0.5574,buy; dividend,0.034999999999999996,0.5924
2021-07-06,ABBV,Healthcare,Best Biotech Stocks To Buy In July 2021? 3 To Watch This Week,0.6369,buy,0.04000000000000001,0.6769000000000001
2021-07-06,ABBV,Healthcare,3 Warren Buffett Stocks to Buy in July,0.0,buy,0.04000000000000001,0.04000000000000001
2021-07-06,ABBV,Healthcare,3 Dividend Stocks That Are Dirt Cheap Right Now,-0.34,dividend,0.03,-0.31000000000000005
2021-07-07,ABBV,Healthcare,What Stocks To Buy Today? 4 Dividend Stocks To Watch In July 2021,0.0,buy; dividend,0.034999999999999996,0.034999999999999996
2021-07-07,ABBV,Healthcare,iShares Russell Top 200 Growth ETF Experiences Big Outflow,0.5267,outflow,-0.05,0.47669999999999996
2021-07-07,ABBV,Healthcare,"Got $5,000? Buy and Hold These 3 Value Stocks for Years",0.34,buy,0.04000000000000001,0.38
2021-07-14,ABBV,Healthcare,Best Health Care Stocks To Buy Now? 3 To Know,0.8126,buy,0.04000000000000001,0.8526
2021-07-19,ABBV,Healthcare,3 High-Yield Dividend Aristocrats To Buy Now,0.0,buy; dividend,0.034999999999999996,0.034999999999999996
2021-07-20,ABBV,Healthcare,"Have $2,000? 2 All-Weather Stocks to Buy This Month",0.0,buy,0.04000000000000001,0.04000000000000001
2021-07-23,ABBV,Healthcare,"Notable ETF Inflow Detected - XLV, JNJ, UNH, ABBV",0.0,inflow,0.05,0.05
2021-07-26,ABBV,Healthcare,3 Value Stocks to Buy for the Second Half of 2021,0.34,buy,0.04000000000000001,0.38
2021-07-26,ABBV,Healthcare,3 Dividend Stocks to Buy Hand Over Fist If the Market Crashes,0.4939,buy; dividend,0.034999999999999996,0.5289
2021-07-26,ABBV,Healthcare,The Smartest Dividend Aristocrats to Buy With $500 Right Now,0.6124,buy; dividend,0.034999999999999996,0.6474000000000001
2021-07-28,ABBV,Healthcare,Thinking About Joining the Dogecoin Craze? Here are 2 Smarter Buys,0.34,buys,0.04000000000000001,0.38
2021-07-30,ABBV,Healthcare,AbbVie raises annual profit forecast as Botox demand rebounds,0.34,raises; rebounds,0.06,0.4
2021-07-30,ABBV,Healthcare,AbbVie Q2 adjusted earnings Beat Estimates,0.0,beat,0.09000000000000001,0.09000000000000001
2021-08-02,ABBV,Healthcare,3 Underrated Warren Buffett Stocks That Are Smart Buys Right Now,0.4019,buys,0.04000000000000001,0.44189999999999996
2021-08-04,ABBV,Healthcare,Why AbbVie is a Top Socially Responsible Dividend Stock (ABBV),0.4767,dividend,0.03,0.5067
2021-08-06,ABBV,Healthcare,5 Dividend Growth Stocks With Upside To Analyst Targets,0.3818,dividend,0.03,0.41179999999999994
2021-08-09,ABBV,Healthcare,Here Are the 12 Best Dividend Stocks I Own Right Now,0.6369,dividend,0.03,0.6669
2021-08-11,ABBV,Healthcare,"Forget Robinhood, These 3 Healthcare Stocks Are Better Buys",0.25,buys,0.04000000000000001,0.29000000000000004
2021-08-17,ABBV,Healthcare,3 Top Biotech Stocks to Buy in August,0.2023,buy,0.04000000000000001,0.24230000000000002
2021-08-18,ABBV,Healthcare,"Noteworthy ETF Inflows: VHT, ABBV, CVS, ANTM",0.0,inflows,0.05,0.05
2021-08-18,ABBV,Healthcare,Like Dividends? I Bet You'll Love These 3 Stocks,0.7717,dividends,0.03,0.8017000000000001
2021-08-24,ABBV,Healthcare,7 S&P 500 Stocks to Buy for Growth and Value,0.6124,buy,0.04000000000000001,0.6524000000000001
2021-08-25,ABBV,Healthcare,Is It Too Late to Buy Moderna Stock?,0.0,buy,0.04000000000000001,0.04000000000000001
2021-08-26,ABBV,Healthcare,3 Pharma Stocks to Buy With Juicy Dividends,0.0,buy; dividends,0.034999999999999996,0.034999999999999996
2021-08-27,ABBV,Healthcare,This Warren Buffett Dividend Stock Is Still Dirt Cheap,-0.34,dividend,0.03,-0.31000000000000005
2021-08-27,ABBV,Healthcare,The 3 Best Biotech Stocks to Buy Right Now,0.6369,buy,0.04000000000000001,0.6769000000000001
2021-08-30,ABBV,Healthcare,5 High-Yield Dividend Stocks That Can Double Your Money by 2029,0.0,dividend,0.03,0.03
2021-08-30,ABBV,Healthcare,Does the Pullback in This Pharma Stock Create a Buying Opportunity?,0.5994,buying,0.04000000000000001,0.6394000000000001
2021-09-01,ABBV,Healthcare,3 Top Warren Buffett Stocks to Buy in September,0.2023,buy,0.04000000000000001,0.24230000000000002
2021-09-02,ABBV,Healthcare,7 Healthcare Stocks to Buy Before $3.5 Trillion Floods In ,0.0,buy,0.04000000000000001,0.04000000000000001
2021-09-07,ABBV,Healthcare,Top Health Care Stocks To Buy In September 2021? 4 To Watch,0.6124,buy,0.04000000000000001,0.6524000000000001
2021-09-08,ABBV,Healthcare,Should You Buy AbbVie Stock After The Recent 7% Fall?,0.0,buy,0.04000000000000001,0.04000000000000001
2021-09-10,ABBV,Healthcare,"Daily Dividend Report: BMY,ABBV,CERN,NLY,HPP",0.0,dividend,0.03,0.03
2021-09-10,ABBV,Healthcare,Downward Pressures and Flat Earnings Outweigh the AbbVie Inc.'s (NYSE:ABBV) Dividend Yield,-0.3182,dividend; yield,0.03,-0.2882
2021-09-13,ABBV,Healthcare,"XLV, ABBV, BMY, ISRG: Large Outflows Detected at ETF",0.0,outflows,-0.05,-0.05
2021-09-15,ABBV,Healthcare,Is AbbVie's 4.9% Dividend Yield Safe?,0.4404,dividend; yield,0.03,0.47040000000000004
2021-09-16,ABBV,Healthcare,2 Embarrassingly Cheap Dividend Stocks to Buy,-0.4019,buy; dividend,0.034999999999999996,-0.3669
2021-09-20,ABBV,Healthcare,Is AbbVie a Bad News Buy?,-0.5423,buy,0.04000000000000001,-0.5023
2021-09-20,ABBV,Healthcare,AbbVie Is Worth 28% More Based on Impressive Dividends,0.6666,dividends,0.03,0.6966
2021-09-20,ABBV,Healthcare,Best Dividend Stocks In 2021? 4 To Watch This Week,0.6369,dividend,0.03,0.6669
2021-09-22,ABBV,Healthcare,3 Cheap Healthcare Stocks to Buy Right Now,0.0,buy,0.04000000000000001,0.04000000000000001
2021-09-23,ABBV,Healthcare,Should You Buy Merck Stock At $72?,0.0,buy,0.04000000000000001,0.04000000000000001
2021-09-23,ABBV,Healthcare,3 Relatively Safe Pharma Stocks You Can Buy Right Now,0.4404,buy,0.04000000000000001,0.48040000000000005
2021-09-23,ABBV,Healthcare,"XLV, ABBV, LLY, BMY: Large Outflows Detected at ETF",0.0,outflows,-0.05,-0.05
2021-09-27,ABBV,Healthcare,3 High-Yield Dividend Stocks Warren Buffett Loves,0.5719,dividend,0.03,0.6019
2021-10-01,ABBV,Healthcare,"Noteworthy ETF Outflows: XLV, ABBV, LLY, BMY",0.0,outflows,-0.05,-0.05
2021-10-04,ABBV,Healthcare,Johnson & Johnson Sell-Off: Is It a Buying Opportunity?,0.4215,buying,0.04000000000000001,0.4615
2021-10-07,ABBV,Healthcare,5 Dividend Growth Stocks With Upside To Analyst Targets,0.3818,dividend,0.03,0.41179999999999994
2021-10-11,ABBV,Healthcare,Is It Worth Considering AbbVie Inc. (NYSE:ABBV) For Its Upcoming Dividend?,0.2263,dividend,0.03,0.2563
2021-10-12,ABBV,Healthcare,"IVW, QCOM, ABBV, DHR: Large Inflows Detected at ETF",0.0,inflows,0.05,0.05
2021-10-15,ABBV,Healthcare,U.S. FDA declines to approve Revance's frown-line treatment,0.0,declines,-0.05,-0.05
2021-10-18,ABBV,Healthcare,2 Buffett Stocks to Buy and Hold Forever,0.0,buy,0.04000000000000001,0.04000000000000001
2021-10-18,ABBV,Healthcare,3 High-Yield Dividend Stocks I'm Not Selling Anytime Soon,0.0,dividend; selling,-0.010000000000000002,-0.010000000000000002
2021-10-18,ABBV,Healthcare,2 Best Biotech Stocks to Buy Right Now,0.6369,buy,0.04000000000000001,0.6769000000000001
2021-10-19,ABBV,Healthcare,3 Leading Healthcare Stocks to Buy in 2021 and Beyond,0.0,buy,0.04000000000000001,0.04000000000000001
2021-10-21,ABBV,Healthcare,Top Dividend Stocks To Buy In 2021? 3 In Focus,0.2023,buy; dividend,0.034999999999999996,0.2373
2021-10-21,ABBV,Healthcare,"HDV, ABBV, BMY, TFC: ETF Outflow Alert",0.296,outflow,-0.05,0.246
2021-10-27,ABBV,Healthcare,3 Stocks You Can Still Buy on Sale in a Ridiculously Expensive Market,-0.34,buy,0.04000000000000001,-0.30000000000000004
2021-10-29,ABBV,Healthcare,"Daily Dividend Report: ITW,HUM,AAPL,ROK,ABBV",0.0,dividend,0.03,0.03
2021-10-29,ABBV,Healthcare,iShares Russell 1000 Growth ETF Experiences Big Inflow,0.3818,inflow,0.05,0.43179999999999996
2021-10-29,ABBV,Healthcare,AbbVie Breaks Above 200-Day Moving Average - Bullish for ABBV,0.0,bullish,0.09000000000000001,0.09000000000000001
2021-10-29,ABBV,Healthcare,AbbVie Q3 adjusted earnings Beat Estimates,0.0,beat,0.09000000000000001,0.09000000000000001
2021-10-29,ABBV,Healthcare,AbbVie Raises FY21 Outlook; Boosts Dividend 8.5% - Quick Facts,0.3182,dividend; raises,0.05,0.36819999999999997
2021-11-01,ABBV,Healthcare,Best Stocks To Buy This Week? 3 Biotech Names To Know,0.6369,buy,0.04000000000000001,0.6769000000000001
2021-11-03,ABBV,Healthcare,Best Stocks To Buy Today? 4 Dividend Stocks To Check Out,0.6369,buy; dividend,0.034999999999999996,0.6719
2021-11-03,ABBV,Healthcare,7 Dividend Aristocrat Stocks That Should Grace Your Portfolio,0.4215,dividend,0.03,0.4515
2021-11-08,ABBV,Healthcare,"Investing $100,000 in These Dividend Stocks Could Give You Nearly $6,000 in Steady Annual Income",0.0,dividend,0.03,0.03
2021-11-08,ABBV,Healthcare,3 Best Biotech Stocks to Buy in November,0.6369,buy,0.04000000000000001,0.6769000000000001
2021-11-11,ABBV,Healthcare,"LABU, ALXO, ABBV, ACAD: Large Outflows Detected at ETF",0.0,outflows,-0.05,-0.05
2021-11-15,ABBV,Healthcare,4 Fantastic Dividend Stocks to Buy With Yields of 4% or More,0.5574,buy; dividend; yields,0.03333333333333333,0.5907333333333333
2021-11-15,ABBV,Healthcare,2 High-Yield Dividend Stocks That Can Safeguard Your Portfolio Against a Market Crash,-0.0258,dividend,0.03,0.004199999999999999
2021-11-16,ABBV,Healthcare,Merck Is a Dividend Play Ready to Get Back in Gear,0.5994,dividend,0.03,0.6294000000000001
2021-11-17,ABBV,Healthcare,1 Dividend Stock to Help You Fight Inflation,0.0258,dividend,0.03,0.0558
2021-11-19,ABBV,Healthcare,7 Dividend Stocks to Buy for 2022 and Hold Forever,0.0,buy; dividend,0.034999999999999996,0.034999999999999996
2021-11-22,ABBV,Healthcare,4 Top Dividend Stocks I'd Buy If I Were About to Retire,0.2023,buy; dividend,0.034999999999999996,0.2373
2021-11-22,ABBV,Healthcare,Should You Buy This Blue Chip Biotech Stock?,0.0,buy,0.04000000000000001,0.04000000000000001
2021-12-01,ABBV,Healthcare,2 Ridiculously Cheap Dividend Stocks To Buy for 2022,-0.34,buy; dividend,0.034999999999999996,-0.30500000000000005
2021-12-07,ABBV,Healthcare,iShares Russell 1000 ETF Experiences Big Inflow,0.0,inflow,0.05,0.05
2021-12-08,ABBV,Healthcare,AbbVie Stock: Strong Dividend Growth and Reasonably Valued,0.8316,dividend,0.03,0.8616
2021-12-09,ABBV,Healthcare,5 Dividend Growth Stocks With Upside To Analyst Targets,0.3818,dividend,0.03,0.41179999999999994
2021-12-13,ABBV,Healthcare,3 Best Dividend Stocks That Wall Street Is Sleeping On,0.6369,dividend,0.03,0.6669
2021-12-14,ABBV,Healthcare,Is It Too Late to Buy AbbVie Stock?,0.0,buy,0.04000000000000001,0.04000000000000001
2021-12-14,ABBV,Healthcare,2 Warren Buffett Dividend Stocks to Buy Right Now,0.0,buy; dividend,0.034999999999999996,0.034999999999999996
2021-12-15,ABBV,Healthcare,"Noteworthy ETF Inflows: DLN, ABBV, MRK, KO",0.0,inflows,0.05,0.05
2021-12-15,ABBV,Healthcare,5 Top Healthcare Dividend Stocks To Watch Today,0.2023,dividend,0.03,0.2323
2021-12-16,ABBV,Healthcare,Unstoppable Dividend King for 2022: AbbVie or Johnson & Johnson?,-0.2023,dividend,0.03,-0.1723
2021-12-20,ABBV,Healthcare,3 Reasons Why This Healthcare Stock Is a Long-Term Buy,0.0,buy,0.04000000000000001,0.04000000000000001
2021-12-21,ABBV,Healthcare,Better Buy: Viatris vs. AbbVie,0.4404,buy,0.04000000000000001,0.48040000000000005
2021-12-22,ABBV,Healthcare,3 of the Best Biotech Stocks for 2022 to Buy Now,0.6369,buy,0.04000000000000001,0.6769000000000001
2021-12-23,ABBV,Healthcare,iShares Core S&P Total U.S. Stock Market ETF Experiences Big Inflow,0.0,inflow,0.05,0.05
2021-12-27,ABBV,Healthcare,3 Best Buffett Stocks to Buy for the Long Haul,0.6369,buy,0.04000000000000001,0.6769000000000001
2021-12-27,ABBV,Healthcare,3 Dividend Stocks to Buy If the Market Crashes in 2022,0.0,buy; dividend,0.034999999999999996,0.034999999999999996
2021-12-30,ABBV,Healthcare,3 Dividend Kings That Are Yielding More Than 3%,0.0,dividend,0.03,0.03
2021-12-30,ABBV,Healthcare,5 Dividend Stocks To Watch In 2022,0.0,dividend,0.03,0.03
2021-12-30,ABBV,Healthcare,Best Stocks for 2022: Why AbbVie Looks Like High Dividend Growth Stock,0.8519,dividend,0.03,0.8819
2022-01-03,ABBV,Healthcare,22 Top Dividend Stocks to Buy and Hold in 2022,0.2023,buy; dividend,0.034999999999999996,0.2373
2022-01-03,ABBV,Healthcare,My Top 5 Dividend Stocks to Buy for 2022,0.2023,buy; dividend,0.034999999999999996,0.2373
2022-01-04,ABBV,Healthcare,This Big Pharma Stock Is Enriching Shareholders With Its Dividend. But Is It a Buy?,0.0,buy; dividend,0.034999999999999996,0.034999999999999996
2022-01-06,ABBV,Healthcare,4 EV Charging Stocks to Buy Ahead of Biden’s National Network,0.0,buy,0.04000000000000001,0.04000000000000001
2022-01-10,ABBV,Healthcare,3 No-Brainer Big Pharma Stocks to Buy in 2022,0.0,buy,0.04000000000000001,0.04000000000000001
2022-01-10,ABBV,Healthcare,"Noteworthy ETF Inflows: VLUE, MU, ABBV, C",0.0,inflows,0.05,0.05
2022-01-12,ABBV,Healthcare,2 Monster Stocks to Buy for 2022 That Are Practically Minting Money,0.0,buy,0.04000000000000001,0.04000000000000001
2022-01-13,ABBV,Healthcare,4 Top Dividend Payers of the S&P 500,0.2023,dividend,0.03,0.2323
2022-01-14,ABBV,Healthcare,5 Dividend Aristocrats Where Analysts See Capital Gains,0.34,dividend,0.03,0.37
2022-01-18,ABBV,Healthcare,3 Pharma Stocks With Especially Juicy Dividends,0.0,dividends,0.03,0.03
2022-01-18,ABBV,Healthcare,Is AbbVie a Good Dividend Stock to Buy Right Now?,0.4404,buy; dividend,0.034999999999999996,0.4754
2022-01-18,ABBV,Healthcare,"Noteworthy ETF Inflows: VYM, VZ, ABBV, KO",0.0,inflows,0.05,0.05
2022-01-19,ABBV,Healthcare,3 Dividend Stocks to Buy and Hold Forever,0.0,buy; dividend,0.034999999999999996,0.034999999999999996
2022-01-19,ABBV,Healthcare,2 Best Warren Buffett Dividend Stocks to Buy Now,0.6369,buy; dividend,0.034999999999999996,0.6719
2022-01-20,ABBV,Healthcare,Top Biotech Stocks To Buy Now? 5 For Your Late January Watchlist,0.2023,buy,0.04000000000000001,0.24230000000000002
2022-01-20,ABBV,Healthcare,3 Dividend Aristocrats Yielding Over 4%,0.0,dividend,0.03,0.03
2022-01-24,ABBV,Healthcare,2 Healthcare Stocks You Can Buy and Hold for the Next Decade,0.0,buy,0.04000000000000001,0.04000000000000001
2022-01-24,ABBV,Healthcare,1 Top Dividend Stock to Buy Right Now,0.2023,buy; dividend,0.034999999999999996,0.2373
2022-01-24,ABBV,Healthcare,3 No-Brainer Healthcare Stocks to Buy Right Now for Less than $150,0.0,buy,0.04000000000000001,0.04000000000000001
2022-01-24,ABBV,Healthcare,These High-Yield Dividend Stocks Are Growing at Blazing Speeds,0.1779,dividend,0.03,0.2079
2022-01-25,ABBV,Healthcare,"J&J (JNJ) Q4 Earnings Beat Estimates by a Penny, Sales Miss",-0.1531,beat,0.09000000000000001,-0.0631
2022-01-26,ABBV,Healthcare,"2 Reasons to Buy AbbVie Stock, and 1 Reason to Sell",0.0,buy; sell,-0.004999999999999999,-0.004999999999999999
2022-01-26,ABBV,Healthcare,2 Stocks to Buy No Matter What Happens in 2022,-0.2732,buy,0.04000000000000001,-0.2332
2022-01-27,ABBV,Healthcare,2 Stocks to Buy During Market Turbulence Before Earnings,0.0,buy,0.04000000000000001,0.04000000000000001
2022-01-27,ABBV,Healthcare,2 Dirt-Cheap Dividend Stocks to Buy and Hold Forever,0.0,buy; dividend,0.034999999999999996,0.034999999999999996
2022-01-28,ABBV,Healthcare,Gilead (GILD) to Report Q4 Earnings: Is a Beat in the Cards?,0.0,beat,0.09000000000000001,0.09000000000000001
2022-01-28,ABBV,Healthcare,Is a Beat Likely for AbbVie (ABBV) This Earnings Season?,0.0,beat,0.09000000000000001,0.09000000000000001
2022-01-31,ABBV,Healthcare,Can AbbVie Beat Pfizer in the Atopic Dermatitis Market?,0.0,beat,0.09000000000000001,0.09000000000000001
2022-01-31,ABBV,Healthcare,Better Dividend Stock: AbbVie or Pfizer?,0.4404,dividend,0.03,0.47040000000000004
2022-02-01,ABBV,Healthcare,AbbVie a Top Socially Responsible Dividend Stock With 4.1% Yield (ABBV),0.4767,dividend; yield,0.03,0.5067
2022-02-01,ABBV,Healthcare,5 High-Yield Dividend Stocks That Can Save Your Portfolio During a Stock Market Crash,0.128,dividend,0.03,0.158
2022-02-01,ABBV,Healthcare,3 Warren Buffett Dividend Stocks to Buy in February,0.0,buy; dividend,0.034999999999999996,0.034999999999999996
2022-02-01,ABBV,Healthcare,3 Pharmaceutical Stocks With Dividend Yields of 2.9% or Better,0.4404,dividend; yields,0.03,0.47040000000000004
2022-02-02,ABBV,Healthcare,"AbbVie Q4 Profit Increases, beats estimates",0.4404,beats,0.09000000000000001,0.5304
2022-02-07,ABBV,Healthcare,Is AbbVie Stock a Buy Now?,0.0,buy,0.04000000000000001,0.04000000000000001
2022-02-07,ABBV,Healthcare,"Notable ETF Inflow Detected - IWF, ADBE, ABBV, AVGO",0.0,inflow,0.05,0.05
2022-02-08,ABBV,Healthcare,3 Top Healthcare Stocks to Buy for February,0.2023,buy,0.04000000000000001,0.24230000000000002
2022-02-11,ABBV,Healthcare,2 Dividend Stocks That Are Better Investments Than AT&T,0.4404,dividend,0.03,0.47040000000000004
2022-02-11,ABBV,Healthcare,Will the Rally of These 5 Big Drugmakers Continue in 2022?,0.0,rally,0.06999999999999999,0.06999999999999999
2022-02-14,ABBV,Healthcare,7 Dividend Aristocrats That Could Outpace This Volatile Market,0.0,dividend,0.03,0.03
2022-02-14,ABBV,Healthcare,"Got $1,000? 5 Buffett Stocks to Buy and Hold Forever",0.0,buy,0.04000000000000001,0.04000000000000001
2022-02-14,ABBV,Healthcare,"Buffett's Berkshire buys Activision Blizzard, cuts healthcare positions",-0.296,buys,0.04000000000000001,-0.256
2022-02-15,ABBV,Healthcare,"XLV, ABBV, TMO, MRK: Large Inflows Detected at ETF",0.0,inflows,0.05,0.05
2022-02-16,ABBV,Healthcare,2 Warren Buffett Stocks to Buy and Hold Forever,0.0,buy,0.04000000000000001,0.04000000000000001
2022-02-17,ABBV,Healthcare,"Daily Dividend Report: HUM,CSCO,WCN,SWK,ABBV",0.0,dividend,0.03,0.03
2022-02-18,ABBV,Healthcare,7 Value Stocks to Buy in This Pricey Market,0.34,buy,0.04000000000000001,0.38
2022-02-22,ABBV,Healthcare,Want to Get Richer? 5 Best Stocks to Buy Now and Hold Forever,0.836,buy,0.04000000000000001,0.876
2022-02-23,ABBV,Healthcare,"MGV, BRK.B, JNJ, ABBV: Large Inflows Detected at ETF",0.0,inflows,0.05,0.05
2022-02-28,ABBV,Healthcare,The 2 Best ETFs for Dividends,0.6369,dividends,0.03,0.6669
2022-02-28,ABBV,Healthcare,"Reata's (RETA) Q4 Earnings Miss Mark, Revenues Decline Y/Y",-0.1531,decline,-0.05,-0.2031
2022-03-02,ABBV,Healthcare,2 Fantastic Dividend Stocks for Retirees,0.5574,dividend,0.03,0.5874
2022-03-03,ABBV,Healthcare,Is This Dividend King a Buy for 2022 and Beyond?,0.0,buy; dividend,0.034999999999999996,0.034999999999999996
2022-03-04,ABBV,Healthcare,1 Stock Warren Buffett Is Selling That Income Investors Should Consider Buying,0.0,buying; selling,-0.004999999999999999,-0.004999999999999999
2022-03-07,ABBV,Healthcare,"You Could Make $48,840 in Annual Income by Buying These 10 Stocks",0.0,buying,0.04000000000000001,0.04000000000000001
2022-03-09,ABBV,Healthcare,7 Dividend Stocks to Finance Your Golden Years,0.0,dividend,0.03,0.03
2022-03-09,ABBV,Healthcare,8 Strong Uptrend Stocks to Buy on the Next Dip,0.5106,buy,0.04000000000000001,0.5506000000000001
2022-03-10,ABBV,Healthcare,7 Drug Stocks to Consider After the Viatris Plunge,0.0,plunge,-0.09000000000000001,-0.09000000000000001
2022-03-14,ABBV,Healthcare,AbbVie a Top Ranked SAFE Dividend Stock With 3.8% Yield (ABBV),0.6633,dividend; yield,0.03,0.6933
2022-03-17,ABBV,Healthcare,These 5 Dividend Stocks Have Generated Double-Digit Returns for Me So Far This Year,0.0,dividend,0.03,0.03
2022-03-21,ABBV,Healthcare,3 Dividend Stocks That We'd Buy Without Any Hesitation,0.2057,buy; dividend,0.034999999999999996,0.2407
2022-03-21,ABBV,Healthcare,"XLV, UNH, JNJ, ABBV: Large Inflows Detected at ETF",0.0,inflows,0.05,0.05
2022-03-24,ABBV,Healthcare,2 Surging Stocks to Buy to Fight Market Volatility,-0.3818,buy,0.04000000000000001,-0.3418
2022-03-25,ABBV,Healthcare,3 Profitable Passive Income Stocks to Buy for Your Retirement Years,0.5719,buy,0.04000000000000001,0.6119
2022-03-28,ABBV,Healthcare,"Have $1,000? 2 Warren Buffett Stocks to Buy",0.0,buy,0.04000000000000001,0.04000000000000001
2022-03-28,ABBV,Healthcare,3 Warren Buffett Stocks I'd Buy Without Any Hesitation,0.2057,buy,0.04000000000000001,0.2457
2022-03-29,ABBV,Healthcare,"XLV, UNH, JNJ, ABBV: Large Inflows Detected at ETF",0.0,inflows,0.05,0.05
2022-03-30,ABBV,Healthcare,3 Unstoppable Stocks to Buy in a Bear Market,-0.2023,buy,0.04000000000000001,-0.1623
2022-03-30,ABBV,Healthcare,5 Charts That Show Why Bristol-Myers Squibb Is a No-Brainer Buy,0.0,buy,0.04000000000000001,0.04000000000000001
2022-03-31,ABBV,Healthcare,3 Top Healthcare ETFs to Buy Now and Hold for the Long Haul,0.2023,buy,0.04000000000000001,0.24230000000000002
2022-04-01,ABBV,Healthcare,3 Warren Buffett Stocks to Buy in April,0.0,buy,0.04000000000000001,0.04000000000000001
2022-04-04,ABBV,Healthcare,3 Dividend Aristocrats to Buy in April,0.0,buy; dividend,0.034999999999999996,0.034999999999999996
2022-04-04,ABBV,Healthcare,Why Dividend Stocks With Low Payout Ratios Can Be Better Than Those With High Yields,0.2023,dividend; yields,0.03,0.2323
2022-04-05,ABBV,Healthcare,7 Safe Stocks to Buy to Guard Against a Recession,0.0258,buy,0.04000000000000001,0.06580000000000001
2022-04-06,ABBV,Healthcare,Is AbbVie Still a Buy After Its 50% Run-Up?,0.0,buy,0.04000000000000001,0.04000000000000001
2022-04-07,ABBV,Healthcare,2 Great Dividend Stocks to Buy Now to Help Tackle Inflation,0.7783,buy; dividend,0.034999999999999996,0.8133
2022-04-08,ABBV,Healthcare,These 3 Dividend ETFs Are a Retiree's Best Friend,0.8126,dividend,0.03,0.8426
2022-04-08,ABBV,Healthcare,Best Stocks To Buy Now? 3 Health Care Stocks For Your List,0.8126,buy,0.04000000000000001,0.8526
2022-04-11,ABBV,Healthcare,3 No-Brainer Warren Buffett Stocks to Buy Right Now,0.0,buy,0.04000000000000001,0.04000000000000001
2022-04-13,ABBV,Healthcare,Halozyme to buy Antares Pharma in $960 mln deal,0.0,buy,0.04000000000000001,0.04000000000000001
2022-04-14,ABBV,Healthcare,Is Trending Stock AbbVie Inc. (ABBV) a Buy Now?,0.0,buy,0.04000000000000001,0.04000000000000001
2022-04-14,ABBV,Healthcare,Best Biotech Stocks To Buy Now? 5 To Know,0.6369,buy,0.04000000000000001,0.6769000000000001
2022-04-14,ABBV,Healthcare,"Noteworthy ETF Inflows: HDV, ABBV, MRK, PEP",0.0,inflows,0.05,0.05
2022-04-18,ABBV,Healthcare,3 Top Dividend Kings to Buy for the Long Haul,0.2023,buy; dividend,0.034999999999999996,0.2373
2022-04-18,ABBV,Healthcare,This High-Yielding Dividend Stock Has Raised Its Payout by 120% in Just 5 Years,0.0,dividend; raised,0.045,0.045
2022-04-19,ABBV,Healthcare,"J&J (JNJ) Beats on Q1 Earnings, Suspends COVID Jab Sales View",0.0,beats,0.09000000000000001,0.09000000000000001
2022-04-22,ABBV,Healthcare,iShares Core High Dividend ETF Experiences Big Inflow,0.0,dividend; inflow,0.04000000000000001,0.04000000000000001
2022-04-25,ABBV,Healthcare,3 Dividend Stocks You Can Buy and Hold for Decades,0.0,buy; dividend,0.034999999999999996,0.034999999999999996
2022-04-25,ABBV,Healthcare,These Dividend Stocks Are Trouncing the Market -- Are They Still Buys?,0.0,buys; dividend,0.034999999999999996,0.034999999999999996
2022-04-25,ABBV,Healthcare,3 Dividend Growth Titans to Increase Your Passive Income,0.6908,dividend,0.03,0.7208
2022-04-26,ABBV,Healthcare,Will Merck (MRK) Beat Expectations This Earnings Season?,0.0,beat,0.09000000000000001,0.09000000000000001
2022-04-26,ABBV,Healthcare,What Stocks to Buy That Should Do Well in a Recession — Our 7 Top Picks,0.0258,buy,0.04000000000000001,0.06580000000000001
2022-04-26,ABBV,Healthcare,7 Retirement Stocks to Buy to Sleep Soundly at Night,0.0,buy,0.04000000000000001,0.04000000000000001
2022-04-26,ABBV,Healthcare,3 Dividend Stocks for Value Investors Seeking Regular Income,0.34,dividend,0.03,0.37
2022-04-28,ABBV,Healthcare,7 A-Rated Dividend Stocks to Buy Forever,0.0,buy; dividend,0.034999999999999996,0.034999999999999996
2022-04-29,ABBV,Healthcare,The 3 Best ETFs for Dividends,0.6369,dividends,0.03,0.6669
2022-05-04,ABBV,Healthcare,"These Warren Buffett Dividend Stocks Can Make You $12,800 in Passive Income",0.2023,dividend,0.03,0.2323
2022-05-05,ABBV,Healthcare,3 Top Healthcare Stocks to Buy for May,0.2023,buy,0.04000000000000001,0.24230000000000002
2022-05-06,ABBV,Healthcare,7 Defensive Dividend Healthcare Stocks to Buy Now,0.0258,buy; dividend,0.034999999999999996,0.06079999999999999
2022-05-10,ABBV,Healthcare,6 Undervalued Stocks You Should Buy For the Long Term,0.0,buy,0.04000000000000001,0.04000000000000001
2022-05-10,ABBV,Healthcare,"Noteworthy ETF Outflows: SPY, AAPL, MSFT, ABBV",0.0,outflows,-0.05,-0.05
2022-05-11,ABBV,Healthcare,Should First Trust Morningstar Dividend Leaders ETF (FDL) Be on Your Investing Radar?,0.5106,dividend,0.03,0.5406000000000001
2022-05-13,ABBV,Healthcare,3 Dividend Stocks You Can Buy and Hold for Decades,0.0,buy; dividend,0.034999999999999996,0.034999999999999996
2022-05-16,ABBV,Healthcare,3 Supercharged Dividend Stocks to Buy in the Stock Market Sell-Off,0.0,buy; dividend,0.034999999999999996,0.034999999999999996
2022-05-16,ABBV,Healthcare,3 Dividend Stocks That Should Pay You for the Rest of Your Life,-0.1027,dividend,0.03,-0.0727
2022-05-16,ABBV,Healthcare,"Buffett's Berkshire buys Citigroup and several other stocks, slashes Verizon",-0.2023,buys,0.04000000000000001,-0.1623
2022-05-16,ABBV,Healthcare,The 5 Best Dividend Stocks to Buy Now,0.6369,buy; dividend,0.034999999999999996,0.6719
2022-05-17,ABBV,Healthcare,AbbVie (ABBV) Buys Option Rights to NextGen Inflammation Drug,0.0,buys,0.04000000000000001,0.04000000000000001
2022-05-17,ABBV,Healthcare,Is It Too Late to Buy AbbVie Stock?,0.0,buy,0.04000000000000001,0.04000000000000001
2022-05-18,ABBV,Healthcare,7 Best Value Stocks to Buy if You Need Some Market Stability in Your Life ,0.765,buy,0.04000000000000001,0.805
2022-05-23,ABBV,Healthcare,7 Retirement Stocks to Buy for Any Market Conditions,0.0,buy,0.04000000000000001,0.04000000000000001
2022-05-23,ABBV,Healthcare,7 Quality Dividend Stocks to Buy on the Dip,0.0,buy; dividend,0.034999999999999996,0.034999999999999996
2022-05-24,ABBV,Healthcare,3 Great Dividend Stocks to Buy Now and Hold,0.6249,buy; dividend,0.034999999999999996,0.6599
2022-05-24,ABBV,Healthcare,Why High Dividend ETFs are Beating the Market,-0.4588,dividend,0.03,-0.42879999999999996
2022-05-25,ABBV,Healthcare,2 Dividend Kings That Are Soundly Beating the Market in 2022,-0.4588,dividend,0.03,-0.42879999999999996
2022-05-25,ABBV,Healthcare,7 Retirement Stocks to Buy to Turbocharge Your Savings,0.0,buy,0.04000000000000001,0.04000000000000001
2022-05-26,ABBV,Healthcare,3 Healthcare Stocks You Can Buy and Hold for the Next Decade,0.0,buy,0.04000000000000001,0.04000000000000001
2022-05-26,ABBV,Healthcare,7 High-Yield Retirement Stocks to Buy for Your Nest Egg,0.0,buy,0.04000000000000001,0.04000000000000001
2022-05-26,ABBV,Healthcare,"SPY, ABBV, ABT, ACN: ETF Inflow Alert",0.296,inflow,0.05,0.346
2022-05-27,ABBV,Healthcare,"HDV, YCS: Big ETF Inflows",0.0,inflows,0.05,0.05
2022-05-31,ABBV,Healthcare,The 3 Best Performing ETFs Money Can Buy in 2022,0.6369,buy,0.04000000000000001,0.6769000000000001
2022-06-01,ABBV,Healthcare,My 3 Favorite Dividend Stocks to Buy in June,0.4588,buy; dividend,0.034999999999999996,0.49379999999999996
2022-06-06,ABBV,Healthcare,2 Top Dividend Kings to Buy for the Long Haul,0.2023,buy; dividend,0.034999999999999996,0.2373
2022-06-06,ABBV,Healthcare,3 Great Dividend Stocks to Buy in June,0.6249,buy; dividend,0.034999999999999996,0.6599
2022-06-06,ABBV,Healthcare,The Health Care Select Sector SPDR Fund Experiences Big Inflow,0.4939,inflow,0.05,0.5439
2022-06-07,ABBV,Healthcare,What Stocks To Buy Today? 3 Biotech Stocks To Know,0.0,buy,0.04000000000000001,0.04000000000000001
2022-06-10,ABBV,Healthcare,3 Dividend Stocks to Buy Now for 20 Years of Income Growth,0.3818,buy; dividend,0.034999999999999996,0.41679999999999995
2022-06-13,ABBV,Healthcare,2 Best Biotech Stocks to Buy Right Now,0.6369,buy,0.04000000000000001,0.6769000000000001
2022-06-14,ABBV,Healthcare,"Notable ETF Inflow Detected - HDV, ABBV, PM, BMY",0.0,inflow,0.05,0.05
2022-06-21,ABBV,Healthcare,3 Dividend Stocks to Double Up on Right Now,0.0,dividend,0.03,0.03
2022-06-21,ABBV,Healthcare,Want to Retire Early? These 5 Ultra-High-Yield Dividend Stocks Can Help,0.4588,dividend,0.03,0.4888
2022-06-22,ABBV,Healthcare,"HDV, ABBV, PM, BMY: Large Inflows Detected at ETF",0.0,inflows,0.05,0.05
2022-06-22,ABBV,Healthcare,Better Buy: Dividend Stocks or Growth Stocks?,0.6705,buy; dividend,0.034999999999999996,0.7055
2022-06-23,ABBV,Healthcare,"Got $1,000? Buy These 2 Ultra-High-Yield Dividend Stocks on the Dip",0.0,buy; dividend,0.034999999999999996,0.034999999999999996
2022-06-24,ABBV,Healthcare,"Daily Dividend Report: ABBV,EIX,DTE,BFS,BKSC",0.0,dividend,0.03,0.03
2022-06-27,ABBV,Healthcare,3 Top Dividend Stocks for Generating Passive Income,0.3818,dividend,0.03,0.41179999999999994
2022-06-27,ABBV,Healthcare,4 Top Dividend Stocks To Watch Amid Recession Concerns,-0.25,dividend,0.03,-0.22
2022-06-27,ABBV,Healthcare,5 Best Dividend Stocks to Buy Now,0.6369,buy; dividend,0.034999999999999996,0.6719
2022-06-30,ABBV,Healthcare,2 of the Safest Stocks to Buy in a Recession,-0.0258,buy,0.04000000000000001,0.014200000000000008
2022-06-30,ABBV,Healthcare,"SPLG, BRK.B, ABBV, BAC: ETF Inflow Alert",0.296,inflow,0.05,0.346
2022-07-01,ABBV,Healthcare,The 3 Best Dividend Aristocrat Stocks in the First Half of 2022: Are They Buys Now?,0.6369,buys; dividend,0.034999999999999996,0.6719
2022-07-01,ABBV,Healthcare,Amgen's Beating the Market -- Here's Why It's a Buy Now,-0.4588,buy,0.04000000000000001,-0.41879999999999995
2022-07-05,ABBV,Healthcare,3 Stocks You Can Buy and Hold for Decades,0.0,buy,0.04000000000000001,0.04000000000000001
2022-07-05,ABBV,Healthcare,2 First-Rate ETFs for Stock Dividends,0.0,dividends,0.03,0.03
2022-07-06,ABBV,Healthcare,These 5 Top Stocks Are Set to Outperform in a Recession,-0.25,outperform,0.06999999999999999,-0.18
2022-07-07,ABBV,Healthcare,Best Stocks for 2022: AbbVie Is a Recession-Resistant Dividend King,0.6369,dividend,0.03,0.6669
2022-07-08,ABBV,Healthcare,Chinook (KDNY) Stock Rallies 24.2% in 3 Months: Here's Why,0.0,rallies,0.06999999999999999,0.06999999999999999
2022-07-08,ABBV,Healthcare,Want to Beat the Bear Market? Try These 2 Stocks,0.0772,beat,0.09000000000000001,0.16720000000000002
2022-07-11,ABBV,Healthcare,2 Surefire Dividend Stocks I'd Buy Now and Hold for at Least a Decade,0.25,buy; dividend,0.034999999999999996,0.285
2022-07-11,ABBV,Healthcare,3 Unstoppable Dividend Stocks to Buy and Never Sell,-0.2023,buy; dividend; sell,0.006666666666666665,-0.19563333333333335
2022-07-11,ABBV,Healthcare,"Notable ETF Inflow Detected - IVW, LLY, TMO, ABBV",0.0,inflow,0.05,0.05
2022-07-11,ABBV,Healthcare,Is Trending Stock AbbVie Inc. (ABBV) a Buy Now?,0.0,buy,0.04000000000000001,0.04000000000000001
2022-07-13,ABBV,Healthcare,Better Dividend Stock: AbbVie or Johnson & Johnson?,0.4404,dividend,0.03,0.47040000000000004
2022-07-14,ABBV,Healthcare,3 Recession-Proof Stocks Up 10% in 2022 to Buy Right Now,0.0,buy,0.04000000000000001,0.04000000000000001
2022-07-14,ABBV,Healthcare,Here's How You Can Earn 10% of Your Investment Back in Dividends,0.0,dividends,0.03,0.03
2022-07-14,ABBV,Healthcare,3 Inflation-Resistant Stocks You Can Buy Right Now,0.0,buy,0.04000000000000001,0.04000000000000001
2022-07-14,ABBV,Healthcare,Should First Trust Morningstar Dividend Leaders ETF (FDL) Be on Your Investing Radar?,0.5106,dividend,0.03,0.5406000000000001
2022-07-15,ABBV,Healthcare,This Stock Is Down By 13% This Year: Here's Why It's a Buy,0.0,buy,0.04000000000000001,0.04000000000000001
2022-07-18,ABBV,Healthcare,Want to Get Richer? 5 Best Stocks to Buy Now and Hold Forever,0.836,buy,0.04000000000000001,0.876
2022-07-18,ABBV,Healthcare,Is InMode a Good Stock to Buy Now?,0.4404,buy,0.04000000000000001,0.48040000000000005
2022-07-18,ABBV,Healthcare,3 Dividend Growth Stocks to Buy in July,0.3818,buy; dividend,0.034999999999999996,0.41679999999999995
2022-07-19,ABBV,Healthcare,"IVW, LLY, TMO, ABBV: Large Inflows Detected at ETF",0.0,inflows,0.05,0.05
2022-07-19,ABBV,Healthcare,3 Dividend Growth Stocks You Can Buy Now and Hold Forever,0.3818,buy; dividend,0.034999999999999996,0.41679999999999995
2022-07-19,ABBV,Healthcare,"J&J (JNJ) Beats on Q2 Earnings & Sales, Lowers 2022 Guidance",-0.128,beats,0.09000000000000001,-0.03799999999999999
2022-07-20,ABBV,Healthcare,"Biogen (BIIB) Beats on Q2 Earnings & Sales, Ups 2022 Guidance",0.0,beats,0.09000000000000001,0.09000000000000001
2022-07-20,ABBV,Healthcare,3 High Yield Dividend Stocks To Watch Today,0.0,dividend; yield,0.03,0.03
2022-07-20,ABBV,Healthcare,7 Best Income Stocks to Buy Now,0.6369,buy,0.04000000000000001,0.6769000000000001
2022-07-25,ABBV,Healthcare,3 Dividend Kings Suited Perfectly for Income Investors,0.6369,dividend,0.03,0.6669
2022-07-27,ABBV,Healthcare,"Noteworthy ETF Outflows: IVE, BMY, T, ABBV",0.0,outflows,-0.05,-0.05
2022-07-27,ABBV,Healthcare,3 Supercharged Dividend Stocks to Buy if There's a Stock Market Sell-Off,0.0,buy; dividend,0.034999999999999996,0.034999999999999996
2022-07-29,ABBV,Healthcare,"AbbVie Q2 Profit Increases, beats estimates",0.4404,beats,0.09000000000000001,0.5304
2022-07-29,ABBV,Healthcare,AbbVie (ABBV) Q2 Earnings Beat Estimates,0.0,beat,0.09000000000000001,0.09000000000000001
2022-08-01,ABBV,Healthcare,3 Stocks We Think Could Beat the Market in the Second Half of 2022,0.0,beat,0.09000000000000001,0.09000000000000001
2022-08-01,ABBV,Healthcare,Earn $300 in Quarterly Retirement Dividends With 3 Easy Steps,0.4404,dividends,0.03,0.47040000000000004
2022-08-01,ABBV,Healthcare,3 Dividend Aristocrats to Buy in August,0.0,buy; dividend,0.034999999999999996,0.034999999999999996
2022-08-03,ABBV,Healthcare,"1 Reason to Buy Pfizer Stock After Earnings, and 1 Reason to Sell",0.0,buy; sell,-0.004999999999999999,-0.004999999999999999
2022-08-03,ABBV,Healthcare,7 Cheap Biotech Stocks to Buy Now,0.0,buy,0.04000000000000001,0.04000000000000001
2022-08-04,ABBV,Healthcare,"Notable ETF Outflow Detected - AOR, ABBV, COST, ACN",0.0,outflow,-0.05,-0.05
2022-08-08,ABBV,Healthcare,3 Unstoppable Dividend Stocks to Buy in August,-0.2023,buy; dividend,0.034999999999999996,-0.1673
2022-08-08,ABBV,Healthcare,Should You Buy Merck Stock After An Upbeat Q2?,0.0,buy,0.04000000000000001,0.04000000000000001
2022-08-12,ABBV,Healthcare,"Notable ETF Outflow Detected - HDV, ABBV, IBM, PXD",0.0,outflow,-0.05,-0.05
2022-08-18,ABBV,Healthcare,3 Top Dividend Kings to Buy for the Long Haul,0.2023,buy; dividend,0.034999999999999996,0.2373
2022-08-22,ABBV,Healthcare,Which Growth Stock Is a Better Buy Right Now -- AbbVie or InMode?,0.6705,buy,0.04000000000000001,0.7105
2022-08-22,ABBV,Healthcare,The 7 Best Bargain Stocks to Buy Now,0.7184,buy,0.04000000000000001,0.7584000000000001
2022-08-22,ABBV,Healthcare,Five-Star Financial Blogger Zvi Bar is Bullish on These 2 Stocks,0.0,bullish,0.09000000000000001,0.09000000000000001
2022-08-23,ABBV,Healthcare,7 Top-Rated Large-Cap Stocks to Buy and Hold,0.0,buy,0.04000000000000001,0.04000000000000001
2022-08-24,ABBV,Healthcare,Want Passive Income? Invest In These 3 Dividend Kings,0.2732,dividend,0.03,0.3032
2022-08-24,ABBV,Healthcare,Top Stocks To Buy Now? 3 Dividend Paying Stocks To Watch Today,0.2023,buy; dividend,0.034999999999999996,0.2373
2022-08-26,ABBV,Healthcare,Why Dividend Growth Stocks Should Be Part of Your Retirement Plan,0.3818,dividend,0.03,0.41179999999999994
2022-08-31,ABBV,Healthcare,"HDV, ABBV, VZ, PM: Large Inflows Detected at ETF",0.0,inflows,0.05,0.05
2022-09-01,ABBV,Healthcare,3 Dividend Stocks to Buy in September for Passive Income Generation,0.2023,buy; dividend,0.034999999999999996,0.2373
2022-09-06,ABBV,Healthcare,3 Great Dividend Stocks to Buy in September,0.6249,buy; dividend,0.034999999999999996,0.6599
2022-09-06,ABBV,Healthcare,2 Top Biotech Stocks to Buy Right Now,0.2023,buy,0.04000000000000001,0.24230000000000002
2022-09-06,ABBV,Healthcare,3 Dividend Aristocrats to Buy That Could Beat the Market Over the Next 10 Years,0.0,beat; buy; dividend,0.05333333333333334,0.05333333333333334
2022-09-08,ABBV,Healthcare,5 Dividend Aristocrats Where Analysts See Capital Gains,0.34,dividend,0.03,0.37
2022-09-08,ABBV,Healthcare,7 S&P 500 Stocks to Buy With Superior Fundamentals,0.5423,buy,0.04000000000000001,0.5823
2022-09-08,ABBV,Healthcare,"Exxon (XOM), AbbVie (ABBV): Befriend These 2 Dividend Aristocrat Stocks",0.0,dividend,0.03,0.03
2022-09-09,ABBV,Healthcare,"Daily Dividend Report: VAC,ABBV,AMAT,KRC,VICI",0.0,dividend,0.03,0.03
2022-09-12,ABBV,Healthcare,Best Stocks To Buy Now? 4 Biotech Stocks In Focus,0.6369,buy,0.04000000000000001,0.6769000000000001
2022-09-12,ABBV,Healthcare,AbbVie a Top Ranked SAFE Dividend Stock With 4.0% Yield (ABBV),0.6633,dividend; yield,0.03,0.6933
2022-09-13,ABBV,Healthcare,Should First Trust Morningstar Dividend Leaders ETF (FDL) Be on Your Investing Radar?,0.5106,dividend,0.03,0.5406000000000001
2022-09-13,ABBV,Healthcare,3 No-Brainer Stocks to Buy in a Correction,0.0,buy,0.04000000000000001,0.04000000000000001
2022-09-13,ABBV,Healthcare,3 Unstoppable Dividend Stocks to Buy in September,-0.2023,buy; dividend,0.034999999999999996,-0.1673
2022-09-15,ABBV,Healthcare,7 Top-Rated Biotech Stocks to Buy for Q4,0.0,buy,0.04000000000000001,0.04000000000000001
2022-09-19,ABBV,Healthcare,"VOO, JNJ, LLY, ABBV: Large Inflows Detected at ETF",0.0,inflows,0.05,0.05
2022-09-20,ABBV,Healthcare,2 Dividend Stocks to Double Up On Right Now,0.0,dividend,0.03,0.03
2022-09-21,ABBV,Healthcare,Is Trending Stock AbbVie Inc. (ABBV) a Buy Now?,0.0,buy,0.04000000000000001,0.04000000000000001
2022-09-22,ABBV,Healthcare,3 Dividend Stocks You Can Safely Hold for Decades,0.4939,dividend,0.03,0.5239
2022-09-23,ABBV,Healthcare,"Got $1,000? 2 Stocks That Could Be Bargain Buys For 2022 and Beyond",0.2023,buys,0.04000000000000001,0.24230000000000002
2022-09-26,ABBV,Healthcare,Is AbbVie a Buy?,0.0,buy,0.04000000000000001,0.04000000000000001
2022-09-26,ABBV,Healthcare,Good Stocks To Buy Right Now? 4 Healthcare Stocks To Know,0.4404,buy,0.04000000000000001,0.48040000000000005
2022-09-27,ABBV,Healthcare,2 High-Yielding Dividend Stocks That Could Raise Their Payouts in October,0.0,dividend,0.03,0.03
2022-09-27,ABBV,Healthcare,Is iShares Core High Dividend ETF (HDV) a Strong ETF Right Now?,0.5106,dividend,0.03,0.5406000000000001
2022-09-29,ABBV,Healthcare,"Noteworthy ETF Inflows: XLV, ABBV, MDT, ELV",0.0,inflows,0.05,0.05
2022-09-30,ABBV,Healthcare,ABBV Dividend Yield Pushes Past 4%,0.0,dividend; yield,0.03,0.03
2022-10-03,ABBV,Healthcare,Here's Why This Dividend King Is a Buy,0.0,buy; dividend,0.034999999999999996,0.034999999999999996
2022-10-03,ABBV,Healthcare,"Got $2,000? Buy These 2 Bear Market-Beating Growth Stocks",0.3818,buy,0.04000000000000001,0.42179999999999995
2022-10-03,ABBV,Healthcare,Bear Market Bargains: 3 Dividend Stocks to Buy Now,0.0,buy; dividend,0.034999999999999996,0.034999999999999996
2022-10-05,ABBV,Healthcare,3 Dividend Stocks to Buy In October and Hold Forever,0.0,buy; dividend,0.034999999999999996,0.034999999999999996
2022-10-07,ABBV,Healthcare,"XLV, ABBV, ELV, MDT: ETF Outflow Alert",0.296,outflow,-0.05,0.246
2022-10-10,ABBV,Healthcare,3 Great Dividend Stocks to Buy in October,0.6249,buy; dividend,0.034999999999999996,0.6599
2022-10-10,ABBV,Healthcare,5 Dividend Growth Stocks With Upside To Analyst Targets,0.3818,dividend,0.03,0.41179999999999994
2022-10-10,ABBV,Healthcare,How to Maximize Your Retirement Portfolio with These Top-Ranked Dividend Stocks,0.0,dividend,0.03,0.03
2022-10-11,ABBV,Healthcare,2 Top Stocks to Buy in October and Hold Forever,0.2023,buy,0.04000000000000001,0.24230000000000002
2022-10-11,ABBV,Healthcare,Better Bear-Market Buy: Abbott Laboratories vs. AbbVie Stock,0.4404,buy,0.04000000000000001,0.48040000000000005
2022-10-13,ABBV,Healthcare,3 Dividend Stocks That Could Pay You for the Rest of Your Life,-0.1027,dividend,0.03,-0.0727
2022-10-17,ABBV,Healthcare,3 Supercharged Dividend Stocks to Buy if There's a Stock Market Sell-Off,0.0,buy; dividend,0.034999999999999996,0.034999999999999996
2022-10-17,ABBV,Healthcare,3 Dividend Stocks to Buy Now for a Lifetime of Passive Income,0.2023,buy; dividend,0.034999999999999996,0.2373
2022-10-17,ABBV,Healthcare,4 Stocks I Own and Will Buy More of if the Market Crashes,0.0,buy,0.04000000000000001,0.04000000000000001
2022-10-18,ABBV,Healthcare,"VTV, KO, PEP, ABBV: Large Inflows Detected at ETF",0.0,inflows,0.05,0.05
2022-10-20,ABBV,Healthcare,AbbVie To Buy UK-based Biotechnology Company DJS Antibodies For About $255 Mln,0.0,buy,0.04000000000000001,0.04000000000000001
2022-10-21,ABBV,Healthcare,"Pharma Stock Roundup: JNJ Q3 Earnings Beat, RHHBY Sales Weak, LLY, ABBV Ink M&A Deals",-0.4404,beat,0.09000000000000001,-0.3504
2022-10-21,ABBV,Healthcare,3 Dividend Aristocrats to Buy Right Now With No Hesitation,-0.5106,buy; dividend,0.034999999999999996,-0.4756000000000001
2022-10-25,ABBV,Healthcare,3 Top Dividend Stocks to Buy and Hold in 2023,0.2023,buy; dividend,0.034999999999999996,0.2373
2022-10-26,ABBV,Healthcare,2 Monster Stocks to Buy Without Any Hesitation,0.2057,buy,0.04000000000000001,0.2457
2022-10-27,ABBV,Healthcare,"XLV, ABBV, ELV, MDT: ETF Inflow Alert",0.296,inflow,0.05,0.346
2022-10-28,ABBV,Healthcare,"AbbVie (ABBV) Beats on Q3 Earnings, Lags Sales, Narrows '22 View",-0.3612,beats,0.09000000000000001,-0.2712
2022-10-28,ABBV,Healthcare,AbbVie (ABBV) Q3 Earnings Beat Estimates,0.0,beat,0.09000000000000001,0.09000000000000001
2022-10-28,ABBV,Healthcare,"AbbVie Q3 Profit Increases, beats estimates",0.4404,beats,0.09000000000000001,0.5304
2022-10-28,ABBV,Healthcare,"Daily Dividend Report: AAPL,BKR,ABBV,ROK,WBA",0.0,dividend,0.03,0.03
2022-11-01,ABBV,Healthcare,These 2 Passive Income Stars Just Declared Dividend Raises,0.2023,dividend; raises,0.05,0.2523
2022-11-01,ABBV,Healthcare,3 Dividend Stocks to Buy Hand Over Fist in November,0.4939,buy; dividend,0.034999999999999996,0.5289
2022-11-02,ABBV,Healthcare,"Got $5,000? Buy These 3 Dividend Kings And Hold Them Forever",0.0,buy; dividend,0.034999999999999996,0.034999999999999996
2022-11-02,ABBV,Healthcare,5 Stocks to Watch on Recent Dividend Hikes Amid High Volatility,0.0,dividend,0.03,0.03
2022-11-04,ABBV,Healthcare,Better Buy: AbbVie vs. Walgreens Boots Alliance,0.4404,buy,0.04000000000000001,0.48040000000000005
2022-11-04,ABBV,Healthcare,3 Dividend Kings Crushing the S&P 500 in 2022,-0.3612,dividend,0.03,-0.33120000000000005
2022-11-04,ABBV,Healthcare,"Amgen (AMGN) Beats on Q3 Earnings & Sales, Tweaks 2022 View",0.0,beats,0.09000000000000001,0.09000000000000001
2022-11-04,ABBV,Healthcare,2 Dividend Growth Stocks to Buy and Hold for Years,0.3818,buy; dividend,0.034999999999999996,0.41679999999999995
2022-11-04,ABBV,Healthcare,3 Top Healthcare Stocks to Buy for November,0.2023,buy,0.04000000000000001,0.24230000000000002
2022-11-04,ABBV,Healthcare,"Ironwood's (IRWD) Q3 Earnings Beat, Linzess Volume Grows",0.0,beat,0.09000000000000001,0.09000000000000001
2022-11-07,ABBV,Healthcare,3 Reasons to Buy AbbVie Stock Right Now,0.0,buy,0.04000000000000001,0.04000000000000001
2022-11-08,ABBV,Healthcare,The 7 Best Pharma Stocks to Buy Now,0.6369,buy,0.04000000000000001,0.6769000000000001
2022-11-08,ABBV,Healthcare,"Investing $1,000 in the Current Market? Don't Overlook These 2 Winning Dividend Stocks",-0.4168,dividend,0.03,-0.38680000000000003
2022-11-08,ABBV,Healthcare,These 3 Dividend ETFs Are a Retiree's Best Friend,0.8126,dividend,0.03,0.8426
2022-11-09,ABBV,Healthcare,"If You Like Dividends, You Should Love These 3 Stocks",0.7717,dividends,0.03,0.8017000000000001
2022-11-09,ABBV,Healthcare,This Healthcare Stock Disappointed Investors. Here's Why It's Still a Buy.,-0.4767,buy,0.04000000000000001,-0.4367
2022-11-09,ABBV,Healthcare,5 Dividend Aristocrats Where Analysts See Capital Gains,0.34,dividend,0.03,0.37
2022-11-11,ABBV,Healthcare,"XLV, UNH, ABBV, ELV: ETF Inflow Alert",0.296,inflow,0.05,0.346
2022-11-14,ABBV,Healthcare,2 Top Stocks to Buy in November and Hold Forever,0.2023,buy,0.04000000000000001,0.24230000000000002
2022-11-16,ABBV,Healthcare,Should First Trust Morningstar Dividend Leaders ETF (FDL) Be on Your Investing Radar?,0.5106,dividend,0.03,0.5406000000000001
2022-11-18,ABBV,Healthcare,CytomX (CTMX) Stock Surges on Oncology Deal With Regeneron,0.0,surges,0.06999999999999999,0.06999999999999999
2022-11-21,ABBV,Healthcare,2 Breakout Growth Stocks to Buy for the Long Haul,0.3818,buy,0.04000000000000001,0.42179999999999995
2022-11-21,ABBV,Healthcare,3 Top Dividend Stocks to Buy Now With Yields of 3.4% or More,0.2023,buy; dividend; yields,0.03333333333333333,0.23563333333333333
2022-11-22,ABBV,Healthcare,Want Passive Income in 2023? Buy These Dividend Kings,0.2732,buy; dividend,0.034999999999999996,0.3082
2022-11-22,ABBV,Healthcare,2 Reasons to Buy AbbVie Stock and 1 Reason to Sell,0.0,buy; sell,-0.004999999999999999,-0.004999999999999999
2022-11-22,ABBV,Healthcare,The Health Care Select Sector SPDR Fund Experiences Big Inflow,0.4939,inflow,0.05,0.5439
2022-11-23,ABBV,Healthcare,AbbVie Boosts Its Dividend: Is the Dividend King a Buy?,0.3182,buy; dividend,0.034999999999999996,0.35319999999999996
2022-11-23,ABBV,Healthcare,Should iShares Core High Dividend ETF (HDV) Be on Your Investing Radar?,0.0,dividend,0.03,0.03
2022-11-23,ABBV,Healthcare,2 Safe Dividend Stocks to Buy Hand Over Fist,0.7269,buy; dividend,0.034999999999999996,0.7619
2022-11-23,ABBV,Healthcare,"Want $10,000 in Annual Dividend Income by Retirement? Here's How Much You Should Invest in AbbVie Today.",0.0772,dividend,0.03,0.1072
2022-11-25,ABBV,Healthcare,Is Now the Time for Income Investors to Buy This Big Pharma Stock?,0.0,buy,0.04000000000000001,0.04000000000000001
2022-11-25,ABBV,Healthcare,"Pharma Stock Roundup: MRK to Buy IMGO, ABBV's Skyrizi Gets EU Nod for New Indication",0.0,buy,0.04000000000000001,0.04000000000000001
2022-11-28,ABBV,Healthcare,3 Dividend Stocks to Hold Forever,0.0,dividend,0.03,0.03
2022-11-28,ABBV,Healthcare,8 Dividend Aristocrats to Buy Now for a Lifetime of Passive Income,0.2023,buy; dividend,0.034999999999999996,0.2373
2022-11-30,ABBV,Healthcare,3 Dividend Stocks to Buy in Case the Santa Rally Doesn’t Come,0.0,buy; dividend; rally,0.04666666666666666,0.04666666666666666
2022-11-30,ABBV,Healthcare,"XLV, ABBV, CVS, ELV: ETF Inflow Alert",0.296,inflow,0.05,0.346
2022-11-30,ABBV,Healthcare,3 Top Dividend Kings to Buy for the Long Haul,0.2023,buy; dividend,0.034999999999999996,0.2373
2022-11-30,ABBV,Healthcare,Is iShares Core High Dividend ETF (HDV) a Strong ETF Right Now?,0.5106,dividend,0.03,0.5406000000000001
2022-12-05,ABBV,Healthcare,3 Stocks to Buy Hand Over Fist in December,0.4939,buy,0.04000000000000001,0.5339
2022-12-05,ABBV,Healthcare,New Investor? Buy These 2 Growth Stocks,0.3818,buy,0.04000000000000001,0.42179999999999995
2022-12-06,ABBV,Healthcare,Is AbbVie Stock a Buy Now?,0.0,buy,0.04000000000000001,0.04000000000000001
2022-12-08,ABBV,Healthcare,2 Forever Stocks You Can Buy and Forget About,-0.2263,buy,0.04000000000000001,-0.1863
2022-12-09,ABBV,Healthcare,"Have $1,000? 2 Top Dividend Stocks to Buy Right Now",0.2023,buy; dividend,0.034999999999999996,0.2373
2022-12-12,ABBV,Healthcare,2 Ultra-Reliable Dividend Stocks You Can Buy Now and Hold Forever,0.0,buy; dividend,0.034999999999999996,0.034999999999999996
2022-12-13,ABBV,Healthcare,Reliable Passive Income: an Analysis on Dividend Kings,0.2023,dividend,0.03,0.2323
2022-12-16,ABBV,Healthcare,2 Dividend Stocks That Could Double Your Return in 10 Years,0.0,dividend,0.03,0.03
2022-12-16,ABBV,Healthcare,3 Supercharged Dividend Stocks to Buy If There's a Stock Market Sell-Off,0.0,buy; dividend,0.034999999999999996,0.034999999999999996
2022-12-16,ABBV,Healthcare,Time to Buy Eli Lilly (LLY) and AbbVie (ABBV) Stock for 2023?,0.0,buy,0.04000000000000001,0.04000000000000001
2022-12-20,ABBV,Healthcare,2 Exceptional Dividend Growth Stocks to Buy Now,0.3818,buy; dividend,0.034999999999999996,0.41679999999999995
2022-12-21,ABBV,Healthcare,2 Mammoth Stocks With Dividends to Buy Before 2022 Ends,0.0,buy; dividends,0.034999999999999996,0.034999999999999996
2022-12-21,ABBV,Healthcare,This Unstoppable Growth Stock Is Nearing a Once-In-a-Decade Buying Opportunity,0.5574,buying,0.04000000000000001,0.5974
2022-12-27,ABBV,Healthcare,2 Healthcare Stocks You Can Buy and Hold for the Next Decade,0.0,buy,0.04000000000000001,0.04000000000000001
2022-12-27,ABBV,Healthcare,3 Dividend Kings Nicely Suited for Income Investors,0.4404,dividend,0.03,0.47040000000000004
2022-12-29,ABBV,Healthcare,3 High-Yield Dividend Stocks to Supercharge Your Passive Income Portfolio,0.2023,dividend,0.03,0.2323
2023-01-03,ABBV,Healthcare,3 Dividend Stocks to Buy Hand Over Fist in 2023,0.4939,buy; dividend,0.034999999999999996,0.5289
2023-01-03,ABBV,Healthcare,3 Best Value Stocks to Buy Before 2023,0.765,buy,0.04000000000000001,0.805
2023-01-03,ABBV,Healthcare,The 10 Best Stocks to Buy in January 2023,0.6369,buy,0.04000000000000001,0.6769000000000001
2023-01-03,ABBV,Healthcare,23 Top Dividend Stocks to Buy and Hold in 2023,0.2023,buy; dividend,0.034999999999999996,0.2373
2023-01-03,ABBV,Healthcare,Beat the Dow Jones With This Unstoppable Dividend Stock,-0.2023,beat; dividend,0.06,-0.1423
2023-01-04,ABBV,Healthcare,These 2 Cheap Dividend Stocks Yield More Than 3% -- and They Beat the Market Last Year,0.0,beat; dividend; yield,0.05,0.05
2023-01-04,ABBV,Healthcare,20 Recession-Proof Stocks to Buy Now for 2023,0.0,buy,0.04000000000000001,0.04000000000000001
2023-01-04,ABBV,Healthcare,3 Outstanding Dividend Growth Stocks to Buy for 2023,0.765,buy; dividend,0.034999999999999996,0.8
2023-01-05,ABBV,Healthcare,"HDV, VZ, ABBV, PFE: ETF Inflow Alert",0.296,inflow,0.05,0.346
2023-01-09,ABBV,Healthcare,3 No-Brainer Dividend Stocks to Buy in 2023,0.0,buy; dividend,0.034999999999999996,0.034999999999999996
2023-01-09,ABBV,Healthcare,The 7 Best Dividend Stocks to Buy for Your Grandkids in 2023,0.6369,buy; dividend,0.034999999999999996,0.6719
2023-01-09,ABBV,Healthcare,Top Dividend Stocks To Invest In 2023? 3 For Your List,0.2023,dividend,0.03,0.2323
2023-01-10,ABBV,Healthcare,3 Passive Income Stocks That Are Screaming Buys in January,-0.2023,buys,0.04000000000000001,-0.1623
2023-01-10,ABBV,Healthcare,Should Investors Worry About AbbVie's Dividend?,-0.4404,dividend,0.03,-0.4104
2023-01-10,ABBV,Healthcare,Abbvie raises sales outlook of two new drugs to more than $17.5 bln in 2025,0.0,raises,0.06999999999999999,0.06999999999999999
2023-01-11,ABBV,Healthcare,"1 Hot Growth Stock to Buy Now, and 1 to Avoid",0.1027,buy,0.04000000000000001,0.1427
2023-01-11,ABBV,Healthcare,3 Supercharged Dividend Stocks to Buy If There's a Stock Market Sell-Off,0.0,buy; dividend,0.034999999999999996,0.034999999999999996
2023-01-13,ABBV,Healthcare,Want to Get Richer? 3 Best Stocks to Buy Now and Hold Forever,0.836,buy,0.04000000000000001,0.876
2023-01-17,ABBV,Healthcare,Should First Trust Morningstar Dividend Leaders ETF (FDL) Be on Your Investing Radar?,0.5106,dividend,0.03,0.5406000000000001
2023-01-17,ABBV,Healthcare,3 Top-Ranked Dividend Stocks: A Smarter Way to Boost Your Retirement Income,0.6908,dividend,0.03,0.7208
2023-01-17,ABBV,Healthcare,5 Dividend Kings I Bought for My Portfolio,0.0,dividend,0.03,0.03
2023-01-17,ABBV,Healthcare,"With Competition on the Rise, Is AbbVie's Dividend Safe?",0.4404,dividend,0.03,0.47040000000000004
2023-01-17,ABBV,Healthcare,5 Dividend Aristocrats Where Analysts See Capital Gains,0.34,dividend,0.03,0.37
2023-01-19,ABBV,Healthcare,3 Unstoppable Stocks to Keep Buying in 2023,-0.2023,buying,0.04000000000000001,-0.1623
2023-01-19,ABBV,Healthcare,ABBV Crosses Above 4% Yield Territory,0.0,yield,0.03,0.03
2023-01-25,ABBV,Healthcare,3 Reasons to Buy AbbVie and 2 Reasons Not to Buy,0.0,buy,0.04000000000000001,0.04000000000000001
2023-01-25,ABBV,Healthcare,Want Safety and Growth in 2023? Try These Dividend Stocks.,0.6908,dividend,0.03,0.7208
2023-01-30,ABBV,Healthcare,7 Dividend Stocks to Buy Now or You’ll Be Kicking Yourself Later,0.0,buy; dividend,0.034999999999999996,0.034999999999999996
2023-01-30,ABBV,Healthcare,2 of the Best Dividend Stocks to Own in 2023,0.6369,dividend,0.03,0.6669
2023-01-30,ABBV,Healthcare,"Dividends for Stability, Safety in a Mixed Market",0.4215,dividends,0.03,0.4515
2023-01-30,ABBV,Healthcare,How to Maximize Your Retirement Portfolio with These Top-Ranked Dividend Stocks,0.0,dividend,0.03,0.03
2023-01-30,ABBV,Healthcare,Why AbbVie is a Top Socially Responsible Dividend Stock (ABBV),0.4767,dividend,0.03,0.5067
2023-01-30,ABBV,Healthcare,"Down 14.5%, Is Pfizer Stock a Screaming Buy?",-0.3818,buy,0.04000000000000001,-0.3418
2023-01-31,ABBV,Healthcare,Pfizer (PFE) Q4 Earnings and Revenues Beat Estimates,0.0,beat,0.09000000000000001,0.09000000000000001
2023-01-31,ABBV,Healthcare,"IWF, ABBV, HD, UNP: Large Outflows Detected at ETF",0.0,outflows,-0.05,-0.05
2023-02-01,ABBV,Healthcare,3 Juicy Dividend Stocks in Warren Buffett's Secret Portfolio to Buy in February,0.0,buy; dividend,0.034999999999999996,0.034999999999999996
2023-02-01,ABBV,Healthcare,"Amgen (AMGN) Beats on Q4 Earnings, 2023 Sales View Disappoints",-0.3818,beats,0.09000000000000001,-0.29179999999999995
2023-02-02,ABBV,Healthcare,The 3 Most Undervalued Penny Stocks to Buy in February 2023,0.0,buy,0.04000000000000001,0.04000000000000001
2023-02-02,ABBV,Healthcare,AbbVie (ABBV) Earnings Expected to Grow: Should You Buy?,0.0,buy,0.04000000000000001,0.04000000000000001
2023-02-02,ABBV,Healthcare,2 Surefire Stocks to Buy in 2023 and Hold for at Least the Next Decade,0.25,buy,0.04000000000000001,0.29000000000000004
2023-02-02,ABBV,Healthcare,Merck (MRK) Beats Q4 Earnings and Revenue Estimates,0.0,beats,0.09000000000000001,0.09000000000000001
2023-02-02,ABBV,Healthcare,Is ProShares S&P 500 Dividend Aristocrats ETF (NOBL) a Strong ETF Right Now?,0.5106,dividend,0.03,0.5406000000000001
2023-02-03,ABBV,Healthcare,2 Steady Stocks to Buy in a Recession,-0.4215,buy,0.04000000000000001,-0.38149999999999995
2023-02-06,ABBV,Healthcare,3 Unstoppable Dividend Stocks to Buy in February,-0.2023,buy; dividend,0.034999999999999996,-0.1673
2023-02-06,ABBV,Healthcare,2 Stocks Down More Than 6% to Buy Right Now,0.0,buy,0.04000000000000001,0.04000000000000001
2023-02-06,ABBV,Healthcare,3 Top-Ranked Dividend Stocks: A Smarter Way to Boost Your Retirement Income,0.6908,dividend,0.03,0.7208
2023-02-07,ABBV,Healthcare,3 High-Yield Dividend Stocks to Buy Now for a Lifetime of Passive Income,0.2023,buy; dividend,0.034999999999999996,0.2373
2023-02-08,ABBV,Healthcare,Vanguard Russell 1000 Growth ETF Experiences Big Inflow,0.3818,inflow,0.05,0.43179999999999996
2023-02-09,ABBV,Healthcare,What Stocks to Buy Today? 3 Dividend Stocks To Watch After Earnings,0.0,buy; dividend,0.034999999999999996,0.034999999999999996
2023-02-09,ABBV,Healthcare,"AbbVie (ABBV) Beats Q4 Earnings Estimates, Misses on Sales",-0.2263,beats,0.09000000000000001,-0.13629999999999998
2023-02-09,ABBV,Healthcare,AbbVie (ABBV) Q4 Earnings Beat Estimates,0.0,beat,0.09000000000000001,0.09000000000000001
2023-02-09,ABBV,Healthcare,Do Humira Biosimilars Threaten AbbVie's Dividend?,-0.3818,dividend,0.03,-0.3518
2023-02-09,ABBV,Healthcare,"AbbVie Q4 Profit Decreases, but beats estimates",0.2382,beats,0.09000000000000001,0.3282
2023-02-09,ABBV,Healthcare,US STOCKS-Wall St dips as Treasury yields rise; Disney hits 5-month high,0.2023,yields,0.03,0.2323
2023-02-09,ABBV,Healthcare,US STOCKS-Wall St dips as Treasury yields rise after auction,0.2023,yields,0.03,0.2323
2023-02-09,ABBV,Healthcare,ABBV Makes Bullish Cross Above Critical Moving Average,-0.3182,bullish,0.09000000000000001,-0.22819999999999996
2023-02-13,ABBV,Healthcare,Here's Exactly How AbbVie Stock Can Beat the Market In 2023,0.0,beat,0.09000000000000001,0.09000000000000001
2023-02-13,ABBV,Healthcare,The 7 Most Undervalued Dividend Aristocrats to Buy,0.0,buy; dividend,0.034999999999999996,0.034999999999999996
2023-02-14,ABBV,Healthcare,Better Buy: Johnson & Johnson or AbbVie?,0.4404,buy,0.04000000000000001,0.48040000000000005
2023-02-14,ABBV,Healthcare,3 of the BEST Dividend Growth Stocks,0.8192,dividend,0.03,0.8492000000000001
2023-02-14,ABBV,Healthcare,2 High-Yielding Dividend Stocks Trading Near 52-Week Lows,-0.2023,dividend,0.03,-0.1723
2023-02-16,ABBV,Healthcare,iShares Core S&P U.S. Growth ETF Experiences Big Inflow,0.3818,inflow,0.05,0.43179999999999996
2023-02-17,ABBV,Healthcare,2 Exceptional Growth Stocks to Buy Before the Next Bull Market,0.3818,buy,0.04000000000000001,0.42179999999999995
2023-02-17,ABBV,Healthcare,3 Exceptional Dividend Stocks to Buy Right Now,0.0,buy; dividend,0.034999999999999996,0.034999999999999996
2023-02-17,ABBV,Healthcare,5 Dividend Growth Stocks With Upside To Analyst Targets,0.3818,dividend,0.03,0.41179999999999994
2023-02-17,ABBV,Healthcare,"Daily Dividend Report: NEE,KO,FDX,K,ABBV",0.0,dividend,0.03,0.03
2023-02-21,ABBV,Healthcare,3 Dividend Stocks That Should Pay You the Rest of Your Life,-0.1027,dividend,0.03,-0.0727
2023-02-21,ABBV,Healthcare,3 Top Dividend Kings to Buy for the Long Haul,0.2023,buy; dividend,0.034999999999999996,0.2373
2023-02-22,ABBV,Healthcare,This Recession-Proof Company Has a Best-in-Class Dividend,0.0,dividend,0.03,0.03
2023-02-22,ABBV,Healthcare,Want More Reliable Dividend Income? Buy This Dividend King.,0.0772,buy; dividend,0.034999999999999996,0.1122
2023-02-24,ABBV,Healthcare,"IWB, ABBV, PEP, PFE: Large Outflows Detected at ETF",0.0,outflows,-0.05,-0.05
2023-02-27,ABBV,Healthcare,3 High-Yield Dividend Stocks to Buy and Hold Forever ,0.0,buy; dividend,0.034999999999999996,0.034999999999999996
2023-03-01,ABBV,Healthcare,3 Value Stocks You'll Regret Not Buying on the Dip,-0.1027,buying,0.04000000000000001,-0.06269999999999999
2023-03-02,ABBV,Healthcare,These 2 Dividend Stocks Could Be a Great Addition to Your Income Portfolio,0.6249,dividend,0.03,0.6549
2023-03-02,ABBV,Healthcare,"Intel Slashed Its Dividend, But These 3 Yields Are Likely to Continue Rising",-0.1154,dividend; yields,0.03,-0.0854
2023-03-06,ABBV,Healthcare,2 Top Dividend Kings to Buy for the Long Haul,0.2023,buy; dividend,0.034999999999999996,0.2373
2023-03-06,ABBV,Healthcare,2 High-Yield Dividend Stocks to Buy in March,0.0,buy; dividend,0.034999999999999996,0.034999999999999996
2023-03-06,ABBV,Healthcare,7 Dividend Kings to Buy for an Uncertain Market Environment,-0.296,buy; dividend,0.034999999999999996,-0.261
2023-03-06,ABBV,Healthcare,"VTV, ABBV, PFE, BAC: ETF Inflow Alert",0.296,inflow,0.05,0.346
2023-03-07,ABBV,Healthcare,Should WisdomTree U.S. High Dividend ETF (DHS) Be on Your Investing Radar?,0.0,dividend,0.03,0.03
2023-03-09,ABBV,Healthcare,3 Surefire Stocks That Are Screaming Buys in March,-0.1531,buys,0.04000000000000001,-0.1131
2023-03-09,ABBV,Healthcare,3 High-Yield Dividend Stocks to Buy Before the Next Bull Rally,0.0,buy; dividend; rally,0.04666666666666666,0.04666666666666666
2023-03-09,ABBV,Healthcare,Is It Too Late to Buy AbbVie Stock?,0.0,buy,0.04000000000000001,0.04000000000000001
2023-03-09,ABBV,Healthcare,Is WisdomTree U.S. High Dividend ETF (DHS) a Strong ETF Right Now?,0.5106,dividend,0.03,0.5406000000000001
2023-03-13,ABBV,Healthcare,3 No-Brainer Dividend Stocks to Buy in March,0.0,buy; dividend,0.034999999999999996,0.034999999999999996
2023-03-14,ABBV,Healthcare,Diversify Your Income with These 2 High-Yielding Dividend ETFs,0.0,dividend,0.03,0.03
2023-03-14,ABBV,Healthcare,5 Forever Dividend Stocks,0.0,dividend,0.03,0.03
2023-03-14,ABBV,Healthcare,"UPRO, ABBV, LLY, BAC: Large Outflows Detected at ETF",0.0,outflows,-0.05,-0.05
2023-03-16,ABBV,Healthcare,2 Growth Stocks to Buy Before the Bull Market Arrives,0.3818,buy,0.04000000000000001,0.42179999999999995
2023-03-20,ABBV,Healthcare,Should You Buy The Botox Maker Over Johnson & Johnson Stock?,0.0,buy,0.04000000000000001,0.04000000000000001
2023-03-20,ABBV,Healthcare,Should First Trust Morningstar Dividend Leaders ETF (FDL) Be on Your Investing Radar?,0.5106,dividend,0.03,0.5406000000000001
2023-03-21,ABBV,Healthcare,5 Dividend Aristocrats Where Analysts See Capital Gains,0.34,dividend,0.03,0.37
2023-03-22,ABBV,Healthcare,US FDA declines to approve AbbVie's Parkinson's disease therapy,0.0,declines,-0.05,-0.05
2023-03-23,ABBV,Healthcare,2 High-Yield Dividend Stocks You Won't Regret Buying Right Now,0.3252,buying; dividend,0.034999999999999996,0.36019999999999996
2023-03-23,ABBV,Healthcare,"2 Reasons to Buy AbbVie, and 1 Reason to Sell",0.0,buy; sell,-0.004999999999999999,-0.004999999999999999
2023-03-27,ABBV,Healthcare,Better Buy: AbbVie vs. Johnson & Johnson,0.4404,buy,0.04000000000000001,0.48040000000000005
2023-03-27,ABBV,Healthcare,BioNTech Is Ripe For A Rebound In 2023,0.0,rebound,0.05,0.05
2023-03-28,ABBV,Healthcare,2 Relatively Safe Dividend Stocks You Won't Regret Owning,0.6407,dividend,0.03,0.6707000000000001
2023-03-28,ABBV,Healthcare,DIV ETF Yields 7.3% and Pays Monthly. Here are the Pros and Cons,0.0,yields,0.03,0.03
2023-03-28,ABBV,Healthcare,This Is the Best Dividend ETF You Can Buy,0.6369,buy; dividend,0.034999999999999996,0.6719
2023-03-30,ABBV,Healthcare,2 High-Yielding Dividend Investments to Buy for the Long Haul,0.0,buy; dividend,0.034999999999999996,0.034999999999999996
2023-03-30,ABBV,Healthcare,"IVW, CVX, ABBV, MRK: Large Inflows Detected at ETF",0.0,inflows,0.05,0.05
2023-03-31,ABBV,Healthcare,The Top Healthcare Stocks to Buy With $100,0.2023,buy,0.04000000000000001,0.24230000000000002
2023-04-03,ABBV,Healthcare,"These 5 High-Yield Dividend Stocks Should Make Me $3,000 in Passive Income This Year",0.2023,dividend,0.03,0.2323
2023-04-03,ABBV,Healthcare,3 Dividend ETFs to Consider Buying with Your Tax Return,0.0,buying; dividend,0.034999999999999996,0.034999999999999996
2023-04-05,ABBV,Healthcare,Want to Collect Big Dividends Each Month? Buy These 3 Stocks,0.0772,buy; dividends,0.034999999999999996,0.1122
2023-04-05,ABBV,Healthcare,Better Dividend Stock: AbbVie vs. Johnson & Johnson,0.4404,dividend,0.03,0.47040000000000004
2023-04-05,ABBV,Healthcare,Argus Research Downgrades AbbVie (ABBV),0.0,downgrades,-0.09000000000000001,-0.09000000000000001
2023-04-10,ABBV,Healthcare,Is ProShares S&P 500 Dividend Aristocrats ETF (NOBL) a Strong ETF Right Now?,0.5106,dividend,0.03,0.5406000000000001
2023-04-11,ABBV,Healthcare,2 Forever Stocks to Buy No Matter What the Market Is Doing,-0.2732,buy,0.04000000000000001,-0.2332
2023-04-12,ABBV,Healthcare,Why AbbVie (ABBV) Could Beat Earnings Estimates Again,0.0,beat,0.09000000000000001,0.09000000000000001
2023-04-13,ABBV,Healthcare,US FDA declines to approve Eli Lilly's bowel disease drug,0.0,declines,-0.05,-0.05
2023-04-14,ABBV,Healthcare,UnitedHealth ups profit view as lower medical costs drive quarterly beat,0.1779,beat,0.09000000000000001,0.2679
2023-04-14,ABBV,Healthcare,UnitedHealth Group beats quarterly profit estimates on lower medical costs,0.1779,beats,0.09000000000000001,0.2679
2023-04-17,ABBV,Healthcare,3 Dividend Stocks to Buy and Hold for the Next Decade,0.0,buy; dividend,0.034999999999999996,0.034999999999999996
2023-04-17,ABBV,Healthcare,3 Reasons Why I Regret Selling AbbVie,-0.4215,selling,-0.05,-0.4715
2023-04-19,ABBV,Healthcare,"Noteworthy ETF Inflows: IWB, JPM, CVX, ABBV",0.0,inflows,0.05,0.05
2023-04-19,ABBV,Healthcare,Is Merck Stock a Screaming Buy After This $11 Billion Acquisition?,-0.3818,buy,0.04000000000000001,-0.3418
2023-04-20,ABBV,Healthcare,Earnings Preview: AbbVie (ABBV) Q1 Earnings Expected to Decline,0.0,decline,-0.05,-0.05
2023-04-21,ABBV,Healthcare,"Pharma Stock Roundup: JNJ Beats on Q1 Earnings, MRK to Buy RXDX & Other Updates",0.0,beats; buy,0.065,0.065
2023-04-24,ABBV,Healthcare,3 Top Dividend Kings to Buy for the Long Haul,0.2023,buy; dividend,0.034999999999999996,0.2373
2023-04-25,ABBV,Healthcare,This Supercharged Dividend King Stock Might Soon Run Out of Steam,0.0,dividend,0.03,0.03
2023-04-25,ABBV,Healthcare,Should SPDR Portfolio S&P 500 High Dividend ETF (SPYD) Be on Your Investing Radar?,0.0,dividend,0.03,0.03
2023-04-26,ABBV,Healthcare,Earnings Beat In The Cards For Merck Stock?,0.0,beat,0.09000000000000001,0.09000000000000001
2023-04-27,ABBV,Healthcare,US STOCKS-Wall St rallies as Meta earnings offset economy worries,-0.4215,rallies,0.06999999999999999,-0.3515
2023-04-27,ABBV,Healthcare,"AbbVie (ABBV) Q1 Earnings Beat, Skyrizi Sales Underperform",0.0,beat; underperform,0.010000000000000004,0.010000000000000004
2023-04-27,ABBV,Healthcare,1 Dividend Stock to Buy Hand Over Fist in May and 1 to Avoid,0.25,buy; dividend,0.034999999999999996,0.285
2023-04-27,ABBV,Healthcare,AbbVie raises annual profit forecast as Humira demand holds steady,0.34,raises,0.06999999999999999,0.41000000000000003
2023-04-27,ABBV,Healthcare,"SPYG, CVX, MRK, ABBV: ETF Inflow Alert",0.296,inflow,0.05,0.346
2023-04-27,ABBV,Healthcare,AbbVie (ABBV) Shares Cross 4% Yield Mark,0.296,yield,0.03,0.32599999999999996
2023-04-27,ABBV,Healthcare,US STOCKS-Wall St rallies as earnings season boost offsets economy worries,-0.0258,rallies,0.06999999999999999,0.04419999999999999
2023-04-28,ABBV,Healthcare,5 Dividend Aristocrats Where Analysts See Capital Gains,0.34,dividend,0.03,0.37
2023-04-28,ABBV,Healthcare,Guggenheim Maintains Abbvie (ABBV) Buy Recommendation,0.0,buy,0.04000000000000001,0.04000000000000001
2023-05-01,ABBV,Healthcare,3 Unstoppable Stocks to Buy Right Now,-0.2023,buy,0.04000000000000001,-0.1623
2023-05-01,ABBV,Healthcare,AbbVie's Blockbuster Is Falling Fast. Time to Sell?,0.5106,sell,-0.05,0.46060000000000006
2023-05-01,ABBV,Healthcare,AbbVie Stock Plunged: Should You Buy the Dip?,0.0,buy,0.04000000000000001,0.04000000000000001
2023-05-02,ABBV,Healthcare,Vertex Pharmaceuticals Stock Is an Even Better Buy Now Thanks to AbbVie,0.7003,buy,0.04000000000000001,0.7403000000000001
2023-05-02,ABBV,Healthcare,AmerisourceBergen raises profit forecast on demand for pricier specialty drugs,0.34,raises,0.06999999999999999,0.41000000000000003
2023-05-02,ABBV,Healthcare,Vertex Pharmaceuticals Just Lost a Potential Rival. Is the Stock a Buy?,-0.3182,buy,0.04000000000000001,-0.2782
2023-05-04,ABBV,Healthcare,7 Stock Upgrades and Downgrades Alerts You Cannot Ignore,0.2755,downgrades,-0.09000000000000001,0.1855
2023-05-04,ABBV,Healthcare,7 Dividend-Paying Large-Cap Stocks to Buy in May,0.0,buy,0.04000000000000001,0.04000000000000001
2023-05-05,ABBV,Healthcare,"VYM, JPM, CVX, ABBV: ETF Inflow Alert",0.296,inflow,0.05,0.346
2023-05-08,ABBV,Healthcare,1 Relatively Safe Dividend Growth Stock to Buy Hand Over Fist Right Now,0.8271,buy; dividend,0.034999999999999996,0.8621
2023-05-08,ABBV,Healthcare,"Looking for Steady, Passive Income? Buy AbbVie Stock",0.2023,buy,0.04000000000000001,0.24230000000000002
2023-05-08,ABBV,Healthcare,7 Dividend Stocks That Will Pay You Through Any Market Turmoil,-0.4404,dividend,0.03,-0.4104
2023-05-10,ABBV,Healthcare,Should You Buy Merck Stock At $120?,0.0,buy,0.04000000000000001,0.04000000000000001
2023-05-10,ABBV,Healthcare,Should WisdomTree U.S. High Dividend ETF (DHS) Be on Your Investing Radar?,0.0,dividend,0.03,0.03
2023-05-11,ABBV,Healthcare,Is WisdomTree U.S. High Dividend ETF (DHS) a Strong ETF Right Now?,0.5106,dividend,0.03,0.5406000000000001
2023-05-15,ABBV,Healthcare,"IXJ, MRK, ABBV, PFE: ETF Outflow Alert",0.296,outflow,-0.05,0.246
2023-05-18,ABBV,Healthcare,Should Schwab U.S. Dividend Equity ETF (SCHD) Be on Your Investing Radar?,0.0,dividend,0.03,0.03
2023-05-22,ABBV,Healthcare,3 Relatively Safe Stocks to Buy if a Recession Is on the Way,0.0258,buy,0.04000000000000001,0.06580000000000001
2023-05-22,ABBV,Healthcare,"3 No-Brainer Dividend Stocks to Buy With $1,000 Right Now",0.0,buy; dividend,0.034999999999999996,0.034999999999999996
2023-05-23,ABBV,Healthcare,"Noteworthy ETF Outflows: IXJ, ABBV, PFE, ELV",0.0,outflows,-0.05,-0.05
2023-05-25,ABBV,Healthcare,2 Dividend Kings on Sale That Are Yielding More Than 4%,0.0,dividend,0.03,0.03
2023-05-25,ABBV,Healthcare,2 Top Dividend Kings to Buy for the Long Haul,0.2023,buy; dividend,0.034999999999999996,0.2373
2023-05-25,ABBV,Healthcare,Should First Trust Morningstar Dividend Leaders ETF (FDL) Be on Your Investing Radar?,0.5106,dividend,0.03,0.5406000000000001
2023-05-31,ABBV,Healthcare,"SPLG, BRK.B, MRK, ABBV: ETF Inflow Alert",0.296,inflow,0.05,0.346
2023-06-01,ABBV,Healthcare,7 Best Dividend Stocks to Buy Now in June 2023,0.6369,buy; dividend,0.034999999999999996,0.6719
2023-06-06,ABBV,Healthcare,"IBM, CVX, or ABBV: Which Dividend Aristocrat Stock is the Most Compelling Pick?",0.2944,dividend,0.03,0.3244
2023-06-08,ABBV,Healthcare,First Trust Morningstar Dividend Leaders Index Fund Experiences Big Outflow,0.5106,dividend; outflow,-0.010000000000000002,0.5006
2023-06-08,ABBV,Healthcare,Is ProShares S&P 500 Dividend Aristocrats ETF (NOBL) a Strong ETF Right Now?,0.5106,dividend,0.03,0.5406000000000001
2023-06-12,ABBV,Healthcare,Better Long-Term Buy: AbbVie or Novo Nordisk?,0.4404,buy,0.04000000000000001,0.48040000000000005
2023-06-12,ABBV,Healthcare,7 Top Blue-Chip Stocks to Buy in June 2023,0.2023,buy,0.04000000000000001,0.24230000000000002
2023-06-13,ABBV,Healthcare,Is SPDR Portfolio S&P 500 High Dividend ETF (SPYD) a Strong ETF Right Now?,0.5106,dividend,0.03,0.5406000000000001
2023-06-16,ABBV,Healthcare,"This Biotech Is About to Eat AbbVie's Market Share, but Is It a Buy?",0.1531,buy,0.04000000000000001,0.19310000000000002
2023-06-16,ABBV,Healthcare,"Notable ETF Inflow Detected - XLV, ABBV, DHR, BMY",0.0,inflow,0.05,0.05
2023-06-20,ABBV,Healthcare,Ready for a Rebound: 7 Blue-Chips Set to Regain Their Market Mojo,0.3612,rebound,0.05,0.4112
2023-06-22,ABBV,Healthcare,2 No-Brainer Healthcare Stocks to Buy Right Now,0.0,buy,0.04000000000000001,0.04000000000000001
2023-06-23,ABBV,Healthcare,"Daily Dividend Report: DTE,AIT,ABBV,LEN,MATX",0.0,dividend,0.03,0.03
2023-06-26,ABBV,Healthcare,1 Phenomenal High-Yield Dividend Stock You Can Buy and Hold Forever,0.0,buy; dividend,0.034999999999999996,0.034999999999999996
2023-06-26,ABBV,Healthcare,Should SPDR Portfolio S&P 500 High Dividend ETF (SPYD) Be on Your Investing Radar?,0.0,dividend,0.03,0.03
2023-06-26,ABBV,Healthcare,"Notable ETF Inflow Detected - DGRO, JNJ, XOM, ABBV",0.0,inflow,0.05,0.05
2023-06-27,ABBV,Healthcare,7 Stocks That Every 40-Year-Old Should Buy Today,0.0,buy,0.04000000000000001,0.04000000000000001
2023-06-28,ABBV,Healthcare,What Will AbbVie Buy Next?,0.0,buy,0.04000000000000001,0.04000000000000001
2023-06-29,ABBV,Healthcare,5 Dividend Aristocrats Where Analysts See Capital Gains,0.34,dividend,0.03,0.37
2023-06-29,ABBV,Healthcare,3 Dividend Kings Yielding Royal Sums,0.0,dividend,0.03,0.03
2023-06-29,ABBV,Healthcare,7 Best Dividend Stocks to Buy Now in July 2023,0.6369,buy; dividend,0.034999999999999996,0.6719
2023-06-29,ABBV,Healthcare,5 High-Yielding Dividend Stocks That Are Bargain Buys,0.2023,buys; dividend,0.034999999999999996,0.2373
2023-06-30,ABBV,Healthcare,Bausch + Lomb to buy Novartis dry-eye drug for $1.75 bln - WSJ,0.0,buy,0.04000000000000001,0.04000000000000001
2023-06-30,ABBV,Healthcare,The 3 Most Undervalued Pharma Stocks to Buy Now: June 2023,0.0,buy,0.04000000000000001,0.04000000000000001
2023-07-03,ABBV,Healthcare,10 Stocks You Can Buy Right Now With Dividend Yields of Over 4%,0.0,buy; dividend; yields,0.03333333333333333,0.03333333333333333
2023-07-03,ABBV,Healthcare,3 Magnificent Dividend Stocks to Buy Hand Over Fist in July,0.7964,buy; dividend,0.034999999999999996,0.8314
2023-07-03,ABBV,Healthcare,"Merck and AbbVie Are Facing Big Patent Cliffs, But Here's Why Both Are Still Buys",0.0,buys,0.04000000000000001,0.04000000000000001
2023-07-05,ABBV,Healthcare,3 Spectacular Dividend Stocks to Buy in July,0.0,buy; dividend,0.034999999999999996,0.034999999999999996
2023-07-05,ABBV,Healthcare,"Noteworthy ETF Inflows: SSO, CVX, COST, ABBV",0.0,inflows,0.05,0.05
2023-07-05,ABBV,Healthcare,The 7 Best Forever Stocks to Buy for July 2023,0.6369,buy,0.04000000000000001,0.6769000000000001
2023-07-06,ABBV,Healthcare,Is AbbVie's Dividend Yield Safe?,0.4404,dividend; yield,0.03,0.47040000000000004
2023-07-06,ABBV,Healthcare,Sarepta (SRPT) Sells Priority Review Voucher for $102M,0.0,sells,-0.05,-0.05
2023-07-06,ABBV,Healthcare,"Got $5,000? These Are 3 of the Best Stocks to Buy in July",0.6369,buy,0.04000000000000001,0.6769000000000001
2023-07-07,ABBV,Healthcare,The 3 Best Dividend Stocks to Buy in July,0.6369,buy; dividend,0.034999999999999996,0.6719
2023-07-07,ABBV,Healthcare,Why Dividend Stocks Should Be a Key Part of Your Retirement Plan,0.0,dividend,0.03,0.03
2023-07-07,ABBV,Healthcare,2 Struggling Dividend Growth Stocks That Could Make You Richer,0.4939,dividend,0.03,0.5239
2023-07-10,ABBV,Healthcare,3 No-Brainer Stocks You Can Buy Right Now,0.0,buy,0.04000000000000001,0.04000000000000001
2023-07-13,ABBV,Healthcare,Is WisdomTree U.S. High Dividend ETF (DHS) a Strong ETF Right Now?,0.5106,dividend,0.03,0.5406000000000001
2023-07-13,ABBV,Healthcare,"10 Best Stocks to Buy Now, Stock Market News, and Investing Q&A",0.6369,buy,0.04000000000000001,0.6769000000000001
2023-07-14,ABBV,Healthcare,HSBC Initiates Coverage of Abbvie (ABBV) with Buy Recommendation,0.0,buy,0.04000000000000001,0.04000000000000001
2023-07-14,ABBV,Healthcare,"Notable ETF Outflow Detected - IWF, V, ABBV, DE",0.0,outflow,-0.05,-0.05
2023-07-14,ABBV,Healthcare,SCHD vs. VYM: Which is the Better Dividend ETF?,0.4404,dividend,0.03,0.47040000000000004
2023-07-17,ABBV,Healthcare,7 Spectacular High-Yield Dividend Stocks to Buy in July,0.0,buy; dividend,0.034999999999999996,0.034999999999999996
2023-07-17,ABBV,Healthcare,3 Dividend Growth Stocks to Buy and Hold,0.3818,buy; dividend,0.034999999999999996,0.41679999999999995
2023-07-17,ABBV,Healthcare,3 Dividend Stocks That Still Make Sense in 2023,0.0,dividend,0.03,0.03
2023-07-19,ABBV,Healthcare,Should Schwab U.S. Dividend Equity ETF (SCHD) Be on Your Investing Radar?,0.0,dividend,0.03,0.03
2023-07-20,ABBV,Healthcare,3 of the Best Dividend Stocks to Buy for Passive Income Growth,0.8225,buy; dividend,0.034999999999999996,0.8575
2023-07-20,ABBV,Healthcare,Should WisdomTree U.S. High Dividend ETF (DHS) Be on Your Investing Radar?,0.0,dividend,0.03,0.03
2023-07-20,ABBV,Healthcare,Analysts Estimate AbbVie (ABBV) to Report a Decline in Earnings: What to Look Out for,0.0,decline,-0.05,-0.05
2023-07-21,ABBV,Healthcare,3 High-Yield Dividend Stocks I Plan on Holding Forever,0.0,dividend,0.03,0.03
2023-07-24,ABBV,Healthcare,The 7 Best Dividend Stocks to Protect Your Portfolio From Global Chaos,0.4767,dividend,0.03,0.5067
2023-07-24,ABBV,Healthcare,"IWF, ABBV, TMO, NOW: ETF Outflow Alert",0.296,outflow,-0.05,0.246
2023-07-25,ABBV,Healthcare,Earnings Preview: Pfizer (PFE) Q2 Earnings Expected to Decline,0.0,decline,-0.05,-0.05
2023-07-26,ABBV,Healthcare,3 Stocks to Buy While They Are on Sale,0.0,buy,0.04000000000000001,0.04000000000000001
2023-07-26,ABBV,Healthcare,Looking to Get Richer? These 2 Dividend Stocks Have Doubled in 5 Years,0.5267,dividend,0.03,0.5567
2023-07-26,ABBV,Healthcare,PREVIEW-AbbVie may see less pain from Humira sales decline as rival lags,-0.6712,decline,-0.05,-0.7212000000000001
2023-07-27,ABBV,Healthcare,"AbbVie raises annual profit forecast as Humira stays strong, new drugs impress",0.8442,raises,0.06999999999999999,0.9141999999999999
2023-07-27,ABBV,Healthcare,"AbbVie raises profit forecast as Humira stays strong, new drugs impress",0.8442,raises,0.06999999999999999,0.9141999999999999
2023-07-27,ABBV,Healthcare,AbbVie (ABBV) Beats Q2 Earnings and Revenue Estimates,0.0,beats,0.09000000000000001,0.09000000000000001
2023-07-27,ABBV,Healthcare,"AbbVie (ABBV) Beats on Q2 Earnings & Sales, Raises '23 View",0.0,beats; raises,0.08000000000000002,0.08000000000000002
2023-07-27,ABBV,Healthcare,Stocks Rally as Economic News Shows a Resilient U.S. Economy,0.0,rally,0.06999999999999999,0.06999999999999999
2023-07-28,ABBV,Healthcare,3 Biotech Stocks to Buy Before Drug Trials End,0.0,buy,0.04000000000000001,0.04000000000000001
2023-07-28,ABBV,Healthcare,3 High-Paying Unusually Active Put Options to Sell for Extra Cash This Weekend,0.4576,sell,-0.05,0.4076
2023-07-28,ABBV,Healthcare,"S&P Futures Climb Ahead of Key U.S. Inflation Data, Intel Surges on Upbeat Earnings",0.0,surges,0.06999999999999999,0.06999999999999999
2023-07-28,ABBV,Healthcare,"S&P Futures Tick Higher Ahead of Key U.S. Inflation Data, Intel Surges on Upbeat Earnings",0.0,surges,0.06999999999999999,0.06999999999999999
2023-07-31,ABBV,Healthcare,"Here's Exactly How I'll Make Over $18,000 in Dividend Income This Year",0.0,dividend,0.03,0.03
2023-07-31,ABBV,Healthcare,"Want $500 in Super Safe Annual Dividend Income? Invest $9,900 in the Following 3 Dividend Kings",0.7964,dividend,0.03,0.8264
2023-07-31,ABBV,Healthcare,Is It Too Late to Buy InMode Stock?,0.0,buy,0.04000000000000001,0.04000000000000001
2023-07-31,ABBV,Healthcare,AbbVie (ABBV) Shares Cross 4% Yield Mark,0.296,yield,0.03,0.32599999999999996
2023-07-31,ABBV,Healthcare,AbbVie a Top 25 Dividend Giant With 3.92% Yield (ABBV),0.2023,dividend; yield,0.03,0.2323
2023-08-01,ABBV,Healthcare,3 Magnificent High-Yield Dividend Stocks to Buy Hand Over Fist in August,0.7964,buy; dividend,0.034999999999999996,0.8314
2023-08-01,ABBV,Healthcare,Better High-Yield Dividend Stock: AbbVie vs. Verizon Communications,0.4404,dividend,0.03,0.47040000000000004
2023-08-01,ABBV,Healthcare,"Noteworthy ETF Outflows: IWF, ABBV, ADBE, TMO",0.0,outflows,-0.05,-0.05
2023-08-03,ABBV,Healthcare,"Amgen quarterly revenue rises 6%, profit beats Street estimates",0.4404,beats,0.09000000000000001,0.5304
2023-08-03,ABBV,Healthcare,"Got $5,000? These 2 Stocks Could Be Bargain Buys for 2023 and Beyond",0.2023,buys,0.04000000000000001,0.24230000000000002
2023-08-03,ABBV,Healthcare,3 High-Yielding Dividend Stocks to Buy and Hold for Decades,0.0,buy; dividend,0.034999999999999996,0.034999999999999996
2023-08-04,ABBV,Healthcare,Should You Buy Merck Stock After An Upbeat Q2?,0.0,buy,0.04000000000000001,0.04000000000000001
2023-08-04,ABBV,Healthcare,Is AbbVie Stock a Buy for Income Investors?,0.0,buy,0.04000000000000001,0.04000000000000001
2023-08-04,ABBV,Healthcare,3 High Yield Dividend Stocks To Watch In August 2023,0.0,dividend; yield,0.03,0.03
2023-08-04,ABBV,Healthcare,"Amgen (AMGN) Q2 Earnings Beat Estimates, 2023 View Raised",0.0,beat; raised,0.07500000000000001,0.07500000000000001
2023-08-07,ABBV,Healthcare,Is Growth Priced into Amgen Stock after Earnings Beat?,0.3818,beat,0.09000000000000001,0.4718
2023-08-08,ABBV,Healthcare,"Organon results beat estimates on demand for women heath products, biosimilars",-0.128,beat,0.09000000000000001,-0.03799999999999999
2023-08-08,ABBV,Healthcare,Is AbbVie Still a Good Dividend Stock to Buy?,0.4404,buy; dividend,0.034999999999999996,0.4754
2023-08-09,ABBV,Healthcare,3 Stocks That Recently Raised Their Guidance for the Year,0.0,raised,0.06,0.06
2023-08-09,ABBV,Healthcare,"VHT, UNH, JNJ, ABBV: ETF Inflow Alert",0.296,inflow,0.05,0.346
2023-08-11,ABBV,Healthcare,5 Best Stocks to Buy in a Bear Market,0.6369,buy,0.04000000000000001,0.6769000000000001
2023-08-14,ABBV,Healthcare,3 Unstoppable Dividend Stocks to Buy Right Now,-0.2023,buy; dividend,0.034999999999999996,-0.1673
2023-08-14,ABBV,Healthcare,"My Top Dividend King to Buy and Hold for the Next 10 Years, and It Isn't Even Close",0.2023,buy; dividend,0.034999999999999996,0.2373
2023-08-15,ABBV,Healthcare,3 Dividend Aristocrats Positively Surprising Investors,0.6705,dividend,0.03,0.7005
2023-08-17,ABBV,Healthcare,1 High-Yield Dividend Stock That Looks Like a Screaming Buy,-0.0258,buy; dividend,0.034999999999999996,0.009199999999999996
2023-08-18,ABBV,Healthcare,"Notable ETF Outflow Detected - IWY, GOOGL, V, ABBV",0.0,outflow,-0.05,-0.05
2023-08-21,ABBV,Healthcare,7 Top Dividend Stocks for Income and Stability,0.2023,dividend,0.03,0.2323
2023-08-23,ABBV,Healthcare,7 Very Oversold High-Yield Stocks to Buy Right Now,0.0,buy,0.04000000000000001,0.04000000000000001
2023-08-25,ABBV,Healthcare,"PG, ABBV: 2 Dividend Aristocrat Stocks Hedge Funds are Bullish on",0.0,bullish; dividend,0.06,0.06
2023-08-28,ABBV,Healthcare,3 Surprisingly Underrated Stocks to Buy Right Now,0.296,buy,0.04000000000000001,0.33599999999999997
2023-08-28,ABBV,Healthcare,Late-Summer Steals: 7 Stocks to Buy Before Fall,-0.5106,buy,0.04000000000000001,-0.4706
2023-08-29,ABBV,Healthcare,7 Stocks to Buy for the Rest of 2023,0.0,buy,0.04000000000000001,0.04000000000000001
2023-08-30,ABBV,Healthcare,Should First Trust Morningstar Dividend Leaders ETF (FDL) Be on Your Investing Radar?,0.5106,dividend,0.03,0.5406000000000001
2023-09-01,ABBV,Healthcare,"CVS Just Made a Major New Announcement, But Should You Buy It?",0.0,buy,0.04000000000000001,0.04000000000000001
2023-09-01,ABBV,Healthcare,5 Dividend Growth Stocks With Upside To Analyst Targets,0.3818,dividend,0.03,0.41179999999999994
2023-09-05,ABBV,Healthcare,3 No-Brainer Dividend Stocks to Buy in September,0.0,buy; dividend,0.034999999999999996,0.034999999999999996
2023-09-05,ABBV,Healthcare,Is SPDR S&P Dividend ETF (SDY) a Strong ETF Right Now?,0.5106,dividend,0.03,0.5406000000000001
2023-09-06,ABBV,Healthcare,"Notable ETF Inflow Detected - PBUS, CVX, MRK, ABBV",0.0,inflow,0.05,0.05
2023-09-08,ABBV,Healthcare,"Daily Dividend Report: AMAT,ABBV,VICI,ALLE,NLY",0.0,dividend,0.03,0.03
2023-09-11,ABBV,Healthcare,Why AbbVie is a Top 25 SAFE Dividend Stock (ABBV),0.6633,dividend,0.03,0.6933
2023-09-12,ABBV,Healthcare,This Proven 200% Dividend Growth Strategy Is a Peter Lynch Favorite,0.6808,dividend,0.03,0.7108
2023-09-12,ABBV,Healthcare,Is AbbVie (ABBV) a Buy as Wall Street Analysts Look Optimistic?,0.3182,buy,0.04000000000000001,0.35819999999999996
2023-09-12,ABBV,Healthcare,"High Yield, Low Beta Stocks to Buy for the Next Market Meltdown",-0.2732,buy; yield,0.034999999999999996,-0.2382
2023-09-13,ABBV,Healthcare,"""Blockbuster Status"": 3 Bios to Buy and Hold",0.5994,buy,0.04000000000000001,0.6394000000000001
2023-09-13,ABBV,Healthcare,2 Undervalued Dividend Stocks to Buy Now,0.0,buy; dividend,0.034999999999999996,0.034999999999999996
2023-09-14,ABBV,Healthcare,"Noteworthy ETF Outflows: XLV, MRK, ABBV, TMO",0.0,outflows,-0.05,-0.05
2023-09-15,ABBV,Healthcare,Should SPDR S&P Dividend ETF (SDY) Be on Your Investing Radar?,0.0,dividend,0.03,0.03
2023-09-15,ABBV,Healthcare,2 Dividend Kings to Buy on the Dip and Hold Forever,0.0,buy; dividend,0.034999999999999996,0.034999999999999996
2023-09-18,ABBV,Healthcare,Abbvie (ABBV) Declares $1.48 Dividend,0.0,dividend,0.03,0.03
2023-09-18,ABBV,Healthcare,Should You Follow Warren Buffett's Lead and Sell HPQ Stock?,0.0,sell,-0.05,-0.05
2023-09-19,ABBV,Healthcare,The Top 7 Underrated Dividend Stocks Yielding 3% or More,0.2023,dividend,0.03,0.2323
2023-09-20,ABBV,Healthcare,Should WisdomTree U.S. High Dividend ETF (DHS) Be on Your Investing Radar?,0.0,dividend,0.03,0.03
2023-09-21,ABBV,Healthcare,3 Bargain Stocks to Buy in a Market That's Priced for Perfection,0.6705,buy,0.04000000000000001,0.7105
2023-09-21,ABBV,Healthcare,Only 7 Large-Cap Dividend Kings Yield Over 3%. Here's My Top Pick to Buy Now.,0.2023,buy; dividend; yield,0.03333333333333333,0.23563333333333333
2023-09-22,ABBV,Healthcare,"Noteworthy ETF Outflows: IVW, ABBV, TMO, DHR",0.0,outflows,-0.05,-0.05
2023-09-25,ABBV,Healthcare,Argenx's 28% Surge & Promising Product Propel Investor Confidence,0.7184,surge,0.06999999999999999,0.7884
2023-09-26,ABBV,Healthcare,Clorox Pullback Presents a Chance to Clean Up on a 3.6% Dividend,0.5719,dividend,0.03,0.6019
2023-09-28,ABBV,Healthcare,Is It Worth Investing in AbbVie (ABBV) Based on Wall Street's Bullish Views?,0.2263,bullish,0.09000000000000001,0.3163
2023-09-29,ABBV,Healthcare,"Want $500 in Passive Income? Invest $3,500 Into These 3 Dividend Stocks and Wait 4 Years",0.2732,dividend,0.03,0.3032
2023-09-29,ABBV,Healthcare,Is WisdomTree U.S. High Dividend ETF (DHS) a Strong ETF Right Now?,0.5106,dividend,0.03,0.5406000000000001
2023-10-02,ABBV,Healthcare,Moonshot Medicine: 3 Stocks to Buy to Bet on Long-Shot Drugs,0.0,buy,0.04000000000000001,0.04000000000000001
2023-10-02,ABBV,Healthcare,3 Magnificent Dividend Stocks to Buy in October,0.5994,buy; dividend,0.034999999999999996,0.6344000000000001
2023-10-02,ABBV,Healthcare,These Market Experts See a Downturn Coming: 2 Defensive Index Funds That Are Proven Moneymakers to Buy Now,0.0258,buy,0.04000000000000001,0.06580000000000001
2023-10-02,ABBV,Healthcare,"SPHQ, V, ABBV, MRK: Large Inflows Detected at ETF",0.0,inflows,0.05,0.05
2023-10-02,ABBV,Healthcare,3 Top Stocks to Buy in October and Hold Forever,0.2023,buy,0.04000000000000001,0.24230000000000002
2023-10-03,ABBV,Healthcare,5 Dividend Growth Stocks With Upside To Analyst Targets,0.3818,dividend,0.03,0.41179999999999994
2023-10-04,ABBV,Healthcare,7 Top Healthcare Stocks That Pay Dividends,0.1027,dividends,0.03,0.13269999999999998
2023-10-04,ABBV,Healthcare,3 High-Yielding Dividend Growth Stocks That Have Increased Their Payouts by 50% in 5 Years,0.5719,dividend,0.03,0.6019
2023-10-05,ABBV,Healthcare,Retirement Royalty: 3 Dividend Aristocrats for a Steady Income Stream,0.0,dividend,0.03,0.03
2023-10-06,ABBV,Healthcare,Pharma Stock Roundup: LLY Offers to Buy POINT Biopharma & Other Updates,0.0,buy,0.04000000000000001,0.04000000000000001
2023-10-06,ABBV,Healthcare,Should You Load Up On This 1 Dividend Stock?,0.0,dividend,0.03,0.03
2023-10-06,ABBV,Healthcare,AbbVie (ABBV) Buys Parkinson's Disease Treatment Maker,0.0,buys,0.04000000000000001,0.04000000000000001
2023-10-09,ABBV,Healthcare,2 Magnificent Dividend Stocks to Buy Hand Over Fist in October,0.7964,buy; dividend,0.034999999999999996,0.8314
2023-10-09,ABBV,Healthcare,GCOW: An ETF for Dividend and Free Cash Flow Lovers,0.7717,dividend,0.03,0.8017000000000001
2023-10-10,ABBV,Healthcare,3 Dividend Kings Every Investor Should Own to Survive a Market Crash,-0.4019,dividend,0.03,-0.3719
2023-10-11,ABBV,Healthcare,3 Absurdly Cheap Dividend Stocks to Buy and Hold for Years,0.0,buy; dividend,0.034999999999999996,0.034999999999999996
2023-10-11,ABBV,Healthcare,"XLV, ABBV, TMO, PFE: Large Outflows Detected at ETF",0.0,outflows,-0.05,-0.05
2023-10-13,ABBV,Healthcare,"ABBV Stock: Buy for the Yield, Hold for This Other Reason",0.0,buy; yield,0.034999999999999996,0.034999999999999996
2023-10-17,ABBV,Healthcare,Is ProShares S&P 500 Dividend Aristocrats ETF (NOBL) a Strong ETF Right Now?,0.5106,dividend,0.03,0.5406000000000001
2023-10-17,ABBV,Healthcare,3 Supercharged Dividend Stocks to Buy if There's a Stock Market Sell-Off,0.0,buy; dividend,0.034999999999999996,0.034999999999999996
2023-10-19,ABBV,Healthcare,Is Johnson & Johnson Still a Good Dividend Stock to Buy?,0.4404,buy; dividend,0.034999999999999996,0.4754
2023-10-19,ABBV,Healthcare,"Noteworthy ETF Inflows: IWY, TSLA, LLY, ABBV",0.0,inflows,0.05,0.05
2023-10-19,ABBV,Healthcare,7 Dividend Aristocrats to Batten Down the Hatches,0.0,dividend,0.03,0.03
2023-10-20,ABBV,Healthcare,7 Dividend Stocks to Buy and Hold Forever and Ever,0.0,buy; dividend,0.034999999999999996,0.034999999999999996
2023-10-20,ABBV,Healthcare,Earnings Preview: AbbVie (ABBV) Q3 Earnings Expected to Decline,0.0,decline,-0.05,-0.05
2023-10-24,ABBV,Healthcare,Earnings Preview: Pfizer (PFE) Q3 Earnings Expected to Decline,0.0,decline,-0.05,-0.05
2023-10-24,ABBV,Healthcare,3 Biotech Stocks With Decent Dividend for a Steady Return,0.0,dividend,0.03,0.03
2023-10-26,ABBV,Healthcare,"Got $1,000? These 2 Stocks Could Be Bargain Buys for 2023 and Beyond",0.2023,buys,0.04000000000000001,0.24230000000000002
2023-10-26,ABBV,Healthcare,Invest in Dividend Aristocrat Stocks with the NOBL ETF,0.0,dividend,0.03,0.03
2023-10-27,ABBV,Healthcare,AbbVie (ABBV) Q3 Earnings and Revenues Beat Estimates,0.0,beat,0.09000000000000001,0.09000000000000001
2023-10-27,ABBV,Healthcare,"AbbVie (ABBV) Q3 Earnings Beat, Shares Down Despite Raised View",0.296,beat; raised,0.07500000000000001,0.371
2023-10-27,ABBV,Healthcare,"IWY, TSLA, LLY, ABBV: ETF Inflow Alert",0.296,inflow,0.05,0.346
2023-10-27,ABBV,Healthcare,"AbbVie raises profit forecast after Humira, newer drugs drive results beat",0.4404,beat; raises,0.08000000000000002,0.5204
2023-10-27,ABBV,Healthcare,AbbVie Raises 2023 Adj. EPS Guidance; Announces 2024 Dividend Increase,0.3182,dividend; raises,0.05,0.36819999999999997
2023-10-30,ABBV,Healthcare,2 No-Brainer Dividend Stocks to Buy This Week,0.0,buy; dividend,0.034999999999999996,0.034999999999999996
2023-10-30,ABBV,Healthcare,Should First Trust Morningstar Dividend Leaders ETF (FDL) Be on Your Investing Radar?,0.5106,dividend,0.03,0.5406000000000001
2023-10-31,ABBV,Healthcare,Is AbbVie Still a Good Dividend Stock to Buy?,0.4404,buy; dividend,0.034999999999999996,0.4754
2023-10-31,ABBV,Healthcare,5 Solid Stocks to Watch That Recently Hiked Dividends,0.1531,dividends,0.03,0.1831
2023-10-31,ABBV,Healthcare,"Amgen (AMGN) Beats on Q3 Earnings Beat, Lags Sales, Ups View",-0.3612,beat; beats,0.09000000000000001,-0.2712
2023-11-01,ABBV,Healthcare,Pfizer Posted a Steep Loss. Is It Time to Sell?,-0.3182,sell,-0.05,-0.36819999999999997
2023-11-02,ABBV,Healthcare,These 2 Medical Stocks Could Beat Earnings: Why They Should Be on Your Radar,0.0,beat,0.09000000000000001,0.09000000000000001
2023-11-02,ABBV,Healthcare,Cigna raises 2023 profit forecast on lower medical costs,0.1779,raises,0.06999999999999999,0.2479
2023-11-02,ABBV,Healthcare,3 Dividend Stocks That Are Investor Safe Havens,0.4404,dividend,0.03,0.47040000000000004
2023-11-03,ABBV,Healthcare,5 Dividend Growth Stocks With Upside To Analyst Targets,0.3818,dividend,0.03,0.41179999999999994
2023-11-03,ABBV,Healthcare,Is AbbVie Stock a Buy Now?,0.0,buy,0.04000000000000001,0.04000000000000001
2023-11-06,ABBV,Healthcare,3 Spectacular High-Yield Dividend Stocks to Buy in November,0.0,buy; dividend,0.034999999999999996,0.034999999999999996
2023-11-06,ABBV,Healthcare,Is SPDR S&P Dividend ETF (SDY) a Strong ETF Right Now?,0.5106,dividend,0.03,0.5406000000000001
2023-11-06,ABBV,Healthcare,"Noteworthy ETF Inflows: VONG, ABBV, PEP, CRM",0.0,inflows,0.05,0.05
2023-11-07,ABBV,Healthcare,3 Dividend Stocks That Are Perfect for Beginning Investors,0.5719,dividend,0.03,0.6019
2023-11-10,ABBV,Healthcare,AbbVie's $21 Billion Drug Humira Is on the Decline. Should You Still Buy This Dividend Stock?,0.0,buy; decline; dividend,0.006666666666666667,0.006666666666666667
2023-11-14,ABBV,Healthcare,2 High-Yield Dividend Stocks You Can Buy Now and Hold for a Decade,0.0,buy; dividend,0.034999999999999996,0.034999999999999996
2023-11-14,ABBV,Healthcare,3 Dividend Giants to Grow Wealth no Matter What the Market Is Doing,0.2732,dividend,0.03,0.3032
2023-11-14,ABBV,Healthcare,7 Dividend Stocks Every Investor Should Own to Survive a Market Crash,-0.4019,dividend,0.03,-0.3719
2023-11-15,ABBV,Healthcare,iShares Russell 1000 Growth ETF Experiences Big Inflow,0.3818,inflow,0.05,0.43179999999999996
2023-11-16,ABBV,Healthcare,Should SPDR S&P Dividend ETF (SDY) Be on Your Investing Radar?,0.0,dividend,0.03,0.03
2023-11-16,ABBV,Healthcare,AbbVie and Pfizer Have 1 Thing in Common: Their Biggest Products Are on the Decline. Time to Sell?,0.0,decline; sell,-0.05,-0.05
2023-11-21,ABBV,Healthcare,ABBV vs. LLY: Which Stock Should Value Investors Buy Now?,0.34,buy,0.04000000000000001,0.38
2023-11-21,ABBV,Healthcare,Should You Invest in AbbVie (ABBV) Based on Bullish Wall Street Views?,0.0,bullish,0.09000000000000001,0.09000000000000001
2023-11-21,ABBV,Healthcare,Ignore Eli Lilly. These 2 Stocks Are Better Buys Right Now,0.1027,buys,0.04000000000000001,0.1427
2023-11-24,ABBV,Healthcare,Dual Powerhouses: 7 Dividend Stocks Marrying High Yield With High Growth,0.3818,dividend; yield,0.03,0.41179999999999994
2023-11-24,ABBV,Healthcare,Should WisdomTree U.S. High Dividend ETF (DHS) Be on Your Investing Radar?,0.0,dividend,0.03,0.03
2023-11-27,ABBV,Healthcare,3 Fantastic Dividend Stocks to Buy Sooner Rather Than Later,0.5574,buy; dividend,0.034999999999999996,0.5924
2023-11-28,ABBV,Healthcare,3 Defensive Dividend Stocks to Protect Your Portfolio,0.4019,dividend,0.03,0.43189999999999995
2023-11-30,ABBV,Healthcare,AbbVie to buy ImmunoGen for $10.1 billion to boost cancer drug portfolio,-0.4019,buy,0.04000000000000001,-0.3619
2023-11-30,ABBV,Healthcare,AbbVie Should Consider a Dividend Cut -- Here's Why,-0.2732,dividend,0.03,-0.2432
2023-12-01,ABBV,Healthcare,"Pharma Stock Roundup: ABBV to Buy Immunogen, NVS Ups Mid-Term Sales View & More",0.0,buy,0.04000000000000001,0.04000000000000001
2023-12-04,ABBV,Healthcare,5 S&P 500 Stocks That Pay a Generous Dividend,0.4404,dividend,0.03,0.47040000000000004
2023-12-04,ABBV,Healthcare,2 Dividend Stocks to Buy and Hold Forever,0.0,buy; dividend,0.034999999999999996,0.034999999999999996
2023-12-04,ABBV,Healthcare,"SPLG, HD, COST, ABBV: ETF Inflow Alert",0.296,inflow,0.05,0.346
2023-12-06,ABBV,Healthcare,7 High-Dividend Stocks to Buy for a Lifetime of Passive Income,0.2023,buy,0.04000000000000001,0.24230000000000002
2023-12-06,ABBV,Healthcare,Is WisdomTree U.S. High Dividend ETF (DHS) a Strong ETF Right Now?,0.5106,dividend,0.03,0.5406000000000001
2023-12-06,ABBV,Healthcare,AbbVie to buy drug developer Cerevel for $8.7 billion,0.0,buy,0.04000000000000001,0.04000000000000001
2023-12-07,ABBV,Healthcare,Looking for Dividend Growth in the New Year? 3 Magnificent Stocks to Buy Now.,0.7579,buy; dividend,0.034999999999999996,0.7929
2023-12-07,ABBV,Healthcare,AbbVie to focus on smaller deals after buying spree,0.0,buying,0.04000000000000001,0.04000000000000001
2023-12-07,ABBV,Healthcare,Is AbbVie Stock a Buy Now?,0.0,buy,0.04000000000000001,0.04000000000000001
2023-12-08,ABBV,Healthcare,3 High-Yielding Dividend Stocks That Are Near Their 52-Week Lows,-0.2023,dividend,0.03,-0.1723
2023-12-08,ABBV,Healthcare,"Pharma Stock Roundup: ABBV to Buy CERE, JNJ's 2024 View, LLY & NVS Get FDA Nod",0.0,buy,0.04000000000000001,0.04000000000000001
2023-12-11,ABBV,Healthcare,Better Dividend Stock: AbbVie vs. Medical Properties Trust,0.7351,dividend,0.03,0.7651
2023-12-11,ABBV,Healthcare,4 Top Dividend Stocks Yielding More Than 4% to Buy Hand-Over-Fist This December,0.2023,buy; dividend,0.034999999999999996,0.2373
2023-12-11,ABBV,Healthcare,The 3 Best Cheap Stocks to Buy in December,0.6369,buy,0.04000000000000001,0.6769000000000001
2023-12-11,ABBV,Healthcare,AbbVie Just Announced 2 Big Acquisitions: Is This Dividend King a No-Brainer Buy Right Now?,0.0,buy; dividend,0.034999999999999996,0.034999999999999996
2023-12-14,ABBV,Healthcare,3 Fantastic Stocks That Could Enjoy a Santa Claus Rally,0.7783,rally,0.06999999999999999,0.8482999999999999
2023-12-18,ABBV,Healthcare,3 of the Most Attractive Dividend Stocks in the Pharma Space,0.4927,dividend,0.03,0.5227
2023-12-18,ABBV,Healthcare,3 Biotech Stocks Most Wall Street Analysts Are Bullish About,0.0,bullish,0.09000000000000001,0.09000000000000001
2023-12-18,ABBV,Healthcare,Is ProShares S&P 500 Dividend Aristocrats ETF (NOBL) a Strong ETF Right Now?,0.5106,dividend,0.03,0.5406000000000001
2020-01-03,ABT,Healthcare,SPDR Portfolio S&P 500 Growth ETF Experiences Big Outflow,0.3818,outflow,-0.05,0.3318
2020-01-07,ABT,Healthcare,3 Top Medical Device Stocks to Buy in January,0.2023,buy,0.04000000000000001,0.24230000000000002
2020-01-13,ABT,Healthcare,"Notable ETF Inflow Detected - IHI, ABT, DHR, SYK",0.0,inflow,0.05,0.05
2020-01-13,ABT,Healthcare,5 Dividend Aristocrats Where Analysts See Capital Gains,0.34,dividend,0.03,0.37
2020-01-21,ABT,Healthcare,Better Buy: Abbott Laboratories vs. AbbVie,0.4404,buy,0.04000000000000001,0.48040000000000005
2020-01-21,ABT,Healthcare,"VIG, CMCSA, ABT, COST: ETF Inflow Alert",0.296,inflow,0.05,0.346
2020-01-22,ABT,Healthcare,Abbott Laboratories Beats Revenue Expectations With Balanced Growth,0.3818,beats,0.09000000000000001,0.4718
2020-01-27,ABT,Healthcare,Better Buy: DexCom vs. Abbott Laboratories,0.4404,buy,0.04000000000000001,0.48040000000000005
2020-01-28,ABT,Healthcare,3 Dividend Stocks Perfect for Retirees,0.5719,dividend,0.03,0.6019
2020-02-03,ABT,Healthcare,Why Abbott Laboratories Just Became an Even Better Buy,0.4404,buy,0.04000000000000001,0.48040000000000005
2020-02-05,ABT,Healthcare,"Noteworthy ETF Outflows: IWB, WMT, ABT, BMY",0.0,outflows,-0.05,-0.05
2020-02-12,ABT,Healthcare,AbbVie Is a Dividend Growth Stock at a Bargain Price,0.5267,dividend,0.03,0.5567
2020-02-13,ABT,Healthcare,Better Buy: Abbott Laboratories vs. Novo Nordisk,0.4404,buy,0.04000000000000001,0.48040000000000005
2020-02-13,ABT,Healthcare,"Notable ETF Inflow Detected - IHI, ABT, DHR, SYK",0.0,inflow,0.05,0.05
2020-02-18,ABT,Healthcare,Better Buy: AbbVie vs. Gilead Sciences,0.4404,buy,0.04000000000000001,0.48040000000000005
2020-02-19,ABT,Healthcare,Is DexCom's Stock a Buy?,0.0,buy,0.04000000000000001,0.04000000000000001
2020-02-21,ABT,Healthcare,"IWB, ABT, AMGN, LIN: Large Outflows Detected at ETF",0.0,outflows,-0.05,-0.05
2020-02-25,ABT,Healthcare,3 Value Stocks to Buy if the Stock Market Implodes,0.34,buy,0.04000000000000001,0.38
2020-02-26,ABT,Healthcare,Better Buy: Exact Sciences vs. Bio-Rad Laboratories,0.4404,buy,0.04000000000000001,0.48040000000000005
2020-02-27,ABT,Healthcare,"Mylan Q4 Beats on Sales, Misses on EPS",-0.2263,beats,0.09000000000000001,-0.13629999999999998
2020-02-28,ABT,Healthcare,Validea Peter Lynch Strategy Daily Upgrade Report - 2/28/2020,0.0,upgrade,0.09000000000000001,0.09000000000000001
2020-03-02,ABT,Healthcare,The Best Dividend Aristocrat You Can Buy Right Now,0.6369,buy; dividend,0.034999999999999996,0.6719
2020-03-02,ABT,Healthcare,"Notable ETF Outflow Detected - IWB, CVX, MCD, ABT",0.0,outflow,-0.05,-0.05
2020-03-09,ABT,Healthcare,5 High-Yield Dividend Stocks to Watch in the Coronavirus Sell-Off,0.0,dividend,0.03,0.03
2020-03-12,ABT,Healthcare,iShares MSCI World ETF Experiences Big Inflow,0.0,inflow,0.05,0.05
2020-03-12,ABT,Healthcare,Validea Peter Lynch Strategy Daily Upgrade Report - 3/12/2020,0.0,upgrade,0.09000000000000001,0.09000000000000001
2020-03-20,ABT,Healthcare,"Notable ETF Inflow Detected - OEF, ABT, CVX, MCD",0.0,inflow,0.05,0.05
2020-03-20,ABT,Healthcare,3 Dividend Stocks Ideal for Retirees With Money To Invest In The Bear Market,0.5267,dividend,0.03,0.5567
2020-03-23,ABT,Healthcare,You Won't Regret Buying These 3 Bargain Stocks,0.4822,buying,0.04000000000000001,0.5222
2020-03-23,ABT,Healthcare,These 3 Dividend Stocks Are Now Yielding Up to 20%,0.0,dividend,0.03,0.03
2020-03-24,ABT,Healthcare,Better Buy: AbbVie vs. Biogen,0.4404,buy,0.04000000000000001,0.48040000000000005
2020-03-25,ABT,Healthcare,ABT a Top 25 Dividend Giant With $10.86B Held By ETFs,0.2023,dividend,0.03,0.2323
2020-03-31,ABT,Healthcare,Is Abbott Labs Stock a Screaming Buy Because of Its Game-Changing COVID-19 Test?,-0.3818,buy,0.04000000000000001,-0.3418
2020-04-01,ABT,Healthcare,"OEF, COST, ABT, BMY: ETF Inflow Alert",0.296,inflow,0.05,0.346
2020-04-01,ABT,Healthcare,"Got $5,000 to Invest? 3 Great Medical Device Stocks to Buy Right Now",0.6249,buy,0.04000000000000001,0.6649
2020-04-06,ABT,Healthcare,30 Top Stocks and Funds to Beat the COVID-19 Bear Market,0.2023,beat,0.09000000000000001,0.2923
2020-04-09,ABT,Healthcare,iShares S&P 100 ETF Experiences Big Inflow,0.0,inflow,0.05,0.05
2020-04-13,ABT,Healthcare,Is Ecolab Stock a Buy?,0.0,buy,0.04000000000000001,0.04000000000000001
2020-04-13,ABT,Healthcare,3 Top Pharma Stocks to Buy in April,0.2023,buy,0.04000000000000001,0.24230000000000002
2020-04-16,ABT,Healthcare,Abbott Labs Soars After Pandemic Buying Boosts Results,0.3182,buying,0.04000000000000001,0.35819999999999996
2020-04-16,ABT,Healthcare,"Abbott beats quarterly profit, but pulls forecast on coronavirus concerns",0.2382,beats,0.09000000000000001,0.3282
2020-04-16,ABT,Healthcare,How Safe Are AbbVie Stock and Its Dividend?,0.4404,dividend,0.03,0.47040000000000004
2020-04-16,ABT,Healthcare,Abbott Laboratories Q1 adjusted earnings Beat Estimates,0.0,beat,0.09000000000000001,0.09000000000000001
2020-04-16,ABT,Healthcare,5 Dividend Aristocrats Where Analysts See Capital Gains,0.34,dividend,0.03,0.37
2020-04-17,ABT,Healthcare,"ITOT, ABT, COST, AMGN: ETF Outflow Alert",0.296,outflow,-0.05,0.246
2020-04-21,ABT,Healthcare,3 Dividend Stocks I'd Buy Right Now,0.0,buy; dividend,0.034999999999999996,0.034999999999999996
2020-04-22,ABT,Healthcare,"Abbot Laboratories: COVID-19 Tests Will Drive Further Growth, 5-Star Analyst Raises Price Target",0.3818,raises,0.06999999999999999,0.4518
2020-04-23,ABT,Healthcare,3 Dividend Stocks Weathering the Coronavirus Storm,0.0,dividend,0.03,0.03
2020-04-23,ABT,Healthcare,Better Buy: AbbVie vs. Gilead Sciences,0.4404,buy,0.04000000000000001,0.48040000000000005
2020-04-23,ABT,Healthcare,Thinking About Buying Coronavirus Stocks? Answer This Question First,0.0,buying,0.04000000000000001,0.04000000000000001
2020-04-27,ABT,Healthcare,3 Coronavirus Stocks to Buy Now,0.0,buy,0.04000000000000001,0.04000000000000001
2020-04-28,ABT,Healthcare,3 Dividend Stocks Yielding More Than 5% That Are Safe Buys Right Now,0.4404,buys; dividend,0.034999999999999996,0.4754
2020-04-30,ABT,Healthcare,"Have $3,000 to Invest? Here Are 3 Top Coronavirus Stocks to Buy Right Now.",0.2023,buy,0.04000000000000001,0.24230000000000002
2020-05-06,ABT,Healthcare,3 Dividend Stocks Perfect for Retirees,0.5719,dividend,0.03,0.6019
2020-05-06,ABT,Healthcare,3 Best-Performing Dividend Aristocrats of 2020 So Far,0.0,dividend,0.03,0.03
2020-05-11,ABT,Healthcare,Don’t Buy Into the Bitcoin Halvening Hype,0.0,buy,0.04000000000000001,0.04000000000000001
2020-05-14,ABT,Healthcare,"ITOT, ABT, LLY, AMT: ETF Outflow Alert",0.296,outflow,-0.05,0.246
2020-05-19,ABT,Healthcare,Is Abbott Labs Stock a Buy After Its COVID-19 Test Controversy?,0.0,buy,0.04000000000000001,0.04000000000000001
2020-05-19,ABT,Healthcare,5 Dividend Growth Stocks With Upside To Analyst Targets,0.3818,dividend,0.03,0.41179999999999994
2020-05-22,ABT,Healthcare,"Notable ETF Inflow Detected - ACWI, JNJ, JPM, ABT",0.0,inflow,0.05,0.05
2020-05-26,ABT,Healthcare,3 Large-Cap Coronavirus Stocks Still Worth Buying,0.2263,buying,0.04000000000000001,0.2663
2020-06-01,ABT,Healthcare,Quidel Stock Is Up 130% This Year: Is This Coronavirus Stock Still a Hot Buy?,0.0,buy,0.04000000000000001,0.04000000000000001
2020-06-01,ABT,Healthcare,"Notable ETF Inflow Detected - IHI, ABT, ISRG, SYK",0.0,inflow,0.05,0.05
2020-06-02,ABT,Healthcare,3 Stocks With Dividends Yielding More Than 3%,0.0,dividends,0.03,0.03
2020-06-02,ABT,Healthcare,Should You Sell Abbott Laboratories Stock?,0.0,sell,-0.05,-0.05
2020-06-04,ABT,Healthcare,3 Dividend Stocks to Bankroll Your Retirement,0.0,dividend,0.03,0.03
2020-06-08,ABT,Healthcare,3 Top Coronavirus Stocks to Buy in June,0.2023,buy,0.04000000000000001,0.24230000000000002
2020-06-08,ABT,Healthcare,Better Buy: AbbVie vs. Johnson & Johnson,0.4404,buy,0.04000000000000001,0.48040000000000005
2020-06-12,ABT,Healthcare,"Daily Dividend Report: ABT,BMY,CL,AMAT,PKI",0.0,dividend,0.03,0.03
2020-06-15,ABT,Healthcare,3 Top Dividend Stocks to Buy Right Now,0.2023,buy; dividend,0.034999999999999996,0.2373
2020-06-15,ABT,Healthcare,Is Thermo Fisher Scientific a Buy?,0.0,buy,0.04000000000000001,0.04000000000000001
2020-06-17,ABT,Healthcare,"Notable ETF Inflow Detected - VHT, ABT, DHR, CI",0.0,inflow,0.05,0.05
2020-06-18,ABT,Healthcare,5 Dividend Growth Stocks With Upside To Analyst Targets,0.3818,dividend,0.03,0.41179999999999994
2020-06-22,ABT,Healthcare,The 3 Best Coronavirus Stocks to Buy for Long-Term Investors,0.6369,buy,0.04000000000000001,0.6769000000000001
2020-06-25,ABT,Healthcare,"CRBN, CMCSA, SLB, ABT: ETF Outflow Alert",0.296,outflow,-0.05,0.246
2020-06-29,ABT,Healthcare,3 Top Pharma Stocks to Buy in a Recession,-0.25,buy,0.04000000000000001,-0.21
2020-07-06,ABT,Healthcare,5 High-Yield Dividend Stocks to Watch,0.0,dividend,0.03,0.03
2020-07-06,ABT,Healthcare,Should Quidel Be Your Next Coronavirus Buy?,0.0,buy,0.04000000000000001,0.04000000000000001
2020-07-06,ABT,Healthcare,"Got $5,000? Buy These 3 High-Yield Dividend Stocks That Are Money Machines",0.0,buy; dividend,0.034999999999999996,0.034999999999999996
2020-07-07,ABT,Healthcare,3 Best-Performing Dividend Aristocrats in the First Half of 2020: Are They Buys Now?,0.0,buys; dividend,0.034999999999999996,0.034999999999999996
2020-07-13,ABT,Healthcare,"Have $5,000? 3 Coronavirus Stocks You Can Buy in July Without Losing Any Sleep",0.2924,buy,0.04000000000000001,0.33240000000000003
2020-07-16,ABT,Healthcare,"Abbott Laboratories Beats on Q2 Estimates, But Stock Slides",0.0,beats,0.09000000000000001,0.09000000000000001
2020-07-16,ABT,Healthcare,Abbott quarterly profit beats as COVID-19 tests cushion virus impact,0.4404,beats,0.09000000000000001,0.5304
2020-07-16,ABT,Healthcare,Abbott quarterly profit plunges as COVID-19 batters medical device unit,0.4404,plunges,-0.09000000000000001,0.3504
2020-07-16,ABT,Healthcare,Abbott Laboratories Q2 adjusted earnings Beat Estimates,0.0,beat,0.09000000000000001,0.09000000000000001
2020-07-16,ABT,Healthcare,"ITOT, ABT, CL, MS: Large Outflows Detected at ETF",0.0,outflows,-0.05,-0.05
2020-07-21,ABT,Healthcare,"Have $2,000? Consider Buying These 2 Top Coronavirus Stocks",0.2023,buying,0.04000000000000001,0.24230000000000002
2020-07-22,ABT,Healthcare,Is AbbVie a Great Dividend Stock?,0.6249,dividend,0.03,0.6549
2020-07-23,ABT,Healthcare,5 Dividend Aristocrats Where Analysts See Capital Gains,0.34,dividend,0.03,0.37
2020-07-24,ABT,Healthcare,"Noteworthy ETF Inflows: IHI, ABT, EW, BAX",0.0,inflows,0.05,0.05
2020-07-27,ABT,Healthcare,2 Market-Beating Dividend Stocks With Above-Average Payouts,0.0,dividend,0.03,0.03
2020-07-27,ABT,Healthcare,Here's the Least Risky Solid-Growth Coronavirus Stock to Buy Right Now,0.1511,buy,0.04000000000000001,0.19110000000000002
2020-07-28,ABT,Healthcare,3 Rock-Solid Healthcare Stocks to Buy in a Market Crash,-0.4019,buy,0.04000000000000001,-0.3619
2020-08-03,ABT,Healthcare,"IHI, ABT, BDX, BSX: Large Inflows Detected at ETF",0.0,inflows,0.05,0.05
2020-08-04,ABT,Healthcare,3 Key Questions to Answer Before Buying Sorrento Therapeutics Stock,0.0,buying,0.04000000000000001,0.04000000000000001
2020-08-11,ABT,Healthcare,"SPYG, FB, ABT, AMD: Large Inflows Detected at ETF",0.0,inflows,0.05,0.05
2020-08-17,ABT,Healthcare,3 Dividend Stocks Yielding More Than 4% That Are Safe Buys Right Now,0.4404,buys; dividend,0.034999999999999996,0.4754
2020-08-19,ABT,Healthcare,"SPYG, ABT, AMD, PEP: ETF Outflow Alert",0.296,outflow,-0.05,0.246
2020-08-24,ABT,Healthcare,3 Stocks to Buy Ahead of a Potential Second Wave of Coronavirus,0.0,buy,0.04000000000000001,0.04000000000000001
2020-08-24,ABT,Healthcare,The 4 Best Dividend Aristocrats to Buy Now,0.6369,buy; dividend,0.034999999999999996,0.6719
2020-08-25,ABT,Healthcare,"Medtronic signals recovery in procedure volumes, profit plunges",0.4404,plunges,-0.09000000000000001,0.3504
2020-08-27,ABT,Healthcare,iShares S&P 500 Growth ETF Experiences Big Outflow,0.3818,outflow,-0.05,0.3318
2020-08-27,ABT,Healthcare,"GLOBAL MARKETS-Treasury yields, dollar gain after Fed's historic policy shift",0.5267,yields,0.03,0.5567
2020-08-27,ABT,Healthcare,"S&P 500 Airline Stocks, Cruise Stocks Surge on Abbott Labs FDA Approval, Federal Reserve Policy Change",0.4767,surge,0.06999999999999999,0.5467
2020-08-31,ABT,Healthcare,"Sorrento’s Covid-19 Test, Acquisitions Should Help SRNE Stock Surge",0.4019,surge,0.06999999999999999,0.4719
2020-09-01,ABT,Healthcare,"Forget Johnson & Johnson, AbbVie Is a Better Dividend Stock",0.25,dividend,0.03,0.28
2020-09-01,ABT,Healthcare,Carnival Stock Could Rebound Significantly Once a Vaccine Arrives,0.0,rebound,0.05,0.05
2020-09-04,ABT,Healthcare,"IVW, ABT, AMD, ACN: Large Outflows Detected at ETF",0.0,outflows,-0.05,-0.05
2020-09-04,ABT,Healthcare,Like Dividends? I Bet You'll Love These 2 Stocks,0.7717,dividends,0.03,0.8017000000000001
2020-09-08,ABT,Healthcare,3 Top Coronavirus Stocks to Buy in September,0.2023,buy,0.04000000000000001,0.24230000000000002
2020-09-11,ABT,Healthcare,Dividend Aristocrat AbbVie Declares Its Latest Payout; Yield Is 5.3%,0.0,dividend; yield,0.03,0.03
2020-09-11,ABT,Healthcare,2 Top Dividend Stocks to Buy in a Stock Market Crash,-0.2263,buy; dividend,0.034999999999999996,-0.1913
2020-09-14,ABT,Healthcare,3 Rock-Solid Dividend Stocks That You Can Buy and Hold Forever,0.0,buy; dividend,0.034999999999999996,0.034999999999999996
2020-09-14,ABT,Healthcare,Thermo Fisher Is a Buy Despite Recent Setbacks,0.0,buy,0.04000000000000001,0.04000000000000001
2020-09-17,ABT,Healthcare,Is The Rally Over For DexCom Near $400?,0.0,rally,0.06999999999999999,0.06999999999999999
2020-09-18,ABT,Healthcare,Is Co-Diagnostics Stock a Buy?,0.0,buy,0.04000000000000001,0.04000000000000001
2020-09-18,ABT,Healthcare,3 Dividend Stocks Perfect for Retirees,0.5719,dividend,0.03,0.6019
2020-09-21,ABT,Healthcare,Is The Rally Over For Abbott Stock?,0.0,rally,0.06999999999999999,0.06999999999999999
2020-09-23,ABT,Healthcare,3 Safe Coronavirus Stocks to Buy Ahead of a Market Crash,0.0516,buy,0.04000000000000001,0.09160000000000001
2020-09-25,ABT,Healthcare,3 Dividend Aristocrats to Buy and Hold Forever,0.0,buy; dividend,0.034999999999999996,0.034999999999999996
2020-10-01,ABT,Healthcare,Owens & Minor Stock Up 4x This Year But The Rally Is Not Over Yet,0.0,rally,0.06999999999999999,0.06999999999999999
2020-10-05,ABT,Healthcare,3 Strong Dividend Stocks That Should Beat the Market Over the Long Run,0.5106,beat; dividend,0.06,0.5706
2020-10-05,ABT,Healthcare,Is Abbott Laboratories Stock a Buy?,0.0,buy,0.04000000000000001,0.04000000000000001
2020-10-05,ABT,Healthcare,2 Top Coronavirus Stocks to Buy Right Now,0.2023,buy,0.04000000000000001,0.24230000000000002
2020-10-06,ABT,Healthcare,Abbott Labs to Sell 20.5 Million COVID-19 Antigen Tests to Canadian Government,0.0,sell,-0.05,-0.05
2020-10-08,ABT,Healthcare,3 Safe Stocks to Buy in a Not-So-Safe Market,0.4404,buy,0.04000000000000001,0.48040000000000005
2020-10-12,ABT,Healthcare,"Have $1,000? This Is the Best Coronavirus Stock to Buy in October",0.6369,buy,0.04000000000000001,0.6769000000000001
2020-10-12,ABT,Healthcare,3 Top Coronavirus Stocks to Buy in October,0.2023,buy,0.04000000000000001,0.24230000000000002
2020-10-14,ABT,Healthcare,Better Buy: AbbVie vs. Johnson & Johnson,0.4404,buy,0.04000000000000001,0.48040000000000005
2020-10-19,ABT,Healthcare,3 Stay-at-Home Stocks to Buy If You're Worried About More Shutdowns,-0.296,buy,0.04000000000000001,-0.256
2020-10-19,ABT,Healthcare,3 Dividend Stocks I'd Buy Right Now,0.0,buy; dividend,0.034999999999999996,0.034999999999999996
2020-10-21,ABT,Healthcare,Abbott Laboratories Q3 adjusted earnings Beat Estimates,0.0,beat,0.09000000000000001,0.09000000000000001
2020-10-21,ABT,Healthcare,Abbott raises annual profit view as COVID-19 tests power growth,0.6705,raises,0.06999999999999999,0.7404999999999999
2020-10-22,ABT,Healthcare,2 Stocks to Buy as the Third Coronavirus Wave Hits,0.0,buy,0.04000000000000001,0.04000000000000001
2020-10-26,ABT,Healthcare,3 No-Brainer Dividend Stocks to Buy Right Now,0.0,buy; dividend,0.034999999999999996,0.034999999999999996
2020-10-29,ABT,Healthcare,2 Healthcare Dividend Stocks to Buy No Matter Who Wins the Election,0.3818,buy; dividend,0.034999999999999996,0.41679999999999995
2020-10-30,ABT,Healthcare,2 No-Brainer Stocks to Buy In The Next Market Crash,-0.4019,buy,0.04000000000000001,-0.3619
2020-10-30,ABT,Healthcare,Hologic Stock Is Up 145% Off The Recent Bottom But The Rally May Continue,0.0,rally,0.06999999999999999,0.06999999999999999
2020-11-02,ABT,Healthcare,This Stock Is a Buy No Matter Who Wins the Election,0.3818,buy,0.04000000000000001,0.42179999999999995
2020-11-02,ABT,Healthcare,3 Dividend Stocks to Supplement Your Social Security,0.34,dividend,0.03,0.37
2020-11-02,ABT,Healthcare,3 Top Stocks With High Dividend Yields,0.2023,dividend; yields,0.03,0.2323
2020-11-05,ABT,Healthcare,Becton Dickinson beats profit estimates on strong demand for COVID-19 tests,0.6908,beats,0.09000000000000001,0.7807999999999999
2020-11-06,ABT,Healthcare,3 Stocks to Buy and Hold for Decades,0.0,buy,0.04000000000000001,0.04000000000000001
2020-11-06,ABT,Healthcare,"Quidel, Abbott, Quest: Testing Stocks To Watch As Covid-19 Cases Surge",0.0,surge,0.06999999999999999,0.06999999999999999
2020-11-09,ABT,Healthcare,Is Abiomed Stock a Buy?,0.0,buy,0.04000000000000001,0.04000000000000001
2020-11-10,ABT,Healthcare,5 Dividend Aristocrats Where Analysts See Capital Gains,0.34,dividend,0.03,0.37
2020-11-11,ABT,Healthcare,9 Outbreak-Fueled Stocks to Buy This Week,0.0,buy,0.04000000000000001,0.04000000000000001
2020-11-16,ABT,Healthcare,Forget Apple! Buy These 2 High-Growth Stocks Instead,-0.2942,buy,0.04000000000000001,-0.2542
2020-11-16,ABT,Healthcare,3 Top Coronavirus Stocks to Buy Right Now,0.2023,buy,0.04000000000000001,0.24230000000000002
2020-11-16,ABT,Healthcare,Forget Snowflake! Buy This Ultra-High-Growth Stock,-0.2942,buy,0.04000000000000001,-0.2542
2020-11-17,ABT,Healthcare,Better Buy: Abbott Laboratories vs. DexCom,0.4404,buy,0.04000000000000001,0.48040000000000005
2020-11-23,ABT,Healthcare,3 Top Coronavirus Stocks to Buy in November,0.2023,buy,0.04000000000000001,0.24230000000000002
2020-11-24,ABT,Healthcare,Earnings Beat On The Cards For Medtronic Stock?,0.0,beat,0.09000000000000001,0.09000000000000001
2020-11-27,ABT,Healthcare,Should You Expect A Rebound After Cardinal Health Stock's 12% Drop?,-0.2732,rebound,0.05,-0.2232
2020-12-07,ABT,Healthcare,3 Top Healthcare Stocks to Buy Right Now,0.2023,buy,0.04000000000000001,0.24230000000000002
2020-12-07,ABT,Healthcare,9 Stocks to Buy Despite the Rocky Transition,0.0,buy,0.04000000000000001,0.04000000000000001
2020-12-10,ABT,Healthcare,3 Warren Buffett Dividend Stocks You Can Buy Right Now,0.0,buy; dividend,0.034999999999999996,0.034999999999999996
2020-12-11,ABT,Healthcare,5 Dividend Growth Stocks With Upside To Analyst Targets,0.3818,dividend,0.03,0.41179999999999994
2020-12-11,ABT,Healthcare,"Daily Dividend Report: ABT,PFE,NLY,AWK,CAG",0.0,dividend,0.03,0.03
2020-12-11,ABT,Healthcare,Dividend Aristocrat Abbott Laboratories Hikes Dividend by 25%,0.0,dividend,0.03,0.03
2020-12-14,ABT,Healthcare,Abbott Ramps Up Quarterly Dividend By 25%; Street Bullish,0.0,bullish; dividend,0.06,0.06
2020-12-14,ABT,Healthcare,3 COVID Stocks That Are Screaming Buys,-0.3818,buys,0.04000000000000001,-0.3418
2020-12-15,ABT,Healthcare,This Dividend Aristocrat Just Gave Investors a Great Early Christmas Gift,0.7906,dividend,0.03,0.8206
2020-12-17,ABT,Healthcare,Abbott Wins FDA Approval For At-Home Covid-19 Test; Street Says Buy,0.7783,buy,0.04000000000000001,0.8183
2020-12-18,ABT,Healthcare,3 Stocks to Buy With Dividends Yielding More Than 3%,0.0,buy; dividends,0.034999999999999996,0.034999999999999996
2020-12-22,ABT,Healthcare,"Got $1,000? 3 Smart Stocks to Buy Right Now",0.4019,buy,0.04000000000000001,0.44189999999999996
2020-12-22,ABT,Healthcare,iShares Core S&P U.S. Growth ETF Experiences Big Inflow,0.3818,inflow,0.05,0.43179999999999996
2020-12-30,ABT,Healthcare,The 3 Safest Stocks to Buy With Your Stimulus Money,0.4019,buy,0.04000000000000001,0.44189999999999996
2021-01-04,ABT,Healthcare,"These 3 Dividends are Growing by 28% Per Year, Every Year",0.1779,dividends,0.03,0.2079
2021-01-06,ABT,Healthcare,3 Top Coronavirus Stocks to Buy Right Now,0.2023,buy,0.04000000000000001,0.24230000000000002
2021-01-07,ABT,Healthcare,"Notable ETF Outflow Detected - IVW, TMO, ABBV, ABT",0.0,outflow,-0.05,-0.05
2021-01-12,ABT,Healthcare,5 Dividend Growth Stocks With Upside To Analyst Targets,0.3818,dividend,0.03,0.41179999999999994
2021-01-13,ABT,Healthcare,3 Dividend Aristocrats to Buy Right Now,0.0,buy; dividend,0.034999999999999996,0.034999999999999996
2021-01-14,ABT,Healthcare,2 Healthcare Stocks to Buy in 2021 and Hold for the Next Decade,0.0,buy,0.04000000000000001,0.04000000000000001
2021-01-15,ABT,Healthcare,"IVV, ABT, QCOM, WFC: Large Outflows Detected at ETF",0.0,outflows,-0.05,-0.05
2021-01-19,ABT,Healthcare,Abbott vs Dexcom: Which “Strong Buy” Stock Could Deliver Higher Returns in 2021?,0.0,buy,0.04000000000000001,0.04000000000000001
2021-01-21,ABT,Healthcare,3 COVID Stocks to Buy if You're Not a Big Risk-Taker,0.0,buy,0.04000000000000001,0.04000000000000001
2021-01-25,ABT,Healthcare,"Notable ETF Outflow Detected - IVV, INTC, TMO, ABT",0.0,outflow,-0.05,-0.05
2021-01-27,ABT,Healthcare,Abbott Laboratories Q4 adjusted earnings Beat Estimates,0.0,beat,0.09000000000000001,0.09000000000000001
2021-01-28,ABT,Healthcare,Better Buy: Abbott Laboratories vs. Intuitive Surgical,0.4404,buy,0.04000000000000001,0.48040000000000005
2021-02-03,ABT,Healthcare,AbbVie revenue beats expectations on Humira demand,-0.128,beats,0.09000000000000001,-0.03799999999999999
2021-02-03,ABT,Healthcare,AbbVie profit beats expectations on Humira demand,0.34,beats,0.09000000000000001,0.43000000000000005
2021-02-03,ABT,Healthcare,"Noteworthy ETF Inflows: ITOT, ABT, TMO, ABBV",0.0,inflows,0.05,0.05
2021-02-04,ABT,Healthcare,3 Dividend Stocks That Just Hiked Their Payouts by 20%,0.0,dividend,0.03,0.03
2021-02-05,ABT,Healthcare,Here's the Best Dividend Aristocrat on the Market Right Now,0.6369,dividend,0.03,0.6669
2021-02-10,ABT,Healthcare,Looking For The Best Health Care Stocks To Buy This Month? 4 To Consider,0.8126,buy,0.04000000000000001,0.8526
2021-02-11,ABT,Healthcare,4 Top COVID Stocks to Buy in February,0.2023,buy,0.04000000000000001,0.24230000000000002
2021-02-12,ABT,Healthcare,3 Top Healthcare Stocks to Buy in February,0.2023,buy,0.04000000000000001,0.24230000000000002
2021-02-16,ABT,Healthcare,3 Embarrassingly Cheap Dividend Stocks,-0.4019,dividend,0.03,-0.3719
2021-02-19,ABT,Healthcare,"Noteworthy ETF Inflows: ESGU, ABT, TMO, ABBV",0.0,inflows,0.05,0.05
2021-02-22,ABT,Healthcare,"Daily Dividend Report: ALL,ABT,WLK,CHE,LDOS",0.0,dividend,0.03,0.03
2021-03-01,ABT,Healthcare,iShares S&P 500 Growth ETF Experiences Big Outflow,0.3818,outflow,-0.05,0.3318
2021-03-04,ABT,Healthcare,Should You Buy Invitae Stock?,0.0,buy,0.04000000000000001,0.04000000000000001
2021-03-09,ABT,Healthcare,Warren Buffett Just Bought These 3 High-Yield Dividend Stocks. Should You?,0.0,dividend,0.03,0.03
2021-03-09,ABT,Healthcare,"IHI, ABT, TMO, DHR: Large Outflows Detected at ETF",0.0,outflows,-0.05,-0.05
2021-03-16,ABT,Healthcare,"Fonterra to sell China JV farms, Beingmate stake as profit jumps 43%",0.4404,sell,-0.05,0.3904
2021-03-18,ABT,Healthcare,"UPRO, JNJ, ABT, CVX: ETF Outflow Alert",0.296,outflow,-0.05,0.246
2021-03-19,ABT,Healthcare,This Is Why Abbott Labs Is a Great Stock to Buy Right Now,0.6249,buy,0.04000000000000001,0.6649
2021-03-24,ABT,Healthcare,Should You Buy Sarepta Therapeutics Stock For 50% Gains?,0.34,buy,0.04000000000000001,0.38
2021-03-25,ABT,Healthcare,Should You Buy Medtronic At $117?,0.0,buy,0.04000000000000001,0.04000000000000001
2021-03-26,ABT,Healthcare,"Got $1,400? 3 COVID Stocks to Buy and Hold for the Long Term",0.0,buy,0.04000000000000001,0.04000000000000001
2021-03-26,ABT,Healthcare,"Noteworthy ETF Outflows: IXJ, JNJ, ABT, GILD",0.0,outflows,-0.05,-0.05
2021-04-05,ABT,Healthcare,"Noteworthy ETF Outflows: XLV, ABT, MDT, LLY",0.0,outflows,-0.05,-0.05
2021-04-14,ABT,Healthcare,"XLV, ABT, PFE, MDT: ETF Outflow Alert",0.296,outflow,-0.05,0.246
2021-04-20,ABT,Healthcare,Abbott Laboratories Shares Sink on Mixed Q1; New Dividend Declared,0.296,dividend,0.03,0.32599999999999996
2021-04-20,ABT,Healthcare,Abbott first-quarter profit surges on COVID-19 test demand,0.34,surges,0.06999999999999999,0.41000000000000003
2021-04-21,ABT,Healthcare,Validea Peter Lynch Strategy Daily Upgrade Report - 4/21/2021,0.0,upgrade,0.09000000000000001,0.09000000000000001
2021-04-22,ABT,Healthcare,Quest Diagnostics beats profit estimates as non-COVID-19 businesses recover,0.4404,beats,0.09000000000000001,0.5304
2021-04-22,ABT,Healthcare,"Notable ETF Outflow Detected - IVV, T, ABT, CVX",0.0,outflow,-0.05,-0.05
2021-04-23,ABT,Healthcare,Should You Buy Sarepta Stock At $71?,0.0,buy,0.04000000000000001,0.04000000000000001
2021-04-26,ABT,Healthcare,5 Dividend Growth Stocks With Upside To Analyst Targets,0.3818,dividend,0.03,0.41179999999999994
2021-04-28,ABT,Healthcare,3 Top Healthcare Stocks to Buy and Hold for the Next 10 Years,0.2023,buy,0.04000000000000001,0.24230000000000002
2021-04-29,ABT,Healthcare,Thermo Fisher profit beats estimates on vaccine-making demand surge,0.34,beats; surge,0.08000000000000002,0.42000000000000004
2021-05-03,ABT,Healthcare,Better Buy for 2021: AbbVie or Merck?,0.4404,buy,0.04000000000000001,0.48040000000000005
2021-05-04,ABT,Healthcare,2 Top Stocks to Buy and Hold for 10 Years,0.2023,buy,0.04000000000000001,0.24230000000000002
2021-05-10,ABT,Healthcare,Is It Too Late to Buy AbbVie Stock in 2021?,0.0,buy,0.04000000000000001,0.04000000000000001
2021-05-10,ABT,Healthcare,Can Dexcom Stock Rebound After The Recent 11% Drop?,-0.2732,rebound,0.05,-0.2232
2021-05-14,ABT,Healthcare,3 Dividend Stocks That Pay You Better Than Coca-Cola Does,0.3612,dividend,0.03,0.3912
2021-05-17,ABT,Healthcare,3 High-Yield Dividend Stocks I'd Buy Right Now,0.0,buy; dividend,0.034999999999999996,0.034999999999999996
2021-05-17,ABT,Healthcare,"Noteworthy ETF Inflows: SPYG, NFLX, ABT, DHR",0.0,inflows,0.05,0.05
2021-05-19,ABT,Healthcare,Tech Stock Correction: Buy These 2 Healthcare Stocks on the Dip,0.0,buy,0.04000000000000001,0.04000000000000001
2021-05-21,ABT,Healthcare,2 Stocks to Buy if a Market Crash Comes,-0.4019,buy,0.04000000000000001,-0.3619
2021-05-24,ABT,Healthcare,The Best Dividend Aristocrats to Buy With $500 Right Now,0.6369,buy; dividend,0.034999999999999996,0.6719
2021-05-25,ABT,Healthcare,Is Lucira Health a Good Stock to Buy Right Now?,0.4404,buy,0.04000000000000001,0.48040000000000005
2021-05-25,ABT,Healthcare,2 High-Yield Dividend Stocks for 2021,0.0,dividend,0.03,0.03
2021-05-27,ABT,Healthcare,2 Great Income Stocks to Buy Right Now,0.6249,buy,0.04000000000000001,0.6649
2021-05-27,ABT,Healthcare,Despite A 7x Rally Owens & Minor Stock Will Likely Continue Higher,0.0,rally,0.06999999999999999,0.06999999999999999
2021-05-27,ABT,Healthcare,5 Dividend Growth Stocks With Upside To Analyst Targets,0.3818,dividend,0.03,0.41179999999999994
2021-06-01,ABT,Healthcare,The Smartest Dividend Stocks to Buy With $400 Right Now,0.6124,buy; dividend,0.034999999999999996,0.6474000000000001
2021-06-02,ABT,Healthcare,After A Large Decline Is Quidel A Better Bet Compared To Abbott Stock?,0.4404,decline,-0.05,0.3904
2021-06-09,ABT,Healthcare,Is Abbott Laboratories a Buy on the Dip?,0.0,buy,0.04000000000000001,0.04000000000000001
2021-06-09,ABT,Healthcare,2 High-Yield Dividend Stocks for 2021,0.0,dividend,0.03,0.03
2021-06-11,ABT,Healthcare,"Daily Dividend Report: ABT,AMAT,PM,CL,ODC",0.0,dividend,0.03,0.03
2021-06-14,ABT,Healthcare,Invesco Dynamic Large Cap Growth ETF Experiences Big Outflow,0.6369,outflow,-0.05,0.5869
2021-06-15,ABT,Healthcare,This Underappreciated Healthcare Stock Is on Sale: Should You Buy?,0.0,buy,0.04000000000000001,0.04000000000000001
2021-06-18,ABT,Healthcare,This Safe 5-Stock Healthcare Portfolio Yields 5.5%,0.4404,yields,0.03,0.47040000000000004
2021-06-18,ABT,Healthcare,Next Market Crash 101: 2 Top Growth Stocks to Buy Right Now,0.1779,buy,0.04000000000000001,0.2179
2021-06-22,ABT,Healthcare,"IVE, MDT, MDLZ, ABT: ETF Outflow Alert",0.296,outflow,-0.05,0.246
2021-06-28,ABT,Healthcare,ABT Makes Bullish Cross Above Critical Moving Average,-0.3182,bullish,0.09000000000000001,-0.22819999999999996
2021-06-30,ABT,Healthcare,"SPY, HIPR: Big ETF Inflows",0.0,inflows,0.05,0.05
2021-06-30,ABT,Healthcare,5 Dividend Aristocrats Where Analysts See Capital Gains,0.34,dividend,0.03,0.37
2021-07-01,ABT,Healthcare,"IVV, ABT, T, TMO: ETF Inflow Alert",0.296,inflow,0.05,0.346
2021-07-02,ABT,Healthcare,Got $400? 3 Fantastic Dividend Stocks to Buy Right Now,0.5574,buy; dividend,0.034999999999999996,0.5924
2021-07-02,ABT,Healthcare,The 7 Best Dividend Stocks to Buy for Income Investors In July 2021 ,0.6369,buy; dividend,0.034999999999999996,0.6719
2021-07-09,ABT,Healthcare,7 Super-Safe Dividend Stock Performers to Buy,0.0,buy; dividend,0.034999999999999996,0.034999999999999996
2021-07-12,ABT,Healthcare,"IVW, V, TMO, ABT: Large Inflows Detected at ETF",0.0,inflows,0.05,0.05
2021-07-12,ABT,Healthcare,Will Intuitive Surgical Stock Continue Its Rally After A 15% Rise In A Month?,0.0,rally,0.06999999999999999,0.06999999999999999
2021-07-13,ABT,Healthcare,5 “Strong Buy” Dividend Stocks for July 2021,0.0,buy; dividend,0.034999999999999996,0.034999999999999996
2021-07-14,ABT,Healthcare,5 Stocks to Own for the Surge in Coronavirus Variants,0.0,surge,0.06999999999999999,0.06999999999999999
2021-07-19,ABT,Healthcare,3 High-Yield Dividend Aristocrats To Buy Now,0.0,buy; dividend,0.034999999999999996,0.034999999999999996
2021-07-20,ABT,Healthcare,iShares Core S&P 500 ETF Experiences Big Inflow,0.0,inflow,0.05,0.05
2021-07-22,ABT,Healthcare,Abbott profit more than doubles as medical device sales rebound,0.4404,rebound,0.05,0.4904
2021-07-22,ABT,Healthcare,Quest Diagnostics beats profit estimates on rebound in non-COVID testing,0.4404,beats; rebound,0.06999999999999999,0.5104
2021-07-23,ABT,Healthcare,"Abbott’s Q2 Earnings Rise 105%, Beat Estimates",0.0,beat,0.09000000000000001,0.09000000000000001
2021-07-23,ABT,Healthcare,Validea Martin Zweig Strategy Daily Upgrade Report - 7/23/2021,0.0,upgrade,0.09000000000000001,0.09000000000000001
2021-07-26,ABT,Healthcare,The Smartest Dividend Aristocrats to Buy With $500 Right Now,0.6124,buy; dividend,0.034999999999999996,0.6474000000000001
2021-07-28,ABT,Healthcare,"SPYG, TMO, INTU, ABT: ETF Inflow Alert",0.296,inflow,0.05,0.346
2021-07-29,ABT,Healthcare,3 Dividend Stocks Safe Enough to Bet the Farm On,0.4404,dividend,0.03,0.47040000000000004
2021-08-02,ABT,Healthcare,China quietly sets new 'buy Chinese' targets for state companies - U.S. sources,0.0,buy,0.04000000000000001,0.04000000000000001
2021-08-03,ABT,Healthcare,5 Dividend Growth Stocks With Upside To Analyst Targets,0.3818,dividend,0.03,0.41179999999999994
2021-08-04,ABT,Healthcare,"Got $5,000? Buy and Hold These 3 Market-Beating Stocks",0.0,buy,0.04000000000000001,0.04000000000000001
2021-08-05,ABT,Healthcare,iShares Core S&P 500 ETF Experiences Big Outflow,0.0,outflow,-0.05,-0.05
2021-08-06,ABT,Healthcare,1 Healthcare Dividend Giant to Bank On Right Now,0.0,dividend,0.03,0.03
2021-08-11,ABT,Healthcare,"Forget Robinhood, These 3 Healthcare Stocks Are Better Buys",0.25,buys,0.04000000000000001,0.29000000000000004
2021-08-24,ABT,Healthcare,Will Illumina Stock Rebound After A 6% Fall Last Week?,0.0,rebound,0.05,0.05
2021-08-24,ABT,Healthcare,"SPLG, ABT, TMO, COST: ETF Inflow Alert",0.296,inflow,0.05,0.346
2021-08-27,ABT,Healthcare,3 Reasons to Buy This Undervalued Dividend Stock,0.0,buy; dividend,0.034999999999999996,0.034999999999999996
2021-09-01,ABT,Healthcare,"Notable ETF Inflow Detected - SPLG, BRK.B, VZ, ABT",0.0,inflow,0.05,0.05
2021-09-08,ABT,Healthcare,Validea Martin Zweig Strategy Daily Upgrade Report - 9/8/2021,0.0,upgrade,0.09000000000000001,0.09000000000000001
2021-09-09,ABT,Healthcare,"Noteworthy ETF Inflows: SPLG, BRK.B, ABT, VZ",0.0,inflows,0.05,0.05
2021-09-13,ABT,Healthcare,3 Dividend Investing Tips That Could Earn You Thousands,0.0,dividend,0.03,0.03
2021-09-13,ABT,Healthcare,3 Dividend Stocks to Buy and Hold Forever,0.0,buy; dividend,0.034999999999999996,0.034999999999999996
2021-09-15,ABT,Healthcare,2 Sizzling Hot Stocks to Buy Right Now,0.0,buy,0.04000000000000001,0.04000000000000001
2021-09-16,ABT,Healthcare,3 Top Growth Stocks You Can Buy and Hold Forever,0.5267,buy,0.04000000000000001,0.5667
2021-09-17,ABT,Healthcare,"Notable ETF Inflow Detected - VTI, KO, VZ, ABT",0.0,inflow,0.05,0.05
2021-09-21,ABT,Healthcare,"U.S. government to buy rapid COVID-19 tests from Abbott, Celltrion -official",0.0,buy,0.04000000000000001,0.04000000000000001
2021-09-22,ABT,Healthcare,7 Healthcare Stocks to Buy Now as the Pandemic Forces a Rethink,0.0,buy,0.04000000000000001,0.04000000000000001
2021-09-23,ABT,Healthcare,Top Stocks To Buy Today? 4 Health Care Stocks For Your Watchlist,0.6124,buy,0.04000000000000001,0.6524000000000001
2021-09-27,ABT,Healthcare,3 Winning Stocks to Buy No Matter What the Market Is Doing,0.3182,buy,0.04000000000000001,0.35819999999999996
2021-09-30,ABT,Healthcare,2 Unstoppable Stocks to Buy and Hold Forever,-0.2023,buy,0.04000000000000001,-0.1623
2021-10-11,ABT,Healthcare,"Abbott Laboratories (NYSE:ABT) Passed Our Checks, And It's About To Pay A US$0.45 Dividend",-0.1027,dividend,0.03,-0.0727
2021-10-12,ABT,Healthcare,"Notable ETF Outflow Detected - SPYG, AMD, ABT, LLY",0.0,outflow,-0.05,-0.05
2021-10-18,ABT,Healthcare,3 Best Dividend Stocks for Retirement,0.6369,dividend,0.03,0.6669
2021-10-19,ABT,Healthcare,Abbott Laboratories Breaks Above 200-Day Moving Average - Bullish for ABT,0.0,bullish,0.09000000000000001,0.09000000000000001
2021-10-20,ABT,Healthcare,Abbott raises annual profit forecast after upbeat quarterly results,0.4404,raises,0.06999999999999999,0.5104
2021-10-20,ABT,Healthcare,Best Health Care Stocks To Buy In Q4? 4 For Your Watchlist,0.8126,buy,0.04000000000000001,0.8526
2021-10-20,ABT,Healthcare,Abbott quarterly profit surges more than 70%,0.4404,surges,0.06999999999999999,0.5104
2021-10-20,ABT,Healthcare,Abbott Laboratories Q3 adjusted earnings Beat Estimates,0.0,beat,0.09000000000000001,0.09000000000000001
2021-10-21,ABT,Healthcare,Quest Diagnostics raises full-year forecast on strong COVID-19 test demand,0.4215,raises,0.06999999999999999,0.4915
2021-10-26,ABT,Healthcare,"Got $5,000? These 2 Unstoppable Stocks Are No-Brainer Buys",-0.2023,buys,0.04000000000000001,-0.1623
2021-10-29,ABT,Healthcare,"IWB, ACN, ABT, CVX: ETF Inflow Alert",0.296,inflow,0.05,0.346
2021-11-02,ABT,Healthcare,This Stock Is Likely To Outperform Medtronic,0.0,outperform,0.06999999999999999,0.06999999999999999
2021-11-05,ABT,Healthcare,10 S&P 500 Stocks to Buy After Winning in Q3,0.5267,buy,0.04000000000000001,0.5667
2021-11-08,ABT,Healthcare,"IWB, ACN, PEP, ABT: ETF Outflow Alert",0.296,outflow,-0.05,0.246
2021-11-11,ABT,Healthcare,2 Dividend Aristocrats That Could Announce Generous Rate Hikes in December,0.5106,dividend,0.03,0.5406000000000001
2021-11-16,ABT,Healthcare,"Notable ETF Inflow Detected - VTI, XOM, PFE, ABT",0.0,inflow,0.05,0.05
2021-11-17,ABT,Healthcare,1 Dividend Stock to Help You Fight Inflation,0.0258,dividend,0.03,0.0558
2021-11-23,ABT,Healthcare,"3 December Dividend Growers to Buy for 5.4% Yields, 40% Payout Growth",0.3818,buy; dividend; yields,0.03333333333333333,0.4151333333333333
2021-12-01,ABT,Healthcare,Will Intuitive Surgical Stock Rebound After Its Recent Fall?,0.0,rebound,0.05,0.05
2021-12-03,ABT,Healthcare,iShares S&P 500 Growth ETF Experiences Big Inflow,0.3818,inflow,0.05,0.43179999999999996
2021-12-10,ABT,Healthcare,My Take: 4 Strong Growth Stocks To Buy This Week,0.7096,buy,0.04000000000000001,0.7496
2021-12-10,ABT,Healthcare,3 Healthcare Stocks for Long-Term Dividend Growth,0.3818,dividend,0.03,0.41179999999999994
2021-12-13,ABT,Healthcare,"BKLN, MDEV: Big ETF Outflows",0.0,outflows,-0.05,-0.05
2021-12-13,ABT,Healthcare,"Noteworthy ETF Inflows: URTH, ABT, UPS, PM",0.0,inflows,0.05,0.05
2021-12-14,ABT,Healthcare,Is It Too Late to Buy AbbVie Stock?,0.0,buy,0.04000000000000001,0.04000000000000001
2021-12-16,ABT,Healthcare,3 Stocks That Just Declared Dividend Raises,0.0,dividend; raises,0.05,0.05
2021-12-16,ABT,Healthcare,Abbott Laboratories (NYSE:ABT) Is Increasing Its Dividend To US$0.47,0.0,dividend,0.03,0.03
2021-12-16,ABT,Healthcare,Unstoppable Dividend King for 2022: AbbVie or Johnson & Johnson?,-0.2023,dividend,0.03,-0.1723
2021-12-20,ABT,Healthcare,3 Reasons Why This Healthcare Stock Is a Long-Term Buy,0.0,buy,0.04000000000000001,0.04000000000000001
2021-12-21,ABT,Healthcare,"SPHQ, ABT, UPS, SPGI: ETF Inflow Alert",0.296,inflow,0.05,0.346
2021-12-21,ABT,Healthcare,Best Long Term Stocks To Buy? 4 Health Care Stocks For Your Watchlist,0.8126,buy,0.04000000000000001,0.8526
2021-12-21,ABT,Healthcare,3 Great Stocks to Buy With the Omicron Variant Spreading Like Wildfire,0.765,buy,0.04000000000000001,0.805
2021-12-27,ABT,Healthcare,3 Dividend Stocks to Buy If the Market Crashes in 2022,0.0,buy; dividend,0.034999999999999996,0.034999999999999996
2021-12-27,ABT,Healthcare,Abbott Labs is Set to Outperform the Market. Here’s Why.,0.0,outperform,0.06999999999999999,0.06999999999999999
2021-12-28,ABT,Healthcare,3 Healthcare Stocks to Buy and Hold for the Next 10 Years,0.0,buy,0.04000000000000001,0.04000000000000001
2021-12-30,ABT,Healthcare,5 Dividend Stocks To Watch In 2022,0.0,dividend,0.03,0.03
2021-12-30,ABT,Healthcare,Best Stocks for 2022: Why AbbVie Looks Like High Dividend Growth Stock,0.8519,dividend,0.03,0.8819
2021-12-30,ABT,Healthcare,Abbott Laboratories (NYSE:ABT) Is Increasing Its Dividend To US$0.47,0.0,dividend,0.03,0.03
2022-01-03,ABT,Healthcare,22 Top Dividend Stocks to Buy and Hold in 2022,0.2023,buy; dividend,0.034999999999999996,0.2373
2022-01-03,ABT,Healthcare,My Top 5 Dividend Stocks to Buy for 2022,0.2023,buy; dividend,0.034999999999999996,0.2373
2022-01-06,ABT,Healthcare,2 Safe Growth Stocks to Buy for 2022,0.6705,buy,0.04000000000000001,0.7105
2022-01-10,ABT,Healthcare,"Abbott Laboratories (NYSE:ABT) Looks Interesting, And It's About To Pay A Dividend",0.3182,dividend,0.03,0.34819999999999995
2022-01-11,ABT,Healthcare,5 Best Stocks to Buy in January and Hold Forever,0.6369,buy,0.04000000000000001,0.6769000000000001
2022-01-13,ABT,Healthcare,3 Reasons to Buy This Newly Minted Dividend King,0.0,buy; dividend,0.034999999999999996,0.034999999999999996
2022-01-13,ABT,Healthcare,Should You Buy Boston Scientific Stock Over Its Industry Peer?,0.0,buy,0.04000000000000001,0.04000000000000001
2022-01-14,ABT,Healthcare,iShares Russell 1000 Value ETF Experiences Big Outflow,0.34,outflow,-0.05,0.29000000000000004
2022-01-14,ABT,Healthcare,5 Dividend Aristocrats Where Analysts See Capital Gains,0.34,dividend,0.03,0.37
2022-01-18,ABT,Healthcare,Will Demand for Rapid COVID-19 Tests Help Abbott Laboratories Beat the Market in 2022?,0.296,beat,0.09000000000000001,0.386
2022-01-18,ABT,Healthcare,Abbott's (ABT) Organic Base Sales Grow Amid COVID Case Surge,0.0,surge,0.06999999999999999,0.06999999999999999
2022-01-19,ABT,Healthcare,3 Dividend Stocks to Buy and Hold Forever,0.0,buy; dividend,0.034999999999999996,0.034999999999999996
2022-01-19,ABT,Healthcare,Why Covid-19 Testing Stocks Are Selling Off Despite Surging Demand,0.0951,selling,-0.05,0.0451
2022-01-19,ABT,Healthcare,Abbott (ABT) Expected to Beat Earnings Estimates: Can the Stock Move Higher?,0.0,beat,0.09000000000000001,0.09000000000000001
2022-01-20,ABT,Healthcare,3 Dividend Aristocrats Yielding Over 4%,0.0,dividend,0.03,0.03
2022-01-21,ABT,Healthcare,"3 Reasons to Buy Intuitive Surgical, and 1 Reason to Sell",0.0,buy; sell,-0.004999999999999999,-0.004999999999999999
2022-01-21,ABT,Healthcare,Will Quest Diagnostics Stock Rebound After A Large 19% Fall In A Month?,0.0,rebound,0.05,0.05
2022-01-24,ABT,Healthcare,2 Healthcare Stocks You Can Buy and Hold for the Next Decade,0.0,buy,0.04000000000000001,0.04000000000000001
2022-01-24,ABT,Healthcare,3 No-Brainer Healthcare Stocks to Buy Right Now for Less than $150,0.0,buy,0.04000000000000001,0.04000000000000001
2022-01-26,ABT,Healthcare,Abbott's (ABT) Q4 Earnings and Revenues Beat Estimates,0.0,beat,0.09000000000000001,0.09000000000000001
2022-01-26,ABT,Healthcare,Abbott sales rise 7.2% as COVID test demand surges,-0.128,surges,0.06999999999999999,-0.05800000000000001
2022-02-02,ABT,Healthcare,"Notable ETF Inflow Detected - IOO, ABT, RTX, CAT",0.0,inflow,0.05,0.05
2022-02-04,ABT,Healthcare,Should Investors Sell the Rumor With ShockWave Medical?,0.0,sell,-0.05,-0.05
2022-02-08,ABT,Healthcare,3 Top Healthcare Stocks to Buy for February,0.2023,buy,0.04000000000000001,0.24230000000000002
2022-02-10,ABT,Healthcare,"SPLG, WFC, ABT, ACN: ETF Inflow Alert",0.296,inflow,0.05,0.346
2022-02-17,ABT,Healthcare,Is Boston Scientific Stock A Good Buy At $43?,0.4404,buy,0.04000000000000001,0.48040000000000005
2022-02-18,ABT,Healthcare,"Notable ETF Inflow Detected - VHT, ABT, DHR, MDT",0.0,inflow,0.05,0.05
2022-02-22,ABT,Healthcare,Is Now the Time to Buy This Blue-Chip Healthcare Stock?,0.0,buy,0.04000000000000001,0.04000000000000001
2022-02-22,ABT,Healthcare,Want to Get Richer? 5 Best Stocks to Buy Now and Hold Forever,0.836,buy,0.04000000000000001,0.876
2022-02-23,ABT,Healthcare,"Abbott (ABT) COVID Testing Sales Surge, FX Headwind Stays",0.0,surge,0.06999999999999999,0.06999999999999999
2022-02-24,ABT,Healthcare,"Got $5,000? These 2 Dividend Kings Are On Sale",0.0,dividend,0.03,0.03
2022-02-25,ABT,Healthcare,Abbott (ABT) Down 1.4% Since Last Earnings Report: Can It Rebound?,0.0,rebound,0.05,0.05
2022-02-25,ABT,Healthcare,Should You Buy Abbott Stock After Its Recent Fall?,0.0,buy,0.04000000000000001,0.04000000000000001
2022-03-02,ABT,Healthcare,2 Fantastic Dividend Stocks for Retirees,0.5574,dividend,0.03,0.5874
2022-03-04,ABT,Healthcare,1 Stock Warren Buffett Is Selling That Income Investors Should Consider Buying,0.0,buying; selling,-0.004999999999999999,-0.004999999999999999
2022-03-08,ABT,Healthcare,iShares Core S&P Total U.S. Stock Market ETF Experiences Big Outflow,0.0,outflow,-0.05,-0.05
2022-03-09,ABT,Healthcare,2 Cheap Dividend Stocks Near Their 52-Week Lows,-0.2023,dividend,0.03,-0.1723
2022-03-11,ABT,Healthcare,Want to Get Richer? 3 Top Stocks to Buy Now and Hold Forever,0.6705,buy,0.04000000000000001,0.7105
2022-03-11,ABT,Healthcare,3 Supercharged Dividend Stocks to Buy if There's a Stock Market Sell-Off,0.0,buy; dividend,0.034999999999999996,0.034999999999999996
2022-03-16,ABT,Healthcare,"VTI, ABT, CRM, WFC: Large Inflows Detected at ETF",0.0,inflows,0.05,0.05
2022-03-22,ABT,Healthcare,Want to Beat the Market? 2 Stocks to Buy and Hold Forever,0.0772,beat; buy,0.065,0.1422
2022-03-23,ABT,Healthcare,Is DexCom a Buy?,0.0,buy,0.04000000000000001,0.04000000000000001
2022-03-28,ABT,Healthcare,"Have $1,000? 2 Warren Buffett Stocks to Buy",0.0,buy,0.04000000000000001,0.04000000000000001
2022-03-29,ABT,Healthcare,iShares Core S&P Total U.S. Stock Market ETF Experiences Big Inflow,0.0,inflow,0.05,0.05
2022-03-31,ABT,Healthcare,3 Top Healthcare ETFs to Buy Now and Hold for the Long Haul,0.2023,buy,0.04000000000000001,0.24230000000000002
2022-04-04,ABT,Healthcare,Here's Why Abbott's a Great Buy Even if COVID Testing Revenue Falls,0.6249,buy,0.04000000000000001,0.6649
2022-04-13,ABT,Healthcare,"OEF, PFE, DIS, ABT: ETF Inflow Alert",0.296,inflow,0.05,0.346
2022-04-18,ABT,Healthcare,3 Top Dividend Kings to Buy for the Long Haul,0.2023,buy; dividend,0.034999999999999996,0.2373
2022-04-19,ABT,Healthcare,Why Abbott (ABT) Could Beat Earnings Estimates Again,0.0,beat,0.09000000000000001,0.09000000000000001
2022-04-20,ABT,Healthcare,"Abbott Laboratories Q1 Profit Increases, beats estimates",0.4404,beats,0.09000000000000001,0.5304
2022-04-21,ABT,Healthcare,"Got $5,000? This Dividend King Is Down More Than 15% This Year",0.0,dividend,0.03,0.03
2022-04-22,ABT,Healthcare,7 Stocks to Buy If You Think Inflation Is Topping Out,0.0,buy,0.04000000000000001,0.04000000000000001
2022-04-25,ABT,Healthcare,3 Medical Product Stocks Poised to Beat This Earnings Season,0.25,beat,0.09000000000000001,0.34
2022-04-25,ABT,Healthcare,5 Dividend Growth Stocks With Upside To Analyst Targets,0.3818,dividend,0.03,0.41179999999999994
2022-04-27,ABT,Healthcare,"Noteworthy ETF Inflows: XLV, UNH, TMO, ABT",0.0,inflows,0.05,0.05
2022-05-02,ABT,Healthcare,"Want $2,000 in Passive Income? Invest $10,000 in This Cathie Wood Dividend Stock and Wait 5 Years",0.2732,dividend,0.03,0.3032
2022-05-05,ABT,Healthcare,Better Dividend King: Johnson & Johnson vs. Abbott Laboratories,0.4404,dividend,0.03,0.47040000000000004
2022-05-09,ABT,Healthcare,3 Medical Product Stocks Set to Beat on Earnings This Season,0.0,beat,0.09000000000000001,0.09000000000000001
2022-05-13,ABT,Healthcare,Here's Why This Dividend King Is a Buy for Income Investors,0.0,buy; dividend,0.034999999999999996,0.034999999999999996
2022-05-16,ABT,Healthcare,3 Supercharged Dividend Stocks to Buy in the Stock Market Sell-Off,0.0,buy; dividend,0.034999999999999996,0.034999999999999996
2022-05-17,ABT,Healthcare,Is It Too Late to Buy AbbVie Stock?,0.0,buy,0.04000000000000001,0.04000000000000001
2022-05-17,ABT,Healthcare,2 No-Brainer Stocks to Buy Right Now for Less than $55,0.0,buy,0.04000000000000001,0.04000000000000001
2022-05-17,ABT,Healthcare,"VHT, TMO, ABT, DHR: Large Inflows Detected at ETF",0.0,inflows,0.05,0.05
2022-05-20,ABT,Healthcare,Abbott (ABT) Down 8.9% Since Last Earnings Report: Can It Rebound?,0.0,rebound,0.05,0.05
2022-05-25,ABT,Healthcare,2 Dividend Kings That Are Soundly Beating the Market in 2022,-0.4588,dividend,0.03,-0.42879999999999996
2022-05-26,ABT,Healthcare,"SPY, ABBV, ABT, ACN: ETF Inflow Alert",0.296,inflow,0.05,0.346
2022-05-26,ABT,Healthcare,5 Dividend Aristocrats Where Analysts See Capital Gains,0.34,dividend,0.03,0.37
2022-05-27,ABT,Healthcare,ESLOY vs. ABT: Which Stock Should Value Investors Buy Now?,0.34,buy,0.04000000000000001,0.38
2022-06-03,ABT,Healthcare,2 Dividend Kings to Buy and Hold Forever,0.0,buy; dividend,0.034999999999999996,0.034999999999999996
2022-06-06,ABT,Healthcare,The Health Care Select Sector SPDR Fund Experiences Big Inflow,0.4939,inflow,0.05,0.5439
2022-06-10,ABT,Healthcare,Is Abbott Laboratories Stock a Buy Now?,0.0,buy,0.04000000000000001,0.04000000000000001
2022-06-10,ABT,Healthcare,"Daily Dividend Report: AMAT,CARR,ABT,CL,UTZ",0.0,dividend,0.03,0.03
2022-06-14,ABT,Healthcare,"ACWI, BAC, ABT, WMT: Large Inflows Detected at ETF",0.0,inflows,0.05,0.05
2022-06-15,ABT,Healthcare,Bubs Australia shares surge on infant formula supply deal with Walmart,0.296,surge,0.06999999999999999,0.366
2022-06-21,ABT,Healthcare,Stock Market Drop: 3 Cheap Healthcare Stocks to Buy Right Now,-0.2732,buy,0.04000000000000001,-0.2332
2022-06-21,ABT,Healthcare,3 Dividend Stocks to Double Up on Right Now,0.0,dividend,0.03,0.03
2022-06-21,ABT,Healthcare,2 Top Healthcare Stocks Near 52-Week Lows to Buy,0.0,buy,0.04000000000000001,0.04000000000000001
2022-06-21,ABT,Healthcare,Best Health Care Stocks To Buy Now? 3 To Watch,0.8126,buy,0.04000000000000001,0.8526
2022-06-22,ABT,Healthcare,"SPLG, BRK.B, BAC, ABT: ETF Outflow Alert",0.296,outflow,-0.05,0.246
2022-06-23,ABT,Healthcare,5 Dividend Kings to Buy Now,0.0,buy; dividend,0.034999999999999996,0.034999999999999996
2022-06-27,ABT,Healthcare,5 Dividend Aristocrats Where Analysts See Capital Gains,0.34,dividend,0.03,0.37
2022-06-30,ABT,Healthcare,2 of the Safest Stocks to Buy in a Recession,-0.0258,buy,0.04000000000000001,0.014200000000000008
2022-07-01,ABT,Healthcare,iShares Russell 1000 ETF Experiences Big Inflow,0.0,inflow,0.05,0.05
2022-07-11,ABT,Healthcare,Should You Buy Abbott Stock At $110?,0.0,buy,0.04000000000000001,0.04000000000000001
2022-07-11,ABT,Healthcare,2 Surefire Dividend Stocks I'd Buy Now and Hold for at Least a Decade,0.25,buy; dividend,0.034999999999999996,0.285
2022-07-11,ABT,Healthcare,2 Dividend Stocks You Can Confidently Buy in a Bear Market,0.4767,buy; dividend,0.034999999999999996,0.5117
2022-07-11,ABT,Healthcare,"IWD, BAC, ABT, BMY: ETF Outflow Alert",0.296,outflow,-0.05,0.246
2022-07-13,ABT,Healthcare,Should You Buy Boston Scientific Stock At $38?,0.0,buy,0.04000000000000001,0.04000000000000001
2022-07-14,ABT,Healthcare,2 Top Healthcare Stocks to Buy and Hold for the Long Haul,0.2023,buy,0.04000000000000001,0.24230000000000002
2022-07-15,ABT,Healthcare,Is DexCom Stock Too Pricey to Buy?,0.0,buy,0.04000000000000001,0.04000000000000001
2022-07-18,ABT,Healthcare,3 Dividend Stocks That Should Pay You the Rest of Your Life,-0.1027,dividend,0.03,-0.0727
2022-07-18,ABT,Healthcare,Want to Get Richer? 5 Best Stocks to Buy Now and Hold Forever,0.836,buy,0.04000000000000001,0.876
2022-07-18,ABT,Healthcare,3 Dividend Growth Stocks to Buy in July,0.3818,buy; dividend,0.034999999999999996,0.41679999999999995
2022-07-19,ABT,Healthcare,"Notable ETF Inflow Detected - SPTM, BAC, ABT, DHR",0.0,inflow,0.05,0.05
2022-07-19,ABT,Healthcare,3 Dividend Growth Stocks You Can Buy Now and Hold Forever,0.3818,buy; dividend,0.034999999999999996,0.41679999999999995
2022-07-20,ABT,Healthcare,Stock Market Today: Dow Jones & S&P 500 Move Green; NFLX Stock Rallies On Earnings,0.0,rallies,0.06999999999999999,0.06999999999999999
2022-07-20,ABT,Healthcare,"Abbott Laboratories Q2 Profit Increases, beats estimates",0.4404,beats,0.09000000000000001,0.5304
2022-07-20,ABT,Healthcare,"Abbott raises 2022 forecast on strong diabetes, COVID test sales",0.5106,raises,0.06999999999999999,0.5806
2022-07-20,ABT,Healthcare,Abbott Q2 Profit Tops Estimates; Raises 2022 Earnings Guidance,0.7351,raises,0.06999999999999999,0.8050999999999999
2022-07-20,ABT,Healthcare,"Pre-Market Gives Back Some Gains; Abbott Beats, Raises",0.34,beats; raises,0.08000000000000002,0.42000000000000004
2022-07-26,ABT,Healthcare,2 Surefire Dividend Stocks That Are Laughing Off Inflation,0.6369,dividend,0.03,0.6669
2022-07-27,ABT,Healthcare,7 Large-Cap Stocks to Buy on the Dip,0.0,buy,0.04000000000000001,0.04000000000000001
2022-07-27,ABT,Healthcare,iShares Russell 1000 Value ETF Experiences Big Outflow,0.34,outflow,-0.05,0.29000000000000004
2022-07-27,ABT,Healthcare,3 MedTech Stocks That are Likely to Beat This Earnings Season,0.0,beat,0.09000000000000001,0.09000000000000001
2022-07-27,ABT,Healthcare,Reckitt raises sales forecast after quarterly beat,0.0,beat; raises,0.08000000000000002,0.08000000000000002
2022-07-28,ABT,Healthcare,5 Dividend Aristocrats Where Analysts See Capital Gains,0.34,dividend,0.03,0.37
2022-08-01,ABT,Healthcare,3 Dividend Aristocrats to Buy in August,0.0,buy; dividend,0.034999999999999996,0.034999999999999996
2022-08-02,ABT,Healthcare,MonkeyPox Stocks To Buy Right Now? 3 To Know,0.0,buy,0.04000000000000001,0.04000000000000001
2022-08-11,ABT,Healthcare,2 Dividend Kings That Have Hiked Their Payouts by More Than 50% in 5 Years,0.0,dividend,0.03,0.03
2022-08-11,ABT,Healthcare,"Down 15% In A Month, Will QuidelOrtho Stock Rebound?",0.0,rebound,0.05,0.05
2022-08-15,ABT,Healthcare,Should Dividend Investors Add This Stock to Their Portfolios?,0.0,dividend,0.03,0.03
2022-08-16,ABT,Healthcare,"Noteworthy ETF Outflows: VIG, KO, ABT, CMCSA",0.0,outflows,-0.05,-0.05
2022-08-18,ABT,Healthcare,3 Top Dividend Kings to Buy for the Long Haul,0.2023,buy; dividend,0.034999999999999996,0.2373
2022-08-19,ABT,Healthcare,Abbott (ABT) Down 0.7% Since Last Earnings Report: Can It Rebound?,0.0,rebound,0.05,0.05
2022-08-25,ABT,Healthcare,"XLV, ABT, BMY, CVS: ETF Inflow Alert",0.296,inflow,0.05,0.346
2022-08-29,ABT,Healthcare,Should You Buy Medtronic Stock Around $90?,0.0,buy,0.04000000000000001,0.04000000000000001
2022-08-29,ABT,Healthcare,5 Dividend Growth Stocks With Upside To Analyst Targets,0.3818,dividend,0.03,0.41179999999999994
2022-09-01,ABT,Healthcare,3 Dividend Stocks to Buy in September for Passive Income Generation,0.2023,buy; dividend,0.034999999999999996,0.2373
2022-09-12,ABT,Healthcare,3 Beaten-Down Stocks to Buy Right Now,0.0,buy,0.04000000000000001,0.04000000000000001
2022-09-12,ABT,Healthcare,"SPYG, DHR, NFLX, ABT: ETF Outflow Alert",0.296,outflow,-0.05,0.246
2022-09-12,ABT,Healthcare,2 Dividend Aristocrats to Buy for Passive Income That Could Outperform the Market,0.2023,buy; dividend; outperform,0.04666666666666666,0.24896666666666667
2022-09-15,ABT,Healthcare,7 Top-Rated Biotech Stocks to Buy for Q4,0.0,buy,0.04000000000000001,0.04000000000000001
2022-09-15,ABT,Healthcare,Should You Buy Baxter Stock Under $60?,0.0,buy,0.04000000000000001,0.04000000000000001
2022-09-16,ABT,Healthcare,"Daily Dividend Report: CIO,TXN,KR,ABT,INTC",0.0,dividend,0.03,0.03
2022-09-19,ABT,Healthcare,Should You Buy Stryker Stock Around $225?,0.0,buy,0.04000000000000001,0.04000000000000001
2022-09-21,ABT,Healthcare,Should You Buy Intuitive Surgical Stock Over This Healthcare Company?,0.0,buy,0.04000000000000001,0.04000000000000001
2022-09-26,ABT,Healthcare,Is AbbVie a Buy?,0.0,buy,0.04000000000000001,0.04000000000000001
2022-09-26,ABT,Healthcare,Good Stocks To Buy Right Now? 4 Healthcare Stocks To Know,0.4404,buy,0.04000000000000001,0.48040000000000005
2022-09-26,ABT,Healthcare,2 Growth Stocks Down 14% to 28% to Buy and Hold Forever,0.3818,buy,0.04000000000000001,0.42179999999999995
2022-09-28,ABT,Healthcare,Want to Get Richer? 3 Top Stocks to Buy Now and Hold Forever,0.6705,buy,0.04000000000000001,0.7105
2022-09-29,ABT,Healthcare,5 Dividend Growth Stocks With Upside To Analyst Targets,0.3818,dividend,0.03,0.41179999999999994
2022-09-30,ABT,Healthcare,This CGM Device Maker Is Likely To Outperform Abbott Stock,0.0,outperform,0.06999999999999999,0.06999999999999999
2022-10-03,ABT,Healthcare,Here's Why This Dividend King Is a Buy,0.0,buy; dividend,0.034999999999999996,0.034999999999999996
2022-10-03,ABT,Healthcare,Best Stocks To Buy During A Recession? 3 Defensive Stocks To Know,0.3612,buy,0.04000000000000001,0.4012
2022-10-04,ABT,Healthcare,"Noteworthy ETF Inflows: ITOT, DIS, MCD, ABT",0.0,inflows,0.05,0.05
2022-10-05,ABT,Healthcare,3 Dividend Stocks to Buy In October and Hold Forever,0.0,buy; dividend,0.034999999999999996,0.034999999999999996
2022-10-10,ABT,Healthcare,2 Top Healthcare Stocks to Buy Right Now,0.2023,buy,0.04000000000000001,0.24230000000000002
2022-10-10,ABT,Healthcare,3 Great Dividend Stocks to Buy in October,0.6249,buy; dividend,0.034999999999999996,0.6599
2022-10-12,ABT,Healthcare,Analysts Estimate Abbott (ABT) to Report a Decline in Earnings: What to Look Out for,0.0,decline,-0.05,-0.05
2022-10-13,ABT,Healthcare,"SPYG, ADBE, ORCL, ABT: Large Inflows Detected at ETF",0.0,inflows,0.05,0.05
2022-10-17,ABT,Healthcare,3 Beaten-Down Stocks to Buy and Hold,0.0,buy,0.04000000000000001,0.04000000000000001
2022-10-17,ABT,Healthcare,3 Supercharged Dividend Stocks to Buy if There's a Stock Market Sell-Off,0.0,buy; dividend,0.034999999999999996,0.034999999999999996
2022-10-17,ABT,Healthcare,3 Dividend Stocks to Buy Now for a Lifetime of Passive Income,0.2023,buy; dividend,0.034999999999999996,0.2373
2022-10-19,ABT,Healthcare,Abbott raises 2022 profit forecast for second time,0.4404,raises,0.06999999999999999,0.5104
2022-10-19,ABT,Healthcare,"Abbott Laboratories Q3 Profit Decreases, but beats estimates",0.2382,beats,0.09000000000000001,0.3282
2022-10-19,ABT,Healthcare,US STOCKS-Equities close lower as rise in yields overshadows earnings,-0.296,yields,0.03,-0.266
2022-10-19,ABT,Healthcare,U.S. Housing Starts Declined in September,0.0,declined,-0.05,-0.05
2022-10-19,ABT,Healthcare,"Pre-Markets Give Some Back; Housing Starts Lower; PG, ABT Beat",-0.296,beat,0.09000000000000001,-0.20599999999999996
2022-10-21,ABT,Healthcare,Want Passive Income? 3 Dividend Kings to Buy Right Now,0.2732,buy; dividend,0.034999999999999996,0.3082
2022-10-21,ABT,Healthcare,"SPLG, PFE, TMO, ABT: ETF Inflow Alert",0.296,inflow,0.05,0.346
2022-10-24,ABT,Healthcare,Is Abbott Laboratories Still a Good Dividend Stock to Buy?,0.4404,buy; dividend,0.034999999999999996,0.4754
2022-10-28,ABT,Healthcare,Is This Dividend King a Buy Near Its 52-Week Low?,-0.2732,buy; dividend,0.034999999999999996,-0.2382
2022-11-01,ABT,Healthcare,"Baby formula maker Perrigo buying Nestle's Good Start brand, Wisconsin plant",0.4404,buying,0.04000000000000001,0.48040000000000005
2022-11-02,ABT,Healthcare,"Got $5,000? Buy These 3 Dividend Kings And Hold Them Forever",0.0,buy; dividend,0.034999999999999996,0.034999999999999996
2022-11-02,ABT,Healthcare,Is DexCom a Good Healthcare Stock to Buy Now?,0.4404,buy,0.04000000000000001,0.48040000000000005
2022-11-02,ABT,Healthcare,3 Dividend-Paying Stocks to Buy in November and Hold Forever,0.0,buy,0.04000000000000001,0.04000000000000001
2022-11-07,ABT,Healthcare,3 Reasons to Buy AbbVie Stock Right Now,0.0,buy,0.04000000000000001,0.04000000000000001
2022-11-07,ABT,Healthcare,"2 Reasons to Buy DexCom, and 1 Reason to Sell",0.0,buy; sell,-0.004999999999999999,-0.004999999999999999
2022-11-08,ABT,Healthcare,"Noteworthy ETF Outflows: UPRO, ACN, WFC, ABT",0.0,outflows,-0.05,-0.05
2022-11-08,ABT,Healthcare,"Investing $1,000 in the Current Market? Don't Overlook These 2 Winning Dividend Stocks",-0.4168,dividend,0.03,-0.38680000000000003
2022-11-10,ABT,Healthcare,Better Buy: Johnson & Johnson vs. Abbott Laboratories,0.4404,buy,0.04000000000000001,0.48040000000000005
2022-11-14,ABT,Healthcare,7 No-Brainer Blue-Chip Stocks to Buy for 2023 and Beyond,0.0,buy,0.04000000000000001,0.04000000000000001
2022-11-16,ABT,Healthcare,"VTV, CVX, ABT, NEE: Large Inflows Detected at ETF",0.0,inflows,0.05,0.05
2022-11-17,ABT,Healthcare,2 Stocks Down 75% and 26% to Buy Right Now,0.0,buy,0.04000000000000001,0.04000000000000001
2022-11-17,ABT,Healthcare,2 Reasons to Buy Abbott Labs and 1 Reason to Sell,0.0,buy; sell,-0.004999999999999999,-0.004999999999999999
2022-11-22,ABT,Healthcare,2 Reasons to Buy AbbVie Stock and 1 Reason to Sell,0.0,buy; sell,-0.004999999999999999,-0.004999999999999999
2022-11-22,ABT,Healthcare,Good Stocks To Invest In Now? 3 Dividend Aristocrats Stocks For Your List,0.4404,dividend,0.03,0.47040000000000004
2022-11-22,ABT,Healthcare,Want Passive Income in 2023? Buy These Dividend Kings,0.2732,buy; dividend,0.034999999999999996,0.3082
2022-11-23,ABT,Healthcare,AbbVie Boosts Its Dividend: Is the Dividend King a Buy?,0.3182,buy; dividend,0.034999999999999996,0.35319999999999996
2022-11-23,ABT,Healthcare,"Could an Investment in AbbVie Give You $10,000 in Annual Dividend Income by Retirement?",0.0,dividend,0.03,0.03
2022-11-23,ABT,Healthcare,"Want $10,000 in Annual Dividend Income by Retirement? Here's How Much You Should Invest in AbbVie Today.",0.0772,dividend,0.03,0.1072
2022-11-28,ABT,Healthcare,Better Dividend Stock: AbbVie or Viatris?,0.4404,dividend,0.03,0.47040000000000004
2022-11-28,ABT,Healthcare,Is This Stock-Split Stock a Buy For 2023?,0.0,buy,0.04000000000000001,0.04000000000000001
2022-11-28,ABT,Healthcare,8 Dividend Aristocrats to Buy Now for a Lifetime of Passive Income,0.2023,buy; dividend,0.034999999999999996,0.2373
2022-11-28,ABT,Healthcare,Should You Buy Medtronic Stock At $80?,0.0,buy,0.04000000000000001,0.04000000000000001
2022-11-28,ABT,Healthcare,Is Trending Stock Abbott Laboratories (ABT) a Buy Now?,0.0,buy,0.04000000000000001,0.04000000000000001
2022-11-29,ABT,Healthcare,"Notable ETF Outflow Detected - SPY, ABT, DHR, AMGN",0.0,outflow,-0.05,-0.05
2022-11-30,ABT,Healthcare,3 Top Dividend Kings to Buy for the Long Haul,0.2023,buy; dividend,0.034999999999999996,0.2373
2022-12-06,ABT,Healthcare,Is AbbVie Stock a Buy Now?,0.0,buy,0.04000000000000001,0.04000000000000001
2022-12-07,ABT,Healthcare,2 Dividend Aristocrats to Buy for 2023,0.0,buy; dividend,0.034999999999999996,0.034999999999999996
2022-12-08,ABT,Healthcare,"Noteworthy ETF Outflows: XLV, ABT, DHR, BMY",0.0,outflows,-0.05,-0.05
2022-12-09,ABT,Healthcare,"Have $1,000? 2 Top Dividend Stocks to Buy Right Now",0.2023,buy; dividend,0.034999999999999996,0.2373
2022-12-09,ABT,Healthcare,2 Supercharged Dividend Stocks to Buy in a Bear Market,0.0,buy; dividend,0.034999999999999996,0.034999999999999996
2022-12-12,ABT,Healthcare,2 Ultra-Reliable Dividend Stocks You Can Buy Now and Hold Forever,0.0,buy; dividend,0.034999999999999996,0.034999999999999996
2022-12-16,ABT,Healthcare,Want $250 in Passive Income? Buy These 2 Dividend Kings and Wait,0.2732,buy; dividend,0.034999999999999996,0.3082
2022-12-16,ABT,Healthcare,"XLV, ABBV, ABT, DHR: Large Inflows Detected at ETF",0.0,inflows,0.05,0.05
2022-12-16,ABT,Healthcare,2 Top Dividend Stocks to Buy Hand Over Fist Before 2023,0.6124,buy; dividend,0.034999999999999996,0.6474000000000001
2022-12-19,ABT,Healthcare,2022 Bargain Shopping: 2 Smart Stocks to Buy Before the New Year,0.5423,buy,0.04000000000000001,0.5823
2022-12-19,ABT,Healthcare,"1 Passive Income Stock to Buy Today, and 1 to Avoid for Now",-0.1027,buy,0.04000000000000001,-0.06269999999999999
2022-12-20,ABT,Healthcare,2 Exceptional Dividend Growth Stocks to Buy Now,0.3818,buy; dividend,0.034999999999999996,0.41679999999999995
2022-12-20,ABT,Healthcare,What Stocks To Buy Today? 3 Dividend Aristocrats To Watch,0.0,buy; dividend,0.034999999999999996,0.034999999999999996
2022-12-22,ABT,Healthcare,2 Beaten-Down Growth Stocks Set to Rebound in 2023,0.3818,rebound,0.05,0.43179999999999996
2022-12-27,ABT,Healthcare,2 Healthcare Stocks You Can Buy and Hold for the Next Decade,0.0,buy,0.04000000000000001,0.04000000000000001
2022-12-27,ABT,Healthcare,3 Stocks on Santa's Nice List to Buy Before 2023,0.4215,buy,0.04000000000000001,0.4615
2022-12-28,ABT,Healthcare,Abbott (ABT) to Upgrade PHCs Across India With New Pact,0.0,upgrade,0.09000000000000001,0.09000000000000001
2022-12-28,ABT,Healthcare,Will Baxter Stock Rebound After A 9% Fall In A Month?,0.0,rebound,0.05,0.05
2022-12-28,ABT,Healthcare,iShares MSCI World ETF Experiences Big Inflow,0.0,inflow,0.05,0.05
2023-01-03,ABT,Healthcare,Beat the Dow Jones With This Unstoppable Dividend Stock,-0.2023,beat; dividend,0.06,-0.1423
2023-01-05,ABT,Healthcare,2 Best Healthcare Stocks to Buy Right Now,0.6369,buy,0.04000000000000001,0.6769000000000001
2023-01-05,ABT,Healthcare,"Noteworthy ETF Outflows: XLV, MRK, ABT, DHR",0.0,outflows,-0.05,-0.05
2023-01-09,ABT,Healthcare,3 Reliable Dividend Stocks You Can Buy With $600,0.0,buy; dividend,0.034999999999999996,0.034999999999999996
2023-01-11,ABT,Healthcare,3 Supercharged Dividend Stocks to Buy If There's a Stock Market Sell-Off,0.0,buy; dividend,0.034999999999999996,0.034999999999999996
2023-01-12,ABT,Healthcare,Should You Buy This Promising New Healthcare Stock?,0.4019,buy,0.04000000000000001,0.44189999999999996
2023-01-18,ABT,Healthcare,Analysts Estimate Abbott (ABT) to Report a Decline in Earnings: What to Look Out for,0.0,decline,-0.05,-0.05
2023-01-20,ABT,Healthcare,Why Abbott (ABT) is Poised to Beat Earnings Estimates Again,0.25,beat,0.09000000000000001,0.34
2023-01-20,ABT,Healthcare,Want Better Returns? Don?t Ignore These 2 Medical Stocks Set to Beat Earnings,0.264,beat,0.09000000000000001,0.35400000000000004
2023-01-23,ABT,Healthcare,Want Safe and Growing Passive Income? Buy These 2 Dividend Kings In 2023,0.6908,buy; dividend,0.034999999999999996,0.7258
2023-01-23,ABT,Healthcare,"Noteworthy ETF Inflows: VONV, PFE, VZ, ABT",0.0,inflows,0.05,0.05
2023-01-25,ABT,Healthcare,"Abbott Laboratories Q4 Profit Decreases, but beats estimates",0.2382,beats,0.09000000000000001,0.3282
2023-01-26,ABT,Healthcare,Two Dividend Kings: Johnson & Johnson or Abbott Laboratories?,0.0,dividend,0.03,0.03
2023-01-30,ABT,Healthcare,Is Abbott Laboratories a Good Dividend Stock to Buy Now?,0.4404,buy; dividend,0.034999999999999996,0.4754
2023-01-31,ABT,Healthcare,5 Top Stocks to Buy Now,0.2023,buy,0.04000000000000001,0.24230000000000002
2023-01-31,ABT,Healthcare,"IWV, MRK, PFE, ABT: ETF Outflow Alert",0.296,outflow,-0.05,0.246
2023-02-01,ABT,Healthcare,"Humana (HUM) Q4 Earnings Beat Mark, '23 EPS View Upbeat",0.0,beat,0.09000000000000001,0.09000000000000001
2023-02-01,ABT,Healthcare,2 Top Dividend Growth Stocks to Buy in February,0.5267,buy; dividend,0.034999999999999996,0.5617
2023-02-06,ABT,Healthcare,2 Beaten-Down Stocks With Stable Dividends to Buy In 2023,0.296,buy; dividends,0.034999999999999996,0.33099999999999996
2023-02-06,ABT,Healthcare,3 Unstoppable Dividend Stocks to Buy in February,-0.2023,buy; dividend,0.034999999999999996,-0.1673
2023-02-07,ABT,Healthcare,Is This Dividend King a Buy for Income Investors?,0.0,buy; dividend,0.034999999999999996,0.034999999999999996
2023-02-07,ABT,Healthcare,Baby Formula Blues Hit Abbott Laboratories Stock Hard in 2022. Can It Rebound in 2023?,-0.1027,rebound,0.05,-0.0527
2023-02-08,ABT,Healthcare,3 MedTech Stocks Likely to Beat Estimates This Earnings Season,0.0,beat,0.09000000000000001,0.09000000000000001
2023-02-08,ABT,Healthcare,"Notable ETF Inflow Detected - VT, PFE, MRK, ABT",0.0,inflow,0.05,0.05
2023-02-09,ABT,Healthcare,US STOCKS-Wall St dips as Treasury yields rise after auction,0.2023,yields,0.03,0.2323
2023-02-09,ABT,Healthcare,US STOCKS-Wall St dips as Treasury yields rise; Disney hits 5-month high,0.2023,yields,0.03,0.2323
2023-02-13,ABT,Healthcare,The 7 Most Undervalued Dividend Aristocrats to Buy,0.0,buy; dividend,0.034999999999999996,0.034999999999999996
2023-02-14,ABT,Healthcare,Better Buy: Johnson & Johnson or AbbVie?,0.4404,buy,0.04000000000000001,0.48040000000000005
2023-02-16,ABT,Healthcare,Labcorp beats quarterly profit estimates,0.4404,beats,0.09000000000000001,0.5304
2023-02-16,ABT,Healthcare,"Notable ETF Outflow Detected - ITOT, ABT, VZ, DHR",0.0,outflow,-0.05,-0.05
2023-02-21,ABT,Healthcare,3 Top Dividend Kings to Buy for the Long Haul,0.2023,buy; dividend,0.034999999999999996,0.2373
2023-02-21,ABT,Healthcare,"Daily Dividend Report: ABT, NUE, WLK, TPR, PNR",0.0,dividend,0.03,0.03
2023-02-22,ABT,Healthcare,ABT Crosses Above 2% Yield Territory,0.0,yield,0.03,0.03
2023-02-24,ABT,Healthcare,Better Buy: Abbott Laboratories or DexCom Stock?,0.4404,buy,0.04000000000000001,0.48040000000000005
2023-02-27,ABT,Healthcare,Dividend Stocks To Buy Now? 3 For Your Watchlist,0.0,buy; dividend,0.034999999999999996,0.034999999999999996
2023-02-27,ABT,Healthcare,Better Dividend Stock: Abbott Laboratories or Medtronic?,0.4404,dividend,0.03,0.47040000000000004
2023-02-28,ABT,Healthcare,"XLV, TMO, ABT, DHR: ETF Outflow Alert",0.296,outflow,-0.05,0.246
2023-03-01,ABT,Healthcare,Get a Dividend Every Month With These 3 Healthcare Stocks,0.0,dividend,0.03,0.03
2023-03-03,ABT,Healthcare,Should You Invest in Abbott (ABT) Based on Bullish Wall Street Views?,0.0,bullish,0.09000000000000001,0.09000000000000001
2023-03-06,ABT,Healthcare,2 High-Yield Dividend Stocks to Buy in March,0.0,buy; dividend,0.034999999999999996,0.034999999999999996
2023-03-06,ABT,Healthcare,2 Top Dividend Kings to Buy for the Long Haul,0.2023,buy; dividend,0.034999999999999996,0.2373
2023-03-06,ABT,Healthcare,7 Dividend Kings to Buy for an Uncertain Market Environment,-0.296,buy; dividend,0.034999999999999996,-0.261
2023-03-08,ABT,Healthcare,"Notable ETF Outflow Detected - XLV, TMO, ABT, DHR",0.0,outflow,-0.05,-0.05
2023-03-09,ABT,Healthcare,2 Top Dividend Stocks You Can Buy and Hold Forever,0.2023,buy; dividend,0.034999999999999996,0.2373
2023-03-14,ABT,Healthcare,Healthcare Stocks With at Least 30 Years of Dividend Increases,0.0,dividend,0.03,0.03
2023-03-16,ABT,Healthcare,"Notable ETF Inflow Detected - ITOT, TMO, COST, ABT",0.0,inflow,0.05,0.05
2023-03-24,ABT,Healthcare,"Notable ETF Inflow Detected - SSO, TMO, ABT, DHR",0.0,inflow,0.05,0.05
2023-03-24,ABT,Healthcare,Wall Street Analysts See Abbott (ABT) as a Buy: Should You Invest?,0.0,buy,0.04000000000000001,0.04000000000000001
2023-03-28,ABT,Healthcare,2 Dividend Stocks Down 11% to 22% to Buy and Hold Forever,0.0,buy; dividend,0.034999999999999996,0.034999999999999996
2023-04-03,ABT,Healthcare,3 Dividend-Growth Stocks to Buy in April That Can Crush Inflation,-0.1531,buy,0.04000000000000001,-0.1131
2023-04-03,ABT,Healthcare,Invesco S&P 500 QVM Multi-factor ETF Experiences Big Outflow,0.0,outflow,-0.05,-0.05
2023-04-05,ABT,Healthcare,Better Dividend Stock: AbbVie vs. Johnson & Johnson,0.4404,dividend,0.03,0.47040000000000004
2023-04-06,ABT,Healthcare,3 Discounted Dividend Stocks With Combined 150+ Years Of Dividend Growth,0.4215,dividend,0.03,0.4515
2023-04-06,ABT,Healthcare,3 No-Brainer Medical Device Stocks to Buy Right Now,0.0,buy,0.04000000000000001,0.04000000000000001
2023-04-10,ABT,Healthcare,Is ProShares S&P 500 Dividend Aristocrats ETF (NOBL) a Strong ETF Right Now?,0.5106,dividend,0.03,0.5406000000000001
2023-04-11,ABT,Healthcare,TG Therapeutics (TGTX) Surges 22.8%: Is This an Indication of Further Gains?,0.34,surges,0.06999999999999999,0.41000000000000003
2023-04-12,ABT,Healthcare,Earnings Preview: Abbott (ABT) Q1 Earnings Expected to Decline,0.0,decline,-0.05,-0.05
2023-04-14,ABT,Healthcare,"Noteworthy ETF Outflows: XLV, ABT, ELV, MDT",0.0,outflows,-0.05,-0.05
2023-04-17,ABT,Healthcare,Raymond James Maintains Abbott Laboratories (ABT) Outperform Recommendation,0.0,outperform,0.06999999999999999,0.06999999999999999
2023-04-17,ABT,Healthcare,BTIG Maintains Abbott Laboratories (ABT) Buy Recommendation,0.0,buy,0.04000000000000001,0.04000000000000001
2023-04-17,ABT,Healthcare,5 Dividend Aristocrats Where Analysts See Capital Gains,0.34,dividend,0.03,0.37
2023-04-19,ABT,Healthcare,Abbott Lab Climbs After Reporting Q1 Profit That Beats Estimates,0.4404,beats,0.09000000000000001,0.5304
2023-04-19,ABT,Healthcare,Abbott beats profit estimates on strong medical device sales,0.7351,beats,0.09000000000000001,0.8251
2023-04-19,ABT,Healthcare,"Abbott's (ABT) Q1 Earnings Beat Estimates, Margins Down",0.0,beat,0.09000000000000001,0.09000000000000001
2023-04-19,ABT,Healthcare,Abbott (ABT) Beats Q1 Earnings and Revenue Estimates,0.0,beats,0.09000000000000001,0.09000000000000001
2023-04-19,ABT,Healthcare,"US STOCKS-Futures retreat as Treasury yields rise, Tesla slides",0.3818,yields,0.03,0.41179999999999994
2023-04-20,ABT,Healthcare,Citigroup Maintains Abbott Laboratories (ABT) Buy Recommendation,0.0,buy,0.04000000000000001,0.04000000000000001
2023-04-20,ABT,Healthcare,UBS Maintains Abbott Laboratories (ABT) Buy Recommendation,0.0,buy,0.04000000000000001,0.04000000000000001
2023-04-20,ABT,Healthcare,Raymond James Maintains Abbott Laboratories (ABT) Outperform Recommendation,0.0,outperform,0.06999999999999999,0.06999999999999999
2023-04-21,ABT,Healthcare,"HCA Healthcare (HCA) Beats on Q1 Earnings, Ups '23 EPS View",0.0,beats,0.09000000000000001,0.09000000000000001
2023-04-24,ABT,Healthcare,"XLV, ABT, DHR, ELV: ETF Inflow Alert",0.296,inflow,0.05,0.346
2023-04-25,ABT,Healthcare,This Supercharged Dividend King Stock Might Soon Run Out of Steam,0.0,dividend,0.03,0.03
2023-04-25,ABT,Healthcare,"Centene (CNC) Q1 Earnings Miss Estimates, '23 EPS View Raised",-0.1531,raised,0.06,-0.09310000000000002
2023-04-25,ABT,Healthcare,Is Abbott Laboratories Stock a Buy for Dividend Investors?,0.0,buy; dividend,0.034999999999999996,0.034999999999999996
2023-04-25,ABT,Healthcare,The Fed Predicts a Recession: Should You Still Buy Stocks Now?,-0.4215,buy,0.04000000000000001,-0.38149999999999995
2023-04-26,ABT,Healthcare,3 MedTech Stocks Likely to Beat Estimates in Q1 Earnings,0.0,beat,0.09000000000000001,0.09000000000000001
2023-04-28,ABT,Healthcare,"Got $1,000? 2 Top Dividend Stocks to Buy Now",0.2023,buy; dividend,0.034999999999999996,0.2373
2023-05-01,ABT,Healthcare,3 Stocks to Buy Before They Soar to New Heights in 2023,0.0,buy,0.04000000000000001,0.04000000000000001
2023-05-02,ABT,Healthcare,Is Dexcom a Good Stock to Buy Now?,0.4404,buy,0.04000000000000001,0.48040000000000005
2023-05-02,ABT,Healthcare,Zimmer Biomet raises annual forecasts on knees and hips unit strength,0.4939,raises,0.06999999999999999,0.5639
2023-05-02,ABT,Healthcare,Acadia Healthcare (ACHC) Q1 Earnings Beat on Higher Patient Volumes,0.0,beat,0.09000000000000001,0.09000000000000001
2023-05-04,ABT,Healthcare,Becton Dickinson raises 2023 profit forecast as demand rebounds,0.34,raises; rebounds,0.06,0.4
2023-05-08,ABT,Healthcare,3 Dividend Stock Warning Signs That Could Portend Trouble,-0.6249,dividend,0.03,-0.5949
2023-05-10,ABT,Healthcare,"Noteworthy ETF Inflows: XLV, ABT, DHR, MDT",0.0,inflows,0.05,0.05
2023-05-18,ABT,Healthcare,5 Dividend Growth Stocks With Upside To Analyst Targets,0.3818,dividend,0.03,0.41179999999999994
2023-05-18,ABT,Healthcare,iShares Core S&P Total U.S. Stock Market ETF Experiences Big Inflow,0.0,inflow,0.05,0.05
2023-05-19,ABT,Healthcare,Abbott (ABT) Down 1.7% Since Last Earnings Report: Can It Rebound?,0.0,rebound,0.05,0.05
2023-05-25,ABT,Healthcare,Abbott Laboratories (ABT) Shares Cross 2% Yield Mark,0.296,yield,0.03,0.32599999999999996
2023-05-26,ABT,Healthcare,"ESGU, PEG, GIS, ABT: Large Outflows Detected at ETF",0.0,outflows,-0.05,-0.05
2023-05-30,ABT,Healthcare,Intuitive Surgical Gives Buying Opportunity Off Its 52 Week Highs,0.4215,buying,0.04000000000000001,0.4615
2023-06-05,ABT,Healthcare,2 Dividend Kings Down 12% and 14% You'll Regret Not Buying on The Dip,-0.4215,buying; dividend,0.034999999999999996,-0.3865
2023-06-06,ABT,Healthcare,"Noteworthy ETF Inflows: VT, WMT, BAC, ABT",0.0,inflows,0.05,0.05
2023-06-08,ABT,Healthcare,Is ProShares S&P 500 Dividend Aristocrats ETF (NOBL) a Strong ETF Right Now?,0.5106,dividend,0.03,0.5406000000000001
2023-06-09,ABT,Healthcare,"Daily Dividend Report: ODC,AMAT,CL,ABT,PM",0.0,dividend,0.03,0.03
2023-06-20,ABT,Healthcare,5 Dividend Growth Stocks With Upside To Analyst Targets,0.3818,dividend,0.03,0.41179999999999994
2023-06-21,ABT,Healthcare,Surmodics (SRDX) Rallies on FDA Approval for SurVeil DCB,0.4767,rallies,0.06999999999999999,0.5467
2023-06-22,ABT,Healthcare,Will Abbott Stock Rebound To Its 2022 Highs?,0.0,rebound,0.05,0.05
2023-06-26,ABT,Healthcare,The Health Care Select Sector SPDR Fund Experiences Big Outflow,0.4939,outflow,-0.05,0.4439
2023-06-27,ABT,Healthcare,How to Boost Your Portfolio with Top Medical Stocks Set to Beat Earnings,0.5423,beat,0.09000000000000001,0.6323
2023-07-05,ABT,Healthcare,Will Medtronic Stock Rebound To Its Pre-Inflation Shock Highs?,-0.3818,rebound,0.05,-0.3318
2023-07-07,ABT,Healthcare,"Noteworthy ETF Inflows: VTI, MRK, ACN, ABT",0.0,inflows,0.05,0.05
2023-07-12,ABT,Healthcare,ABT vs. LMAT: Which Stock Should Value Investors Buy Now?,0.34,buy,0.04000000000000001,0.38
2023-07-13,ABT,Healthcare,Abbott (ABT) Expected to Beat Earnings Estimates: Can the Stock Move Higher?,0.0,beat,0.09000000000000001,0.09000000000000001
2023-07-13,ABT,Healthcare,5 Stocks to Buy Ahead of Q2 Earnings Next Week,0.0,buy,0.04000000000000001,0.04000000000000001
2023-07-18,ABT,Healthcare,"XLV, ABT, DHR, BMY: Large Outflows Detected at ETF",0.0,outflows,-0.05,-0.05
2023-07-18,ABT,Healthcare,2 Medical Stocks to Buy as Earnings Approach,0.0,buy,0.04000000000000001,0.04000000000000001
2023-07-20,ABT,Healthcare,5 Dividend Growth Stocks With Upside To Analyst Targets,0.3818,dividend,0.03,0.41179999999999994
2023-07-20,ABT,Healthcare,Nasdaq Futures Plunge as Disappointing Tesla and Netflix Results Weigh on Sentiment,-0.4939,plunge,-0.09000000000000001,-0.5839
2023-07-20,ABT,Healthcare,"J&J upbeat on 2023 as devices rebound post-COVID, shares jump",0.296,rebound,0.05,0.346
2023-07-20,ABT,Healthcare,Slump in Netflix and Tesla Weighs on Tech Stocks,0.0,slump,-0.06999999999999999,-0.06999999999999999
2023-07-20,ABT,Healthcare,"Abbott (ABT) Q2 Earnings & Revenues Beat Estimates, Down Y/Y",0.0,beat,0.09000000000000001,0.09000000000000001
2023-07-20,ABT,Healthcare,"Intuitive Surgical beats profit, revenue estimates",0.4404,beats,0.09000000000000001,0.5304
2023-07-20,ABT,Healthcare,"Abbott Laboratories Q2 Profit Decreases, but beats estimates",0.2382,beats,0.09000000000000001,0.3282
2023-07-20,ABT,Healthcare,Abbott beats quarterly profit estimates on demand for medical devices,0.34,beats,0.09000000000000001,0.43000000000000005
2023-07-24,ABT,Healthcare,3 Ultrareliable Dividend Stocks to Buy and Hold for Decades,0.0,buy; dividend,0.034999999999999996,0.034999999999999996
2023-07-25,ABT,Healthcare,2 Top Dividend Stocks to Buy and Hold Forever,0.2023,buy; dividend,0.034999999999999996,0.2373
2023-07-25,ABT,Healthcare,GE HealthCare raises 2023 profit forecast as supply chain woes ease,0.3612,raises,0.06999999999999999,0.4312
2023-07-25,ABT,Healthcare,"NextGen (NXGN) Q1 Earnings Top Estimates, Revenues Surge Y/Y",0.2023,surge,0.06999999999999999,0.2723
2023-07-26,ABT,Healthcare,"Reckitt beats quarterly like-for-like sales estimates, raises HY dividend",0.0,beats; dividend; raises,0.06333333333333334,0.06333333333333334
2023-07-26,ABT,Healthcare,Quest Diagnostics beats profit estimates as routine testing picks up,0.4404,beats,0.09000000000000001,0.5304
2023-07-26,ABT,Healthcare,"Quest Diagnostics (DGX) Q2 Earnings Beat Estimates, FY View Up",0.0,beat,0.09000000000000001,0.09000000000000001
2023-07-26,ABT,Healthcare,"Universal Health (UHS) Q2 Earnings Beat, Boosts '23 EPS View",0.3182,beat,0.09000000000000001,0.4082
2023-07-26,ABT,Healthcare,Merit Medical (MMSI) Q2 Earnings & Revenues Beat Estimates,0.4215,beat,0.09000000000000001,0.5115
2023-07-27,ABT,Healthcare,"CONMED (CNMD) Beats on Q2 Earnings, Ups '23 EPS View",0.0,beats,0.09000000000000001,0.09000000000000001
2023-07-27,ABT,Healthcare,HCA Healthcare raises 2023 profit view as surgical procedure volumes rebound,0.4404,raises; rebound,0.06,0.5004
2023-07-27,ABT,Healthcare,"Align Technology (ALGN) Q2 Earnings Beat, Gross Margin Up",-0.4767,beat,0.09000000000000001,-0.3867
2023-07-27,ABT,Healthcare,"Baxter (BAX) Beats on Q2 Earnings, Revises 2023 EPS Guidance",0.0,beats,0.09000000000000001,0.09000000000000001
2023-07-27,ABT,Healthcare,"LabCorp (LH) Q2 Earnings Miss Estimates, Margins Decline",-0.1531,decline,-0.05,-0.2031
2023-07-27,ABT,Healthcare,"Boston Scientific (BSX) Q2 Earnings Beat, Margins Improve",0.4404,beat,0.09000000000000001,0.5304
2023-07-28,ABT,Healthcare,"Neogen (NEOG) Q4 Earnings Beat Estimates, Gross Margin Up",-0.4767,beat,0.09000000000000001,-0.3867
2023-07-28,ABT,Healthcare,"DexCom (DXCM) Q2 Earnings Beat Estimates, Volumes Remain Strong",0.5106,beat,0.09000000000000001,0.6006
2023-07-28,ABT,Healthcare,"Amedisys (AMED) Q2 Earnings Beat Estimates, Margins Dip",0.0,beat,0.09000000000000001,0.09000000000000001
2023-07-31,ABT,Healthcare,4 Medical Product Stocks to Buy Amid Recovering Prospects,0.296,buy,0.04000000000000001,0.33599999999999997
2023-07-31,ABT,Healthcare,Glucose Monitor Maker DexCom In Buy Zone After Gapping Higher,0.0,buy,0.04000000000000001,0.04000000000000001
2023-08-01,ABT,Healthcare,Medical device maker Zimmer Biomet lifts profit forecast as surgeries rebound,0.4404,rebound,0.05,0.4904
2023-08-01,ABT,Healthcare,"Zimmer Biomet (ZBH) Q2 Earnings Match Estimates, View Raised",0.0,raised,0.06,0.06
2023-08-01,ABT,Healthcare,Longreach sells stake in medical device firm Quasar to Boyu Capital,0.0,sells,-0.05,-0.05
2023-08-01,ABT,Healthcare,"IDEXX (IDXX) Q2 Earnings and Revenues Beat Estimates, View Up",0.0,beat,0.09000000000000001,0.09000000000000001
2023-08-01,ABT,Healthcare,"Hologic's (HOLX) Q3 Earnings Beat Estimates, 2023 View Up",0.0,beat,0.09000000000000001,0.09000000000000001
2023-08-01,ABT,Healthcare,Tenet Healthcare (THC) Q2 Earnings Beat on Solid Hospital Unit,0.1531,beat,0.09000000000000001,0.24310000000000004
2023-08-02,ABT,Healthcare,"Exact Sciences (EXAS) Beats on Q2 Earnings, Ups '23 Sales View",0.0,beats,0.09000000000000001,0.09000000000000001
2023-08-02,ABT,Healthcare,"Revvity (RVTY) Beats on Q2 Earnings, Lowers '23 EPS View",-0.128,beats,0.09000000000000001,-0.03799999999999999
2023-08-02,ABT,Healthcare,"AmerisourceBergen (ABC) Beats on Q3 Earnings, Ups '23 EPS View",0.0,beats,0.09000000000000001,0.09000000000000001
2023-08-02,ABT,Healthcare,"Penumbra (PEN) Q2 Earnings Top Estimates, Sales View Raised",0.2023,raised,0.06,0.2623
2023-08-03,ABT,Healthcare,"DENTSPLY SIRONA (XRAY) Beats on Q2 Earnings, Ups '23 EPS View",0.0,beats,0.09000000000000001,0.09000000000000001
2023-08-03,ABT,Healthcare,"Noteworthy ETF Inflows: DGRO, C, ABT, MDT",0.0,inflows,0.05,0.05
2023-08-03,ABT,Healthcare,"PacBio (PACB) Tops on Q2 Earnings, Raises FY23 Revenue View",0.5106,raises,0.06999999999999999,0.5806
2023-08-03,ABT,Healthcare,"STERIS (STE) Q1 Earnings Beat Estimates, Gross Margin Falls",-0.4767,beat,0.09000000000000001,-0.3867
2023-08-03,ABT,Healthcare,"Glaukos (GKOS) Q2 Earnings Beat Estimates, Revenues Rise Y/Y",0.0,beat,0.09000000000000001,0.09000000000000001
2023-08-03,ABT,Healthcare,"McKesson (MCK) Q1 Earnings Beat Estimates, U.S. Sales Strong",0.5106,beat,0.09000000000000001,0.6006
2023-08-03,ABT,Healthcare,Fresenius Medical (FMS) Q2 Earnings and Revenues Beat Estimates,0.0,beat,0.09000000000000001,0.09000000000000001
2023-08-03,ABT,Healthcare,Cigna (CI) Q2 Earnings Beat on Strong U.S. Commercial Unit,0.5106,beat,0.09000000000000001,0.6006
2023-08-04,ABT,Healthcare,"ResMed's (RMD) Q4 Earnings Miss, Revenues Beat Estimates",-0.1531,beat,0.09000000000000001,-0.0631
2023-08-04,ABT,Healthcare,Does Abbott Laboratories' Dividend Make It a Buy?,0.0,buy; dividend,0.034999999999999996,0.034999999999999996
2023-08-04,ABT,Healthcare,"Globus Medical (GMED) Q2 Earnings Beat Estimates, Margins Dip",0.0,beat,0.09000000000000001,0.09000000000000001
2023-08-07,ABT,Healthcare,2 Top Stocks to Buy in August and Hold Forever,0.2023,buy,0.04000000000000001,0.24230000000000002
2023-08-08,ABT,Healthcare,Is AbbVie Still a Good Dividend Stock to Buy?,0.4404,buy; dividend,0.034999999999999996,0.4754
2023-08-09,ABT,Healthcare,"Insulet (PODD) Q2 Earnings Beat, Sales Growth View Raised",0.3818,beat; raised,0.07500000000000001,0.4568
2023-08-14,ABT,Healthcare,2 Best Healthcare Stocks to Buy Right Now,0.6369,buy,0.04000000000000001,0.6769000000000001
2023-08-14,ABT,Healthcare,2 Blue Chip Dividend Stocks That Are Top Buys in August,0.2023,buys; dividend,0.034999999999999996,0.2373
2023-08-15,ABT,Healthcare,"Notable ETF Inflow Detected - IOO, ABT, PM, NKE",0.0,inflow,0.05,0.05
2023-08-21,ABT,Healthcare,2 Healthcare Stocks You Can Buy and Hold for the Next Decade,0.0,buy,0.04000000000000001,0.04000000000000001
2023-08-21,ABT,Healthcare,"Down 4% to 17%, These Monster Dividend Stocks Could Be Picking Up Steam",0.0,dividend,0.03,0.03
2023-08-21,ABT,Healthcare,5 Dividend Growth Stocks With Upside To Analyst Targets,0.3818,dividend,0.03,0.41179999999999994
2023-08-22,ABT,Healthcare,Medtronic raises annual forecast as demand for medical procedures picks up,-0.128,raises,0.06999999999999999,-0.05800000000000001
2023-08-23,ABT,Healthcare,Want Growing Passive Income? This Dividend King Could Be a Smart Buy,0.6705,buy; dividend,0.034999999999999996,0.7055
2023-08-25,ABT,Healthcare,Which Is A Better Buy – Boston Scientific Stock Or Abbott?,0.4404,buy,0.04000000000000001,0.48040000000000005
2023-08-25,ABT,Healthcare,Wall St Week Ahead-Historically stormy month of September may test US stock rally,0.0,rally,0.06999999999999999,0.06999999999999999
2023-08-28,ABT,Healthcare,Wall St Week Ahead-Historically stormy month of September may test US stock rally,0.0,rally,0.06999999999999999,0.06999999999999999
2023-08-28,ABT,Healthcare,Should You Buy Medtronic Stock After A Q1 Beat?,0.0,beat; buy,0.065,0.065
2023-08-28,ABT,Healthcare,ABT Dividend Yield Pushes Past 2%,0.0,dividend; yield,0.03,0.03
2023-08-28,ABT,Healthcare,1 Stock-Split Stock Billionaires Are Buying Hand Over Fist and 1 Unexpected Stock-Split Stock They're Selling,0.4939,buying; selling,-0.004999999999999999,0.4889
2023-08-30,ABT,Healthcare,"IWD, PG, WMT, ABT: Large Inflows Detected at ETF",0.0,inflows,0.05,0.05
2023-08-31,ABT,Healthcare,2 Unstoppable Growth Stocks to Buy in 2023 and Beyond,0.2023,buy,0.04000000000000001,0.24230000000000002
2023-09-05,ABT,Healthcare,2 Incredible Stocks to Buy on the Dip,0.0,buy,0.04000000000000001,0.04000000000000001
2023-09-05,ABT,Healthcare,"Down 10.3%, Is Abbott Laboratories Stock a Buy on the Dip?",0.0,buy,0.04000000000000001,0.04000000000000001
2023-09-07,ABT,Healthcare,Abbott Laboratories a Top 25 Dividend Giant With 2.01% Yield (ABT),0.2023,dividend; yield,0.03,0.2323
2023-09-08,ABT,Healthcare,"VTV, ABT, WFC, NEE: ETF Inflow Alert",0.296,inflow,0.05,0.346
2023-09-08,ABT,Healthcare,The 3 Best Pharma Stocks to Buy Now: September 2023,0.6369,buy,0.04000000000000001,0.6769000000000001
2023-09-11,ABT,Healthcare,3 No-Brainer Dividend Stocks to Buy No Matter What the Market Is Doing,-0.2732,buy; dividend,0.034999999999999996,-0.2382
2023-09-12,ABT,Healthcare,Is Abbott Laboratories a Buy?,0.0,buy,0.04000000000000001,0.04000000000000001
2023-09-12,ABT,Healthcare,This Proven 200% Dividend Growth Strategy Is a Peter Lynch Favorite,0.6808,dividend,0.03,0.7108
2023-09-15,ABT,Healthcare,2 Dividend Kings to Buy on the Dip and Hold Forever,0.0,buy; dividend,0.034999999999999996,0.034999999999999996
2023-09-19,ABT,Healthcare,"Noteworthy ETF Inflows: IWB, MCD, BAC, ABT",0.0,inflows,0.05,0.05
2023-09-20,ABT,Healthcare,All You Need to Know About Abbott (ABT) Rating Upgrade to Buy,0.0,buy; upgrade,0.065,0.065
2023-09-22,ABT,Healthcare,"Daily Dividend Report: SCVL,ABT,TXN,WKC,BFS",0.0,dividend,0.03,0.03
2023-09-25,ABT,Healthcare,3 Best Stocks to Buy in September and Hold Forever,0.6369,buy,0.04000000000000001,0.6769000000000001
2023-09-26,ABT,Healthcare,Prestige Consumer (PBH) Stock Rallies 20% in a Year: Here's Why,0.0,rallies,0.06999999999999999,0.06999999999999999
2023-09-26,ABT,Healthcare,5 Dividend Aristocrats to Buy as Things Look Dicey for Wall Street,0.0,buy; dividend,0.034999999999999996,0.034999999999999996
2023-09-27,ABT,Healthcare,"IWB, BAC, LIN, ABT: ETF Outflow Alert",0.296,outflow,-0.05,0.246
2023-09-29,ABT,Healthcare,"Want $500 in Passive Income? Invest $3,500 Into These 3 Dividend Stocks and Wait 4 Years",0.2732,dividend,0.03,0.3032
2023-10-02,ABT,Healthcare,3 Revolutionary Stocks I'd Buy Right Now Without Hesitation,0.2057,buy,0.04000000000000001,0.2457
2023-10-02,ABT,Healthcare,3 Medical Product Stocks With Solid Dividend Yield: ABT & Others,0.1531,dividend; yield,0.03,0.1831
2023-10-05,ABT,Healthcare,"Notable ETF Inflow Detected - VTV, BAC, ABT, BMY",0.0,inflow,0.05,0.05
2023-10-09,ABT,Healthcare,2 Magnificent Dividend Stocks to Buy Hand Over Fist in October,0.7964,buy; dividend,0.034999999999999996,0.8314
2023-10-10,ABT,Healthcare,3 Dividend Kings Every Investor Should Own to Survive a Market Crash,-0.4019,dividend,0.03,-0.3719
2023-10-10,ABT,Healthcare,Lumentum Lights Up on the AI and ML Surge,0.0,surge,0.06999999999999999,0.06999999999999999
2023-10-11,ABT,Healthcare,3 Reasons to Buy Abbott Laboratories Stock,0.0,buy,0.04000000000000001,0.04000000000000001
2023-10-12,ABT,Healthcare,CGDV: An Outperforming Dividend ETF with Lots to Like,0.3612,dividend,0.03,0.3912
2023-10-13,ABT,Healthcare,Abbott Laboratories a Top Ranked SAFE Dividend Stock With 2.3% Yield (ABT),0.6633,dividend; yield,0.03,0.6933
2023-10-13,ABT,Healthcare,Will Abbott (ABT) Beat Estimates Again in Its Next Earnings Report?,0.0,beat,0.09000000000000001,0.09000000000000001
2023-10-16,ABT,Healthcare,3 Dividend Growth Stocks You Can Buy and Hold Forever,0.3818,buy; dividend,0.034999999999999996,0.41679999999999995
2023-10-16,ABT,Healthcare,Should You Buy Abbott (ABT) Ahead of Earnings?,0.0,buy,0.04000000000000001,0.04000000000000001
2023-10-17,ABT,Healthcare,Is ProShares S&P 500 Dividend Aristocrats ETF (NOBL) a Strong ETF Right Now?,0.5106,dividend,0.03,0.5406000000000001
2023-10-17,ABT,Healthcare,"Notable ETF Outflow Detected - SPY, XOM, ABT, DIS",0.0,outflow,-0.05,-0.05
2023-10-18,ABT,Healthcare,"Abbott beats profit estimates on strong sales of devices, diagnostics",0.7351,beats,0.09000000000000001,0.8251
2023-10-18,ABT,Healthcare,"Abbott profit beats on strong sales of medical devices, diagnostics",0.7351,beats,0.09000000000000001,0.8251
2023-10-18,ABT,Healthcare,Abbott Laboratories Q3 Profit Beats Estimates,0.4404,beats,0.09000000000000001,0.5304
2023-10-18,ABT,Healthcare,"S&P Futures Plunge as Middle East Fears Weigh on Sentiment, Tesla and Netflix Earnings on Tap",-0.4215,plunge,-0.09000000000000001,-0.5115
2023-10-18,ABT,Healthcare,"Oversold and Overextended, Abbott Laboratories is a Great Buy",0.6249,buy,0.04000000000000001,0.6649
2023-10-18,ABT,Healthcare,Stocks Close Lower on Heightened Geopolitical Risks and Soaring Bond Yields,-0.5106,yields,0.03,-0.4806
2023-10-19,ABT,Healthcare,Raymond James Maintains Abbott Laboratories (ABT) Outperform Recommendation,0.0,outperform,0.06999999999999999,0.06999999999999999
2023-10-19,ABT,Healthcare,7 Blue-Chip Stocks to Buy on the Dip,0.0,buy,0.04000000000000001,0.04000000000000001
2023-10-23,ABT,Healthcare,5 Dividend Aristocrats Where Analysts See Capital Gains,0.34,dividend,0.03,0.37
2023-10-25,ABT,Healthcare,Are These 3 Dividend Aristocrats Undervalued Hidden Gems?,0.0,dividend,0.03,0.03
2023-10-26,ABT,Healthcare,Boston Scientific raises profit forecast on strength in heart devices unit,0.7269,raises,0.06999999999999999,0.7968999999999999
2023-10-26,ABT,Healthcare,"Got $1,000? These 2 Stocks Could Be Bargain Buys for 2023 and Beyond",0.2023,buys,0.04000000000000001,0.24230000000000002
2023-10-26,ABT,Healthcare,"CONMED (CNMD) Beats on Q3 Earnings, Ups '23 EPS View",0.0,beats,0.09000000000000001,0.09000000000000001
2023-10-26,ABT,Healthcare,"West Pharmaceutical (WST) Beats on Q3 Earnings, HVP Drives Sales",0.0,beats,0.09000000000000001,0.09000000000000001
2023-10-27,ABT,Healthcare,"DexCom (DXCM) Beats on Q3 Earnings, Raises Sales Outlook",0.0,beats; raises,0.08000000000000002,0.08000000000000002
2023-10-30,ABT,Healthcare,2 No-Brainer Dividend Stocks to Buy This Week,0.0,buy; dividend,0.034999999999999996,0.034999999999999996
2023-10-31,ABT,Healthcare,GE HealthCare beats quarterly profit estimates on imaging device demand,0.34,beats,0.09000000000000001,0.43000000000000005
2023-10-31,ABT,Healthcare,"PacBio (PACB) Tops on Q3 Earnings, Raises FY23 Revenue View",0.5106,raises,0.06999999999999999,0.5806
2023-11-02,ABT,Healthcare,"Exact Sciences (EXAS) Q3 Earnings Beat, Gross Margin Rises",-0.4767,beat,0.09000000000000001,-0.3867
2023-11-02,ABT,Healthcare,"Baxter (BAX) Beats on Q3 Earnings, Divests BioPharma Business",0.0,beats,0.09000000000000001,0.09000000000000001
2023-11-02,ABT,Healthcare,Teleflex beats profit estimates on strong demand for medical devices,0.6908,beats,0.09000000000000001,0.7807999999999999
2023-11-02,ABT,Healthcare,"DENTSPLY SIRONA (XRAY) Beats on Q3 Earnings, Lowers '23 Guidance",-0.128,beats,0.09000000000000001,-0.03799999999999999
2023-11-02,ABT,Healthcare,3 Dividend Stocks That Are Investor Safe Havens,0.4404,dividend,0.03,0.47040000000000004
2023-11-02,ABT,Healthcare,"McKesson (MCK) Beats on Q2 Earnings, Raises '23 EPS View",0.0,beats; raises,0.08000000000000002,0.08000000000000002
2023-11-02,ABT,Healthcare,"Glaukos (GKOS) Q3 Earnings Beat Estimates, Revenues Rise Y/Y",0.0,beat,0.09000000000000001,0.09000000000000001
2023-11-02,ABT,Healthcare,Baxter International beats Q3 profit estimates on strong demand for medical devices,0.6908,beats,0.09000000000000001,0.7807999999999999
2023-11-02,ABT,Healthcare,1 Stock Down 15% This Year to Buy and Hold Forever,0.0,buy,0.04000000000000001,0.04000000000000001
2023-11-03,ABT,Healthcare,AMN Healthcare (AMN) Q3 Earnings and Revenues Beat Estimates,0.0,beat,0.09000000000000001,0.09000000000000001
2023-11-03,ABT,Healthcare,Stryker (SYK) Q3 Earnings Beat on Strong Segmental Result,0.5106,beat,0.09000000000000001,0.6006
2023-11-03,ABT,Healthcare,"Cardinal Health (CAH) Beats on Q1 Earnings, Ups '24 EPS View",0.0,beats,0.09000000000000001,0.09000000000000001
2023-11-06,ABT,Healthcare,Looking for a Lifetime of Passive Income? 2 Top Dividend Stocks to Buy and Hold Forever,0.3818,buy; dividend,0.034999999999999996,0.41679999999999995
2023-11-06,ABT,Healthcare,3 Dividend Kings to Buy for Royal Returns,0.0,buy; dividend,0.034999999999999996,0.034999999999999996
2023-11-06,ABT,Healthcare,"Insulet (PODD) Q3 Earnings Beat, 2023 Sales Growth View Up",0.3818,beat,0.09000000000000001,0.4718
2023-11-07,ABT,Healthcare,"Shockwave Medical (SWAV) Q3 Earnings Beat, Revenues Rise Y/Y",0.0,beat,0.09000000000000001,0.09000000000000001
2023-11-07,ABT,Healthcare,Medical device maker Zimmer cuts revenue growth forecast as profit beats,0.5106,beats,0.09000000000000001,0.6006
2023-11-08,ABT,Healthcare,"Masimo (MASI) Q3 Earnings Beat Estimates, Margins Fall",0.0,beat,0.09000000000000001,0.09000000000000001
2023-11-09,ABT,Healthcare,"IVV, GOOG, XOM, ABT: ETF Inflow Alert",0.296,inflow,0.05,0.346
2023-11-09,ABT,Healthcare,2 No-Brainer Stocks to Buy for Forever Dividend Growth,0.3818,buy; dividend,0.034999999999999996,0.41679999999999995
2023-11-09,ABT,Healthcare,BD beats quarterly revenue estimates on strong demand for medical devices,0.4215,beats,0.09000000000000001,0.5115
2023-11-10,ABT,Healthcare,"Hologic's (HOLX) Q4 Earnings Beat Estimates, Gross Margin Down",-0.4767,beat,0.09000000000000001,-0.3867
2023-11-13,ABT,Healthcare,"US STOCKS-Wall Street wavers after rally, focus on inflation data",0.0,rally,0.06999999999999999,0.06999999999999999
2023-11-14,ABT,Healthcare,3 Dividend Giants to Grow Wealth no Matter What the Market Is Doing,0.2732,dividend,0.03,0.3032
2023-11-17,ABT,Healthcare,"UPRO, LIN, CMCSA, ABT: Large Outflows Detected at ETF",0.0,outflows,-0.05,-0.05
2023-11-20,ABT,Healthcare,PETQ vs. ABT: Which Stock Should Value Investors Buy Now?,0.34,buy,0.04000000000000001,0.38
2023-11-21,ABT,Healthcare,Medical device maker Medtronic raises fiscal 2024 profit view,0.4404,raises,0.06999999999999999,0.5104
2023-11-22,ABT,Healthcare,Abbott (ABT) Benefits From Innovation Amid FX Headwinds,0.6369,headwinds,-0.05,0.5869
2023-11-22,ABT,Healthcare,Bullish Two Hundred Day Moving Average Cross - ABT,0.0,bullish,0.09000000000000001,0.09000000000000001
2023-11-28,ABT,Healthcare,3 Defensive Dividend Stocks to Protect Your Portfolio,0.4019,dividend,0.03,0.43189999999999995
2023-11-28,ABT,Healthcare,ABT Dividend Yield Pushes Past 2%,0.0,dividend; yield,0.03,0.03
2023-11-29,ABT,Healthcare,"Notable ETF Inflow Detected - OEF, UNH, ABT, NEE",0.0,inflow,0.05,0.05
2023-11-29,ABT,Healthcare,Wall Street Bulls Look Optimistic About Abbott (ABT): Should You Buy?,0.3182,buy,0.04000000000000001,0.35819999999999996
2023-12-06,ABT,Healthcare,Abbott (ABT) Advances While Market Declines: Some Information for Investors,0.0,declines,-0.05,-0.05
2023-12-07,ABT,Healthcare,"VIG, UNH, JPM, ABT: ETF Inflow Alert",0.296,inflow,0.05,0.346
2023-12-07,ABT,Healthcare,Looking for Dividend Growth in the New Year? 3 Magnificent Stocks to Buy Now.,0.7579,buy; dividend,0.034999999999999996,0.7929
2023-12-08,ABT,Healthcare,2 Healthcare Stocks to Buy Hand Over Fist in December,0.4939,buy,0.04000000000000001,0.5339
2023-12-12,ABT,Healthcare,"MDT, ABT: 2 Healthcare Dividend Aristocrat Stocks Hedge Funds are Bullish On",0.0,bullish; dividend,0.06,0.06
2023-12-13,ABT,Healthcare,3 No-Brainer Healthcare Stocks to Buy Right Now,0.0,buy,0.04000000000000001,0.04000000000000001
2023-12-18,ABT,Healthcare,Is ProShares S&P 500 Dividend Aristocrats ETF (NOBL) a Strong ETF Right Now?,0.5106,dividend,0.03,0.5406000000000001
2020-01-08,ADBE,Tech,Buy Nutanix Before Its Cloud Transition Gains Steam,0.34,buy,0.04000000000000001,0.38
2020-01-09,ADBE,Tech,iShares Expanded Tech-Software Sector ETF Experiences Big Inflow,0.0,inflow,0.05,0.05
2020-01-10,ADBE,Tech,"Jefferies Maintains Buy on Adobe, Raises Price Target to $390",0.0,buy; raises,0.05500000000000001,0.05500000000000001
2020-01-10,ADBE,Tech,"B of A Securities Reiterates Buy on Adobe, Raises Price Target to $400",0.296,buy; raises,0.05500000000000001,0.351
2020-01-13,ADBE,Tech,"Credit Suisse Maintains Outperform on Adobe, Raises Price Target to $385",0.3818,outperform; raises,0.06999999999999999,0.4518
2020-01-16,ADBE,Tech,"Wells Fargo Maintains Equal-Weight on Adobe, Raises Price Target to $345",0.25,raises,0.06999999999999999,0.32
2020-01-17,ADBE,Tech,iShares Russell 1000 ETF Experiences Big Outflow,0.0,outflow,-0.05,-0.05
2020-01-17,ADBE,Tech,"Oppenheimer Upgrades Adobe to Outperform, Announces $410 Price Target",0.0,outperform,0.06999999999999999,0.06999999999999999
2020-01-21,ADBE,Tech,The 5 Best Mutual Funds to Buy in 2020,0.6369,buy,0.04000000000000001,0.6769000000000001
2020-01-24,ADBE,Tech,4 Boosted Enterprise Software Stocks to Buy in 2020,0.3612,buy,0.04000000000000001,0.4012
2020-01-27,ADBE,Tech,"Notable ETF Inflow Detected - ESGU, NEE, VZ, ADBE",0.0,inflow,0.05,0.05
2020-01-27,ADBE,Tech,Cleveland Research Upgrades Adobe to Buy,0.0,buy,0.04000000000000001,0.04000000000000001
2020-01-30,ADBE,Tech,5 Reasons to Buy Microsoft Stock,0.0,buy,0.04000000000000001,0.04000000000000001
2020-02-05,ADBE,Tech,"SSO, BRK.B, T, ADBE: Large Outflows Detected at ETF",0.0,outflows,-0.05,-0.05
2020-02-06,ADBE,Tech,Buy Long-Term Winner Adobe Stock On the Dip,0.5859,buy,0.04000000000000001,0.6259
2020-02-10,ADBE,Tech,Adobe Stock Is a Buy Until Proven Otherwise,0.0,buy,0.04000000000000001,0.04000000000000001
2020-02-13,ADBE,Tech,"13F From Dan Loeb's Third Point Shows Raised Stake In Five Below, Grocery Outlet, Adobe",0.0,raised,0.06,0.06
2020-02-13,ADBE,Tech,"IWB, T, XOM, ADBE: Large Inflows Detected at ETF",0.0,inflows,0.05,0.05
2020-02-19,ADBE,Tech,"UBS Maintains Buy on Adobe, Raises Price Target to $430",0.0,buy; raises,0.05500000000000001,0.05500000000000001
2020-02-21,ADBE,Tech,"Notable ETF Inflow Detected - MGK, ADBE, MCD, UNP",0.0,inflow,0.05,0.05
2020-02-24,ADBE,Tech,4 Top SaaS Stocks to Buy Right Now,0.2023,buy,0.04000000000000001,0.24230000000000002
2020-02-24,ADBE,Tech,Shares of several software companies are trading lower as the coronavirus cases surge outside of China. NOTE: The virus has raised fear of a global economic slowdown.,-0.4939,raised; surge,0.06499999999999999,-0.4289
2020-02-26,ADBE,Tech,"Shares of several software companies are trading higher. Movement appears related to overall market rebound, as the sector has heavily sold off amid recent global weakness.",-0.1531,rebound,0.05,-0.10310000000000001
2020-02-26,ADBE,Tech,Better Buy: Shopify vs. Amazon,0.5574,buy,0.04000000000000001,0.5974
2020-03-02,ADBE,Tech,"Notable ETF Inflow Detected - IGV, ADBE, ORCL, INTU",0.0,inflow,0.05,0.05
2020-03-03,ADBE,Tech,"10 Tech Stocks to Buy on Coronavirus Weakness, According to Wedbush",-0.4215,buy,0.04000000000000001,-0.38149999999999995
2020-03-05,ADBE,Tech,3 Top Large-Cap Stocks to Buy in March,0.2023,buy,0.04000000000000001,0.24230000000000002
2020-03-10,ADBE,Tech,Shares of several technology companies are trading higher as markets look to rebound from Monday's selloff. The technology sector has been highly impacted by the coronavirus due to its China exposure and sensitivity to economic conditions.,0.296,rebound,0.05,0.346
2020-03-11,ADBE,Tech,The 10 Best Stocks to Buy After The Market’s Historic Sell-Off,0.6369,buy,0.04000000000000001,0.6769000000000001
2020-03-11,ADBE,Tech,"Noteworthy ETF Outflows: IGV, ADBE, CRM, ORCL",0.0,outflows,-0.05,-0.05
2020-03-11,ADBE,Tech,"Shares of several companies in the technology, software and semiconductor space are trading lower as equities sell off amid coronavirus fears. The virus spread has disrupted economic activity across sectors and caused global macro uncertainty.",-0.6369,sell,-0.05,-0.6869000000000001
