date,sector,finance_adjusted_sentiment_index,lagged_finance_adjusted_sentiment,rolling_lagged_finance_sentiment
2020-01-03,Comm,0.09590476190476191,0.0,0.0
2020-01-03,Consumer,-0.09830980952380951,0.0,0.0
2020-01-03,Energy,0.06405147049441785,0.0,0.0
2020-01-03,Financials,0.09264952380952382,0.0,0.0
2020-01-03,Healthcare,0.23177523809523812,0.0,0.0
2020-01-03,Industrials,-0.02385666666666666,0.0,0.0
2020-01-03,Materials,0.14273124999999998,0.0,0.0
2020-01-03,RealEstate,0.0020850000000000035,0.0,0.0
2020-01-03,Tech,0.08576517857142857,0.0,0.0
2020-01-03,Utilities,0.21524999999999997,0.0,0.0
2020-01-06,Comm,0.17742083333333333,0.09590476190476191,0.047952380952380955
2020-01-06,Consumer,0.11009323529411766,-0.09830980952380951,-0.049154904761904754
2020-01-06,Energy,0.08512151515151514,0.06405147049441785,0.03202573524720893
2020-01-06,Financials,0.26090599999999997,0.09264952380952382,0.04632476190476191
2020-01-06,Healthcare,0.34138,0.23177523809523812,0.11588761904761906
2020-01-06,Industrials,0.079825,-0.02385666666666666,-0.01192833333333333
2020-01-06,Materials,-0.063515,0.14273124999999998,0.07136562499999999
2020-01-06,RealEstate,0.16466666666666666,0.0020850000000000035,0.0010425000000000018
2020-01-06,Tech,-0.013116666666666676,0.08576517857142857,0.042882589285714284
2020-01-06,Utilities,0.023812500000000014,0.21524999999999997,0.10762499999999998
2020-01-07,Comm,0.2987444444444444,0.17742083333333333,0.09110853174603174
2020-01-07,Consumer,0.1490885,0.11009323529411766,0.003927808590102717
2020-01-07,Energy,0.09490555555555556,0.08512151515151514,0.049724328548644336
2020-01-07,Financials,0.138025,0.26090599999999997,0.11785184126984127
2020-01-07,Healthcare,0.11490400000000003,0.34138,0.19105174603174604
2020-01-07,Industrials,0.032289285714285715,0.079825,0.01865611111111111
2020-01-07,Materials,0.13726666666666665,-0.063515,0.026405416666666657
2020-01-07,RealEstate,0.034999999999999996,0.16466666666666666,0.055583888888888884
2020-01-07,Tech,0.017004464285714286,-0.013116666666666676,0.02421617063492063
2020-01-07,Utilities,0.6669,0.023812500000000014,0.0796875
2020-01-08,Comm,0.1993525,0.2987444444444444,0.14301750992063492
2020-01-08,Consumer,0.07908392857142857,0.1490885,0.040217981442577044
2020-01-08,Energy,-0.006374999999999987,0.09490555555555556,0.06101963530037214
2020-01-08,Financials,0.47435,0.138025,0.12289513095238096
2020-01-08,Healthcare,0.26863333333333334,0.11490400000000003,0.17201480952380954
2020-01-08,Industrials,0.03399365079365079,0.032289285714285715,0.02206440476190476
2020-01-08,Materials,-0.10209999999999997,0.13726666666666665,0.05412072916666666
2020-01-08,RealEstate,-0.10079999999999999,0.034999999999999996,0.050437916666666666
2020-01-08,Tech,0.101943125,0.017004464285714286,0.022413244047619046
2020-01-08,Utilities,0.26306666666666667,0.6669,0.226490625
2020-01-09,Comm,0.16718,0.1993525,0.15428450793650791
2020-01-09,Consumer,0.2880594444444445,0.07908392857142857,0.04799117086834735
2020-01-09,Energy,0.11426000000000001,-0.006374999999999987,0.04754070824029771
2020-01-09,Financials,0.2631293333333333,0.47435,0.19318610476190476
2020-01-09,Healthcare,0.18237777777777778,0.26863333333333334,0.1913385142857143
2020-01-09,Industrials,0.027716666666666667,0.03399365079365079,0.024450253968253965
2020-01-09,Materials,0.04686666666666667,-0.10209999999999997,0.022876583333333332
2020-01-09,RealEstate,0.0,-0.10079999999999999,0.02019033333333333
2020-01-09,Tech,0.10328777777777778,0.101943125,0.03831922023809524
2020-01-09,Utilities,0.08274999999999999,0.26306666666666667,0.23380583333333335
2020-01-10,Comm,0.04542916666666667,0.16718,0.1564337566137566
2020-01-10,Consumer,-0.002255999999999994,0.2880594444444445,0.08800254979769688
2020-01-10,Energy,0.07536200000000001,0.11426000000000001,0.0586605902002481
2020-01-10,Financials,0.22269166666666665,0.2631293333333333,0.2048433095238095
2020-01-10,Healthcare,0.24378000000000002,0.18237777777777778,0.18984505820105824
2020-01-10,Industrials,0.09671666666666667,0.027716666666666667,0.02499465608465608
2020-01-10,Materials,-0.09965,0.04686666666666667,0.026874930555555555
2020-01-10,RealEstate,-0.07012,0.0,0.016825277777777776
2020-01-10,Tech,0.3160325,0.10328777777777778,0.04914731316137566
2020-01-10,Utilities,0.17945416666666666,0.08274999999999999,0.20862986111111112
2020-01-13,Comm,0.007172916666666675,0.04542916666666667,0.14057595804988662
2020-01-13,Consumer,0.09342814285714285,-0.002255999999999994,0.07510847125516874
2020-01-13,Energy,0.1361435,0.07536200000000001,0.06104650588592694
2020-01-13,Financials,0.19761857142857142,0.22269166666666665,0.20739307482993197
2020-01-13,Healthcare,0.14285750000000003,0.24378000000000002,0.19755004988662134
2020-01-13,Industrials,0.0882125,0.09671666666666667,0.035240657596371884
2020-01-13,Materials,0.3534611111111111,-0.09965,0.008799940476190477
2020-01-13,RealEstate,0.2594666666666667,-0.07012,0.004404523809523809
2020-01-13,Tech,0.20718241666666665,0.3160325,0.08727376842403627
2020-01-13,Utilities,0.009933333333333336,0.17945416666666666,0.20446190476190476
2020-01-14,Comm,0.10129999999999999,0.007172916666666675,0.12390057787698412
2020-01-14,Consumer,0.05191,0.09342814285714285,0.07739843020541551
2020-01-14,Energy,0.20898499999999998,0.1361435,0.07043363015018608
2020-01-14,Financials,0.03913690476190477,0.19761857142857142,0.2061712619047619
2020-01-14,Healthcare,0.32695833333333335,0.14285750000000003,0.19071348115079367
2020-01-14,Industrials,0.15877166666666667,0.0882125,0.0418621378968254
2020-01-14,Materials,0.06949999999999999,0.3534611111111111,0.051882586805555554
2020-01-14,RealEstate,0.123,0.2594666666666667,0.036287291666666666
2020-01-14,Tech,0.22918666666666665,0.20718241666666665,0.10226234945436508
2020-01-14,Utilities,0.2927166666666667,0.009933333333333336,0.18014583333333334
2020-01-15,Comm,0.0006972222222222194,0.10129999999999999,0.12138940255731923
2020-01-15,Consumer,0.11530166666666666,0.05191,0.07456638240481378
2020-01-15,Energy,0.10683999999999998,0.20898499999999998,0.0858282268001654
2020-01-15,Financials,0.0640388253968254,0.03913690476190477,0.18761188888888888
2020-01-15,Healthcare,0.24076666666666666,0.32695833333333335,0.20585179805996473
2020-01-15,Industrials,-0.08423124999999998,0.15877166666666667,0.05485208553791887
2020-01-15,Materials,0.17965,0.06949999999999999,0.05384007716049383
2020-01-15,RealEstate,0.0315375,0.123,0.04592203703703704
2020-01-15,Tech,0.02621366666666667,0.22918666666666665,0.11636505136684303
2020-01-15,Utilities,0.1219625,0.2927166666666667,0.19265370370370372
2020-01-16,Comm,0.14840416666666667,0.0006972222222222194,0.10932018452380951
2020-01-16,Consumer,0.23214428571428572,0.11530166666666666,0.07863991083099907
2020-01-16,Energy,0.1819952380952381,0.10683999999999998,0.08792940412014885
2020-01-16,Financials,0.14679476923076923,0.0640388253968254,0.17525458253968254
2020-01-16,Healthcare,0.13424375,0.24076666666666666,0.20934328492063492
2020-01-16,Industrials,0.3056666666666667,-0.08423124999999998,0.04094375198412699
2020-01-16,Materials,0.1301,0.17965,0.06642106944444444
2020-01-16,RealEstate,0.26099999999999995,0.0315375,0.04448358333333333
2020-01-16,Tech,0.2492138888888889,0.02621366666666667,0.10734991289682538
2020-01-16,Utilities,0.16139375,0.1219625,0.18558458333333333
2020-01-17,Comm,0.0634,0.14840416666666667,0.1128732738095238
2020-01-17,Consumer,0.08977199999999999,0.23214428571428572,0.09259485400220696
2020-01-17,Energy,0.15210444444444446,0.1819952380952381,0.09648084357242968
2020-01-17,Financials,0.11468,0.14679476923076923,0.17266732678432678
2020-01-17,Healthcare,0.20373888888888889,0.13424375,0.20251605447330448
2020-01-17,Industrials,0.2644166666666667,0.3056666666666667,0.0650094715007215
2020-01-17,Materials,0.34726666666666667,0.1301,0.07221006313131313
2020-01-17,RealEstate,0.22465000000000002,0.26099999999999995,0.06416689393939393
2020-01-17,Tech,0.07929434565434566,0.2492138888888889,0.12024663798701299
2020-01-17,Utilities,0.1613168888888889,0.16139375,0.18338541666666666
2020-01-21,Comm,-0.004008333333333329,0.0634,0.1087505009920635
2020-01-21,Consumer,0.07898704545454546,0.08977199999999999,0.0923596161686897
2020-01-21,Energy,0.15043142857142858,0.15210444444444446,0.10111614364509759
2020-01-21,Financials,0.20158333333333336,0.11468,0.16783504955229955
2020-01-21,Healthcare,0.10457404761904762,0.20373888888888889,0.20261795734126986
2020-01-21,Industrials,0.11137199999999998,0.2644166666666667,0.08162673776455028
2020-01-21,Materials,0.026857500000000006,0.34726666666666667,0.09513144675925926
2020-01-21,RealEstate,0.10162222222222221,0.22465000000000002,0.0775404861111111
2020-01-21,Tech,0.03404666666666669,0.07929434565434566,0.11683394695929071
2020-01-21,Utilities,0.18314,0.1613168888888889,0.18154637268518517
2020-01-22,Comm,0.18275,-0.004008333333333329,0.1000767445054945
2020-01-22,Consumer,0.09575990476190477,0.07898704545454546,0.0913309568829863
2020-01-22,Energy,0.14459166666666667,0.15043142857142858,0.10490962710096921
2020-01-22,Financials,0.02551666666666667,0.20158333333333336,0.17043107138160984
2020-01-22,Healthcare,0.10670104166666666,0.10457404761904762,0.19507611813186815
2020-01-22,Industrials,-0.020185714285714283,0.11137199999999998,0.08391483485958486
2020-01-22,Materials,-0.09949999999999999,0.026857500000000006,0.0898796047008547
2020-01-22,RealEstate,0.02466666666666667,0.10162222222222221,0.07939292735042734
2020-01-22,Tech,0.19777,0.03404666666666669,0.11046569462908887
2020-01-22,Utilities,0.15960729166666665,0.18314,0.1816689594017094
2020-01-23,Comm,0.1815025714285714,0.18275,0.10598197704081633
2020-01-23,Consumer,0.13998566666666665,0.09575990476190477,0.09164731030290905
2020-01-23,Energy,0.05137333333333331,0.14459166666666667,0.10774405849851902
2020-01-23,Financials,0.04147000000000001,0.02551666666666667,0.16008004247339963
2020-01-23,Healthcare,0.031782222222222226,0.10670104166666666,0.18876361267006803
2020-01-23,Industrials,0.03342261904761905,-0.020185714285714283,0.07647908134920635
2020-01-23,Materials,0.09906999999999999,-0.09949999999999999,0.07635249007936508
2020-01-23,RealEstate,0.314,0.02466666666666667,0.07548390873015873
2020-01-23,Tech,0.036525555555555554,0.19777,0.1167017164412968
2020-01-23,Utilities,-0.009291666666666663,0.15960729166666665,0.18009312599206348
2020-01-24,Comm,0.14189689393939392,0.1815025714285714,0.11101668333333332
2020-01-24,Consumer,0.08210012820512821,0.13998566666666665,0.09486986739382622
2020-01-24,Energy,0.193695,0.05137333333333331,0.10398601015417332
2020-01-24,Financials,-0.039200000000000006,0.04147000000000001,0.1521727063085063
2020-01-24,Healthcare,0.23277866666666663,0.031782222222222226,0.17829818664021166
2020-01-24,Industrials,0.09224222222222223,0.03342261904761905,0.07360865052910052
2020-01-24,Materials,0.16281333333333334,0.09906999999999999,0.07786699074074074
2020-01-24,RealEstate,0.11696666666666668,0.314,0.09138498148148148
2020-01-24,Tech,0.07835913978494624,0.036525555555555554,0.11135663904891405
2020-01-24,Utilities,0.21469270588235295,-0.009291666666666663,0.16746747314814814
2020-01-27,Comm,-0.04177954545454546,0.14189689393939392,0.11294669649621211
2020-01-27,Consumer,0.04377444444444445,0.08210012820512821,0.09407175869453259
2020-01-27,Energy,0.04932833333333333,0.193695,0.10959282201953749
2020-01-27,Financials,-0.0015777777777777752,-0.039200000000000006,0.14021191216422466
2020-01-27,Healthcare,0.2816822222222222,0.23277866666666663,0.1817032166418651
2020-01-27,Industrials,0.06335666666666666,0.09224222222222223,0.07477324875992064
2020-01-27,Materials,-0.0005916666666666674,0.16281333333333334,0.08317613715277777
2020-01-27,RealEstate,0.09510000000000002,0.11696666666666668,0.09298383680555555
2020-01-27,Tech,-0.1700205,0.07835913978494624,0.10929429534491605
2020-01-27,Utilities,0.0040595238095238115,0.21469270588235295,0.17041905019403594
2020-01-28,Comm,0.05594750000000001,-0.04177954545454546,0.10384515285204991
2020-01-28,Consumer,0.05230214285714285,0.04377444444444445,0.09111309315040976
2020-01-28,Energy,0.25825,0.04932833333333333,0.10604785209681959
2020-01-28,Financials,0.15987500000000002,-0.0015777777777777752,0.1318713421676363
2020-01-28,Healthcare,0.20141166666666668,0.2816822222222222,0.18758433461718022
2020-01-28,Industrials,0.0039031249999999934,0.06335666666666666,0.07410168510737629
2020-01-28,Materials,0.17269166666666666,-0.0005916666666666674,0.07824861928104576
2020-01-28,RealEstate,0.14298333333333335,0.09510000000000002,0.09310831699346404
2020-01-28,Tech,0.0008519230769230696,-0.1700205,0.09286401326580335
2020-01-28,Utilities,0.033675,0.0040595238095238115,0.16063319570082935
2020-01-29,Comm,0.33025125,0.05594750000000001,0.10118417213804715
2020-01-29,Consumer,0.012840761904761902,0.05230214285714285,0.08895692924522827
2020-01-29,Energy,0.023745833333333338,0.25825,0.11450352698032962
2020-01-29,Financials,0.16730625000000002,0.15987500000000002,0.13342710093610094
2020-01-29,Healthcare,0.14910866666666667,0.20141166666666668,0.18835251973104059
2020-01-29,Industrials,0.016990833333333333,0.0039031249999999934,0.07020176510141093
2020-01-29,Materials,0.11496904761904762,0.17269166666666666,0.08349545524691358
2020-01-29,RealEstate,0.16963333333333333,0.14298333333333335,0.0958791512345679
2020-01-29,Tech,0.1568375,0.0008519230769230696,0.08775223047753222
2020-01-29,Utilities,0.18183125,0.033675,0.15357996260633883
2020-01-30,Comm,-0.010812499999999996,0.33025125,0.1132403341307815
2020-01-30,Consumer,0.05250723809523809,0.012840761904761902,0.08495081517467741
2020-01-30,Energy,0.1423595238095238,0.023745833333333338,0.10972680626206666
2020-01-30,Financials,0.04122777777777777,0.16730625000000002,0.1352102140447272
2020-01-30,Healthcare,0.18030353535353535,0.14910866666666667,0.18628705378028407
2020-01-30,Industrials,0.13516666666666666,0.016990833333333333,0.06740118974519632
2020-01-30,Materials,-0.04511538461538462,0.11496904761904762,0.08515196010860485
2020-01-30,RealEstate,0.06341333333333335,0.16963333333333333,0.09976095029239766
2020-01-30,Tech,-0.03081666666666666,0.1568375,0.0913882972945042
2020-01-30,Utilities,0.23523166666666667,0.18183125,0.1550668724691631
2020-01-31,Comm,-0.22890227272727273,-0.010812499999999996,0.10703769242424241
2020-01-31,Consumer,0.040436616161616167,0.05250723809523809,0.08332863632070545
2020-01-31,Energy,0.0880004761904762,0.1423595238095238,0.1113584421394395
2020-01-31,Financials,0.12318928571428572,0.04122777777777777,0.13051109223137974
2020-01-31,Healthcare,0.2786558333333333,0.18030353535353535,0.1859878778589466
2020-01-31,Industrials,0.08770900000000001,0.13516666666666666,0.07078946359126984
2020-01-31,Materials,0.002206666666666666,-0.04511538461538462,0.07863859287240538
2020-01-31,RealEstate,0.26709999999999995,0.06341333333333335,0.09794356944444445
2020-01-31,Tech,0.22499861111111114,-0.03081666666666666,0.08527804909644568
2020-01-31,Utilities,0.14981666666666665,0.23523166666666667,0.1590751121790383
2020-02-03,Comm,0.13704750000000002,-0.22890227272727273,0.09104055122655122
2020-02-03,Consumer,0.16272545454545456,0.040436616161616167,0.08128615917027261
2020-02-03,Energy,0.05464910256410256,0.0880004761904762,0.11024615804663172
2020-02-03,Financials,0.11248749999999999,0.12318928571428572,0.13016243477818476
2020-02-03,Healthcare,0.1260975499231951,0.2786558333333333,0.19040063764344123
2020-02-03,Industrials,0.10433133333333333,0.08770900000000001,0.07159515580120937
2020-02-03,Materials,0.1998375,0.002206666666666666,0.07499897733879876
2020-02-03,RealEstate,0.095,0.26709999999999995,0.10599863756613757
2020-02-03,Tech,0.10095,0.22499861111111114,0.09193140919238212
2020-02-03,Utilities,0.2786791666666667,0.14981666666666665,0.1586342338213063
2020-02-04,Comm,0.127079,0.13704750000000002,0.09756662265512266
2020-02-04,Consumer,0.15772409090909092,0.16272545454545456,0.08903499033910378
2020-02-04,Energy,0.12015777777777778,0.05464910256410256,0.11284849626396995
2020-02-04,Financials,0.3566375,0.11248749999999999,0.1355189823972324
2020-02-04,Healthcare,0.23462916666666667,0.1260975499231951,0.1964052828778791
2020-02-04,Industrials,0.21298125,0.10433133333333333,0.07656331453136811
2020-02-04,Materials,0.09388750000000001,0.1998375,0.08451504876737019
2020-02-04,RealEstate,0.08039583333333335,0.095,0.11052244708994709
2020-02-04,Tech,0.0807191111111111,0.10095,0.09673855204952497
2020-02-04,Utilities,0.17331249999999998,0.2786791666666667,0.1719046703292428
2020-02-05,Comm,-0.015672916666666665,0.127079,0.09905111018346731
2020-02-05,Consumer,0.021336342592592587,0.15772409090909092,0.10122708083590858
2020-02-05,Energy,0.5159990476190476,0.12015777777777778,0.11552022518222518
2020-02-05,Financials,-0.2386666666666667,0.3566375,0.1480898384063027
2020-02-05,Healthcare,0.16486785714285715,0.23462916666666667,0.19654118423842332
2020-02-05,Industrials,0.08364833333333332,0.21298125,0.08784131056311414
2020-02-05,Materials,0.07294999999999999,0.09388750000000001,0.08218915591022734
2020-02-05,RealEstate,0.025000000000000005,0.08039583333333335,0.11425153439153438
2020-02-05,Tech,0.108053125,0.0807191111111111,0.0964982631228432
2020-02-05,Utilities,0.04657,0.17331249999999998,0.16990764651971899
2020-02-06,Comm,0.07656857142857143,-0.015672916666666665,0.08985616970727685
2020-02-06,Consumer,0.16929583333333334,0.021336342592592587,0.09700056213583595
2020-02-06,Energy,0.23719583333333336,0.5159990476190476,0.13603820291877436
2020-02-06,Financials,0.2760653333333333,-0.2386666666666667,0.12430066380312808
2020-02-06,Healthcare,0.24267546153846156,0.16486785714285715,0.1881358441023689
2020-02-06,Industrials,-0.0212,0.08364833333333332,0.08802337405517763
2020-02-06,Materials,0.08470694444444445,0.07294999999999999,0.08868748924356067
2020-02-06,RealEstate,0.297475,0.025000000000000005,0.10760074074074073
2020-02-06,Tech,0.30081694444444446,0.108053125,0.10226825320220828
2020-02-06,Utilities,0.21061666666666667,0.04657,0.17099133699590946
2020-02-07,Comm,0.034719999999999994,0.07656857142857143,0.07927636623033052
2020-02-07,Consumer,0.20191874999999998,0.16929583333333334,0.09796281610408993
2020-02-07,Energy,0.225953,0.23719583333333336,0.14281393043200186
2020-02-07,Financials,0.06470555555555556,0.2760653333333333,0.1308740130094773
2020-02-07,Healthcare,0.2764868686868687,0.24267546153846156,0.19422019941372418
2020-02-07,Industrials,-0.0002499999999999947,-0.0212,0.08547626521164021
2020-02-07,Materials,0.029511111111111113,0.08470694444444445,0.08618464532821675
2020-02-07,RealEstate,0.017500000000000005,0.297475,0.12009955026455027
2020-02-07,Tech,0.19483238095238095,0.30081694444444446,0.11578313320976685
2020-02-07,Utilities,0.19746875,0.21061666666666667,0.14926355921813167
2020-02-10,Comm,0.1205,0.034719999999999994,0.07143672337318765
2020-02-10,Consumer,0.00296190476190476,0.20191874999999998,0.10381209331497426
2020-02-10,Energy,0.06332666666666667,0.225953,0.15387716852723995
2020-02-10,Financials,0.25379444444444443,0.06470555555555556,0.11136713470259897
2020-02-10,Healthcare,0.03092916666666666,0.2764868686868687,0.19459417728770206
2020-02-10,Industrials,0.11472916666666667,-0.0002499999999999947,0.08384561517384732
2020-02-10,Materials,0.24297999999999997,0.029511111111111113,0.09245184109541253
2020-02-10,RealEstate,0.1257,0.017500000000000005,0.12573288359788362
2020-02-10,Tech,0.18248000000000003,0.19483238095238095,0.12020643111226119
2020-02-10,Utilities,0.17014375000000004,0.19746875,0.1461398489006714
2020-02-11,Comm,-0.025286176470588215,0.1205,0.06921386623033052
2020-02-11,Consumer,0.05487366666666667,0.00296190476190476,0.0902360199967581
2020-02-11,Energy,0.09715885714285713,0.06332666666666667,0.15145177170184315
2020-02-11,Financials,0.3397160714285714,0.25379444444444443,0.11092261618408046
2020-02-11,Healthcare,0.0035305555555555554,0.03092916666666666,0.18738233866336343
2020-02-11,Industrials,0.002970833333333339,0.11472916666666667,0.0879890675547997
2020-02-11,Materials,0.13126133333333334,0.24297999999999997,0.10179057125414268
2020-02-11,RealEstate,0.0915825396825397,0.1257,0.13171859788359788
2020-02-11,Tech,0.06360993506493508,0.18248000000000003,0.1239774893133194
2020-02-11,Utilities,0.23248630952380955,0.17014375000000004,0.15030145604352854
2020-02-12,Comm,0.16409666666666667,-0.025286176470588215,0.06584646893808029
2020-02-12,Consumer,0.07298970588235294,0.05487366666666667,0.09295648031421841
2020-02-12,Energy,0.038100833333333334,0.09715885714285713,0.1524897172800744
2020-02-12,Financials,0.10055000000000001,0.3397160714285714,0.1164952068870283
2020-02-12,Healthcare,0.22219479166666664,0.0035305555555555554,0.1759418889279137
2020-02-12,Industrials,0.09502666666666668,0.002970833333333339,0.08352498025321241
2020-02-12,Materials,0.0965,0.13126133333333334,0.11278634903192046
2020-02-12,RealEstate,0.32405,0.0915825396825397,0.13941871882086168
2020-02-12,Tech,0.030617499999999992,0.06360993506493508,0.11195736717355438
2020-02-12,Utilities,0.36143194444444443,0.23248630952380955,0.15282679617958297
2020-02-13,Comm,0.0994845238095238,0.16409666666666667,0.0733190284618898
2020-02-13,Consumer,-0.010146950980392167,0.07298970588235294,0.09198322141065698
2020-02-13,Energy,0.13063645833333332,0.038100833333333334,0.14782101886737603
2020-02-13,Financials,0.09494666666666667,0.10055000000000001,0.11187289396185825
2020-02-13,Healthcare,0.11586666666666667,0.22219479166666664,0.17971985519775496
2020-02-13,Industrials,0.023087499999999997,0.09502666666666668,0.08384946438019653
2020-02-13,Materials,0.06326507936507937,0.0965,0.10055010564567707
2020-02-13,RealEstate,0.15576500000000001,0.32405,0.14249411564625852
2020-02-13,Tech,-0.030428787878787875,0.030617499999999992,0.10354951399895122
2020-02-13,Utilities,0.21097,0.36143194444444443,0.16956482528011205
2020-02-14,Comm,0.6249,0.0994845238095238,0.07323257721472427
2020-02-14,Consumer,-0.04376983333333333,-0.010146950980392167,0.08902812850682877
2020-02-14,Energy,0.124625,0.13063645833333332,0.14409013593086806
2020-02-14,Financials,0.20228888888888888,0.09494666666666667,0.11453050167160882
2020-02-14,Healthcare,0.33368749999999997,0.11586666666666667,0.16966787107077086
2020-02-14,Industrials,0.20294500000000001,0.023087499999999997,0.07738831358654574
2020-02-14,Materials,-0.0023249999999999937,0.06326507936507937,0.10025320466306181
2020-02-14,RealEstate,0.14727500000000002,0.15576500000000001,0.1440543537414966
2020-02-14,Tech,0.0433595430107527,-0.030428787878787875,0.09118687330631052
2020-02-14,Utilities,0.179129375,0.21097,0.16567212686741362
2020-02-18,Comm,0.052694285714285714,0.6249,0.10295651901366606
2020-02-18,Consumer,0.20194670634920636,-0.04376983333333333,0.08145329517349545
2020-02-18,Energy,0.1587616666666667,0.124625,0.14493704069277283
2020-02-18,Financials,-0.0008042857142857116,0.20228888888888888,0.12111383802837374
2020-02-18,Healthcare,0.12663278186274513,0.33368749999999997,0.17409267265807243
2020-02-18,Industrials,0.006366666666666666,0.20294500000000001,0.09106337311035526
2020-02-18,Materials,0.13331333333333334,-0.0023249999999999937,0.09158772847258562
2020-02-18,RealEstate,0.15699583333333333,0.14727500000000002,0.14956566326530613
2020-02-18,Tech,-0.03917761904761905,0.0433595430107527,0.09200334360840985
2020-02-18,Utilities,0.2913104166666667,0.179129375,0.16839435901027078
2020-02-19,Comm,0.18920416666666665,0.052694285714285714,0.09839890563498126
2020-02-19,Consumer,0.169562,0.20194670634920636,0.08001531520372976
2020-02-19,Energy,0.25311249999999996,0.1587616666666667,0.14383068014855516
2020-02-19,Financials,0.05828333333333334,-0.0008042857142857116,0.11408531160241872
2020-02-19,Healthcare,0.24733388888888888,0.12663278186274513,0.17373024560391745
2020-02-19,Industrials,0.22269166666666668,0.006366666666666666,0.0768109921579743
2020-02-19,Materials,0.03383333333333333,0.13331333333333334,0.09174074434560149
2020-02-19,RealEstate,0.035333333333333335,0.15699583333333333,0.14461308390022673
2020-02-19,Tech,0.0028735978835978835,-0.03917761904761905,0.07827041465905234
2020-02-19,Utilities,0.17539696969696972,0.2913104166666667,0.17458086694677874
2020-02-20,Comm,0.07130833333333333,0.18920416666666665,0.10438958023815587
2020-02-20,Consumer,0.08275585714285713,0.169562,0.08381483901325357
2020-02-20,Energy,0.28802500000000003,0.25311249999999996,0.14864058755596257
2020-02-20,Financials,0.1931048611111111,0.05828333333333334,0.1113997560468632
2020-02-20,Healthcare,0.11992333333333333,0.24733388888888888,0.17580619798486982
2020-02-20,Industrials,0.08627083333333334,0.22269166666666668,0.07482408739606955
2020-02-20,Materials,0.0861070707070707,0.03383333333333333,0.07681534752020466
2020-02-20,RealEstate,0.07261708333333333,0.035333333333333335,0.1355980045351474
2020-02-20,Tech,0.03520990476190477,0.0028735978835978835,0.07463133143187387
2020-02-20,Utilities,0.12504789743589745,0.17539696969696972,0.17525134698525877
2020-02-21,Comm,-0.04852777777777778,0.07130833333333333,0.1079760881746638
2020-02-21,Consumer,0.09298472222222222,0.08275585714285713,0.08399430623650653
2020-02-21,Energy,0.08039166666666667,0.28802500000000003,0.15519266238589452
2020-02-21,Financials,0.27457149999999997,0.1931048611111111,0.11099601927437641
2020-02-21,Healthcare,0.07433125,0.11992333333333333,0.17653711635221675
2020-02-21,Industrials,0.12563,0.08627083333333334,0.0736287937452759
2020-02-21,Materials,0.17361111111111113,0.0861070707070707,0.0796367556491128
2020-02-21,RealEstate,0.0359875,0.07261708333333333,0.13421680744520031
2020-02-21,Tech,-0.25424685714285716,0.03520990476190477,0.0746867237221233
2020-02-21,Utilities,0.41081999999999996,0.12504789743589745,0.17248505638696815
2020-02-24,Comm,0.06269444444444444,-0.04852777777777778,0.09696286066143629
2020-02-24,Consumer,0.011627857142857143,0.09298472222222222,0.08386215468699783
2020-02-24,Energy,-0.1438882142857143,0.08039166666666667,0.15213551952875168
2020-02-24,Financials,0.016273333333333334,0.27457149999999997,0.12285577324263038
2020-02-24,Healthcare,0.11983126050420168,0.07433125,0.1749956977014231
2020-02-24,Industrials,0.07545166666666667,0.12563,0.08057239918745276
2020-02-24,Materials,0.06829416666666668,0.17361111111111113,0.0926420466544038
2020-02-24,RealEstate,0.10034166666666666,0.0359875,0.1347558947467876
2020-02-24,Tech,0.012663181818181818,-0.25424685714285716,0.05316211147722534
2020-02-24,Utilities,0.067944,0.41081999999999996,0.1844475663076031
2020-02-25,Comm,0.20084444444444446,0.06269444444444444,0.0913053308050493
2020-02-25,Consumer,0.1671147435897436,0.011627857142857143,0.0777498780430069
2020-02-25,Energy,-0.030855000000000004,-0.1438882142857143,0.1428373505945113
2020-02-25,Financials,0.2661613333333333,0.016273333333333334,0.12165593197278911
2020-02-25,Healthcare,0.23119666666666666,0.11983126050420168,0.179188509048184
2020-02-25,Industrials,0.00973333333333333,0.07545166666666667,0.08257378240740741
2020-02-25,Materials,0.05693888888888889,0.06829416666666668,0.09117653078138793
2020-02-25,RealEstate,0.042999553571428574,0.10034166666666666,0.12458168839758128
2020-02-25,Tech,0.02607166666666667,0.012663181818181818,0.05202580796592183
2020-02-25,Utilities,0.23579583333333337,0.067944,0.188125455196492
2020-02-26,Comm,0.16198333333333334,0.20084444444444446,0.0941123570195755
2020-02-26,Consumer,0.09919666666666667,0.1671147435897436,0.08179819306132191
2020-02-26,Energy,0.23422171428571428,-0.030855000000000004,0.13214449345165416
2020-02-26,Financials,0.167296,0.2661613333333333,0.136196947845805
2020-02-26,Healthcare,0.048798725490196086,0.23119666666666666,0.1791131757148507
2020-02-26,Industrials,0.08110555555555554,0.00973333333333333,0.0786447876984127
2020-02-26,Materials,0.08336666666666666,0.05693888888888889,0.08613489056974773
2020-02-26,RealEstate,0.044013,0.042999553571428574,0.12105944491685564
2020-02-26,Tech,0.22666916666666664,0.02607166666666667,0.0495359282936228
2020-02-26,Utilities,0.2068666666666667,0.23579583333333337,0.18913036602749106
2020-02-27,Comm,0.169925,0.16198333333333334,0.10381535124756976
2020-02-27,Consumer,0.09849755555555555,0.09919666666666667,0.08443734650047535
2020-02-27,Energy,0.08521033333333333,0.23422171428571428,0.1409489401636723
2020-02-27,Financials,0.0773377777777778,0.167296,0.14423855631141344
2020-02-27,Healthcare,0.057367999999999995,0.048798725490196086,0.16802348539427803
2020-02-27,Industrials,0.14745416666666666,0.08110555555555554,0.07948997288359788
2020-02-27,Materials,0.06446607142857143,0.08336666666666666,0.09013290644276359
2020-02-27,RealEstate,0.13064333333333333,0.044013,0.11862673063114135
2020-02-27,Tech,-0.09498266666666666,0.22666916666666664,0.06842591242060693
2020-02-27,Utilities,0.3209491666666667,0.2068666666666667,0.1987878490206883
2020-02-28,Comm,-0.09448857142857142,0.169925,0.10924285124756972
2020-02-28,Consumer,-0.09008738095238093,0.09849755555555555,0.08663712805754262
2020-02-28,Energy,0.09775194444444445,0.08521033333333333,0.13270895603668817
2020-02-28,Financials,-0.045257291666666664,0.0773377777777778,0.14030821239606953
2020-02-28,Healthcare,-0.0032913333333333293,0.057367999999999995,0.1611642631720558
2020-02-28,Industrials,0.11314375,0.14745416666666666,0.08632573677248677
2020-02-28,Materials,0.12265833333333336,0.06446607142857143,0.08497930666952096
2020-02-28,RealEstate,-0.001930000000000004,0.13064333333333333,0.1180391115835223
2020-02-28,Tech,0.28163333333333335,-0.09498266666666666,0.06386236052805504
2020-02-28,Utilities,-0.07105833333333333,0.3209491666666667,0.21246757124291055
2020-03-02,Comm,0.14116666666666666,-0.09448857142857142,0.08901714546525681
2020-03-02,Consumer,0.0633126923076923,-0.09008738095238093,0.0817357879214882
2020-03-02,Energy,0.05670208333333335,0.09775194444444445,0.1362330565657887
2020-03-02,Financials,0.16905833333333337,-0.045257291666666664,0.1301861389833711
2020-03-02,Healthcare,0.20557026785714286,-0.0032913333333333293,0.15390712031491294
2020-03-02,Industrials,0.015350000000000003,0.11314375,0.09090444708994709
2020-03-02,Materials,0.05193833333333333,0.12265833333333336,0.08534546313210599
2020-03-02,RealEstate,0.16274666666666668,-0.001930000000000004,0.10986942904383976
2020-03-02,Tech,0.071066,0.28163333333333335,0.06980501925821377
2020-03-02,Utilities,0.25068,-0.07105833333333333,0.20042521013179945
2020-03-03,Comm,0.041789999999999994,0.14116666666666666,0.09625424863985999
2020-03-03,Consumer,0.18574555555555555,0.0633126923076923,0.0822503333601765
2020-03-03,Energy,0.04816977777777777,0.05670208333333335,0.13215413082882727
2020-03-03,Financials,-0.08017833333333332,0.16905833333333337,0.13627330829554044
2020-03-03,Healthcare,0.37480153846153846,0.20557026785714286,0.15511029805317997
2020-03-03,Industrials,0.1716666666666667,0.015350000000000003,0.08519889153439154
2020-03-03,Materials,0.21743,0.05193833333333333,0.0899670687487116
2020-03-03,RealEstate,0.15634166666666668,0.16274666666666668,0.11459958777399848
2020-03-03,Tech,0.01265466666666667,0.071066,0.07465657481376932
2020-03-03,Utilities,0.0171875,0.25068,0.20116084505243434
2020-03-04,Comm,0.12637083333333332,0.041789999999999994,0.1091443568649682
2020-03-04,Consumer,0.13806888888888888,0.18574555555555555,0.0891698066646498
2020-03-04,Energy,0.21935,0.04816977777777777,0.13025743090441305
2020-03-04,Financials,0.10898433333333335,-0.08017833333333332,0.12658913595993954
2020-03-04,Healthcare,0.435151,0.37480153846153846,0.15968866496404685
2020-03-04,Industrials,0.1529802857142857,0.1716666666666667,0.08919687566137566
2020-03-04,Materials,0.31695,0.21743,0.10021579890744177
2020-03-04,RealEstate,0.47055,0.15634166666666668,0.10932538142479215
2020-03-04,Tech,0.4004526190476191,0.01265466666666667,0.06454495841165292
2020-03-04,Utilities,0.593545,0.0171875,0.19484517044925975
2020-03-05,Comm,0.189035,0.12637083333333332,0.10863594416655552
2020-03-05,Consumer,0.08564322077922079,0.13806888888888888,0.08799568449052762
2020-03-05,Energy,0.07173,0.21935,0.1381003307823129
2020-03-05,Financials,0.087435,0.10898433333333335,0.12642231849962207
2020-03-05,Healthcare,0.14354935897435897,0.435151,0.1744054959200852
2020-03-05,Industrials,0.14181749999999999,0.1529802857142857,0.09151349244142101
2020-03-05,Materials,0.08979999999999999,0.31695,0.10579258462172747
2020-03-05,RealEstate,0.3723666666666667,0.47055,0.12720871475812548
2020-03-05,Tech,0.154047,0.4004526190476191,0.07880698789011097
2020-03-05,Utilities,0.11074166666666668,0.593545,0.20983878156037086
2020-03-06,Comm,0.0873625,0.189035,0.11158622988084123
2020-03-06,Consumer,-0.02890487637362637,0.08564322077922079,0.08456326210339095
2020-03-06,Energy,-0.006073809523809523,0.07173,0.13579424612622826
2020-03-06,Financials,0.000761250000000005,0.087435,0.11360315183295541
2020-03-06,Healthcare,0.1114030303030303,0.14354935897435897,0.1700683622204515
2020-03-06,Industrials,0.06649166666666667,0.14181749999999999,0.08812474244142102
2020-03-06,Materials,-0.018600000000000005,0.08979999999999999,0.10559794176458463
2020-03-06,RealEstate,0.073075,0.3723666666666667,0.1411120877739985
2020-03-06,Tech,0.051757538461538466,0.154047,0.0822987921229152
2020-03-06,Utilities,0.17853750000000002,0.11074166666666668,0.2068592180683074
2020-03-09,Comm,-0.0028589285714285644,0.0873625,0.11649267829353964
2020-03-09,Consumer,0.06278602564102564,-0.02890487637362637,0.08217082310499957
2020-03-09,Energy,-0.11376536726431463,-0.006073809523809523,0.1109336338813303
2020-03-09,Financials,0.2071091111111111,0.000761250000000005,0.12500448119803478
2020-03-09,Healthcare,0.1302958947368421,0.1114030303030303,0.16752241808522167
2020-03-09,Industrials,-0.09397699999999999,0.06649166666666667,0.08730775831443689
2020-03-09,Materials,0.06967916666666665,-0.018600000000000005,0.10123841795506083
2020-03-09,RealEstate,0.1424375,0.073075,0.1434013734882842
2020-03-09,Tech,-0.10587333333333333,0.051757538461538466,0.07961804990679798
2020-03-09,Utilities,-0.20693333333333336,0.17853750000000002,0.21314338473497405
2020-03-10,Comm,-0.039723999999999995,-0.0028589285714285644,0.11271041638877774
2020-03-10,Consumer,-0.021382626262626266,0.06278602564102564,0.07709892750060397
2020-03-10,Energy,0.010199333333333336,-0.11376536726431463,0.09422119575763278
2020-03-10,Financials,0.11411555555555557,0.2071091111111111,0.12172085156840515
2020-03-10,Healthcare,0.17923958333333334,0.1302958947368421,0.16217101014228738
2020-03-10,Industrials,-0.07037,-0.09397699999999999,0.08384218688586546
2020-03-10,Materials,0.07663541666666666,0.06967916666666665,0.10052280948945234
2020-03-10,RealEstate,0.10866666666666665,0.1424375,0.1360186353930461
2020-03-10,Tech,0.312395,-0.10587333333333333,0.06025184620309428
2020-03-10,Utilities,0.2987125,-0.20693333333333336,0.1932600514016407
2020-03-11,Comm,0.03175000000000001,-0.039723999999999995,0.10916546400782534
2020-03-11,Consumer,-0.04220107142857143,-0.021382626262626266,0.06646552863095509
2020-03-11,Energy,0.033491011904761905,0.010199333333333336,0.08394721163064867
2020-03-11,Financials,0.19809,0.11411555555555557,0.12407370871126229
2020-03-11,Healthcare,0.24789472222222222,0.17923958333333334,0.1575401870302143
2020-03-11,Industrials,0.18848095238095242,-0.07037,0.08050313926681783
2020-03-11,Materials,0.12558703703703702,0.07663541666666666,0.1027668240397169
2020-03-11,RealEstate,0.30746,0.10866666666666665,0.14035990523431593
2020-03-11,Tech,0.07482166666666665,0.312395,0.06585006615774282
2020-03-11,Utilities,0.045425,0.2987125,0.19808118235402167
2020-03-12,Comm,-0.010253333333333328,0.03175000000000001,0.10493927353163489
2020-03-12,Consumer,0.05426575555555555,-0.04220107142857143,0.06431491071712289
2020-03-12,Energy,0.06079342105263158,0.033491011904761905,0.08252646616579605
2020-03-12,Financials,0.009859047619047615,0.19809,0.1214211161186697
2020-03-12,Healthcare,-0.14807399999999998,0.24789472222222222,0.1678718801519074
2020-03-12,Industrials,-0.17838333333333334,0.18848095238095242,0.08401512906273621
2020-03-12,Materials,-0.09769333333333334,0.12558703703703702,0.09717668294624246
2020-03-12,RealEstate,0.017887499999999987,0.30746,0.14901514332955404
2020-03-12,Tech,-0.05685142857142857,0.07482166666666665,0.06072347885615551
2020-03-12,Utilities,-0.011208928571428581,0.045425,0.19214219425878354
2020-03-13,Comm,0.14742166666666667,-0.010253333333333328,0.10565512320483747
2020-03-13,Consumer,0.06589660493827161,0.05426575555555555,0.06428596256897474
2020-03-13,Energy,0.2295890756302521,0.06079342105263158,0.08079477873292816
2020-03-13,Financials,-0.16569666666666666,0.009859047619047615,0.10571363879440666
2020-03-13,Healthcare,0.029012499999999997,-0.14807399999999998,0.16065261560164285
2020-03-13,Industrials,0.05901555555555556,-0.17838333333333334,0.0753792163643235
2020-03-13,Materials,0.14707777777777778,-0.09769333333333334,0.0862740797716393
2020-03-13,RealEstate,0.15799999999999997,0.017887499999999987,0.14550585572562358
2020-03-13,Tech,0.01394297619047619,-0.05685142857142857,0.0549872234449001
2020-03-13,Utilities,0.18270416666666667,-0.011208928571428581,0.18053765911139127
2020-03-16,Comm,-0.01519472222222222,0.14742166666666667,0.10486107558578987
2020-03-16,Consumer,-0.13649227173913045,0.06589660493827161,0.06394819585735184
2020-03-16,Energy,-0.0027738627450980325,0.2295890756302521,0.08991326646135286
2020-03-16,Financials,-0.05933083333333333,-0.16569666666666666,0.09303522609599395
2020-03-16,Healthcare,0.02283000000000001,0.029012499999999997,0.15145345885561112
2020-03-16,Industrials,0.06663357142857144,0.05901555555555556,0.07366440154950869
2020-03-16,Materials,0.00028333333333331254,0.14707777777777778,0.08868254538010491
2020-03-16,RealEstate,0.057382291666666654,0.15799999999999997,0.13759871286848072
2020-03-16,Tech,-0.10058969696969697,0.01394297619047619,0.05419319850158943
2020-03-16,Utilities,0.26059333333333334,0.18270416666666667,0.1720268125505447
2020-03-17,Comm,0.06920749999999999,-0.01519472222222222,0.09940015910808768
2020-03-17,Consumer,0.06643352380952382,-0.13649227173913045,0.05793175201169762
2020-03-17,Energy,0.024995999999999997,-0.0027738627450980325,0.08356039402904662
2020-03-17,Financials,-0.09233,-0.05933083333333333,0.08568867847694633
2020-03-17,Healthcare,0.31743333333333335,0.02283000000000001,0.14702314139529365
2020-03-17,Industrials,0.005105555555555551,0.06663357142857144,0.07573802399848828
2020-03-17,Materials,0.17584722222222224,0.00028333333333331254,0.08568341461668842
2020-03-17,RealEstate,0.19119999999999998,0.057382291666666654,0.13291382199546486
2020-03-17,Tech,0.13825083333333332,-0.10058969696969697,0.05085220283059376
2020-03-17,Utilities,0.266025,0.26059333333333334,0.1743898284235606
2020-03-18,Comm,-0.02610499999999999,0.06920749999999999,0.07293861148904006
2020-03-18,Consumer,0.026712077922077936,0.06643352380952382,0.06317953092326226
2020-03-18,Energy,0.02036190476190477,0.024995999999999997,0.07881615593380853
2020-03-18,Financials,0.03575,-0.09233,0.07165920757747545
2020-03-18,Healthcare,0.09676875,0.31743333333333335,0.14624913345878574
2020-03-18,Industrials,-0.006209523809523809,0.005105555555555551,0.06631709807256236
2020-03-18,Materials,-0.025400000000000002,0.17584722222222224,0.09416780615107996
2020-03-18,RealEstate,0.015,0.19119999999999998,0.13500548866213152
2020-03-18,Tech,-0.1123247619047619,0.13825083333333332,0.05537083570309761
2020-03-18,Utilities,0.3051375,0.266025,0.17852771532832248
2020-03-19,Comm,0.03651833333333333,-0.02610499999999999,0.06918626455026454
2020-03-19,Consumer,0.021880500000000004,0.026712077922077936,0.05483502480768471
2020-03-19,Energy,-0.058077500000000004,0.02036190476190477,0.07222569108120082
2020-03-19,Financials,-0.22540833333333332,0.03575,0.07339988784958427
2020-03-19,Healthcare,0.1571875,0.09676875,0.1448270367034169
2020-03-19,Industrials,0.027144444444444443,-0.006209523809523809,0.06571823185941043
2020-03-19,Materials,0.14099333333333333,-0.025400000000000002,0.08661002837330219
2020-03-19,RealEstate,0.21692222222222224,0.015,0.1282437823129252
2020-03-19,Tech,-0.09237666666666666,-0.1123247619047619,0.05188763842418604
2020-03-19,Utilities,0.2590222222222222,0.3051375,0.179186147868005
2020-03-20,Comm,0.026625,0.03651833333333333,0.06191551058201058
2020-03-20,Consumer,0.053720071428571436,0.021880500000000004,0.047802572426732325
2020-03-20,Energy,-0.10234071794871795,-0.058077500000000004,0.05740711965262939
2020-03-20,Financials,-0.04439333333333334,-0.22540833333333332,0.059890760865457304
2020-03-20,Healthcare,0.10162275641025642,0.1571875,0.1405343515182317
2020-03-20,Industrials,0.14278873015873017,0.027144444444444443,0.05640645937263795
2020-03-20,Materials,0.11615000000000002,0.14099333333333333,0.09171288551615933
2020-03-20,RealEstate,0.08772500000000001,0.21692222222222224,0.13689087226001512
2020-03-20,Tech,0.2095266666666667,-0.09237666666666666,0.04735191154084011
2020-03-20,Utilities,0.12260625,0.2590222222222222,0.18316830275015988
2020-03-23,Comm,0.16982453246753246,0.026625,0.0597877328042328
2020-03-23,Consumer,0.0630851542575072,0.053720071428571436,0.046419915964147296
2020-03-23,Energy,-0.13121555555555556,-0.10234071794871795,0.03881827594078567
2020-03-23,Financials,-0.009569999999999995,-0.04439333333333334,0.04858132303476946
2020-03-23,Healthcare,0.06443095238095238,0.10162275641025642,0.13966289547427566
2020-03-23,Industrials,0.014901666666666669,0.14278873015873017,0.059097787792894936
2020-03-23,Materials,0.17633285714285712,0.11615000000000002,0.09314350119677502
2020-03-23,RealEstate,0.0637875,0.08772500000000001,0.13761029686318973
2020-03-23,Tech,0.18570166666666665,0.2095266666666667,0.05565270972678116
2020-03-23,Utilities,-0.010725357142857155,0.12260625,0.18305203382464097
2020-03-24,Comm,0.22159261904761907,0.16982453246753246,0.07018546186353329
2020-03-24,Consumer,0.20320910256410257,0.0630851542575072,0.04499612701344658
2020-03-24,Energy,0.12081155555555556,-0.13121555555555556,0.028741741549251274
2020-03-24,Financials,0.40168,-0.009569999999999995,0.035050775415721845
2020-03-24,Healthcare,0.28827238095238095,0.06443095238095238,0.1391914527305115
2020-03-24,Industrials,0.24233044444444446,0.014901666666666669,0.05382501001511716
2020-03-24,Materials,0.31854,0.17633285714285712,0.09327310815066767
2020-03-24,RealEstate,0.06876874999999999,0.0637875,0.13893410638699924
2020-03-24,Tech,0.4441477083333334,0.18570166666666665,0.07660263943199658
2020-03-24,Utilities,0.40545000000000003,-0.010725357142857155,0.16297844538926684
2020-03-25,Comm,0.18479866666666664,0.22159261904761907,0.07775204160654162
2020-03-25,Consumer,0.18098019047619046,0.20320910256410257,0.05411904346207731
2020-03-25,Energy,0.22934444444444443,0.12081155555555556,0.04134649249407365
2020-03-25,Financials,0.04071458333333333,0.40168,0.05340347382842026
2020-03-25,Healthcare,0.19477333333333333,0.28827238095238095,0.1472124584661391
2020-03-25,Industrials,0.08343125,0.24233044444444446,0.061771618480725626
2020-03-25,Materials,0.14097500000000002,0.31854,0.10518957640463593
2020-03-25,RealEstate,0.10776666666666668,0.06876874999999999,0.137430634164777
2020-03-25,Tech,0.05784249999999999,0.4441477083333334,0.09714952164700379
2020-03-25,Utilities,0.37514583333333335,0.40545000000000003,0.1790501596749811
2020-03-26,Comm,0.12870166666666666,0.18479866666666664,0.07698795695045695
2020-03-26,Consumer,0.09541833333333334,0.18098019047619046,0.054779302837622404
2020-03-26,Energy,0.173766,0.22934444444444443,0.053736942229523396
2020-03-26,Financials,0.22734800000000002,0.04071458333333333,0.042667914304610734
2020-03-26,Healthcare,0.2728030303030303,0.19477333333333333,0.14547801402169463
2020-03-26,Industrials,0.20433492063492065,0.08343125,0.06528104308390023
2020-03-26,Materials,0.11398833333333333,0.14097500000000002,0.1091912959813555
2020-03-26,RealEstate,0.38924166666666665,0.10776666666666668,0.14051478240740742
2020-03-26,Tech,0.30380066666666666,0.05784249999999999,0.0986624184724006
2020-03-26,Utilities,0.12378333333333336,0.37514583333333335,0.18568587396069539
2020-03-27,Comm,0.19828962962962962,0.12870166666666666,0.07540311568061568
2020-03-27,Consumer,0.05956294871794872,0.09541833333333334,0.054599382202701774
2020-03-27,Energy,0.28236376190476187,0.173766,0.05085809869210842
2020-03-27,Financials,0.14336333333333334,0.22734800000000002,0.04552753335222978
2020-03-27,Healthcare,0.2854433333333333,0.2728030303030303,0.15614488567944865
2020-03-27,Industrials,0.20350151515151516,0.20433492063492065,0.07114910808767953
2020-03-27,Materials,0.32342499999999996,0.11398833333333333,0.11064947058453012
2020-03-27,RealEstate,0.5291833333333333,0.38924166666666665,0.15695424272486772
2020-03-27,Tech,0.32963333333333333,0.30380066666666666,0.10233534704382918
2020-03-27,Utilities,0.4952744444444444,0.12378333333333336,0.1817295247543462
2020-03-30,Comm,0.25324875,0.19828962962962962,0.07675381232964565
2020-03-30,Consumer,0.07979861403508773,0.05956294871794872,0.05274535330567288
2020-03-30,Energy,0.10872133333333336,0.28236376190476187,0.06024635719550978
2020-03-30,Financials,-0.1784653333333333,0.14336333333333334,0.04867160742630385
2020-03-30,Healthcare,0.16038533333333332,0.2854433333333333,0.1670056158381788
2020-03-30,Industrials,0.0296984761904762,0.20350151515151516,0.07381802944410089
2020-03-30,Materials,0.04093166666666668,0.32342499999999996,0.12298084813555052
2020-03-30,RealEstate,0.33660625,0.5291833333333333,0.17593233796296298
2020-03-30,Tech,0.11516666666666667,0.32963333333333333,0.12255515656763871
2020-03-30,Utilities,0.20444910714285716,0.4952744444444444,0.19003072845804989
2020-03-31,Comm,0.22222222222222224,0.25324875,0.09331273239767288
2020-03-31,Consumer,-0.009837333333333354,0.07979861403508773,0.060835162590790436
2020-03-31,Energy,0.02112083333333333,0.10872133333333336,0.060768709047361626
2020-03-31,Financials,0.03394999999999999,-0.1784653333333333,0.042328367346938775
2020-03-31,Healthcare,0.04115059523809525,0.16038533333333332,0.1747997428223058
2020-03-31,Industrials,0.04609666666666666,0.0296984761904762,0.0698444449769807
2020-03-31,Materials,0.24869500000000003,0.04093166666666668,0.1190891021038045
2020-03-31,RealEstate,-0.16551875,0.33660625,0.19205311177248677
2020-03-31,Tech,0.030877333333333333,0.11516666666666667,0.11462817244065458
2020-03-31,Utilities,-0.17609375,0.20444910714285716,0.20315013038548754
2020-04-01,Comm,0.07805833333333334,0.22222222222222224,0.09717252075746123
2020-04-01,Consumer,0.1820221111111111,-0.009837333333333354,0.057351828036455874
2020-04-01,Energy,-0.044494285714285695,0.02112083333333333,0.0590743638092664
2020-04-01,Financials,0.0601655238095238,0.03394999999999999,0.03589463718820862
2020-04-01,Healthcare,0.06859166666666666,0.04115059523809525,0.16697023460235114
2020-04-01,Industrials,-0.006468333333333312,0.04609666666666666,0.07130857196110768
2020-04-01,Materials,0.06639333333333333,0.24869500000000003,0.12845846718316958
2020-04-01,RealEstate,-0.04467777777777774,-0.16551875,0.17642142526455026
2020-04-01,Tech,0.16931000000000002,0.030877333333333333,0.11271442640890857
2020-04-01,Utilities,-0.06555833333333333,-0.17609375,0.182827570861678
2020-04-02,Comm,-0.09289333333333334,0.07805833333333334,0.09889958424952473
2020-04-02,Consumer,0.04374178571428572,0.1820221111111111,0.05717452115814899
2020-04-02,Energy,-0.04402279487179487,-0.044494285714285695,0.05466178935726337
2020-04-02,Financials,0.049422999999999995,0.0601655238095238,0.042577678004535144
2020-04-02,Healthcare,0.11656404761904762,0.06859166666666666,0.1523888121359287
2020-04-02,Industrials,-0.016685555555555554,-0.006468333333333312,0.06282595291348864
2020-04-02,Materials,0.07003333333333332,0.06639333333333333,0.12126624496094733
2020-04-02,RealEstate,-0.030899999999999993,-0.04467777777777774,0.16684907076719577
2020-04-02,Tech,0.17213125,0.16931000000000002,0.12017420418668634
2020-04-02,Utilities,0.08658333333333333,-0.06555833333333333,0.17888729308390022
2020-04-03,Comm,0.2201947619047619,-0.09289333333333334,0.08845843345587394
2020-04-03,Consumer,0.032754687500000004,0.04374178571428572,0.05268275434031074
2020-04-03,Energy,-0.02036000000000001,-0.04402279487179487,0.04212022769670171
2020-04-03,Financials,0.09106214285714284,0.049422999999999995,0.03974142403628118
2020-04-03,Healthcare,0.25240833333333335,0.11656404761904762,0.13721800487969285
2020-04-03,Industrials,-0.20828801587301587,-0.016685555555555554,0.054746627138734294
2020-04-03,Materials,0.06923333333333333,0.07003333333333332,0.10950830845301084
2020-04-03,RealEstate,0.20847500000000002,-0.030899999999999993,0.14297049933862432
2020-04-03,Tech,-0.20868333333333336,0.17213125,0.10930175804156163
2020-04-03,Utilities,0.288,0.08658333333333333,0.15474626133786848
2020-04-06,Comm,0.3333875,0.2201947619047619,0.08994223164181497
2020-04-06,Consumer,0.20060025974025972,0.032754687500000004,0.050164252755585954
2020-04-06,Energy,0.1260343650793651,-0.02036000000000001,0.03773498960146362
2020-04-06,Financials,0.1787729797979798,0.09106214285714284,0.039914145124716555
2020-04-06,Healthcare,0.3405018390804598,0.25240833333333335,0.14240176556345355
2020-04-06,Industrials,0.10588266666666665,-0.20828801587301587,0.038074935906685904
2020-04-06,Materials,0.09356,0.06923333333333333,0.10852894337364576
2020-04-06,RealEstate,0.20176666666666668,0.20847500000000002,0.13516613425925927
2020-04-06,Tech,0.29716742424242426,-0.20868333333333336,0.0920288850256886
2020-04-06,Utilities,0.45670625,0.288,0.16318713435374152
2020-04-07,Comm,0.1313132575757576,0.3333875,0.10165770783229117
2020-04-07,Consumer,0.24386133333333332,0.20060025974025972,0.061093068761009096
2020-04-07,Energy,0.3259821428571429,0.1260343650793651,0.04402585505875765
2020-04-07,Financials,0.15058366666666667,0.1787729797979798,0.048390894162715595
2020-04-07,Healthcare,0.05030526315789473,0.3405018390804598,0.15331123264809302
2020-04-07,Industrials,0.29849699999999996,0.10588266666666665,0.03995069781144781
2020-04-07,Materials,0.4768375,0.09356,0.11386989575459812
2020-04-07,RealEstate,0.0817625,0.20176666666666668,0.14129430886243388
2020-04-07,Tech,0.125834,0.29716742424242426,0.10371507006287363
2020-04-07,Utilities,0.23049916666666667,0.45670625,0.17643326530612247
2020-04-08,Comm,0.04643833333333333,0.1313132575757576,0.10804685955358574
2020-04-08,Consumer,-0.02340021710526316,0.24386133333333332,0.06971570246064279
2020-04-08,Energy,0.30791580952380954,0.3259821428571429,0.06496621268358896
2020-04-08,Financials,0.09322012987012987,0.15058366666666667,0.045699206332027766
2020-04-08,Healthcare,0.16497222222222224,0.05030526315789473,0.14950215495385746
2020-04-08,Industrials,0.16554428571428573,0.29849699999999996,0.05863993590668591
2020-04-08,Materials,0.24406,0.4768375,0.1332583878180902
2020-04-08,RealEstate,0.546075,0.0817625,0.13840502314814815
2020-04-08,Tech,0.24062285714285717,0.125834,0.11474875260255618
2020-04-08,Utilities,0.13875,0.23049916666666667,0.1972633843537415
2020-04-09,Comm,-0.013129999999999992,0.04643833333333333,0.11214982780755399
2020-04-09,Consumer,0.17723904761904763,-0.02340021710526316,0.06961962670623151
2020-04-09,Energy,0.13254495238095237,0.30791580952380954,0.0791431877402783
2020-04-09,Financials,0.17849133333333334,0.09322012987012987,0.0447041860612932
2020-04-09,Healthcare,0.00593819444444444,0.16497222222222224,0.14882275680570928
2020-04-09,Industrials,0.02076059523809523,0.16554428571428573,0.06987394951212808
2020-04-09,Materials,0.13002825396825396,0.24406,0.1412309870244394
2020-04-09,RealEstate,0.31910357142857143,0.546075,0.15923399140211641
2020-04-09,Tech,0.14546333333333333,0.24062285714285717,0.11133103151412081
2020-04-09,Utilities,0.4951083333333333,0.13875,0.1896461224489796
2020-04-13,Comm,0.08757916666666668,-0.013129999999999992,0.11001268495041115
2020-04-13,Consumer,-0.002385310023310022,0.17723904761904763,0.08006915618468956
2020-04-13,Energy,0.12293423443223443,0.13254495238095237,0.08386004204866832
2020-04-13,Financials,0.08327669696969699,0.17849133333333334,0.04377091622002337
2020-04-13,Healthcare,0.010363151515151525,0.00593819444444444,0.13730101738771988
2020-04-13,Industrials,0.01850575757575757,0.02076059523809523,0.0618872658386587
2020-04-13,Materials,0.08213309523809524,0.13002825396825396,0.14144247354497355
2020-04-13,RealEstate,-0.04934166666666667,0.31910357142857143,0.15978844718442933
2020-04-13,Tech,0.23447941176470588,0.14546333333333333,0.11469492040300969
2020-04-13,Utilities,0.010533630952380954,0.4951083333333333,0.21105961451247163
2020-04-14,Comm,0.2697528571428571,0.08757916666666668,0.11467137542660161
2020-04-14,Consumer,0.23493950000000002,-0.002385310023310022,0.07737148639521978
2020-04-14,Energy,-0.020671875000000003,0.12293423443223443,0.08681912840007798
2020-04-14,Financials,0.13161503496503496,0.08327669696969699,0.04726699476053048
2020-04-14,Healthcare,0.2166559523809524,0.010363151515151525,0.14484564365034613
2020-04-14,Industrials,0.2218603888888889,0.01850575757575757,0.0712629368343297
2020-04-14,Materials,-0.001388888888888884,0.08213309523809524,0.15000563681027965
2020-04-14,RealEstate,0.5794666666666667,-0.04934166666666667,0.15658705829554045
2020-04-14,Tech,0.575881619047619,0.23447941176470588,0.12856781756187324
2020-04-14,Utilities,0.23115857142857144,0.010533630952380954,0.21209497448979592
2020-04-15,Comm,0.14475416666666668,0.2697528571428571,0.12049667021118211
2020-04-15,Consumer,0.10049457575757577,0.23493950000000002,0.08542114806482588
2020-04-15,Energy,0.08097948717948718,-0.020671875000000003,0.07490194027482788
2020-04-15,Financials,0.11490176282051283,0.13161503496503496,0.06142469483823055
2020-04-15,Healthcare,-0.05151642857142856,0.2166559523809524,0.15378104614467722
2020-04-15,Industrials,-0.004556666666666665,0.2218603888888889,0.07901745270734557
2020-04-15,Materials,-0.05995515873015874,-0.001388888888888884,0.1429357955404384
2020-04-15,RealEstate,-0.1600375,0.5794666666666667,0.17665689956538172
2020-04-15,Tech,0.12215400000000001,0.575881619047619,0.1553268005550705
2020-04-15,Utilities,0.04819625000000001,0.23115857142857144,0.21440232709750567
2020-04-16,Comm,0.29026375000000004,0.14475416666666668,0.1281132839677959
2020-04-16,Consumer,0.14882952898550725,0.10049457575757577,0.09670623604085951
2020-04-16,Energy,-0.015037493506493499,0.08097948717948718,0.07889019503314147
2020-04-16,Financials,0.0454815,0.11490176282051283,0.06972148513127084
2020-04-16,Healthcare,0.30878874686716795,-0.05151642857142856,0.15024074002222823
2020-04-16,Industrials,0.13875175757575758,-0.004556666666666665,0.07562744136947709
2020-04-16,Materials,0.10995999999999999,-0.05995515873015874,0.14006729591836736
2020-04-16,RealEstate,-0.0733,-0.1600375,0.1663035761526833
2020-04-16,Tech,0.3112985555555555,0.12215400000000001,0.16593364326791324
2020-04-16,Utilities,0.27646666666666664,0.04819625000000001,0.20428818027210885
2020-04-17,Comm,0.0922075,0.29026375000000004,0.13863977206303396
2020-04-17,Consumer,0.22136533333333333,0.14882952898550725,0.10062985533495397
2020-04-17,Energy,-0.09380385185185186,-0.015037493506493499,0.07698383819949892
2020-04-17,Financials,0.08549595454545456,0.0454815,0.07628393751222322
2020-04-17,Healthcare,0.29736969710669076,0.30878874686716795,0.1498290930476489
2020-04-17,Industrials,0.05092878787878787,0.13875175757575758,0.08199154622758195
2020-04-17,Materials,0.4382333333333333,0.10995999999999999,0.13692980914588057
2020-04-17,RealEstate,0.43633333333333335,-0.0733,0.15370833805744522
2020-04-17,Tech,0.10760549999999999,0.3112985555555555,0.17417401099278096
2020-04-17,Utilities,0.4021741071428572,0.27646666666666664,0.20478540249433108
2020-04-20,Comm,0.09040625,0.0922075,0.14427370063446254
2020-04-20,Consumer,0.07576269841269842,0.22136533333333333,0.10989905797358518
2020-04-20,Energy,-0.14939164389233955,-0.09380385185185186,0.07154737359884383
2020-04-20,Financials,0.19199761904761906,0.08549595454545456,0.0786527924905782
2020-04-20,Healthcare,-0.039626978723404246,0.29736969710669076,0.15938151910034848
2020-04-20,Industrials,0.06735000000000001,0.05092878787878787,0.08471241821273964
2020-04-20,Materials,0.21317142857142857,0.4382333333333333,0.15900758692365835
2020-04-20,RealEstate,0.04298333333333334,0.43633333333333335,0.17377183012093728
2020-04-20,Tech,0.24557791666666667,0.10760549999999999,0.18464688060729342
2020-04-20,Utilities,0.00024399999999999907,0.4021741071428572,0.2094061933106576
2020-04-21,Comm,0.10459999999999998,0.09040625,0.14683979190430382
2020-04-21,Consumer,0.018971675675675682,0.07576269841269842,0.11246487694561844
2020-04-21,Energy,-0.22606390476190477,-0.14939164389233955,0.06719908103254195
2020-04-21,Financials,-0.10058999999999998,0.19199761904761906,0.0985292664134807
2020-04-21,Healthcare,-0.007493904761904753,-0.039626978723404246,0.15000940106590066
2020-04-21,Industrials,-0.0005769999999999997,0.06735000000000001,0.0866269684772899
2020-04-21,Materials,-0.09111111111111114,0.21317142857142857,0.16244463907785336
2020-04-21,RealEstate,0.05624375,0.04298333333333334,0.16548902588813302
2020-04-21,Tech,-0.33158333333333334,0.24557791666666667,0.2007399560041188
2020-04-21,Utilities,-0.0887,0.00024399999999999907,0.1970834208238851
2020-04-22,Comm,0.1856607142857143,0.10459999999999998,0.15055288714239903
2020-04-22,Consumer,0.11437345098039213,0.018971675675675682,0.11081019143357579
2020-04-22,Energy,-0.02385833333333332,-0.22606390476190477,0.06130750070810449
2020-04-22,Financials,0.10554000000000002,-0.10058999999999998,0.09585323466744895
2020-04-22,Healthcare,0.24927243589743586,-0.007493904761904753,0.14481336958151203
2020-04-22,Industrials,0.09411666666666668,-0.0005769999999999997,0.07980002894592181
2020-04-22,Materials,0.18326875,-0.09111111111111114,0.15257506235827664
2020-04-22,RealEstate,0.23160625,0.05624375,0.1639899187452759
2020-04-22,Tech,0.31131190476190473,-0.33158333333333334,0.174972813146976
2020-04-22,Utilities,0.02272610294117646,-0.0887,0.18702121844293274
2020-04-23,Comm,0.11481689814814815,0.1856607142857143,0.15130699103850295
2020-04-23,Consumer,0.09544327272727274,0.11437345098039213,0.11325249127752268
2020-04-23,Energy,0.190045601010101,-0.02385833333333332,0.06641974938535317
2020-04-23,Financials,0.14601999999999998,0.10554000000000002,0.10133466323887752
2020-04-23,Healthcare,0.18189833333333336,0.24927243589743586,0.15361534498705887
2020-04-23,Industrials,0.283292,0.09411666666666668,0.08357217180306466
2020-04-23,Materials,0.15425580952380952,0.18326875,0.15290534297052152
2020-04-23,RealEstate,0.20635555555555554,0.23160625,0.17198128779289495
2020-04-23,Tech,0.22683476190476187,0.31131190476190473,0.180954253056273
2020-04-23,Utilities,0.17259583333333334,0.02272610294117646,0.188614145113601
2020-04-24,Comm,0.031335606060606064,0.11481689814814815,0.1462224329004329
2020-04-24,Consumer,0.003650666666666663,0.09544327272727274,0.1081207850948165
2020-04-24,Energy,0.03875223214285715,0.190045601010101,0.06971660869271247
2020-04-24,Financials,-0.03493541666666666,0.14601999999999998,0.08916037752459183
2020-04-24,Healthcare,0.033714821428571434,0.18189833333333336,0.14854991414805663
2020-04-24,Industrials,0.03973970588235294,0.283292,0.08552272206761494
2020-04-24,Materials,-0.07311111111111111,0.15425580952380952,0.14508228628117914
2020-04-24,RealEstate,0.06789375,0.20635555555555554,0.1785330404383976
2020-04-24,Tech,0.058799193548387085,0.22683476190476187,0.1706060175120553
2020-04-24,Utilities,0.00595000000000001,0.17259583333333334,0.17752585146280733
2020-04-27,Comm,0.0959160606060606,0.031335606060606064,0.1389146681096681
2020-04-27,Consumer,0.0871828888888889,0.003650666666666663,0.09967652205626776
2020-04-27,Energy,-0.001584166666666663,0.03875223214285715,0.060640789059303556
2020-04-27,Financials,0.10787749999999999,-0.03493541666666666,0.08555799657221086
2020-04-27,Healthcare,-0.002854190476190471,0.033714821428571434,0.1408804612002108
2020-04-27,Industrials,0.12075416161616162,0.03973970588235294,0.08344217234772697
2020-04-27,Materials,0.26594,-0.07311111111111111,0.1348877095616024
2020-04-27,RealEstate,0.08062333333333334,0.06789375,0.17663433012093727
2020-04-27,Tech,0.15887774025974027,0.058799193548387085,0.1706515743476928
2020-04-27,Utilities,0.2852534722222222,0.00595000000000001,0.15994509749455338
2020-04-28,Comm,0.15045999999999998,0.0959160606060606,0.13735344877344877
2020-04-28,Consumer,0.11659036713286713,0.0871828888888889,0.09928435803510374
2020-04-28,Energy,0.03135347222222223,-0.001584166666666663,0.05229078112279562
2020-04-28,Financials,0.24785500000000002,0.10787749999999999,0.07986892514363943
2020-04-28,Healthcare,0.1716166,-0.002854190476190471,0.12775392687739076
2020-04-28,Industrials,0.08580669590643275,0.12075416161616162,0.07946213620397655
2020-04-28,Materials,0.06329433333333334,0.26594,0.14212350321239606
2020-04-28,RealEstate,0.080415,0.08062333333333334,0.16193821900982616
2020-04-28,Tech,0.12093095238095239,0.15887774025974027,0.16375048261402964
2020-04-28,Utilities,0.28608333333333336,0.2852534722222222,0.1676341517273576
2020-04-29,Comm,0.11432962962962966,0.15045999999999998,0.13507584736251405
2020-04-29,Consumer,0.12387814285714287,0.11659036713286713,0.10199994938819507
2020-04-29,Energy,0.1813790476190476,0.03135347222222223,0.040337910185531824
2020-04-29,Financials,0.12511833333333336,0.24785500000000002,0.08484471879443309
2020-04-29,Healthcare,0.05428298850574712,0.1716166,0.12233360624247012
2020-04-29,Industrials,0.10318512169312169,0.08580669590643275,0.07385762100182976
2020-04-29,Materials,0.3038709090909091,0.06329433333333334,0.12973632860922146
2020-04-29,RealEstate,0.08211893939393941,0.080415,0.14056829837490553
2020-04-29,Tech,0.18745914285714288,0.12093095238095239,0.1538122739972496
2020-04-29,Utilities,0.1081777777777778,0.28608333333333336,0.15767267024587614
2020-04-30,Comm,0.02545677083333335,0.11432962962962966,0.12846065115440114
2020-04-30,Consumer,0.020469333333333346,0.12387814285714287,0.10409897457019769
2020-04-30,Energy,0.04354711976911978,0.1813790476190476,0.04379780134199441
2020-04-30,Financials,0.07520742857142856,0.12511833333333336,0.09930108387379817
2020-04-30,Healthcare,0.17060184615384616,0.05428298850574712,0.1172811136316327
2020-04-30,Industrials,-0.03578897435897435,0.10318512169312169,0.0773569850733843
2020-04-30,Materials,0.1054954761904762,0.3038709090909091,0.14225724491513775
2020-04-30,RealEstate,0.046258333333333346,0.08211893939393941,0.12844985501271214
2020-04-30,Tech,0.09595200000000001,0.18745914285714288,0.15725477286346276
2020-04-30,Utilities,0.13075,0.1081777777777778,0.1530883212284914
2020-05-01,Comm,-0.08076625000000001,0.02545677083333335,0.11909086775493025
2020-05-01,Consumer,0.1945385,0.020469333333333346,0.10554214917337232
2020-05-01,Energy,-0.11738200000000001,0.04354711976911978,0.044865719743698525
2020-05-01,Financials,-0.054165,0.07520742857142856,0.10126572332958048
2020-05-01,Healthcare,0.06387759483614698,0.17060184615384616,0.12344545891333511
2020-05-01,Industrials,-0.0737037380952381,-0.03578897435897435,0.07345766883406807
2020-05-01,Materials,0.17450277777777778,0.1054954761904762,0.13543821997182712
2020-05-01,RealEstate,0.062225,0.046258333333333346,0.13853447802858518
2020-05-01,Tech,-0.14787233333333333,0.09595200000000001,0.1603535665142564
2020-05-01,Utilities,0.163596875,0.13075,0.16769992837134853
2020-05-04,Comm,0.13258962962962964,-0.08076625000000001,0.11152779235810485
2020-05-04,Consumer,0.15985041758241758,0.1945385,0.10613816769189083
2020-05-04,Energy,2.6375291375285713e-05,-0.11738200000000001,0.04139487620628356
2020-05-04,Financials,0.131224,-0.054165,0.09582141267198412
2020-05-04,Healthcare,0.0722925641025641,0.06387759483614698,0.12322097930235797
2020-05-04,Industrials,0.07375142857142857,-0.0737037380952381,0.07025598289302498
2020-05-04,Materials,0.031056666666666666,0.17450277777777778,0.1405862887548959
2020-05-04,RealEstate,0.06763750000000002,0.062225,0.14362508649419364
2020-05-04,Tech,0.37082294117647063,-0.14787233333333333,0.14524964587933575
2020-05-04,Utilities,0.20014000000000004,0.163596875,0.17861208114912633
2020-05-05,Comm,0.12166071428571427,0.13258962962962964,0.12226507630872215
2020-05-05,Consumer,0.16376995238095238,0.15985041758241758,0.11166715016180187
2020-05-05,Energy,0.11377469696969697,2.6375291375285713e-05,0.04349245573786309
2020-05-05,Financials,0.029430000000000005,0.131224,0.09971669838626983
2020-05-05,Healthcare,0.17589856209150329,0.0722925641025641,0.12111281342062066
2020-05-05,Industrials,0.3015588888888889,0.07375142857142857,0.0745625059466909
2020-05-05,Materials,0.22203588235294117,0.031056666666666666,0.13873025700886416
2020-05-05,RealEstate,0.12886666666666666,0.06763750000000002,0.14831734839895555
2020-05-05,Tech,0.24053125,0.37082294117647063,0.15471115498297722
2020-05-05,Utilities,0.15132431818181818,0.20014000000000004,0.18401954146658664
2020-05-06,Comm,-0.0845825,0.12166071428571427,0.11757297880305322
2020-05-06,Consumer,0.10233671568627452,0.16376995238095238,0.1179059722989901
2020-05-06,Energy,0.19959392857142857,0.11377469696969697,0.049879822260229606
2020-05-06,Financials,0.05545833333333333,0.029430000000000005,0.09678183444069158
2020-05-06,Healthcare,0.17197444444444443,0.17589856209150329,0.11746949098053351
2020-05-06,Industrials,0.07761499999999999,0.3015588888888889,0.09884092998297207
2020-05-06,Materials,-0.0025178571428571502,0.22203588235294117,0.14600656886694072
2020-05-06,RealEstate,-0.010149999999999996,0.12886666666666666,0.14452647538308253
2020-05-06,Tech,0.17983916666666666,0.24053125,0.17610232561789788
2020-05-06,Utilities,0.20842166666666667,0.15132431818181818,0.17751117566572083
2020-05-07,Comm,0.13533916666666668,-0.0845825,0.09766964546971987
2020-05-07,Consumer,0.11136314814814814,0.10233671568627452,0.11322675591546696
2020-05-07,Energy,0.19922571428571426,0.19959392857142857,0.05338265861699454
2020-05-07,Financials,-0.09306333333333335,0.05545833333333333,0.09090970841856556
2020-05-07,Healthcare,0.14585277777777778,0.17197444444444443,0.10944437695024709
2020-05-07,Industrials,0.03400833333333334,0.07761499999999999,0.09749485061789272
2020-05-07,Materials,0.18862,-0.0025178571428571502,0.14143143281251896
2020-05-07,RealEstate,0.3450566666666667,-0.010149999999999996,0.1344352055418127
2020-05-07,Tech,0.26858200000000004,0.17983916666666666,0.17051526573333797
2020-05-07,Utilities,0.1559766666666667,0.20842166666666667,0.16568810026889544
2020-05-08,Comm,0.26942000000000005,0.13533916666666668,0.09786135542642983
2020-05-08,Consumer,0.08481120779220779,0.11136314814814814,0.10691731852569626
2020-05-08,Energy,0.20386166666666666,0.19922571428571426,0.04734663820883127
2020-05-08,Financials,0.06517266666666666,-0.09306333333333335,0.07930747032332747
2020-05-08,Healthcare,-0.017319583333333336,0.14585277777777778,0.11399425859881293
2020-05-08,Industrials,0.019121875000000024,0.03400833333333334,0.0849001522051943
2020-05-08,Materials,0.13488194444444446,0.18862,0.12770678995537607
2020-05-08,RealEstate,0.2271166666666667,0.3450566666666667,0.14697302300213014
2020-05-08,Tech,0.5661542857142857,0.26858200000000004,0.17731278954286178
2020-05-08,Utilities,0.12306348484848487,0.1559766666666667,0.16213940979270497
2020-05-11,Comm,0.1363952380952381,0.26942000000000005,0.10847953002960445
2020-05-11,Consumer,0.09762079166666668,0.08481120779220779,0.11207024352081392
2020-05-11,Energy,-0.03489233333333333,0.20386166666666666,0.0423916790251578
2020-05-11,Financials,0.167949,0.06517266666666666,0.07797187683744827
2020-05-11,Healthcare,0.04155666666666667,-0.017319583333333336,0.10531369642950078
2020-05-11,Industrials,0.29185833333333333,0.019121875000000024,0.07792765645689498
2020-05-11,Materials,0.0958775,0.13488194444444446,0.12250783492892105
2020-05-11,RealEstate,0.00714999999999999,0.2271166666666667,0.1317845309386381
2020-05-11,Tech,0.13274455555555556,0.5661542857142857,0.19281428614150123
2020-05-11,Utilities,0.25843125,0.12306348484848487,0.16139243288072805
2020-05-12,Comm,0.07851166666666669,0.1363952380952381,0.11559977946271102
2020-05-12,Consumer,0.13458675,0.09762079166666668,0.10827889799927196
2020-05-12,Energy,0.16081133333333333,-0.03489233333333333,0.03441847494352515
2020-05-12,Financials,-0.14169638095238093,0.167949,0.0774698609644324
2020-05-12,Healthcare,-0.07087968253968253,0.04155666666666667,0.1070098141543685
2020-05-12,Industrials,0.030972727272727277,0.29185833333333333,0.09083707255666822
2020-05-12,Materials,0.1012877777777778,0.0958775,0.12088160854948041
2020-05-12,RealEstate,-0.3600041666666667,0.00714999999999999,0.116929598965849
2020-05-12,Tech,-0.030667,0.13274455555555556,0.19220863005684516
2020-05-12,Utilities,0.21662541666666668,0.25843125,0.15012209557914077
2020-05-13,Comm,0.030266666666666664,0.07851166666666669,0.1151679937484253
2020-05-13,Consumer,0.07622066666666667,0.13458675,0.114801377048001
2020-05-13,Energy,-0.052879350649350655,0.16081133333333333,0.03622214631976796
2020-05-13,Financials,0.16137648051948053,-0.14169638095238093,0.06675685725385726
2020-05-13,Healthcare,0.12707452525252524,-0.07087968253968253,0.10314110777080497
2020-05-13,Industrials,-0.0086,0.030972727272727277,0.09143073778033345
2020-05-13,Materials,0.14776466666666668,0.1012877777777778,0.1217937362894653
2020-05-13,RealEstate,0.28805000000000003,-0.3600041666666667,0.1021361465848966
2020-05-13,Tech,0.15644722222222224,-0.030667,0.17958261044900203
2020-05-13,Utilities,0.38800000000000007,0.21662541666666668,0.15993599013696388
2020-05-14,Comm,0.17550333333333334,0.030266666666666664,0.1037638894400353
2020-05-14,Consumer,0.14105457843137253,0.07622066666666667,0.10724333736546135
2020-05-14,Energy,-0.061040000000000004,-0.052879350649350655,0.03468845700313221
2020-05-14,Financials,0.09283888888888889,0.16137648051948053,0.0681740689469261
2020-05-14,Healthcare,0.1295716666666667,0.12707452525252524,0.09887532552659414
2020-05-14,Industrials,0.06584930555555556,-0.0086,0.08045643354752922
2020-05-14,Materials,0.11973500000000001,0.14776466666666668,0.12889628655401553
2020-05-14,RealEstate,0.16253333333333334,0.28805000000000003,0.08825916245791247
2020-05-14,Tech,0.15965833333333332,0.15644722222222224,0.15960954393350693
2020-05-14,Utilities,0.17585166666666668,0.38800000000000007,0.1674046295927462
2020-05-15,Comm,0.11062333333333334,0.17550333333333334,0.10522813547178131
2020-05-15,Consumer,0.09694325925925927,0.14105457843137253,0.10917476606421356
2020-05-15,Energy,0.169135,-0.061040000000000004,0.027925624280299485
2020-05-15,Financials,0.2052969047619048,0.09283888888888889,0.06712345590256305
2020-05-15,Healthcare,0.010487727272727277,0.1295716666666667,0.10749856815697963
2020-05-15,Industrials,-0.030761333333333325,0.06584930555555556,0.08380909889144456
2020-05-15,Materials,0.25925694444444447,0.11973500000000001,0.13745296077926122
2020-05-15,RealEstate,-0.038770833333333324,0.16253333333333334,0.10361967833092833
2020-05-15,Tech,0.006884230576441108,0.15965833333333332,0.16139546456842757
2020-05-15,Utilities,0.18052190476190474,0.17585166666666668,0.17348345895782558
2020-05-18,Comm,0.16190200000000002,0.11062333333333334,0.09667382991622576
2020-05-18,Consumer,0.2180716153846154,0.09694325925925927,0.1067039913153446
2020-05-18,Energy,0.14619792063492065,0.169135,0.03669574301870394
2020-05-18,Financials,0.07138188888888888,0.2052969047619048,0.07473371327217757
2020-05-18,Healthcare,0.12012266666666667,0.010487727272727277,0.09329375770010151
2020-05-18,Industrials,0.40086081818181823,-0.030761333333333325,0.0757370469433926
2020-05-18,Materials,0.0887875,0.25925694444444447,0.1445623390861395
2020-05-18,RealEstate,0.566075,-0.038770833333333324,0.10526392436267437
2020-05-18,Tech,0.030070000000000006,0.006884230576441108,0.14689954433132688
2020-05-18,Utilities,0.3589416666666667,0.18052190476190474,0.16891466077188452
2020-05-19,Comm,0.141724,0.16190200000000002,0.09999261563051147
2020-05-19,Consumer,-0.05638364102564103,0.2180716153846154,0.10654714760350088
2020-05-19,Energy,0.16552,0.14619792063492065,0.04812439885140739
2020-05-19,Financials,0.061568714285714296,0.07138188888888888,0.0740616149075792
2020-05-19,Healthcare,0.23300700000000002,0.12012266666666667,0.08485342291724322
2020-05-19,Industrials,-0.12096249999999999,0.40086081818181823,0.09240047695782264
2020-05-19,Materials,0.05128333333333334,0.0887875,0.12792206130836173
2020-05-19,RealEstate,0.09839999999999999,0.566075,0.11144209896584896
2020-05-19,Tech,0.11029,0.030070000000000006,0.1432073776646602
2020-05-19,Utilities,0.2732,0.3589416666666667,0.16685597313016118
2020-05-20,Comm,0.007482999999999997,0.141724,0.10243631801146384
2020-05-20,Consumer,-0.013754474789915965,-0.05638364102564103,0.10025446477310378
2020-05-20,Energy,-0.012101428571428563,0.16552,0.06312019141770928
2020-05-20,Financials,0.3900822222222223,0.061568714285714296,0.06785071468082182
2020-05-20,Healthcare,0.025211416361416366,0.23300700000000002,0.09783599333264342
2020-05-20,Industrials,0.16228333333333336,-0.12096249999999999,0.08343321505306071
2020-05-20,Materials,0.19915555555555556,0.05128333333333334,0.12021310439226196
2020-05-20,RealEstate,0.07269,0.09839999999999999,0.11408098785473784
2020-05-20,Tech,0.26116833333333334,0.11029,0.13676509591862848
2020-05-20,Utilities,0.02323333333333332,0.2732,0.17985387789206594
2020-05-21,Comm,0.10007200000000001,0.007482999999999997,0.0978116989638448
2020-05-21,Consumer,0.032748484848484846,-0.013754474789915965,0.09869607665569466
2020-05-21,Energy,-0.046406666666666666,-0.012101428571428563,0.0733088807601129
2020-05-21,Financials,0.08455833333333335,0.3900822222222223,0.09121605859616573
2020-05-21,Healthcare,0.10183533333333332,0.025211416361416366,0.0993933895766111
2020-05-21,Industrials,0.017520833333333336,0.16228333333333336,0.0911884690213147
2020-05-21,Materials,0.15148333333333333,0.19915555555555556,0.1340353266144842
2020-05-21,RealEstate,0.0,0.07269,0.11486414261664263
2020-05-21,Tech,0.02069166666666667,0.26116833333333334,0.1649913657598983
2020-05-21,Utilities,0.33823583333333335,0.02323333333333332,0.18518403662222466
2020-05-22,Comm,-0.029340000000000022,0.10007200000000001,0.0937360459026203
2020-05-22,Consumer,0.011926666666666669,0.032748484848484846,0.09480917350655621
2020-05-22,Energy,-0.03195866666666666,-0.046406666666666666,0.07223515060138275
2020-05-22,Financials,0.18130000000000002,0.08455833333333335,0.09021693161203877
2020-05-22,Healthcare,0.14743166666666668,0.10183533333333332,0.09237257516879668
2020-05-22,Industrials,0.11331666666666666,0.017520833333333336,0.08754104838639407
2020-05-22,Materials,0.08371666666666666,0.15148333333333333,0.13252173534464293
2020-05-22,RealEstate,0.11400416666666667,0.0,0.10383527356902358
2020-05-22,Tech,-0.15069733333333335,0.02069166666666667,0.15115230680298222
2020-05-22,Utilities,0.10915000000000001,0.33823583333333335,0.20020830949804166
2020-05-26,Comm,0.13820466666666667,-0.029340000000000022,0.08687143170508944
2020-05-26,Consumer,0.22035085714285718,0.011926666666666669,0.09083219226557497
2020-05-26,Energy,0.12465714285714284,-0.03195866666666666,0.06166351880725095
2020-05-26,Financials,0.1734402380952381,0.18130000000000002,0.09189693161203875
2020-05-26,Healthcare,0.05181742857142857,0.14743166666666668,0.09073130532752685
2020-05-26,Industrials,0.3270666666666666,0.11331666666666666,0.07944698489433057
2020-05-26,Materials,0.21237499999999998,0.08371666666666666,0.12916272854192182
2020-05-26,RealEstate,0.14425555555555555,0.11400416666666667,0.09943758838383839
2020-05-26,Tech,0.07851030952380952,-0.15069733333333335,0.13317458798212053
2020-05-26,Utilities,0.3346,0.10915000000000001,0.19718707933931148
2020-05-27,Comm,0.16249666666666668,0.13820466666666667,0.09196043459109234
2020-05-27,Consumer,0.15772803030303031,0.22035085714285718,0.10115124895491738
2020-05-27,Energy,-0.07042,0.12465714285714284,0.06575422884126456
2020-05-27,Financials,0.28087557142857145,0.1734402380952381,0.10181958183879614
2020-05-27,Healthcare,0.0012477777777777817,0.05181742857142857,0.09159333423909148
2020-05-27,Industrials,0.35835523809523806,0.3270666666666666,0.09312922112215502
2020-05-27,Materials,0.006666666666666668,0.21237499999999998,0.14275730526149855
2020-05-27,RealEstate,0.0,0.14425555555555555,0.10307386483886484
2020-05-27,Tech,0.15949,0.07851030952380952,0.13411321255237874
2020-05-27,Utilities,0.1949875,0.3346,0.21283707933931145
2020-05-28,Comm,0.10965345454545457,0.16249666666666668,0.09513093964159738
2020-05-28,Consumer,0.0928415,0.15772803030303031,0.10451054140320983
2020-05-28,Energy,0.14753,-0.07042,0.062476332015867726
2020-05-28,Financials,0.030434499999999996,0.28087557142857145,0.11005758524015667
2020-05-28,Healthcare,-0.062865,0.0012477777777777817,0.09178866606070901
2020-05-28,Industrials,0.1339194761904762,0.35835523809523806,0.10444355809734913
2020-05-28,Materials,0.15875,0.006666666666666668,0.13041095605514932
2020-05-28,RealEstate,0.24085,0.0,0.09923465848965848
2020-05-28,Tech,0.10471619047619048,0.15949,0.1341423677781054
2020-05-28,Utilities,0.12465,0.1949875,0.20853869970968186
2020-05-29,Comm,0.13559583333333336,0.10965345454545457,0.09318777081042855
2020-05-29,Consumer,0.08963219047619049,0.0928415,0.10337964296831137
2020-05-29,Energy,0.14798000000000003,0.14753,0.06800854762433334
2020-05-29,Financials,0.045502,0.030434499999999996,0.09970422809729954
2020-05-29,Healthcare,0.20384236111111112,-0.062865,0.08062287558451853
2020-05-29,Industrials,0.20079166666666667,0.1339194761904762,0.10673464287277978
2020-05-29,Materials,0.009000000000000003,0.15875,0.13495646399165726
2020-05-29,RealEstate,0.031177777777777787,0.24085,0.1068744203944204
2020-05-29,Tech,0.18128375000000002,0.10471619047619048,0.13337023625883104
2020-05-29,Utilities,0.21663333333333332,0.12465,0.2008513981223803
2020-06-01,Comm,0.1725615238095238,0.13559583333333336,0.09420044717727159
2020-06-01,Consumer,0.09170362998405104,0.08963219047619049,0.1017488833311232
2020-06-01,Energy,-0.10188617424242423,0.14798000000000003,0.06641811678533108
2020-06-01,Financials,0.06952100000000001,0.045502,0.09591297412904556
2020-06-01,Healthcare,0.15994583333333334,0.20384236111111112,0.08774475047048824
2020-06-01,Industrials,0.12621500000000002,0.20079166666666667,0.11138257358580572
2020-06-01,Materials,0.1044,0.009000000000000003,0.12091499213018542
2020-06-01,RealEstate,-0.03544444444444446,0.031177777777777787,0.10444865079365079
2020-06-01,Tech,0.13237666666666664,0.18128375000000002,0.13307616993230043
2020-06-01,Utilities,0.07098333333333334,0.21663333333333332,0.20601594838693055
2020-06-02,Comm,0.30151666666666666,0.1725615238095238,0.10120543541423303
2020-06-02,Consumer,-0.11057999999999998,0.09170362998405104,0.10514099269544307
2020-06-02,Energy,0.16811428571428572,-0.10188617424242423,0.05949272183240041
2020-06-02,Financials,0.08965577777777778,0.06952100000000001,0.0956421918161204
2020-06-02,Healthcare,0.023902424242424246,0.15994583333333334,0.08723732128855907
2020-06-02,Industrials,0.37193166666666666,0.12621500000000002,0.11909704855528072
2020-06-02,Materials,0.29158125,0.1044,0.1208628265973056
2020-06-02,RealEstate,0.17196666666666668,-0.03544444444444446,0.10055804232804233
2020-06-02,Tech,0.23334666666666667,0.13237666666666664,0.13481067786880835
2020-06-02,Utilities,0.20130833333333334,0.07098333333333334,0.2031699166408988
2020-06-03,Comm,-0.07269666666666666,0.30151666666666666,0.11940938382693143
2020-06-03,Consumer,0.2024780952380952,-0.11057999999999998,0.09061154031449069
2020-06-03,Energy,0.5284125,0.16811428571428572,0.07308778305689019
2020-06-03,Financials,0.2250747619047619,0.08965577777777778,0.10249080028172886
2020-06-03,Healthcare,0.26816936507936506,0.023902424242424246,0.08533374173647704
2020-06-03,Industrials,0.3333559420289855,0.37193166666666666,0.1403177821153714
2020-06-03,Materials,0.16005833333333333,0.29158125,0.12643799194122093
2020-06-03,RealEstate,0.0772,0.17196666666666668,0.10578383597883596
2020-06-03,Tech,0.42201,0.23334666666666667,0.15296396358309408
2020-06-03,Utilities,0.0,0.20130833333333334,0.20496570037105752
2020-06-04,Comm,0.17218499999999998,-0.07269666666666666,0.1096338459080602
2020-06-04,Consumer,0.22168749999999998,0.2024780952380952,0.09264142972666581
2020-06-04,Energy,0.08736933333333333,0.5284125,0.09824902709063424
2020-06-04,Financials,0.19492166666666666,0.2250747619047619,0.10695988418195561
2020-06-04,Healthcare,0.11212809523809524,0.26816936507936506,0.09466120844965803
2020-06-04,Industrials,0.10632797619047618,0.3333559420289855,0.1526799018038265
2020-06-04,Materials,-0.014499999999999999,0.16005833333333333,0.13258092844915745
2020-06-04,RealEstate,0.183,0.0772,0.10623919312169312
2020-06-04,Tech,0.15758611111111112,0.42201,0.1554014425746907
2020-06-04,Utilities,-0.06472000000000001,0.0,0.19543522418058137
2020-06-05,Comm,0.12153666666666665,0.17218499999999998,0.11203976427540714
2020-06-05,Consumer,0.2129088888888889,0.22168749999999998,0.09539940818471569
2020-06-05,Energy,0.2571124242424242,0.08736933333333333,0.09699162882223596
2020-06-05,Financials,0.38875699999999996,0.19492166666666666,0.11484043973751118
2020-06-05,Healthcare,0.17590277777777777,0.11212809523809524,0.0916245195518767
2020-06-05,Industrials,0.36577000000000004,0.10632797619047618,0.14338319167533065
2020-06-05,Materials,0.23480625000000005,-0.014499999999999999,0.12131731500377928
2020-06-05,RealEstate,-0.05,0.183,0.10881697089947091
2020-06-05,Tech,0.20533888888888888,0.15758611111111112,0.1514516740561722
2020-06-05,Utilities,0.1351375,-0.06472000000000001,0.18514739950525666
2020-06-08,Comm,-0.10209249999999999,0.12153666666666665,0.12185496268810554
2020-06-08,Consumer,0.17392000000000002,0.2129088888888889,0.10066474976579257
2020-06-08,Energy,0.13591057142857144,0.2571124242424242,0.09973060480656908
2020-06-08,Financials,0.22326428571428575,0.38875699999999996,0.13071180481687625
2020-06-08,Healthcare,0.0662613157894737,0.17590277777777777,0.09181158304394019
2020-06-08,Industrials,0.0940207843137255,0.36577000000000004,0.15710485834199733
2020-06-08,Materials,0.2369,0.23480625000000005,0.13261846296296295
2020-06-08,RealEstate,0.28985000000000005,-0.05,0.10691935185185185
2020-06-08,Tech,0.10485333333333333,0.20533888888888888,0.15266594654294469
2020-06-08,Utilities,0.7906,0.1351375,0.18165767728303445
2020-06-09,Comm,0.015833333333333335,-0.10209249999999999,0.1105486928468357
2020-06-09,Consumer,0.02728984126984126,0.17392000000000002,0.10364364747302361
2020-06-09,Energy,0.41988933333333334,0.13591057142857144,0.096715598003848
2020-06-09,Financials,0.11526428571428574,0.22326428571428575,0.14577502477152476
2020-06-09,Healthcare,0.0015680555555555493,0.0662613157894737,0.08802151342544952
2020-06-09,Industrials,0.12934846153846158,0.0940207843137255,0.15996259410296837
2020-06-09,Materials,0.3803,0.2369,0.1349175105820106
2020-06-09,RealEstate,0.032900000000000006,0.28985000000000005,0.10429046296296297
2020-06-09,Tech,0.2959757142857143,0.10485333333333333,0.14486934336834148
2020-06-09,Utilities,0.2973916666666667,0.7906,0.21187783601319315
2020-06-10,Comm,0.011962500000000015,0.015833333333333335,0.09847313729128014
2020-06-10,Consumer,-0.008786236363636365,0.02728984126984126,0.10090453478148234
2020-06-10,Energy,-0.15131111111111112,0.41988933333333334,0.10700262974987976
2020-06-10,Financials,0.17390535714285715,0.11526428571428574,0.14816033996426853
2020-06-10,Healthcare,0.09868333333333333,0.0015680555555555493,0.08892092480111088
2020-06-10,Industrials,0.05596666666666667,0.12934846153846158,0.16521147917622847
2020-06-10,Materials,0.0,0.3803,0.14660408465608468
2020-06-10,RealEstate,0.06665833333333333,0.032900000000000006,0.09504205026455026
2020-06-10,Tech,0.01568839285714286,0.2959757142857143,0.1320036971098381
2020-06-10,Utilities,0.013333333333333336,0.2973916666666667,0.22017917800453515
2020-06-11,Comm,0.017760952380952384,0.011962500000000015,0.09254776881055451
2020-06-11,Consumer,0.050868744588744595,-0.008786236363636365,0.09583753344670602
2020-06-11,Energy,-0.09854499999999998,-0.15131111111111112,0.10145887842712842
2020-06-11,Financials,0.0769708888888889,0.17390535714285715,0.14844397601869033
2020-06-11,Healthcare,0.22164,0.09868333333333333,0.09164124226142836
2020-06-11,Industrials,0.10926047619047619,0.05596666666666667,0.15397854266829195
2020-06-11,Materials,0.2338,0.0,0.14203848941798944
2020-06-11,RealEstate,0.25251666666666667,0.06665833333333333,0.09787578042328042
2020-06-11,Tech,0.2238979166666667,0.01568839285714286,0.12642959412419938
2020-06-11,Utilities,0.3182,0.013333333333333336,0.20850784863945576
2020-06-12,Comm,0.10833333333333334,0.017760952380952384,0.08965487765409194
2020-06-12,Consumer,0.09198695238095238,0.050868744588744595,0.09185096176045576
2020-06-12,Energy,0.04087000000000003,-0.09854499999999998,0.08910857683982683
2020-06-12,Financials,0.06428333333333335,0.0769708888888889,0.15885670315398887
2020-06-12,Healthcare,0.0434975,0.22164,0.10557075095379419
2020-06-12,Industrials,-0.0523275,0.10926047619047619,0.15770653071199428
2020-06-12,Materials,0.01255,0.2338,0.14834859523809524
2020-06-12,RealEstate,0.32599999999999996,0.25251666666666667,0.12704343915343916
2020-06-12,Tech,0.10369583333333333,0.2238979166666667,0.13855173301308826
2020-06-12,Utilities,0.31320000000000003,0.3182,0.2133447335600907
2020-06-15,Comm,0.030641666666666657,0.10833333333333334,0.09337233797155226
2020-06-15,Consumer,0.02012441558441559,0.09198695238095238,0.09260173727065985
2020-06-15,Energy,0.0982662962962963,0.04087000000000003,0.09357283163265306
2020-06-15,Financials,0.09648124999999999,0.06428333333333335,0.15423321995464853
2020-06-15,Healthcare,0.17755428571428572,0.0434975,0.10159089260843586
2020-06-15,Industrials,0.06719869047619048,-0.0523275,0.15562426880723237
2020-06-15,Materials,0.2732,0.01255,0.1419098015873016
2020-06-15,RealEstate,0.22094999999999998,0.32599999999999996,0.128850582010582
2020-06-15,Tech,0.185875,0.10369583333333333,0.1360397621136174
2020-06-15,Utilities,0.56505,0.31320000000000003,0.2097828287981859
2020-06-16,Comm,0.09449444444444444,0.030641666666666657,0.08647416336837765
2020-06-16,Consumer,0.22814999999999996,0.02012441558441559,0.08684315808747142
2020-06-16,Energy,0.06768437499999999,0.0982662962962963,0.1011588457420005
2020-06-16,Financials,0.10966666666666668,0.09648124999999999,0.15440666572184428
2020-06-16,Healthcare,0.08075833333333332,0.17755428571428572,0.10387577922975104
2020-06-16,Industrials,0.14670791666666666,0.06719869047619048,0.1556885252320245
2020-06-16,Materials,0.0,0.2732,0.14921765873015871
2020-06-16,RealEstate,0.260575,0.22094999999999998,0.13163232804232802
2020-06-16,Tech,0.2161375,0.185875,0.1372881748120301
2020-06-16,Utilities,0.41805000000000003,0.56505,0.22831608276643992
2020-06-17,Comm,0.129445,0.09449444444444444,0.08570612104033533
2020-06-17,Consumer,0.19449083333333334,0.22814999999999996,0.09309109812274478
2020-06-17,Energy,0.008230000000000001,0.06768437499999999,0.09632786359914336
2020-06-17,Financials,-0.02486,0.10966666666666668,0.14985284486016628
2020-06-17,Healthcare,-0.10579583333333334,0.08075833333333332,0.10722199856597037
2020-06-17,Industrials,-0.016666666666666666,0.14670791666666666,0.16413944189869117
2020-06-17,Materials,-0.6124,0.0,0.13687208994708996
2020-06-17,RealEstate,-0.03320000000000001,0.260575,0.14588689153439155
2020-06-17,Tech,0.053137500000000004,0.2161375,0.14725261621315194
2020-06-17,Utilities,0.0,0.41805000000000003,0.23962694444444446
2020-06-18,Comm,-0.013688750000000003,0.129445,0.08416054961176389
2020-06-18,Consumer,0.07858728571428572,0.19449083333333334,0.0919682037393504
2020-06-18,Energy,0.035186666666666665,0.008230000000000001,0.08975796261652809
2020-06-18,Financials,-0.08632,-0.02486,0.1452698977702192
2020-06-18,Healthcare,0.3239416666666667,-0.10579583333333334,0.09646397475644655
2020-06-18,Industrials,-0.06196833333333333,-0.016666666666666666,0.14425718071542998
2020-06-18,Materials,0.0,-0.6124,0.103482208994709
2020-06-18,RealEstate,0.3562666666666667,-0.03320000000000001,0.11734998677248679
2020-06-18,Tech,0.232325,0.053137500000000004,0.1483510685941043
2020-06-18,Utilities,0.4691,0.0,0.22253448412698412
2020-06-19,Comm,0.15786666666666666,-0.013688750000000003,0.07675994246890674
2020-06-19,Consumer,0.016468222222222228,0.07858728571428572,0.09839539072696597
2020-06-19,Energy,0.32760873015873015,0.035186666666666665,0.08355161341017887
2020-06-19,Financials,-0.09064166666666668,-0.08632,0.13822757804232802
2020-06-19,Healthcare,0.18144583333333333,0.3239416666666667,0.10079419697866879
2020-06-19,Industrials,0.10760000000000002,-0.06196833333333333,0.14706642674717602
2020-06-19,Materials,-0.09315,0.0,0.10104014550264549
2020-06-19,RealEstate,0.0,0.3562666666666667,0.12962935185185187
2020-06-19,Tech,-0.1504,0.232325,0.1541622590702948
2020-06-19,Utilities,0.35135000000000005,0.4691,0.23186305555555556
2020-06-22,Comm,0.1791875,0.15786666666666666,0.08392106945303375
2020-06-22,Consumer,0.049909444444444444,0.016468222222222228,0.09983456677516302
2020-06-22,Energy,0.24300833333333335,0.32760873015873015,0.09972828763542455
2020-06-22,Financials,-0.060875000000000005,-0.09064166666666668,0.11533596428571428
2020-06-22,Healthcare,0.35111944444444443,0.18144583333333333,0.10823393112018864
2020-06-22,Industrials,0.1325222222222222,0.10760000000000002,0.14446245849320777
2020-06-22,Materials,0.10485,-0.09315,0.08712083333333333
2020-06-22,RealEstate,0.0,0.0,0.12616792328042328
2020-06-22,Tech,0.19967333333333337,-0.1504,0.13456376700680273
2020-06-22,Utilities,-0.08997222222222222,0.35135000000000005,0.24748765873015874
2020-06-23,Comm,0.18540833333333331,0.1791875,0.0876884742149385
2020-06-23,Consumer,0.192136,0.049909444444444444,0.10065175532735157
2020-06-23,Energy,0.1697875,0.24300833333333335,0.11350995430209121
2020-06-23,Financials,0.12633750000000002,-0.060875000000000005,0.10841056746031748
2020-06-23,Healthcare,0.005240625000000002,0.35111944444444443,0.1201046030778606
2020-06-23,Industrials,0.17459799999999998,0.1325222222222222,0.14993871510696438
2020-06-23,Materials,0.07646666666666667,0.10485,0.08490019841269841
2020-06-23,RealEstate,0.03333333333333333,0.0,0.12616792328042328
2020-06-23,Tech,0.07206666666666667,0.19967333333333337,0.14308670351473923
2020-06-23,Utilities,0.04705000000000001,-0.08997222222222222,0.22709679894179896
2020-06-24,Comm,0.18047777777777776,0.18540833333333331,0.09791458532604962
2020-06-24,Consumer,0.02207766666666667,0.192136,0.1092331521527484
2020-06-24,Energy,-0.1692492857142857,0.1697875,0.12311691461955153
2020-06-24,Financials,0.08833666666666669,0.12633750000000002,0.10579330555555556
2020-06-24,Healthcare,0.031166666666666662,0.005240625000000002,0.11333360109373361
2020-06-24,Industrials,-0.019786666666666668,0.17459799999999998,0.1528568738371231
2020-06-24,Materials,0.0,0.07646666666666667,0.08455496031746032
2020-06-24,RealEstate,-0.16310000000000002,0.03333333333333333,0.12232645502645502
2020-06-24,Tech,-0.15072083333333333,0.07206666666666667,0.15369451303854875
2020-06-24,Utilities,-0.0727,0.04705000000000001,0.2241396560846561
2020-06-25,Comm,0.11083111111111112,0.18047777777777776,0.09992759061705489
2020-06-25,Consumer,0.09794273333333334,0.02207766666666667,0.09979157165388217
2020-06-25,Energy,0.09753238095238095,-0.1692492857142857,0.10912137040186447
2020-06-25,Financials,0.004427428571428562,0.08833666666666669,0.1017407545351474
2020-06-25,Healthcare,0.15067083333333334,0.031166666666666662,0.11235023147922113
2020-06-25,Industrials,-0.07478088235294118,-0.019786666666666668,0.1363400484402977
2020-06-25,Materials,0.4019,0.0,0.07444186507936508
2020-06-25,RealEstate,0.0,-0.16310000000000002,0.10769047619047618
2020-06-25,Tech,-0.43661666666666665,-0.15072083333333333,0.14277874433106574
2020-06-25,Utilities,0.015,-0.0727,0.204744417989418
2020-06-26,Comm,0.38775000000000004,0.11083111111111112,0.09746732606679036
2020-06-26,Consumer,0.18705352941176473,0.09794273333333334,0.09694465275056327
2020-06-26,Energy,0.09930000000000001,0.09753238095238095,0.11711910282816831
2020-06-26,Financials,0.017167261904761907,0.004427428571428562,0.08857655725623582
2020-06-26,Healthcare,-0.04141833333333333,0.15067083333333334,0.11946561507710474
2020-06-26,Industrials,0.016998148148148148,-0.07478088235294118,0.11571451889514633
2020-06-26,Materials,0.37,0.4019,0.0932625
2020-06-26,RealEstate,0.0191,0.0,0.10769047619047618
2020-06-26,Tech,-0.02402499999999999,-0.43661666666666665,0.11439271258503401
2020-06-26,Utilities,0.14333333333333334,0.015,0.19617358465608467
2020-06-29,Comm,0.027063589743589744,0.38775000000000004,0.110710018707483
2020-06-29,Consumer,0.049568153846153845,0.18705352941176473,0.10143093986540921
2020-06-29,Energy,0.03090000000000001,0.09930000000000001,0.11482243616150163
2020-06-29,Financials,0.18778499999999998,0.017167261904761907,0.08794478401360545
2020-06-29,Healthcare,0.1874166666666667,-0.04141833333333333,0.12048688491837459
2020-06-29,Industrials,0.23308035714285713,0.016998148148148148,0.1101468366074164
2020-06-29,Materials,0.13315,0.37,0.10332202380952381
2020-06-29,RealEstate,0.04000000000000001,0.0191,0.09713095238095239
2020-06-29,Tech,0.1985,-0.02402499999999999,0.10826217970521541
2020-06-29,Utilities,0.034999999999999996,0.14333333333333334,0.19706326719576722
2020-06-30,Comm,0.17293809523809525,0.027063589743589744,0.1055418166317809
2020-06-30,Consumer,0.06469,0.049568153846153845,0.09952312859731223
2020-06-30,Energy,0.12673083333333335,0.03090000000000001,0.10924719806626354
2020-06-30,Financials,0.054740714285714295,0.18778499999999998,0.0947201649659864
2020-06-30,Healthcare,0.16741666666666669,0.1874166666666667,0.11970470899244866
2020-06-30,Industrials,0.06579666666666667,0.23308035714285713,0.11168439329675882
2020-06-30,Materials,0.08076666666666667,0.13315,0.10923392857142858
2020-06-30,RealEstate,0.3359,0.04000000000000001,0.09755105820105821
2020-06-30,Tech,0.40819,0.1985,0.10908200113378685
2020-06-30,Utilities,0.165,0.034999999999999996,0.18841406084656087
2020-07-01,Comm,-0.03555,0.17293809523809525,0.10555974860457004
2020-07-01,Consumer,-0.09334500000000001,0.06469,0.09823676526473836
2020-07-01,Energy,0.05932916666666667,0.12673083333333335,0.1201337222365377
2020-07-01,Financials,-0.30130833333333334,0.054740714285714295,0.09401634183673468
2020-07-01,Healthcare,0.24325694444444446,0.16741666666666669,0.12006046296070261
2020-07-01,Industrials,0.26006111111111113,0.06579666666666667,0.10880732980469532
2020-07-01,Materials,0.14615,0.08076666666666667,0.10810853174603174
2020-07-01,RealEstate,0.05,0.3359,0.11523412698412698
2020-07-01,Tech,0.19433333333333333,0.40819,0.12221596938775511
2020-07-01,Utilities,0.21287499999999998,0.165,0.192891044973545
2020-07-02,Comm,-0.0027416666666666653,-0.03555,0.08950895495377639
2020-07-02,Consumer,0.1661726666666667,-0.09334500000000001,0.09905747955045266
2020-07-02,Energy,0.1822230303030303,0.05932916666666667,0.11495347847236535
2020-07-02,Financials,0.08335000000000001,-0.30130833333333334,0.07539900321239607
2020-07-02,Healthcare,0.17699166666666669,0.24325694444444446,0.13050591630365596
2020-07-02,Industrials,0.027878124999999997,0.26006111111111113,0.10348016049252601
2020-07-02,Materials,0.0,0.14615,0.10118323412698411
2020-07-02,RealEstate,-0.049,0.05,0.10942619047619048
2020-07-02,Tech,0.31512500000000004,0.19433333333333333,0.12035819160997734
2020-07-02,Utilities,0.8074,0.21287499999999998,0.1934418386243386
2020-07-06,Comm,0.06234400000000001,-0.0027416666666666653,0.09284014542996687
2020-07-06,Consumer,0.01269419047619048,0.1661726666666667,0.09732864961847987
2020-07-06,Energy,0.14131619047619048,0.1822230303030303,0.09846826562965254
2020-07-06,Financials,0.05769250000000001,0.08335000000000001,0.06865020502645504
2020-07-06,Healthcare,0.1069347619047619,0.17699166666666669,0.12616412114114653
2020-07-06,Industrials,0.0071463636363636365,0.027878124999999997,0.08893359777686004
2020-07-06,Materials,-0.12025833333333333,0.0,0.09356140873015872
2020-07-06,RealEstate,-0.1591,-0.049,0.10341666666666668
2020-07-06,Tech,0.08888928571428573,0.31512500000000004,0.11526842970521545
2020-07-06,Utilities,0.24978599033816426,0.8074,0.23188945767195768
2020-07-07,Comm,0.09276,0.06234400000000001,0.08760962162044306
2020-07-07,Consumer,0.16314454545454546,0.01269419047619048,0.08737658726020323
2020-07-07,Energy,-0.028489285714285734,0.14131619047619048,0.1010371635888362
2020-07-07,Financials,-0.10342500000000004,0.05769250000000001,0.06211548280423281
2020-07-07,Healthcare,0.13183333333333333,0.1069347619047619,0.12591681955384493
2020-07-07,Industrials,-0.05824285714285714,0.0071463636363636365,0.08421066384571183
2020-07-07,Materials,0.0,-0.12025833333333333,0.08852529761904762
2020-07-07,RealEstate,0.49884999999999996,-0.1591,0.08712619047619048
2020-07-07,Tech,0.35015,0.08888928571428573,0.1119971523053666
2020-07-07,Utilities,-0.16460000000000002,0.24978599033816426,0.2468659334023465
2020-07-08,Comm,-0.06473125,0.09276,0.0862393041601256
2020-07-08,Consumer,0.19374277777777776,0.16314454545454546,0.08500685662047258
2020-07-08,Energy,0.5859,-0.028489285714285734,0.08743708216232621
2020-07-08,Financials,0.25695,-0.10342500000000004,0.03867824470899471
2020-07-08,Healthcare,0.19100059523809526,0.13183333333333333,0.12381827458029997
2020-07-08,Industrials,0.114395,-0.05824285714285714,0.06401957541033768
2020-07-08,Materials,0.5719,0.0,0.0773440476190476
2020-07-08,RealEstate,-0.5594,0.49884999999999996,0.11326190476190476
2020-07-08,Tech,0.03735111111111111,0.35015,0.1188929195011338
2020-07-08,Utilities,-0.09189166666666665,-0.16460000000000002,0.23259271911663215
2020-07-09,Comm,0.2149375,-0.06473125,0.08801841130298274
2020-07-09,Consumer,0.0971675,0.19374277777777776,0.08595079841941439
2020-07-09,Energy,0.2078875,0.5859,0.1088651501895371
2020-07-09,Financials,0.16666319444444444,0.25695,0.04028232634164777
2020-07-09,Healthcare,0.044638888888888895,0.19100059523809526,0.12975824026832955
2020-07-09,Industrials,0.028888888888888926,0.114395,0.06498977615730313
2020-07-09,Materials,0.0,0.5719,0.09329642857142857
2020-07-09,RealEstate,-0.05,-0.5594,0.07282142857142856
2020-07-09,Tech,0.1812904761904762,0.03735111111111111,0.11567852796674227
2020-07-09,Utilities,0.14223333333333332,-0.09189166666666665,0.19056930641821945
2020-07-10,Comm,0.006666666666666668,0.2149375,0.09749956209663353
2020-07-10,Consumer,0.00792857142857142,0.0971675,0.08927830597799337
2020-07-10,Energy,0.19128,0.2078875,0.09876982479271171
2020-07-10,Financials,0.0630711111111111,0.16666319444444444,0.04272989342403628
2020-07-10,Healthcare,0.21236272727272726,0.044638888888888895,0.13180923233182162
2020-07-10,Industrials,-0.09952857142857145,0.028888888888888926,0.060205986983513954
2020-07-10,Materials,0.0,0.0,0.07518690476190476
2020-07-10,RealEstate,0.0772,-0.05,0.06887380952380953
2020-07-10,Tech,0.02777777777777778,0.1812904761904762,0.1102173261526833
2020-07-10,Utilities,0.3882,0.14223333333333332,0.18318081435472738
2020-07-13,Comm,0.07006666666666667,0.006666666666666668,0.09724737955695098
2020-07-13,Consumer,0.17181723809523808,0.00792857142857142,0.09007424920619374
2020-07-13,Energy,0.44683333333333336,0.19128,0.11508368722657414
2020-07-13,Financials,0.05494333333333333,0.0630711111111111,0.03745207218442933
2020-07-13,Healthcare,0.05838000000000001,0.21236272727272726,0.13722253680512608
2020-07-13,Industrials,0.17601666666666665,-0.09952857142857145,0.05280145183612165
2020-07-13,Materials,-0.025,0.0,0.07518690476190476
2020-07-13,RealEstate,0.04000000000000001,0.0772,0.06937579365079365
2020-07-13,Tech,0.347325,0.02777777777777778,0.11079301114890401
2020-07-13,Utilities,0.01108333333333333,0.3882,0.20103160800552106
2020-07-14,Comm,0.04646785714285714,0.07006666666666667,0.09973812785627072
2020-07-14,Consumer,0.09900976190476189,0.17181723809523808,0.09583370127793152
2020-07-14,Energy,-0.0007999999999999986,0.44683333333333336,0.14105408405197095
2020-07-14,Financials,0.01673375,0.05494333333333333,0.03640314096749812
2020-07-14,Healthcare,0.22698999999999997,0.05838000000000001,0.12944825109084038
2020-07-14,Industrials,0.11166800000000002,0.17601666666666665,0.05598031804927358
2020-07-14,Materials,0.0,-0.025,0.06286309523809523
2020-07-14,RealEstate,0.03,0.04000000000000001,0.05925595238095237
2020-07-14,Tech,0.11340333333333333,0.347325,0.11667049130763418
2020-07-14,Utilities,0.31320000000000003,0.01108333333333333,0.18640700483091788
2020-07-15,Comm,0.06969166666666667,0.04646785714285714,0.09679215279958137
2020-07-15,Consumer,0.1255997142857143,0.09900976190476189,0.09616812077906532
2020-07-15,Energy,-0.13835833333333333,-0.0007999999999999986,0.13906979833768524
2020-07-15,Financials,0.3253540869565218,0.01673375,0.03413887509448224
2020-07-15,Healthcare,0.4065416666666667,0.22698999999999997,0.1381859891860785
2020-07-15,Industrials,0.17325,0.11166800000000002,0.06378962757308311
2020-07-15,Materials,0.0,0.0,0.06226547619047618
2020-07-15,RealEstate,-0.013216666666666668,0.03,0.04516071428571428
2020-07-15,Tech,0.09525833333333333,0.11340333333333333,0.11713275321239608
2020-07-15,Utilities,0.5473333333333333,0.31320000000000003,0.18640700483091788
2020-07-16,Comm,0.18415,0.06969166666666667,0.09865167660910518
2020-07-16,Consumer,0.1875492857142857,0.1255997142857143,0.10119075405055573
2020-07-16,Energy,0.17227777777777775,-0.13835833333333333,0.1278019588315124
2020-07-16,Financials,-0.03907929292929291,0.3253540869565218,0.045037581616221366
2020-07-16,Healthcare,0.2613425,0.4065416666666667,0.14909015018381092
2020-07-16,Industrials,0.002425,0.17325,0.06883968993135975
2020-07-16,Materials,0.0005333333333333324,0.0,0.04925595238095237
2020-07-16,RealEstate,0.0,-0.013216666666666668,0.03400992063492063
2020-07-16,Tech,0.00802833333333336,0.09525833333333333,0.11281767384731671
2020-07-16,Utilities,0.17235,0.5473333333333333,0.1855633540372671
2020-07-17,Comm,-0.4639,0.18415,0.10292098877841736
2020-07-17,Consumer,0.12611,0.1875492857142857,0.09925738670361696
2020-07-17,Energy,-0.03370833333333334,0.17227777777777775,0.13278259705902562
2020-07-17,Financials,-0.03742904761904761,-0.03907929292929291,0.03795444068308044
2020-07-17,Healthcare,-0.08089166666666667,0.2613425,0.15768939621555694
2020-07-17,Industrials,0.13246250000000004,0.002425,0.06196907485199467
2020-07-17,Materials,0.0,0.0005333333333333324,0.0492813492063492
2020-07-17,RealEstate,0.0,0.0,0.0216015873015873
2020-07-17,Tech,-0.05291333333333334,0.00802833333333336,0.10290771352985638
2020-07-17,Utilities,0.31303333333333333,0.17235,0.17386335403726708
2020-07-20,Comm,0.07411666666666665,-0.4639,0.07466646496889354
2020-07-20,Consumer,0.0663602813852814,0.12611,0.09600115654488678
2020-07-20,Energy,0.08103277777777777,-0.03370833333333334,0.13078553356696215
2020-07-20,Financials,0.12856349206349207,-0.03742904761904761,0.037355914605982934
2020-07-20,Healthcare,0.2730916666666667,-0.08089166666666667,0.15887530891396962
2020-07-20,Industrials,0.28474848484848486,0.13246250000000004,0.06907046374088356
2020-07-20,Materials,0.03,0.0,0.07844325396825395
2020-07-20,RealEstate,0.03125,0.0,0.02318253968253968
2020-07-20,Tech,0.13897884615384615,-0.05291333333333334,0.09785767384731672
2020-07-20,Utilities,0.02254444444444444,0.31303333333333333,0.18876970324361628
2020-07-21,Comm,0.17833,0.07411666666666665,0.07884767528635386
2020-07-21,Consumer,0.22089565217391308,0.0663602813852814,0.09541891824350564
2020-07-21,Energy,0.25188308506308504,0.08103277777777777,0.13296868171511028
2020-07-21,Financials,0.17736190476190478,0.12856349206349207,0.0475884618471016
2020-07-21,Healthcare,0.23964166666666667,0.2730916666666667,0.15645388034254104
2020-07-21,Industrials,0.11045714285714285,0.28474848484848486,0.08558078841620824
2020-07-21,Materials,0.0,0.03,0.07987182539682539
2020-07-21,RealEstate,0.12007999999999999,0.03125,0.007705555555555553
2020-07-21,Tech,0.23766,0.13897884615384615,0.09341261890226177
2020-07-21,Utilities,0.167,0.02254444444444444,0.16750515297906604
2020-07-22,Comm,0.10043888888888888,0.17833,0.0798221197307983
2020-07-22,Consumer,0.096204,0.22089565217391308,0.10515355776501474
2020-07-22,Energy,0.16760833333333333,0.25188308506308504,0.12936269861531768
2020-07-22,Financials,0.04883124999999999,0.17736190476190478,0.06035053667703357
2020-07-22,Healthcare,0.5461666666666667,0.23964166666666667,0.15922511050127122
2020-07-22,Industrials,-0.009887037037037047,0.11045714285714285,0.08571684283797694
2020-07-22,Materials,0.1816,0.0,0.08430753968253968
2020-07-22,RealEstate,0.16435,0.12007999999999999,0.01342365079365079
2020-07-22,Tech,0.20690555555555556,0.23766,0.11189166652130939
2020-07-22,Utilities,0.0,0.167,0.1587265815504946
2020-07-23,Comm,-0.19284166666666666,0.10043888888888888,0.07607218586836445
2020-07-23,Consumer,0.053582243589743596,0.096204,0.10735806041051738
2020-07-23,Energy,0.047799999999999995,0.16760833333333333,0.12577222242484148
2020-07-23,Financials,0.018518333333333338,0.04883124999999999,0.06557464381989071
2020-07-23,Healthcare,-0.06359999999999999,0.5461666666666667,0.1685130734642342
2020-07-23,Industrials,0.2737075,-0.009887037037037047,0.07893544953991698
2020-07-23,Materials,0.029442500000000003,0.1816,0.08796230158730158
2020-07-23,RealEstate,0.1105,0.16435,0.021249841269841266
2020-07-23,Tech,0.24046296296296296,0.20690555555555556,0.11223605805570092
2020-07-23,Utilities,0.15332500000000002,0.0,0.16301097308488613
2020-07-24,Comm,0.049128125,-0.19284166666666666,0.05806028110645969
2020-07-24,Consumer,0.00030916666666666733,0.053582243589743596,0.10076026248621944
2020-07-24,Energy,0.23618846153846154,0.047799999999999995,0.11996329385341291
2020-07-24,Financials,-0.0174625,0.018518333333333338,0.06044039778814468
2020-07-24,Healthcare,0.182515,-0.06359999999999999,0.1652349484642342
2020-07-24,Industrials,0.231,0.2737075,0.08365494953991698
2020-07-24,Materials,0.15465,0.029442500000000003,0.08572305555555555
2020-07-24,RealEstate,0.0,0.1105,0.024924444444444444
2020-07-24,Tech,0.19684603174603174,0.24046296296296296,0.1202549293079055
2020-07-24,Utilities,0.27368888888888887,0.15332500000000002,0.16807168737060044
2020-07-27,Comm,0.1796,0.049128125,0.051805535736089314
2020-07-27,Consumer,0.12322361111111112,0.00030916666666666733,0.0997236672481242
2020-07-27,Energy,0.050076666666666665,0.23618846153846154,0.13926985324640087
2020-07-27,Financials,0.17370208333333334,-0.0174625,0.05540234223258913
2020-07-27,Healthcare,0.007292857142857144,0.182515,0.17244201195629769
2020-07-27,Industrials,0.17292500000000002,0.231,0.09559717176213921
2020-07-27,Materials,0.026695000000000003,0.15465,0.09308734126984126
2020-07-27,RealEstate,0.27875,0.0,0.03269111111111111
2020-07-27,Tech,0.17996011904761905,0.19684603174603174,0.1368057324069229
2020-07-27,Utilities,-0.020168749999999985,0.27368888888888887,0.1845663963653094
2020-07-28,Comm,0.18662499999999999,0.1796,0.05508024473079831
2020-07-28,Consumer,0.09978371428571428,0.12322361111111112,0.10092751857087552
2020-07-28,Energy,0.2023,0.050076666666666665,0.13701005732803354
2020-07-28,Financials,0.06155714285714286,0.17370208333333334,0.06346304007839411
2020-07-28,Healthcare,0.06429166666666666,0.007292857142857144,0.16561448928056072
2020-07-28,Industrials,0.13146901315789475,0.17292500000000002,0.10739268996942213
2020-07-28,Materials,0.29198749999999996,0.026695000000000003,0.0752204365079365
2020-07-28,RealEstate,0.0,0.27875,0.04596492063492063
2020-07-28,Tech,0.08393690476190475,0.17996011904761905,0.1661665317266508
2020-07-28,Utilities,0.2202,-0.020168749999999985,0.18289169398435703
2020-07-29,Comm,0.024543750000000003,0.18662499999999999,0.045502863778417356
2020-07-29,Consumer,0.052570277777777785,0.09978371428571428,0.09677181308868266
2020-07-29,Energy,0.3070875,0.2023,0.14191481923279545
2020-07-29,Financials,0.0930547619047619,0.06155714285714286,0.0655768439332694
2020-07-29,Healthcare,0.145888,0.06429166666666666,0.17064829880437024
2020-07-29,Industrials,0.06412740384615384,0.13146901315789475,0.1128436835413148
2020-07-29,Materials,0.07529999999999999,0.29198749999999996,0.07150555555555556
2020-07-29,RealEstate,0.10253000000000001,0.0,0.04505539682539682
2020-07-29,Tech,0.24956732954545455,0.08393690476190475,0.171307574810551
2020-07-29,Utilities,0.17923333333333333,0.2202,0.1865520114446745
2020-07-30,Comm,0.08032166666666667,0.024543750000000003,0.04538287140967498
2020-07-30,Consumer,0.120478,0.052570277777777785,0.09691477137114093
2020-07-30,Energy,0.06677600000000002,0.3070875,0.15506660494708113
2020-07-30,Financials,0.27932444444444443,0.0930547619047619,0.06106588021444853
2020-07-30,Healthcare,-0.004190624999999998,0.145888,0.16867074324881468
2020-07-30,Industrials,0.07374442002442003,0.06412740384615384,0.10479830481290038
2020-07-30,Materials,0.019900000000000008,0.07529999999999999,0.06875079365079365
2020-07-30,RealEstate,-0.097925,0.10253000000000001,0.048033015873015866
2020-07-30,Tech,0.04760391414141414,0.24956732954545455,0.1737393524079536
2020-07-30,Utilities,0.11611666666666666,0.17923333333333333,0.19342026541292845
2020-07-31,Comm,0.22148333333333334,0.08032166666666667,0.040972565287226
2020-07-31,Consumer,0.03854695238095239,0.120478,0.09957134279971236
2020-07-31,Energy,-0.018137619047619048,0.06677600000000002,0.15221161288358906
2020-07-31,Financials,-0.06824999999999999,0.27932444444444443,0.07176034355534046
2020-07-31,Healthcare,0.09118376068376068,-0.004190624999999998,0.16049896745516387
2020-07-31,Industrials,-0.0006946666666666643,0.07374442002442003,0.10517676925850768
2020-07-31,Materials,0.3632,0.019900000000000008,0.06585238095238095
2020-07-31,RealEstate,0.28045,-0.097925,0.02737468253968254
2020-07-31,Tech,0.28835,0.04760391414141414,0.15656858641468763
2020-07-31,Utilities,0.17970833333333336,0.11611666666666666,0.1910924876351507
2020-08-03,Comm,0.24888400000000002,0.22148333333333334,0.053212247826908546
2020-08-03,Consumer,0.06348270588235294,0.03854695238095239,0.10585191196071009
2020-08-03,Energy,0.1026675,-0.018137619047619048,0.14852271832576594
2020-08-03,Financials,0.07621,-0.06824999999999999,0.08285835942835633
2020-08-03,Healthcare,0.05825285714285714,0.09118376068376068,0.1532573872760837
2020-08-03,Industrials,-0.09973230303030302,-0.0006946666666666643,0.09275982745956587
2020-08-03,Materials,0.65375,0.3632,0.07618809523809524
2020-08-03,RealEstate,0.06420000000000001,0.28045,0.038348492063492064
2020-08-03,Tech,0.17105888888888887,0.28835,0.16104557054167173
2020-08-03,Utilities,0.35613333333333336,0.17970833333333336,0.1895131225557856
2020-08-04,Comm,0.09982666666666667,0.24888400000000002,0.06519442243008314
2020-08-04,Consumer,0.2093963636363636,0.06348270588235294,0.10096191382812374
2020-08-04,Energy,0.009954166666666674,0.1026675,0.14473435973990736
2020-08-04,Financials,0.026211666666666654,0.07621,0.08251835942835632
2020-08-04,Healthcare,0.011691666666666671,0.05825285714285714,0.1476031582511404
2020-08-04,Industrials,0.07183333333333332,-0.09973230303030302,0.08668314041050383
2020-08-04,Materials,0.16799999999999998,0.65375,0.10731904761904763
2020-08-04,RealEstate,-0.2797,0.06420000000000001,0.043738968253968245
2020-08-04,Tech,0.1493639393939394,0.17105888888888887,0.15418527953638073
2020-08-04,Utilities,0.4046333333333334,0.35613333333333336,0.16802423366689673
2020-08-05,Comm,0.19652083333333334,0.09982666666666667,0.06697931131897203
2020-08-05,Consumer,0.022131764705882358,0.2093963636363636,0.11032868397860816
2020-08-05,Energy,0.15984444444444446,0.009954166666666674,0.13847902527278716
2020-08-05,Financials,0.13563833333333333,0.026211666666666654,0.08101927212676903
2020-08-05,Healthcare,-0.006633333333333324,0.011691666666666671,0.14306777276361204
2020-08-05,Industrials,0.1299725,0.07183333333333332,0.08976347230083571
2020-08-05,Materials,0.001216666666666669,0.16799999999999998,0.12104563492063491
2020-08-05,RealEstate,0.104,-0.2797,0.03799611111111111
2020-08-05,Tech,0.10243482142857144,0.1493639393939394,0.15706502494969757
2020-08-05,Utilities,-0.024233333333333332,0.4046333333333334,0.17539791666666668
2020-08-06,Comm,0.23870952380952382,0.19652083333333334,0.0719203033824641
2020-08-06,Consumer,0.07713933333333334,0.022131764705882358,0.10361378965724326
2020-08-06,Energy,0.19509999999999997,0.15984444444444446,0.14744729813748864
2020-08-06,Financials,0.033958333333333354,0.13563833333333333,0.09240324038073727
2020-08-06,Healthcare,0.304275,-0.006633333333333324,0.13647412196996125
2020-08-06,Industrials,0.3095111111111111,0.1299725,0.09872610835525747
2020-08-06,Materials,0.3579333333333334,0.001216666666666669,0.12110357142857142
2020-08-06,RealEstate,0.020000000000000004,0.104,0.01919373015873016
2020-08-06,Tech,0.058491666666666664,0.10243482142857144,0.14526906406534382
2020-08-06,Utilities,0.066675,-0.024233333333333332,0.18208204365079364
2020-08-07,Comm,0.07867948717948718,0.23870952380952382,0.08636986404006047
2020-08-07,Consumer,0.15442333333333333,0.07713933333333334,0.09806124468369827
2020-08-07,Energy,0.06423555555555556,0.19509999999999997,0.1288377743279648
2020-08-07,Financials,0.06335833333333334,0.033958333333333354,0.08178458958708648
2020-08-07,Healthcare,0.25333571428571433,0.304275,0.1418681412443377
2020-08-07,Industrials,0.010779166666666659,0.3095111111111111,0.10801735174150086
2020-08-07,Materials,0.0,0.3579333333333334,0.11091468253968254
2020-08-07,RealEstate,0.37572500000000003,0.020000000000000004,0.04678420634920635
2020-08-07,Tech,0.33845000000000003,0.058491666666666664,0.14627575718703692
2020-08-07,Utilities,0.0,0.066675,0.1896328373015873
2020-08-10,Comm,0.25757,0.07867948717948718,0.07988138723908367
2020-08-10,Consumer,0.11772502164502166,0.15442333333333333,0.10078771293766653
2020-08-10,Energy,0.2072697777777778,0.06423555555555556,0.12199720554489601
2020-08-10,Financials,0.26968333333333333,0.06335833333333334,0.07686531048655738
2020-08-10,Healthcare,0.18640555555555557,0.25333571428571433,0.15180608531085316
2020-08-10,Industrials,0.16842777777777776,0.010779166666666659,0.10715498401663315
2020-08-10,Materials,0.2028,0.0,0.11091468253968254
2020-08-10,RealEstate,0.0,0.37572500000000003,0.0670568253968254
2020-08-10,Tech,0.13301666666666667,0.33845000000000003,0.15375954403510952
2020-08-10,Utilities,0.027294444444444465,0.0,0.18285982142857143
2020-08-11,Comm,0.13808333333333334,0.25757,0.09182916501686146
2020-08-11,Consumer,0.06932520833333333,0.11772502164502166,0.10601611532892606
2020-08-11,Energy,0.2402919642857143,0.2072697777777778,0.12275862353431402
2020-08-11,Financials,0.13545000000000001,0.26968333333333333,0.08670398773523463
2020-08-11,Healthcare,0.13055555555555556,0.18640555555555557,0.1505700295147974
2020-08-11,Industrials,0.025146296296296302,0.16842777777777776,0.11991481016931643
2020-08-11,Materials,0.0,0.2028,0.12057182539682539
2020-08-11,RealEstate,0.43189999999999995,0.0,0.06338063492063492
2020-08-11,Tech,0.26361833333333334,0.13301666666666667,0.15877091969648516
2020-08-11,Utilities,0.3718,0.027294444444444465,0.1656738425925926
2020-08-12,Comm,0.13904999999999998,0.13808333333333334,0.09506805390575034
2020-08-12,Consumer,0.017507291666666674,0.06932520833333333,0.10113554248312108
2020-08-12,Energy,0.1547133333333333,0.2402919642857143,0.11292332024633216
2020-08-12,Financials,0.03831388888888889,0.13545000000000001,0.09053763852888544
2020-08-12,Healthcare,0.06743333333333333,0.13055555555555556,0.1540069607317286
2020-08-12,Industrials,0.01953125,0.025146296296296302,0.11273050681834643
2020-08-12,Materials,0.0,0.0,0.12176230158730157
2020-08-12,RealEstate,0.0,0.43189999999999995,0.08204253968253969
2020-08-12,Tech,-0.061251785714285724,0.26361833333333334,0.15478488795045342
2020-08-12,Utilities,0.06532,0.3718,0.18285082671957675
2020-08-13,Comm,0.074,0.13904999999999998,0.09947672737513809
2020-08-13,Consumer,0.061302619047619036,0.017507291666666674,0.09725447247178322
2020-08-13,Energy,0.1241,0.1547133333333333,0.12032871707172899
2020-08-13,Financials,-0.08980333333333332,0.03831388888888889,0.09156526419026109
2020-08-13,Healthcare,-0.14394,0.06743333333333333,0.14640902422379207
2020-08-13,Industrials,-0.11223333333333334,0.01953125,0.10834304253263213
2020-08-13,Materials,0.0,0.0,0.12176230158730157
2020-08-13,RealEstate,0.015,0.0,0.08061396825396826
2020-08-13,Tech,0.07140952380952381,-0.061251785714285724,0.14646797751961443
2020-08-13,Utilities,-0.025,0.06532,0.1710470171957672
2020-08-14,Comm,-0.07454999999999999,0.074,0.09968188610529684
2020-08-14,Consumer,0.059784375,0.061302619047619036,0.09419270603187392
2020-08-14,Energy,0.30510833333333337,0.1241,0.13282673294474487
2020-08-14,Financials,0.12270833333333332,-0.08980333333333332,0.07179586322407751
2020-08-14,Healthcare,-0.0024999999999999988,-0.14394,0.12019561152537937
2020-08-14,Industrials,0.014364999999999994,-0.11223333333333334,0.09474859808818767
2020-08-14,Materials,0.04,0.0,0.12176230158730157
2020-08-14,RealEstate,0.12726666666666667,0.015,0.08195761904761904
2020-08-14,Tech,0.2975291666666667,0.07140952380952381,0.14533231992324255
2020-08-14,Utilities,0.6769000000000001,-0.025,0.14379304894179895
2020-08-17,Comm,0.13125333333333336,-0.07454999999999999,0.08736283848624919
2020-08-17,Consumer,0.18748111111111113,0.059784375,0.08810866266452698
2020-08-17,Energy,-0.06635833333333332,0.30510833333333337,0.13915199749500942
2020-08-17,Financials,0.07803333333333334,0.12270833333333332,0.0795000359032502
2020-08-17,Healthcare,0.29883,-0.0024999999999999988,0.1076316829539508
2020-08-17,Industrials,0.1565,0.014364999999999994,0.09531716951675911
2020-08-17,Materials,0.31833333333333336,0.04,0.12364166666666666
2020-08-17,RealEstate,0.31345,0.12726666666666667,0.0880179365079365
2020-08-17,Tech,0.00504916666666666,0.2975291666666667,0.15911807389149651
2020-08-17,Utilities,0.501275,0.6769000000000001,0.16781923941798943
2020-08-18,Comm,0.11865999999999999,0.13125333333333336,0.11570347340688412
2020-08-18,Consumer,0.10628041666666668,0.18748111111111113,0.09103109652696084
2020-08-18,Energy,0.014091666666666662,-0.06635833333333332,0.1375972355902475
2020-08-18,Financials,0.09351458333333335,0.07803333333333334,0.08499824452003024
2020-08-18,Healthcare,-0.14966666666666667,0.29883,0.12571366708093495
2020-08-18,Industrials,0.3813,0.1565,0.09646181237390197
2020-08-18,Materials,0.082,0.31833333333333336,0.13880039682539683
2020-08-18,RealEstate,0.5794,0.31345,0.10294412698412699
2020-08-18,Tech,0.046070833333333346,0.00504916666666666,0.16187819293911557
2020-08-18,Utilities,0.4576,0.501275,0.1767831283068783
2020-08-19,Comm,0.0,0.11865999999999999,0.11782458451799524
2020-08-19,Consumer,0.1765809090909091,0.10628041666666668,0.09293205534988395
2020-08-19,Energy,0.09613333333333333,0.014091666666666662,0.13440956363257556
2020-08-19,Financials,0.11696999999999998,0.09351458333333335,0.08332924886621315
2020-08-19,Healthcare,0.11056458333333333,-0.14966666666666667,0.10558231787458575
2020-08-19,Industrials,0.16753666666666667,0.3813,0.10105950357159317
2020-08-19,Materials,0.0,0.082,0.14127658730158732
2020-08-19,RealEstate,0.006666666666666668,0.5794,0.12904650793650796
2020-08-19,Tech,0.085475,0.046070833333333346,0.15745400185242447
2020-08-19,Utilities,0.0,0.4576,0.19750005952380953
2020-08-20,Comm,0.032900000000000006,0.0,0.10933267975609046
2020-08-20,Consumer,0.098027,0.1765809090909091,0.09082182948878852
2020-08-20,Energy,0.07662,0.09613333333333333,0.12699290878830163
2020-08-20,Financials,0.17958357142857143,0.11696999999999998,0.08045344387755102
2020-08-20,Healthcare,0.044259999999999994,0.11056458333333333,0.09943579009680795
2020-08-20,Industrials,0.15079166666666666,0.16753666666666667,0.10377757613395146
2020-08-20,Materials,0.0,0.0,0.14127658730158732
2020-08-20,RealEstate,0.0,0.006666666666666668,0.12364587301587303
2020-08-20,Tech,-0.1585777777777778,0.085475,0.15020709709051971
2020-08-20,Utilities,0.18008000000000002,0.0,0.1895476785714286
2020-08-21,Comm,0.07490000000000001,0.032900000000000006,0.10611654218995291
2020-08-21,Consumer,0.25153633333333336,0.098027,0.09090863901259805
2020-08-21,Energy,0.12008333333333335,0.07662,0.12266013101052387
2020-08-21,Financials,0.21105000000000002,0.17958357142857143,0.0866797448979592
2020-08-21,Healthcare,0.222025,0.044259999999999994,0.07553547263649049
2020-08-21,Industrials,-0.03821999999999999,0.15079166666666666,0.11142894297698495
2020-08-21,Materials,-0.088,0.0,0.13262896825396828
2020-08-21,RealEstate,0.08436666666666666,0.0,0.11581968253968254
2020-08-21,Tech,0.08045666666666666,-0.1585777777777778,0.13280312883655146
2020-08-21,Utilities,0.34535,0.18008000000000002,0.19812291666666665
2020-08-24,Comm,-0.02464999999999999,0.07490000000000001,0.11886614536455609
2020-08-24,Consumer,0.08099285714285716,0.25153633333333336,0.10033502423848327
2020-08-24,Energy,0.1342925925925926,0.12008333333333335,0.12610219450258736
2020-08-24,Financials,0.38125333333333333,0.21105000000000002,0.09584791950113379
2020-08-24,Healthcare,0.2435875,0.222025,0.08913666311268097
2020-08-24,Industrials,0.33933125000000003,-0.03821999999999999,0.09657525250079446
2020-08-24,Materials,0.09076666666666666,-0.088,0.12703646825396828
2020-08-24,RealEstate,-0.008175000000000003,0.08436666666666666,0.1145752380952381
2020-08-24,Tech,0.01808611111111111,0.08045666666666666,0.12518378139387068
2020-08-24,Utilities,-0.005849999999999994,0.34535,0.20726696428571434
2020-08-25,Comm,0.06666666666666668,-0.02464999999999999,0.11535290131693704
2020-08-25,Consumer,0.14245416666666666,0.08099285714285716,0.1041771047373495
2020-08-25,Energy,0.011683333333333335,0.1342925925925926,0.12125001026706979
2020-08-25,Financials,0.24224444444444446,0.38125333333333333,0.11483438775510206
2020-08-25,Healthcare,0.17047962962962962,0.2435875,0.09204487739839526
2020-08-25,Industrials,0.1653666666666667,0.33933125000000003,0.10173388345317544
2020-08-25,Materials,-0.1779,0.09076666666666666,0.12399440476190476
2020-08-25,RealEstate,0.11500000000000002,-0.008175000000000003,0.11418595238095239
2020-08-25,Tech,0.06723625000000001,0.01808611111111111,0.11667140422077922
2020-08-25,Utilities,0.2206,-0.005849999999999994,0.19395558862433862
2020-08-26,Comm,0.115465,0.06666666666666668,0.10997512353915925
2020-08-26,Consumer,0.09391071428571429,0.14245416666666666,0.10509284547809024
2020-08-26,Energy,0.20422857142857143,0.011683333333333335,0.11942175629881582
2020-08-26,Financials,0.1218125,0.24224444444444446,0.11809830971277399
2020-08-26,Healthcare,0.14476400000000003,0.17047962962962962,0.09981567608824157
2020-08-26,Industrials,-0.10095624999999998,0.1653666666666667,0.10137396281825478
2020-08-26,Materials,0.246,-0.1779,0.11425178571428572
2020-08-26,RealEstate,0.16793333333333335,0.11500000000000002,0.10638833333333333
2020-08-26,Tech,0.15337777777777775,0.06723625000000001,0.11130360093279736
2020-08-26,Utilities,0.3709633333333333,0.2206,0.20542076719576718
2020-08-27,Comm,0.10115,0.115465,0.10658655211058783
2020-08-27,Consumer,-0.017818596491228068,0.09391071428571429,0.10481317881142356
2020-08-27,Energy,0.028539428571428566,0.20422857142857143,0.11951359303350968
2020-08-27,Financials,-0.073,0.1218125,0.12096761243386243
2020-08-27,Healthcare,0.124292,0.14476400000000003,0.10364769196125743
2020-08-27,Industrials,0.06693666666666666,-0.10095624999999998,0.09030609314406933
2020-08-27,Materials,0.020000000000000004,0.246,0.11206190476190477
2020-08-27,RealEstate,0.3625833333333333,0.16793333333333335,0.11438515873015873
2020-08-27,Tech,0.09855208333333332,0.15337777777777775,0.11461030917164845
2020-08-27,Utilities,0.045000000000000005,0.3709633333333333,0.21259997354497356
2020-08-28,Comm,0.1253625,0.10115,0.11023446877725449
2020-08-28,Consumer,0.03609601139601141,-0.017818596491228068,0.10146132765575662
2020-08-28,Energy,0.007241666666666667,0.028539428571428566,0.1062493991559587
2020-08-28,Financials,-0.12129166666666664,-0.073,0.11306024281934997
2020-08-28,Healthcare,-0.007375999999999995,0.124292,0.10261931100887647
2020-08-28,Industrials,0.07063333333333334,0.06693666666666666,0.09043986756409375
2020-08-28,Materials,-0.03771666666666667,0.020000000000000004,0.10942857142857143
2020-08-28,RealEstate,0.0,0.3625833333333333,0.1267686507936508
2020-08-28,Tech,0.502,0.09855208333333332,0.10741910697107124
2020-08-28,Utilities,0.0,0.045000000000000005,0.2062079100529101
2020-08-31,Comm,0.18387777777777778,0.1253625,0.11237927036455607
2020-08-31,Consumer,0.03782647058823529,0.03609601139601141,0.09744313772223334
2020-08-31,Energy,0.0038590476190476287,0.007241666666666667,0.10341443090199043
2020-08-31,Financials,0.10077,-0.12129166666666664,0.09398328514739228
2020-08-31,Healthcare,0.23506666666666667,-0.007375999999999995,0.10246762648506696
2020-08-31,Industrials,0.336184,0.07063333333333334,0.09029172057880391
2020-08-31,Materials,0.017499999999999998,-0.03771666666666667,0.10668492063492063
2020-08-31,RealEstate,0.6194,0.0,0.13143174603174604
2020-08-31,Tech,0.14103690476190475,0.502,0.1290570158214801
2020-08-31,Utilities,0.06671,0.0,0.200678544973545
2020-09-01,Comm,0.13038333333333335,0.18387777777777778,0.11058852962381535
2020-09-01,Consumer,0.10833452380952381,0.03782647058823529,0.09740882906543731
2020-09-01,Energy,0.04715833333333332,0.0038590476190476287,0.10446189121945074
2020-09-01,Financials,0.14104666666666665,0.10077,0.10203185657596374
2020-09-01,Healthcare,0.10009404761904762,0.23506666666666667,0.10931919343663392
2020-09-01,Industrials,0.07876666666666667,0.336184,0.10633356184864518
2020-09-01,Materials,0.0,0.017499999999999998,0.09022301587301589
2020-09-01,RealEstate,0.06481666666666668,0.6194,0.14757222222222222
2020-09-01,Tech,0.028647916666666672,0.14103690476190475,0.12204210652442796
2020-09-01,Utilities,-0.05,0.06671,0.19529767195767195
2020-09-02,Comm,0.25932222222222223,0.13038333333333335,0.10494564073492645
2020-09-02,Consumer,0.20400000000000001,0.10833452380952381,0.09954462991911212
2020-09-02,Energy,-0.0921,0.04715833333333332,0.10181859756865709
2020-09-02,Financials,0.12475777777777776,0.14104666666666665,0.10511931689342405
2020-09-02,Healthcare,-0.21301875,0.10009404761904762,0.11131163107835729
2020-09-02,Industrials,0.23923333333333333,0.07876666666666667,0.1148335127865961
2020-09-02,Materials,0.0,0.0,0.059092063492063494
2020-09-02,RealEstate,0.0,0.06481666666666668,0.1476015873015873
2020-09-02,Tech,0.20692063492063487,0.028647916666666672,0.11526063165670311
2020-09-02,Utilities,0.6068,-0.05,0.17595798941798943
2020-09-03,Comm,0.12641428571428573,0.25932222222222223,0.11254066718995291
2020-09-03,Consumer,0.23964464285714288,0.20400000000000001,0.0992876602221424
2020-09-03,Energy,0.17979333333333333,-0.0921,0.09695887534643488
2020-09-03,Financials,0.12991666666666668,0.12475777777777776,0.10981198885109598
2020-09-03,Healthcare,0.04573333333333334,-0.21301875,0.10061113504661122
2020-09-03,Industrials,0.10002916666666667,0.23923333333333333,0.1228049413580247
2020-09-03,Materials,0.05735,0.0,0.0510920634920635
2020-09-03,RealEstate,0.09000000000000001,0.0,0.1609206349206349
2020-09-03,Tech,0.12840833333333332,0.20692063492063487,0.11800142668178383
2020-09-03,Utilities,0.52135,0.6068,0.18558497354497355
2020-09-04,Comm,0.2715916666666667,0.12641428571428573,0.10920226016047445
2020-09-04,Consumer,0.068498,0.23964464285714288,0.10964541632458337
2020-09-04,Energy,0.04358125,0.17979333333333333,0.09790882243638196
2020-09-04,Financials,-0.05359333333333334,0.12991666666666668,0.10953952853363569
2020-09-04,Healthcare,0.003175000000000025,0.04573333333333334,0.10310478584026204
2020-09-04,Industrials,0.03222222222222222,0.10002916666666667,0.12137906834215169
2020-09-04,Materials,0.06349999999999999,0.05735,0.05376507936507938
2020-09-04,RealEstate,0.16346666666666668,0.09000000000000001,0.16025396825396826
2020-09-04,Tech,0.2797875,0.12840833333333332,0.11923826058201058
2020-09-04,Utilities,0.2373,0.52135,0.21156513227513227
2020-09-08,Comm,0.18147000000000002,0.2715916666666667,0.11076807648700505
2020-09-08,Consumer,0.12253418181818183,0.068498,0.10923392426109131
2020-09-08,Energy,-0.09829066666666667,0.04358125,0.09069364386495338
2020-09-08,Financials,0.10639499999999999,-0.05359333333333334,0.10537040154950869
2020-09-08,Healthcare,0.052805000000000005,0.003175000000000025,0.0887666906021668
2020-09-08,Industrials,-0.03414199999999999,0.03222222222222222,0.10817483553791887
2020-09-08,Materials,0.14,0.06349999999999999,0.03974444444444444
2020-09-08,RealEstate,0.17725000000000002,0.16346666666666668,0.16708571428571428
2020-09-08,Tech,0.15848125,0.2797875,0.12977615740740742
2020-09-08,Utilities,-0.15606857142857145,0.2373,0.2196901322751323
2020-09-09,Comm,0.19863333333333333,0.18147000000000002,0.11566286281179139
2020-09-09,Consumer,0.1446166666666667,0.12253418181818183,0.1077153932365603
2020-09-09,Energy,0.2294,-0.09829066666666667,0.08295429994960948
2020-09-09,Financials,-0.141225,0.10639499999999999,0.10741976662887376
2020-09-09,Healthcare,0.22624166666666667,0.052805000000000005,0.07921760896951373
2020-09-09,Industrials,0.18708888888888886,-0.03414199999999999,0.10603573236331572
2020-09-09,Materials,0.0,0.14,0.04641111111111111
2020-09-09,RealEstate,-0.6249,0.17725000000000002,0.1576345238095238
2020-09-09,Tech,0.11516458333333335,0.15848125,0.12120621693121691
2020-09-09,Utilities,0.743,-0.15606857142857145,0.2122582955404384
2020-09-10,Comm,0.04117500000000002,0.19863333333333333,0.11285635487528346
2020-09-10,Consumer,0.23393437500000003,0.1446166666666667,0.10899594776140054
2020-09-10,Energy,0.1116,0.2294,0.08400812005542958
2020-09-10,Financials,0.006091666666666669,-0.141225,0.08785270313681028
2020-09-10,Healthcare,0.6769000000000001,0.22624166666666667,0.0811145666414714
2020-09-10,Industrials,0.021700000000000007,0.18708888888888886,0.10692435670194006
2020-09-10,Materials,0.18455,0.0,0.036753968253968254
2020-09-10,RealEstate,0.0,-0.6249,0.12787738095238094
2020-09-10,Tech,0.15872222222222224,0.11516458333333335,0.12035611772486772
2020-09-10,Utilities,0.0,0.743,0.24633951247165534
2020-09-11,Comm,-0.007366666666666667,0.04117500000000002,0.10824167233560092
2020-09-11,Consumer,0.15157291666666667,0.23393437500000003,0.11683447950743228
2020-09-11,Energy,0.11244444444444444,0.1116,0.07787993127991936
2020-09-11,Financials,-0.09323333333333333,0.006091666666666669,0.08169278250188965
2020-09-11,Healthcare,-0.04137333333333333,0.6769000000000001,0.10713096875787352
2020-09-11,Industrials,0.04905333333333334,0.021700000000000007,0.10676024735449734
2020-09-11,Materials,-0.296,0.18455,0.045542063492063495
2020-09-11,RealEstate,0.0,0.0,0.1073107142857143
2020-09-11,Tech,0.14094444444444443,0.15872222222222224,0.11536106481481481
2020-09-11,Utilities,0.09000000000000001,0.0,0.2286347505668934
2020-09-14,Comm,0.05836944444444445,-0.007366666666666667,0.10126945011337869
2020-09-14,Consumer,0.07003295238095238,0.15157291666666667,0.12321855688838466
2020-09-14,Energy,-0.06109107142857142,0.11244444444444444,0.07586712704711514
2020-09-14,Financials,-0.02462916666666666,-0.09323333333333333,0.0754286290627362
2020-09-14,Healthcare,0.13513182608695654,-0.04137333333333333,0.1019496989166037
2020-09-14,Industrials,0.06623333333333332,0.04905333333333334,0.10816606084656084
2020-09-14,Materials,0.0576875,-0.296,0.0314468253968254
2020-09-14,RealEstate,0.35095000000000004,0.0,0.1073107142857143
2020-09-14,Tech,0.08994375,0.14094444444444443,0.1249894567271353
2020-09-14,Utilities,0.13723749999999998,0.09000000000000001,0.2298099886621315
2020-09-15,Comm,0.047488888888888886,0.05836944444444445,0.10052513794406652
2020-09-15,Consumer,0.1706672619047619,0.07003295238095238,0.12363428704711482
2020-09-15,Energy,-0.2610166666666667,-0.06109107142857142,0.06704850459813556
2020-09-15,Financials,0.338625,-0.02462916666666666,0.07853216080876795
2020-09-15,Healthcare,0.17515333333333333,0.13513182608695654,0.11523883349217304
2020-09-15,Industrials,0.12408666666666668,0.06623333333333332,0.11666447354497356
2020-09-15,Materials,0.0,0.0576875,0.034193849206349214
2020-09-15,RealEstate,0.08898333333333334,0.35095000000000004,0.12330833333333334
2020-09-15,Tech,-0.12624499999999997,0.08994375,0.12587203892668178
2020-09-15,Utilities,0.037675,0.13723749999999998,0.23753558390022678
2020-09-16,Comm,0.08211666666666666,0.047488888888888886,0.10633651360544218
2020-09-16,Consumer,0.15626944444444446,0.1706672619047619,0.12891442451877017
2020-09-16,Energy,0.20067083333333333,-0.2610166666666667,0.040090171264802216
2020-09-16,Financials,-0.002206666666666665,0.338625,0.08881390684051398
2020-09-16,Healthcare,0.0,0.17515333333333333,0.12369851603185558
2020-09-16,Industrials,0.2970136363636363,0.12408666666666668,0.12188931481481481
2020-09-16,Materials,0.020000000000000004,0.0,0.032289087301587305
2020-09-16,RealEstate,0.0,0.08898333333333334,0.12148531746031747
2020-09-16,Tech,0.4120666666666666,-0.12624499999999997,0.10569231670445955
2020-09-16,Utilities,0.1192125,0.037675,0.20709629818594102
2020-09-17,Comm,0.2680777777777778,0.08211666666666666,0.1039966723356009
2020-09-17,Consumer,0.28422875000000003,0.15626944444444446,0.12742815467750032
2020-09-17,Energy,0.23710833333333334,0.20067083333333333,0.05280584586797682
2020-09-17,Financials,0.07679,-0.002206666666666665,0.0849929544595616
2020-09-17,Healthcare,0.10045166666666665,0.0,0.10946851603185559
2020-09-17,Industrials,0.15886204545454546,0.2970136363636363,0.12858044035594035
2020-09-17,Materials,0.16239166666666666,0.020000000000000004,0.018082738095238096
2020-09-17,RealEstate,-0.2887,0.0,0.10655912698412699
2020-09-17,Tech,0.18639365079365078,0.4120666666666666,0.12507410241874528
2020-09-17,Utilities,0.0,0.1192125,0.18890284580498864
2020-09-18,Comm,0.03440625,0.2680777777777778,0.11111180461073318
2020-09-18,Consumer,0.007824610389610392,0.28422875000000003,0.13590188483623047
2020-09-18,Energy,0.12377500000000001,0.23710833333333334,0.0634256871378181
2020-09-18,Financials,0.11672500000000001,0.07679,0.08419654572940287
2020-09-18,Healthcare,-0.02694249999999998,0.10045166666666665,0.12137891285725241
2020-09-18,Industrials,0.276275,0.15886204545454546,0.1179881568061568
2020-09-18,Materials,0.0,0.16239166666666666,0.021910912698412697
2020-09-18,RealEstate,0.2127,-0.2887,0.06522103174603175
2020-09-18,Tech,0.0,0.18639365079365078,0.13175614134542704
2020-09-18,Utilities,0.0,0.0,0.16711236961451245
2020-09-21,Comm,0.098096875,0.03440625,0.11275019746787604
2020-09-21,Consumer,0.12154733333333334,0.007824610389610392,0.1278658706123591
2020-09-21,Energy,-0.07682222222222224,0.12377500000000001,0.06474195697908794
2020-09-21,Financials,-0.0514775,0.11672500000000001,0.08418487906273621
2020-09-21,Healthcare,-0.28205749999999996,-0.02694249999999998,0.11483095650804606
2020-09-21,Industrials,0.03641416666666667,0.276275,0.12316617267917267
2020-09-21,Materials,0.23651666666666668,0.0,0.021910912698412697
2020-09-21,RealEstate,0.04000000000000001,0.2127,0.07503214285714288
2020-09-21,Tech,0.11272222222222221,0.0,0.12768590325018897
2020-09-21,Utilities,0.5574,0.0,0.16711236961451245
2020-09-22,Comm,0.30411666666666665,0.098096875,0.11585481056311413
2020-09-22,Consumer,0.18866252136752137,0.12154733333333334,0.12898588648537496
2020-09-22,Energy,0.47423333333333334,-0.07682222222222224,0.057435184492315446
2020-09-22,Financials,0.1902125,-0.0514775,0.0731819708994709
2020-09-22,Healthcare,0.5232375,-0.28205749999999996,0.0992920279366175
2020-09-22,Industrials,0.13323666666666667,0.03641416666666667,0.11771962506012505
2020-09-22,Materials,0.0,0.23651666666666668,0.03317361111111111
2020-09-22,RealEstate,0.03,0.04000000000000001,0.07693690476190478
2020-09-22,Tech,0.12235555555555556,0.11272222222222221,0.14060495086923655
2020-09-22,Utilities,0.47040000000000004,0.5574,0.1850799886621315
2020-09-23,Comm,0.197175,0.30411666666666665,0.1267698899281935
2020-09-23,Consumer,0.1238275,0.18866252136752137,0.12599189543938394
2020-09-23,Energy,0.10046944444444446,0.47423333333333334,0.07429947020660117
2020-09-23,Financials,0.17234500000000003,0.1902125,0.07218970899470899
2020-09-23,Healthcare,0.18148333333333333,0.5232375,0.11363548031756988
2020-09-23,Industrials,0.27976666666666666,0.13323666666666667,0.12588422823472825
2020-09-23,Materials,0.0,0.0,0.0373640873015873
2020-09-23,RealEstate,0.0,0.03,0.0743480158730159
2020-09-23,Tech,-0.05135,0.12235555555555556,0.14260013605442173
2020-09-23,Utilities,0.04000000000000001,0.47040000000000004,0.19103475056689345
2020-09-24,Comm,0.22659500000000005,0.197175,0.13733298516628872
2020-09-24,Consumer,0.08947202380952382,0.1238275,0.1280316403373431
2020-09-24,Energy,0.21329583333333332,0.10046944444444446,0.07268884410430838
2020-09-24,Financials,0.178278125,0.17234500000000003,0.06224169312169312
2020-09-24,Healthcare,-0.15835,0.18148333333333333,0.11067813904772861
2020-09-24,Industrials,0.07370555555555554,0.27976666666666666,0.1230478195045695
2020-09-24,Materials,0.6369,0.0,0.033041865079365074
2020-09-24,RealEstate,0.0,0.0,0.0747373015873016
2020-09-24,Tech,0.16739375,-0.05135,0.1392936545729403
2020-09-24,Utilities,0.0,0.04000000000000001,0.19321808390022677
2020-09-25,Comm,-0.13572499999999998,0.22659500000000005,0.14494862008692366
2020-09-25,Consumer,0.04427083333333335,0.08947202380952382,0.12550868115366964
2020-09-25,Energy,0.05577083333333333,0.21329583333333332,0.08228943934240364
2020-09-25,Financials,0.13841111111111112,0.178278125,0.05919567791005291
2020-09-25,Healthcare,0.28293333333333337,-0.15835,0.09501958525584148
2020-09-25,Industrials,0.22029305555555556,0.07370555555555554,0.1186830046897547
2020-09-25,Materials,0.0,0.6369,0.07184186507936507
2020-09-25,RealEstate,0.0,0.0,0.06926111111111112
2020-09-25,Tech,-0.04031666666666666,0.16739375,0.14406305933484503
2020-09-25,Utilities,0.0,0.0,0.18271332199546486
2020-09-28,Comm,0.21040687500000002,-0.13572499999999998,0.13298719151549512
2020-09-28,Consumer,0.07303757575757577,0.04427083333333335,0.12314487729879435
2020-09-28,Energy,0.17443333333333336,0.05577083333333333,0.0752200232426304
2020-09-28,Financials,0.22949333333333333,0.13841111111111112,0.05998608796296297
2020-09-28,Healthcare,0.034960833333333344,0.28293333333333337,0.10159907731933354
2020-09-28,Industrials,0.1354732843137255,0.22029305555555556,0.13398059066859067
2020-09-28,Materials,-0.006199999999999997,0.0,0.06012757936507936
2020-09-28,RealEstate,0.13615,0.0,0.061264285714285716
2020-09-28,Tech,0.24946041666666666,-0.04031666666666666,0.1348395143613001
2020-09-28,Utilities,0.12727333333333335,0.0,0.16504840136054422
2020-09-29,Comm,0.0593,0.21040687500000002,0.13818989984882843
2020-09-29,Consumer,0.21898349206349205,0.07303757575757577,0.12747136169159454
2020-09-29,Energy,0.25221,0.17443333333333336,0.08216735204081632
2020-09-29,Financials,-0.06905,0.22949333333333333,0.07439053240740741
2020-09-29,Healthcare,0.273525,0.034960833333333344,0.09734521223996846
2020-09-29,Industrials,0.14200000000000002,0.1354732843137255,0.13724423912797443
2020-09-29,Materials,0.0,-0.006199999999999997,0.05887996031746031
2020-09-29,RealEstate,0.0,0.13615,0.05048174603174605
2020-09-29,Tech,0.25571666666666665,0.24946041666666666,0.14202562547241118
2020-09-29,Utilities,0.1366,0.12727333333333335,0.168966179138322
2020-09-30,Comm,0.241975,0.0593,0.1350440665154951
2020-09-30,Consumer,0.22864285714285715,0.21898349206349205,0.13618028934242696
2020-09-30,Energy,0.013961111111111113,0.25221,0.09383251077097506
2020-09-30,Financials,0.001134285714285722,-0.06905,0.07687823082010582
2020-09-30,Healthcare,0.20968125,0.273525,0.11072145033520656
2020-09-30,Industrials,0.21144633333333332,0.14200000000000002,0.1406426518263871
2020-09-30,Materials,0.0,0.0,0.06067599206349206
2020-09-30,RealEstate,0.3818,0.0,0.05048174603174605
2020-09-30,Tech,0.13186666666666666,0.25571666666666665,0.1302978476946334
2020-09-30,Utilities,0.3649066666666667,0.1366,0.17547094104308392
2020-10-01,Comm,-0.0006944444444444281,0.241975,0.13781060090702948
2020-10-01,Consumer,0.10367333333333334,0.22864285714285715,0.14526678394026607
2020-10-01,Energy,0.06292666666666667,0.013961111111111113,0.09431356141345427
2020-10-01,Financials,0.206185,0.001134285714285722,0.07213367299697657
2020-10-01,Healthcare,0.11239791666666665,0.20968125,0.10951262097012718
2020-10-01,Industrials,0.38242343749999996,0.21144633333333332,0.13470276293749825
2020-10-01,Materials,0.0,0.0,0.05984265873015873
2020-10-01,RealEstate,0.0,0.3818,0.03916746031746034
2020-10-01,Tech,0.0,0.13186666666666666,0.12986116969009825
2020-10-01,Utilities,0.4404,0.3649066666666667,0.18967078231292517
2020-10-02,Comm,-0.15464999999999998,-0.0006944444444444281,0.13156880196523055
2020-10-02,Consumer,0.07688571428571428,0.10367333333333334,0.14504482248901893
2020-10-02,Energy,0.27778184523809524,0.06292666666666667,0.09506443442932729
2020-10-02,Financials,0.22648518518518515,0.206185,0.07523549839380198
2020-10-02,Healthcare,-0.10145000000000001,0.11239791666666665,0.11009851949620429
2020-10-02,Industrials,0.067825,0.38242343749999996,0.14916260916765697
2020-10-02,Materials,0.0,0.0,0.05984265873015873
2020-10-02,RealEstate,0.0,0.0,0.036080952380952394
2020-10-02,Tech,0.17398666666666668,0.0,0.12849698318216174
2020-10-02,Utilities,0.5106,0.4404,0.21302316326530613
2020-10-05,Comm,0.1477291666666667,-0.15464999999999998,0.11185583900226759
2020-10-05,Consumer,0.13566752380952382,0.07688571428571428,0.13899176126452914
2020-10-05,Energy,0.16534979166666666,0.27778184523809524,0.11267785563114134
2020-10-05,Financials,0.19318533333333332,0.22648518518518515,0.08007966065129755
2020-10-05,Healthcare,0.09457666666666667,-0.10145000000000001,0.11541131711525192
2020-10-05,Industrials,0.15874309523809524,0.067825,0.14100030758035537
2020-10-05,Materials,0.14465,0.0,0.05984265873015873
2020-10-05,RealEstate,0.30345,0.0,0.036080952380952394
2020-10-05,Tech,0.1720866666666667,0.17398666666666668,0.12692869897959183
2020-10-05,Utilities,0.6316375,0.5106,0.20844221088435375
2020-10-06,Comm,0.10943750000000001,0.1477291666666667,0.11287083333333335
2020-10-06,Consumer,0.16591222222222224,0.13566752380952382,0.1340404698813092
2020-10-06,Energy,-0.05691666666666667,0.16534979166666666,0.11199006793272866
2020-10-06,Financials,0.2615208333333333,0.19318533333333332,0.08309245430209121
2020-10-06,Healthcare,0.08845,0.09457666666666667,0.11773719013112492
2020-10-06,Industrials,-0.010366666666666663,0.15874309523809524,0.1437962089408996
2020-10-06,Materials,0.0,0.14465,0.06399980158730159
2020-10-06,RealEstate,0.48040000000000005,0.30345,0.0462452380952381
2020-10-06,Tech,-0.05833333333333333,0.1720866666666667,0.12900861961451246
2020-10-06,Utilities,0.34676666666666667,0.6316375,0.21369399659863947
2020-10-07,Comm,0.3819,0.10943750000000001,0.10514920634920635
2020-10-07,Consumer,0.09675214285714286,0.16591222222222224,0.13867924236808168
2020-10-07,Energy,0.05786000000000001,-0.05691666666666667,0.10720445285336358
2020-10-07,Financials,0.16040666666666667,0.2615208333333333,0.0980978908100277
2020-10-07,Healthcare,0.2271142857142857,0.08845,0.12179790441683921
2020-10-07,Industrials,0.044633333333333323,-0.010366666666666663,0.14176816661285727
2020-10-07,Materials,0.04000000000000001,0.0,0.060975992063492065
2020-10-07,RealEstate,0.0,0.48040000000000005,0.06133730158730161
2020-10-07,Tech,0.3352833333333333,-0.05833333333333333,0.11290762755102042
2020-10-07,Utilities,0.22766666666666668,0.34676666666666667,0.21890669501133786
2020-10-08,Comm,-0.13152333333333333,0.3819,0.11469349206349207
2020-10-08,Consumer,0.11126535714285715,0.09675214285714286,0.13745152622707982
2020-10-08,Energy,0.27305079365079366,0.05786000000000001,0.1146401988851096
2020-10-08,Financials,0.17073802083333334,0.16040666666666667,0.10066987493701184
2020-10-08,Healthcare,0.024659027777777787,0.2271142857142857,0.13009834659370995
2020-10-08,Industrials,0.18426666666666666,0.044633333333333323,0.14551937296206358
2020-10-08,Materials,0.0,0.04000000000000001,0.056214087301587314
2020-10-08,RealEstate,0.0,0.0,0.05289682539682542
2020-10-08,Tech,0.12676190476190477,0.3352833333333333,0.12132677437641723
2020-10-08,Utilities,0.026666666666666672,0.22766666666666668,0.2371798015873016
2020-10-09,Comm,0.16777589285714287,-0.13152333333333333,0.09897174603174605
2020-10-09,Consumer,0.051498571428571414,0.11126535714285715,0.13586336863070794
2020-10-09,Energy,0.0,0.27305079365079366,0.11671880810657598
2020-10-09,Financials,0.25528333333333336,0.17073802083333334,0.11552525688145628
2020-10-09,Healthcare,-0.15622666666666665,0.024659027777777787,0.12049917331328668
2020-10-09,Industrials,0.24649666666666667,0.18426666666666666,0.14538498142767206
2020-10-09,Materials,0.0,0.0,0.056214087301587314
2020-10-09,RealEstate,0.0,0.0,0.08265396825396827
2020-10-09,Tech,0.202235,0.12676190476190477,0.12187902777777779
2020-10-09,Utilities,0.2023,0.026666666666666672,0.2030686904761905
2020-10-12,Comm,-0.02894747474747475,0.16777589285714287,0.10500035997732426
2020-10-12,Consumer,0.2771509230769231,0.051498571428571414,0.12717594941302085
2020-10-12,Energy,0.22465937500000002,0.0,0.11140452239229026
2020-10-12,Financials,0.21917878510378508,0.25528333333333336,0.12739152672272613
2020-10-12,Healthcare,0.07453229166666667,-0.15622666666666665,0.08082647490058827
2020-10-12,Industrials,0.16599285714285714,0.24649666666666667,0.15608958460227526
2020-10-12,Materials,0.14365,0.0,0.047425992063492066
2020-10-12,RealEstate,0.0,0.0,0.08265396825396827
2020-10-12,Tech,0.1880791666666667,0.202235,0.12395106481481481
2020-10-12,Utilities,0.4767,0.2023,0.21270202380952383
2020-10-13,Comm,-0.10165000000000002,-0.02894747474747475,0.10397270244966673
2020-10-13,Consumer,-0.0708951754385965,0.2771509230769231,0.13315585448017592
2020-10-13,Energy,-0.14576666666666663,0.22465937500000002,0.11674809051398338
2020-10-13,Financials,0.07258138888888889,0.21917878510378508,0.1422682942673508
2020-10-13,Healthcare,-0.0681,0.07453229166666667,0.08634579037677874
2020-10-13,Industrials,0.2517275,0.16599285714285714,0.16165813335510973
2020-10-13,Materials,0.0,0.14365,0.06836170634920635
2020-10-13,RealEstate,0.0,0.0,0.08265396825396827
2020-10-13,Tech,-0.04637777777777777,0.1880791666666667,0.1261955753968254
2020-10-13,Utilities,-0.0024999999999999745,0.4767,0.23111630952380957
2020-10-14,Comm,0.23354866666666668,-0.10165000000000002,0.0963527289046932
2020-10-14,Consumer,0.17169866071428574,-0.0708951754385965,0.1264449912506736
2020-10-14,Energy,0.054200000000000005,-0.14576666666666663,0.11271591931216933
2020-10-14,Financials,0.1879945652173913,0.07258138888888889,0.1468973683414249
2020-10-14,Healthcare,0.16185500000000003,-0.0681,0.07666808437263795
2020-10-14,Industrials,0.1843375,0.2517275,0.17049118891066528
2020-10-14,Materials,0.5859,0.0,0.06561468253968254
2020-10-14,RealEstate,0.29835,0.0,0.06594206349206351
2020-10-14,Tech,0.011611111111111114,-0.04637777777777777,0.11970407407407409
2020-10-14,Utilities,0.2732,-0.0024999999999999745,0.22446214285714286
2020-10-15,Comm,0.3675666666666667,0.23354866666666668,0.10521271832268261
2020-10-15,Consumer,0.05973045454545454,0.17169866071428574,0.12649410547969855
2020-10-15,Energy,0.3546125,0.054200000000000005,0.12772623677248676
2020-10-15,Financials,0.17346366666666663,0.1879945652173913,0.139724490494634
2020-10-15,Healthcare,0.19927333333333333,0.16185500000000003,0.07603483040438398
2020-10-15,Industrials,0.1634733333333333,0.1843375,0.17336027621225258
2020-10-15,Materials,0.33970000000000006,0.5859,0.09351468253968255
2020-10-15,RealEstate,0.0,0.29835,0.07591190476190476
2020-10-15,Tech,0.18974583333333334,0.011611111111111114,0.1262686507936508
2020-10-15,Utilities,0.6119,0.2732,0.23567761904761905
2020-10-16,Comm,0.016958333333333315,0.3675666666666667,0.11880557546553976
2020-10-16,Consumer,0.3075361111111111,0.05973045454545454,0.12189701072260377
2020-10-16,Energy,-0.029256249999999984,0.3546125,0.13505679232804232
2020-10-16,Financials,0.57352,0.17346366666666663,0.14808974446288797
2020-10-16,Healthcare,0.02090769230769231,0.19927333333333333,0.08552403675359033
2020-10-16,Industrials,0.1755495726495727,0.1634733333333333,0.1670012141631905
2020-10-16,Materials,0.5562,0.33970000000000006,0.10873849206349208
2020-10-16,RealEstate,0.0,0.0,0.07591190476190476
2020-10-16,Tech,0.15314444444444444,0.18974583333333334,0.11568194444444446
2020-10-16,Utilities,0.0,0.6119,0.2591389285714286
2020-10-19,Comm,0.29717000000000005,0.016958333333333315,0.10684750668247098
2020-10-19,Consumer,0.2614704761904762,0.3075361111111111,0.12300688506122812
2020-10-19,Energy,0.03397957575757577,-0.029256249999999984,0.12237276455026455
2020-10-19,Financials,0.20412333333333335,0.57352,0.17174355398669747
2020-10-19,Healthcare,0.181545,0.02090769230769231,0.08173622845078203
2020-10-19,Industrials,0.27293124999999996,0.1755495726495727,0.16779585831533467
2020-10-19,Materials,0.6410500000000001,0.5562,0.12749126984126985
2020-10-19,RealEstate,0.0,0.0,0.08965952380952381
2020-10-19,Tech,0.038190625,0.15314444444444444,0.11409864890400605
2020-10-19,Utilities,0.41605000000000003,0.0,0.2591389285714286
2020-10-20,Comm,0.0,0.29717000000000005,0.1193600662062805
2020-10-20,Consumer,0.24386458333333333,0.2614704761904762,0.1350852596231741
2020-10-20,Energy,0.19210000000000002,0.03397957575757577,0.11809679196729198
2020-10-20,Financials,0.18135625,0.20412333333333335,0.17590537938352288
2020-10-20,Healthcare,0.2815625,0.181545,0.09166420464125821
2020-10-20,Industrials,0.11554999999999999,0.27293124999999996,0.1676366321248585
2020-10-20,Materials,0.0,0.6410500000000001,0.15801746031746033
2020-10-20,RealEstate,0.39011666666666667,0.0,0.0795309523809524
2020-10-20,Tech,0.0640875,0.038190625,0.11591725009448225
2020-10-20,Utilities,0.030000000000000006,0.41605000000000003,0.2789508333333333
2020-10-21,Comm,0.060866666666666666,0.0,0.11468878644437573
2020-10-21,Consumer,0.23604559523809523,0.24386458333333333,0.14090989057555503
2020-10-21,Energy,-0.02861499999999998,0.19210000000000002,0.13090261207311207
2020-10-21,Financials,0.010072500000000005,0.18135625,0.18699270081209432
2020-10-21,Healthcare,0.2652711111111111,0.2815625,0.11850325226030584
2020-10-21,Industrials,0.14415,0.11554999999999999,0.17140500514073148
2020-10-21,Materials,0.17583333333333334,0.0,0.14675476190476192
2020-10-21,RealEstate,0.148,0.39011666666666667,0.09620317460317462
2020-10-21,Tech,0.19241250000000001,0.0640875,0.11360131094104309
2020-10-21,Utilities,0.11795,0.030000000000000006,0.2538365476190476
2020-10-22,Comm,0.04252916666666667,0.060866666666666666,0.1031054531110424
2020-10-22,Consumer,0.0281842966507177,0.23604559523809523,0.14316622742653476
2020-10-22,Energy,0.20450833333333332,-0.02861499999999998,0.10695745334295334
2020-10-22,Financials,0.13011666666666666,0.010072500000000005,0.17841460557399907
2020-10-22,Healthcare,-0.04663499999999998,0.2652711111111111,0.10621913850369208
2020-10-22,Industrials,-0.06998571428571429,0.14415,0.17192468768041405
2020-10-22,Materials,0.14830000000000002,0.17583333333333334,0.15512777777777778
2020-10-22,RealEstate,-0.2797,0.148,0.10182222222222223
2020-10-22,Tech,0.28301875,0.19241250000000001,0.11693735591458806
2020-10-22,Utilities,0.1822,0.11795,0.23705321428571433
2020-10-23,Comm,0.3529375,0.04252916666666667,0.09574136580945511
2020-10-23,Consumer,0.2979983333333333,0.0281842966507177,0.13861178917180703
2020-10-23,Energy,0.2614583333333333,0.20450833333333332,0.11191168614718615
2020-10-23,Financials,0.4298,0.13011666666666666,0.17640373255812605
2020-10-23,Healthcare,0.050960000000000005,-0.04663499999999998,0.09535636072591432
2020-10-23,Industrials,0.41064999999999996,-0.06998571428571429,0.15526981239696733
2020-10-23,Materials,0.045000000000000005,0.14830000000000002,0.16218968253968255
2020-10-23,RealEstate,0.03,-0.2797,0.08850317460317461
2020-10-23,Tech,0.14012727272727274,0.28301875,0.13285967734315948
2020-10-23,Utilities,0.209175,0.1822,0.2438246428571429
2020-10-26,Comm,0.1225342857142857,0.3529375,0.10175767533326463
2020-10-26,Consumer,0.07328622222222222,0.2979983333333333,0.1485416134348456
2020-10-26,Energy,0.07340433333333332,0.2614583333333333,0.11420513852813853
2020-10-26,Financials,0.007045000000000003,0.4298,0.1883809647009832
2020-10-26,Healthcare,0.023711111111111106,0.050960000000000005,0.10532350358305716
2020-10-26,Industrials,0.2444737037037037,0.41064999999999996,0.17131478594194086
2020-10-26,Materials,0.0,0.045000000000000005,0.1340039682539683
2020-10-26,RealEstate,0.30996666666666667,0.03,0.08993174603174604
2020-10-26,Tech,0.04683303571428572,0.14012727272727274,0.1315612736635058
2020-10-26,Utilities,0.07938750000000001,0.209175,0.25378535714285716
2020-10-27,Comm,0.04000000000000001,0.1225342857142857,0.11405573655775443
2020-10-27,Consumer,0.067085,0.07328622222222222,0.1499232986200308
2020-10-27,Energy,0.015266666666666678,0.07340433333333332,0.11504482900432901
2020-10-27,Financials,0.057675000000000004,0.007045000000000003,0.18212543560045408
2020-10-27,Healthcare,0.08372285714285714,0.023711111111111106,0.09297958823914182
2020-10-27,Industrials,-0.007033846153846156,0.2444737037037037,0.17246624537756697
2020-10-27,Materials,0.02,0.0,0.13400396825396826
2020-10-27,RealEstate,0.0,0.30996666666666667,0.1046920634920635
2020-10-27,Tech,0.19883278571428573,0.04683303571428572,0.1357112594911702
2020-10-27,Utilities,0.10395,0.07938750000000001,0.2575657142857143
2020-10-28,Comm,0.12849,0.04000000000000001,0.10594112346251632
2020-10-28,Consumer,0.09805750000000002,0.067085,0.1496398426315748
2020-10-28,Energy,0.06098857142857141,0.015266666666666678,0.10746546392496391
2020-10-28,Financials,0.03302047619047619,0.057675000000000004,0.1739436102036287
2020-10-28,Healthcare,0.002085333333333336,0.08372285714285714,0.09530158937292865
2020-10-28,Industrials,0.14960713636363637,-0.007033846153846156,0.16568019154577784
2020-10-28,Materials,0.0,0.02,0.13525158730158732
2020-10-28,RealEstate,0.2288,0.0,0.09820873015873019
2020-10-28,Tech,0.09234761904761905,0.19883278571428573,0.13330041992200922
2020-10-28,Utilities,0.0,0.10395,0.2564550793650794
2020-10-29,Comm,0.19927666666666669,0.12849,0.10923588536727824
2020-10-29,Consumer,0.06266440476190477,0.09805750000000002,0.14388146205712277
2020-10-29,Energy,-0.24280178571428568,0.06098857142857141,0.09835968161203876
2020-10-29,Financials,0.14361250000000003,0.03302047619047619,0.17880410906984187
2020-10-29,Healthcare,0.22389466666666666,0.002085333333333336,0.08237589096023025
2020-10-29,Industrials,-0.053876999999999994,0.14960713636363637,0.16604243613452244
2020-10-29,Materials,0.07900333333333336,0.0,0.13525158730158732
2020-10-29,RealEstate,0.0,0.2288,0.10910396825396826
2020-10-29,Tech,0.17420000000000002,0.09234761904761905,0.1255209414639593
2020-10-29,Utilities,0.12994999999999998,0.0,0.24995031746031746
2020-10-30,Comm,0.19818333333333332,0.19927666666666669,0.10720263139902426
2020-10-30,Consumer,0.1888148888888889,0.06266440476190477,0.1359777262294584
2020-10-30,Energy,0.05211083333333333,-0.24280178571428568,0.08613287700130558
2020-10-30,Financials,0.103532,0.14361250000000003,0.18558878594059017
2020-10-30,Healthcare,0.07262840909090909,0.22389466666666666,0.08305272032530961
2020-10-30,Industrials,0.07597107142857143,-0.053876999999999994,0.153407991690078
2020-10-30,Materials,0.0,0.07900333333333336,0.1390136507936508
2020-10-30,RealEstate,0.0,0.0,0.09092301587301589
2020-10-30,Tech,0.10623333333333333,0.17420000000000002,0.12753681447983234
2020-10-30,Utilities,0.1632666666666667,0.12994999999999998,0.2387619047619048
2020-11-02,Comm,0.06883833333333333,0.19818333333333332,0.11667300176939464
2020-11-02,Consumer,0.12131500000000002,0.1888148888888889,0.14003208601781816
2020-11-02,Energy,-0.07284083333333333,0.05211083333333333,0.08561783731876589
2020-11-02,Financials,0.12170416666666667,0.103532,0.18070054784535206
2020-11-02,Healthcare,0.09436329365079366,0.07262840909090909,0.08115893425027354
2020-11-02,Industrials,0.160396875,0.07597107142857143,0.1388150218771528
2020-11-02,Materials,0.28025,0.0,0.1390136507936508
2020-11-02,RealEstate,0.0625,0.0,0.09092301587301589
2020-11-02,Tech,0.069139375,0.10623333333333333,0.13259554463856252
2020-11-02,Utilities,-0.017358333333333326,0.1632666666666667,0.22556507936507936
2020-11-03,Comm,-0.05835933333333333,0.06883833333333333,0.12731530335669622
2020-11-03,Consumer,0.1540567619047619,0.12131500000000002,0.142147766289927
2020-11-03,Energy,0.23220833333333335,-0.07284083333333333,0.06892151929155502
2020-11-03,Financials,0.07959553571428571,0.12170416666666667,0.1757109755349464
2020-11-03,Healthcare,0.14217999999999997,0.09436329365079366,0.09048337680507323
2020-11-03,Industrials,0.204115,0.160396875,0.14322320640096234
2020-11-03,Materials,0.4576,0.28025,0.1523588888888889
2020-11-03,RealEstate,0.0,0.0625,0.09389920634920637
2020-11-03,Tech,0.19940000000000002,0.069139375,0.12760281646395932
2020-11-03,Utilities,0.28595,-0.017358333333333326,0.20042420634920635
2020-11-04,Comm,0.11666555555555556,-0.05835933333333333,0.11750156526145811
2020-11-04,Consumer,0.054497142857142855,0.1540567619047619,0.14302344429446215
2020-11-04,Energy,0.11354249999999999,0.23220833333333335,0.07210525937092009
2020-11-04,Financials,0.1660125,0.07959553571428571,0.170301937553087
2020-11-04,Healthcare,0.32318888888888886,0.14217999999999997,0.09275020220189863
2020-11-04,Industrials,0.24148333333333333,0.204115,0.1453837732943864
2020-11-04,Materials,0.015,0.4576,0.16726126984126985
2020-11-04,RealEstate,0.0,0.0,0.07944920634920637
2020-11-04,Tech,0.12081666666666666,0.19940000000000002,0.12890345138459425
2020-11-04,Utilities,0.02404166666666667,0.28595,0.18396289682539685
2020-11-05,Comm,-0.015697,0.11666555555555556,0.11784575838315124
2020-11-05,Consumer,0.15555214285714286,0.054497142857142855,0.13771796432469646
2020-11-05,Energy,0.06592,0.11354249999999999,0.08022236254552327
2020-11-05,Financials,0.12942,0.1660125,0.16575392168007114
2020-11-05,Healthcare,0.07852083333333336,0.32318888888888886,0.10392824452994096
2020-11-05,Industrials,0.09148999999999999,0.24148333333333333,0.15737663043724354
2020-11-05,Materials,0.0,0.015,0.16797555555555557
2020-11-05,RealEstate,0.1473,0.0,0.05657301587301588
2020-11-05,Tech,0.12767692307692308,0.12081666666666666,0.1374344037655466
2020-11-05,Utilities,0.35607500000000003,0.02404166666666667,0.1685950396825397
2020-11-06,Comm,0.10117223039215686,-0.015697,0.09891256790696078
2020-11-06,Consumer,0.06307285714285715,0.15555214285714286,0.14051796432469646
2020-11-06,Energy,0.14197500000000002,0.06592,0.0806061720693328
2020-11-06,Financials,0.176625,0.12942,0.16427836612451557
2020-11-06,Healthcare,0.0275,0.07852083333333336,0.0968523658451337
2020-11-06,Industrials,-0.015676190476190472,0.09148999999999999,0.15960790027851338
2020-11-06,Materials,0.13053333333333333,0.0,0.16607079365079366
2020-11-06,RealEstate,0.122075,0.1473,0.0635873015873016
2020-11-06,Tech,0.21091666666666667,0.12767692307692308,0.1275483842295271
2020-11-06,Utilities,0.1378,0.35607500000000003,0.17470972222222225
2020-11-09,Comm,0.20862285714285714,0.10117223039215686,0.109993309036746
2020-11-09,Consumer,0.03859142857142857,0.06307285714285715,0.1382230833723155
2020-11-09,Energy,0.18062164102564104,0.14197500000000002,0.07436446760977118
2020-11-09,Financials,0.07269910714285716,0.176625,0.1645586984657854
2020-11-09,Healthcare,0.21202000000000001,0.0275,0.09698765023666811
2020-11-09,Industrials,0.23003933333333335,-0.015676190476190472,0.1500868118431392
2020-11-09,Materials,0.0,0.13053333333333333,0.1722866666666667
2020-11-09,RealEstate,0.2246,0.122075,0.06940039682539682
2020-11-09,Tech,-0.006358333333333327,0.21091666666666667,0.13155575384403956
2020-11-09,Utilities,0.15928571428571428,0.1378,0.1800017857142857
2020-11-10,Comm,0.028675000000000006,0.20862285714285714,0.11193840257416099
2020-11-10,Consumer,0.1286311111111111,0.03859142857142857,0.1376084575219754
2020-11-10,Energy,0.037831000000000024,0.18062164102564104,0.08296549813480171
2020-11-10,Financials,0.17024999999999998,0.07269910714285716,0.1558642115043342
2020-11-10,Healthcare,0.219396,0.21202000000000001,0.11452320579222365
2020-11-10,Industrials,0.16478347222222223,0.23003933333333335,0.14930312930345668
2020-11-10,Materials,-0.15000000000000002,0.0,0.1722866666666667
2020-11-10,RealEstate,0.0,0.2246,0.08009563492063493
2020-11-10,Tech,-0.020255000000000002,-0.006358333333333327,0.12162273797102367
2020-11-10,Utilities,0.2732,0.15928571428571428,0.17795348639455782
2020-11-11,Comm,-0.12966875,0.028675000000000006,0.11468232994308834
2020-11-11,Consumer,0.11656166666666667,0.1286311111111111,0.13053608552360338
2020-11-11,Energy,0.3064,0.037831000000000024,0.07406890884908743
2020-11-11,Financials,0.19562523809523813,0.17024999999999998,0.15353426935653489
2020-11-11,Healthcare,0.020000000000000004,0.219396,0.1214214776176205
2020-11-11,Industrials,0.038790000000000005,0.16478347222222223,0.1492455395453312
2020-11-11,Materials,0.10250000000000001,-0.15000000000000002,0.15830333333333332
2020-11-11,RealEstate,0.33620000000000005,0.0,0.08009563492063493
2020-11-11,Tech,0.22655396825396826,-0.020255000000000002,0.11170206336784909
2020-11-11,Utilities,0.16785,0.2732,0.16826301020408166
2020-11-12,Comm,0.1351,-0.12966875,0.11334810375261217
2020-11-12,Consumer,0.10608852813852813,0.11656166666666667,0.1394626018143302
2020-11-12,Energy,0.3454666666666667,0.3064,0.09560065488083345
2020-11-12,Financials,0.2173745512820513,0.19562523809523813,0.15939350027112292
2020-11-12,Healthcare,-0.030775000000000004,0.020000000000000004,0.12561671571285857
2020-11-12,Industrials,0.0498,0.038790000000000005,0.13910565859295027
2020-11-12,Materials,0.05505,0.10250000000000001,0.16318428571428573
2020-11-12,RealEstate,0.0,0.33620000000000005,0.09610515873015874
2020-11-12,Tech,0.2535833333333333,0.22655396825396826,0.12469881317888461
2020-11-12,Utilities,0.3331833333333334,0.16785,0.1763749149659864
2020-11-13,Comm,0.15910833333333335,0.1351,0.1086600720065804
2020-11-13,Consumer,0.2252790890269151,0.10608852813852813,0.13633830978691316
2020-11-13,Energy,0.2914,0.3454666666666667,0.10947049615067472
2020-11-13,Financials,0.15314166666666668,0.2173745512820513,0.16079254722658293
2020-11-13,Healthcare,0.296,-0.030775000000000004,0.11644385857000142
2020-11-13,Industrials,0.11326,0.0498,0.13269911097390263
2020-11-13,Materials,0.215475,0.05505,0.1379057142857143
2020-11-13,RealEstate,0.26335,0.0,0.08189801587301589
2020-11-13,Tech,-0.019735555555555562,0.2535833333333333,0.1362212999513714
2020-11-13,Utilities,0.0,0.3331833333333334,0.1792312641723356
2020-11-16,Comm,0.13224600000000003,0.15910833333333335,0.0987334847049931
2020-11-16,Consumer,0.18558533333333332,0.2252790890269151,0.14422157809555416
2020-11-16,Energy,0.282153125,0.2914,0.1064603771030557
2020-11-16,Financials,0.15798,0.15314166666666668,0.15982483294086863
2020-11-16,Healthcare,0.04431900000000001,0.296,0.12104989031603319
2020-11-16,Industrials,0.14653214285714286,0.11326,0.13030799986279154
2020-11-16,Materials,0.24695,0.215475,0.1319902380952381
2020-11-16,RealEstate,0.05000000000000001,0.26335,0.09443849206349209
2020-11-16,Tech,0.3610916666666667,-0.019735555555555562,0.12624599571856715
2020-11-16,Utilities,-0.10179444444444442,0.0,0.15009316893424038
2020-11-17,Comm,0.14734,0.13224600000000003,0.104223373593882
2020-11-17,Consumer,0.29089140350877196,0.18558533333333332,0.13841439820137427
2020-11-17,Energy,0.010000000000000002,0.282153125,0.12128939496019854
2020-11-17,Financials,-0.025916666666666664,0.15798,0.1400372138932496
2020-11-17,Healthcare,0.04745625000000001,0.04431900000000001,0.12216471449185735
2020-11-17,Industrials,0.15923750000000003,0.14653214285714286,0.12892621749172345
2020-11-17,Materials,0.25520000000000004,0.24695,0.11726404761904764
2020-11-17,RealEstate,0.0,0.05000000000000001,0.09681944444444446
2020-11-17,Tech,0.3551944444444444,0.3610916666666667,0.13614824439581583
2020-11-17,Utilities,0.0,-0.10179444444444442,0.14524581443688586
2020-11-18,Comm,0.01018,0.14734,0.09708861168912009
2020-11-18,Consumer,0.14782222222222222,0.29089140350877196,0.13981539474034071
2020-11-18,Energy,0.10686666666666667,0.010000000000000002,0.12014751040031399
2020-11-18,Financials,0.15548541666666665,-0.025916666666666664,0.12908292817896388
2020-11-18,Healthcare,0.18796666666666667,0.04745625000000001,0.11577953592042878
2020-11-18,Industrials,-0.021952222222222224,0.15923750000000003,0.12351222939648536
2020-11-18,Materials,0.0,0.25520000000000004,0.09889023809523809
2020-11-18,RealEstate,0.48040000000000005,0.0,0.09681944444444446
2020-11-18,Tech,0.25551875,0.3551944444444444,0.1512436643693608
2020-11-18,Utilities,0.22496666666666668,0.0,0.1254339096749811
2020-11-19,Comm,0.17005,0.01018,0.09757337359388199
2020-11-19,Consumer,-0.02948749999999999,0.14782222222222222,0.13524194897314495
2020-11-19,Energy,0.21345,0.10686666666666667,0.11608878024158382
2020-11-19,Financials,0.21559599999999998,0.15548541666666665,0.12785098373451945
2020-11-19,Healthcare,0.07025416666666667,0.18796666666666667,0.11132259147598435
2020-11-19,Industrials,0.03981428571428571,-0.021952222222222224,0.1169645045287605
2020-11-19,Materials,0.1542,0.0,0.09889023809523809
2020-11-19,RealEstate,0.0,0.48040000000000005,0.10111865079365082
2020-11-19,Tech,0.013412500000000015,0.25551875,0.16035943817888462
2020-11-19,Utilities,-0.018524999999999993,0.22496666666666668,0.1347180366591081
2020-11-20,Comm,-0.018719999999999997,0.17005,0.10277257994308836
2020-11-20,Consumer,0.12232544642857143,-0.02948749999999999,0.12259751586656899
2020-11-20,Energy,0.05,0.21345,0.12761568500348858
2020-11-20,Financials,0.11004666666666667,0.21559599999999998,0.13763781706785277
2020-11-20,Healthcare,0.038996875,0.07025416666666667,0.10203607031196317
2020-11-20,Industrials,0.10699333333333333,0.03981428571428571,0.11199613718182169
2020-11-20,Materials,0.0,0.1542,0.09786007936507939
2020-11-20,RealEstate,0.0,0.0,0.09407103174603175
2020-11-20,Tech,0.24715555555555555,0.013412500000000015,0.15183562865507508
2020-11-20,Utilities,0.058033333333333326,-0.018524999999999993,0.12821922713529857
2020-11-23,Comm,0.059544444444444455,-0.018719999999999997,0.09985595295896137
2020-11-23,Consumer,0.18109367032967033,0.12232544642857143,0.1270804277607525
2020-11-23,Energy,-0.024672321428571432,0.05,0.12025814532094892
2020-11-23,Financials,0.034500833333333335,0.11004666666666667,0.13668210278213852
2020-11-23,Healthcare,0.20306157142857142,0.038996875,0.10611377864529652
2020-11-23,Industrials,0.13444,0.10699333333333333,0.12042371087796684
2020-11-23,Materials,0.056459999999999996,0.0,0.0907981746031746
2020-11-23,RealEstate,0.034999999999999996,0.0,0.10739007936507937
2020-11-23,Tech,0.09815,0.24715555555555555,0.15012785749105392
2020-11-23,Utilities,0.3072166666666667,0.058033333333333326,0.12230652872260016
2020-11-24,Comm,0.1326166666666667,0.059544444444444455,0.08588485507536349
2020-11-24,Consumer,0.05391875,0.18109367032967033,0.12151353904629236
2020-11-24,Energy,-0.13315,-0.024672321428571432,0.10663287604657248
2020-11-24,Financials,0.144245,0.034500833333333335,0.11785833294086864
2020-11-24,Healthcare,0.17667500000000003,0.20306157142857142,0.11335671061808561
2020-11-24,Industrials,0.046450714285714276,0.13444,0.10727085373510968
2020-11-24,Materials,0.4404,0.056459999999999996,0.09134388888888889
2020-11-24,RealEstate,0.14545,0.034999999999999996,0.10762817460317461
2020-11-24,Tech,0.0,0.09815,0.14812893974213617
2020-11-24,Utilities,0.2323,0.3072166666666667,0.12697517951625095
2020-11-25,Comm,0.12038000000000001,0.1326166666666667,0.08636496845404829
2020-11-25,Consumer,0.20360833333333334,0.05391875,0.12059127846428178
2020-11-25,Energy,0.15342187499999999,-0.13315,0.09679695541165183
2020-11-25,Financials,0.009144166666666665,0.144245,0.124391666274202
2020-11-25,Healthcare,0.0502375,0.17667500000000003,0.12064070532708032
2020-11-25,Industrials,0.22968666666666665,0.046450714285714276,0.09784118757234829
2020-11-25,Materials,0.2679333333333333,0.4404,0.11231531746031746
2020-11-25,RealEstate,0.0,0.14545,0.09979404761904764
2020-11-25,Tech,0.14980000000000002,0.0,0.14589879518431306
2020-11-25,Utilities,0.4053666666666667,0.2323,0.13425672713529857
2020-11-27,Comm,0.3101,0.12038000000000001,0.09019258750166734
2020-11-27,Consumer,0.11285,0.20360833333333334,0.1270923895753929
2020-11-27,Energy,0.15435625000000003,0.15342187499999999,0.10337577485609631
2020-11-27,Financials,0.34299999999999997,0.009144166666666665,0.12208067421070994
2020-11-27,Healthcare,-0.03937777777777778,0.0502375,0.11904616451075381
2020-11-27,Industrials,0.1869761904761905,0.22968666666666665,0.10911359294475365
2020-11-27,Materials,0.09000000000000001,0.2679333333333333,0.12412166666666667
2020-11-27,RealEstate,0.02765,0.0,0.09979404761904764
2020-11-27,Tech,0.30258333333333337,0.14980000000000002,0.1435639006264899
2020-11-27,Utilities,0.5567,0.4053666666666667,0.14860990173847316
2020-11-30,Comm,0.10057777777777778,0.3101,0.09884068273976258
2020-11-30,Consumer,0.14075,0.11285,0.12779679433729765
2020-11-30,Energy,0.22596476190476192,0.15435625000000003,0.10782185478806908
2020-11-30,Financials,0.029906250000000013,0.34299999999999997,0.13684160391592534
2020-11-30,Healthcare,0.17045,-0.03937777777777778,0.11707173064831994
2020-11-30,Industrials,0.13013028571428573,0.1869761904761905,0.11089307171201816
2020-11-30,Materials,0.10115,0.09000000000000001,0.12840738095238097
2020-11-30,RealEstate,0.28140000000000004,0.02765,0.09021547619047621
2020-11-30,Tech,0.03912708333333333,0.30258333333333337,0.15357512511628585
2020-11-30,Utilities,0.1223625,0.5567,0.175119425547997
2020-12-01,Comm,0.13510000000000003,0.10057777777777778,0.0941407356498155
2020-12-01,Consumer,0.25098333333333334,0.14075,0.13151515601530217
2020-12-01,Energy,0.10693666666666665,0.22596476190476192,0.13014407134135708
2020-12-01,Financials,0.5272833333333334,0.029906250000000013,0.131427020582592
2020-12-01,Healthcare,0.08365,0.17045,0.11452674652133579
2020-12-01,Industrials,0.07567916666666667,0.13013028571428573,0.11965532341269841
2020-12-01,Materials,0.35120000000000007,0.10115,0.12946198412698412
2020-12-01,RealEstate,0.34,0.28140000000000004,0.1036154761904762
2020-12-01,Tech,0.0326375,0.03912708333333333,0.14714308146549218
2020-12-01,Utilities,0.2732,0.1223625,0.17475811602418748
2020-12-02,Comm,-0.27195,0.13510000000000003,0.09113676739584724
2020-12-02,Consumer,0.009788222222222226,0.25098333333333334,0.1344755581317043
2020-12-02,Energy,0.20283083333333335,0.10693666666666665,0.13275482530961102
2020-12-02,Financials,0.15039583333333334,0.5272833333333334,0.15160565550322694
2020-12-02,Healthcare,0.28084374999999995,0.08365,0.11505158418367346
2020-12-02,Industrials,0.004888888888888887,0.07567916666666667,0.11964142318594104
2020-12-02,Materials,0.15253333333333333,0.35120000000000007,0.14618579365079365
2020-12-02,RealEstate,0.21089999999999998,0.34,0.11980595238095239
2020-12-02,Tech,0.20961875000000002,0.0326375,0.1436385179734287
2020-12-02,Utilities,0.2873875,0.2732,0.1799930366591081
2020-12-03,Comm,0.07315714285714288,-0.27195,0.07490875152283136
2020-12-03,Consumer,0.1359875,0.009788222222222226,0.12916475918990536
2020-12-03,Energy,0.021483333333333337,0.20283083333333335,0.14588204753183326
2020-12-03,Financials,0.14214166666666667,0.15039583333333334,0.15297192534449677
2020-12-03,Healthcare,0.321225,0.28084374999999995,0.12393160591458804
2020-12-03,Industrials,0.1158942857142857,0.004888888888888887,0.11223628099017385
2020-12-03,Materials,0.0,0.15253333333333333,0.14010404761904763
2020-12-03,RealEstate,0.33926666666666666,0.21089999999999998,0.12687261904761907
2020-12-03,Tech,0.09040555555555556,0.20961875000000002,0.15032801202104776
2020-12-03,Utilities,0.0,0.2873875,0.19450474300831444
2020-12-04,Comm,0.18085000000000004,0.07315714285714288,0.08117144086523498
2020-12-04,Consumer,0.10770833333333334,0.1359875,0.12830431814682144
2020-12-04,Energy,0.007186854256854254,0.021483333333333337,0.13584752372230943
2020-12-04,Financials,-0.026450000000000008,0.14214166666666667,0.1559503125327054
2020-12-04,Healthcare,0.11289722222222222,0.321225,0.13245755829554043
2020-12-04,Industrials,0.08491000000000001,0.1158942857142857,0.108035294595616
2020-12-04,Materials,0.0,0.0,0.11831357142857143
2020-12-04,RealEstate,0.03,0.33926666666666666,0.1430281746031746
2020-12-04,Tech,0.20264583333333336,0.09040555555555556,0.1451378003808361
2020-12-04,Utilities,0.26365000000000005,0.0,0.18088807634164777
2020-12-07,Comm,0.07238518518518518,0.18085000000000004,0.0842278429816371
2020-12-07,Consumer,0.10848142857142858,0.10770833333333334,0.13083818435997338
2020-12-07,Energy,0.10060055555555554,0.007186854256854254,0.13078296916311202
2020-12-07,Financials,0.07025916666666666,-0.026450000000000008,0.14678543158032445
2020-12-07,Healthcare,-0.08262222222222222,0.11289722222222222,0.12244366940665155
2020-12-07,Industrials,0.10466249999999999,0.08491000000000001,0.10057942157974302
2020-12-07,Materials,0.0,0.0,0.11759928571428571
2020-12-07,RealEstate,0.5067,0.03,0.14445674603174605
2020-12-07,Tech,0.09862083333333334,0.20264583333333336,0.14903442736496308
2020-12-07,Utilities,0.31320000000000003,0.26365000000000005,0.1922979969765684
2020-12-08,Comm,0.10860303030303031,0.07238518518518518,0.0884222327523602
2020-12-08,Consumer,0.06371333333333333,0.10848142857142858,0.12859672177493936
2020-12-08,Energy,0.09355833333333334,0.10060055555555554,0.13243442418956705
2020-12-08,Financials,0.05998866666666667,0.07025916666666666,0.1439682490406419
2020-12-08,Healthcare,0.20681111111111108,-0.08262222222222222,0.11477019057067273
2020-12-08,Industrials,-0.003991666666666664,0.10466249999999999,0.10120668348450493
2020-12-08,Materials,-0.019333333333333338,0.0,0.11759928571428571
2020-12-08,RealEstate,0.0,0.5067,0.16157103174603177
2020-12-08,Tech,0.13782083333333334,0.09862083333333334,0.14765080404383976
2020-12-08,Utilities,0.33873333333333333,0.31320000000000003,0.19025633030990174
2020-12-09,Comm,0.2703375,0.10860303030303031,0.08877608036716371
2020-12-09,Consumer,0.006318030303030308,0.06371333333333333,0.1286272206411525
2020-12-09,Energy,0.07521333333333334,0.09355833333333334,0.1301288686340115
2020-12-09,Financials,0.07421000000000001,0.05998866666666667,0.1384141379295308
2020-12-09,Healthcare,-0.11472500000000001,0.20681111111111108,0.12330881490929704
2020-12-09,Industrials,-0.03837666666666666,-0.003991666666666664,0.10176308938019651
2020-12-09,Materials,0.14093333333333335,-0.019333333333333338,0.11046277777777777
2020-12-09,RealEstate,0.02145,0.0,0.1557579365079365
2020-12-09,Tech,0.2799258333333334,0.13782083333333334,0.14417005007558578
2020-12-09,Utilities,0.57375,0.33873333333333333,0.1998245842781557
2020-12-10,Comm,0.18620312500000002,0.2703375,0.0917148728841705
2020-12-10,Consumer,0.2277425396825397,0.006318030303030308,0.12709039215218118
2020-12-10,Energy,0.36035500000000004,0.07521333333333334,0.12510942541056827
2020-12-10,Financials,0.143775,0.07421000000000001,0.13848608520844236
2020-12-10,Healthcare,0.09652291666666665,-0.11472500000000001,0.10774952919501134
2020-12-10,Industrials,0.012457333333333338,-0.03837666666666666,0.08898137509448223
2020-12-10,Materials,0.246,0.14093333333333335,0.11717388888888888
2020-12-10,RealEstate,0.0,0.02145,0.146084126984127
2020-12-10,Tech,0.3056729166666667,0.2799258333333334,0.15780262944066517
2020-12-10,Utilities,0.13011666666666666,0.57375,0.21956097883597886
2020-12-11,Comm,0.06459285714285715,0.18620312500000002,0.0992162121698848
2020-12-11,Consumer,0.15896098245614038,0.2277425396825397,0.13180998398891589
2020-12-11,Energy,-0.233304,0.36035500000000004,0.14046771112485398
2020-12-11,Financials,0.08963499999999999,0.143775,0.13722537092272807
2020-12-11,Healthcare,0.30595300000000003,0.09652291666666665,0.10189842998866212
2020-12-11,Industrials,-0.07239400000000003,0.012457333333333338,0.08172774943310658
2020-12-11,Materials,0.0,0.246,0.13603103174603173
2020-12-11,RealEstate,0.03125,0.0,0.146084126984127
2020-12-11,Tech,0.07014041666666668,0.3056729166666667,0.17332300642479215
2020-12-11,Utilities,0.12383333333333334,0.13011666666666666,0.21274748677248678
2020-12-14,Comm,0.07372723214285715,0.06459285714285715,0.10846676489097325
2020-12-14,Consumer,0.05488833333333334,0.15896098245614038,0.13382899902650985
2020-12-14,Energy,0.11477083333333334,-0.233304,0.11476752064866351
2020-12-14,Financials,0.17425000000000002,0.08963499999999999,0.13217821672771674
2020-12-14,Healthcare,0.156615,0.30595300000000003,0.11551523951247165
2020-12-14,Industrials,0.12538645833333334,-0.07239400000000003,0.07643327324263038
2020-12-14,Materials,0.0,0.0,0.13115007936507936
2020-12-14,RealEstate,0.06218,0.03125,0.13156269841269844
2020-12-14,Tech,0.10639500000000002,0.07014041666666668,0.16587474206349206
2020-12-14,Utilities,0.16665,0.12383333333333334,0.21065145502645502
2020-12-15,Comm,0.24068928571428572,0.07372723214285715,0.10554425213587118
2020-12-15,Consumer,0.19194047619047622,0.05488833333333334,0.13139089451197677
2020-12-15,Energy,0.33522222222222225,0.11477083333333334,0.10378200477564765
2020-12-15,Financials,0.27645625,0.17425000000000002,0.13012466666666667
2020-12-15,Healthcare,0.38201111111111113,0.156615,0.12443857284580499
2020-12-15,Industrials,0.24858750000000002,0.12538645833333334,0.08003262840136054
2020-12-15,Materials,0.0075,0.0,0.12852865079365078
2020-12-15,RealEstate,0.0978,0.06218,0.1345236507936508
2020-12-15,Tech,0.12724333333333335,0.10639500000000002,0.15886577380952382
2020-12-15,Utilities,0.0,0.16665,0.20272129629629626
2020-12-16,Comm,0.006666666666666668,0.24068928571428572,0.109429059392107
2020-12-16,Consumer,0.2792073333333333,0.19194047619047622,0.1298033415197654
2020-12-16,Energy,0.029816666666666686,0.33522222222222225,0.10586877726242012
2020-12-16,Financials,0.31932,0.27645625,0.1359967896825397
2020-12-16,Healthcare,0.2799375,0.38201111111111113,0.12853434004157216
2020-12-16,Industrials,0.158575,0.24858750000000002,0.08647679506802722
2020-12-16,Materials,0.055,0.0075,0.11862507936507939
2020-12-16,RealEstate,0.2609666666666667,0.0978,0.12664031746031748
2020-12-16,Tech,0.07187777777777778,0.12724333333333335,0.16586476851851853
2020-12-16,Utilities,0.0,0.0,0.20272129629629626
2020-12-17,Comm,0.09066250000000001,0.006666666666666668,0.10344909113813876
2020-12-17,Consumer,0.17514,0.2792073333333333,0.1342615319959559
2020-12-17,Energy,0.11901333333333333,0.029816666666666686,0.0938527554370233
2020-12-17,Financials,0.33394916666666663,0.31932,0.14367964682539683
2020-12-17,Healthcare,0.078472,0.2799375,0.13975426861300075
2020-12-17,Industrials,0.24463194444444447,0.158575,0.0870502644557823
2020-12-17,Materials,0.16013333333333335,0.055,0.10948460317460318
2020-12-17,RealEstate,0.0,0.2609666666666667,0.13668634920634923
2020-12-17,Tech,0.28464285714285714,0.07187777777777778,0.15209267857142858
2020-12-17,Utilities,0.19798333333333332,0.0,0.20756865079365078
2020-12-18,Comm,0.011510000000000003,0.09066250000000001,0.1007501625667102
2020-12-18,Consumer,0.27364133333333335,0.17514,0.12874956040030008
2020-12-18,Energy,0.05116666666666667,0.11901333333333333,0.09904386654813441
2020-12-18,Financials,0.013333333333333336,0.33394916666666663,0.16081611507936508
2020-12-18,Healthcare,0.30841666666666673,0.078472,0.14123120908919123
2020-12-18,Industrials,0.058030625,0.24463194444444447,0.09111666657218442
2020-12-18,Materials,0.11670833333333333,0.16013333333333335,0.10495761904761905
2020-12-18,RealEstate,0.19685000000000002,0.0,0.13668634920634923
2020-12-18,Tech,0.24072500000000002,0.28464285714285714,0.1487330791761149
2020-12-18,Utilities,0.2732,0.19798333333333332,0.2169964285714286
2020-12-21,Comm,0.0763425,0.011510000000000003,0.10081349590004353
2020-12-21,Consumer,0.13520409523809523,0.27364133333333335,0.1347409466436863
2020-12-21,Energy,0.1395906666666667,0.05116666666666667,0.09639148559575346
2020-12-21,Financials,-0.02443476315789475,0.013333333333333336,0.15404696825396827
2020-12-21,Healthcare,0.27762000000000003,0.30841666666666673,0.14696692337490552
2020-12-21,Industrials,0.2346415,0.058030625,0.09492537358276644
2020-12-21,Materials,0.2079125,0.11670833333333333,0.11051515873015874
2020-12-21,RealEstate,0.0654,0.19685000000000002,0.12318396825396828
2020-12-21,Tech,0.12770666666666666,0.24072500000000002,0.14802861489040062
2020-12-21,Utilities,0.22242499999999998,0.2732,0.21929325396825394
2020-12-22,Comm,-0.007149999999999994,0.0763425,0.09635123399528163
2020-12-22,Consumer,0.09902133333333332,0.13520409523809523,0.14258340355978608
2020-12-22,Energy,-0.015382000000000002,0.1395906666666667,0.09287437448464234
2020-12-22,Financials,0.2708,-0.02443476315789475,0.1426169319131161
2020-12-22,Healthcare,0.06767,0.27762000000000003,0.15684148686696903
2020-12-22,Industrials,0.16815833333333333,0.2346415,0.10420285997732426
2020-12-22,Materials,-0.025,0.2079125,0.11307289682539683
2020-12-22,RealEstate,0.0,0.0654,0.12629825396825398
2020-12-22,Tech,0.22018333333333334,0.12770666666666666,0.15347119425547998
2020-12-22,Utilities,0.143,0.22242499999999998,0.2307670634920635
2020-12-23,Comm,0.0959125,-0.007149999999999994,0.096902186376234
2020-12-23,Consumer,0.14025683333333333,0.09902133333333332,0.14147368388858425
2020-12-23,Energy,0.1589,-0.015382000000000002,0.08976094591321378
2020-12-23,Financials,0.210475,0.2708,0.15027185254803674
2020-12-23,Healthcare,0.09925185185185185,0.06767,0.15820687377173093
2020-12-23,Industrials,0.35965,0.16815833333333333,0.10711547902494332
2020-12-23,Materials,0.0,-0.025,0.11188242063492064
2020-12-23,RealEstate,0.0,0.0,0.126298253968254
2020-12-23,Tech,0.2265666666666667,0.22018333333333334,0.15218680272108845
2020-12-23,Utilities,0.1741,0.143,0.23481309523809524
2020-12-24,Comm,0.08195000000000001,0.0959125,0.09863399854554618
2020-12-24,Consumer,0.26194607142857146,0.14025683333333333,0.13952907260304442
2020-12-24,Energy,0.07761111111111112,0.1589,0.09850248502886003
2020-12-24,Financials,0.24587499999999998,0.210475,0.15865157477025899
2020-12-24,Healthcare,0.3724333333333334,0.09925185185185185,0.15326355379188714
2020-12-24,Industrials,0.326025,0.35965,0.11783976473922902
2020-12-24,Materials,0.0,0.0,0.10919384920634922
2020-12-24,RealEstate,0.25520000000000004,0.0,0.12463158730158733
2020-12-24,Tech,0.18213888888888888,0.2265666666666667,0.1583018820861678
2020-12-24,Utilities,0.0,0.1741,0.22847420634920632
2020-12-28,Comm,0.3033708333333333,0.08195000000000001,0.09622130013284776
2020-12-28,Consumer,0.2506253636363637,0.26194607142857146,0.14943513552821447
2020-12-28,Energy,0.06455833333333333,0.07761111111111112,0.10853872841510342
2020-12-28,Financials,0.10619,0.24587499999999998,0.16349109857978278
2020-12-28,Healthcare,0.18190416666666664,0.3724333333333334,0.16258537918871255
2020-12-28,Industrials,0.25815,0.326025,0.13115282596371883
2020-12-28,Materials,0.017499999999999998,0.0,0.08822242063492063
2020-12-28,RealEstate,-0.1027,0.25520000000000004,0.1298577777777778
2020-12-28,Tech,0.24929305555555556,0.18213888888888888,0.16697516250944822
2020-12-28,Utilities,0.47231666666666666,0.0,0.2174123015873016
2020-12-29,Comm,0.15433333333333335,0.3033708333333333,0.10493514933919698
2020-12-29,Consumer,0.1618391111111111,0.2506253636363637,0.15167404173312068
2020-12-29,Energy,0.14692499999999997,0.06455833333333333,0.10430713119288118
2020-12-29,Financials,-0.41979999999999995,0.10619,0.16811232873851295
2020-12-29,Healthcare,0.01692222222222222,0.18190416666666664,0.16885522045855378
2020-12-29,Industrials,0.21609000000000003,0.25815,0.13250822278911564
2020-12-29,Materials,0.25335,0.017499999999999998,0.07629702380952381
2020-12-29,RealEstate,0.04000000000000001,-0.1027,0.1249673015873016
2020-12-29,Tech,-0.097355,0.24929305555555556,0.1717129270597128
2020-12-29,Utilities,0.0,0.47231666666666666,0.22060039682539684
2020-12-30,Comm,0.17935,0.15433333333333335,0.09751768902173664
2020-12-30,Consumer,0.4599416666666667,0.1618391111111111,0.1540068565479355
2020-12-30,Energy,0.048033333333333345,0.14692499999999997,0.10395326214526215
2020-12-30,Financials,0.06014999999999999,-0.41979999999999995,0.13178851921470341
2020-12-30,Healthcare,0.3221,0.01692222222222222,0.17153617283950617
2020-12-30,Industrials,0.059914,0.21609000000000003,0.13389459467120182
2020-12-30,Materials,0.35819999999999996,0.25335,0.08407559523809524
2020-12-30,RealEstate,-0.022,0.04000000000000001,0.12555539682539682
2020-12-30,Tech,0.21681875,-0.097355,0.15266824452003022
2020-12-30,Utilities,0.04000000000000001,0.0,0.19409087301587302
2020-12-31,Comm,0.1084095238095238,0.17935,0.10126874722279484
2020-12-31,Consumer,0.34832711111111114,0.4599416666666667,0.1692064597225387
2020-12-31,Energy,0.05380833333333334,0.048033333333333345,0.09548033697519412
2020-12-31,Financials,0.39548833333333333,0.06014999999999999,0.13322869778613203
2020-12-31,Healthcare,0.2409388888888889,0.3221,0.17875760141093475
2020-12-31,Industrials,0.13349,0.059914,0.1305509620181406
2020-12-31,Materials,0.4019,0.35819999999999996,0.09631607142857143
2020-12-31,RealEstate,0.2253666666666667,-0.022,0.11110777777777778
2020-12-31,Tech,0.21101666666666666,0.21681875,0.16112975245653818
2020-12-31,Utilities,0.48040000000000005,0.04000000000000001,0.1901688492063492
2021-01-04,Comm,0.04738888888888889,0.1084095238095238,0.0999977721661055
2021-01-04,Consumer,0.11873733333333333,0.34832711111111114,0.17384187771195667
2021-01-04,Energy,0.08294791666666666,0.05380833333333334,0.09295041634027348
2021-01-04,Financials,0.25946875,0.39548833333333333,0.12695274540517962
2021-01-04,Healthcare,0.1992875,0.2409388888888889,0.18624754850088182
2021-01-04,Industrials,0.10890972222222223,0.13349,0.1333038588435374
2021-01-04,Materials,0.10173333333333334,0.4019,0.09873035714285715
2021-01-04,RealEstate,0.034999999999999996,0.2253666666666667,0.10564904761904763
2021-01-04,Tech,0.22961666666666666,0.21101666666666666,0.16962399848828422
2021-01-04,Utilities,0.22612500000000002,0.48040000000000005,0.20003551587301588
2021-01-05,Comm,0.06074500000000001,0.04738888888888889,0.11520438592271925
2021-01-05,Consumer,0.09749000000000001,0.11873733333333333,0.1790299306220096
2021-01-05,Energy,0.12317666666666667,0.08294791666666666,0.08724170602281317
2021-01-05,Financials,0.23115,0.25946875,0.13214669381787802
2021-01-05,Healthcare,0.3070833333333333,0.1992875,0.1823639175485009
2021-01-05,Industrials,0.1362925925925926,0.10890972222222223,0.13825723185941044
2021-01-05,Materials,0.2044,0.10173333333333334,0.09631130952380952
2021-01-05,RealEstate,0.009166666666666667,0.034999999999999996,0.09727285714285715
2021-01-05,Tech,0.07043125,0.22961666666666666,0.17057628023431595
2021-01-05,Utilities,0.22230000000000003,0.22612500000000002,0.19711825396825397
2021-01-06,Comm,0.18343142857142858,0.06074500000000001,0.11461333150095057
2021-01-06,Consumer,0.08503666666666668,0.09749000000000001,0.1771967163362953
2021-01-06,Energy,-0.015586666666666665,0.12317666666666667,0.09208424570535285
2021-01-06,Financials,0.21648645833333333,0.23115,0.1363851858813701
2021-01-06,Healthcare,0.0448875,0.3070833333333333,0.1816905048500882
2021-01-06,Industrials,0.16758133333333333,0.1362925925925926,0.13922857980599646
2021-01-06,Materials,0.4215,0.2044,0.10604464285714285
2021-01-06,RealEstate,0.16299999999999998,0.009166666666666667,0.08155380952380954
2021-01-06,Tech,0.1552177777777778,0.07043125,0.16962512282690856
2021-01-06,Utilities,0.0,0.22230000000000003,0.20770396825396825
2021-01-07,Comm,0.19221333333333335,0.18343142857142858,0.11473625667101858
2021-01-07,Consumer,0.11757766666666666,0.08503666666666668,0.17611711316169212
2021-01-07,Energy,0.09534444444444445,-0.015586666666666665,0.09099979232804234
2021-01-07,Financials,0.05051785714285714,0.21648645833333333,0.14795358865914787
2021-01-07,Healthcare,-0.04036666666666667,0.0448875,0.17845194664903
2021-01-07,Industrials,-0.059473333333333336,0.16758133333333333,0.14316530996472665
2021-01-07,Materials,-0.1706,0.4215,0.12611607142857142
2021-01-07,RealEstate,-0.05000000000000001,0.16299999999999998,0.08788714285714287
2021-01-07,Tech,0.031656666666666666,0.1552177777777778,0.1673666439909297
2021-01-07,Utilities,0.15035,0.0,0.19514920634920635
2021-01-08,Comm,0.026666666666666672,0.19221333333333335,0.12044235896378755
2021-01-08,Consumer,0.222439,0.11757766666666666,0.17655026735670346
2021-01-08,Energy,0.11400803571428571,0.09534444444444445,0.09074950132275134
2021-01-08,Financials,0.14903333333333335,0.05051785714285714,0.14701352630087122
2021-01-08,Healthcare,0.025,-0.04036666666666667,0.1804641159611993
2021-01-08,Industrials,0.00045777777777777917,-0.059473333333333336,0.13534931790123456
2021-01-08,Materials,0.042319999999999997,-0.1706,0.1179922619047619
2021-01-08,RealEstate,0.2732,-0.05000000000000001,0.06137761904761906
2021-01-08,Tech,0.052991666666666666,0.031656666666666666,0.16417787414965987
2021-01-08,Utilities,0.16861666666666666,0.15035,0.18739444444444442
2021-01-11,Comm,0.2792125,0.026666666666666672,0.11654062736205593
2021-01-11,Consumer,0.16112809523809524,0.222439,0.18410863243606854
2021-01-11,Energy,0.12899,0.11400803571428571,0.09172329667422525
2021-01-11,Financials,0.014593478260869567,0.14903333333333335,0.15125374852309342
2021-01-11,Healthcare,-0.10350142857142856,0.025,0.17180644400352735
2021-01-11,Industrials,0.217534375,0.00045777777777777917,0.13556119620811286
2021-01-11,Materials,0.18581666666666669,0.042319999999999997,0.12092813492063492
2021-01-11,RealEstate,0.31076666666666664,0.2732,0.07438714285714287
2021-01-11,Tech,0.10209618055555555,0.052991666666666666,0.16013839002267574
2021-01-11,Utilities,0.3554,0.16861666666666666,0.17929365079365078
2021-01-12,Comm,-0.052925,0.2792125,0.116963246409675
2021-01-12,Consumer,0.15238416666666668,0.16112809523809524,0.19148054029011924
2021-01-12,Energy,-0.011689166666666667,0.12899,0.0942840903250189
2021-01-12,Financials,0.048061041666666665,0.014593478260869567,0.1484148665355158
2021-01-12,Healthcare,0.20223125,-0.10350142857142856,0.17234089978584027
2021-01-12,Industrials,0.10105,0.217534375,0.14774743628747794
2021-01-12,Materials,0.0,0.18581666666666669,0.12306543650793651
2021-01-12,RealEstate,0.03813333333333333,0.31076666666666664,0.088164126984127
2021-01-12,Tech,0.07352500000000001,0.10209618055555555,0.15167031131897205
2021-01-12,Utilities,0.41968333333333335,0.3554,0.16889603174603177
2021-01-13,Comm,-0.05637083333333333,-0.052925,0.10557619283824642
2021-01-13,Consumer,0.15739999999999998,0.15238416666666668,0.18789204633698245
2021-01-13,Energy,0.08036249999999999,-0.011689166666666667,0.07656770143613001
2021-01-13,Financials,0.10633125000000002,0.048061041666666665,0.1438570589958333
2021-01-13,Healthcare,0.20275416666666668,0.20223125,0.17737462994457043
2021-01-13,Industrials,0.2990295454545454,0.10105,0.1519661347001764
2021-01-13,Materials,-0.025,0.0,0.1113511507936508
2021-01-13,RealEstate,0.30434999999999995,0.03813333333333333,0.08998000000000002
2021-01-13,Tech,0.09227934782608696,0.07352500000000001,0.14061564862055934
2021-01-13,Utilities,0.22494444444444447,0.41968333333333335,0.18268492063492064
2021-01-14,Comm,0.06709,-0.05637083333333333,0.09981601710128496
2021-01-14,Consumer,0.08362285714285714,0.15739999999999998,0.187817713839071
2021-01-14,Energy,0.06948055555555556,0.08036249999999999,0.09150420143613
2021-01-14,Financials,-0.015503571428571422,0.10633125000000002,0.1446521185196428
2021-01-14,Healthcare,0.17031875,0.20275416666666668,0.17246039978584027
2021-01-14,Industrials,0.28021111111111113,0.2990295454545454,0.1696529701980119
2021-01-14,Materials,-0.05,-0.025,0.11016067460317461
2021-01-14,RealEstate,0.0,0.30434999999999995,0.10298476190476193
2021-01-14,Tech,0.2108,0.09227934782608696,0.14166988343767462
2021-01-14,Utilities,-0.3818,0.22494444444444447,0.18749973544973547
2021-01-15,Comm,0.24175,0.06709,0.09949995842781559
2021-01-15,Consumer,0.16313,0.08362285714285714,0.18918602449666735
2021-01-15,Energy,0.20275576923076924,0.06948055555555556,0.08934752154195011
2021-01-15,Financials,0.30179512987012985,-0.015503571428571422,0.1356162341659013
2021-01-15,Healthcare,0.20066666666666666,0.17031875,0.1731129593096498
2021-01-15,Industrials,0.08851,0.28021111111111113,0.1770255727112394
2021-01-15,Materials,-0.022222222222222223,-0.05,0.10777972222222224
2021-01-15,RealEstate,0.22821249999999998,0.0,0.10002380952380954
2021-01-15,Tech,0.09399750000000001,0.2108,0.14664155010434127
2021-01-15,Utilities,0.4404,-0.3818,0.1613830687830688
2021-01-19,Comm,0.05410749999999999,0.24175,0.0995504686318972
2021-01-19,Consumer,0.08483636363636364,0.16313,0.18781409705902563
2021-01-19,Energy,0.23336666666666667,0.20275576923076924,0.08303959520902378
2021-01-19,Financials,0.15851083333333332,0.30179512987012985,0.13682284749305035
2021-01-19,Healthcare,0.10855,0.20066666666666666,0.16447750957420007
2021-01-19,Industrials,0.044056470588235294,0.08851,0.16940283461600128
2021-01-19,Materials,-0.4253,-0.022222222222222223,0.10636437830687828
2021-01-19,RealEstate,0.035,0.22821249999999998,0.10623392857142858
2021-01-19,Tech,0.08612423076923077,0.09399750000000001,0.14505841518370635
2021-01-19,Utilities,0.0038666666666666663,0.4404,0.18235449735449735
2021-01-20,Comm,-0.25,0.05410749999999999,0.10180955593348451
2021-01-20,Consumer,-0.06487250000000001,0.08483636363636364,0.17855833659726517
2021-01-20,Energy,-0.08295,0.23336666666666667,0.09273245235188093
2021-01-20,Financials,0.07697341736694677,0.15851083333333332,0.12916526812797097
2021-01-20,Healthcare,0.5962833333333334,0.10855,0.15631620005039054
2021-01-20,Industrials,0.045200000000000004,0.044056470588235294,0.16394957131067917
2021-01-20,Materials,0.09000000000000001,-0.4253,0.08349294973544974
2021-01-20,RealEstate,0.034437499999999996,0.035,0.09547361111111112
2021-01-20,Tech,0.15019166666666667,0.08612423076923077,0.14573681770710886
2021-01-20,Utilities,0.08057500000000001,0.0038666666666666663,0.18253862433862433
2021-01-21,Comm,-0.044568333333333335,-0.25,0.08558753212396071
2021-01-21,Consumer,-0.051471249999999996,-0.06487250000000001,0.1671291699305985
2021-01-21,Energy,-0.22858499999999998,-0.08295,0.08311515076457934
2021-01-21,Financials,0.105455,0.07697341736694677,0.11692832768512715
2021-01-21,Healthcare,0.04705,0.5962833333333334,0.18097388259007308
2021-01-21,Industrials,0.030424999999999994,0.045200000000000004,0.1544528120514199
2021-01-21,Materials,0.06097500000000001,0.09000000000000001,0.0801532671957672
2021-01-21,RealEstate,0.0,0.034437499999999996,0.09711349206349208
2021-01-21,Tech,0.2239625,0.15019166666666667,0.1393343800653855
2021-01-21,Utilities,0.04000000000000001,0.08057500000000001,0.17694775132275134
2021-01-22,Comm,0.13025833333333334,-0.044568333333333335,0.08291713529856388
2021-01-22,Consumer,0.039521875,-0.051471249999999996,0.15164761834329693
2021-01-22,Energy,0.043707499999999996,-0.22858499999999998,0.0697936428280714
2021-01-22,Financials,0.044895000000000004,0.105455,0.1213150737168732
2021-01-22,Healthcare,0.015,0.04705,0.16852785084404134
2021-01-22,Industrials,0.165875,0.030424999999999994,0.15313825847999132
2021-01-22,Materials,0.3612,0.06097500000000001,0.07749929894179894
2021-01-22,RealEstate,0.0,0.0,0.08773968253968255
2021-01-22,Tech,0.15733750000000002,0.2239625,0.13853616577967123
2021-01-22,Utilities,0.16276666666666667,0.04000000000000001,0.16584298941798942
2021-01-25,Comm,0.07835619047619047,0.13025833333333334,0.0854845559334845
2021-01-25,Consumer,0.07135333333333334,0.039521875,0.14709132214148285
2021-01-25,Energy,0.23017777777777781,0.043707499999999996,0.06522777774870632
2021-01-25,Financials,0.24974375000000001,0.044895000000000004,0.12461649101010629
2021-01-25,Healthcare,0.1630435,0.015,0.15602213655832703
2021-01-25,Industrials,0.2507166666666667,0.165875,0.14986366324189607
2021-01-25,Materials,-0.07466666666666667,0.3612,0.08479870370370371
2021-01-25,RealEstate,0.13334444444444446,0.0,0.08462539682539684
2021-01-25,Tech,0.14686794871794873,0.15733750000000002,0.13994715784316328
2021-01-25,Utilities,0.19695000000000004,0.16276666666666667,0.16300211640211643
2021-01-26,Comm,-0.02442142857142857,0.07835619047619047,0.08955627928949357
2021-01-26,Consumer,0.1268036111111111,0.07135333333333334,0.14577379833195905
2021-01-26,Energy,0.37106,0.23017777777777781,0.07692110050002908
2021-01-26,Financials,0.21754791666666667,0.24974375000000001,0.12361381243867771
2021-01-26,Healthcare,0.0008333333333333318,0.1630435,0.16056373179642228
2021-01-26,Industrials,0.1282509056732741,0.2507166666666667,0.15379501244824528
2021-01-26,Materials,-0.019333333333333338,-0.07466666666666667,0.08243362433862435
2021-01-26,RealEstate,0.04933333333333333,0.13334444444444446,0.09097513227513228
2021-01-26,Tech,0.15742166666666668,0.14686794871794873,0.1364559490519545
2021-01-26,Utilities,0.22168749999999998,0.19695000000000004,0.16557116402116406
2021-01-27,Comm,0.012320000000000001,-0.02442142857142857,0.08382609221466365
2021-01-27,Consumer,0.03555535714285714,0.1268036111111111,0.14513316870232942
2021-01-27,Energy,0.2139888888888889,0.37106,0.08702395764288622
2021-01-27,Financials,0.02339333333333335,0.21754791666666667,0.12395061799423326
2021-01-27,Healthcare,0.13080238095238095,0.0008333333333333318,0.15587713567649283
2021-01-27,Industrials,0.08255471014492756,0.1282509056732741,0.14277600795649645
2021-01-27,Materials,0.0,-0.019333333333333338,0.08151298941798941
2021-01-27,RealEstate,0.30495000000000005,0.04933333333333333,0.09332433862433864
2021-01-27,Tech,0.358825,0.15742166666666668,0.13316333000433545
2021-01-27,Utilities,0.5425666666666668,0.22168749999999998,0.16783723544973547
2021-01-28,Comm,0.21711458333333333,0.012320000000000001,0.08051037792894936
2021-01-28,Consumer,0.12457647619047621,0.03555535714285714,0.1343526584982478
2021-01-28,Energy,0.10103958333333334,0.2139888888888889,0.09351813753706611
2021-01-28,Financials,0.05965902777777778,0.02339333333333335,0.1133562529148682
2021-01-28,Healthcare,0.23601499999999997,0.13080238095238095,0.14437089984882842
2021-01-28,Industrials,0.11543350000000001,0.08255471014492756,0.13118218463006442
2021-01-28,Materials,0.13165625,0.0,0.08151298941798941
2021-01-28,RealEstate,0.0,0.30495000000000005,0.09569338624338625
2021-01-28,Tech,-0.09659166666666666,0.358825,0.14157695434295978
2021-01-28,Utilities,0.33359999999999995,0.5425666666666668,0.1936737433862434
2021-01-29,Comm,0.07894333333333334,0.21711458333333333,0.07640293745275889
2021-01-29,Consumer,0.1613076388888889,0.12457647619047621,0.12835033052463413
2021-01-29,Energy,-0.33050277777777776,0.10103958333333334,0.09525533991801849
2021-01-29,Financials,0.13868375000000002,0.05965902777777778,0.1111404923328576
2021-01-29,Healthcare,-0.062224999999999996,0.23601499999999997,0.14694760619803476
2021-01-29,Industrials,0.14480625,0.11543350000000001,0.1243861608205406
2021-01-29,Materials,0.07615,0.13165625,0.08694900132275132
2021-01-29,RealEstate,-0.040524999999999985,0.0,0.10058386243386246
2021-01-29,Tech,0.11925625000000001,-0.09659166666666666,0.12510625328475872
2021-01-29,Utilities,0.21093333333333333,0.33359999999999995,0.18706818783068785
2021-02-01,Comm,0.41478666666666675,0.07894333333333334,0.07281293745275888
2021-02-01,Consumer,0.08838916666666669,0.1613076388888889,0.1283250223235759
2021-02-01,Energy,0.11000727272727273,-0.33050277777777776,0.07252068383336241
2021-02-01,Financials,0.08728208333333333,0.13868375000000002,0.13773495661857188
2021-02-01,Healthcare,0.24147000000000002,-0.062224999999999996,0.14317869085411944
2021-02-01,Industrials,-0.03290342857142857,0.14480625,0.12099169653482633
2021-02-01,Materials,0.04042833333333333,0.07615,0.07851090608465608
2021-02-01,RealEstate,0.21830000000000002,-0.040524999999999985,0.09674933862433864
2021-02-01,Tech,0.30098892857142856,0.11925625000000001,0.13542107471333015
2021-02-01,Utilities,0.5081,0.21093333333333333,0.1971126322751323
2021-02-02,Comm,0.12855,0.41478666666666675,0.08402420729402874
2021-02-02,Consumer,0.20346000000000003,0.08838916666666669,0.1106320461330997
2021-02-02,Energy,0.0006198830409356824,0.11000727272727273,0.07547182380450237
2021-02-02,Financials,0.30522916666666666,0.08728208333333333,0.13902696058682584
2021-02-02,Healthcare,0.085125,0.24147000000000002,0.13933916704459562
2021-02-02,Industrials,0.039318749999999986,-0.03290342857142857,0.11657181898380592
2021-02-02,Materials,0.0,0.04042833333333333,0.06337892195767196
2021-02-02,RealEstate,0.08187777777777779,0.21830000000000002,0.10819219576719578
2021-02-02,Tech,0.41385,0.30098892857142856,0.13942917845482675
2021-02-02,Utilities,0.31320000000000003,0.5081,0.21940310846560848
2021-02-03,Comm,0.029099999999999997,0.12855,0.08498327758881331
2021-02-03,Consumer,-0.019552777777777766,0.20346000000000003,0.10373361227066584
2021-02-03,Energy,0.045455,0.0006198830409356824,0.07293904045724535
2021-02-03,Financials,0.262195,0.30522916666666666,0.1347289050312703
2021-02-03,Healthcare,0.11359375000000001,0.085125,0.13191945804988664
2021-02-03,Industrials,0.05881250000000001,0.039318749999999986,0.11208747374571068
2021-02-03,Materials,0.0344,0.0,0.04424082671957672
2021-02-03,RealEstate,0.29105000000000003,0.08187777777777779,0.10135939153439155
2021-02-03,Tech,0.24840416666666668,0.41385,0.1490879086135569
2021-02-03,Utilities,0.11968333333333332,0.31320000000000003,0.2114412037037037
2021-02-04,Comm,0.005233333333333326,0.029099999999999997,0.08411237811791385
2021-02-04,Consumer,0.21942266666666663,-0.019552777777777766,0.09714836888442246
2021-02-04,Energy,0.148675,0.045455,0.07115366347311836
2021-02-04,Financials,-0.026714999999999996,0.262195,0.13485872645984173
2021-02-04,Healthcare,0.11024318181818182,0.11359375000000001,0.1278388032879819
2021-02-04,Industrials,0.15885000000000002,0.05881250000000001,0.10970189173512868
2021-02-04,Materials,0.0,0.0344,0.041034477513227516
2021-02-04,RealEstate,0.0,0.29105000000000003,0.11355224867724868
2021-02-04,Tech,0.13243982683982686,0.24840416666666668,0.14998255147069978
2021-02-04,Utilities,0.3209,0.11968333333333332,0.20637255291005294
2021-02-05,Comm,0.07670500000000001,0.005233333333333326,0.08146896541950113
2021-02-05,Consumer,-0.138815,0.21942266666666663,0.1029546863447399
2021-02-05,Energy,0.04995166666666667,0.148675,0.07236786982232471
2021-02-05,Financials,0.10544583333333334,-0.026714999999999996,0.12257944074555602
2021-02-05,Healthcare,0.3502183333333333,0.11024318181818182,0.11846546273964131
2021-02-05,Industrials,-0.019325000000000002,0.15885000000000002,0.11077605399262426
2021-02-05,Materials,0.0,0.0,0.031301144179894186
2021-02-05,RealEstate,0.32595,0.0,0.11311574074074075
2021-02-05,Tech,0.21994166666666667,0.13243982683982686,0.15293534084402485
2021-02-05,Utilities,0.11273333333333334,0.3209,0.211067791005291
2021-02-08,Comm,-0.006321666666666665,0.07670500000000001,0.07638675453514739
2021-02-08,Consumer,0.10695266666666667,-0.138815,0.09229508317013674
2021-02-08,Energy,0.11955750000000001,0.04995166666666667,0.07548874283819773
2021-02-08,Financials,0.006768095238095245,0.10544583333333334,0.11729179193603223
2021-02-08,Healthcare,-0.021150000000000002,0.3502183333333333,0.1330050262317048
2021-02-08,Industrials,0.2297107142857143,-0.019325000000000002,0.10187575240532268
2021-02-08,Materials,0.2232,0.0,0.01122971560846561
2021-02-08,RealEstate,0.2787,0.32595,0.12087526455026457
2021-02-08,Tech,0.199425,0.21994166666666667,0.1560174307911148
2021-02-08,Utilities,0.22815000000000002,0.11273333333333334,0.21643604497354496
2021-02-09,Comm,0.026142261904761908,-0.006321666666666665,0.06693270691609977
2021-02-09,Consumer,0.05041428571428571,0.10695266666666667,0.09178913078918435
2021-02-09,Energy,0.08954999999999999,0.11955750000000001,0.07664174548370037
2021-02-09,Financials,0.03384999999999999,0.006768095238095245,0.11520846994056735
2021-02-09,Healthcare,0.2475625,-0.021150000000000002,0.13392010559678416
2021-02-09,Industrials,0.07510833333333335,0.2297107142857143,0.11564642133956304
2021-02-09,Materials,0.2822,0.2232,0.029982096560846563
2021-02-09,RealEstate,0.0,0.2787,0.1365276455026455
2021-02-09,Tech,0.07,0.199425,0.16400639904508307
2021-02-09,Utilities,0.2732,0.22815000000000002,0.2201408068783069
2021-02-10,Comm,-0.03453111111111109,0.026142261904761908,0.06690773526077097
2021-02-10,Consumer,0.13465833333333332,0.05041428571428571,0.08359747772795986
2021-02-10,Energy,-0.18416666666666667,0.08954999999999999,0.07547707711635343
2021-02-10,Financials,0.021425000000000003,0.03384999999999999,0.10972354930564673
2021-02-10,Healthcare,0.20993599999999998,0.2475625,0.14451831988249844
2021-02-10,Industrials,0.12227261904761905,0.07510833333333335,0.1192012096993514
2021-02-10,Materials,0.1022,0.2822,0.04140495370370371
2021-02-10,RealEstate,0.0,0.0,0.12351812169312171
2021-02-10,Tech,-0.041125000000000016,0.07,0.16481631968000368
2021-02-10,Utilities,0.229075,0.2732,0.22512096560846562
2021-02-11,Comm,0.14971500000000001,-0.03453111111111109,0.05196756330309901
2021-02-11,Consumer,0.10745555555555557,0.13465833333333332,0.08233701287535215
2021-02-11,Energy,0.06356875000000001,-0.18416666666666667,0.06056485489413122
2021-02-11,Financials,0.27710833333333335,0.021425000000000003,0.11004885986465295
2021-02-11,Healthcare,0.06697083333333334,0.20993599999999998,0.15944391171923314
2021-02-11,Industrials,-0.05000416666666666,0.12227261904761905,0.11466493560638089
2021-02-11,Materials,0.0,0.1022,0.03742320767195767
2021-02-11,RealEstate,0.10808,0.0,0.108719708994709
2021-02-11,Tech,0.029943333333333336,-0.041125000000000016,0.15799626346307247
2021-02-11,Utilities,-0.0020750000000000005,0.229075,0.2191054894179894
2021-02-12,Comm,0.4025,0.14971500000000001,0.06161708711262283
2021-02-12,Consumer,0.044277,0.10745555555555557,0.08019755520339449
2021-02-12,Energy,0.0009946666666666632,0.06356875000000001,0.06414856521159153
2021-02-12,Financials,0.0,0.27710833333333335,0.12095587375354182
2021-02-12,Healthcare,0.11633750000000001,0.06697083333333334,0.1530029394970109
2021-02-12,Industrials,0.24789166666666668,-0.05000416666666666,0.10747188005082531
2021-02-12,Materials,0.0,0.0,0.03742320767195768
2021-02-12,RealEstate,0.554525,0.10808,0.11205050264550266
2021-02-12,Tech,0.11841666666666668,0.029943333333333336,0.155920946002755
2021-02-12,Utilities,0.19653333333333337,-0.0020750000000000005,0.1990217592592593
2021-02-16,Comm,0.11696303030303032,0.4025,0.0834680791761149
2021-02-16,Consumer,0.06932080952380952,0.044277,0.07481074567958497
2021-02-16,Energy,0.126865625,0.0009946666666666632,0.0603691445766709
2021-02-16,Financials,0.12336849999999999,0.0,0.11589248089639896
2021-02-16,Healthcare,-0.04551666666666667,0.11633750000000001,0.14888786013193156
2021-02-16,Industrials,-0.2221125,0.24789166666666668,0.10503674296568824
2021-02-16,Materials,0.16193333333333335,0.0,0.03861368386243386
2021-02-16,RealEstate,0.31845,0.554525,0.1239635978835979
2021-02-16,Tech,0.0558625,0.11841666666666668,0.15716558023325883
2021-02-16,Utilities,0.4259625,0.19653333333333337,0.19766884920634922
2021-02-17,Comm,0.0004555555555555609,0.11696303030303032,0.0858429853810211
2021-02-17,Consumer,0.11758166666666667,0.06932080952380952,0.07412969579296365
2021-02-17,Energy,-0.052257272727272736,0.126865625,0.06310176693116826
2021-02-17,Financials,0.23266583333333335,0.12336849999999999,0.12250543667871189
2021-02-17,Healthcare,0.19519259259259258,-0.04551666666666667,0.13860998314780457
2021-02-17,Industrials,0.06664285714285714,-0.2221125,0.08111657100801628
2021-02-17,Materials,0.18115,0.16193333333333335,0.048705747354497356
2021-02-17,RealEstate,0.055,0.31845,0.13912788359788364
2021-02-17,Tech,0.2140022222222222,0.0558625,0.14978760404278263
2021-02-17,Utilities,0.3089,0.4259625,0.23613373015873018
2021-02-18,Comm,0.17149999999999999,0.0004555555555555609,0.07435277374080947
2021-02-18,Consumer,0.20897123809523813,0.11758166666666667,0.0719607275389954
2021-02-18,Energy,0.2091222222222222,-0.052257272727272736,0.05095828874269006
2021-02-18,Financials,0.09567500000000001,0.23266583333333335,0.11921356541505493
2021-02-18,Healthcare,0.14575333333333335,0.19519259259259258,0.13834931295380107
2021-02-18,Industrials,0.07405571428571428,0.06664285714285714,0.08007527849100947
2021-02-18,Materials,0.20106666666666667,0.18115,0.058390138888888894
2021-02-18,RealEstate,0.0,0.055,0.13087966931216932
2021-02-18,Tech,0.09619166666666668,0.2140022222222222,0.15550211462479321
2021-02-18,Utilities,0.24585,0.3089,0.22987182539682538
2021-02-19,Comm,0.17275000000000001,0.17149999999999999,0.0799428927884285
2021-02-19,Consumer,0.15928333333333333,0.20897123809523813,0.07787191203703706
2021-02-19,Energy,0.33747499999999997,0.2091222222222222,0.049803791388192714
2021-02-19,Financials,0.160975,0.09567500000000001,0.11622138287537237
2021-02-19,Healthcare,0.2812833333333334,0.14575333333333335,0.14012090025538834
2021-02-19,Industrials,0.2764975,0.07405571428571428,0.08150381390517514
2021-02-19,Materials,0.13551666666666667,0.20106666666666667,0.088217123015873
2021-02-19,RealEstate,0.0825,0.0,0.12921300264550264
2021-02-19,Tech,0.19268333333333335,0.09619166666666668,0.1559815163341949
2021-02-19,Utilities,0.60075,0.24585,0.24139484126984131
2021-02-22,Comm,0.18794,0.17275000000000001,0.10007384516938089
2021-02-22,Consumer,0.07932416666666667,0.15928333333333333,0.08854599933862434
2021-02-22,Energy,0.16800347222222223,0.33747499999999997,0.0698240294834308
2021-02-22,Financials,-0.027721428571428567,0.160975,0.12022145823885111
2021-02-22,Healthcare,0.200766,0.2812833333333334,0.12512090025538836
2021-02-22,Industrials,0.10346666666666667,0.2764975,0.0925179805718418
2021-02-22,Materials,0.03369166666666667,0.13551666666666667,0.09038458333333334
2021-02-22,RealEstate,0.030000000000000002,0.0825,0.13150169312169316
2021-02-22,Tech,0.242525,0.19268333333333335,0.15800492903260763
2021-02-22,Utilities,0.29986666666666667,0.60075,0.2661650793650794
2021-02-23,Comm,0.2617,0.18794,0.11114567056620629
2021-02-23,Consumer,0.11609821428571429,0.07932416666666667,0.09477435251322752
2021-02-23,Energy,0.30725416666666666,0.16800347222222223,0.08870919482734614
2021-02-23,Financials,-0.060068055555555555,-0.027721428571428567,0.11387972354497355
2021-02-23,Healthcare,0.08170000000000002,0.200766,0.13244070977919786
2021-02-23,Industrials,0.0934,0.10346666666666667,0.0959961551750164
2021-02-23,Materials,0.026962499999999986,0.03369166666666667,0.089085376984127
2021-02-23,RealEstate,0.07743333333333334,0.030000000000000002,0.13293026455026458
2021-02-23,Tech,0.2751645833333333,0.242525,0.15888885760403618
2021-02-23,Utilities,0.15096666666666667,0.29986666666666667,0.27853968253968253
2021-02-24,Comm,-0.023973214285714278,0.2617,0.11740479755033327
2021-02-24,Consumer,0.045484375,0.11609821428571429,0.09842084486016629
2021-02-24,Energy,-0.02364633333333333,0.30725416666666666,0.10125903609718742
2021-02-24,Financials,0.04559375,-0.060068055555555555,0.10888148280423282
2021-02-24,Healthcare,0.18738333333333335,0.08170000000000002,0.13561690025538836
2021-02-24,Industrials,-0.07662166666666667,0.0934,0.09254496469882594
2021-02-24,Materials,0.0,0.026962499999999986,0.07316930555555555
2021-02-24,RealEstate,0.05083333333333334,0.07743333333333334,0.13661756613756615
2021-02-24,Tech,0.1381777777777778,0.2751645833333333,0.16449967109609967
2021-02-24,Utilities,-0.0448,0.15096666666666667,0.2779777777777778
2021-02-25,Comm,0.010622222222222227,-0.023973214285714278,0.11253196875214734
2021-02-25,Consumer,0.13436452380952382,0.045484375,0.09718898970143613
2021-02-25,Energy,0.13358750000000003,-0.02364633333333333,0.08917217366332499
2021-02-25,Financials,0.19268916666666666,0.04559375,0.09916005423280423
2021-02-25,Healthcare,0.43205625000000003,0.18738333333333335,0.13677593993792805
2021-02-25,Industrials,0.1429597222222222,-0.07662166666666667,0.07695742501628625
2021-02-25,Materials,0.0,0.0,0.07672486111111111
2021-02-25,RealEstate,0.05234666666666667,0.05083333333333334,0.13268846560846562
2021-02-25,Tech,0.008400000000000001,0.1381777777777778,0.164085853432282
2021-02-25,Utilities,-0.025555555555555557,-0.0448,0.266465873015873
2021-02-26,Comm,0.12703333333333333,0.010622222222222227,0.11420071402803546
2021-02-26,Consumer,0.20824383333333332,0.13436452380952382,0.09754903316326531
2021-02-26,Energy,0.0261,0.13358750000000003,0.07786395937761069
2021-02-26,Financials,0.0714,0.19268916666666666,0.09797630423280423
2021-02-26,Healthcare,-0.16543333333333332,0.43205625000000003,0.15731036454110262
2021-02-26,Industrials,0.023213888888888905,0.1429597222222222,0.07765784485195044
2021-02-26,Materials,0.09599999999999999,0.0,0.07764549603174603
2021-02-26,RealEstate,0.19585000000000002,0.05234666666666667,0.1328319576719577
2021-02-26,Tech,0.17176944444444445,0.008400000000000001,0.15698958359101217
2021-02-26,Utilities,-0.102,-0.025555555555555557,0.2546923941798942
2021-03-01,Comm,0.02074583333333334,0.12703333333333333,0.11966325371057514
2021-03-01,Consumer,0.24228125,0.20824383333333332,0.10577229393424037
2021-03-01,Energy,0.2609376666666667,0.0261,0.06891686943052075
2021-03-01,Financials,0.010715999999999998,0.0714,0.10026233597883599
2021-03-01,Healthcare,0.1464375,-0.16543333333333332,0.14320390195606864
2021-03-01,Industrials,-0.024543749999999996,0.023213888888888905,0.07483209145880575
2021-03-01,Materials,0.023337499999999997,0.09599999999999999,0.0822169246031746
2021-03-01,RealEstate,0.40640000000000004,0.19585000000000002,0.1276367195767196
2021-03-01,Tech,0.14979583333333335,0.17176944444444445,0.14808217618360478
2021-03-01,Utilities,0.0623,-0.102,0.2239987433862434
2021-03-02,Comm,0.2753666666666667,0.02074583333333334,0.11031236085343231
2021-03-02,Consumer,0.0525625,0.24228125,0.11137728316326531
2021-03-02,Energy,-0.12897666666666666,0.2609376666666667,0.0765310638749652
2021-03-02,Financials,0.30340833333333334,0.010715999999999998,0.09793171560846561
2021-03-02,Healthcare,0.0963,0.1464375,0.1389383067179734
2021-03-02,Industrials,0.03050000000000001,-0.024543749999999996,0.06816650812547241
2021-03-02,Materials,0.045000000000000005,0.023337499999999997,0.0770588888888889
2021-03-02,RealEstate,0.0,0.40640000000000004,0.14698910052910055
2021-03-02,Tech,-0.04413333333333333,0.14979583333333335,0.15981491427884284
2021-03-02,Utilities,-0.07089999999999999,0.0623,0.2110796957671958
2021-03-03,Comm,0.09628250000000001,0.2753666666666667,0.11966585291692436
2021-03-03,Consumer,0.044964285714285714,0.0525625,0.10619894321617537
2021-03-03,Energy,0.026620454545454537,-0.12897666666666666,0.08612754535644666
2021-03-03,Financials,0.03185428571428571,0.30340833333333334,0.10577574338624339
2021-03-03,Healthcare,0.3406,0.0963,0.14648711624178293
2021-03-03,Industrials,0.056480357142857145,0.03050000000000001,0.06272335336356766
2021-03-03,Materials,0.0,0.045000000000000005,0.07557555555555556
2021-03-03,RealEstate,0.04175555555555557,0.0,0.14891886243386246
2021-03-03,Tech,0.3604,-0.04413333333333333,0.1520344579296365
2021-03-03,Utilities,0.2023,-0.07089999999999999,0.19765906084656082
2021-03-04,Comm,0.1925,0.09628250000000001,0.10449898783755926
2021-03-04,Consumer,-0.09974602272727272,0.044964285714285714,0.10413109174225245
2021-03-04,Energy,0.10244500000000001,0.026620454545454537,0.0821567444906458
2021-03-04,Financials,0.18451499999999998,0.03185428571428571,0.10313632445200303
2021-03-04,Healthcare,-0.010846874999999992,0.3406,0.1512075924322591
2021-03-04,Industrials,0.0875625,0.056480357142857145,0.06697972411186696
2021-03-04,Materials,0.346,0.0,0.07365039682539683
2021-03-04,RealEstate,0.5574,0.04175555555555557,0.14051198412698415
2021-03-04,Tech,0.08723333333333333,0.3604,0.1548635565690923
2021-03-04,Utilities,0.5563,0.2023,0.18309715608465607
2021-03-05,Comm,0.12325733333333333,0.1925,0.10754422593279737
2021-03-05,Consumer,0.21210416666666668,-0.09974602272727272,0.08969270970762042
2021-03-05,Energy,0.1367833333333333,0.10244500000000001,0.08700555958393459
2021-03-05,Financials,0.17068,0.18451499999999998,0.09738803080120938
2021-03-05,Healthcare,-0.014987500000000008,-0.010846874999999992,0.1466375031465448
2021-03-05,Industrials,0.04992857142857143,0.0875625,0.0692770455404384
2021-03-05,Materials,0.17,0.346,0.0901265873015873
2021-03-05,RealEstate,0.023333333333333334,0.5574,0.16315589947089948
2021-03-05,Tech,0.10587777777777778,0.08723333333333333,0.1393103819659177
2021-03-05,Utilities,0.2347,0.5563,0.19467334656084656
2021-03-08,Comm,-0.06736600000000001,0.12325733333333333,0.11202790847247991
2021-03-08,Consumer,0.13333958333333334,0.21210416666666668,0.10072399277640348
2021-03-08,Energy,0.1527525,0.1367833333333333,0.09135452783790284
2021-03-08,Financials,0.17586875000000002,0.17068,0.09303017365835223
2021-03-08,Healthcare,0.05805,-0.014987500000000008,0.14051458647987816
2021-03-08,Industrials,0.13149833333333333,0.04992857142857143,0.06885400132275132
2021-03-08,Materials,0.13060000000000002,0.17,0.09658373015873015
2021-03-08,RealEstate,0.3831,0.023333333333333334,0.15040748677248678
2021-03-08,Tech,0.2729775,0.10587777777777778,0.1325234110664468
2021-03-08,Utilities,-0.072975,0.2347,0.20015033068783067
2021-03-09,Comm,0.186975,-0.06736600000000001,0.1085707973613688
2021-03-09,Consumer,0.13379833333333335,0.13333958333333334,0.09662479833195906
2021-03-09,Energy,-0.15164285714285716,0.1527525,0.09154869450456951
2021-03-09,Financials,-0.011689999999999999,0.17586875000000002,0.10267701889644747
2021-03-09,Healthcare,-0.010555555555555556,0.05805,0.13802919686948853
2021-03-09,Industrials,0.15439444444444445,0.13149833333333333,0.067551541005291
2021-03-09,Materials,0.0,0.13060000000000002,0.10280277777777777
2021-03-09,RealEstate,0.0,0.3831,0.16865034391534395
2021-03-09,Tech,-0.017006249999999997,0.2729775,0.1392156812169312
2021-03-09,Utilities,-0.0653,-0.072975,0.18139437830687832
2021-03-10,Comm,0.15101562500000001,0.186975,0.11382174974232118
2021-03-10,Consumer,0.1646433246753247,0.13379833333333335,0.10960638563354637
2021-03-10,Energy,0.1454375,-0.15164285714285716,0.08194895527554455
2021-03-10,Financials,0.39205,-0.011689999999999999,0.09709912207105062
2021-03-10,Healthcare,0.1335333333333333,-0.010555555555555556,0.12084948787477956
2021-03-10,Industrials,0.09528525641025642,0.15439444444444445,0.0758238955026455
2021-03-10,Materials,0.2139,0.0,0.10280277777777777
2021-03-10,RealEstate,0.1779,0.0,0.15312891534391537
2021-03-10,Tech,0.22163333333333335,-0.017006249999999997,0.12793244708994708
2021-03-10,Utilities,0.41190000000000004,-0.0653,0.17291660052910054
2021-03-11,Comm,0.22727666666666665,0.15101562500000001,0.12131400172644816
2021-03-11,Consumer,0.09230047619047618,0.1646433246753247,0.11235355982443483
2021-03-11,Energy,0.3093722222222222,0.1454375,0.0831813362279255
2021-03-11,Financials,0.06815833333333333,0.39205,0.11544587944066517
2021-03-11,Healthcare,0.029688000000000003,0.1335333333333333,0.12821536089065258
2021-03-11,Industrials,0.2512173333333333,0.09528525641025642,0.0694226832228618
2021-03-11,Materials,0.320675,0.2139,0.10235992063492064
2021-03-11,RealEstate,-0.05,0.1779,0.14832891534391535
2021-03-11,Tech,0.12985357142857146,0.22163333333333335,0.12898998677248677
2021-03-11,Utilities,0.0,0.41190000000000004,0.18166660052910055
2021-03-12,Comm,0.19933214285714285,0.22727666666666665,0.1308918305246341
2021-03-12,Consumer,0.1624209523809524,0.09230047619047618,0.11434814032330105
2021-03-12,Energy,0.4767,0.3093722222222222,0.09364906109565038
2021-03-12,Financials,0.056023333333333335,0.06815833333333333,0.11707960959939531
2021-03-12,Healthcare,-0.12040000000000001,0.029688000000000003,0.1178403847001764
2021-03-12,Industrials,0.2318388888888889,0.2512173333333333,0.07780882608000465
2021-03-12,Materials,0.123,0.320675,0.10419206349206349
2021-03-12,RealEstate,0.15613333333333332,-0.05,0.14594796296296297
2021-03-12,Tech,0.22678333333333334,0.12985357142857146,0.13184015684051398
2021-03-12,Utilities,0.31174999999999997,0.0,0.16865707671957675
2021-03-15,Comm,0.11488125,0.19933214285714285,0.1420281759516938
2021-03-15,Consumer,0.2398020634920635,0.1624209523809524,0.1156701698017591
2021-03-15,Energy,0.11009583333333334,0.4767,0.12511890236549167
2021-03-15,Financials,0.26095625,0.056023333333333335,0.118727149281935
2021-03-15,Healthcare,0.20417885714285716,-0.12040000000000001,0.10211009898589066
2021-03-15,Industrials,0.28555833333333336,0.2318388888888889,0.08302626750101749
2021-03-15,Materials,0.010000000000000002,0.123,0.1051825396825397
2021-03-15,RealEstate,0.37526666666666664,0.15613333333333332,0.1533828835978836
2021-03-15,Tech,0.05484666666666666,0.22678333333333334,0.14459769652305368
2021-03-15,Utilities,0.2557333333333333,0.31174999999999997,0.1725939814814815
2021-03-16,Comm,0.07099111111111112,0.11488125,0.1403694259516938
2021-03-16,Consumer,0.21799949999999998,0.2398020634920635,0.12197238446540232
2021-03-16,Energy,-0.14980833333333332,0.11009583333333334,0.12733447776231704
2021-03-16,Financials,0.084535,0.26095625,0.11795800245653819
2021-03-16,Healthcare,0.14305,0.20417885714285716,0.1086438144053918
2021-03-16,Industrials,-0.009433333333333321,0.28555833333333336,0.09900543416768416
2021-03-16,Materials,0.0,0.010000000000000002,0.10565873015873016
2021-03-16,RealEstate,0.015050000000000003,0.37526666666666664,0.1661060582010582
2021-03-16,Tech,-0.039400000000000004,0.05484666666666666,0.14578356953892668
2021-03-16,Utilities,0.08444444444444445,0.2557333333333333,0.1848705687830688
2021-03-17,Comm,0.1408333333333333,0.07099111111111112,0.12458328838555625
2021-03-17,Consumer,0.10445249999999999,0.21799949999999998,0.13024488446540233
2021-03-17,Energy,0.04211666666666666,-0.14980833333333332,0.12015338252422181
2021-03-17,Financials,0.15757,0.084535,0.12198347864701437
2021-03-17,Healthcare,0.12701666666666667,0.14305,0.1099158382149156
2021-03-17,Industrials,-6.249999999999312e-06,-0.009433333333333321,0.08675186273911274
2021-03-17,Materials,0.1366,0.0,0.10565873015873016
2021-03-17,RealEstate,0.012162500000000001,0.015050000000000003,0.14041677248677248
2021-03-17,Tech,0.3333888888888889,-0.039400000000000004,0.13826849017384732
2021-03-17,Utilities,0.0,0.08444444444444445,0.17953300264550265
2021-03-18,Comm,0.0019000000000000128,0.1408333333333333,0.12571996948223735
2021-03-18,Consumer,0.1541126666666667,0.10445249999999999,0.1319178221071257
2021-03-18,Energy,-0.054416666666666676,0.04211666666666666,0.11611771784168212
2021-03-18,Financials,0.04504166666666667,0.15757,0.12361212150415722
2021-03-18,Healthcare,0.14226666666666668,0.12701666666666667,0.11813171123078862
2021-03-18,Industrials,-0.09212999999999998,-6.249999999999312e-06,0.09732835083435083
2021-03-18,Materials,0.0,0.1366,0.10445238095238094
2021-03-18,RealEstate,0.2585,0.012162500000000001,0.12583165343915345
2021-03-18,Tech,0.20255555555555557,0.3333888888888889,0.15148403250188963
2021-03-18,Utilities,0.19,0.0,0.15924907407407407
2021-03-19,Comm,0.13060666666666668,0.0019000000000000128,0.1257887525510204
2021-03-19,Consumer,0.06713666666666666,0.1541126666666667,0.1336573935356971
2021-03-19,Energy,0.29919999999999997,-0.054416666666666676,0.11601488955885385
2021-03-19,Financials,-0.018517500000000006,0.04504166666666667,0.1146776373771731
2021-03-19,Healthcare,0.32870000000000005,0.14226666666666668,0.11561142904383977
2021-03-19,Industrials,-0.131625,-0.09212999999999998,0.08976773858945289
2021-03-19,Materials,0.16,0.0,0.09582619047619048
2021-03-19,RealEstate,0.0,0.2585,0.13552212962962965
2021-03-19,Tech,0.16799999999999998,0.20255555555555557,0.15093895313681027
2021-03-19,Utilities,0.0,0.19,0.1535871693121693
2021-03-22,Comm,0.021275000000000006,0.13060666666666668,0.12384145096371883
2021-03-22,Consumer,0.09367866666666666,0.06713666666666666,0.12690336632481275
2021-03-22,Energy,0.012008333333333343,0.29919999999999997,0.12030430754827183
2021-03-22,Financials,0.251805,-0.018517500000000006,0.10923989928193499
2021-03-22,Healthcare,0.024790000000000017,0.32870000000000005,0.1243231750755858
2021-03-22,Industrials,0.09029999999999999,-0.131625,0.07997341886156173
2021-03-22,Materials,0.12115000000000001,0.16,0.09387063492063492
2021-03-22,RealEstate,0.0,0.0,0.13552212962962965
2021-03-22,Tech,0.08863875000000002,0.16799999999999998,0.15435839758125475
2021-03-22,Utilities,0.0,0.0,0.14188002645502648
2021-03-23,Comm,0.06341,0.021275000000000006,0.11662835572562358
2021-03-23,Consumer,0.28645166666666666,0.09367866666666666,0.12377933457878101
2021-03-23,Energy,-0.1289427777777778,0.012008333333333343,0.10480589484985912
2021-03-23,Financials,0.28191875,0.251805,0.11356513737717308
2021-03-23,Healthcare,0.13585,0.024790000000000017,0.11210920682161753
2021-03-23,Industrials,0.15281250000000002,0.09029999999999999,0.0711068712425141
2021-03-23,Materials,-0.1125,0.12115000000000001,0.09318650793650793
2021-03-23,RealEstate,0.0,0.0,0.1315935582010582
2021-03-23,Tech,0.2661458333333333,0.08863875000000002,0.14940389361300074
2021-03-23,Utilities,0.05330000000000001,0.0,0.1132728835978836
2021-03-24,Comm,0.24702083333333336,0.06341,0.11069835572562357
2021-03-24,Consumer,0.21044810606060604,0.28645166666666666,0.1336425488644953
2021-03-24,Energy,-0.015446666666666664,-0.1289427777777778,0.09066559723081154
2021-03-24,Financials,0.14968888888888887,0.28191875,0.12830990778533635
2021-03-24,Healthcare,0.234925,0.13585,0.10901796872637945
2021-03-24,Industrials,0.11874166666666666,0.15281250000000002,0.07345667282981569
2021-03-24,Materials,0.1116,-0.1125,0.086225
2021-03-24,RealEstate,0.0,0.0,0.13016498677248678
2021-03-24,Tech,-0.029043014705882365,0.2661458333333333,0.15052869520030235
2021-03-24,Utilities,0.0,0.05330000000000001,0.10153161375661376
2021-03-25,Comm,-0.0005949999999999977,0.24702083333333336,0.10999934778911566
2021-03-25,Consumer,0.09517285714285714,0.21044810606060604,0.13813540085377585
2021-03-25,Energy,0.18081666666666668,-0.015446666666666664,0.07529889088160517
2021-03-25,Financials,0.030735000000000002,0.14968888888888887,0.1382983337112623
2021-03-25,Healthcare,0.19635000000000002,0.234925,0.11631439729780801
2021-03-25,Industrials,-0.10333333333333333,0.11874166666666666,0.07466341886156172
2021-03-25,Materials,0.27422499999999994,0.1116,0.09025535714285715
2021-03-25,RealEstate,0.33420000000000005,0.0,0.1264776851851852
2021-03-25,Tech,0.009316666666666678,-0.029043014705882365,0.13604261910319684
2021-03-25,Utilities,0.4649,0.0,0.09434272486772485
2021-03-26,Comm,0.0964875,-0.0005949999999999977,0.11111259608843538
2021-03-26,Consumer,-0.02882172619047619,0.09517285714285714,0.14050151905105476
2021-03-26,Energy,0.33000388888888893,0.18081666666666668,0.0850352242149385
2021-03-26,Financials,0.211924,0.030735000000000002,0.13759077418745277
2021-03-26,Healthcare,0.014374999999999994,0.19635000000000002,0.11674138142479212
2021-03-26,Industrials,0.20116071428571428,-0.10333333333333333,0.0733914347345776
2021-03-26,Materials,-0.19733333333333333,0.27422499999999994,0.10331369047619048
2021-03-26,RealEstate,0.0,0.33420000000000005,0.139971335978836
2021-03-26,Tech,0.03652916666666669,0.009316666666666678,0.12990637571695346
2021-03-26,Utilities,0.296,0.4649,0.11861415343915345
2021-03-29,Comm,0.15358472222222222,0.0964875,0.11520141883975812
2021-03-29,Consumer,0.2712213636363637,-0.02882172619047619,0.13273074524153095
2021-03-29,Energy,0.19745,0.33000388888888893,0.09438838559059988
2021-03-29,Financials,-0.019276761904761908,0.211924,0.1385067186318972
2021-03-29,Healthcare,0.28985666666666665,0.014374999999999994,0.0968517980914588
2021-03-29,Industrials,0.227377,0.20116071428571428,0.07616291054712483
2021-03-29,Materials,0.0,-0.19733333333333333,0.09391686507936507
2021-03-29,RealEstate,0.10943750000000001,0.0,0.13747863756613757
2021-03-29,Tech,0.223675,0.03652916666666669,0.13124585984393758
2021-03-29,Utilities,0.47858749999999994,0.296,0.13392632275132274
2021-03-30,Comm,0.18544583333333334,0.15358472222222222,0.11646577069160999
2021-03-30,Consumer,0.11904800000000001,0.2712213636363637,0.13572967525596097
2021-03-30,Energy,0.33471666666666666,0.19745,0.10254790940012368
2021-03-30,Financials,0.02685038461538462,-0.019276761904761908,0.13418877758881328
2021-03-30,Healthcare,-0.0599375,0.28985666666666665,0.118532274281935
2021-03-30,Industrials,0.21608333333333332,0.227377,0.08588496345717775
2021-03-30,Materials,0.0,0.0,0.0893454365079365
2021-03-30,RealEstate,0.13726666666666665,0.10943750000000001,0.1333637566137566
2021-03-30,Tech,0.35508888888888884,0.223675,0.1337175529656307
2021-03-30,Utilities,0.03,0.47858749999999994,0.16157334656084657
2021-03-31,Comm,0.0011111111111111137,0.18544583333333334,0.12430862783446713
2021-03-31,Consumer,0.11751833333333335,0.11904800000000001,0.12986142525596098
2021-03-31,Energy,0.21703750000000002,0.33471666666666666,0.1060611951144094
2021-03-31,Financials,0.06142500000000001,0.02685038461538462,0.13495708161811734
2021-03-31,Healthcare,0.06741000000000001,-0.0599375,0.10870489332955405
2021-03-31,Industrials,0.11771944444444445,0.21608333333333332,0.0973433959968603
2021-03-31,Materials,0.123,0.0,0.08823412698412698
2021-03-31,RealEstate,0.0,0.13726666666666665,0.12054788359788361
2021-03-31,Tech,0.09447777777777777,0.35508888888888884,0.1434934127539905
2021-03-31,Utilities,0.1366,0.03,0.16003525132275132
2021-04-01,Comm,0.0972375,0.0011111111111111137,0.11124883947467874
2021-04-01,Consumer,0.020303333333333333,0.11751833333333335,0.13295456017659588
2021-04-01,Energy,-0.2979,0.21703750000000002,0.12253806019377447
2021-04-01,Financials,0.18143533333333334,0.06142500000000001,0.12343406574510145
2021-04-01,Healthcare,0.028370000000000017,0.06741000000000001,0.10732917904383976
2021-04-01,Industrials,0.13483333333333333,0.11771944444444445,0.10149670287516718
2021-04-01,Materials,0.021666666666666667,0.123,0.0919484126984127
2021-04-01,RealEstate,-0.2542,0.0,0.1205478835978836
2021-04-01,Tech,0.02059750000000002,0.09447777777777777,0.1500939418545196
2021-04-01,Utilities,0.10493333333333334,0.1366,0.1699162037037037
2021-04-05,Comm,0.34551733333333334,0.0972375,0.11129431566515498
2021-04-05,Consumer,0.16355333333333336,0.020303333333333333,0.13178022911083626
2021-04-05,Energy,0.10352166666666666,-0.2979,0.1070847052154195
2021-04-05,Financials,0.21934913419913418,0.18143533333333334,0.13055697277457992
2021-04-05,Healthcare,0.13053166666666666,0.028370000000000017,0.09246108380574453
2021-04-05,Industrials,0.23479000000000003,0.13483333333333333,0.10522779697947557
2021-04-05,Materials,0.302725,0.021666666666666667,0.09298015873015873
2021-04-05,RealEstate,-0.21636666666666668,-0.2542,0.1064547619047619
2021-04-05,Tech,0.24033846153846153,0.02059750000000002,0.13391287042594818
2021-04-05,Utilities,0.06595555555555556,0.10493333333333334,0.16527969576719576
2021-04-06,Comm,0.17757619047619047,0.34551733333333334,0.11858085534769462
2021-04-06,Consumer,0.14940194444444443,0.16355333333333336,0.1443182936851508
2021-04-06,Energy,0.06300499999999999,0.10352166666666666,0.10713597505668934
2021-04-06,Financials,-0.020360000000000003,0.21934913419913418,0.1322157410697768
2021-04-06,Healthcare,0.1444,0.13053166666666666,0.09919339531368103
2021-04-06,Industrials,0.015135,0.23479000000000003,0.11223863031280888
2021-04-06,Materials,0.2179,0.302725,0.09091944444444444
2021-04-06,RealEstate,0.4767,-0.21636666666666668,0.06960873015873016
2021-04-06,Tech,-0.07585111111111112,0.24033846153846153,0.14120359081666853
2021-04-06,Utilities,0.020000000000000004,0.06595555555555556,0.1419299603174603
2021-04-07,Comm,0.04515,0.17757619047619047,0.1211674675925926
2021-04-07,Consumer,-0.06582400000000002,0.14940194444444443,0.14133247357933074
2021-04-07,Energy,-0.06846666666666666,0.06300499999999999,0.10362272108843537
2021-04-07,Financials,0.14760625,-0.020360000000000003,0.12311859821263393
2021-04-07,Healthcare,0.3327,0.1444,0.10678327626606197
2021-04-07,Industrials,0.08696666666666666,0.015135,0.110581793578115
2021-04-07,Materials,-0.1591,0.2179,0.09320039682539683
2021-04-07,RealEstate,0.4019,0.4767,0.09119761904761906
2021-04-07,Tech,0.13238333333333333,-0.07585111111111112,0.13254983420291191
2021-04-07,Utilities,0.1366,0.020000000000000004,0.13170615079365078
2021-04-08,Comm,0.23693333333333336,0.04515,0.12652537235449735
2021-04-08,Consumer,0.3067121428571428,-0.06582400000000002,0.13184849342060057
2021-04-08,Energy,0.07392,-0.06846666666666666,0.09308847505668934
2021-04-08,Financials,0.018291666666666668,0.14760625,0.12177276487930058
2021-04-08,Healthcare,0.2353475,0.3327,0.11986184769463341
2021-04-08,Industrials,0.08495,0.08696666666666666,0.10846123802255946
2021-04-08,Materials,0.165175,-0.1591,0.07940515873015871
2021-04-08,RealEstate,0.0,0.4019,0.09209285714285716
2021-04-08,Tech,0.06608333333333334,0.13238333333333333,0.1258548738854516
2021-04-08,Utilities,0.3996,0.1366,0.14168591269841269
2021-04-09,Comm,0.06264249999999999,0.23693333333333336,0.12890434060846562
2021-04-09,Consumer,0.1952404761904762,0.3067121428571428,0.1400824843503058
2021-04-09,Energy,-0.1738875,0.07392,0.10382956349206351
2021-04-09,Financials,0.037392857142857144,0.018291666666666668,0.12320046329199902
2021-04-09,Healthcare,0.23745000000000002,0.2353475,0.13157151700680272
2021-04-09,Industrials,0.18940047619047617,0.08495,0.10515435971568116
2021-04-09,Materials,0.0,0.165175,0.08727063492063492
2021-04-09,RealEstate,0.0,0.0,0.09209285714285716
2021-04-09,Tech,0.23313611111111113,0.06608333333333334,0.12981152071084845
2021-04-09,Utilities,0.2732,0.3996,0.16382400793650792
2021-04-12,Comm,-0.17076666666666665,0.06264249999999999,0.12469609656084657
2021-04-12,Consumer,0.19120238095238096,0.1952404761904762,0.14153949156531298
2021-04-12,Energy,0.380425,-0.1738875,0.0886236111111111
2021-04-12,Financials,0.20053231746031747,0.037392857142857144,0.10631202791784936
2021-04-12,Healthcare,0.09145166666666667,0.23745000000000002,0.13651992970521543
2021-04-12,Industrials,0.23006666666666667,0.18940047619047617,0.10963603684807255
2021-04-12,Materials,0.09493333333333336,0.0,0.07708492063492063
2021-04-12,RealEstate,0.5093,0.0,0.08362142857142858
2021-04-12,Tech,0.09682708333333334,0.23313611111111113,0.13035927203359976
2021-04-12,Utilities,0.38093333333333335,0.2732,0.15721924603174603
2021-04-13,Comm,0.3469066666666667,-0.17076666666666665,0.10574165211640213
2021-04-13,Consumer,0.139995,0.19120238095238096,0.14624910607778463
2021-04-13,Energy,0.27536666666666665,0.380425,0.09200707671957671
2021-04-13,Financials,0.24162487179487177,0.20053231746031747,0.11261555097151527
2021-04-13,Healthcare,0.0015041666666666675,0.09145166666666667,0.1394610566893424
2021-04-13,Industrials,0.435125,0.23006666666666667,0.10862886224489797
2021-04-13,Materials,0.0,0.09493333333333336,0.06633531746031747
2021-04-13,RealEstate,0.0,0.5093,0.11025476190476192
2021-04-13,Tech,0.1486611111111111,0.09682708333333334,0.12878658212430272
2021-04-13,Utilities,0.05033333333333334,0.38093333333333335,0.17535892857142854
2021-04-14,Comm,0.16038666666666668,0.3469066666666667,0.11276901039304613
2021-04-14,Consumer,-0.005813333333333328,0.139995,0.14518120358345357
2021-04-14,Energy,0.08891666666666667,0.27536666666666665,0.08241977513227514
2021-04-14,Financials,0.1457107741935484,0.24162487179487177,0.12145371946968375
2021-04-14,Healthcare,-0.02444666666666667,0.0015041666666666675,0.14526601700680272
2021-04-14,Industrials,0.12225625000000001,0.435125,0.11830915325018895
2021-04-14,Materials,0.156875,0.0,0.0604781746031746
2021-04-14,RealEstate,0.015,0.0,0.10281984126984127
2021-04-14,Tech,0.10123333333333333,0.1486611111111111,0.1250664763041969
2021-04-14,Utilities,0.4354625,0.05033333333333334,0.16291051587301586
2021-04-15,Comm,0.027225,0.16038666666666668,0.11493593499622073
2021-04-15,Consumer,-0.012150714285714287,-0.005813333333333328,0.13348523230605375
2021-04-15,Energy,0.007740000000000002,0.08891666666666667,0.08141124338624339
2021-04-15,Financials,0.11730555555555557,0.1457107741935484,0.11596583966937651
2021-04-15,Healthcare,0.12411000000000001,-0.02444666666666667,0.13437908730158732
2021-04-15,Industrials,0.2576666666666667,0.12225625000000001,0.11053286356764927
2021-04-15,Materials,0.0,0.156875,0.06747222222222223
2021-04-15,RealEstate,0.14595,0.015,0.08566428571428572
2021-04-15,Tech,0.2117375,0.10123333333333333,0.1272753651930858
2021-04-15,Utilities,0.36005,0.4354625,0.1714690476190476
2021-04-16,Comm,0.25270000000000004,0.027225,0.1128518344671202
2021-04-16,Consumer,0.20725520833333333,-0.012150714285714287,0.12252569829244828
2021-04-16,Energy,0.10589166666666666,0.007740000000000002,0.08891354497354496
2021-04-16,Financials,0.22098666666666666,0.11730555555555557,0.11752634231487918
2021-04-16,Healthcare,-0.125,0.12411000000000001,0.13347718253968255
2021-04-16,Industrials,0.02221111111111111,0.2576666666666667,0.1232519111866969
2021-04-16,Materials,0.0,0.0,0.06747222222222223
2021-04-16,RealEstate,0.0,0.14595,0.09189761904761905
2021-04-16,Tech,0.03007666666666667,0.2117375,0.13923429376451435
2021-04-16,Utilities,0.0,0.36005,0.1845931216931217
2021-04-19,Comm,-0.022518749999999997,0.25270000000000004,0.11817881859410433
2021-04-19,Consumer,0.06713434640522876,0.20725520833333333,0.12742106535594036
2021-04-19,Energy,0.07414166666666668,0.10589166666666666,0.09195044973544973
2021-04-19,Financials,0.16846392857142858,0.22098666666666666,0.12054618358472044
2021-04-19,Healthcare,0.044012857142857145,-0.125,0.1214763888888889
2021-04-19,Industrials,0.18265875,0.02221111111111111,0.12430988076341648
2021-04-19,Materials,0.3482,0.0,0.06096746031746032
2021-04-19,RealEstate,0.071025,0.0,0.09131845238095239
2021-04-19,Tech,0.07038428571428572,0.03007666666666667,0.1247908546110752
2021-04-19,Utilities,0.121075,0.0,0.1845931216931217
2021-04-20,Comm,0.021875,-0.022518749999999997,0.1170160209750567
2021-04-20,Consumer,0.02930261904761905,0.06713434640522876,0.12327924058158615
2021-04-20,Energy,0.27030000000000004,0.07414166666666668,0.09807227513227514
2021-04-20,Financials,0.26386,0.16846392857142858,0.12642343415161386
2021-04-20,Healthcare,0.11601944444444445,0.044012857142857145,0.11679763605442177
2021-04-20,Industrials,-0.02472272727272727,0.18265875,0.13739505933484505
2021-04-20,Materials,-0.0258,0.3482,0.0775484126984127
2021-04-20,RealEstate,0.0,0.071025,0.08239107142857144
2021-04-20,Tech,0.09650138888888889,0.07038428571428572,0.11849698461863378
2021-04-20,Utilities,0.3276,0.121075,0.18131097883597885
2021-04-21,Comm,0.09424444444444442,0.021875,0.11183832256235829
2021-04-21,Consumer,0.09273666666666666,0.02930261904761905,0.12147761926639344
2021-04-21,Energy,0.04206875,0.27030000000000004,0.09669608465608467
2021-04-21,Financials,0.12434166666666667,0.26386,0.13986998177066148
2021-04-21,Healthcare,0.27163666666666664,0.11601944444444445,0.10666999055177626
2021-04-21,Industrials,0.04623666666666666,-0.02472272727272727,0.14248564375042946
2021-04-21,Materials,0.25672500000000004,-0.0258,0.06870079365079364
2021-04-21,RealEstate,0.022500000000000003,0.0,0.08239107142857144
2021-04-21,Tech,0.03705833333333333,0.09650138888888889,0.115092288851438
2021-04-21,Utilities,0.2029642857142857,0.3276,0.19691097883597883
2021-04-22,Comm,0.06672828282828283,0.09424444444444442,0.11531305801209375
2021-04-22,Consumer,0.24473958333333334,0.09273666666666666,0.12143276212353629
2021-04-22,Energy,0.03186666666666667,0.04206875,0.09812753306878307
2021-04-22,Financials,0.11035416666666667,0.12434166666666667,0.13380029923097894
2021-04-22,Healthcare,0.055555,0.27163666666666664,0.11842459372637945
2021-04-22,Industrials,0.10417000000000001,0.04623666666666666,0.1403873897821755
2021-04-22,Materials,0.1026892857142857,0.25672500000000004,0.07515674603174603
2021-04-22,RealEstate,0.13396666666666665,0.022500000000000003,0.08346250000000001
2021-04-22,Tech,0.16816625,0.03705833333333333,0.11263607853397768
2021-04-22,Utilities,0.200475,0.2029642857142857,0.2065759448223734
2021-04-23,Comm,0.23306833333333335,0.06672828282828283,0.1154710714801072
2021-04-23,Consumer,0.11837666666666666,0.24473958333333334,0.1194464724409966
2021-04-23,Energy,-0.04505,0.03186666666666667,0.10578512566137567
2021-04-23,Financials,0.2371916666666667,0.11035416666666667,0.1256305571674869
2021-04-23,Healthcare,0.2987,0.055555,0.11460102229780803
2021-04-23,Industrials,0.1093904761904762,0.10417000000000001,0.13807108025836598
2021-04-23,Materials,0.11760000000000001,0.1026892857142857,0.08540385487528346
2021-04-23,RealEstate,0.7783,0.13396666666666665,0.08984186507936508
2021-04-23,Tech,0.08613237179487179,0.16816625,0.10797038408953324
2021-04-23,Utilities,0.10106666666666668,0.200475,0.2135842781557067
2021-04-26,Comm,-0.02492083333333333,0.23306833333333335,0.11480666671820244
2021-04-26,Consumer,0.15137254901960784,0.11837666666666666,0.11506211818414236
2021-04-26,Energy,-0.033873333333333325,-0.04505,0.10437544312169314
2021-04-26,Financials,0.217205,0.2371916666666667,0.12979735610928583
2021-04-26,Healthcare,0.25770499999999996,0.2987,0.11763792705971277
2021-04-26,Industrials,0.11779365079365078,0.1093904761904762,0.13762578547378546
2021-04-26,Materials,0.0,0.11760000000000001,0.08568956916099772
2021-04-26,RealEstate,0.09450000000000001,0.7783,0.12690376984126986
2021-04-26,Tech,0.2380851851851852,0.08613237179487179,0.11345492630385487
2021-04-26,Utilities,0.12416666666666666,0.10106666666666668,0.21839697656840512
2021-04-27,Comm,0.06702592592592595,-0.02492083333333333,0.11364829370232943
2021-04-27,Consumer,0.043604285714285713,0.15137254901960784,0.11773829398779714
2021-04-27,Energy,0.049111111111111105,-0.033873333333333325,0.09415210978835978
2021-04-27,Financials,0.21410107142857143,0.217205,0.13867687991880964
2021-04-27,Healthcare,0.23061500000000001,0.25770499999999996,0.12055959372637945
2021-04-27,Industrials,0.14911872519841268,0.11779365079365078,0.1481556418607847
2021-04-27,Materials,0.171,0.0,0.0726312358276644
2021-04-27,RealEstate,0.0,0.09450000000000001,0.11548948412698412
2021-04-27,Tech,0.19473500000000002,0.2380851851851852,0.12434866528092718
2021-04-27,Utilities,0.09541666666666666,0.12416666666666666,0.2021715797430083
2021-04-28,Comm,0.27734166666666665,0.06702592592592595,0.112245361603564
2021-04-28,Consumer,0.1572615,0.043604285714285713,0.12118715169754772
2021-04-28,Energy,0.33537666666666666,0.049111111111111105,0.08077626322751323
2021-04-28,Financials,0.0297375,0.21410107142857143,0.13878054998683687
2021-04-28,Healthcare,0.16216057142857143,0.23061500000000001,0.13085673658352232
2021-04-28,Industrials,-0.01364336842105263,0.14911872519841268,0.14567745190424655
2021-04-28,Materials,0.5574,0.171,0.09017091836734695
2021-04-28,RealEstate,0.2095888888888889,0.0,0.11548948412698412
2021-04-28,Tech,0.08113019480519482,0.19473500000000002,0.1318822763920383
2021-04-28,Utilities,0.1841,0.09541666666666666,0.192619992441421
2021-04-29,Comm,0.16047625,0.27734166666666665,0.11813854943425182
2021-04-29,Consumer,0.10745583333333333,0.1572615,0.11576049152438753
2021-04-29,Energy,0.2089888888888889,0.33537666666666666,0.08734419973544974
2021-04-29,Financials,0.17933333333333332,0.0297375,0.14111456245849216
2021-04-29,Healthcare,0.13925457142857145,0.16216057142857143,0.124775970143613
2021-04-29,Industrials,0.005193461538461541,-0.01364336842105263,0.13420029150324403
2021-04-29,Materials,0.04933333333333333,0.5574,0.11671377551020409
2021-04-29,RealEstate,0.13749916666666667,0.2095888888888889,0.1202585978835979
2021-04-29,Tech,0.15216666666666667,0.08113019480519482,0.125094428525619
2021-04-29,Utilities,0.045000000000000005,0.1841,0.1785967781557067
2021-04-30,Comm,0.20425555555555555,0.16047625,0.11694952165647403
2021-04-30,Consumer,0.10988333333333333,0.10745583333333333,0.1152084835878796
2021-04-30,Energy,0.19768928571428573,0.2089888888888889,0.08135716269841271
2021-04-30,Financials,0.09273166666666667,0.17933333333333332,0.148375655254585
2021-04-30,Healthcare,0.16247189743589746,0.13925457142857145,0.13426130687830687
2021-04-30,Industrials,0.057545000000000006,0.005193461538461541,0.12415791665586917
2021-04-30,Materials,-0.2263,0.04933333333333333,0.11906298185941043
2021-04-30,RealEstate,0.31022222222222223,0.13749916666666667,0.12026966931216931
2021-04-30,Tech,-0.005391666666666665,0.15216666666666667,0.11543146556265602
2021-04-30,Utilities,0.19640500000000002,0.045000000000000005,0.17931106386999246
2021-05-03,Comm,0.16677999999999998,0.20425555555555555,0.12662306663001902
2021-05-03,Consumer,0.08901866666666666,0.10988333333333333,0.11484491215930817
2021-05-03,Energy,0.13516875,0.19768928571428573,0.08043581916099773
2021-05-03,Financials,0.23864166666666664,0.09273166666666667,0.14986644890537862
2021-05-03,Healthcare,0.214201,0.16247189743589746,0.1387880638990639
2021-05-03,Industrials,0.0414695238095238,0.057545000000000006,0.12129246692041945
2021-05-03,Materials,0.045533333333333335,-0.2263,0.1024296485260771
2021-05-03,RealEstate,0.33403333333333335,0.31022222222222223,0.13504215608465608
2021-05-03,Tech,0.05609027777777779,-0.005391666666666665,0.1106757777319682
2021-05-03,Utilities,0.34275,0.19640500000000002,0.18215892101284958
2021-05-04,Comm,0.3341075,0.16677999999999998,0.12993461424906666
2021-05-04,Consumer,0.164160625,0.08901866666666666,0.11811707088946688
2021-05-04,Energy,0.07982769841269842,0.13516875,0.10105814058956916
2021-05-04,Financials,0.15497642857142857,0.23864166666666664,0.15259056001648974
2021-05-04,Healthcare,0.13781000000000002,0.214201,0.14763715913715916
2021-05-04,Industrials,0.13173500000000002,0.0414695238095238,0.11684657122880948
2021-05-04,Materials,-0.013984375000000002,0.045533333333333335,0.10356615646258505
2021-05-04,RealEstate,0.0,0.33403333333333335,0.16305326719576718
2021-05-04,Tech,-0.002286111111111109,0.05609027777777779,0.11236591000710047
2021-05-04,Utilities,0.3694,0.34275,0.19348352418745277
2021-05-05,Comm,0.10835999999999998,0.3341075,0.12939128885224124
2021-05-05,Consumer,0.04043611111111111,0.164160625,0.11814598954026054
2021-05-05,Energy,0.09178749999999998,0.07982769841269842,0.09992985638699924
2021-05-05,Financials,0.0630975,0.15497642857142857,0.1495251930818371
2021-05-05,Healthcare,0.21393,0.13781000000000002,0.14798374643874646
2021-05-05,Industrials,0.19239699999999998,0.13173500000000002,0.11193919027642853
2021-05-05,Materials,0.8591,-0.013984375000000002,0.08848475765306123
2021-05-05,RealEstate,-0.03125,0.0,0.1733564417989418
2021-05-05,Tech,0.24090555555555557,-0.002286111111111109,0.10081235892854942
2021-05-05,Utilities,0.07817777777777779,0.3694,0.20793325963718823
2021-05-06,Comm,-0.015916666666666662,0.10835999999999998,0.12609527978194646
2021-05-06,Consumer,0.14751166666666665,0.04043611111111111,0.11295714033391133
2021-05-06,Energy,0.25332916666666666,0.09178749999999998,0.10130045162509449
2021-05-06,Financials,0.104385,0.0630975,0.15349935974850376
2021-05-06,Healthcare,-0.00625,0.21393,0.15129469881969881
2021-05-06,Industrials,0.2617791666666667,0.19239699999999998,0.12038023789547617
2021-05-06,Materials,0.08755000000000002,0.8591,0.11901809098639456
2021-05-06,RealEstate,-0.0605,-0.03125,0.14916834656084654
2021-05-06,Tech,0.17658333333333331,0.24090555555555557,0.11589600972220022
2021-05-06,Utilities,0.0,0.07817777777777779,0.21070363000755857
2021-05-07,Comm,0.11669166666666665,-0.015916666666666662,0.12318734327400994
2021-05-07,Consumer,-0.09331666666666666,0.14751166666666665,0.12311598160375262
2021-05-07,Energy,-0.0737625,0.25332916666666666,0.1166240627362056
2021-05-07,Financials,0.06024583333333333,0.104385,0.15144120498659902
2021-05-07,Healthcare,0.21000000000000002,-0.00625,0.13515422262922264
2021-05-07,Industrials,0.03596666666666667,0.2617791666666667,0.1287046426573809
2021-05-07,Materials,0.0,0.08755000000000002,0.13076332908163266
2021-05-07,RealEstate,0.0,-0.0605,0.12714929894179894
2021-05-07,Tech,0.24753333333333336,0.17658333333333331,0.1180007716269621
2021-05-07,Utilities,0.19473333333333334,0.0,0.2041988681027967
2021-05-10,Comm,-0.11684033333333332,0.11669166666666665,0.11746154962321628
2021-05-10,Consumer,0.12546666666666667,-0.09331666666666666,0.10406699067404739
2021-05-10,Energy,0.116088,-0.0737625,0.10959156273620559
2021-05-10,Financials,0.07307000000000001,0.06024583333333333,0.15343902244691646
2021-05-10,Healthcare,0.09886266666666668,0.21000000000000002,0.13394719881969883
2021-05-10,Industrials,0.2396625,0.03596666666666667,0.12637210297484122
2021-05-10,Materials,0.20122500000000001,0.0,0.12289785289115647
2021-05-10,RealEstate,0.0,0.0,0.12714929894179894
2021-05-10,Tech,0.13706666666666667,0.24753333333333336,0.1266412478174383
2021-05-10,Utilities,0.43083928571428576,0.19473333333333334,0.19444331254724112
2021-05-11,Comm,0.20632,-0.11684033333333332,0.10891474803591471
2021-05-11,Consumer,0.03532966666666666,0.12546666666666667,0.10074442831577074
2021-05-11,Energy,-0.05179833333333334,0.116088,0.12339991987906274
2021-05-11,Financials,0.031299999999999994,0.07307000000000001,0.1551379340115423
2021-05-11,Healthcare,0.13396666666666665,0.09886266666666668,0.127347801994302
2021-05-11,Industrials,0.07876250000000001,0.2396625,0.12876553268005667
2021-05-11,Materials,0.3404,0.20122500000000001,0.13247999574829933
2021-05-11,RealEstate,0.32599999999999996,0.0,0.12714929894179894
2021-05-11,Tech,0.008133333333333333,0.13706666666666667,0.12206651236770284
2021-05-11,Utilities,0.0,0.43083928571428576,0.20194994520030235
2021-05-12,Comm,0.10115,0.20632,0.12687125597242263
2021-05-12,Consumer,0.016312500000000008,0.03532966666666666,0.09332191811168913
2021-05-12,Energy,0.11702500000000002,-0.05179833333333334,0.10281785638699924
2021-05-12,Financials,0.039337500000000004,0.031299999999999994,0.14707925222771767
2021-05-12,Healthcare,0.5264500000000001,0.13396666666666665,0.12937232580382582
2021-05-12,Industrials,0.08820857142857144,0.07876250000000001,0.12156057236259633
2021-05-12,Materials,0.4939,0.3404,0.1441688846371882
2021-05-12,RealEstate,0.36395,0.32599999999999996,0.11842072751322753
2021-05-12,Tech,0.22020000000000003,0.008133333333333333,0.11784300046294094
2021-05-12,Utilities,0.25503333333333333,0.0,0.1838102626606198
2021-05-13,Comm,0.0,0.10115,0.11516855755972422
2021-05-13,Consumer,0.41414,0.016312500000000008,0.08743227525454626
2021-05-13,Energy,0.015000000000000001,0.11702500000000002,0.09527777702191989
2021-05-13,Financials,0.13685833333333333,0.039337500000000004,0.13744652023748566
2021-05-13,Healthcare,-0.04114444444444444,0.5264500000000001,0.15436974643874646
2021-05-13,Industrials,0.1336166666666667,0.08820857142857144,0.10504074243062356
2021-05-13,Materials,0.015,0.4939,0.16768793225623582
2021-05-13,RealEstate,-0.03333333333333333,0.36395,0.13575167989417988
2021-05-13,Tech,-0.0202875,0.22020000000000003,0.1212496142195547
2021-05-13,Utilities,0.20589999999999997,0.25503333333333333,0.19355788170823884
2021-05-14,Comm,0.0,0.0,0.10753109724226391
2021-05-14,Consumer,-0.029589266304347828,0.41414,0.10743005303232406
2021-05-14,Energy,-0.02838888888888889,0.015000000000000001,0.0917579357520786
2021-05-14,Financials,0.08616041666666668,0.13685833333333333,0.1370249754346183
2021-05-14,Healthcare,0.17680833333333335,-0.04114444444444444,0.15357461416361418
2021-05-14,Industrials,0.08074999999999999,0.1336166666666667,0.10558171465284578
2021-05-14,Materials,0.16799999999999998,0.015,0.16093197987528343
2021-05-14,RealEstate,0.0,-0.03333333333333333,0.1334500925925926
2021-05-14,Tech,0.1536,-0.0202875,0.11546290787034834
2021-05-14,Utilities,0.5106,0.20589999999999997,0.18262633408919124
2021-05-17,Comm,0.02997931623931625,0.0,0.10623466867083534
2021-05-17,Consumer,0.0376311919504644,-0.029589266304347828,0.1065996457933415
2021-05-17,Energy,0.2308191666666667,-0.02838888888888889,0.09003751247165533
2021-05-17,Financials,0.30754809523809523,0.08616041666666668,0.13554187358276643
2021-05-17,Healthcare,0.131094,0.17680833333333335,0.1560840586080586
2021-05-17,Industrials,0.18967678571428573,0.08074999999999999,0.09715711147824259
2021-05-17,Materials,0.30323999999999995,0.16799999999999998,0.16893197987528344
2021-05-17,RealEstate,0.0,0.0,0.1265000925925926
2021-05-17,Tech,0.08876666666666666,0.1536,0.11269445548939595
2021-05-17,Utilities,0.1366,0.5106,0.18979538170823884
2021-05-18,Comm,0.010677666666666665,0.02997931623931625,0.09562892182508848
2021-05-18,Consumer,0.1485950892857143,0.0376311919504644,0.09852231167987156
2021-05-18,Energy,-0.0294375,0.2308191666666667,0.0959864410430839
2021-05-18,Financials,0.26389999999999997,0.30754809523809523,0.1396638463718821
2021-05-18,Healthcare,0.11453333333333333,0.131094,0.168279010989011
2021-05-18,Industrials,0.0017159999999999994,0.18967678571428573,0.10513166741172711
2021-05-18,Materials,0.10617777777777777,0.30323999999999995,0.18337197987528345
2021-05-18,RealEstate,-0.05,0.0,0.1265000925925926
2021-05-18,Tech,0.38885000000000003,0.08876666666666666,0.11548921739415788
2021-05-18,Utilities,0.2006,0.1366,0.19630014361300077
2021-05-19,Comm,0.08144333333333333,0.010677666666666665,0.09720970357112024
2021-05-19,Consumer,0.09629599999999998,0.1485950892857143,0.10240139467418038
2021-05-19,Energy,-0.10421249999999999,-0.0294375,0.09105409977324264
2021-05-19,Financials,0.2811722222222222,0.26389999999999997,0.14420842120181407
2021-05-19,Healthcare,-0.15000000000000002,0.11453333333333333,0.1716371289028432
2021-05-19,Industrials,0.068675,0.0017159999999999994,0.09651534598315567
2021-05-19,Materials,-0.18095,0.10617777777777777,0.17184711215041573
2021-05-19,RealEstate,0.03,-0.05,0.12073699735449736
2021-05-19,Tech,-0.18806190476190476,0.38885000000000003,0.13065425140776332
2021-05-19,Utilities,0.6908,0.2006,0.2000870483749055
2021-05-20,Comm,0.11277699999999999,0.08144333333333333,0.10004629087270753
2021-05-20,Consumer,0.22145416666666665,0.09629599999999998,0.10559155567191279
2021-05-20,Energy,0.12115000000000001,-0.10421249999999999,0.07322017120181405
2021-05-20,Financials,0.11452777777777778,0.2811722222222222,0.1450328127362056
2021-05-20,Healthcare,0.19494999999999998,-0.15000000000000002,0.1589695363102506
2021-05-20,Industrials,0.23156666666666667,0.068675,0.1009628568056665
2021-05-20,Materials,0.0,-0.18095,0.16445901691232048
2021-05-20,RealEstate,0.0,0.03,0.12216556878306879
2021-05-20,Tech,0.17820583333333334,-0.18806190476190476,0.11710361837677315
2021-05-20,Utilities,0.18434999999999999,0.6908,0.21738228647014365
2021-05-21,Comm,0.21708,0.11277699999999999,0.10092879351821017
2021-05-21,Consumer,0.12242380952380952,0.22145416666666665,0.11172096043381756
2021-05-21,Energy,0.015112500000000001,0.12115000000000001,0.07698594501133786
2021-05-21,Financials,0.003654166666666664,0.11452777777777778,0.14456548469387756
2021-05-21,Healthcare,0.26646000000000003,0.19494999999999998,0.15531779027850456
2021-05-21,Industrials,0.411575,0.23156666666666667,0.10978809490090459
2021-05-21,Materials,0.18409999999999999,0.0,0.15223401691232047
2021-05-21,RealEstate,0.0,0.0,0.12109414021164022
2021-05-21,Tech,0.3084,0.17820583333333334,0.12382492790058268
2021-05-21,Utilities,0.23563333333333336,0.18434999999999999,0.2164958919123205
2021-05-24,Comm,0.008950000000000003,0.21708,0.10808839909781577
2021-05-24,Consumer,0.18174355555555557,0.12242380952380952,0.1058963997762212
2021-05-24,Energy,0.11589333333333333,0.015112500000000001,0.0761881275510204
2021-05-24,Financials,0.0389875,0.003654166666666664,0.13948453231292518
2021-05-24,Healthcare,0.3292566666666667,0.26646000000000003,0.1653608855165998
2021-05-24,Industrials,0.24825833333333333,0.411575,0.12442642823423791
2021-05-24,Materials,0.12562500000000001,0.18409999999999999,0.1561107175925926
2021-05-24,RealEstate,0.15330000000000002,0.0,0.11471477513227514
2021-05-24,Tech,0.33348333333333335,0.3084,0.1305027255196303
2021-05-24,Utilities,0.2881444444444445,0.23563333333333336,0.21817009826152683
2021-05-25,Comm,0.2510625,0.008950000000000003,0.09741609751051417
2021-05-25,Consumer,0.18595208333333335,0.18174355555555557,0.10891387067569208
2021-05-25,Energy,0.1691784722222222,0.11589333333333333,0.08385209580498867
2021-05-25,Financials,0.2117,0.0389875,0.13004623866213152
2021-05-25,Healthcare,0.22810000000000002,0.3292566666666667,0.16681596488167919
2021-05-25,Industrials,0.025,0.24825833333333333,0.13103918333627873
2021-05-25,Materials,0.13396666666666665,0.12562500000000001,0.15649286044973545
2021-05-25,RealEstate,0.6137250000000001,0.15330000000000002,0.08495287037037039
2021-05-25,Tech,-0.05934,0.33348333333333335,0.1422813427357475
2021-05-25,Utilities,0.2732,0.2881444444444445,0.22707856386999245
2021-05-26,Comm,0.08057142857142857,0.2510625,0.11055816100257765
2021-05-26,Consumer,0.11379810606060607,0.18595208333333335,0.11056051516682187
2021-05-26,Energy,0.310772,0.1691784722222222,0.09352122940287226
2021-05-26,Financials,0.09003124999999998,0.2117,0.12978409580498868
2021-05-26,Healthcare,0.006666666666666669,0.22810000000000002,0.16540620297691727
2021-05-26,Industrials,0.07660555555555555,0.025,0.1266204380603906
2021-05-26,Materials,0.0,0.13396666666666665,0.16287222552910055
2021-05-26,RealEstate,0.023333333333333334,0.6137250000000001,0.10967787037037038
2021-05-26,Tech,0.35302500000000003,-0.05934,0.12811823867931013
2021-05-26,Utilities,0.41150000000000003,0.2732,0.23417538926681786
2021-05-27,Comm,0.142726,0.08057142857142857,0.11120318493807779
2021-05-27,Consumer,0.23068250000000004,0.11379810606060607,0.11390307804045617
2021-05-27,Energy,0.1108022222222222,0.310772,0.10598127173091461
2021-05-27,Financials,0.011815624999999996,0.09003124999999998,0.12387600907029479
2021-05-27,Healthcare,0.20822083333333335,0.006666666666666669,0.1547419966277109
2021-05-27,Industrials,0.10674722222222222,0.07660555555555555,0.12316742998215931
2021-05-27,Materials,0.2613666666666667,0.0,0.15472936838624338
2021-05-27,RealEstate,-0.05135,0.023333333333333334,0.1107889814814815
2021-05-27,Tech,0.22806499999999996,0.35302500000000003,0.13565585772692915
2021-05-27,Utilities,0.38345,0.41150000000000003,0.24922697656840515
2021-05-28,Comm,0.42352366666666674,0.142726,0.10479291509680795
2021-05-28,Consumer,0.34587333333333337,0.23068250000000004,0.11739931613569428
2021-05-28,Energy,-0.032290000000000006,0.1108022222222222,0.09528725056689342
2021-05-28,Financials,0.20684333333333332,0.011815624999999996,0.12302258645124715
2021-05-28,Healthcare,0.17348333333333338,0.20822083333333335,0.15693534243269958
2021-05-28,Industrials,0.07780000000000001,0.10674722222222222,0.1289003152508867
2021-05-28,Materials,0.17256666666666667,0.2613666666666667,0.140632542989418
2021-05-28,RealEstate,0.4778,-0.05135,0.09836332010582012
2021-05-28,Tech,0.1529125,0.22806499999999996,0.14265275321239607
2021-05-28,Utilities,0.2732,0.38345,0.2587198337112623
2021-06-01,Comm,0.3909366666666667,0.42352366666666674,0.11731898255712543
2021-06-01,Consumer,0.28009576923076923,0.34587333333333337,0.12875253042140858
2021-06-01,Energy,0.09832104761904761,-0.032290000000000006,0.08379777966742252
2021-06-01,Financials,0.10299388888888888,0.20684333333333332,0.12433258645124716
2021-06-01,Healthcare,0.17153733333333335,0.17348333333333338,0.1585652834757835
2021-06-01,Industrials,0.17095,0.07780000000000001,0.1323577694633409
2021-06-01,Materials,0.20179999999999998,0.17256666666666667,0.14650079695767196
2021-06-01,RealEstate,0.13783333333333334,0.4778,0.11456812169312171
2021-06-01,Tech,0.09444000000000001,0.1529125,0.14268826908541196
2021-06-01,Utilities,0.20768333333333333,0.2732,0.269586500377929
2021-06-02,Comm,0.15551,0.3909366666666667,0.12620855927670213
2021-06-02,Consumer,0.16452761904761903,0.28009576923076923,0.13685788451176265
2021-06-02,Energy,0.18085500000000002,0.09832104761904761,0.07906595880574452
2021-06-02,Financials,0.16353733333333337,0.10299388888888888,0.12482126369992441
2021-06-02,Healthcare,0.17598750000000002,0.17153733333333335,0.1589969708994709
2021-06-02,Industrials,0.10194999999999999,0.17095,0.13775800755857898
2021-06-02,Materials,0.0,0.20179999999999998,0.16688651124338624
2021-06-02,RealEstate,0.6019,0.13783333333333334,0.10635912698412697
2021-06-02,Tech,0.14781666666666665,0.09444000000000001,0.14744215797430085
2021-06-02,Utilities,0.44463333333333327,0.20768333333333333,0.2701235638699925
2021-06-03,Comm,0.006783333333333326,0.15551,0.12567189261003545
2021-06-03,Consumer,0.24007666666666666,0.16452761904761903,0.14045354891085562
2021-06-03,Energy,0.22827666666666668,0.18085500000000002,0.08124149452003024
2021-06-03,Financials,0.00034166666666667344,0.16353733333333337,0.12124486687452758
2021-06-03,Healthcare,0.18524000000000002,0.17598750000000002,0.15717728042328044
2021-06-03,Industrials,0.21889166666666665,0.10194999999999999,0.14063803023431592
2021-06-03,Materials,0.21095,0.0,0.16471825727513226
2021-06-03,RealEstate,0.16836666666666666,0.6019,0.11911468253968255
2021-06-03,Tech,0.08140555555555556,0.14781666666666665,0.15181008125472412
2021-06-03,Utilities,-0.043750000000000004,0.44463333333333327,0.2749751511715798
2021-06-04,Comm,0.310935,0.006783333333333326,0.11008502753067037
2021-06-04,Consumer,0.110982,0.24007666666666666,0.14406859851403025
2021-06-04,Energy,0.015555555555555559,0.22827666666666668,0.08831049300831444
2021-06-04,Financials,0.3451875,0.00034166666666667344,0.11388130678382465
2021-06-04,Healthcare,-0.005049999999999999,0.18524000000000002,0.15943585185185186
2021-06-04,Industrials,0.18386666666666668,0.21889166666666665,0.14478834769463342
2021-06-04,Materials,0.020000000000000004,0.21095,0.17542941798941797
2021-06-04,RealEstate,0.366,0.16836666666666666,0.1271321428571429
2021-06-04,Tech,0.1654766666666667,0.08140555555555556,0.15579539871504156
2021-06-04,Utilities,0.6446500000000001,-0.043750000000000004,0.25530134164777024
2021-06-07,Comm,0.15728888888888887,0.310935,0.11973145610209897
2021-06-07,Consumer,0.09254083333333332,0.110982,0.14742792655635828
2021-06-07,Energy,-0.2298,0.015555555555555559,0.08468040041572185
2021-06-07,Financials,0.21601809523809523,0.3451875,0.12731416392668177
2021-06-07,Healthcare,0.08859999999999998,-0.005049999999999999,0.1490082328042328
2021-06-07,Industrials,0.30169375,0.18386666666666668,0.14438214134542704
2021-06-07,Materials,0.10285625000000001,0.020000000000000004,0.1354722751322751
2021-06-07,RealEstate,0.52145,0.366,0.14604880952380953
2021-06-07,Tech,0.26034812500000004,0.1654766666666667,0.1522035468631897
2021-06-07,Utilities,0.0,0.6446500000000001,0.282276209372638
2021-06-08,Comm,0.37465833333333337,0.15728888888888887,0.12797933969998257
2021-06-08,Consumer,0.07595666666666667,0.09254083333333332,0.14481026782619952
2021-06-08,Energy,0.23966666666666667,-0.2298,0.06167424962207106
2021-06-08,Financials,0.17528333333333335,0.21601809523809523,0.1326300256046863
2021-06-08,Healthcare,0.123475,0.08859999999999998,0.15352489947089948
2021-06-08,Industrials,0.07651666666666668,0.30169375,0.1462828357898715
2021-06-08,Materials,0.13706666666666667,0.10285625000000001,0.13620114417989418
2021-06-08,RealEstate,0.0,0.52145,0.17376071428571432
2021-06-08,Tech,0.3763,0.26034812500000004,0.15619234646636432
2021-06-08,Utilities,0.20274444444444442,0.0,0.282276209372638
2021-06-09,Comm,0.0,0.37465833333333337,0.14026346668410955
2021-06-09,Consumer,0.12109999999999999,0.07595666666666667,0.15287090274683446
2021-06-09,Energy,0.160765,0.23966666666666667,0.07659944803476947
2021-06-09,Financials,0.2850616666666667,0.17528333333333335,0.13810800179516253
2021-06-09,Healthcare,0.0005136363636363654,0.123475,0.14940466137566139
2021-06-09,Industrials,0.1159875,0.07651666666666668,0.1482137881708239
2021-06-09,Materials,0.05,0.13706666666666667,0.1427281283068783
2021-06-09,RealEstate,0.037500000000000006,0.0,0.1737607142857143
2021-06-09,Tech,0.1174125,0.3763,0.16232409249811036
2021-06-09,Utilities,0.15660000000000002,0.20274444444444442,0.28265769085411946
2021-06-10,Comm,0.07072514285714286,0.0,0.14582729208093492
2021-06-10,Consumer,0.06917283333333334,0.12109999999999999,0.15266296623889794
2021-06-10,Energy,0.11267,0.160765,0.07872692422524566
2021-06-10,Financials,0.13118333333333335,0.2850616666666667,0.14820284306500378
2021-06-10,Healthcare,0.17243333333333333,0.0005136363636363654,0.14472137421837422
2021-06-10,Industrials,0.14765833333333334,0.1159875,0.1423245024565382
2021-06-10,Materials,0.0,0.05,0.13552693783068784
2021-06-10,RealEstate,0.17528000000000002,0.037500000000000006,0.17554642857142858
2021-06-10,Tech,0.146509375,0.1174125,0.16138817979969766
2021-06-10,Utilities,0.0,0.15660000000000002,0.26959867724867725
2021-06-11,Comm,0.308075,0.07072514285714286,0.13937039412175128
2021-06-11,Consumer,0.030851666666666666,0.06917283333333334,0.15427454560397733
2021-06-11,Energy,0.058925000000000005,0.11267,0.08655874962207105
2021-06-11,Financials,0.3671833333333333,0.13118333333333335,0.152959192271353
2021-06-11,Healthcare,0.04511458333333333,0.17243333333333333,0.14655312025012024
2021-06-11,Industrials,0.4828333333333334,0.14765833333333334,0.14560525642479213
2021-06-11,Materials,0.015,0.0,0.11931741402116403
2021-06-11,RealEstate,0.0,0.17528000000000002,0.16836928571428572
2021-06-11,Tech,-0.004981249999999993,0.146509375,0.167977515117158
2021-06-11,Utilities,0.025,0.0,0.26959867724867725
2021-06-14,Comm,0.12815833333333335,0.308075,0.1492239655503227
2021-06-14,Consumer,0.17842349206349206,0.030851666666666666,0.1549668868738186
2021-06-14,Energy,0.21661466666666668,0.058925000000000005,0.08379208295540438
2021-06-14,Financials,0.027716666666666667,0.3671833333333333,0.16857089862055932
2021-06-14,Healthcare,0.14929166666666666,0.04511458333333333,0.12363238612313612
2021-06-14,Industrials,0.0894,0.4828333333333334,0.16439691175359034
2021-06-14,Materials,0.3629,0.015,0.09651265211640213
2021-06-14,RealEstate,-0.0386,0.0,0.15103833333333336
2021-06-14,Tech,-0.011792500000000004,-0.004981249999999993,0.1572545984504913
2021-06-14,Utilities,0.24034166666666668,0.025,0.258644708994709
2021-06-15,Comm,0.09137999999999999,0.12815833333333335,0.15532674332810048
2021-06-15,Consumer,0.2520308333333333,0.17842349206349206,0.1437422912577944
2021-06-15,Energy,0.2944116666666667,0.21661466666666668,0.0933927813681028
2021-06-15,Financials,0.17475999999999997,0.027716666666666667,0.1633736763983371
2021-06-15,Healthcare,0.2568166666666667,0.14929166666666666,0.13270077236652236
2021-06-15,Industrials,-0.015422222222222219,0.0894,0.16229135619803475
2021-06-15,Materials,0.04000000000000001,0.3629,0.11307931878306879
2021-06-15,RealEstate,-0.148,-0.0386,0.1507875396825397
2021-06-15,Tech,0.0,-0.011792500000000004,0.15765912226001513
2021-06-15,Utilities,0.6249,0.24034166666666668,0.26028478835978835
2021-06-16,Comm,0.285775,0.09137999999999999,0.15967817189952904
2021-06-16,Consumer,0.09319600000000001,0.2520308333333333,0.15715277219292206
2021-06-16,Energy,0.23074200000000006,0.2944116666666667,0.10876423639455782
2021-06-16,Financials,0.021823333333333333,0.17475999999999997,0.16759270417611488
2021-06-16,Healthcare,0.0,0.2568166666666667,0.136510693001443
2021-06-16,Industrials,0.3248583333333333,-0.015422222222222219,0.15771172656840515
2021-06-16,Materials,-0.025,0.04000000000000001,0.10698408068783068
2021-06-16,RealEstate,0.16822222222222225,-0.148,0.14373992063492066
2021-06-16,Tech,0.14014166666666666,0.0,0.15034483654572942
2021-06-16,Utilities,-0.05,0.6249,0.2657276455026455
2021-06-17,Comm,0.4030833333333333,0.285775,0.17185891874527592
2021-06-17,Consumer,0.13490833333333338,0.09319600000000001,0.15979871543337615
2021-06-17,Energy,0.033758333333333335,0.23074200000000006,0.10876056179138323
2021-06-17,Financials,0.06172766666666667,0.021823333333333333,0.15398676313303097
2021-06-17,Healthcare,0.11090000000000001,0.0,0.13026812157287157
2021-06-17,Industrials,-0.01388888888888889,0.3248583333333333,0.16414894312169312
2021-06-17,Materials,0.049265,-0.025,0.0913536044973545
2021-06-17,RealEstate,0.24085,0.16822222222222225,0.15175050264550266
2021-06-17,Tech,-0.027747777777777788,0.14014166666666666,0.152791265117158
2021-06-17,Utilities,0.4019,-0.05,0.2568419312169312
2021-06-18,Comm,0.013333333333333336,0.4030833333333333,0.19054490287226
2021-06-18,Consumer,0.2824816666666667,0.13490833333333338,0.15914696514992943
2021-06-18,Energy,0.116425,0.033758333333333335,0.11176988718820861
2021-06-18,Financials,0.13443125,0.06172766666666667,0.144359509164777
2021-06-18,Healthcare,0.3284944444444445,0.11090000000000001,0.13009510569985572
2021-06-18,Industrials,0.05356666666666667,-0.01388888888888889,0.16340585317460316
2021-06-18,Materials,0.17299999999999996,0.049265,0.08864347222222221
2021-06-18,RealEstate,0.20114999999999997,0.24085,0.16560050264550266
2021-06-18,Tech,0.10936000000000001,-0.027747777777777788,0.13295327569916854
2021-06-18,Utilities,0.0,0.4019,0.2664276455026455
2021-06-21,Comm,0.29706666666666665,0.013333333333333336,0.18730156953892668
2021-06-21,Consumer,0.03528099206349206,0.2824816666666667,0.16801294927691357
2021-06-21,Energy,0.1143275,0.116425,0.12227643480725622
2021-06-21,Financials,0.041010000000000005,0.13443125,0.13737184382086168
2021-06-21,Healthcare,0.3517366666666667,0.3284944444444445,0.15288055543530546
2021-06-21,Industrials,0.21940555555555555,0.05356666666666667,0.16268640873015872
2021-06-21,Materials,0.05051111111111111,0.17299999999999996,0.10549823412698413
2021-06-21,RealEstate,0.0,0.20114999999999997,0.17375050264550268
2021-06-21,Tech,0.13695669642857144,0.10936000000000001,0.14711622354497353
2021-06-21,Utilities,0.12989375,0.0,0.2335324074074074
2021-06-22,Comm,-0.25425,0.29706666666666665,0.1960772679516251
2021-06-22,Consumer,-0.0016689999999999982,0.03528099206349206,0.15914756001009575
2021-06-22,Energy,0.1337125,0.1143275,0.12195155385487529
2021-06-22,Financials,-0.11886875,0.041010000000000005,0.1338709972600151
2021-06-22,Healthcare,0.138,0.3517366666666667,0.1603465871813372
2021-06-22,Industrials,-0.14343888888888892,0.21940555555555555,0.16210730820105818
2021-06-22,Materials,0.105375,0.05051111111111111,0.10790352513227514
2021-06-22,RealEstate,-0.1673,0.0,0.17375050264550268
2021-06-22,Tech,0.06606666666666665,0.13695669642857144,0.14515197893046108
2021-06-22,Utilities,0.0,0.12989375,0.23093925264550266
2021-06-23,Comm,0.004784166666666666,-0.25425,0.1736329822373394
2021-06-23,Consumer,0.14092316666666665,-0.0016689999999999982,0.15323837860420003
2021-06-23,Energy,0.18307500000000002,0.1337125,0.12759917290249434
2021-06-23,Financials,0.18950416666666667,-0.11886875,0.1280365726568405
2021-06-23,Healthcare,0.3226333333333333,0.138,0.15422944432419433
2021-06-23,Industrials,0.08006666666666667,-0.14343888888888892,0.1356780753968254
2021-06-23,Materials,0.0,0.105375,0.1041547156084656
2021-06-23,RealEstate,0.0,-0.1673,0.165783835978836
2021-06-23,Tech,0.10422666666666669,0.06606666666666665,0.13361229639077854
2021-06-23,Utilities,-0.13797500000000001,0.0,0.21971861772486775
2021-06-24,Comm,-0.13571666666666668,0.004784166666666666,0.17343460922146636
2021-06-24,Consumer,0.1821125,0.14092316666666665,0.151294550561872
2021-06-24,Energy,0.14267166666666667,0.18307500000000002,0.13079829988662134
2021-06-24,Financials,0.17620214285714283,0.18950416666666667,0.1352040329743008
2021-06-24,Healthcare,0.15476666666666666,0.3226333333333333,0.15391404749879753
2021-06-24,Industrials,0.02914444444444444,0.08006666666666667,0.1276689484126984
2021-06-24,Materials,0.098675,0.0,0.09817257275132277
2021-06-24,RealEstate,-0.1709,0.0,0.158483835978836
2021-06-24,Tech,0.27368333333333333,0.10422666666666669,0.1226953122637944
2021-06-24,Utilities,0.58635,-0.13797500000000001,0.19942721560846563
2021-06-25,Comm,0.059883333333333344,-0.13571666666666668,0.1550165536659108
2021-06-25,Consumer,0.06917216666666667,0.1821125,0.1511117132602847
2021-06-25,Energy,0.2612,0.14267166666666667,0.1295360710506425
2021-06-25,Financials,-0.04870714285714286,0.17620214285714283,0.13351365882464097
2021-06-25,Healthcare,0.098526,0.15476666666666666,0.15042198400673404
2021-06-25,Industrials,0.02783333333333333,0.02914444444444444,0.1278663029100529
2021-06-25,Materials,0.10705,0.098675,0.09649201719576721
2021-06-25,RealEstate,0.33345,-0.1709,0.12112074074074076
2021-06-25,Tech,0.5532333333333334,0.27368333333333333,0.13855356623204837
2021-06-25,Utilities,0.7396,0.58635,0.21433912037037034
2021-06-28,Comm,0.255095,0.059883333333333344,0.15403140627362055
2021-06-28,Consumer,0.09623333333333332,0.06917216666666667,0.14898666852723996
2021-06-28,Energy,-0.03601499999999998,0.2612,0.12717549962207106
2021-06-28,Financials,0.050190666666666675,-0.04870714285714286,0.12690706868858653
2021-06-28,Healthcare,0.23423333333333338,0.098526,0.15479623797498798
2021-06-28,Industrials,0.2735666666666667,0.02783333333333333,0.12554381613756616
2021-06-28,Materials,0.0,0.10705,0.10158963624338624
2021-06-28,RealEstate,0.07776666666666665,0.33345,0.13588820105820107
2021-06-28,Tech,0.07589666666666667,0.5532333333333334,0.14808729639077856
2021-06-28,Utilities,0.37165,0.7396,0.22996292989417988
2021-06-29,Comm,0.2202,0.255095,0.15938231103552533
2021-06-29,Consumer,-0.013695714285714278,0.09623333333333332,0.1425843272573987
2021-06-29,Energy,0.510724,-0.03601499999999998,0.12018420332577476
2021-06-29,Financials,0.1331375,0.050190666666666675,0.12873445162509448
2021-06-29,Healthcare,0.04441666666666667,0.23423333333333338,0.15603492845117847
2021-06-29,Industrials,0.21115,0.2735666666666667,0.1334875992063492
2021-06-29,Materials,0.0258,0.0,0.08914360449735449
2021-06-29,RealEstate,0.0,0.07776666666666665,0.14203661375661375
2021-06-29,Tech,0.34511875000000003,0.07589666666666667,0.14084118527966744
2021-06-29,Utilities,0.29583333333333334,0.37165,0.22940102513227512
2021-06-30,Comm,0.28911363636363635,0.2202,0.14970023167044597
2021-06-30,Consumer,-0.013746428571428526,-0.013695714285714278,0.12546199165649166
2021-06-30,Energy,0.1130625,0.510724,0.1460420128495843
2021-06-30,Financials,0.046410666666666676,0.1331375,0.1252246500377929
2021-06-30,Healthcare,0.13585833333333333,0.04441666666666667,0.1498888967051467
2021-06-30,Industrials,0.03417777777777777,0.21115,0.1398375992063492
2021-06-30,Materials,0.0,0.0258,0.08215471560846561
2021-06-30,RealEstate,0.015,0.0,0.11928423280423284
2021-06-30,Tech,0.10835333333333334,0.34511875000000003,0.149993863851096
2021-06-30,Utilities,0.26445,0.29583333333333334,0.2304788029100529
2021-07-01,Comm,0.18757083333333333,0.28911363636363635,0.1448515159417302
2021-07-01,Consumer,0.11472500000000001,-0.013746428571428526,0.1114695060468632
2021-07-01,Energy,0.09196,0.1130625,0.14674398677248676
2021-07-01,Financials,0.1879469696969697,0.046410666666666676,0.12253021088435374
2021-07-01,Healthcare,0.173,0.13585833333333333,0.1481898967051467
2021-07-01,Industrials,0.2652833333333333,0.03417777777777777,0.13332463624338625
2021-07-01,Materials,0.06743333333333333,0.0,0.07254519179894181
2021-07-01,RealEstate,0.4983666666666666,0.015,0.11343502645502646
2021-07-01,Tech,0.16382499999999997,0.10835333333333334,0.15065640353363566
2021-07-01,Utilities,0.1366,0.26445,0.23318197751322753
2021-07-02,Comm,0.019600000000000006,0.18757083333333333,0.14637822229093658
2021-07-02,Consumer,0.24303333333333335,0.11472500000000001,0.10909795275888134
2021-07-02,Energy,0.28843500000000005,0.09196,0.14251089153439156
2021-07-02,Financials,0.1317625,0.1879469696969697,0.1236925745207174
2021-07-02,Healthcare,0.5848375,0.173,0.1480476348003848
2021-07-02,Industrials,0.028966666666666658,0.2652833333333333,0.14110241402116402
2021-07-02,Materials,0.346,0.06743333333333333,0.0757563029100529
2021-07-02,RealEstate,0.61895,0.4983666666666666,0.10850486772486773
2021-07-02,Tech,-0.08375555555555557,0.16382499999999997,0.15141870512093727
2021-07-02,Utilities,0.31320000000000003,0.1366,0.2185137235449735
2021-07-06,Comm,0.058625000000000003,0.019600000000000006,0.14698853975125403
2021-07-06,Consumer,0.12486666666666665,0.24303333333333335,0.10923874640967499
2021-07-06,Energy,-0.09065555555555556,0.28843500000000005,0.14537557407407406
2021-07-06,Financials,-0.07317062499999999,0.1317625,0.12995070944135229
2021-07-06,Healthcare,0.04327000000000001,0.5848375,0.16707608718133718
2021-07-06,Industrials,0.010016666666666674,0.028966666666666658,0.13205836640211638
2021-07-06,Materials,0.0945125,0.346,0.08218725529100529
2021-07-06,RealEstate,0.246,0.61895,0.12996121693121693
2021-07-06,Tech,0.2540166666666667,-0.08375555555555557,0.14355389030612245
2021-07-06,Utilities,0.2214,0.31320000000000003,0.23551134259259257
2021-07-07,Comm,0.06726000000000001,0.058625000000000003,0.13497377784649214
2021-07-07,Consumer,0.19210583333333334,0.12486666666666665,0.1098999210128496
2021-07-07,Energy,0.009355000000000006,-0.09065555555555556,0.14031790211640213
2021-07-07,Financials,-0.06378928571428569,-0.07317062499999999,0.11002889396516181
2021-07-07,Healthcare,0.3121833333333333,0.04327000000000001,0.16937703956228956
2021-07-07,Industrials,0.32961666666666667,0.010016666666666674,0.12377979497354497
2021-07-07,Materials,0.0,0.0945125,0.08573546957671958
2021-07-07,RealEstate,0.3032,0.246,0.12424693121693121
2021-07-07,Tech,0.36779999999999996,0.2540166666666667,0.14777008078231293
2021-07-07,Utilities,0.32599999999999996,0.2214,0.2153565806878307
2021-07-08,Comm,0.218275,0.06726000000000001,0.1306866878994022
2021-07-08,Consumer,0.0066099999999999935,0.19210583333333334,0.11464111148904006
2021-07-08,Energy,0.16177200000000003,0.009355000000000006,0.15170623544973547
2021-07-08,Financials,0.05586805555555556,-0.06378928571428569,0.09670473296742939
2021-07-08,Healthcare,0.09020625000000002,0.3121833333333333,0.18002386495911496
2021-07-08,Industrials,0.21785,0.32961666666666667,0.12510945767195766
2021-07-08,Materials,-0.0511,0.0,0.08083755291005291
2021-07-08,RealEstate,0.05,0.3032,0.1138540740740741
2021-07-08,Tech,0.21835833333333335,0.36779999999999996,0.15288683673469386
2021-07-08,Utilities,0.6548499999999999,0.32599999999999996,0.23088039021164025
2021-07-09,Comm,0.3175888888888889,0.218275,0.12323986250257679
2021-07-09,Consumer,0.08902000000000002,0.0066099999999999935,0.11133888926681783
2021-07-09,Energy,0.18212666666666666,0.16177200000000003,0.1479969656084656
2021-07-09,Financials,0.21590714285714285,0.05586805555555556,0.0910182911684876
2021-07-09,Healthcare,-0.016458333333333335,0.09020625000000002,0.17843963876863875
2021-07-09,Industrials,0.03874166666666666,0.21785,0.13183961640211642
2021-07-09,Materials,0.0,-0.0511,0.07187723544973544
2021-07-09,RealEstate,-0.1166,0.05,0.11623502645502647
2021-07-09,Tech,0.20645833333333333,0.21835833333333335,0.14536580498866214
2021-07-09,Utilities,0.1366,0.6548499999999999,0.2524092261904762
2021-07-12,Comm,0.10942500000000002,0.3175888888888889,0.13836314292585722
2021-07-12,Consumer,0.1145688888888889,0.08902000000000002,0.10981127021919879
2021-07-12,Energy,0.2997398148148148,0.18212666666666666,0.14901418783068784
2021-07-12,Financials,0.15877380952380954,0.21590714285714285,0.08772521860612932
2021-07-12,Healthcare,0.11500416666666666,-0.016458333333333335,0.17763144973544975
2021-07-12,Industrials,0.2809333333333333,0.03874166666666666,0.12816124338624338
2021-07-12,Materials,0.41179999999999994,0.0,0.06949628306878305
2021-07-12,RealEstate,0.0,-0.1166,0.10889693121693123
2021-07-12,Tech,0.1520625,0.20645833333333333,0.14960608276643989
2021-07-12,Utilities,0.10273333333333332,0.1366,0.2514568452380952
2021-07-13,Comm,0.12890666666666667,0.10942500000000002,0.14020599326599326
2021-07-13,Consumer,0.17878583333333334,0.1145688888888889,0.11197298715041573
2021-07-13,Energy,-0.017724999999999998,0.2997398148148148,0.15792227425044092
2021-07-13,Financials,0.1832638888888889,0.15877380952380954,0.0890390508056758
2021-07-13,Healthcare,0.05516666666666666,0.11500416666666666,0.17489672751322752
2021-07-13,Industrials,-0.15926666666666667,0.2809333333333333,0.13450767195767196
2021-07-13,Materials,0.0,0.41179999999999994,0.08910580687830687
2021-07-13,RealEstate,0.04000000000000001,0.0,0.10055026455026457
2021-07-13,Tech,0.19130000000000003,0.1520625,0.14987051729024944
2021-07-13,Utilities,0.09455000000000002,0.10273333333333332,0.25634890873015875
2021-07-14,Comm,0.03166666666666667,0.12890666666666667,0.13167416786916789
2021-07-14,Consumer,0.073529,0.17878583333333334,0.11901747127739985
2021-07-14,Energy,0.2049,-0.017724999999999998,0.1542722742504409
2021-07-14,Financials,0.17328653846153846,0.1832638888888889,0.08028098202260703
2021-07-14,Healthcare,0.2394,0.05516666666666666,0.17537539814814815
2021-07-14,Industrials,0.08006666666666667,-0.15926666666666667,0.10393148148148146
2021-07-14,Materials,0.0,0.0,0.08839152116402117
2021-07-14,RealEstate,0.0021624999999999943,0.04000000000000001,0.10245502645502647
2021-07-14,Tech,0.024985000000000007,0.19130000000000003,0.15921724348072563
2021-07-14,Utilities,0.34,0.09455000000000002,0.25966081349206355
2021-07-15,Comm,0.08392222222222223,0.03166666666666667,0.1270793265993266
2021-07-15,Consumer,0.04891083333333332,0.073529,0.11402249546485263
2021-07-15,Energy,-0.0031633333333333236,0.2049,0.15371443298059967
2021-07-15,Financials,0.05167694444444444,0.17328653846153846,0.08721288067950568
2021-07-15,Healthcare,-0.07655,0.2394,0.17966627116402117
2021-07-15,Industrials,0.008749999999999999,0.08006666666666667,0.10348703703703703
2021-07-15,Materials,0.20095,0.0,0.07111056878306878
2021-07-15,RealEstate,0.0,0.0021624999999999943,0.1043960978835979
2021-07-15,Tech,0.0024485714285714267,0.024985000000000007,0.16096855300453514
2021-07-15,Utilities,-0.3182,0.34,0.26440644841269845
2021-07-16,Comm,0.02265333333333333,0.08392222222222223,0.12672419432419432
2021-07-16,Consumer,0.15632777777777776,0.04891083333333332,0.10435011451247167
2021-07-16,Energy,0.08862533333333333,-0.0031633333333333236,0.13954419488536157
2021-07-16,Financials,0.21250000000000002,0.05167694444444444,0.0813517827959078
2021-07-16,Healthcare,0.6597,-0.07655,0.16379166798941802
2021-07-16,Industrials,0.18765,0.008749999999999999,0.10463809523809524
2021-07-16,Materials,0.12333333333333334,0.20095,0.0787748544973545
2021-07-16,RealEstate,0.025,0.0,0.11144371693121695
2021-07-16,Tech,0.09491423076923078,0.0024485714285714267,0.16108515164399093
2021-07-16,Utilities,0.30373888888888884,-0.3182,0.2194969246031746
2021-07-19,Comm,0.28209,0.02265333333333333,0.11419459114959116
2021-07-19,Consumer,0.02421333333333333,0.15632777777777776,0.1073563896447468
2021-07-19,Energy,-0.10117833333333334,0.08862533333333333,0.13277673456790123
2021-07-19,Financials,0.05005917748917749,0.21250000000000002,0.09043162406574907
2021-07-19,Healthcare,0.003129166666666662,0.6597,0.1952059537037037
2021-07-19,Industrials,0.08430892857142858,0.18765,0.09810436507936507
2021-07-19,Materials,-0.022716666666666673,0.12333333333333334,0.08583834656084656
2021-07-19,RealEstate,-0.1261,0.025,0.10462361111111111
2021-07-19,Tech,-0.06252172619047619,0.09491423076923078,0.15893146422030352
2021-07-19,Utilities,0.056833333333333326,0.30373888888888884,0.2363416335978836
2021-07-20,Comm,0.36085999999999996,0.28209,0.10843300384800385
2021-07-20,Consumer,0.159205,0.02421333333333333,0.10208519916855631
2021-07-20,Energy,0.43222666666666665,-0.10117833333333334,0.1263511790123457
2021-07-20,Financials,0.21329545454545454,0.05005917748917749,0.08987598172396387
2021-07-20,Healthcare,-0.007837499999999999,0.003129166666666662,0.19007400925925927
2021-07-20,Industrials,0.0,0.08430892857142858,0.10278045162509447
2021-07-20,Materials,0.13473333333333334,-0.022716666666666673,0.08241064814814815
2021-07-20,RealEstate,0.06999999999999999,-0.1261,0.0871498015873016
2021-07-20,Tech,0.1268375,-0.06252172619047619,0.15727556191493694
2021-07-20,Utilities,0.1516,0.056833333333333326,0.21990988756613755
2021-07-21,Comm,-0.022941666666666652,0.36085999999999996,0.12498189273689275
2021-07-21,Consumer,0.10152625,0.159205,0.09621488170823886
2021-07-21,Energy,0.29711333333333334,0.43222666666666665,0.1413893536155203
2021-07-21,Financials,0.29351011904761903,0.21329545454545454,0.09363142003565217
2021-07-21,Healthcare,0.0,-0.007837499999999999,0.17405820238095235
2021-07-21,Industrials,0.10958333333333332,0.0,0.10022965797430082
2021-07-21,Materials,-0.047099999999999996,0.13473333333333334,0.08058842592592592
2021-07-21,RealEstate,0.0,0.06999999999999999,0.08090456349206351
2021-07-21,Tech,0.11214375000000001,0.1268375,0.15810782381969882
2021-07-21,Utilities,-0.08205,0.1516,0.22712893518518518
2021-07-22,Comm,0.179103125,-0.022941666666666652,0.10974340067340067
2021-07-22,Consumer,0.07743,0.10152625,0.09936941780045352
2021-07-22,Energy,0.09449666666666667,0.29711333333333334,0.15009344091710758
2021-07-22,Financials,0.24903999999999998,0.29351011904761903,0.10565523522839596
2021-07-22,Healthcare,-0.027410714285714288,0.0,0.1573088373015873
2021-07-22,Industrials,0.09412500000000001,0.10958333333333332,0.0950000283446712
2021-07-22,Materials,0.124155,-0.047099999999999996,0.07594027777777777
2021-07-22,RealEstate,0.123,0.0,0.08090456349206351
2021-07-22,Tech,0.03793888888888888,0.11214375000000001,0.1569262549421478
2021-07-22,Utilities,0.11548750000000002,-0.08205,0.21703637566137562
2021-07-23,Comm,0.0979236111111111,0.179103125,0.13037926376863876
2021-07-23,Consumer,0.14652125,0.07743,0.10313603684807258
2021-07-23,Energy,0.2874683333333333,0.09449666666666667,0.14822602028218695
2021-07-23,Financials,0.10988333333333333,0.24903999999999998,0.12317469951411023
2021-07-23,Healthcare,0.045000000000000005,-0.027410714285714288,0.1494321366213152
2021-07-23,Industrials,0.14814722222222224,0.09412500000000001,0.10631259448223734
2021-07-23,Materials,0.020000000000000004,0.124155,0.07683456349206348
2021-07-23,RealEstate,0.0,0.123,0.09472837301587303
2021-07-23,Tech,-0.03992791666666667,0.03793888888888888,0.15558683695272982
2021-07-23,Utilities,0.2954333333333333,0.11548750000000002,0.22253578042328043
2021-07-26,Comm,0.023929999999999996,0.0979236111111111,0.13481447540885041
2021-07-26,Consumer,0.08317125000000002,0.14652125,0.10340261224489797
2021-07-26,Energy,0.06385666666666667,0.2874683333333333,0.15319713139329807
2021-07-26,Financials,0.035648809523809534,0.10988333333333333,0.11938323126014197
2021-07-26,Healthcare,0.28082222222222225,0.045000000000000005,0.13621150170068028
2021-07-26,Industrials,-0.044761111111111106,0.14814722222222224,0.10955452569916856
2021-07-26,Materials,0.1124,0.020000000000000004,0.07778694444444444
2021-07-26,RealEstate,0.5035499999999999,0.0,0.09472837301587303
2021-07-26,Tech,0.12623293269230768,-0.03992791666666667,0.14872233298447585
2021-07-26,Utilities,0.3762125,0.2954333333333333,0.24317427248677248
2021-07-27,Comm,0.11311111111111112,0.023929999999999996,0.14241669763107265
2021-07-27,Consumer,0.1393310185185185,0.08317125000000002,0.09869112414965986
2021-07-27,Energy,0.0,0.06385666666666667,0.14944403615520283
2021-07-27,Financials,0.2103470238095238,0.035648809523809534,0.11269021538712612
2021-07-27,Healthcare,-0.044074999999999975,0.28082222222222225,0.14221414720332576
2021-07-27,Industrials,0.10541375661375661,-0.044761111111111106,0.10603521352985638
2021-07-27,Materials,0.1963,0.1124,0.07844051587301587
2021-07-27,RealEstate,0.0,0.5035499999999999,0.12684503968253968
2021-07-27,Tech,0.043813973063973076,0.12623293269230768,0.1417008853349032
2021-07-27,Utilities,0.0,0.3762125,0.2331677248677249
2021-07-28,Comm,0.08761666666666668,0.11311111111111112,0.1449513537157287
2021-07-28,Consumer,0.221325,0.1393310185185185,0.1020320218568909
2021-07-28,Energy,0.16304166666666667,0.0,0.13700594091710758
2021-07-28,Financials,0.08551316666666667,0.2103470238095238,0.1250261280855388
2021-07-28,Healthcare,0.17263750000000003,-0.044074999999999975,0.13542362339380198
2021-07-28,Industrials,0.3564333333333333,0.10541375661375661,0.10972951940035273
2021-07-28,Materials,0.0,0.1963,0.08269051587301587
2021-07-28,RealEstate,0.0615,0.0,0.11096646825396826
2021-07-28,Tech,0.1754119047619048,0.043813973063973076,0.11744282056017177
2021-07-28,Utilities,0.0,0.0,0.19794867724867726
2021-07-29,Comm,0.17137420634920633,0.08761666666666668,0.13697619498556998
2021-07-29,Consumer,0.211520380952381,0.221325,0.10798876788863696
2021-07-29,Energy,0.10237666666666667,0.16304166666666667,0.14648482980599647
2021-07-29,Financials,0.3249875,0.08551316666666667,0.12670815189506263
2021-07-29,Healthcare,0.09599383333333333,0.17263750000000003,0.13249048847316705
2021-07-29,Industrials,0.18498333333333336,0.3564333333333333,0.11367555114638449
2021-07-29,Materials,0.2659125,0.0,0.08269051587301587
2021-07-29,RealEstate,-0.10333333333333333,0.0615,0.11019186507936508
2021-07-29,Tech,0.16175208333333332,0.1754119047619048,0.12218164142184976
2021-07-29,Utilities,0.1929666666666667,0.0,0.18025105820105822
2021-07-30,Comm,0.042161111111111114,0.17137420634920633,0.13465115719267504
2021-07-30,Consumer,0.03926904761904763,0.211520380952381,0.11871334385235575
2021-07-30,Energy,0.22782215909090908,0.10237666666666667,0.12703971869488537
2021-07-30,Financials,-0.0104,0.3249875,0.13584386618077687
2021-07-30,Healthcare,0.11328666666666666,0.09599383333333333,0.1349465440287226
2021-07-30,Industrials,0.13757,0.18498333333333336,0.11242951940035274
2021-07-30,Materials,0.296,0.2659125,0.09412444444444444
2021-07-30,RealEstate,-0.05,-0.10333333333333333,0.10527123015873016
2021-07-30,Tech,0.360525,0.16175208333333332,0.11344989539010372
2021-07-30,Utilities,0.015,0.1929666666666667,0.1753526455026455
2021-08-02,Comm,0.04980416666666666,0.042161111111111114,0.12289151313303098
2021-08-02,Consumer,0.2752030303030303,0.03926904761904763,0.12123789033761653
2021-08-02,Energy,0.04981233333333333,0.22782215909090908,0.13250446436588104
2021-08-02,Financials,0.34659666666666666,-0.0104,0.13313859633950706
2021-08-02,Healthcare,0.19709300000000002,0.11328666666666666,0.13387170275888133
2021-08-02,Industrials,0.13994232804232806,0.13757,0.11735295855379188
2021-08-02,Materials,0.0,0.296,0.10821968253968253
2021-08-02,RealEstate,0.09578333333333336,-0.05,0.10217599206349207
2021-08-02,Tech,0.1181026455026455,0.360525,0.12545806999327833
2021-08-02,Utilities,-0.1270833333333333,0.015,0.16347407407407408
2021-08-03,Comm,0.13837916666666666,0.04980416666666666,0.11633119567271354
2021-08-03,Consumer,0.11662142857142857,0.2752030303030303,0.12887970130442752
2021-08-03,Energy,0.26987083333333334,0.04981233333333333,0.13049743261984928
2021-08-03,Financials,0.07709333333333333,0.34659666666666666,0.14069334381425452
2021-08-03,Healthcare,0.21198888888888887,0.19709300000000002,0.13501898847316704
2021-08-03,Industrials,0.12615,0.13994232804232806,0.11138433925422021
2021-08-03,Materials,0.18770833333333334,0.0,0.10500857142857142
2021-08-03,RealEstate,0.146475,0.09578333333333336,0.08300535714285714
2021-08-03,Tech,0.10903472222222223,0.1181026455026455,0.12328081501721383
2021-08-03,Utilities,0.034999999999999996,-0.1270833333333333,0.15091772486772487
2021-08-04,Comm,0.1285125,0.13837916666666666,0.12198734646636433
2021-08-04,Consumer,0.04722083333333334,0.11662142857142857,0.12286008679195584
2021-08-04,Energy,0.006666666666666667,0.26987083333333334,0.12961342468334136
2021-08-04,Financials,0.07442,0.07709333333333333,0.13809005016346085
2021-08-04,Healthcare,0.151485,0.21198888888888887,0.11726429270597129
2021-08-04,Industrials,0.1713,0.12615,0.116012117031998
2021-08-04,Materials,-0.0024999999999999988,0.18770833333333334,0.09747087301587302
2021-08-04,RealEstate,0.0,0.146475,0.06050654761904763
2021-08-04,Tech,-0.03499583333333333,0.10903472222222223,0.13246130443520326
2021-08-04,Utilities,0.1516,0.034999999999999996,0.13767010582010583
2021-08-05,Comm,0.07152916666666667,0.1285125,0.1253153226568405
2021-08-05,Consumer,0.263415,0.04722083333333334,0.1191626661570352
2021-08-05,Energy,0.10744666666666668,0.006666666666666667,0.13424781621773288
2021-08-05,Financials,-0.027190666666666658,0.07442,0.14511817516346087
2021-08-05,Healthcare,0.17316666666666666,0.151485,0.12241738794406652
2021-08-05,Industrials,0.20103125000000002,0.1713,0.12369227576215673
2021-08-05,Materials,0.0,-0.0024999999999999988,0.09285123015873016
2021-08-05,RealEstate,0.0,0.0,0.04879226190476192
2021-08-05,Tech,0.11252440476190477,-0.03499583333333333,0.11869880443520325
2021-08-05,Utilities,0.17633333333333334,0.1516,0.1343462962962963
2021-08-06,Comm,0.1541875,0.07152916666666667,0.12551861630763414
2021-08-06,Consumer,0.14873333333333336,0.263415,0.12255834076020983
2021-08-06,Energy,0.03108333333333335,0.10744666666666668,0.13891884796376464
2021-08-06,Financials,0.022744444444444442,-0.027190666666666658,0.14686096654668082
2021-08-06,Healthcare,0.11378333333333332,0.17316666666666666,0.11579754667422526
2021-08-06,Industrials,0.034650000000000014,0.20103125000000002,0.11756916068279163
2021-08-06,Materials,0.0,0.0,0.09285123015873016
2021-08-06,RealEstate,0.16133333333333333,0.0,0.03435416666666667
2021-08-06,Tech,0.07919000000000001,0.11252440476190477,0.10654282370957967
2021-08-06,Utilities,0.166275,0.17633333333333334,0.12721931216931215
2021-08-09,Comm,0.15969,0.1541875,0.12246683059334844
2021-08-09,Consumer,0.140829696969697,0.14873333333333336,0.1293261185379876
2021-08-09,Energy,-0.023020833333333317,0.03108333333333335,0.1326955781224948
2021-08-09,Financials,0.22217604166666666,0.022744444444444442,0.145283651731866
2021-08-09,Healthcare,0.17778125,0.11378333333333332,0.11692026492819349
2021-08-09,Industrials,0.2917111111111111,0.034650000000000014,0.10884535115898213
2021-08-09,Materials,0.09106666666666667,0.0,0.09528456349206349
2021-08-09,RealEstate,-0.0390875,0.16133333333333333,0.03965575396825397
2021-08-09,Tech,0.08309375000000001,0.07919000000000001,0.09991576021751616
2021-08-09,Utilities,0.2583166666666667,0.166275,0.10395383597883599
2021-08-10,Comm,0.06694583333333334,0.15969,0.11494783588435376
2021-08-10,Consumer,0.05134166666666666,0.140829696969697,0.13179324696511602
2021-08-10,Energy,-0.07711666666666668,-0.023020833333333317,0.12292664955106623
2021-08-10,Financials,0.1695883333333333,0.22217604166666666,0.14558217072279572
2021-08-10,Healthcare,0.05863333333333333,0.17778125,0.12616976889644746
2021-08-10,Industrials,0.13278888888888887,0.2917111111111111,0.12089151518014613
2021-08-10,Materials,0.0683,0.09106666666666667,0.09962107142857143
2021-08-10,RealEstate,0.47645000000000004,-0.0390875,0.043346825396825404
2021-08-10,Tech,0.015589999999999998,0.08309375000000001,0.09404125624926221
2021-08-10,Utilities,0.2436,0.2583166666666667,0.10974986772486772
2021-08-11,Comm,-0.03983333333333331,0.06694583333333334,0.11292501842403628
2021-08-11,Consumer,0.0717875,0.05134166666666666,0.1287824268592959
2021-08-11,Energy,0.14765833333333334,-0.07711666666666668,0.10498110281385281
2021-08-11,Financials,0.113025,0.1695883333333333,0.14609714804705876
2021-08-11,Healthcare,0.2312666666666667,0.05863333333333333,0.12348544349962207
2021-08-11,Industrials,-0.09444250000000001,0.13278888888888887,0.11383701782564878
2021-08-11,Materials,-0.21076111111111112,0.0683,0.08326392857142857
2021-08-11,RealEstate,0.4393,0.47645000000000004,0.06603492063492064
2021-08-11,Tech,0.0,0.015589999999999998,0.08754256577307173
2021-08-11,Utilities,0.0933,0.2436,0.11645780423280426
2021-08-12,Comm,0.2721266666666667,-0.03983333333333331,0.10488978032879819
2021-08-12,Consumer,0.07803750000000001,0.0717875,0.12368726812913716
2021-08-12,Energy,0.022860000000000002,0.14765833333333334,0.11285649963924965
2021-08-12,Financials,0.18421857142857143,0.113025,0.14275243905234974
2021-08-12,Healthcare,0.2563375,0.2312666666666667,0.13187115778533634
2021-08-12,Industrials,0.0,-0.09444250000000001,0.11692388290501388
2021-08-12,Materials,0.1173,-0.21076111111111112,0.07322768518518519
2021-08-12,RealEstate,0.296,0.4393,0.08504920634920636
2021-08-12,Tech,0.31320000000000003,0.0,0.07843304196354792
2021-08-12,Utilities,0.035275,0.0933,0.11639828042328042
2021-08-13,Comm,0.24818333333333334,0.2721266666666667,0.11634025651927438
2021-08-13,Consumer,0.3199717105263158,0.07803750000000001,0.12390195860532767
2021-08-13,Energy,0.031749999999999994,0.022860000000000002,0.10418792821067821
2021-08-13,Financials,0.09812708333333334,0.18421857142857143,0.1432730120507799
2021-08-13,Healthcare,0.1858,0.2563375,0.132677705404384
2021-08-13,Industrials,-0.039,0.0,0.11311118449231544
2021-08-13,Materials,0.045000000000000005,0.1173,0.07881339947089946
2021-08-13,RealEstate,0.0,0.296,0.09904146825396827
2021-08-13,Tech,0.048825,0.31320000000000003,0.09215756577307173
2021-08-13,Utilities,0.25966666666666666,0.035275,0.10188756613756614
2021-08-16,Comm,0.048790178571428575,0.24818333333333334,0.12416221419123204
2021-08-16,Consumer,0.0634328947368421,0.3199717105263158,0.13680961942404113
2021-08-16,Energy,0.052680952380952384,0.031749999999999994,0.10585046789321789
2021-08-16,Financials,0.08632916666666667,0.09812708333333334,0.1454849234264413
2021-08-16,Healthcare,0.100328,0.1858,0.14517056254724112
2021-08-16,Industrials,0.07048958333333331,-0.039,0.11083737496850593
2021-08-16,Materials,0.02246,0.045000000000000005,0.07138720899470899
2021-08-16,RealEstate,0.0799625,0.0,0.09904146825396827
2021-08-16,Tech,0.04505,0.048825,0.09436596713361596
2021-08-16,Utilities,0.16433750000000003,0.25966666666666666,0.12940502645502647
2021-08-17,Comm,0.163125,0.048790178571428575,0.1254068258692366
2021-08-17,Consumer,0.07853759259259259,0.0634328947368421,0.13238605356494895
2021-08-17,Energy,-0.151445,0.052680952380952384,0.10413883070500927
2021-08-17,Financials,0.035346249999999996,0.08632916666666667,0.13947678850580636
2021-08-17,Healthcare,0.28325999999999996,0.100328,0.1185338006424792
2021-08-17,Industrials,0.1958,0.07048958333333331,0.10525830750818847
2021-08-17,Materials,0.35875,0.02246,0.06658371693121692
2021-08-17,RealEstate,0.346,0.0799625,0.10165873015873016
2021-08-17,Tech,-0.018286666666666666,0.04505,0.09199147995412878
2021-08-17,Utilities,0.32599999999999996,0.16433750000000003,0.12276686507936509
2021-08-18,Comm,-0.07210982142857143,0.163125,0.11974182586923658
2021-08-18,Consumer,0.09675187500000001,0.07853759259259259,0.1349729230534851
2021-08-18,Energy,0.01635500000000001,-0.151445,0.1017451799113585
2021-08-18,Financials,0.11529375,0.035346249999999996,0.13877617291108363
2021-08-18,Healthcare,0.32467500000000005,0.28325999999999996,0.1318733641345427
2021-08-18,Industrials,-0.04160000000000001,0.1958,0.11056740614764424
2021-08-18,Materials,0.21823333333333336,0.35875,0.08474879629629631
2021-08-18,RealEstate,0.47784999999999994,0.346,0.12413968253968255
2021-08-18,Tech,0.30553425,-0.018286666666666666,0.09409791136002446
2021-08-18,Utilities,0.0,0.32599999999999996,0.1355843253968254
2021-08-19,Comm,0.082035,-0.07210982142857143,0.09912421532501889
2021-08-19,Consumer,0.16972777777777778,0.09675187500000001,0.13199896472015174
2021-08-19,Energy,0.10990357142857142,0.01635500000000001,0.08194176721294578
2021-08-19,Financials,0.19790416666666666,0.11529375,0.1341094250755858
2021-08-19,Healthcare,0.07144999999999999,0.32467500000000005,0.1477072927059713
2021-08-19,Industrials,0.105375,-0.04160000000000001,0.10858645376669186
2021-08-19,Materials,-0.018850000000000002,0.21823333333333336,0.08872498677248677
2021-08-19,RealEstate,0.28,0.47784999999999994,0.1435611111111111
2021-08-19,Tech,0.07228761904761906,0.30553425,0.1026072804076435
2021-08-19,Utilities,0.0,0.0,0.1283652777777778
2021-08-20,Comm,0.04231666666666667,0.082035,0.1041231042139078
2021-08-20,Consumer,0.178235,0.16972777777777778,0.13524665651909354
2021-08-20,Energy,-0.3044,0.10990357142857142,0.07302701664605236
2021-08-20,Financials,-0.053299999999999986,0.19790416666666666,0.1295567606764928
2021-08-20,Healthcare,0.17,0.07144999999999999,0.15110967365835223
2021-08-20,Industrials,-0.24483333333333332,0.105375,0.10838605694129504
2021-08-20,Materials,0.02034999999999998,-0.018850000000000002,0.09007022486772487
2021-08-20,RealEstate,0.296,0.28,0.15689444444444445
2021-08-20,Tech,-0.08184999999999999,0.07228761904761906,0.10070936940991107
2021-08-20,Utilities,0.5144333333333333,0.0,0.13227242063492065
2021-08-23,Comm,0.22276833333333332,0.04231666666666667,0.09760946334089192
2021-08-23,Consumer,0.038409285714285715,0.178235,0.14004689461433162
2021-08-23,Energy,0.107625,-0.3044,0.054031937280973
2021-08-23,Financials,0.1853133333333333,-0.053299999999999986,0.11515961781934997
2021-08-23,Healthcare,-0.0293125,0.17,0.16051018386243388
2021-08-23,Industrials,0.24913333333333332,-0.24483333333333332,0.09224518392542203
2021-08-23,Materials,0.10174166666666667,0.02034999999999998,0.08512712962962962
2021-08-23,RealEstate,-0.1027,0.296,0.1651325396825397
2021-08-23,Tech,0.13352727272727272,-0.08184999999999999,0.09500513660567829
2021-08-23,Utilities,-0.006933333333333329,0.5144333333333333,0.15126984126984128
2021-08-24,Comm,0.3252111111111111,0.22276833333333332,0.10355445011337869
2021-08-24,Consumer,0.030022619047619048,0.038409285714285715,0.13489870583882144
2021-08-24,Energy,0.016183333333333334,0.107625,0.04546796902700474
2021-08-24,Financials,0.1444875,0.1853133333333333,0.11875152258125472
2021-08-24,Healthcare,0.2611,-0.0293125,0.1569714933862434
2021-08-24,Industrials,0.26475,0.24913333333333332,0.09705404635928445
2021-08-24,Materials,0.0,0.10174166666666667,0.08901958994708996
2021-08-24,RealEstate,0.33099999999999996,-0.1027,0.16024206349206352
2021-08-24,Tech,0.024803703703703706,0.13352727272727272,0.10326490752919922
2021-08-24,Utilities,-0.05966666666666667,-0.006933333333333329,0.13687142857142856
2021-08-25,Comm,0.23520000000000002,0.3252111111111111,0.11790116969009827
2021-08-25,Consumer,0.18403375,0.030022619047619048,0.13236781865061284
2021-08-25,Energy,0.0683,0.016183333333333334,0.04319781029684601
2021-08-25,Financials,0.2689333333333333,0.1444875,0.12393431736583523
2021-08-25,Healthcare,0.06600666666666667,0.2611,0.15603233994708995
2021-08-25,Industrials,0.0605,0.26475,0.11179267069790881
2021-08-25,Materials,-0.025,0.0,0.083667208994709
2021-08-25,RealEstate,0.31589999999999996,0.33099999999999996,0.15202539682539684
2021-08-25,Tech,0.021519444444444445,0.024803703703703706,0.09843494424402759
2021-08-25,Utilities,0.0116,-0.05966666666666667,0.11611527777777778
2021-08-26,Comm,0.24244999999999997,0.23520000000000002,0.12371492630385489
2021-08-26,Consumer,0.14611049999999998,0.18403375,0.134496520149731
2021-08-26,Energy,0.053244,0.0683,0.04645019124922697
2021-08-26,Financials,-0.0477,0.2689333333333333,0.12672414162887377
2021-08-26,Healthcare,0.051875000000000004,0.06600666666666667,0.16127432407407408
2021-08-26,Industrials,0.0037500000000000016,0.0605,0.10965392038296799
2021-08-26,Materials,0.296,-0.025,0.07312911375661375
2021-08-26,RealEstate,0.0,0.31589999999999996,0.16706825396825395
2021-08-26,Tech,0.3255072222222222,0.021519444444444445,0.09737330002405004
2021-08-26,Utilities,0.0,0.0116,0.11666765873015873
2021-08-27,Comm,0.46921250000000003,0.24244999999999997,0.13108794217687075
2021-08-27,Consumer,0.09789696969696969,0.14611049999999998,0.13091487729258813
2021-08-27,Energy,0.005668749999999997,0.053244,0.04122173093176665
2021-08-27,Financials,0.10693333333333334,-0.0477,0.12038065750188963
2021-08-27,Healthcare,0.2678041666666667,0.051875000000000004,0.15552372883597884
2021-08-27,Industrials,0.2595708333333333,0.0037500000000000016,0.09285947593852356
2021-08-27,Materials,0.24695,0.296,0.08722435185185184
2021-08-27,RealEstate,0.08307500000000001,0.0,0.16413968253968253
2021-08-27,Tech,-0.008375000000000007,0.3255072222222222,0.10452069609358894
2021-08-27,Utilities,0.0,0.0,0.11666765873015873
2021-08-30,Comm,0.1276275,0.46921250000000003,0.14527071806500377
2021-08-30,Consumer,0.17347976190476191,0.09789696969696969,0.12550423866137808
2021-08-30,Energy,-0.1371757142857143,0.005668749999999997,0.03661659204287776
2021-08-30,Financials,0.12115000000000001,0.10693333333333334,0.1099971257558579
2021-08-30,Healthcare,0.2583,0.2678041666666667,0.16370517328042328
2021-08-30,Industrials,0.07201111111111112,0.2595708333333333,0.09641126165280928
2021-08-30,Materials,0.13685,0.24695,0.08632137566137565
2021-08-30,RealEstate,-0.0353,0.08307500000000001,0.17301626984126983
2021-08-30,Tech,0.348015,-0.008375000000000007,0.09641940641104929
2021-08-30,Utilities,0.33266666666666667,0.0,0.10747876984126983
2021-08-31,Comm,0.08631666666666667,0.1276275,0.14934054610733183
2021-08-31,Consumer,0.06752619047619049,0.17347976190476191,0.1318952250559359
2021-08-31,Energy,0.08508066666666667,-0.1371757142857143,0.019235740929705217
2021-08-31,Financials,0.19201964285714285,0.12115000000000001,0.11626141147014361
2021-08-31,Healthcare,-0.01709,0.2583,0.17061057010582012
2021-08-31,Industrials,0.333125,0.07201111111111112,0.09328940980095742
2021-08-31,Materials,0.06916666666666667,0.13685,0.07874280423280423
2021-08-31,RealEstate,0.017499999999999998,-0.0353,0.17371626984126984
2021-08-31,Tech,-0.009241666666666662,0.348015,0.095823692125335
2021-08-31,Utilities,-0.1366,0.33266666666666667,0.12260575396825397
2021-09-01,Comm,0.0,0.08631666666666667,0.1510792365835223
2021-09-01,Consumer,0.2593571428571429,0.06752619047619049,0.12200585173084828
2021-09-01,Energy,-0.08636964285714285,0.08508066666666667,0.020915185374149662
2021-09-01,Financials,0.11901875,0.19201964285714285,0.10890060081254724
2021-09-01,Healthcare,0.10287083333333334,-0.01709,0.16041137962962962
2021-09-01,Industrials,0.0,0.333125,0.10248858465608465
2021-09-01,Materials,0.0,0.06916666666666667,0.08203645502645503
2021-09-01,RealEstate,0.3032,0.017499999999999998,0.16998849206349206
2021-09-01,Tech,-0.036111111111111094,-0.009241666666666662,0.08975967726012965
2021-09-01,Utilities,0.1733,-0.1366,0.12215257936507937
2021-09-02,Comm,0.06980555555555555,0.0,0.14448975245653817
2021-09-02,Consumer,-0.0019075000000000064,0.2593571428571429,0.1288027905063585
2021-09-02,Energy,0.21629571794871794,-0.08636964285714285,0.003951353174603176
2021-09-02,Financials,0.19064955555555554,0.11901875,0.11089704922524565
2021-09-02,Healthcare,0.1514,0.10287083333333334,0.15521528174603172
2021-09-02,Industrials,0.012816666666666643,0.0,0.0964814417989418
2021-09-02,Materials,0.0,0.0,0.07309796296296296
2021-09-02,RealEstate,0.0,0.3032,0.1774515873015873
2021-09-02,Tech,0.3470375,-0.036111111111111094,0.08284797091092329
2021-09-02,Utilities,0.3157,0.1733,0.12873829365079364
2021-09-03,Comm,0.32865555555555553,0.06980555555555555,0.1416941836734694
2021-09-03,Consumer,0.26085833333333336,-0.0019075000000000064,0.12646334606191406
2021-09-03,Energy,0.13031383928571427,0.21629571794871794,0.01393368894993895
2021-09-03,Financials,0.09166666666666667,0.19064955555555554,0.11643178996598638
2021-09-03,Healthcare,0.0,0.1514,0.15521123412698412
2021-09-03,Industrials,0.04247777777777775,0.012816666666666643,0.0889346164021164
2021-09-03,Materials,0.0,0.0,0.07321701058201058
2021-09-03,RealEstate,0.0516,0.0,0.1774515873015873
2021-09-03,Tech,0.23520833333333332,0.3470375,0.10104003440298677
2021-09-03,Utilities,0.0,0.3157,0.13655257936507936
2021-09-07,Comm,0.23921111111111112,0.32865555555555553,0.15393829743008314
2021-09-07,Consumer,0.19967285714285715,0.26085833333333336,0.12634160003016803
2021-09-07,Energy,0.20211433333333334,0.13031383928571427,0.015022601931798359
2021-09-07,Financials,-0.05779583333333334,0.09166666666666667,0.1220916629818594
2021-09-07,Healthcare,0.2333216666666667,0.0,0.14696520238095237
2021-09-07,Industrials,0.21292666666666668,0.04247777777777775,0.08138445105820105
2021-09-07,Materials,0.14396666666666666,0.0,0.07321701058201058
2021-09-07,RealEstate,0.1877333333333333,0.0516,0.17990873015873016
2021-09-07,Tech,0.2139666666666667,0.23520833333333332,0.10688212623972149
2021-09-07,Utilities,0.090125,0.0,0.12815575396825396
2021-09-08,Comm,0.17264791666666668,0.23921111111111112,0.15798704081632653
2021-09-08,Consumer,0.12057439393939393,0.19967285714285715,0.12876729164014533
2021-09-08,Energy,0.11796785714285715,0.20211433333333334,0.02316693526513169
2021-09-08,Financials,0.15893666666666667,-0.05779583333333334,0.11825641165910808
2021-09-08,Healthcare,0.0030700000000000033,0.2333216666666667,0.15265750396825398
2021-09-08,Industrials,0.2753555555555555,0.21292666666666668,0.08987381613756613
2021-09-08,Materials,-0.1885111111111111,0.14396666666666666,0.08007256613756614
2021-09-08,RealEstate,0.06555,0.1877333333333333,0.18116587301587303
2021-09-08,Tech,0.1083625,0.2139666666666667,0.113300062747658
2021-09-08,Utilities,0.0,0.090125,0.12452956349206348
2021-09-09,Comm,-0.07719857142857142,0.17264791666666668,0.15860408446712018
2021-09-09,Consumer,0.06883666666666667,0.12057439393939393,0.1278027534006071
2021-09-09,Energy,0.31852228571428576,0.11796785714285715,0.029880682430664572
2021-09-09,Financials,-0.02068500000000001,0.15893666666666667,0.11524501284958429
2021-09-09,Healthcare,0.01747500000000001,0.0030700000000000033,0.14433792063492062
2021-09-09,Industrials,0.020000000000000004,0.2753555555555555,0.08909498015873016
2021-09-09,Materials,-0.061950000000000005,-0.1885111111111111,0.06675933862433862
2021-09-09,RealEstate,0.03,0.06555,0.1861486111111111
2021-09-09,Tech,0.19147166666666665,0.1083625,0.11450333655718181
2021-09-09,Utilities,0.0,0.0,0.11222876984126984
2021-09-10,Comm,0.11253749999999998,-0.07719857142857142,0.15174006519274377
2021-09-10,Consumer,0.1904025,0.06883666666666667,0.12863584863870234
2021-09-10,Energy,-0.03781875,0.31852228571428576,0.04872063254404326
2021-09-10,Financials,-0.12332916666666666,-0.02068500000000001,0.10618437792894934
2021-09-10,Healthcare,-0.04303333333333333,0.01747500000000001,0.142378
2021-09-10,Industrials,-0.020887499999999996,0.020000000000000004,0.08372408068783069
2021-09-10,Materials,-0.025,-0.061950000000000005,0.06055695767195767
2021-09-10,RealEstate,0.2654666666666667,0.03,0.1648890873015873
2021-09-10,Tech,-0.08994000000000002,0.19147166666666665,0.12287865401749924
2021-09-10,Utilities,0.37625,0.0,0.10062876984126982
2021-09-13,Comm,0.2571157142857143,0.11253749999999998,0.15899581916099775
2021-09-13,Consumer,0.1351718181818182,0.1904025,0.13428418197203568
2021-09-13,Energy,0.10739866071428572,-0.03781875,0.0398883904805512
2021-09-13,Financials,0.06204166666666667,-0.12332916666666666,0.09492941761148904
2021-09-13,Healthcare,0.26820333333333335,-0.04303333333333333,0.12931609523809526
2021-09-13,Industrials,0.11645555555555555,-0.020887499999999996,0.08722669973544972
2021-09-13,Materials,0.07924,-0.025,0.06940272486772486
2021-09-13,RealEstate,0.00020833333333333294,0.2654666666666667,0.15661130952380953
2021-09-13,Tech,0.062683,-0.08994000000000002,0.11859579687464211
2021-09-13,Utilities,0.14281666666666668,0.37625,0.11410257936507937
2021-09-14,Comm,0.16430416666666667,0.2571157142857143,0.1582810119047619
2021-09-14,Consumer,0.16592833333333334,0.1351718181818182,0.13700486379021748
2021-09-14,Energy,-0.0076875,0.10739866071428572,0.04391404099075528
2021-09-14,Financials,0.133525,0.06204166666666667,0.08911146976568404
2021-09-14,Healthcare,0.32535000000000003,0.26820333333333335,0.1298811349206349
2021-09-14,Industrials,0.04622222222222222,0.11645555555555555,0.09277220238095236
2021-09-14,Materials,0.11059999999999999,0.07924,0.06759034391534391
2021-09-14,RealEstate,0.35040000000000004,0.00020833333333333294,0.14252599206349206
2021-09-14,Tech,0.205525,0.062683,0.10666641592226116
2021-09-14,Utilities,0.022500000000000003,0.14281666666666668,0.11922361111111111
2021-09-15,Comm,0.007438333333333334,0.16430416666666667,0.1542867658730159
2021-09-15,Consumer,0.028177142857142855,0.16592833333333334,0.12966946487626593
2021-09-15,Energy,-0.04046333333333333,-0.0076875,0.04203606480027909
2021-09-15,Financials,0.21599,0.133525,0.09079708484504913
2021-09-15,Healthcare,0.19602708333333335,0.32535000000000003,0.136526373015873
2021-09-15,Industrials,-0.010416666666666666,0.04622222222222222,0.09683040343915343
2021-09-15,Materials,0.0,0.11059999999999999,0.07071415343915344
2021-09-15,RealEstate,0.035,0.35040000000000004,0.15921170634920637
2021-09-15,Tech,0.08636369047619048,0.205525,0.11412832068416592
2021-09-15,Utilities,0.5238499999999999,0.022500000000000003,0.10792996031746031
2021-09-16,Comm,0.021824999999999994,0.007438333333333334,0.15231763038548754
2021-09-16,Consumer,-0.013813999999999993,0.028177142857142855,0.1279906195486612
2021-09-16,Energy,-0.029220000000000006,-0.04046333333333333,0.03760062262340834
2021-09-16,Financials,0.14450000000000002,0.21599,0.09697141024187453
2021-09-16,Healthcare,0.25021666666666664,0.19602708333333335,0.14108347222222223
2021-09-16,Industrials,0.07865,-0.010416666666666666,0.09297772486772486
2021-09-16,Materials,0.143,0.0,0.06964462962962963
2021-09-16,RealEstate,0.01683333333333333,0.035,0.15707063492063492
2021-09-16,Tech,0.20864333333333335,0.08636369047619048,0.11609563927827023
2021-09-16,Utilities,0.19353333333333333,0.5238499999999999,0.12504960317460317
2021-09-17,Comm,0.07516142857142857,0.021824999999999994,0.14558905895691612
2021-09-17,Consumer,0.27176666666666666,-0.013813999999999993,0.12359292466329966
2021-09-17,Energy,0.16920000000000002,-0.029220000000000006,0.04342086071864644
2021-09-17,Financials,0.13009333333333334,0.14450000000000002,0.10216920786092214
2021-09-17,Healthcare,0.046785,0.25021666666666664,0.13950998015873015
2021-09-17,Industrials,0.0,0.07865,0.08739915343915344
2021-09-17,Materials,0.2210777777777778,0.143,0.0593708201058201
2021-09-17,RealEstate,0.023333333333333334,0.01683333333333333,0.14139603174603174
2021-09-17,Tech,-0.005779999999999985,0.20864333333333335,0.1269018297544607
2021-09-17,Utilities,-0.3182,0.19353333333333333,0.11874166666666666
2021-09-20,Comm,0.3155287878787879,0.07516142857142857,0.15260197562358277
2021-09-20,Consumer,0.170678,0.27176666666666666,0.13192696236171236
2021-09-20,Energy,0.06243625000000001,0.16920000000000002,0.05069919405197977
2021-09-20,Financials,-0.0851647619047619,0.13009333333333334,0.1028739499244142
2021-09-20,Healthcare,0.08361800000000001,0.046785,0.12627712301587304
2021-09-20,Industrials,0.008087500000000011,0.0,0.08938010582010582
2021-09-20,Materials,0.17117916666666666,0.2210777777777778,0.05950626984126983
2021-09-20,RealEstate,0.0963625,0.023333333333333334,0.11975238095238096
2021-09-20,Tech,0.3110266666666667,-0.005779999999999985,0.11207734165922262
2021-09-20,Utilities,0.177225,-0.3182,0.1035892857142857
2021-09-21,Comm,0.11422222222222222,0.3155287878787879,0.1637207274273346
2021-09-21,Consumer,0.12018301587301587,0.170678,0.13197221103896103
2021-09-21,Energy,0.12421,0.06243625000000001,0.04843884541252399
2021-09-21,Financials,0.00027300000000000935,-0.0851647619047619,0.08939447713529855
2021-09-21,Healthcare,0.1658666666666667,0.08361800000000001,0.1268565515873016
2021-09-21,Industrials,-0.03771666666666667,0.008087500000000011,0.08474736772486773
2021-09-21,Materials,0.0,0.17117916666666666,0.06855527777777777
2021-09-21,RealEstate,0.165,0.0963625,0.11100773809523809
2021-09-21,Tech,0.11980273809523809,0.3110266666666667,0.1234458677363201
2021-09-21,Utilities,0.42405,0.177225,0.11202857142857142
2021-09-22,Comm,0.17258400000000002,0.11422222222222222,0.16714480150140865
2021-09-22,Consumer,0.26165,0.12018301587301587,0.12920783084243798
2021-09-22,Energy,0.10069333333333334,0.12421,0.06884884541252398
2021-09-22,Financials,0.14428928571428573,0.00027300000000000935,0.0919455723733938
2021-09-22,Healthcare,-0.05125999999999999,0.1658666666666667,0.1266597261904762
2021-09-22,Industrials,0.011700000000000002,-0.03771666666666667,0.09461006613756612
2021-09-22,Materials,0.03482,0.0,0.06758623015873015
2021-09-22,RealEstate,0.18172500000000003,0.165,0.10476964285714287
2021-09-22,Tech,0.10431866666666667,0.11980273809523809,0.1330483790741886
2021-09-22,Utilities,0.6267,0.42405,0.10772460317460315
2021-09-23,Comm,0.06259,0.17258400000000002,0.1647550713426785
2021-09-23,Consumer,0.23487666666666668,0.26165,0.13983834104651963
2021-09-23,Energy,0.16408499999999998,0.10069333333333334,0.06851876604744461
2021-09-23,Financials,0.02226000000000001,0.14428928571428573,0.08999204629629629
2021-09-23,Healthcare,0.30540500000000004,-0.05125999999999999,0.12561460714285713
2021-09-23,Industrials,0.33345,0.011700000000000002,0.08330371693121692
2021-09-23,Materials,0.04000000000000001,0.03482,0.06439948412698412
2021-09-23,RealEstate,0.05,0.18172500000000003,0.11831369047619049
2021-09-23,Tech,0.04591500000000002,0.10431866666666667,0.13165749307130262
2021-09-23,Utilities,0.37877500000000003,0.6267,0.13789761904761905
2021-09-24,Comm,0.0924,0.06259,0.1522493041469113
2021-09-24,Consumer,0.040353229166666664,0.23487666666666668,0.1495932956950457
2021-09-24,Energy,-0.057728571428571414,0.16408499999999998,0.07556170255538112
2021-09-24,Financials,0.16540000000000002,0.02226000000000001,0.08417168915343916
2021-09-24,Healthcare,-0.01935833333333334,0.30540500000000004,0.12772436904761905
2021-09-24,Industrials,0.029666666666666664,0.33345,0.0865751455026455
2021-09-24,Materials,0.035,0.04000000000000001,0.06630424603174603
2021-09-24,RealEstate,-0.025,0.05,0.1049327380952381
2021-09-24,Tech,0.18672000000000002,0.04591500000000002,0.13266279289493577
2021-09-24,Utilities,0.0,0.37877500000000003,0.15877579365079364
2021-09-27,Comm,0.2118375,0.0924,0.1454493041469113
2021-09-27,Consumer,0.12899690476190476,0.040353229166666664,0.14275136613155365
2021-09-27,Energy,0.013677777777777778,-0.057728571428571414,0.06956034201116344
2021-09-27,Financials,0.154383,0.16540000000000002,0.07924153042328043
2021-09-27,Healthcare,0.273095,-0.01935833333333334,0.12365936904761905
2021-09-27,Industrials,0.062095,0.029666666666666664,0.08510689153439152
2021-09-27,Materials,0.082975,0.035,0.06916138888888888
2021-09-27,RealEstate,0.25255,-0.025,0.08869940476190477
2021-09-27,Tech,0.192127,0.18672000000000002,0.14052948601662887
2021-09-27,Utilities,0.32180000000000003,0.0,0.1582234126984127
2021-09-28,Comm,0.14122300000000002,0.2118375,0.1439915660516732
2021-09-28,Consumer,0.10905333333333331,0.12899690476190476,0.1419364330249777
2021-09-28,Energy,0.01021333333333333,0.013677777777777778,0.06767623619105761
2021-09-28,Financials,0.2597780952380952,0.154383,0.08886453042328042
2021-09-28,Healthcare,0.17902133333333334,0.273095,0.13419365476190476
2021-09-28,Industrials,0.28683333333333333,0.062095,0.08788522486772486
2021-09-28,Materials,0.0,0.082975,0.05901734126984127
2021-09-28,RealEstate,0.5267,0.25255,0.10072559523809524
2021-09-28,Tech,0.152844,0.192127,0.13417804686318974
2021-09-28,Utilities,-0.007999999999999998,0.32180000000000003,0.1735472222222222
2021-09-29,Comm,-0.064,0.14122300000000002,0.12837301843262558
2021-09-29,Consumer,0.23283625000000002,0.10905333333333331,0.1424676884362331
2021-09-29,Energy,0.06812499999999999,0.01021333333333333,0.06789264492121636
2021-09-29,Financials,0.020024999999999998,0.2597780952380952,0.09614285241874528
2021-09-29,Healthcare,0.27834166666666665,0.17902133333333334,0.1299659007936508
2021-09-29,Industrials,0.21075,0.28683333333333333,0.08918343915343915
2021-09-29,Materials,0.0,0.0,0.04725781746031746
2021-09-29,RealEstate,0.0,0.5267,0.12185059523809524
2021-09-29,Tech,0.21068166666666666,0.152844,0.14185514210128497
2021-09-29,Utilities,0.26335,-0.007999999999999998,0.17316626984126984
2021-09-30,Comm,0.09342666666666666,-0.064,0.11924789938500653
2021-09-30,Consumer,0.0944352380952381,0.23283625000000002,0.14529418786933967
2021-09-30,Energy,0.11308666666666667,0.06812499999999999,0.07766886941101227
2021-09-30,Financials,0.081548,0.020024999999999998,0.09132737622826909
2021-09-30,Healthcare,0.02157083333333333,0.27834166666666665,0.1309202658730159
2021-09-30,Industrials,0.17040833333333333,0.21075,0.09579005291005291
2021-09-30,Materials,0.2171888888888889,0.0,0.04074115079365079
2021-09-30,RealEstate,0.3021,0.0,0.12353154761904764
2021-09-30,Tech,0.17173833333333335,0.21068166666666666,0.1353154595616024
2021-09-30,Utilities,-0.12857777777777776,0.26335,0.16986547619047618
2021-10-01,Comm,0.21076250000000002,0.09342666666666666,0.11958647081357798
2021-10-01,Consumer,0.19350666666666666,0.0944352380952381,0.1465755710892943
2021-10-01,Energy,0.2461,0.11308666666666667,0.07900248845863132
2021-10-01,Financials,0.22048111111111113,0.081548,0.08606682180650037
2021-10-01,Healthcare,0.08415432098765434,0.02157083333333333,0.13276125793650795
2021-10-01,Industrials,0.23075,0.17040833333333333,0.08804164021164021
2021-10-01,Materials,0.0,0.2171888888888889,0.04778982804232804
2021-10-01,RealEstate,-0.05,0.3021,0.1370839285714286
2021-10-01,Tech,-0.166566,0.17173833333333335,0.1439335547996977
2021-10-01,Utilities,-0.05000000000000001,-0.12857777777777776,0.17024748677248677
2021-10-04,Comm,0.03639,0.21076250000000002,0.1296227803373875
2021-10-04,Consumer,0.2001742380952381,0.19350666666666666,0.14343983412784306
2021-10-04,Energy,0.22236666666666668,0.2461,0.09483437621373336
2021-10-04,Financials,0.05362625,0.22048111111111113,0.09089836281179138
2021-10-04,Healthcare,0.17806033333333335,0.08415432098765434,0.13186999544385655
2021-10-04,Industrials,0.13268249999999998,0.23075,0.09902973544973544
2021-10-04,Materials,0.0,0.0,0.04778982804232804
2021-10-04,RealEstate,0.0,-0.05,0.12026488095238094
2021-10-04,Tech,0.17738714285714288,-0.166566,0.1377214172335601
2021-10-04,Utilities,-0.1205,-0.05000000000000001,0.15961415343915344
2021-10-05,Comm,0.00827857142857143,0.03639,0.12803156340617056
2021-10-05,Consumer,-0.010541333333333335,0.2001742380952381,0.1530627740371401
2021-10-05,Energy,0.21606,0.22236666666666668,0.09512346900982616
2021-10-05,Financials,0.051466666666666674,0.05362625,0.08437344349962207
2021-10-05,Healthcare,0.009642500000000002,0.17806033333333335,0.13313953512639626
2021-10-05,Industrials,0.04966666666666667,0.13268249999999998,0.10473763227513226
2021-10-05,Materials,-0.00686666666666665,0.0,0.04778982804232804
2021-10-05,RealEstate,0.03,0.0,0.12026488095238094
2021-10-05,Tech,0.14896,0.17738714285714288,0.12964282879818595
2021-10-05,Utilities,0.030800000000000004,-0.1205,0.13884272486772486
2021-10-06,Comm,0.026670833333333335,0.00827857142857143,0.11277551654298083
2021-10-06,Consumer,0.17984066666666668,-0.010541333333333335,0.14013898038634648
2021-10-06,Energy,0.23756666666666668,0.21606,0.09920661952003024
2021-10-06,Financials,0.15763333333333335,0.051466666666666674,0.08245915778533636
2021-10-06,Healthcare,0.09004074074074075,0.009642500000000002,0.13359870179306294
2021-10-06,Industrials,-0.2173683333333333,0.04966666666666667,0.10507996031746031
2021-10-06,Materials,0.17518730158730159,-0.00686666666666665,0.047462843915343916
2021-10-06,RealEstate,0.387775,0.03,0.11923630952380952
2021-10-06,Tech,0.08178062500000001,0.14896,0.12553576530612245
2021-10-06,Utilities,0.0,0.030800000000000004,0.14030939153439154
2021-10-07,Comm,0.23674166666666668,0.026670833333333335,0.10265455093451523
2021-10-07,Consumer,0.026787500000000006,0.17984066666666668,0.13919459036367074
2021-10-07,Energy,0.12181857142857141,0.23756666666666668,0.1008948258692366
2021-10-07,Financials,0.065568,0.15763333333333335,0.0927176895313681
2021-10-07,Healthcare,0.14801555555555557,0.09004074074074075,0.126775800558495
2021-10-07,Industrials,0.04000000000000001,-0.2173683333333333,0.08458972222222222
2021-10-07,Materials,0.22563333333333335,0.17518730158730159,0.048949540816326534
2021-10-07,RealEstate,0.0,0.387775,0.12876210317460318
2021-10-07,Tech,-0.00341833333333334,0.08178062500000001,0.11924119189342404
2021-10-07,Utilities,0.5339,0.0,0.13601772486772487
2021-10-08,Comm,0.06297500000000002,0.23674166666666668,0.10570663426784857
2021-10-08,Consumer,0.1144375,0.026787500000000006,0.13472854779512816
2021-10-08,Energy,0.07318452380952381,0.12181857142857141,0.10107819321617537
2021-10-08,Financials,0.17071999999999998,0.065568,0.08827156254724113
2021-10-08,Healthcare,0.07818333333333334,0.14801555555555557,0.13367796987066433
2021-10-08,Industrials,0.12042500000000003,0.04000000000000001,0.07338231481481482
2021-10-08,Materials,0.15375,0.22563333333333335,0.06867070483749055
2021-10-08,RealEstate,0.52435,0.0,0.12564067460317463
2021-10-08,Tech,0.07810099999999999,-0.00341833333333334,0.1139182950680272
2021-10-08,Utilities,0.0,0.5339,0.16144153439153439
2021-10-11,Comm,0.18775,0.06297500000000002,0.11238156624063768
2021-10-11,Consumer,0.11833707792207793,0.1144375,0.1369000160490964
2021-10-11,Energy,0.060407142857142854,0.07318452380952381,0.08939544264928194
2021-10-11,Financials,0.17104542124542127,0.17071999999999998,0.09738608635676492
2021-10-11,Healthcare,0.06181249999999999,0.07818333333333334,0.13656884288653734
2021-10-11,Industrials,0.4969,0.12042500000000003,0.07816445767195768
2021-10-11,Materials,0.1819,0.15375,0.07894213340891912
2021-10-11,RealEstate,0.08172499999999999,0.52435,0.14918115079365082
2021-10-11,Tech,0.1188,0.07810099999999999,0.10851969189342406
2021-10-11,Utilities,0.14425000000000002,0.0,0.16144153439153439
2021-10-12,Comm,0.3140166666666666,0.18775,0.1159631138596853
2021-10-12,Consumer,0.219661875,0.11833707792207793,0.13346832928348107
2021-10-12,Energy,0.1393777777777778,0.060407142857142854,0.09407286611866969
2021-10-12,Financials,0.028556250000000005,0.17104542124542127,0.11140392387638817
2021-10-12,Healthcare,0.22478571428571428,0.06181249999999999,0.14156150161669606
2021-10-12,Industrials,0.0,0.4969,0.1028210052910053
2021-10-12,Materials,-0.38775,0.1819,0.08879451436130008
2021-10-12,RealEstate,0.04000000000000001,0.08172499999999999,0.14043154761904764
2021-10-12,Tech,0.2303182222222222,0.1188,0.11845969189342405
2021-10-12,Utilities,0.0,0.14425000000000002,0.15039391534391533
2021-10-13,Comm,-0.17134444444444444,0.3140166666666666,0.11867268302068303
2021-10-13,Consumer,0.08640250000000001,0.219661875,0.1374916653224421
2021-10-13,Energy,0.231225,0.1393777777777778,0.09559568121693122
2021-10-13,Financials,0.143821,0.028556250000000005,0.10980938022559451
2021-10-13,Healthcare,-0.06529,0.22478571428571428,0.13949399594776185
2021-10-13,Industrials,0.129375,0.0,0.09727550264550265
2021-10-13,Materials,-0.008524999999999996,-0.38775,0.06655689531368103
2021-10-13,RealEstate,0.5376000000000001,0.04000000000000001,0.14232638888888888
2021-10-13,Tech,0.13063,0.2303182222222222,0.12644232152305368
2021-10-13,Utilities,-0.1909,0.0,0.1435931216931217
2021-10-14,Comm,-0.0017416666666666598,-0.17134444444444444,0.10268941582491584
2021-10-14,Consumer,0.27039136904761907,0.08640250000000001,0.13370472087799767
2021-10-14,Energy,0.1893916666666667,0.231225,0.10697246693121694
2021-10-14,Financials,0.29918469047619045,0.143821,0.11029966593988022
2021-10-14,Healthcare,-0.008333333333333335,-0.06529,0.12089209118585706
2021-10-14,Industrials,0.24571666666666667,0.129375,0.10123515873015873
2021-10-14,Materials,-0.12015,-0.008524999999999996,0.060884276266061986
2021-10-14,RealEstate,0.10280555555555554,0.5376000000000001,0.1512406746031746
2021-10-14,Tech,0.08744500000000001,0.13063,0.12287589295162508
2021-10-14,Utilities,-0.042899999999999994,-0.1909,0.13343121693121693
2021-10-15,Comm,0.4119833333333333,-0.0017416666666666598,0.10225227296777296
2021-10-15,Consumer,0.4439111111111111,0.27039136904761907,0.14523873164897272
2021-10-15,Energy,0.17466299999999998,0.1893916666666667,0.11791794312169313
2021-10-15,Financials,0.2385040873015873,0.29918469047619045,0.11426131786731786
2021-10-15,Healthcare,0.12908333333333333,-0.008333333333333335,0.11116064277315867
2021-10-15,Industrials,0.2022625,0.24571666666666667,0.11343198412698412
2021-10-15,Materials,0.123,-0.12015,0.055162847694633414
2021-10-15,RealEstate,0.17584444444444447,0.10280555555555554,0.15446951058201058
2021-10-15,Tech,0.18315,0.08744500000000001,0.12292738388133032
2021-10-15,Utilities,0.3005333333333334,-0.042899999999999994,0.1064431216931217
2021-10-18,Comm,0.30255,0.4119833333333333,0.12083124122174124
2021-10-18,Consumer,0.07650662878787878,0.4439111111111111,0.16703516551140657
2021-10-18,Energy,0.09508,0.17466299999999998,0.12762665740740742
2021-10-18,Financials,0.033303,0.2385040873015873,0.11873770297691727
2021-10-18,Healthcare,0.2456094285714286,0.12908333333333333,0.10539238880490467
2021-10-18,Industrials,0.1489,0.2022625,0.11931829365079365
2021-10-18,Materials,0.32995,0.123,0.05421046674225246
2021-10-18,RealEstate,0.034999999999999996,0.17584444444444447,0.16204146825396826
2021-10-18,Tech,0.09185016666666665,0.18315,0.12171341562736207
2021-10-18,Utilities,0.19975000000000004,0.3005333333333334,0.1115383597883598
2021-10-19,Comm,0.07988333333333333,0.30255,0.13165926843262557
2021-10-19,Consumer,0.050391145833333345,0.07650662878787878,0.15773706846955954
2021-10-19,Energy,0.237526,0.09508,0.1240971335978836
2021-10-19,Financials,-0.20073333333333335,0.033303,0.11412863948485377
2021-10-19,Healthcare,-0.02525,0.2456094285714286,0.11486021873687748
2021-10-19,Industrials,0.10457777777777777,0.1489,0.12640876984126986
2021-10-19,Materials,0.0,0.32995,0.059394858276644
2021-10-19,RealEstate,0.20589999999999997,0.034999999999999996,0.16259702380952382
2021-10-19,Tech,0.2856283333333333,0.09185016666666665,0.1263624711829176
2021-10-19,Utilities,0.057120000000000004,0.19975000000000004,0.13620264550264552
2021-10-20,Comm,0.09293333333333334,0.07988333333333333,0.12043805631141347
2021-10-20,Consumer,0.22569999999999998,0.050391145833333345,0.15200912303305159
2021-10-20,Energy,0.14696944444444446,0.237526,0.13243474074074074
2021-10-20,Financials,-0.0355875,-0.20073333333333335,0.10862537417873133
2021-10-20,Healthcare,0.073264,-0.02525,0.10967602826068698
2021-10-20,Industrials,0.04175000000000001,0.10457777777777777,0.13100354497354497
2021-10-20,Materials,-0.0222375,0.0,0.05124346938775511
2021-10-20,RealEstate,0.14500000000000002,0.20589999999999997,0.16781309523809523
2021-10-20,Tech,0.14225333333333334,0.2856283333333333,0.12515302673847317
2021-10-20,Utilities,0.31024666666666667,0.057120000000000004,0.13048335978835982
2021-10-21,Comm,-0.0019221428571428501,0.09293333333333334,0.11942429969765685
2021-10-21,Consumer,0.007518666666666676,0.22569999999999998,0.15703374132481276
2021-10-21,Energy,0.10279375,0.14696944444444446,0.13351852380952384
2021-10-21,Financials,0.04007928571428572,-0.0355875,0.10691773132158845
2021-10-21,Healthcare,0.247355,0.073264,0.1052663774670362
2021-10-21,Industrials,0.07338333333333334,0.04175000000000001,0.13478767195767197
2021-10-21,Materials,0.14125208333333333,-0.0222375,0.050184540816326534
2021-10-21,RealEstate,0.17400000000000002,0.14500000000000002,0.16686071428571428
2021-10-21,Tech,0.09416200000000001,0.14225333333333334,0.126222102702192
2021-10-21,Utilities,0.0,0.31024666666666667,0.12506415343915345
2021-10-22,Comm,0.24750833333333333,-0.0019221428571428501,0.11111448337112623
2021-10-22,Consumer,0.10259333333333334,0.007518666666666676,0.1449322492613207
2021-10-22,Energy,0.14674038095238096,0.10279375,0.13361854365079365
2021-10-22,Financials,-0.10644166666666666,0.04007928571428572,0.10195535036920751
2021-10-22,Healthcare,0.04159499999999999,0.247355,0.11948613937179811
2021-10-22,Industrials,0.10415,0.07338333333333334,0.13772497354497354
2021-10-22,Materials,0.1173,0.14125208333333333,0.05525273526077097
2021-10-22,RealEstate,0.7484000000000001,0.17400000000000002,0.16649285714285716
2021-10-22,Tech,0.26321222222222224,0.09416200000000001,0.1257384519085412
2021-10-22,Utilities,0.3538,0.0,0.0952212962962963
2021-10-25,Comm,0.463545,0.24750833333333333,0.11992011829176115
2021-10-25,Consumer,0.11454766666666667,0.10259333333333334,0.13863304291211434
2021-10-25,Energy,0.17665486111111112,0.14674038095238096,0.13279260941043083
2021-10-25,Financials,0.023617499999999996,-0.10644166666666666,0.09582669957555671
2021-10-25,Healthcare,0.049315277777777784,0.04159499999999999,0.10692375841941715
2021-10-25,Industrials,0.04101250000000001,0.10415,0.1268059259259259
2021-10-25,Materials,0.12478333333333334,0.1173,0.05893368764172337
2021-10-25,RealEstate,0.11615,0.7484000000000001,0.19975
2021-10-25,Tech,-0.03328958333333333,0.26321222222222224,0.13608593868102797
2021-10-25,Utilities,0.3654,0.3538,0.09403201058201059
2021-10-26,Comm,0.2698285714285714,0.463545,0.13759368972033256
2021-10-26,Consumer,0.025363999999999998,0.11454766666666667,0.14216611136449528
2021-10-26,Energy,0.25356190476190477,0.17665486111111112,0.14395372524565384
2021-10-26,Financials,0.16007916666666666,0.023617499999999996,0.0890751519565091
2021-10-26,Healthcare,-0.071025,0.049315277777777784,0.11019393037708912
2021-10-26,Industrials,0.07454833333333333,0.04101250000000001,0.1273462037037037
2021-10-26,Materials,-0.023275000000000004,0.12478333333333334,0.06320908446712019
2021-10-26,RealEstate,0.24070000000000003,0.11615,0.20647142857142858
2021-10-26,Tech,0.09331023809523811,-0.03328958333333333,0.12560929185563113
2021-10-26,Utilities,0.1116,0.3654,0.1114320105820106
2021-10-27,Comm,0.27225,0.2698285714285714,0.14035516931216932
2021-10-27,Consumer,0.2105575,0.025363999999999998,0.1372312111377379
2021-10-27,Energy,0.025904285714285713,0.25356190476190477,0.15537677891156465
2021-10-27,Financials,0.054947023809523814,0.16007916666666666,0.08934639798825514
2021-10-27,Healthcare,0.15049821428571428,-0.071025,0.09380726371042244
2021-10-27,Industrials,0.017958333333333326,0.07454833333333333,0.12793921957671958
2021-10-27,Materials,0.26335,-0.023275000000000004,0.058149560657596376
2021-10-27,RealEstate,0.151725,0.24070000000000003,0.2059071428571429
2021-10-27,Tech,0.054485654761904756,0.09331023809523811,0.1209037317649282
2021-10-27,Utilities,0.03173333333333334,0.1116,0.10142248677248678
2021-10-28,Comm,0.10342916666666667,0.27225,0.14659455026455026
2021-10-28,Consumer,0.009740972222222213,0.2105575,0.14206474288376966
2021-10-28,Energy,0.10326458333333333,0.025904285714285713,0.15612396712018142
2021-10-28,Financials,0.2627125,0.054947023809523814,0.07959253744403745
2021-10-28,Healthcare,0.11391338461538461,0.15049821428571428,0.0924490199462501
2021-10-28,Industrials,0.1782368181818182,0.017958333333333326,0.11513564814814815
2021-10-28,Materials,0.013233333333333338,0.26335,0.07069003684807257
2021-10-28,RealEstate,0.14498333333333333,0.151725,0.18805119047619048
2021-10-28,Tech,0.2618566666666667,0.054485654761904756,0.11622000103930462
2021-10-28,Utilities,-0.12,0.03173333333333334,0.10331455026455026
2021-10-29,Comm,0.236575,0.10342916666666667,0.15456736772486773
2021-10-29,Consumer,0.08017145833333333,0.009740972222222213,0.131441158227685
2021-10-29,Energy,0.3443916666666667,0.10326458333333333,0.1577972806122449
2021-10-29,Financials,0.23085916666666667,0.2627125,0.09114908506308506
2021-10-29,Healthcare,0.021934611344537808,0.11391338461538461,0.08461910175333191
2021-10-29,Industrials,0.02546111111111111,0.1782368181818182,0.1135874013949014
2021-10-29,Materials,0.05,0.013233333333333338,0.07132019557823129
2021-10-29,RealEstate,0.17892222222222223,0.14498333333333333,0.19495515873015876
2021-10-29,Tech,0.09531,0.2618566666666667,0.1186569058012094
2021-10-29,Utilities,0.31320000000000003,-0.12,0.08505978835978836
2021-11-01,Comm,0.14330833333333337,0.236575,0.16138395502645503
2021-11-01,Consumer,0.11827833333333333,0.08017145833333333,0.13076193061997526
2021-11-01,Energy,0.121296875,0.3443916666666667,0.1688118044217687
2021-11-01,Financials,0.23253625,0.23085916666666667,0.09825914061864062
2021-11-01,Healthcare,0.299868,0.021934611344537808,0.08463642451577022
2021-11-01,Industrials,0.22563333333333335,0.02546111111111111,0.10668515271765272
2021-11-01,Materials,0.013333333333333336,0.05,0.06335881991685563
2021-11-01,RealEstate,0.023333333333333334,0.17892222222222223,0.1890895502645503
2021-11-01,Tech,0.267345,0.09531,0.11501746135676492
2021-11-01,Utilities,0.2936,0.31320000000000003,0.10609682539682541
2021-11-02,Comm,0.24597000000000002,0.14330833333333337,0.15817185185185187
2021-11-02,Consumer,0.193664,0.11827833333333333,0.12717962903267369
2021-11-02,Energy,0.011511111111111106,0.121296875,0.16286879846938776
2021-11-02,Financials,0.04182767857142857,0.23253625,0.09883319485144486
2021-11-02,Healthcare,0.16229583333333333,0.299868,0.09490850446873907
2021-11-02,Industrials,0.04098333333333334,0.22563333333333335,0.10644150192400191
2021-11-02,Materials,-0.1354534090909091,0.013333333333333336,0.06399374055177627
2021-11-02,RealEstate,0.033716666666666666,0.023333333333333334,0.19258161375661378
2021-11-02,Tech,0.16162619047619048,0.267345,0.1356798899281935
2021-11-02,Utilities,0.0,0.2936,0.12245873015873017
2021-11-03,Comm,0.13783050000000002,0.24597000000000002,0.16815185185185186
2021-11-03,Consumer,0.19141666666666668,0.193664,0.12686961769480518
2021-11-03,Energy,0.05046666666666667,0.011511111111111106,0.15282805772864702
2021-11-03,Financials,0.166075,0.04182767857142857,0.09827135811675096
2021-11-03,Healthcare,0.11706666666666668,0.16229583333333333,0.09415781399254859
2021-11-03,Industrials,0.09038333333333333,0.04098333333333334,0.10207487493987494
2021-11-03,Materials,0.0,-0.1354534090909091,0.057543578214113926
2021-11-03,RealEstate,0.0,0.033716666666666666,0.19418716931216937
2021-11-03,Tech,0.219054,0.16162619047619048,0.1349293683862434
2021-11-03,Utilities,0.01811666666666668,0.0,0.12819682539682542
2021-11-04,Comm,0.1433910476190476,0.13783050000000002,0.17432099130763415
2021-11-04,Consumer,0.11277999999999999,0.19141666666666668,0.1364866653138528
2021-11-04,Energy,0.19684791666666668,0.05046666666666667,0.1449426609032502
2021-11-04,Financials,0.22590000000000005,0.166075,0.10372889779929066
2021-11-04,Healthcare,0.14293257575757576,0.11706666666666668,0.09927325050048509
2021-11-04,Industrials,-0.0416,0.09038333333333333,0.10401376382876382
2021-11-04,Materials,0.0,0.0,0.05787056234109806
2021-11-04,RealEstate,0.14416666666666667,0.0,0.19275859788359792
2021-11-04,Tech,0.2137481886534518,0.219054,0.1382671779100529
2021-11-04,Utilities,0.109425,0.01811666666666668,0.12759285714285715
2021-11-05,Comm,0.189425,0.1433910476190476,0.17987909674981103
2021-11-05,Consumer,0.29584,0.11277999999999999,0.13329330023448774
2021-11-05,Energy,0.23599722222222222,0.19684791666666668,0.1430036728080121
2021-11-05,Financials,0.13985555555555554,0.22590000000000005,0.1069796914500843
2021-11-05,Healthcare,0.37014814814814817,0.14293257575757576,0.10179190931081057
2021-11-05,Industrials,0.39923333333333333,-0.0416,0.11238368446368446
2021-11-05,Materials,0.06191666666666667,0.0,0.04952830988455989
2021-11-05,RealEstate,0.0,0.14416666666666667,0.18115820105820107
2021-11-05,Tech,-0.007136666666666644,0.2137481886534518,0.14455134760783633
2021-11-05,Utilities,0.20638333333333334,0.109425,0.13280357142857144
2021-11-08,Comm,-0.15794666666666668,0.189425,0.17762592214663644
2021-11-08,Consumer,0.09658066666666668,0.29584,0.14610532404401155
2021-11-08,Energy,0.13604533333333335,0.23599722222222222,0.14844075141723356
2021-11-08,Financials,-0.010233333333333339,0.13985555555555554,0.11051719409558695
2021-11-08,Healthcare,0.1447216923076923,0.37014814814814817,0.11236965181521974
2021-11-08,Industrials,0.005620833333333332,0.39923333333333333,0.12949003367003367
2021-11-08,Materials,0.23564000000000002,0.06191666666666667,0.041732278138528145
2021-11-08,RealEstate,0.02993333333333334,0.0,0.18115820105820107
2021-11-08,Tech,0.07156466666666668,-0.007136666666666644,0.14437428411577283
2021-11-08,Utilities,0.09106666666666667,0.20638333333333334,0.11720753968253969
2021-11-09,Comm,0.1350083333333333,-0.15794666666666668,0.16710584278155705
2021-11-09,Consumer,0.14230833333333331,0.09658066666666668,0.14525499864718613
2021-11-09,Energy,0.07840166666666668,0.13604533333333335,0.15143412329931974
2021-11-09,Financials,0.019841666666666667,-0.010233333333333339,0.10190036869876155
2021-11-09,Healthcare,0.12934583333333335,0.1447216923076923,0.11553814509971302
2021-11-09,Industrials,0.09893281250000001,0.005620833333333332,0.12402316859066859
2021-11-09,Materials,0.296,0.23564000000000002,0.04563180194805195
2021-11-09,RealEstate,0.32257499999999995,0.02993333333333334,0.1576145502645503
2021-11-09,Tech,0.11887500000000001,0.07156466666666668,0.14406303014751887
2021-11-09,Utilities,-0.009499999999999995,0.09106666666666667,0.12154404761904763
2021-11-10,Comm,-0.08154444444444446,0.1350083333333333,0.16459433484504912
2021-11-10,Consumer,0.1394276923076923,0.14230833333333331,0.14639648700010308
2021-11-10,Energy,-0.059,0.07840166666666668,0.15229100538548754
2021-11-10,Financials,-0.008761666666666673,0.019841666666666667,0.09470018990929706
2021-11-10,Healthcare,-0.06525,0.12934583333333335,0.11875401811558606
2021-11-10,Industrials,-0.10752291666666672,0.09893281250000001,0.10507235013828764
2021-11-10,Materials,0.46480000000000005,0.296,0.05106513528138529
2021-11-10,RealEstate,0.0,0.32257499999999995,0.1690835978835979
2021-11-10,Tech,0.09353944444444445,0.11887500000000001,0.1440666015760903
2021-11-10,Utilities,0.037500000000000006,-0.009499999999999995,0.11422261904761906
2021-11-11,Comm,0.13068333333333332,-0.08154444444444446,0.14575809145880575
2021-11-11,Consumer,0.04522693333333334,0.1394276923076923,0.1425758116338027
2021-11-11,Energy,0.04224666666666667,-0.059,0.1428444445389267
2021-11-11,Financials,0.03213299999999999,-0.008761666666666673,0.09292314625850341
2021-11-11,Healthcare,0.1919866666666667,-0.06525,0.10494279362579012
2021-11-11,Industrials,0.17726875,-0.10752291666666672,0.09995221124939874
2021-11-11,Materials,-0.08115,0.46480000000000005,0.09166275432900434
2021-11-11,RealEstate,0.2901888888888889,0.0,0.16717883597883598
2021-11-11,Tech,0.2441340909090909,0.09353944444444445,0.13755332644381518
2021-11-11,Utilities,0.010700000000000001,0.037500000000000006,0.11600833333333335
2021-11-12,Comm,0.08115000000000001,0.13068333333333332,0.16014036659108088
2021-11-12,Consumer,-0.011784761904761912,0.04522693333333334,0.14061507036396145
2021-11-12,Energy,0.0,0.04224666666666667,0.13384547628495844
2021-11-12,Financials,0.016666666666666666,0.03213299999999999,0.08760467006802722
2021-11-12,Healthcare,0.14674375,0.1919866666666667,0.11719406346705996
2021-11-12,Industrials,0.3528875,0.17726875,0.10223286601130352
2021-11-12,Materials,0.17264444444444446,-0.08115,0.08820442099567101
2021-11-12,RealEstate,0.2194,0.2901888888888889,0.1553973544973545
2021-11-12,Tech,0.11879999999999999,0.2441340909090909,0.1429582831537719
2021-11-12,Utilities,0.4215,0.010700000000000001,0.12560833333333335
2021-11-15,Comm,0.139012,0.08115000000000001,0.1640875888133031
2021-11-15,Consumer,-0.013742543859649115,-0.011784761904761912,0.12717811174718138
2021-11-15,Energy,0.02198958333333334,0.0,0.12482682549130765
2021-11-15,Financials,0.2650047619047619,0.016666666666666666,0.07415143083900226
2021-11-15,Healthcare,0.14537083333333334,0.14674375,0.124578686482933
2021-11-15,Industrials,0.2948854166666667,0.3528875,0.10733623902717652
2021-11-15,Materials,0.35845000000000005,0.17264444444444446,0.10214701358826359
2021-11-15,RealEstate,0.14517555555555556,0.2194,0.16094947089947093
2021-11-15,Tech,0.19014166666666668,0.11879999999999999,0.1444513783918671
2021-11-15,Utilities,0.55275,0.4215,0.14772261904761907
2021-11-16,Comm,0.03251785714285714,0.139012,0.15108895389266816
2021-11-16,Consumer,0.1523672554347826,-0.013742543859649115,0.10538508055809759
2021-11-16,Energy,-0.015940000000000003,0.02198958333333334,0.11755666279289494
2021-11-16,Financials,0.152544,0.2650047619047619,0.07541336772486773
2021-11-16,Healthcare,0.17116,0.14537083333333334,0.12535428172102825
2021-11-16,Industrials,0.09458124999999999,0.2948854166666667,0.11174685410654162
2021-11-16,Materials,0.10959999999999999,0.35845000000000005,0.11335891835016837
2021-11-16,RealEstate,0.0,0.14517555555555556,0.15948904761904764
2021-11-16,Tech,0.22595946969696967,0.19014166666666668,0.14478431489980365
2021-11-16,Utilities,0.11315,0.55275,0.1597329365079365
2021-11-17,Comm,0.008000000000000004,0.03251785714285714,0.13823028042328045
2021-11-17,Consumer,0.2970542857142857,0.1523672554347826,0.10899749135080729
2021-11-17,Energy,0.023392857142857142,-0.015940000000000003,0.11226999612622827
2021-11-17,Financials,0.009577593984962407,0.152544,0.08109151058201058
2021-11-17,Healthcare,0.3124972222222222,0.17116,0.12180907083667447
2021-11-17,Industrials,0.09657500000000001,0.09458124999999999,0.10916024696368447
2021-11-17,Materials,-0.0511,0.10959999999999999,0.10286606120731122
2021-11-17,RealEstate,0.065575,0.0,0.15782238095238096
2021-11-17,Tech,0.06454183006535948,0.22595946969696967,0.15117047218696092
2021-11-17,Utilities,0.33345,0.11315,0.155609126984127
2021-11-18,Comm,0.09614999999999999,0.008000000000000004,0.13480726455026457
2021-11-18,Consumer,0.13557285714285713,0.2970542857142857,0.12074335515466217
2021-11-18,Energy,-0.006033333333333338,0.023392857142857142,0.10207317979969768
2021-11-18,Financials,0.30362857142857147,0.009577593984962407,0.09110631664478656
2021-11-18,Healthcare,-0.045325000000000004,0.3124972222222222,0.13789227189487555
2021-11-18,Industrials,0.13674999999999998,0.09657500000000001,0.10877916230759982
2021-11-18,Materials,0.0,-0.0511,0.10043272787397789
2021-11-18,RealEstate,0.4218333333333333,0.065575,0.1511402380952381
2021-11-18,Tech,0.07789129720853859,0.06454183006535948,0.14064254345991453
2021-11-18,Utilities,0.082,0.33345,0.1687676984126984
2021-11-19,Comm,0.061062500000000006,0.09614999999999999,0.13496043915343914
2021-11-19,Consumer,0.09648799999999999,0.13557285714285713,0.11645158644717915
2021-11-19,Energy,-0.059161111111111116,-0.006033333333333338,0.09478733323885111
2021-11-19,Financials,0.18691866666666668,0.30362857142857147,0.10725946290328998
2021-11-19,Healthcare,0.1837625,-0.045325000000000004,0.1322451766567803
2021-11-19,Industrials,-0.202125,0.13674999999999998,0.11330297183140933
2021-11-19,Materials,0.0,0.0,0.10149165644540646
2021-11-19,RealEstate,0.0,0.4218333333333333,0.1643227777777778
2021-11-19,Tech,0.12932938596491228,0.07789129720853859,0.13757768459682906
2021-11-19,Utilities,0.33295,0.082,0.15789880952380952
2021-11-22,Comm,0.18312916666666668,0.061062500000000006,0.13795970786092215
2021-11-22,Consumer,0.12644514285714287,0.09648799999999999,0.12068822136781408
2021-11-22,Energy,0.012308333333333324,-0.059161111111111116,0.08707519699546486
2021-11-22,Financials,0.3176535714285714,0.18691866666666668,0.11425181437721287
2021-11-22,Healthcare,-0.09745803571428571,0.1837625,0.129216962371066
2021-11-22,Industrials,0.12890625,-0.202125,0.10018352738696489
2021-11-22,Materials,0.264095,0.0,0.09476536676286676
2021-11-22,RealEstate,0.272875,0.0,0.1560370634920635
2021-11-22,Tech,0.2014132878787879,0.12932938596491228,0.13925232202372964
2021-11-22,Utilities,0.16780000000000003,0.33295,0.17375357142857142
2021-11-23,Comm,0.14901400000000004,0.18312916666666668,0.13489403325774751
2021-11-23,Consumer,0.16013958333333334,0.12644514285714287,0.12182402182132882
2021-11-23,Energy,0.3050133333333333,0.012308333333333324,0.08067367091836736
2021-11-23,Financials,0.049961250000000006,0.3176535714285714,0.13444682571508138
2021-11-23,Healthcare,0.19705,-0.09745803571428571,0.12259538924181432
2021-11-23,Industrials,0.1144,0.12890625,0.10136239643458395
2021-11-23,Materials,0.10195,0.264095,0.10175560485810486
2021-11-23,RealEstate,0.0,0.272875,0.13339301587301589
2021-11-23,Tech,0.351376,0.2014132878787879,0.13630951562642327
2021-11-23,Utilities,0.0,0.16780000000000003,0.16489642857142858
2021-11-24,Comm,0.14795624999999998,0.14901400000000004,0.11991636659108088
2021-11-24,Consumer,0.07031666666666667,0.16013958333333334,0.12399506547212245
2021-11-24,Energy,0.04368888888888889,0.3050133333333333,0.08678597911942555
2021-11-24,Financials,0.09661666666666666,0.049961250000000006,0.13570129000079564
2021-11-24,Healthcare,-0.1931333333333333,0.19705,0.12963037601430108
2021-11-24,Industrials,-0.008333333333333333,0.1144,0.10485703929172681
2021-11-24,Materials,0.0,0.10195,0.10066830327080327
2021-11-24,RealEstate,0.296,0.0,0.1278620634920635
2021-11-24,Tech,-0.01839166666666666,0.351376,0.154626924356582
2021-11-24,Utilities,0.34,0.0,0.14749642857142858
2021-11-26,Comm,0.08984666666666666,0.14795624999999998,0.11411292271352985
2021-11-26,Consumer,0.28456733333333334,0.07031666666666667,0.12613566864672565
2021-11-26,Energy,-0.04750833333333334,0.04368888888888889,0.07679202598261527
2021-11-26,Financials,-0.08745966666666667,0.09661666666666666,0.13267926619127182
2021-11-26,Healthcare,-0.09432222222222224,-0.1931333333333333,0.12381569347461854
2021-11-26,Industrials,0.055,-0.008333333333333333,0.10091029325998077
2021-11-26,Materials,0.0,0.0,0.1017766366041366
2021-11-26,RealEstate,0.31845,0.296,0.13049539682539682
2021-11-26,Tech,-0.03241666666666667,-0.01839166666666666,0.14930778603458653
2021-11-26,Utilities,0.0,0.34,0.15837261904761904
2021-11-29,Comm,-0.20909999999999998,0.08984666666666666,0.10542704969765684
2021-11-29,Consumer,0.04022575757575757,0.28456733333333334,0.12965994642450343
2021-11-29,Energy,-0.0643,-0.04750833333333334,0.0732961869803477
2021-11-29,Financials,0.022547083333333332,-0.08745966666666667,0.12589799521621514
2021-11-29,Healthcare,0.13444070512820513,-0.09432222222222224,0.1121575774504311
2021-11-29,Industrials,0.032825,0.055,0.10267418214886966
2021-11-29,Materials,0.0,0.0,0.08923616041366042
2021-11-29,RealEstate,0.05540833333333334,0.31845,0.13843468253968255
2021-11-29,Tech,0.1462170735930736,-0.03241666666666667,0.14516958025227358
2021-11-29,Utilities,0.22525,0.0,0.15686150793650794
2021-11-30,Comm,0.11809242424242426,-0.20909999999999998,0.09054470842781556
2021-11-30,Consumer,0.24869805555555557,0.04022575757575757,0.1311116028699099
2021-11-30,Energy,-0.03155625000000001,-0.0643,0.06531692110733182
2021-11-30,Financials,0.188135,0.022547083333333332,0.11446154680351672
2021-11-30,Healthcare,0.10945714285714286,0.13444070512820513,0.11313506890342254
2021-11-30,Industrials,0.11378333333333335,0.032825,0.09574980985449735
2021-11-30,Materials,0.22162500000000002,0.0,0.08860600168350169
2021-11-30,RealEstate,0.001999999999999999,0.05540833333333334,0.13416920634920637
2021-11-30,Tech,0.027956111111111116,0.1462170735930736,0.13966293296305488
2021-11-30,Utilities,0.287825,0.22525,0.17330198412698414
2021-12-01,Comm,0.25537916666666666,0.11809242424242426,0.08490268101078817
2021-12-01,Consumer,-0.07374800000000001,0.24869805555555557,0.1391366789281109
2021-12-01,Energy,0.23405666666666666,-0.03155625000000001,0.04741463936130008
2021-12-01,Financials,-0.029818749999999998,0.188135,0.1124270626765326
2021-12-01,Healthcare,-0.08423750000000002,0.10945714285714286,0.11730280849926089
2021-12-01,Industrials,-0.13665000000000002,0.11378333333333335,0.09995562996031745
2021-12-01,Materials,-0.1998,0.22162500000000002,0.09677862073112073
2021-12-01,RealEstate,0.13365,0.001999999999999999,0.12574433862433862
2021-12-01,Tech,-0.06669999999999998,0.027956111111111116,0.13645560492072684
2021-12-01,Utilities,0.0038666666666666663,0.287825,0.1720936507936508
2021-12-02,Comm,-0.064,0.25537916666666666,0.09023938735999451
2021-12-02,Consumer,0.23703660714285715,-0.07374800000000001,0.1299925678169998
2021-12-02,Energy,0.11216507936507938,0.23405666666666666,0.05278415325018897
2021-12-02,Financials,0.0005475000000000118,-0.029818749999999998,0.09993396743843737
2021-12-02,Healthcare,-0.14495,-0.08423750000000002,0.0990120704040228
2021-12-02,Industrials,0.007416666666666666,-0.13665000000000002,0.08270404265873015
2021-12-02,Materials,-0.22034444444444445,-0.1998,0.08662941438191439
2021-12-02,RealEstate,0.4833333333333333,0.13365,0.13099751322751324
2021-12-02,Tech,0.18596545454545454,-0.06669999999999998,0.12054870015882208
2021-12-02,Utilities,0.0,0.0038666666666666663,0.1582968253968254
2021-12-03,Comm,-0.004449999999999982,-0.064,0.07547891116951831
2021-12-03,Consumer,0.27536000000000005,0.23703660714285715,0.13205793006189778
2021-12-03,Energy,-0.009045833333333333,0.11216507936507938,0.0575771993575208
2021-12-03,Financials,0.04256500000000001,0.0005475000000000118,0.09796824464932172
2021-12-03,Healthcare,0.24191875,-0.14495,0.08438131643576882
2021-12-03,Industrials,0.22230000000000003,0.007416666666666666,0.08110562996031746
2021-12-03,Materials,0.011391666666666668,-0.22034444444444445,0.08258698412698413
2021-12-03,RealEstate,-0.14873333333333333,0.4833333333333333,0.15240783068783068
2021-12-03,Tech,0.18573191964285715,0.18596545454545454,0.12170771273354897
2021-12-03,Utilities,0.4153,0.0,0.1582968253968254
2021-12-06,Comm,0.07872222222222222,-0.004449999999999982,0.0687036492647564
2021-12-06,Consumer,0.11494666666666668,0.27536000000000005,0.13605523164919936
2021-12-06,Energy,0.040672738095238095,-0.009045833333333333,0.054743270786092216
2021-12-06,Financials,0.04426166666666667,0.04256500000000001,0.09208681607789315
2021-12-06,Healthcare,0.1845627777777778,0.24191875,0.09032665373735613
2021-12-06,Industrials,0.30704333333333333,0.22230000000000003,0.08738737599206349
2021-12-06,Materials,0.141675,0.011391666666666668,0.08312944444444445
2021-12-06,RealEstate,0.04705,-0.14873333333333333,0.145325291005291
2021-12-06,Tech,0.16767163131313131,0.18573191964285715,0.12012094700225642
2021-12-06,Utilities,0.28623333333333334,0.4153,0.17721031746031746
2021-12-07,Comm,0.20329166666666668,0.07872222222222222,0.0656241813887171
2021-12-07,Consumer,-0.021300000000000006,0.11494666666666668,0.13615840625237396
2021-12-07,Energy,0.12511541666666667,0.040672738095238095,0.047306357520786095
2021-12-07,Financials,0.08292277777777778,0.04426166666666667,0.0834373716334487
2021-12-07,Healthcare,0.04005185185185186,0.1845627777777778,0.0923090443097467
2021-12-07,Industrials,0.169425,0.30704333333333333,0.10398943948412699
2021-12-07,Materials,-0.025,0.141675,0.08987587301587302
2021-12-07,RealEstate,0.020000000000000004,0.04705,0.14070068783068784
2021-12-07,Tech,0.20853265082956257,0.16767163131313131,0.11792682522414591
2021-12-07,Utilities,0.412475,0.28623333333333334,0.1856297619047619
2021-12-08,Comm,0.2522375,0.20329166666666668,0.06628449884903456
2021-12-08,Consumer,0.0575625,-0.021300000000000006,0.12105650149046919
2021-12-08,Energy,0.16560416666666666,0.12511541666666667,0.042026271541950114
2021-12-08,Financials,-0.05157200000000001,0.08292277777777778,0.08072628697736405
2021-12-08,Healthcare,0.1103777777777778,0.04005185185185186,0.07659017305754211
2021-12-08,Industrials,-0.02804166666666666,0.169425,0.09304618551587301
2021-12-08,Materials,0.23520000000000002,-0.025,0.08573698412698413
2021-12-08,RealEstate,0.01899999999999999,0.020000000000000004,0.14165306878306877
2021-12-08,Tech,0.05202470238095238,0.20853265082956257,0.12819679272396636
2021-12-08,Utilities,-0.2732,0.412475,0.19544365079365078
2021-12-09,Comm,0.02929166666666667,0.2522375,0.08581707821411393
2021-12-09,Consumer,0.13122833333333334,0.0575625,0.11919849355396125
2021-12-09,Energy,0.01186458333333334,0.16560416666666666,0.04343383503401361
2021-12-09,Financials,0.20052000000000003,-0.05157200000000001,0.07875777904085611
2021-12-09,Healthcare,0.017324999999999993,0.1103777777777778,0.07495474855611761
2021-12-09,Industrials,0.20421666666666663,-0.02804166666666666,0.09144320932539682
2021-12-09,Materials,0.20053,0.23520000000000002,0.08571603174603175
2021-12-09,RealEstate,0.3243,0.01899999999999999,0.14113243386243385
2021-12-09,Tech,0.14830351515151513,0.05202470238095238,0.12726631823417045
2021-12-09,Utilities,0.0,-0.2732,0.17809761904761906
2021-12-10,Comm,0.15844,0.02929166666666667,0.08078295122998694
2021-12-10,Consumer,0.04852083333333333,0.13122833333333334,0.11867087450634221
2021-12-10,Energy,0.27334,0.01186458333333334,0.04026540249433107
2021-12-10,Financials,0.0634275,0.20052000000000003,0.08736150919958627
2021-12-10,Healthcare,0.06498833333333334,0.017324999999999993,0.06962042315929222
2021-12-10,Industrials,0.17428333333333335,0.20421666666666663,0.09645672619047618
2021-12-10,Materials,0.34,0.20053,0.08116984126984128
2021-12-10,RealEstate,0.18130000000000002,0.3243,0.1412145767195767
2021-12-10,Tech,0.07551363636363638,0.14830351515151513,0.1286676760985283
2021-12-10,Utilities,0.296,0.0,0.17855000000000001
2021-12-13,Comm,0.044465,0.15844,0.09221078191781763
2021-12-13,Consumer,0.06417285714285716,0.04852083333333333,0.11434197645994416
2021-12-13,Energy,0.06968333333333333,0.27334,0.05609111678004536
2021-12-13,Financials,0.308902,0.0634275,0.09079908856466563
2021-12-13,Healthcare,0.220425,0.06498833333333334,0.0758222485561176
2021-12-13,Industrials,-0.022775,0.17428333333333335,0.10987607142857145
2021-12-13,Materials,-0.025,0.34,0.07522698412698414
2021-12-13,RealEstate,0.0001533333333333317,0.18130000000000002,0.14984791005291007
2021-12-13,Tech,0.09017348484848485,0.07551363636363638,0.12780930428515647
2021-12-13,Utilities,0.3583166666666666,0.296,0.1908595238095238
2021-12-14,Comm,0.10443333333333334,0.044465,0.0881051469971827
2021-12-14,Consumer,0.11575066666666667,0.06417285714285716,0.11524416330801673
2021-12-14,Energy,0.3198666666666667,0.06968333333333333,0.0573976247165533
2021-12-14,Financials,0.058,0.308902,0.10397856475514182
2021-12-14,Healthcare,0.06701,0.220425,0.07717645490532396
2021-12-14,Industrials,0.1664125,-0.022775,0.10035017857142858
2021-12-14,Materials,0.24586666666666668,-0.025,0.07790079365079366
2021-12-14,RealEstate,0.47108333333333335,0.0001533333333333317,0.13603669312169311
2021-12-14,Tech,0.033925,0.09017348484848485,0.12047784685369906
2021-12-14,Utilities,0.1815,0.3583166666666666,0.20741269841269838
2021-12-15,Comm,0.14749,0.10443333333333334,0.08921387715591288
2021-12-15,Consumer,0.3260116666666667,0.11575066666666667,0.12131727895427524
2021-12-15,Energy,0.17346666666666666,0.3198666666666667,0.07262937074829932
2021-12-15,Financials,0.06512000000000001,0.058,0.10594681872339579
2021-12-15,Healthcare,0.006043749999999997,0.06701,0.07337960966722872
2021-12-15,Industrials,0.04519166666666667,0.1664125,0.09147041666666668
2021-12-15,Materials,0.23596666666666666,0.24586666666666668,0.08138756613756615
2021-12-15,RealEstate,0.20191666666666666,0.47108333333333335,0.14802161375661377
2021-12-15,Tech,0.2047095873015873,0.033925,0.1164361801870324
2021-12-15,Utilities,0.09106666666666667,0.1815,0.19598412698412698
2021-12-16,Comm,0.23704,0.14749,0.08961759144162716
2021-12-16,Consumer,0.3012958333333333,0.3260116666666667,0.1374960508840998
2021-12-16,Energy,0.11608749999999998,0.17346666666666666,0.07984256519274376
2021-12-16,Financials,-0.06437875,0.06512000000000001,0.09642849672793094
2021-12-16,Healthcare,0.020753999999999995,0.006043749999999997,0.0667449866513557
2021-12-16,Industrials,-0.020505000000000002,0.04519166666666667,0.07958023809523809
2021-12-16,Materials,0.05363333333333333,0.23596666666666666,0.07555502645502646
2021-12-16,RealEstate,0.08467500000000001,0.20191666666666666,0.15072357142857143
2021-12-16,Tech,0.07580208333333334,0.2047095873015873,0.1171298906934572
2021-12-16,Utilities,0.015,0.09106666666666667,0.17399920634920635
2021-12-17,Comm,-0.09009642857142856,0.23704,0.0993567411014911
2021-12-17,Consumer,0.10866104761904763,0.3012958333333333,0.14458788792688793
2021-12-17,Energy,0.15505333333333335,0.11608749999999998,0.08612958900226758
2021-12-17,Financials,0.11219133333333335,-0.06437875,0.08609884196602617
2021-12-17,Healthcare,0.34609,0.020753999999999995,0.05958279617516523
2021-12-17,Industrials,0.05761142857142857,-0.020505000000000002,0.07409994047619047
2021-12-17,Materials,0.0,0.05363333333333333,0.07288994708994709
2021-12-17,RealEstate,0.12259999999999999,0.08467500000000001,0.1547557142857143
2021-12-17,Tech,-0.11288047619047618,0.07580208333333334,0.10997953896185544
2021-12-17,Utilities,-0.0275,0.015,0.16932539682539685
2021-12-20,Comm,0.19177,-0.09009642857142856,0.09468548259808975
2021-12-20,Consumer,0.13405565610859732,0.10866104761904763,0.1356167813509242
2021-12-20,Energy,0.009811111111111123,0.15505333333333335,0.09239913548752834
2021-12-20,Financials,-0.0684868686868687,0.11219133333333335,0.0909852105064248
2021-12-20,Healthcare,0.12018599999999999,0.34609,0.0611824522598213
2021-12-20,Industrials,0.036667499999999985,0.05761142857142857,0.07224453231292517
2021-12-20,Materials,0.0376,0.0,0.07532328042328043
2021-12-20,RealEstate,0.144975,0.12259999999999999,0.15747119047619046
2021-12-20,Tech,0.020938333333333347,-0.11288047619047618,0.10153085771157758
2021-12-20,Utilities,0.2880666666666667,-0.0275,0.1521373015873016
2021-12-21,Comm,0.1011875,0.19177,0.09923881593142307
2021-12-21,Consumer,0.11545263157894736,0.13405565610859732,0.13554453368262612
2021-12-21,Energy,0.0,0.009811111111111123,0.0931536328420257
2021-12-21,Financials,0.16822,-0.0684868686868687,0.07326542764378478
2021-12-21,Healthcare,0.17962,0.12018599999999999,0.0690639284502975
2021-12-21,Industrials,0.1624025,0.036667499999999985,0.06747869897959184
2021-12-21,Materials,0.0,0.0376,0.07711375661375662
2021-12-21,RealEstate,0.3621,0.144975,0.14428746031746034
2021-12-21,Tech,0.1809066666666667,0.020938333333333347,0.09881881181275826
2021-12-21,Utilities,0.5994,0.2880666666666667,0.16194999999999998
2021-12-22,Comm,0.37573333333333336,0.1011875,0.10114953021713735
2021-12-22,Consumer,0.02172083333333334,0.11545263157894736,0.1364476113768617
2021-12-22,Energy,0.07198333333333333,0.0,0.09597082860922146
2021-12-22,Financials,0.16924999999999998,0.16822,0.07237501494537209
2021-12-22,Healthcare,0.09086770833333334,0.17962,0.0688666665455356
2021-12-22,Industrials,0.35452500000000003,0.1624025,0.08483715136054422
2021-12-22,Materials,0.0,0.0,0.07711375661375662
2021-12-22,RealEstate,0.0,0.3621,0.16153031746031746
2021-12-22,Tech,0.5514633333333333,0.1809066666666667,0.1012748727985561
2021-12-22,Utilities,0.04000000000000001,0.5994,0.17463809523809523
2021-12-23,Comm,0.1282222222222222,0.37573333333333336,0.11032115720126434
2021-12-23,Consumer,0.08417250000000001,0.02172083333333334,0.13146073949477555
2021-12-23,Energy,-0.005326666666666669,0.07198333333333333,0.09881249527588813
2021-12-23,Financials,0.09486333333333333,0.16924999999999998,0.06530817821067822
2021-12-23,Healthcare,0.21497529411764704,0.09086770833333334,0.07783455911923173
2021-12-23,Industrials,0.03588666666666667,0.35452500000000003,0.09558090136054422
2021-12-23,Materials,0.17187000000000002,0.0,0.06453780423280422
2021-12-23,RealEstate,0.034999999999999996,0.0,0.14853626984126983
2021-12-23,Tech,0.13270833333333334,0.5514633333333333,0.11794392258210588
2021-12-23,Utilities,0.4576,0.04000000000000001,0.16855238095238093
2021-12-27,Comm,0.3042625,0.1282222222222222,0.10933107254517968
2021-12-27,Consumer,0.07049166666666666,0.08417250000000001,0.1278432593360454
2021-12-27,Energy,0.23763541666666665,-0.005326666666666669,0.0840344000377929
2021-12-27,Financials,0.20610999999999996,0.09486333333333333,0.06744637265512267
2021-12-27,Healthcare,0.25119291666666665,0.21497529411764704,0.0786881445534054
2021-12-27,Industrials,0.2795816666666667,0.03588666666666667,0.09184217120181407
2021-12-27,Materials,-0.0727,0.17187000000000002,0.06786732804232805
2021-12-27,RealEstate,-0.013249999999999998,0.034999999999999996,0.1502029365079365
2021-12-27,Tech,0.179183125,0.13270833333333334,0.10753117655035985
2021-12-27,Utilities,-0.12615,0.4576,0.19034285714285715
2021-12-28,Comm,0.10025,0.3042625,0.11677422730708445
2021-12-28,Consumer,0.12145124999999998,0.07049166666666666,0.12785159266937873
2021-12-28,Energy,-0.050855555555555564,0.23763541666666665,0.09326994897959183
2021-12-28,Financials,0.10373333333333334,0.20610999999999996,0.07266034090909092
2021-12-28,Healthcare,0.1348111111111111,0.25119291666666665,0.09984653741054826
2021-12-28,Industrials,-0.03500833333333333,0.2795816666666667,0.10555240929705216
2021-12-28,Materials,0.1528875,-0.0727,0.06440542328042329
2021-12-28,RealEstate,0.18575,-0.013249999999999998,0.13547674603174603
2021-12-28,Tech,0.19874395454545452,0.179183125,0.11693949996305826
2021-12-28,Utilities,-0.01056666666666665,-0.12615,0.1681452380952381
2021-12-29,Comm,0.07760555555555555,0.10025,0.11726962413248126
2021-12-29,Consumer,0.08473645833333333,0.12145124999999998,0.12008416012969618
2021-12-29,Energy,0.22915,-0.050855555555555564,0.09311055744520032
2021-12-29,Financials,-0.05065666666666666,0.10373333333333334,0.08176476948051949
2021-12-29,Healthcare,0.36819999999999997,0.1348111111111111,0.11075764852165937
2021-12-29,Industrials,0.12915000000000001,-0.03500833333333333,0.10126629818594104
2021-12-29,Materials,0.6769000000000001,0.1528875,0.07168578042328042
2021-12-29,RealEstate,0.18533333333333332,0.18575,0.12915769841269842
2021-12-29,Tech,0.1290061111111111,0.19874395454545452,0.12794714859220688
2021-12-29,Utilities,0.2197166666666667,-0.01056666666666665,0.1676420634920635
2021-12-30,Comm,0.15904666666666667,0.07760555555555555,0.1309222696351268
2021-12-30,Consumer,0.08476166666666667,0.08473645833333333,0.12220371730862836
2021-12-30,Energy,0.03473125,0.22915,0.10708436696900983
2021-12-30,Financials,0.3557083333333333,-0.05065666666666666,0.07827887662337663
2021-12-30,Healthcare,0.18833988095238097,0.36819999999999997,0.12188904351555438
2021-12-30,Industrials,0.120375,0.12915000000000001,0.1058532029478458
2021-12-30,Materials,0.100475,0.6769000000000001,0.10391911375661375
2021-12-30,RealEstate,0.24981666666666666,0.18533333333333332,0.1353446031746032
2021-12-30,Tech,0.14424,0.1290061111111111,0.12712757895020868
2021-12-30,Utilities,0.439075,0.2197166666666667,0.16737857142857143
2021-12-31,Comm,0.02198888888888889,0.15904666666666667,0.13287247165532878
2021-12-31,Consumer,0.06256333333333333,0.08476166666666667,0.11439722259963366
2021-12-31,Energy,0.36595000000000005,0.03473125,0.11024091458805745
2021-12-31,Financials,0.083773,0.3557083333333333,0.08625855916305916
2021-12-31,Healthcare,0.15055,0.18833988095238097,0.12564536437723237
2021-12-31,Industrials,0.020000000000000004,0.120375,0.1061670918367347
2021-12-31,Materials,0.0,0.100475,0.09815006613756613
2021-12-31,RealEstate,0.06684999999999999,0.24981666666666666,0.14714539682539685
2021-12-31,Tech,0.24364185714285713,0.14424,0.13266490699253672
2021-12-31,Utilities,0.15660000000000002,0.439075,0.17458095238095236
2022-01-03,Comm,0.20648076923076925,0.02198888888888889,0.12175864890400605
2022-01-03,Consumer,0.0580665,0.06256333333333333,0.12088823847264951
2022-01-03,Energy,0.06486666666666667,0.36595000000000005,0.11652154950869238
2022-01-03,Financials,0.08370214285714285,0.083773,0.09166769011544011
2022-01-03,Healthcare,0.19100742857142855,0.15055,0.1368257215200895
2022-01-03,Industrials,0.27075666666666665,0.020000000000000004,0.1136266156462585
2022-01-03,Materials,0.11865,0.0,0.10766435185185186
2022-01-03,RealEstate,0.13448333333333337,0.06684999999999999,0.14396444444444445
2022-01-03,Tech,0.3405827380952381,0.24364185714285713,0.1474430906660061
2022-01-03,Utilities,0.06461666666666667,0.15660000000000002,0.18185396825396824
2022-01-04,Comm,0.270775,0.20648076923076925,0.13463868553404268
2022-01-04,Consumer,0.009166666666666667,0.0580665,0.11236585241822776
2022-01-04,Energy,0.048549999999999996,0.06486666666666667,0.1142692441421013
2022-01-04,Financials,0.1068468888888889,0.08370214285714285,0.0956274350133993
2022-01-04,Healthcare,0.05204333333333333,0.19100742857142855,0.15282369430920517
2022-01-04,Industrials,0.17265833333333333,0.27075666666666665,0.1261666156462585
2022-01-04,Materials,-0.0024999999999999988,0.11865,0.12380694444444444
2022-01-04,RealEstate,0.325975,0.13448333333333337,0.1273525396825397
2022-01-04,Tech,0.06619568627450981,0.3405827380952381,0.15480581845409103
2022-01-04,Utilities,0.2158,0.06461666666666667,0.1849309523809524
2022-01-05,Comm,0.23165000000000002,0.270775,0.14774463791499506
2022-01-05,Consumer,0.06346833333333333,0.009166666666666667,0.09968997940235474
2022-01-05,Energy,0.16747407407407408,0.048549999999999996,0.11701190287226003
2022-01-05,Financials,0.15911583333333337,0.1068468888888889,0.09868847734144162
2022-01-05,Healthcare,-0.01793749999999999,0.05204333333333333,0.14378200780126865
2022-01-05,Industrials,0.12243333333333335,0.17265833333333333,0.12380272675736961
2022-01-05,Materials,0.09106666666666667,-0.0024999999999999988,0.12314543650793652
2022-01-05,RealEstate,0.15680000000000002,0.325975,0.1499576984126984
2022-01-05,Tech,0.13669933333333334,0.06619568627450981,0.14911361686512212
2022-01-05,Utilities,0.20395000000000002,0.2158,0.17543095238095238
2022-01-06,Comm,0.268994,0.23165000000000002,0.1550269130472702
2022-01-06,Consumer,0.15005466666666667,0.06346833333333333,0.09723863019600554
2022-01-06,Energy,-0.02253999999999999,0.16747407407407408,0.12305006172839507
2022-01-06,Financials,0.07776333333333332,0.15911583333333337,0.10415772337318766
2022-01-06,Healthcare,0.32100666666666666,-0.01793749999999999,0.13413913743089828
2022-01-06,Industrials,0.018002380952380954,0.12243333333333335,0.11501177437641723
2022-01-06,Materials,0.24811111111111114,0.09106666666666667,0.12073551587301587
2022-01-06,RealEstate,0.2273333333333333,0.15680000000000002,0.1551838888888889
2022-01-06,Tech,0.16358666666666669,0.13669933333333334,0.14763874553275078
2022-01-06,Utilities,0.296,0.20395000000000002,0.1715126984126984
2022-01-07,Comm,0.14999766666666667,0.268994,0.15815559558695272
2022-01-07,Consumer,0.010754999999999997,0.15005466666666667,0.10539837622775157
2022-01-07,Energy,0.2049733333333333,-0.02253999999999999,0.11601885141093476
2022-01-07,Financials,0.08837916666666668,0.07776333333333332,0.10391203554249981
2022-01-07,Healthcare,0.13970555555555556,0.32100666666666666,0.14751793813636566
2022-01-07,Industrials,0.09352125,0.018002380952380954,0.10780117346938775
2022-01-07,Materials,0.20095,0.24811111111111114,0.13374080687830686
2022-01-07,RealEstate,0.035,0.2273333333333333,0.16505690476190477
2022-01-07,Tech,-0.04227666666666666,0.16358666666666669,0.1454984605726129
2022-01-07,Utilities,0.14880000000000002,0.296,0.16596626984126986
2022-01-10,Comm,0.11833071428571429,0.14999766666666667,0.15328703209488923
2022-01-10,Consumer,0.09004766666666666,0.010754999999999997,0.10316944765632301
2022-01-10,Energy,0.2345852380952381,0.2049733333333333,0.11789357363315697
2022-01-10,Financials,0.1913887142857143,0.08837916666666668,0.1105763768123411
2022-01-10,Healthcare,0.23436666666666667,0.13970555555555556,0.1489144989829265
2022-01-10,Industrials,0.17926761904761906,0.09352125,0.11358988378684808
2022-01-10,Materials,0.148,0.20095,0.13210985449735452
2022-01-10,RealEstate,0.33595,0.035,0.1658188095238095
2022-01-10,Tech,0.0884375,-0.04227666666666666,0.14100791918939293
2022-01-10,Utilities,0.39707083333333326,0.14880000000000002,0.18606150793650794
2022-01-11,Comm,0.07792500000000001,0.11833071428571429,0.1575269867434153
2022-01-11,Consumer,0.13777333333333336,0.09004766666666666,0.10120846352933886
2022-01-11,Energy,0.1611936507936508,0.2345852380952381,0.1284993190980096
2022-01-11,Financials,0.11817,0.1913887142857143,0.1101415536830894
2022-01-11,Healthcare,0.10556666666666668,0.23436666666666667,0.15924981644324396
2022-01-11,Industrials,0.101735,0.17926761904761906,0.11240183390022673
2022-01-11,Materials,0.0,0.148,0.12960842592592595
2022-01-11,RealEstate,-0.16363333333333335,0.33595,0.16637357142857143
2022-01-11,Tech,0.1331951111111111,0.0884375,0.13815715656313032
2022-01-11,Utilities,0.148,0.39707083333333326,0.20496964285714286
2022-01-12,Comm,0.175872,0.07792500000000001,0.15369293912436768
2022-01-12,Consumer,0.12112333333333333,0.13777333333333336,0.10545858257695792
2022-01-12,Energy,0.2517947916666667,0.1611936507936508,0.12315901675485008
2022-01-12,Financials,0.2112659090909091,0.11817,0.11274833939737511
2022-01-12,Healthcare,0.10278000000000001,0.10556666666666668,0.16118211803054555
2022-01-12,Industrials,0.3148770833333333,0.101735,0.1089471513605442
2022-01-12,Materials,0.0,0.0,0.11341794973544975
2022-01-12,RealEstate,-0.051531249999999994,-0.16363333333333335,0.1499481746031746
2022-01-12,Tech,0.15927333333333332,0.1331951111111111,0.14090389345586718
2022-01-12,Utilities,0.0,0.148,0.1979220238095238
2022-01-13,Comm,0.1857083333333333,0.175872,0.15995041531484389
2022-01-13,Consumer,0.267645,0.12112333333333333,0.10817051001459964
2022-01-13,Energy,0.150891,0.2517947916666667,0.1318309909611993
2022-01-13,Financials,0.13363190476190476,0.2112659090909091,0.10809900173503746
2022-01-13,Healthcare,0.128161,0.10278000000000001,0.1555799751734027
2022-01-13,Industrials,0.032026984126984126,0.3148770833333333,0.12502582199546486
2022-01-13,Materials,0.27615,0.0,0.11460842592592593
2022-01-13,RealEstate,0.11333333333333334,-0.051531249999999994,0.14748700396825395
2022-01-13,Tech,0.247891873015873,0.15927333333333332,0.14419436243133615
2022-01-13,Utilities,0.28048333333333336,0.0,0.1808593253968254
2022-01-14,Comm,0.053200000000000004,0.1857083333333333,0.16382065341008198
2022-01-14,Consumer,-0.005882500000000004,0.267645,0.11540357350666312
2022-01-14,Energy,0.17019250000000002,0.150891,0.12378453064373897
2022-01-14,Financials,0.11360954212454213,0.13363190476190476,0.11170052100941386
2022-01-14,Healthcare,0.20067666666666667,0.128161,0.15849192755435507
2022-01-14,Industrials,0.23078333333333334,0.032026984126984126,0.11862651171579744
2022-01-14,Materials,0.20966666666666667,0.27615,0.11605048941798943
2022-01-14,RealEstate,0.12933333333333333,0.11333333333333334,0.1304512896825397
2022-01-14,Tech,0.21062904761904763,0.247891873015873,0.15438326114637774
2022-01-14,Utilities,0.132975,0.28048333333333336,0.18557281746031748
2022-01-18,Comm,-0.04547942577030812,0.053200000000000004,0.15933065341008198
2022-01-18,Consumer,0.04393871095571096,-0.005882500000000004,0.09959908937967901
2022-01-18,Energy,0.2212757142857143,0.17019250000000002,0.12362861794532629
2022-01-18,Financials,0.1548134738878143,0.11360954212454213,0.11400954682486826
2022-01-18,Healthcare,0.160099,0.20067666666666667,0.1677601616813392
2022-01-18,Industrials,0.06780051282051283,0.23078333333333334,0.12746421012849585
2022-01-18,Materials,0.021042222222222223,0.20966666666666667,0.11479810846560848
2022-01-18,RealEstate,-0.031487499999999995,0.12933333333333333,0.12699494047619048
2022-01-18,Tech,0.18860290476190475,0.21062904761904763,0.15466514020911393
2022-01-18,Utilities,0.3950866666666667,0.132975,0.18756845238095238
2022-01-19,Comm,0.07221666666666667,-0.04547942577030812,0.14587734742101968
2022-01-19,Consumer,0.074573,0.04393871095571096,0.08734398831407793
2022-01-19,Energy,0.15184666666666666,0.2212757142857143,0.12863758053036028
2022-01-19,Financials,0.14031664167205343,0.1548134738878143,0.12444727177190702
2022-01-19,Healthcare,0.050234,0.160099,0.1743956378718154
2022-01-19,Industrials,0.1464990476190476,0.06780051282051283,0.13166923454852025
2022-01-19,Materials,0.13952222222222221,0.021042222222222223,0.11324615079365079
2022-01-19,RealEstate,0.311,-0.031487499999999995,0.12146339285714286
2022-01-19,Tech,0.1795355357142857,0.18860290476190475,0.16003660789618876
2022-01-19,Utilities,0.17153666666666667,0.3950866666666667,0.20566781746031748
2022-01-20,Comm,0.4518272727272727,0.07221666666666667,0.15360654243235755
2022-01-20,Consumer,0.1137374603174603,0.074573,0.08572074795126615
2022-01-20,Energy,0.14229270833333335,0.15184666666666666,0.1284848821176619
2022-01-20,Financials,0.13147166666666668,0.14031664167205343,0.12578657216898895
2022-01-20,Healthcare,0.04568200000000001,0.050234,0.16030725691943445
2022-01-20,Industrials,0.16723266666666667,0.1464990476190476,0.1359019783126926
2022-01-20,Materials,0.0255,0.13952222222222221,0.11989006613756613
2022-01-20,RealEstate,0.2857466666666667,0.311,0.13043482142857143
2022-01-20,Tech,0.2378934761904762,0.1795355357142857,0.17396117989165363
2022-01-20,Utilities,0.3896875,0.17153666666666667,0.21514575396825397
2022-01-21,Comm,0.23935833333333334,0.4518272727272727,0.1659902220860372
2022-01-21,Consumer,0.18668215686274509,0.1137374603174603,0.08475321481835486
2022-01-21,Energy,0.10672625000000001,0.14229270833333335,0.1347935296044344
2022-01-21,Financials,0.23166380952380955,0.13147166666666668,0.13530840718582396
2022-01-21,Healthcare,-0.07571866666666667,0.04568200000000001,0.15675944739562492
2022-01-21,Industrials,0.030353333333333336,0.16723266666666667,0.14211936720158147
2022-01-21,Materials,0.027766666666666665,0.0255,0.11931387566137566
2022-01-21,RealEstate,0.2912125,0.2857466666666667,0.13713823412698414
2022-01-21,Tech,0.11578712121212122,0.2378934761904762,0.18429237717056518
2022-01-21,Utilities,0.20651333333333333,0.3896875,0.21998484126984127
2022-01-24,Comm,0.14537333333333333,0.23935833333333334,0.1725697855781007
2022-01-24,Consumer,0.09487476190476189,0.18668215686274509,0.08814509697472618
2022-01-24,Energy,0.05292333333333334,0.10672625000000001,0.13987573198538675
2022-01-24,Financials,0.24054583333333335,0.23166380952380955,0.13832954097267203
2022-01-24,Healthcare,0.0009602777777777807,-0.07571866666666667,0.1446004632686408
2022-01-24,Industrials,0.1595041904761905,0.030353333333333336,0.13583131164602594
2022-01-24,Materials,0.13987714285714287,0.027766666666666665,0.12063609788359789
2022-01-24,RealEstate,0.16120666666666666,0.2912125,0.1337626388888889
2022-01-24,Tech,0.15974977466977466,0.11578712121212122,0.18119144643463447
2022-01-24,Utilities,0.08025833333333333,0.20651333333333333,0.2012759523809524
2022-01-25,Comm,-0.0037666666666666647,0.14537333333333333,0.1616002617685769
2022-01-25,Consumer,0.08444366666666667,0.09487476190476189,0.09162861738288944
2022-01-25,Energy,0.1810225,0.05292333333333334,0.1389681129377677
2022-01-25,Financials,0.18787914285714286,0.24054583333333335,0.14172458065521173
2022-01-25,Healthcare,-0.05791249999999999,0.0009602777777777807,0.14031915705170958
2022-01-25,Industrials,0.10039659627953745,0.1595041904761905,0.12654460643060642
2022-01-25,Materials,0.0727375,0.13987714285714287,0.1272969142101285
2022-01-25,RealEstate,0.36845,0.16120666666666666,0.14143914682539685
2022-01-25,Tech,0.04822633333333333,0.15974977466977466,0.16253841983160786
2022-01-25,Utilities,0.33061666666666667,0.08025833333333333,0.20319301587301586
2022-01-26,Comm,0.31282676470588233,-0.0037666666666666647,0.15531507658339172
2022-01-26,Consumer,0.11592352941176469,0.08444366666666667,0.09164153008130214
2022-01-26,Energy,0.1663827777777778,0.1810225,0.14784188277903756
2022-01-26,Financials,0.0926,0.18787914285714286,0.14615390491825025
2022-01-26,Healthcare,0.09028928571428571,-0.05791249999999999,0.12732450018896446
2022-01-26,Industrials,0.09113782608695653,0.10039659627953745,0.12961650784074313
2022-01-26,Materials,0.03955,0.0727375,0.12257631897203325
2022-01-26,RealEstate,0.13013333333333335,0.36845,0.1573177182539683
2022-01-26,Tech,0.08719106174527227,0.04822633333333333,0.15851546745065548
2022-01-26,Utilities,0.30534999999999995,0.33061666666666667,0.19714619047619047
2022-01-27,Comm,0.13354925595238096,0.31282676470588233,0.15572289871224326
2022-01-27,Consumer,0.022440238095238093,0.11592352941176469,0.093804952116783
2022-01-27,Energy,0.0902347435897436,0.1663827777777778,0.14444889997480473
2022-01-27,Financials,0.20083235714285713,0.0926,0.14074866682301218
2022-01-27,Healthcare,0.19556500000000002,0.09028928571428571,0.11966242252456538
2022-01-27,Industrials,0.21502374999999999,0.09113782608695653,0.12064299162266169
2022-01-27,Materials,0.1361675,0.03955,0.12792155706727137
2022-01-27,RealEstate,0.32245,0.13013333333333335,0.16414549603174602
2022-01-27,Tech,0.14050323863636363,0.08719106174527227,0.15413489300995417
2022-01-27,Utilities,0.326225,0.30534999999999995,0.21769380952380954
2022-01-28,Comm,-0.142252,0.13354925595238096,0.15730857756711852
2022-01-28,Consumer,0.004260000000000001,0.022440238095238093,0.08909014202608005
2022-01-28,Energy,0.1939265625,0.0902347435897436,0.15116748564839042
2022-01-28,Financials,0.12312549450549451,0.20083235714285713,0.14537242986156093
2022-01-28,Healthcare,0.13158,0.19556500000000002,0.12255546485260771
2022-01-28,Industrials,0.14785683333333335,0.21502374999999999,0.13254928130520138
2022-01-28,Materials,0.0,0.1361675,0.12712536659108087
2022-01-28,RealEstate,0.011612499999999998,0.32245,0.17065501984126985
2022-01-28,Tech,0.18252466666666667,0.14050323863636363,0.15136152558571173
2022-01-28,Utilities,0.22979333333333335,0.326225,0.23373150793650796
2022-01-31,Comm,0.10264085714285713,-0.142252,0.1468391701597111
2022-01-31,Consumer,0.14570971428571428,0.004260000000000001,0.08525792972449275
2022-01-31,Energy,0.14828000000000002,0.1939265625,0.14949017910077136
2022-01-31,Financials,0.07173666666666667,0.12312549450549451,0.15364777086975906
2022-01-31,Healthcare,0.15324338095238094,0.13158,0.11128784580498866
2022-01-31,Industrials,0.17862041666666667,0.14785683333333335,0.13344008289250298
2022-01-31,Materials,-0.04309999999999999,0.0,0.09489203325774755
2022-01-31,RealEstate,0.43143000000000004,0.011612499999999998,0.16238259920634923
2022-01-31,Tech,0.106243,0.18252466666666667,0.15391002823121436
2022-01-31,Utilities,0.18395833333333333,0.22979333333333335,0.2342113492063492
2022-02-01,Comm,0.03976857142857143,0.10264085714285713,0.14415317923000592
2022-02-01,Consumer,-0.071115,0.14570971428571428,0.08816021770635217
2022-02-01,Energy,0.10462869565217392,0.14828000000000002,0.1548972624341047
2022-02-01,Financials,0.07940942857142859,0.07173666666666667,0.14012531055229877
2022-02-01,Healthcare,0.09487589743589744,0.15324338095238094,0.10961658390022674
2022-02-01,Industrials,0.007187500000000013,0.17862041666666667,0.13621367416234426
2022-02-01,Materials,0.15361111111111111,-0.04309999999999999,0.08805512849584278
2022-02-01,RealEstate,0.26094999999999996,0.43143000000000004,0.1710308531746032
2022-02-01,Tech,0.15284185185185187,0.106243,0.1521006472788334
2022-02-01,Utilities,0.39043333333333335,0.18395833333333333,0.22206293650793651
2022-02-02,Comm,0.1465852380952381,0.03976857142857143,0.14499983077951462
2022-02-02,Consumer,-0.030324999999999974,-0.071115,0.08179458278571723
2022-02-02,Energy,0.15570466666666666,0.10462869565217392,0.14245339079849395
2022-02-02,Financials,0.256346,0.07940942857142859,0.13991752143665248
2022-02-02,Healthcare,0.05004780952380953,0.09487589743589744,0.10696543615907902
2022-02-02,Industrials,0.12259791666666667,0.007187500000000013,0.1356035551147252
2022-02-02,Materials,0.11235,0.15361111111111111,0.0953699433106576
2022-02-02,RealEstate,0.16158750000000002,0.26094999999999996,0.1802737103174603
2022-02-02,Tech,0.20004611633047803,0.15284185185185187,0.14777683750307127
2022-02-02,Utilities,0.2634,0.39043333333333335,0.23319785714285712
2022-02-03,Comm,0.20566142857142858,0.1465852380952381,0.1421476626302036
2022-02-03,Consumer,0.2138183333333333,-0.030324999999999974,0.07758546373809819
2022-02-03,Energy,0.07934722222222221,0.15570466666666666,0.14677900984611297
2022-02-03,Financials,0.18485333333333331,0.256346,0.14813865749107427
2022-02-03,Healthcare,0.11434499999999999,0.05004780952380953,0.10025307334728764
2022-02-03,Industrials,0.17819250000000003,0.12259791666666667,0.12854837654329662
2022-02-03,Materials,-0.1468,0.11235,0.09506994331065759
2022-02-03,RealEstate,0.15549999999999997,0.16158750000000002,0.18156438492063492
2022-02-03,Tech,0.16009742857142856,0.20004611633047803,0.14108461741903508
2022-02-03,Utilities,0.40135,0.2634,0.24266373015873013
2022-02-04,Comm,0.042256,0.20566142857142858,0.1390470163717002
2022-02-04,Consumer,0.10600666666666667,0.2138183333333333,0.08733078119841566
2022-02-04,Energy,0.116035,0.07934722222222221,0.14824554423764735
2022-02-04,Financials,0.10022142857142857,0.18485333333333331,0.15185325008366687
2022-02-04,Healthcare,-0.14956666666666668,0.11434499999999999,0.10321981937903368
2022-02-04,Industrials,0.4093333333333334,0.17819250000000003,0.12881190828932837
2022-02-04,Materials,0.09625,-0.1468,0.08819851473922902
2022-02-04,RealEstate,0.0,0.15549999999999997,0.17344652777777778
2022-02-04,Tech,0.05363472222222223,0.16009742857142856,0.14555612895698358
2022-02-04,Utilities,0.301475,0.40135,0.25149944444444444
2022-02-07,Comm,0.20052799999999998,0.042256,0.13002825446693828
2022-02-07,Consumer,0.09196954545454546,0.10600666666666667,0.08935641611905057
2022-02-07,Energy,0.1150597619047619,0.116035,0.14579606451983432
2022-02-07,Financials,0.015464166666666675,0.10022142857142857,0.14904875461881426
2022-02-07,Healthcare,0.31944087301587304,-0.14956666666666668,0.09695176382347812
2022-02-07,Industrials,0.28768571428571427,0.4093333333333334,0.14247381305123313
2022-02-07,Materials,0.1591,0.09625,0.08844534013605443
2022-02-07,RealEstate,0.09186250000000001,0.0,0.1659798611111111
2022-02-07,Tech,0.10579023809523809,0.05363472222222223,0.1416006712850259
2022-02-07,Utilities,0.14033333333333334,0.301475,0.2561434920634921
2022-02-08,Comm,0.08551500000000002,0.20052799999999998,0.1267679687526526
2022-02-08,Consumer,0.1659850101010101,0.09196954545454546,0.08659045796609242
2022-02-08,Energy,0.2567475,0.1150597619047619,0.1523484341343468
2022-02-08,Financials,0.17303133333333331,0.015464166666666675,0.14608212763468728
2022-02-08,Healthcare,0.1753375,0.31944087301587304,0.09687720222105936
2022-02-08,Industrials,0.03329166666666667,0.28768571428571427,0.15531587654329662
2022-02-08,Materials,0.04237840909090909,0.1591,0.08420671579743007
2022-02-08,RealEstate,0.14121666666666668,0.09186250000000001,0.15952886904761904
2022-02-08,Tech,0.23800583333333333,0.10579023809523809,0.13884846040067217
2022-02-08,Utilities,0.2671,0.14033333333333334,0.24873079365079362
2022-02-09,Comm,0.265276,0.08551500000000002,0.1236973655780494
2022-02-09,Consumer,0.07984871428571429,0.1659850101010101,0.09398236320899767
2022-02-09,Energy,0.20054333333333335,0.2567475,0.1548138706422833
2022-02-09,Financials,0.21852083333333336,0.17303133333333331,0.15011318319024283
2022-02-09,Healthcare,0.2437933333333333,0.1753375,0.09857396148031862
2022-02-09,Industrials,0.11615,0.03329166666666667,0.15244780114647125
2022-02-09,Materials,0.20095,0.04237840909090909,0.07665568765890193
2022-02-09,RealEstate,0.07093,0.14121666666666668,0.16458680555555555
2022-02-09,Tech,0.16507107692307693,0.23800583333333333,0.1521952461149579
2022-02-09,Utilities,0.34830000000000005,0.2671,0.25436412698412697
2022-02-10,Comm,0.4635166666666667,0.265276,0.1306947601358725
2022-02-10,Consumer,0.1547316542443064,0.07984871428571429,0.0934966988099047
2022-02-10,Energy,0.05680285714285714,0.20054333333333335,0.1531928275583831
2022-02-10,Financials,0.027122916666666667,0.21852083333333336,0.15140518885917706
2022-02-10,Healthcare,0.025726666666666665,0.2437933333333333,0.09902285036920751
2022-02-10,Industrials,0.035334,0.11615,0.14944220023944174
2022-02-10,Materials,-0.04686666666666667,0.20095,0.07917711623033051
2022-02-10,RealEstate,0.208475,0.07093,0.15196680555555556
2022-02-10,Tech,0.07776000000000001,0.16507107692307693,0.15584446406367583
2022-02-10,Utilities,0.224364,0.34830000000000005,0.25204170634920636
2022-02-11,Comm,0.020270000000000003,0.4635166666666667,0.14905626807238045
2022-02-11,Consumer,0.0028921428571428557,0.1547316542443064,0.0943042379009034
2022-02-11,Energy,0.20820333333333332,0.05680285714285714,0.14822183738453576
2022-02-11,Financials,0.05472133333333333,0.027122916666666667,0.14706961346235164
2022-02-11,Healthcare,0.26995,0.025726666666666665,0.09522094560730275
2022-02-11,Industrials,0.10359666666666667,0.035334,0.1462802478584894
2022-02-11,Materials,0.39459999999999995,-0.04686666666666667,0.07694537019858448
2022-02-11,RealEstate,0.050575,0.208475,0.16968625
2022-02-11,Tech,0.052256111111111114,0.07776000000000001,0.15320469686790866
2022-02-11,Utilities,0.153532,0.224364,0.2556780873015873
2022-02-14,Comm,0.20616933333333334,0.020270000000000003,0.14164664902476143
2022-02-14,Consumer,0.11314408730158731,0.0028921428571428557,0.08867418121156101
2022-02-14,Energy,0.12372904761904761,0.20820333333333332,0.14614605365437705
2022-02-14,Financials,-0.0211615873015873,0.05472133333333333,0.13961510985484807
2022-02-14,Healthcare,0.0003214285714285725,0.26995,0.10318142179777895
2022-02-14,Industrials,-0.09169791666666666,0.10359666666666667,0.13621927563626715
2022-02-14,Materials,0.17,0.39459999999999995,0.09573584638906067
2022-02-14,RealEstate,0.4839875,0.050575,0.17454845238095237
2022-02-14,Tech,0.058883557692307686,0.052256111111111114,0.14810863866685042
2022-02-14,Utilities,0.27059333333333335,0.153532,0.2629891349206349
2022-02-15,Comm,0.23205000000000003,0.20616933333333334,0.14262098235809476
2022-02-15,Consumer,0.19275916666666668,0.11314408730158731,0.08131699489258898
2022-02-15,Energy,0.08589342857142857,0.12372904761904761,0.14485262735052215
2022-02-15,Financials,0.12538266666666667,-0.0211615873015873,0.13224399118515795
2022-02-15,Healthcare,0.04212083333333333,0.0003214285714285725,0.09709382315832317
2022-02-15,Industrials,0.1789277777777778,-0.09169791666666666,0.13032761369371235
2022-02-15,Materials,0.0,0.17,0.09068108448429876
2022-02-15,RealEstate,0.22630000000000003,0.4839875,0.1921986507936508
2022-02-15,Tech,0.13257884967320263,0.058883557692307686,0.1391082426990616
2022-02-15,Utilities,0.2973,0.27059333333333335,0.26251818253968257
2022-02-16,Comm,0.12115000000000002,0.23205000000000003,0.1511376490247614
2022-02-16,Consumer,0.17398466666666668,0.19275916666666668,0.09077612187671595
2022-02-16,Energy,0.16013666666666665,0.08589342857142857,0.1408383858539235
2022-02-16,Financials,0.04979814814814815,0.12538266666666667,0.13280461616335437
2022-02-16,Healthcare,0.17689,0.04212083333333333,0.08954354538054539
2022-02-16,Industrials,0.07010714285714287,0.1789277777777778,0.12785830152440017
2022-02-16,Materials,0.00680000000000001,0.0,0.08069695750017178
2022-02-16,RealEstate,0.3521666666666667,0.22630000000000003,0.1968161111111111
2022-02-16,Tech,0.14789109803921568,0.13257884967320263,0.1353915666064023
2022-02-16,Utilities,0.15103333333333332,0.2973,0.2703431825396826
2022-02-17,Comm,0.19463285714285714,0.12115000000000002,0.15907238358525227
2022-02-17,Consumer,0.052091884057971015,0.17398466666666668,0.09696878643438052
2022-02-17,Energy,0.08740500000000001,0.16013666666666665,0.13792700263396887
2022-02-17,Financials,-0.04694175757575758,0.04979814814814815,0.12780388636622741
2022-02-17,Healthcare,0.10715,0.17689,0.09034311680911682
2022-02-17,Industrials,0.074735,0.07010714285714287,0.127968141049954
2022-02-17,Materials,0.018125000000000002,0.00680000000000001,0.08001875644197072
2022-02-17,RealEstate,0.06032666666666668,0.3521666666666667,0.21508535714285715
2022-02-17,Tech,0.12104226666666666,0.14789109803921568,0.13345290914341715
2022-02-17,Utilities,0.18600333333333335,0.15103333333333332,0.25872159523809524
2022-02-18,Comm,0.01,0.19463285714285714,0.1649017259888804
2022-02-18,Consumer,0.027260833333333345,0.052091884057971015,0.0958982571038077
2022-02-18,Energy,0.13197916666666668,0.08740500000000001,0.13485835184031808
2022-02-18,Financials,0.06794666666666667,-0.04694175757575758,0.11888681973537925
2022-02-18,Healthcare,0.19945666666666667,0.10715,0.09305340252340252
2022-02-18,Industrials,0.038375000000000006,0.074735,0.12455080544904697
2022-02-18,Materials,-0.161816,0.018125000000000002,0.07423793633615063
2022-02-18,RealEstate,-0.021316666666666668,0.06032666666666668,0.20314853174603176
2022-02-18,Tech,0.16357266666666667,0.12104226666666666,0.1306675153792448
2022-02-18,Utilities,0.01688125,0.18600333333333335,0.25941048412698414
2022-02-22,Comm,-0.1048547619047619,0.01,0.14386233204948645
2022-02-22,Consumer,0.11561442857142859,0.027260833333333345,0.09178032248551594
2022-02-22,Energy,0.04946875,0.13197916666666668,0.13436723080857205
2022-02-22,Financials,0.0827625,0.06794666666666667,0.11586181973537926
2022-02-22,Healthcare,0.13071190476190478,0.19945666666666667,0.1003760056980057
2022-02-22,Industrials,0.053740625,0.038375000000000006,0.1184147260839676
2022-02-22,Materials,0.28399583333333334,-0.161816,0.06531812681234109
2022-02-22,RealEstate,0.15892125000000001,-0.021316666666666668,0.18852646825396827
2022-02-22,Tech,0.15243092857142856,0.16357266666666667,0.12712842921144435
2022-02-22,Utilities,0.01927466666666667,0.01688125,0.24165780555555552
2022-02-23,Comm,-0.164925,-0.1048547619047619,0.12747123227624385
2022-02-23,Consumer,-0.008166666666666645,0.11561442857142859,0.08839614494783421
2022-02-23,Energy,0.14140550000000002,0.04946875,0.13164068318952443
2022-02-23,Financials,-0.051839583333333335,0.0827625,0.10877128118662642
2022-02-23,Healthcare,0.0708,0.13071190476190478,0.11020603290889004
2022-02-23,Industrials,-0.08688749999999999,0.053740625,0.11952840663952316
2022-02-23,Materials,0.1702,0.28399583333333334,0.07751951570122999
2022-02-23,RealEstate,0.06907,0.15892125000000001,0.18222688492063494
2022-02-23,Tech,0.22318777777777776,0.15243092857142856,0.1288733724190304
2022-02-23,Utilities,0.08366666666666667,0.01927466666666667,0.23274167857142858
2022-02-24,Comm,0.07834999999999999,-0.164925,0.11269512116513274
2022-02-24,Consumer,0.023756666666666676,-0.008166666666666645,0.08348941025395666
2022-02-24,Energy,-0.033360777777777774,0.14140550000000002,0.13585411969746092
2022-02-24,Financials,0.02979714285714285,-0.051839583333333335,0.09484816610726135
2022-02-24,Healthcare,0.2652083333333333,0.0708,0.11353173396709111
2022-02-24,Industrials,0.0594625,-0.08688749999999999,0.10779546899779978
2022-02-24,Materials,-0.05149999999999999,0.1702,0.07896346127946127
2022-02-24,RealEstate,0.3542133333333333,0.06907,0.17783942460317462
2022-02-24,Tech,0.07895333333333335,0.22318777777777776,0.1318942297098877
2022-02-24,Utilities,0.06518333333333333,0.08366666666666667,0.23290398015873015
2022-02-25,Comm,0.11005833333333333,0.07834999999999999,0.11660543862545018
2022-02-25,Consumer,0.09182999999999998,0.023756666666666676,0.08059955311109951
2022-02-25,Energy,0.13255352564102565,-0.033360777777777774,0.1256453921842334
2022-02-25,Financials,0.027003333333333334,0.02979714285714285,0.08732045182154706
2022-02-25,Healthcare,-0.012819999999999998,0.2652083333333333,0.12891844031629746
2022-02-25,Industrials,0.04113,0.0594625,0.10584622631782181
2022-02-25,Materials,0.0,-0.05149999999999999,0.07304738985088985
2022-02-25,RealEstate,0.1162625,0.3542133333333333,0.17716148809523813
2022-02-25,Tech,-0.053872619047619044,0.07895333333333335,0.13335742018607816
2022-02-25,Utilities,0.1591,0.06518333333333333,0.22026429761904764
2022-02-28,Comm,0.24096805555555556,0.11005833333333333,0.1069497990362812
2022-02-28,Consumer,0.19979096703296703,0.09182999999999998,0.07945224218672976
2022-02-28,Energy,0.090935,0.13255352564102565,0.12403447541581664
2022-02-28,Financials,-0.03991346726190476,0.027003333333333334,0.08419680102789627
2022-02-28,Healthcare,0.1698861111111111,-0.012819999999999998,0.12400847432990292
2022-02-28,Industrials,0.19422,0.04113,0.10346490126606198
2022-02-28,Materials,0.0,0.0,0.07116405651755651
2022-02-28,RealEstate,0.03188333333333333,0.1162625,0.17650097222222222
2022-02-28,Tech,0.16212030303030303,-0.053872619047619044,0.12664010205308335
2022-02-28,Utilities,0.28296111111111116,0.1591,0.2133000119047619
2022-03-01,Comm,0.05962500000000001,0.24096805555555556,0.1120649799697657
2022-03-01,Consumer,0.022870714285714293,0.19979096703296703,0.08789751499328828
2022-03-01,Energy,0.06706113408521304,0.090935,0.12406782095916218
2022-03-01,Financials,-0.12336446428571429,-0.03991346726190476,0.07273271415147903
2022-03-01,Healthcare,0.10092000000000001,0.1698861111111111,0.12278567009709866
2022-03-01,Industrials,0.1610591666666667,0.19422,0.10247424650415723
2022-03-01,Materials,0.22020000000000003,0.0,0.06467988985088986
2022-03-01,RealEstate,0.055575,0.03188333333333333,0.1626644642857143
2022-03-01,Tech,0.18102000000000001,0.16212030303030303,0.1276694860718424
2022-03-01,Utilities,0.141475,0.28296111111111116,0.21123982671957672
2022-03-02,Comm,0.24120999999999998,0.05962500000000001,0.12167817044595616
2022-03-02,Consumer,0.1449726984126984,0.022870714285714293,0.0887837394830842
2022-03-02,Energy,0.17474464285714283,0.06706113408521304,0.11802661008226757
2022-03-02,Financials,0.11660357142857142,-0.12336446428571429,0.06099509706618337
2022-03-02,Healthcare,0.09197500000000002,0.10092000000000001,0.12132567009709866
2022-03-02,Industrials,0.13356916666666666,0.1610591666666667,0.10310292904383976
2022-03-02,Materials,0.39994999999999997,0.22020000000000003,0.07516560413660414
2022-03-02,RealEstate,0.05497,0.055575,0.16475791666666667
2022-03-02,Tech,0.204905,0.18102000000000001,0.12759783527819157
2022-03-02,Utilities,0.0,0.141475,0.2070341917989418
2022-03-03,Comm,-0.023117999999999993,0.24120999999999998,0.12827670105820108
2022-03-03,Consumer,0.082026,0.1449726984126984,0.08874864348913107
2022-03-03,Energy,0.0956809523809524,0.17474464285714283,0.11928683117070295
2022-03-03,Financials,0.2804041666666667,0.11660357142857142,0.0631316163405598
2022-03-03,Healthcare,0.013725000000000008,0.09197500000000002,0.11840812814698529
2022-03-03,Industrials,0.17780416666666665,0.13356916666666666,0.10095763142479215
2022-03-03,Materials,0.0,0.39994999999999997,0.0962632231842232
2022-03-03,RealEstate,0.22634375,0.05497,0.14683125000000002
2022-03-03,Tech,0.07885045454545456,0.204905,0.13229602575438207
2022-03-03,Utilities,-0.11409999999999998,0.0,0.1982742711640212
2022-03-04,Comm,0.0367125,-0.023117999999999993,0.12528210241874527
2022-03-04,Consumer,0.08066704761904764,0.082026,0.09604107206055963
2022-03-04,Energy,0.09434125000000002,0.0956809523809524,0.11886074815778763
2022-03-04,Financials,0.12871666666666665,0.2804041666666667,0.07270279434509494
2022-03-04,Healthcare,0.11857,0.013725000000000008,0.11454379969765685
2022-03-04,Industrials,0.15148333333333333,0.17780416666666665,0.10908223459939533
2022-03-04,Materials,0.004775000000000008,0.0,0.08894840836940837
2022-03-04,RealEstate,0.4441333333333334,0.22634375,0.14518333333333336
2022-03-04,Tech,0.0602114761904762,0.07885045454545456,0.12877262588264887
2022-03-04,Utilities,0.20621666666666666,-0.11409999999999998,0.17424887433862435
2022-03-07,Comm,0.06970416666666666,0.0367125,0.12005006727135299
2022-03-07,Consumer,0.11618261904761903,0.08066704761904764,0.10132640766146668
2022-03-07,Energy,0.048238494505494514,0.09434125000000002,0.11593868069747018
2022-03-07,Financials,-0.004060384615384622,0.12871666666666665,0.06662520704350763
2022-03-07,Healthcare,0.21133833333333335,0.11857,0.11780676114890401
2022-03-07,Industrials,0.19033750000000002,0.15148333333333333,0.11045773063114134
2022-03-07,Materials,0.065325,0.004775000000000008,0.08382578932178933
2022-03-07,RealEstate,0.1006777777777778,0.4441333333333334,0.15863789682539683
2022-03-07,Tech,0.026246809523809526,0.0602114761904762,0.12211383349502973
2022-03-07,Utilities,0.22660833333333333,0.20621666666666666,0.17152585846560847
2022-03-08,Comm,0.07189999999999998,0.06970416666666666,0.11357591194255481
2022-03-08,Consumer,0.17952238095238096,0.11618261904761903,0.0966770879335755
2022-03-08,Energy,0.13428422222222222,0.048238494505494514,0.11445731271095932
2022-03-08,Financials,0.09658333333333333,-0.004060384615384622,0.05762931571261631
2022-03-08,Healthcare,-0.09029499999999999,0.21133833333333335,0.12242549130763417
2022-03-08,Industrials,-0.0048099999999999974,0.19033750000000002,0.11103606396447468
2022-03-08,Materials,0.141375,0.065325,0.0939269797979798
2022-03-08,RealEstate,0.17,0.1006777777777778,0.15602731481481483
2022-03-08,Tech,0.15981742424242426,0.026246809523809526,0.11573999449276215
2022-03-08,Utilities,0.03269999999999999,0.22660833333333333,0.16320482671957673
2022-03-09,Comm,0.11813,0.07189999999999998,0.11498753099017386
2022-03-09,Consumer,0.047948214285714295,0.17952238095238096,0.10017783623289525
2022-03-09,Energy,0.11903300000000003,0.13428422222222222,0.11532632329296992
2022-03-09,Financials,0.11572966666666669,0.09658333333333333,0.05745607308223082
2022-03-09,Healthcare,0.08635666666666666,-0.09029499999999999,0.1252479516250945
2022-03-09,Industrials,0.16288380952380951,-0.0048099999999999974,0.09131495285336357
2022-03-09,Materials,0.09316666666666668,0.141375,0.09607578932178933
2022-03-09,RealEstate,-0.04643333333333332,0.17,0.16412255291005293
2022-03-09,Tech,0.08446657142857142,0.15981742424242426,0.12079631363658129
2022-03-09,Utilities,0.05545,0.03269999999999999,0.1504060171957672
2022-03-10,Comm,0.10175833333333334,0.11813,0.11106381670445956
2022-03-10,Consumer,0.082562,0.047948214285714295,0.0980815823677128
2022-03-10,Energy,0.11858357142857141,0.11903300000000003,0.11551552510702887
2022-03-10,Financials,-0.01409571428571429,0.11572966666666669,0.06223062070127844
2022-03-10,Healthcare,0.04566666666666667,0.08635666666666666,0.11414870370370372
2022-03-10,Industrials,-0.022631428571428573,0.16288380952380951,0.08537200500755858
2022-03-10,Materials,0.10283,0.09316666666666668,0.09293610678210677
2022-03-10,RealEstate,0.02791666666666667,-0.04643333333333332,0.15753703703703706
2022-03-10,Tech,0.2891567692307692,0.08446657142857142,0.11978090093816858
2022-03-10,Utilities,0.05236,0.05545,0.14636395370370373
2022-03-11,Comm,0.06799166666666667,0.10175833333333334,0.11183730876795162
2022-03-11,Consumer,0.08355266666666666,0.082562,0.09410905807718851
2022-03-11,Energy,0.14552444444444446,0.11858357142857141,0.10893629041315131
2022-03-11,Financials,0.11300357142857143,-0.01409571428571429,0.053319808909895225
2022-03-11,Healthcare,0.1645975,0.04566666666666667,0.10797390211640213
2022-03-11,Industrials,0.12408,-0.022631428571428573,0.08270900047241118
2022-03-11,Materials,0.17692222222222223,0.10283,0.09581475396825398
2022-03-11,RealEstate,0.29159999999999997,0.02791666666666667,0.15214179894179894
2022-03-11,Tech,0.084214,0.2891567692307692,0.12221665979042742
2022-03-11,Utilities,0.5574,0.05236,0.13613823941798942
2022-03-14,Comm,0.1797654761904762,0.06799166666666667,0.10244281670445958
2022-03-14,Consumer,0.06268571428571429,0.08355266666666666,0.09428543676199577
2022-03-14,Energy,0.19970683333333333,0.14552444444444446,0.10631634332320423
2022-03-14,Financials,0.20169142857142858,0.11300357142857143,0.048295177390620836
2022-03-14,Healthcare,0.21051250000000002,0.1645975,0.10420267195767197
2022-03-14,Industrials,0.26688999999999996,0.12408,0.08308661952003024
2022-03-14,Materials,0.125,0.17692222222222223,0.09467057407407407
2022-03-14,RealEstate,0.13554000000000002,0.29159999999999997,0.1626498941798942
2022-03-14,Tech,0.2733157777777778,0.084214,0.11836632279409043
2022-03-14,Utilities,0.07681666666666666,0.5574,0.14609538227513227
2022-03-15,Comm,0.1917825,0.1797654761904762,0.0889308552532124
2022-03-15,Consumer,0.14741555555555558,0.06268571428571429,0.08990229676396758
2022-03-15,Energy,0.18573516666666667,0.19970683333333333,0.11312129457036978
2022-03-15,Financials,0.008142666666666677,0.20169142857142858,0.056607963671799974
2022-03-15,Healthcare,-0.07386999999999999,0.21051250000000002,0.11300199735449737
2022-03-15,Industrials,0.18943333333333334,0.26688999999999996,0.09411309571050643
2022-03-15,Materials,0.2801,0.125,0.10285470105820108
2022-03-15,RealEstate,0.34446666666666664,0.13554000000000002,0.15917679894179898
2022-03-15,Tech,0.10169049206349205,0.2733157777777778,0.12767850268827033
2022-03-15,Utilities,0.23775000000000002,0.07681666666666666,0.1390693187830688
2022-03-16,Comm,0.0933,0.1917825,0.09709811715797431
2022-03-16,Consumer,0.09864166666666667,0.14741555555555558,0.09678436403532056
2022-03-16,Energy,0.19075178571428572,0.18573516666666667,0.11205138187195705
2022-03-16,Financials,0.2054085714285714,0.008142666666666677,0.05438993192576823
2022-03-16,Healthcare,0.1036245238095238,-0.07386999999999999,0.09662961640211641
2022-03-16,Industrials,0.01829603174603175,0.18943333333333334,0.09820055602796673
2022-03-16,Materials,0.373725,0.2801,0.09740232010582012
2022-03-16,RealEstate,0.14536666666666667,0.34446666666666664,0.17317164021164025
2022-03-16,Tech,0.1799678841991342,0.10169049206349205,0.1300325208288599
2022-03-16,Utilities,0.15625,0.23775000000000002,0.14307969973544973
2022-03-17,Comm,-0.11100833333333332,0.0933,0.09172338699924414
2022-03-17,Consumer,0.02620444444444444,0.09864166666666667,0.09609377257651482
2022-03-17,Energy,0.1438810606060606,0.19075178571428572,0.11524294082887317
2022-03-17,Financials,0.19704732142857143,0.2054085714285714,0.06517898710339484
2022-03-17,Healthcare,0.04458555555555557,0.1036245238095238,0.10154881141345427
2022-03-17,Industrials,0.22150454545454543,0.01829603174603175,0.1034383630952381
2022-03-17,Materials,0.04875,0.373725,0.10710351058201059
2022-03-17,RealEstate,0.0,0.14536666666666667,0.15704683862433863
2022-03-17,Tech,0.08747716666666668,0.1799678841991342,0.1357984411387088
2022-03-17,Utilities,0.07665,0.15625,0.1376347791005291
2022-03-18,Comm,0.28582,-0.11100833333333332,0.07538727588813303
2022-03-18,Consumer,0.12119447619047619,0.02620444444444444,0.08816259532783757
2022-03-18,Energy,0.07741,0.1438810606060606,0.11800425664004613
2022-03-18,Financials,0.14207999999999998,0.19704732142857143,0.06859158971110459
2022-03-18,Healthcare,0.19258888888888892,0.04458555555555557,0.10166617913832202
2022-03-18,Industrials,-0.03149829059829059,0.22150454545454543,0.10546582822270321
2022-03-18,Materials,0.022425000000000025,0.04875,0.10942493915343916
2022-03-18,RealEstate,0.04753,0.0,0.14627064814814816
2022-03-18,Tech,0.15778533333333333,0.08747716666666668,0.13365074194792137
2022-03-18,Utilities,0.4019,0.07665,0.12712763624338624
2022-03-21,Comm,0.12134750000000001,0.28582,0.0832287044595616
2022-03-21,Consumer,0.31535233333333335,0.12119447619047619,0.08564877673373325
2022-03-21,Energy,0.10479928571428572,0.07741,0.11406489156068103
2022-03-21,Financials,0.06151466666666666,0.14207999999999998,0.07298596360881182
2022-03-21,Healthcare,0.20162,0.19258888888888892,0.10241374527588815
2022-03-21,Industrials,0.03907799999999999,-0.03149829059829059,0.10062747424863498
2022-03-21,Materials,0.15038333333333334,0.022425000000000025,0.11016898677248677
2022-03-21,RealEstate,0.09848666666666667,0.04753,0.13176414021164023
2022-03-21,Tech,0.118424,0.15778533333333333,0.134121896009546
2022-03-21,Utilities,0.045840000000000006,0.4019,0.139073667989418
2022-03-22,Comm,-0.1896,0.12134750000000001,0.07973892554799697
2022-03-22,Consumer,0.16885694444444446,0.31535233333333335,0.09818498860398861
2022-03-22,Energy,0.14478883116883118,0.10479928571428572,0.11489319088040893
2022-03-22,Financials,0.15835,0.06151466666666666,0.07815055523940345
2022-03-22,Healthcare,-0.05370499999999999,0.20162,0.10691231670445957
2022-03-22,Industrials,-0.14565833333333333,0.03907799999999999,0.0989295218676826
2022-03-22,Materials,0.13883333333333334,0.15038333333333334,0.11646700264550265
2022-03-22,RealEstate,0.053550000000000014,0.09848666666666667,0.13358128306878309
2022-03-22,Tech,0.1352950476190476,0.118424,0.13399721664446665
2022-03-22,Utilities,0.49459999999999993,0.045840000000000006,0.13239922354497352
2022-03-23,Comm,0.11689374999999999,-0.1896,0.07023416364323506
2022-03-23,Consumer,0.13609270833333334,0.16885694444444446,0.10492766056166056
2022-03-23,Energy,0.05183416666666667,0.14478883116883118,0.11550317490432153
2022-03-23,Financials,0.37477916666666666,0.15835,0.08245547587432409
2022-03-23,Healthcare,0.055700000000000006,-0.05370499999999999,0.0948569992441421
2022-03-23,Industrials,0.016788888888888884,-0.14565833333333333,0.09016602980419051
2022-03-23,Materials,0.0,0.13883333333333334,0.13078363756613756
2022-03-23,RealEstate,0.48040000000000005,0.053550000000000014,0.13714636243386244
2022-03-23,Tech,0.07206236363636363,0.1352950476190476,0.1326506633564848
2022-03-23,Utilities,0.2732,0.49459999999999993,0.15514773544973545
2022-03-24,Comm,0.13485208333333332,0.11689374999999999,0.08079361659108088
2022-03-24,Consumer,-0.03124095238095238,0.13609270833333334,0.10590281674079889
2022-03-24,Energy,0.10890520512820515,0.05183416666666667,0.11561581379321043
2022-03-24,Financials,0.010942142857142862,0.37477916666666666,0.09636103142987963
2022-03-24,Healthcare,0.20384375,0.055700000000000006,0.0912850037792895
2022-03-24,Industrials,-0.05737142857142857,0.016788888888888884,0.08840642332270904
2022-03-24,Materials,0.16592500000000002,0.0,0.11726002645502645
2022-03-24,RealEstate,0.09526666666666668,0.48040000000000005,0.15245487433862434
2022-03-24,Tech,0.1215951888111888,0.07206236363636363,0.12882358883576742
2022-03-24,Utilities,0.2732,0.2732,0.167239417989418
2022-03-25,Comm,-0.4215,0.13485208333333332,0.09506871579743008
2022-03-25,Consumer,0.1207975,-0.03124095238095238,0.10480404123059481
2022-03-25,Energy,0.3053553333333333,0.10890520512820515,0.11406818070407733
2022-03-25,Financials,0.212872,0.010942142857142862,0.09935063743894994
2022-03-25,Healthcare,0.10401666666666669,0.20384375,0.09762042044595616
2022-03-25,Industrials,0.25009166666666666,-0.05737142857142857,0.0898119505335934
2022-03-25,Materials,0.3138666666666667,0.16592500000000002,0.11705645502645504
2022-03-25,RealEstate,0.1713,0.09526666666666668,0.15370233465608468
2022-03-25,Tech,0.13275541666666665,0.1215951888111888,0.12398584650402508
2022-03-25,Utilities,0.08089999999999997,0.2732,0.1762648148148148
2022-03-28,Comm,0.13987666666666665,-0.4215,0.07126633484504913
2022-03-28,Consumer,0.1544848611111111,0.1207975,0.10942503329408686
2022-03-28,Energy,0.28849888888888886,0.3053553333333333,0.13019751932841594
2022-03-28,Financials,0.029579523809523812,0.212872,0.108068487779086
2022-03-28,Healthcare,-0.06920208333333333,0.10401666666666669,0.08994462679516253
2022-03-28,Industrials,0.2241166666666667,0.25009166666666666,0.09888952989867275
2022-03-28,Materials,0.18076666666666666,0.3138666666666667,0.13445486772486773
2022-03-28,RealEstate,0.10150000000000002,0.1713,0.14499217592592595
2022-03-28,Tech,0.27775333333333335,0.13275541666666665,0.12654785047227904
2022-03-28,Utilities,0.3939866666666667,0.08089999999999997,0.1770132275132275
2022-03-29,Comm,0.0764,0.13987666666666665,0.07268625547996976
2022-03-29,Consumer,0.11328416666666667,0.1544848611111111,0.11240859810890169
2022-03-29,Energy,0.10874999999999999,0.28849888888888886,0.13762348900688565
2022-03-29,Financials,-0.04286833333333333,0.029579523809523812,0.10819116351604743
2022-03-29,Healthcare,0.059300000000000005,-0.06920208333333333,0.0872597656840514
2022-03-29,Industrials,0.129366,0.2241166666666667,0.10760318069232355
2022-03-29,Materials,-0.040266666666666666,0.18076666666666666,0.14306280423280424
2022-03-29,RealEstate,0.22379999999999997,0.10150000000000002,0.14428919973544976
2022-03-29,Tech,0.0934084523809524,0.27775333333333335,0.14233956249041965
2022-03-29,Utilities,0.10479333333333334,0.3939866666666667,0.18819830687830688
2022-03-30,Comm,0.11373333333333335,0.0764,0.0648496814058957
2022-03-30,Consumer,0.15387857142857142,0.11328416666666667,0.10828922666288737
2022-03-30,Energy,0.369875,0.10874999999999999,0.13847182234021896
2022-03-30,Financials,0.12411111111111112,-0.04286833333333333,0.10805045560788418
2022-03-30,Healthcare,0.087025,0.059300000000000005,0.08199376039304612
2022-03-30,Industrials,0.38156111111111113,0.129366,0.10451489497803783
2022-03-30,Materials,0.105,-0.040266666666666666,0.14114534391534392
2022-03-30,RealEstate,0.39914999999999995,0.22379999999999997,0.15342808862433865
2022-03-30,Tech,0.15628283333333334,0.0934084523809524,0.1390675696023553
2022-03-30,Utilities,0.5673333333333334,0.10479333333333334,0.17971412698412698
2022-03-31,Comm,0.21104583333333332,0.11373333333333335,0.06742626870748299
2022-03-31,Consumer,0.06706833333333333,0.15387857142857142,0.11452769605064249
2022-03-31,Energy,0.01215666666666668,0.369875,0.1528915302409231
2022-03-31,Financials,0.01679166666666666,0.12411111111111112,0.11983500681725683
2022-03-31,Healthcare,0.16075833333333334,0.087025,0.08133209372637944
2022-03-31,Industrials,0.22206,0.38156111111111113,0.1150149875706304
2022-03-31,Materials,0.39965,0.105,0.13565962962962963
2022-03-31,RealEstate,0.025412500000000005,0.39914999999999995,0.16978880291005294
2022-03-31,Tech,0.1572599206349206,0.15628283333333334,0.137889609284895
2022-03-31,Utilities,0.3019625,0.5673333333333334,0.19999309523809522
2022-04-01,Comm,0.05593333333333334,0.21104583333333332,0.0659898798185941
2022-04-01,Consumer,0.026569523809523807,0.06706833333333333,0.11081796438019653
2022-04-01,Energy,0.194238,0.01215666666666668,0.14514924566042423
2022-04-01,Financials,0.1571713888888889,0.01679166666666666,0.11508205897145182
2022-04-01,Healthcare,0.3282125,0.16075833333333334,0.08460749055177627
2022-04-01,Industrials,-0.04290499999999999,0.22206,0.11922883677697965
2022-04-01,Materials,0.3314,0.39965,0.1356453439153439
2022-04-01,RealEstate,0.39777500000000005,0.025412500000000005,0.16838130291005293
2022-04-01,Tech,0.09857084382284383,0.1572599206349206,0.135620795981796
2022-04-01,Utilities,0.403,0.3019625,0.21437226190476188
2022-04-04,Comm,0.18989375,0.05593333333333334,0.06975422902494331
2022-04-04,Consumer,0.09749251400560224,0.026569523809523807,0.10817717979969765
2022-04-04,Energy,0.050514555555555576,0.194238,0.1498424384041884
2022-04-04,Financials,-0.005625769230769229,0.1571713888888889,0.10921383145822433
2022-04-04,Healthcare,0.082457,0.3282125,0.09958308578987152
2022-04-04,Industrials,0.154495,-0.04290499999999999,0.10871887645951932
2022-04-04,Materials,-0.01858333333333333,0.3314,0.15142629629629628
2022-04-04,RealEstate,0.14610625,0.39777500000000005,0.1765446957671958
2022-04-04,Tech,0.1274293984962406,0.09857084382284383,0.13655986213786214
2022-04-04,Utilities,0.1858,0.403,0.23899607142857146
2022-04-05,Comm,-0.069578,0.18989375,0.07704857426303854
2022-04-05,Consumer,0.09643476190476191,0.09749251400560224,0.10897839248477169
2022-04-05,Energy,0.09098400000000001,0.050514555555555576,0.14775545295445297
2022-04-05,Financials,0.182316,-0.005625769230769229,0.10281657260596547
2022-04-05,Healthcare,0.16371466666666665,0.082457,0.09786341912320484
2022-04-05,Industrials,0.027300952380952388,0.154495,0.10886228915793199
2022-04-05,Materials,0.1554625,-0.01858333333333333,0.15031399470899473
2022-04-05,RealEstate,0.17019333333333334,0.14610625,0.16235292989417993
2022-04-05,Tech,0.03937216346153847,0.1274293984962406,0.13976071558099376
2022-04-05,Utilities,0.27115,0.1858,0.2380238492063492
2022-04-06,Comm,0.013,-0.069578,0.07041609013605442
2022-04-06,Consumer,0.0788946666666667,0.09643476190476191,0.10803801833511184
2022-04-06,Energy,0.19727708333333333,0.09098400000000001,0.1497909532160961
2022-04-06,Financials,0.11238124999999999,0.182316,0.11169163854003139
2022-04-06,Healthcare,0.053075000000000004,0.16371466666666665,0.0955956254724112
2022-04-06,Industrials,0.13783583333333335,0.027300952380952388,0.10109864403321547
2022-04-06,Materials,0.21265,0.1554625,0.1546062566137566
2022-04-06,RealEstate,0.13853333333333331,0.17019333333333334,0.16566319444444447
2022-04-06,Tech,0.15575461904761906,0.03937216346153847,0.14038573243517133
2022-04-06,Utilities,0.38558333333333333,0.27115,0.24014488095238096
2022-04-07,Comm,0.006256250000000003,0.013,0.06761132823129253
2022-04-07,Consumer,0.031115222222222228,0.0788946666666667,0.10324622241674448
2022-04-07,Energy,0.1783325,0.19727708333333333,0.15279061326900611
2022-04-07,Financials,0.07165766666666668,0.11238124999999999,0.11244392028606313
2022-04-07,Healthcare,0.1016625,0.053075000000000004,0.10242276832955406
2022-04-07,Industrials,0.07093214285714286,0.13783583333333335,0.1078913027633742
2022-04-07,Materials,0.148,0.21265,0.15800030423280423
2022-04-07,RealEstate,0.09436,0.13853333333333331,0.16416478174603177
2022-04-07,Tech,0.3005507142857143,0.15575461904761906,0.140192265521133
2022-04-07,Utilities,0.18498888888888887,0.38558333333333333,0.2569488492063492
2022-04-08,Comm,0.09015000000000001,0.006256250000000003,0.062284006802721094
2022-04-08,Consumer,0.15137833333333334,0.031115222222222228,0.102444651366102
2022-04-08,Energy,0.26469464285714284,0.1783325,0.15561439898329185
2022-04-08,Financials,0.04477882352941176,0.07165766666666668,0.11034525361939648
2022-04-08,Healthcare,0.367238,0.1016625,0.10315161753590325
2022-04-08,Industrials,0.139625,0.07093214285714286,0.10351265196972341
2022-04-08,Materials,0.037983333333333334,0.148,0.16061141534391535
2022-04-08,RealEstate,0.12533333333333332,0.09436,0.1708692261904762
2022-04-08,Tech,0.39859999999999995,0.3005507142857143,0.15048198660956838
2022-04-08,Utilities,0.0,0.18498888888888887,0.26311736772486777
2022-04-11,Comm,0.09718137254901961,0.09015000000000001,0.06173122902494331
2022-04-11,Consumer,0.19305592857142856,0.15137833333333334,0.10572161962007025
2022-04-11,Energy,0.35029270833333337,0.26469464285714284,0.16257206905131905
2022-04-11,Financials,0.008913142857142852,0.04477882352941176,0.11314880303916439
2022-04-11,Healthcare,0.09616966666666667,0.367238,0.11846453817082389
2022-04-11,Industrials,0.05749305555555556,0.139625,0.11123914856836285
2022-04-11,Materials,0.4523166666666667,0.037983333333333334,0.15752347883597886
2022-04-11,RealEstate,0.022654166666666663,0.12533333333333332,0.1755081150793651
2022-04-11,Tech,0.24419841491841493,0.39859999999999995,0.15569356902715079
2022-04-11,Utilities,0.23863333333333336,0.0,0.2606240343915344
2022-04-12,Comm,0.35571904761904766,0.09718137254901961,0.06312121501934106
2022-04-12,Consumer,0.09682857142857144,0.19305592857142856,0.11093606066315416
2022-04-12,Energy,0.19473622222222225,0.35029270833333337,0.17232293876031374
2022-04-12,Financials,0.07433784090909092,0.008913142857142852,0.10819211596433445
2022-04-12,Healthcare,0.08986666666666668,0.09616966666666667,0.11520606991685563
2022-04-12,Industrials,0.07748833333333333,0.05749305555555556,0.10806834169005597
2022-04-12,Materials,0.20447625,0.4523166666666667,0.1706375
2022-04-12,RealEstate,0.29058666666666666,0.022654166666666663,0.16270117063492065
2022-04-12,Tech,0.1347590476190476,0.24419841491841493,0.16331187449945628
2022-04-12,Utilities,0.293625,0.23863333333333336,0.24544466931216932
2022-04-13,Comm,0.24444375000000002,0.35571904761904766,0.07149995651593971
2022-04-13,Consumer,0.019875333333333335,0.09682857142857144,0.11256191100329022
2022-04-13,Energy,0.236244375,0.19473622222222225,0.17208624299311798
2022-04-13,Financials,0.1401131111111111,0.07433784090909092,0.10212765940898505
2022-04-13,Healthcare,0.08859666666666667,0.08986666666666668,0.10946103023431597
2022-04-13,Industrials,0.02323333333333334,0.07748833333333333,0.099049214705929
2022-04-13,Materials,0.3629895833333333,0.20447625,0.1744220833333333
2022-04-13,RealEstate,0.06479166666666668,0.29058666666666666,0.17008434523809526
2022-04-13,Tech,0.131765,0.1347590476190476,0.15671393496808814
2022-04-13,Utilities,0.09000000000000001,0.293625,0.2557688756613756
2022-04-14,Comm,-0.06293,0.24444375000000002,0.07400763508736828
2022-04-14,Consumer,0.12721023809523807,0.019875333333333335,0.10648856708794631
2022-04-14,Energy,0.2862,0.236244375,0.17449144338994338
2022-04-14,Financials,0.1832844,0.1401131111111111,0.10841196628729192
2022-04-14,Healthcare,0.09986678571428571,0.08859666666666667,0.1171975381708239
2022-04-14,Industrials,0.11636666666666666,0.02323333333333334,0.09113492899164329
2022-04-14,Materials,0.09513500000000001,0.3629895833333333,0.17836920634920633
2022-04-14,RealEstate,0.3224833333333334,0.06479166666666668,0.1567664880952381
2022-04-14,Tech,0.014458333333333333,0.131765,0.15814605439363616
2022-04-14,Utilities,0.24555000000000002,0.09000000000000001,0.24873316137566134
2022-04-18,Comm,0.03971238095238096,-0.06293,0.06656811127784448
2022-04-18,Consumer,0.183084,0.12721023809523807,0.10784897525121159
2022-04-18,Energy,0.26708472222222224,0.2862,0.17903659645116787
2022-04-18,Financials,0.2604653246753247,0.1832844,0.1073584343145028
2022-04-18,Healthcare,0.07091666666666667,0.09986678571428571,0.11701859826152686
2022-04-18,Industrials,0.06595833333333334,0.11636666666666666,0.09580495922595922
2022-04-18,Materials,0.128015,0.09513500000000001,0.16510301587301587
2022-04-18,RealEstate,0.101475,0.3224833333333334,0.1652006150793651
2022-04-18,Tech,0.09806999999999999,0.014458333333333333,0.1502646472095504
2022-04-18,Utilities,0.25029999999999997,0.24555000000000002,0.2529855423280423
2022-04-19,Comm,-0.03787466666666666,0.03971238095238096,0.07374528814859277
2022-04-19,Consumer,0.11746302380952381,0.183084,0.11531943027766663
2022-04-19,Energy,0.224356,0.26708472222222224,0.18490343748050891
2022-04-19,Financials,0.217028,0.2604653246753247,0.11037833923101485
2022-04-19,Healthcare,0.000827904761904763,0.07091666666666667,0.11827246069538927
2022-04-19,Industrials,0.06706,0.06595833333333334,0.08839799674399676
2022-04-19,Materials,0.061799999999999994,0.128015,0.16887753968253966
2022-04-19,RealEstate,-0.06866399999999999,0.101475,0.17003275793650796
2022-04-19,Tech,0.17976311111111112,0.09806999999999999,0.15076906784447106
2022-04-19,Utilities,0.2712666666666667,0.25029999999999997,0.26125458994708994
2022-04-20,Comm,0.1442138888888889,-0.03787466666666666,0.05833125640256103
2022-04-20,Consumer,0.004921666666666681,0.11746302380952381,0.11514174206904983
2022-04-20,Energy,0.22484,0.224356,0.19190086605193749
2022-04-20,Financials,0.05178000000000001,0.217028,0.11394729161196723
2022-04-20,Healthcare,0.30179687499999996,0.000827904761904763,0.10914098526077097
2022-04-20,Industrials,0.128454,0.06706,0.09309124867724868
2022-04-20,Materials,0.1190188888888889,0.061799999999999994,0.1707525396825397
2022-04-20,RealEstate,-0.08081666666666665,-0.06866399999999999,0.16449971031746036
2022-04-20,Tech,0.18550125,0.17976311111111112,0.15181562869103188
2022-04-20,Utilities,0.0129,0.2712666666666667,0.25503395502645504
2022-04-21,Comm,0.21749565789473688,0.1442138888888889,0.05942013206393669
2022-04-21,Consumer,0.15437399999999998,0.004921666666666681,0.10035932937063714
2022-04-21,Energy,0.18536166666666667,0.22484,0.19761709054173343
2022-04-21,Financials,-0.07844,0.05178000000000001,0.11348373605641167
2022-04-21,Healthcare,0.13291666666666666,0.30179687499999996,0.11391131264172337
2022-04-21,Industrials,0.22846666666666665,0.128454,0.09734724867724869
2022-04-21,Materials,0.07208044444444445,0.1190188888888889,0.16925899470899472
2022-04-21,RealEstate,0.047145000000000006,-0.08081666666666665,0.15596145634920636
2022-04-21,Tech,0.06023690476190476,0.18550125,0.15500978345293664
2022-04-21,Utilities,0.13658166666666666,0.0129,0.2534653835978836
2022-04-22,Comm,0.061139285714285715,0.21749565789473688,0.07880563958273369
2022-04-22,Consumer,0.16029,0.15437399999999998,0.09966966534947314
2022-04-22,Energy,0.09042666666666667,0.18536166666666667,0.19954913032734461
2022-04-22,Financials,0.15829166666666666,-0.07844,0.1022080217706974
2022-04-22,Healthcare,0.1489,0.13291666666666666,0.12279805867346939
2022-04-22,Industrials,-0.08736000000000001,0.22846666666666665,0.11516272486772489
2022-04-22,Materials,0.0296,0.07208044444444445,0.1660802857142857
2022-04-22,RealEstate,0.10115,0.047145000000000006,0.15565645634920636
2022-04-22,Tech,0.028026666666666672,0.06023690476190476,0.15143558617402508
2022-04-22,Utilities,0.14264533333333335,0.13658166666666666,0.23641689153439155
2022-04-25,Comm,0.10244333333333333,0.061139285714285715,0.07615066509293776
2022-04-25,Consumer,0.09253406666666668,0.16029,0.1008219173336001
2022-04-25,Energy,0.12739354112554113,0.09042666666666667,0.20138686842258272
2022-04-25,Financials,0.14498233333333332,0.15829166666666666,0.09189909319926884
2022-04-25,Healthcare,0.254504,0.1489,0.12723615391156462
2022-04-25,Industrials,0.1757957142857143,-0.08736000000000001,0.11020325396825396
2022-04-25,Materials,0.20699583333333335,0.0296,0.1674898095238095
2022-04-25,RealEstate,0.14504666666666668,0.10115,0.13759693253968255
2022-04-25,Tech,0.16951688095238096,0.028026666666666672,0.14933864822308715
2022-04-25,Utilities,0.22735208333333334,0.14264533333333335,0.23020000264550267
2022-04-26,Comm,0.3552925,0.10244333333333333,0.07460739128341395
2022-04-26,Consumer,0.09077333333333334,0.09253406666666668,0.10671596585967721
2022-04-26,Energy,0.15135357142857145,0.12739354112554113,0.20226726537483683
2022-04-26,Financials,0.17671533333333334,0.14498233333333332,0.09828195941242075
2022-04-26,Healthcare,-0.03369928571428572,0.254504,0.1296485467687075
2022-04-26,Industrials,-0.019375004329004325,0.1757957142857143,0.12130645124716555
2022-04-26,Materials,0.13618750000000002,0.20699583333333335,0.1694455634920635
2022-04-26,RealEstate,0.005000000000000001,0.14504666666666668,0.13996740873015873
2022-04-26,Tech,0.14367533333333335,0.16951688095238096,0.1516206335631439
2022-04-26,Utilities,0.36719999999999997,0.22735208333333334,0.22801676851851851
2022-04-27,Comm,0.11123363095238095,0.3552925,0.111597510331033
2022-04-27,Consumer,0.06071033333333333,0.09077333333333334,0.10528624363745498
2022-04-27,Energy,0.278158,0.15135357142857145,0.1949338481412767
2022-04-27,Financials,0.017210000000000017,0.17671533333333334,0.09656021338067473
2022-04-27,Healthcare,0.09706333333333332,-0.03369928571428572,0.12309064427437641
2022-04-27,Industrials,0.04804954545454545,-0.019375004329004325,0.10847470500927643
2022-04-27,Materials,0.027500000000000004,0.13618750000000002,0.16098465079365082
2022-04-27,RealEstate,0.07297291666666667,0.005000000000000001,0.13204836111111112
2022-04-27,Tech,0.14606955555555556,0.14367533333333335,0.15214062959488994
2022-04-27,Utilities,0.11397222222222221,0.36719999999999997,0.24165010185185187
2022-04-28,Comm,0.046220000000000004,0.11123363095238095,0.11023355624940037
2022-04-28,Consumer,0.17766833333333334,0.06071033333333333,0.10082078993375128
2022-04-28,Energy,0.2691045238095239,0.278158,0.19444142486085347
2022-04-28,Financials,0.005380476190476213,0.017210000000000017,0.09597118843736407
2022-04-28,Healthcare,0.12091504761904763,0.09706333333333332,0.1310080450680272
2022-04-28,Industrials,0.060877857142857136,0.04804954545454545,0.10009055638012782
2022-04-28,Materials,-0.00591111111111111,0.027500000000000004,0.1536862380952381
2022-04-28,RealEstate,0.33335000000000004,0.07297291666666667,0.1306899285714286
2022-04-28,Tech,0.042912357954545455,0.14606955555555556,0.14586997351023384
2022-04-28,Utilities,0.14432666666666666,0.11397222222222221,0.2283160806878307
2022-04-29,Comm,0.11332625,0.046220000000000004,0.1087964133922575
2022-04-29,Consumer,0.08824492207792207,0.17766833333333334,0.10388670263216399
2022-04-29,Energy,-0.06264696296296296,0.2691045238095239,0.20207735456606887
2022-04-29,Financials,0.26130000000000003,0.005380476190476213,0.09826875079564071
2022-04-29,Healthcare,0.10992833333333334,0.12091504761904763,0.13394209495464854
2022-04-29,Industrials,0.22786399999999998,0.060877857142857136,0.0968292162440734
2022-04-29,Materials,0.0,-0.00591111111111111,0.15532221693121692
2022-04-29,RealEstate,0.160525,0.33335000000000004,0.13590659523809526
2022-04-29,Tech,0.0032823376623376593,0.042912357954545455,0.14346539758516685
2022-04-29,Utilities,0.3003777777777778,0.14432666666666666,0.23019862037037037
2022-05-02,Comm,0.136406,0.11332625,0.10877702847162257
2022-05-02,Consumer,0.1305045238095238,0.08824492207792207,0.10076129075832352
2022-05-02,Energy,0.1881526282051282,-0.06264696296296296,0.1814810706154516
2022-05-02,Financials,0.17965,0.26130000000000003,0.10480155502844496
2022-05-02,Healthcare,0.24106300000000003,0.10992833333333334,0.13503272987528345
2022-05-02,Industrials,0.06144066666666666,0.22786399999999998,0.08951030619116333
2022-05-02,Materials,0.0,0.0,0.15032221693121692
2022-05-02,RealEstate,0.20020000000000002,0.160525,0.12454350000000003
2022-05-02,Tech,0.052770865800865804,0.0032823376623376593,0.13617965969607185
2022-05-02,Utilities,0.2036688888888889,0.3003777777777778,0.21748645105820105
2022-05-03,Comm,-0.01974999999999999,0.136406,0.10522275069384479
2022-05-03,Consumer,0.12665,0.1305045238095238,0.10378206173338021
2022-05-03,Energy,0.2031636666666667,0.1881526282051282,0.18986183068871165
2022-05-03,Financials,0.19598999999999997,0.17965,0.11255671375860368
2022-05-03,Healthcare,0.006725000000000002,0.24106300000000003,0.13885676162131522
2022-05-03,Industrials,0.3125,0.06144066666666666,0.08186176650862366
2022-05-03,Materials,-0.06086666666666666,0.0,0.13129126455026455
2022-05-03,RealEstate,0.10010000000000001,0.20020000000000002,0.13286671428571428
2022-05-03,Tech,-0.008867619047619037,0.052770865800865804,0.13120399041825967
2022-05-03,Utilities,0.27571,0.2036688888888889,0.2128058029100529
2022-05-04,Comm,-0.007349999999999995,-0.01974999999999999,0.10161878243987654
2022-05-04,Consumer,0.08998289855072464,0.12665,0.10854779869483148
2022-05-04,Energy,0.0712488888888889,0.2031636666666667,0.1902868624347434
2022-05-04,Financials,0.0,0.19598999999999997,0.11440521904960896
2022-05-04,Healthcare,0.08057500000000001,0.006725000000000002,0.12354783304988662
2022-05-04,Industrials,0.11836666666666666,0.3125,0.09878581412767128
2022-05-04,Materials,0.21660000000000001,-0.06086666666666666,0.11261189947089949
2022-05-04,RealEstate,0.06919166666666668,0.10010000000000001,0.11869171428571432
2022-05-04,Tech,-0.011149919871794868,-0.008867619047619037,0.12608787313871384
2022-05-04,Utilities,0.026512698412698422,0.27571,0.20674437433862433
2022-05-05,Comm,-0.026666666666666655,-0.007349999999999995,0.09222622291606701
2022-05-05,Consumer,-0.08706552380952379,0.08998289855072464,0.10819019795888492
2022-05-05,Energy,0.31511633333333333,0.0712488888888889,0.19127421164109262
2022-05-05,Financials,0.13916199999999998,0.0,0.11467311282250274
2022-05-05,Healthcare,0.0968666666666667,0.08057500000000001,0.12345821400226759
2022-05-05,Industrials,0.010960666666666674,0.11836666666666666,0.09706541730227444
2022-05-05,Materials,0.33485,0.21660000000000001,0.12381110582010582
2022-05-05,RealEstate,0.06193333333333333,0.06919166666666668,0.1150291150793651
2022-05-05,Tech,0.2918409444444444,-0.011149919871794868,0.1194888579783312
2022-05-05,Utilities,0.07535333333333334,0.026512698412698422,0.19915926473922904
2022-05-06,Comm,0.21434066666666668,-0.026666666666666655,0.09426961974146383
2022-05-06,Consumer,0.04516104761904763,-0.08706552380952379,0.0994520891153475
2022-05-06,Energy,0.1670859761904762,0.31511633333333333,0.20194717989506086
2022-05-06,Financials,-0.11948333333333334,0.13916199999999998,0.11261816044155036
2022-05-06,Healthcare,0.028249999999999997,0.0968666666666667,0.12027497590702947
2022-05-06,Industrials,0.1623333333333333,0.010960666666666674,0.09628730845873704
2022-05-06,Materials,0.025366666666666666,0.33485,0.13235336772486775
2022-05-06,RealEstate,0.04733333333333333,0.06193333333333333,0.10987387698412701
2022-05-06,Tech,0.08444333333333334,0.2918409444444444,0.13151118088227912
2022-05-06,Utilities,0.12090500000000001,0.07535333333333334,0.1898356139455782
2022-05-09,Comm,-0.031979999999999995,0.21434066666666668,0.10385727053511463
2022-05-09,Consumer,0.12882402597402595,0.04516104761904763,0.09784572630355612
2022-05-09,Energy,0.1320005627705628,0.1670859761904762,0.20050950812635338
2022-05-09,Financials,0.04485833333333333,-0.11948333333333334,0.10157698980662973
2022-05-09,Healthcare,0.10278333333333332,0.028249999999999997,0.11909283304988663
2022-05-09,Industrials,0.17817650000000002,0.1623333333333333,0.09745385607778465
2022-05-09,Materials,0.0,0.025366666666666666,0.12343511375661377
2022-05-09,RealEstate,0.16853,0.04733333333333333,0.10553101984126988
2022-05-09,Tech,0.10258,0.08444333333333334,0.128115405372075
2022-05-09,Utilities,0.11369375000000001,0.12090500000000001,0.1772318837868481
2022-05-10,Comm,0.05671607142857142,-0.031979999999999995,0.10203649672559083
2022-05-10,Consumer,0.1045738888888889,0.12882402597402595,0.10249852648221343
2022-05-10,Energy,0.13663142857142857,0.1320005627705628,0.19830322540114206
2022-05-10,Financials,0.19120416666666665,0.04485833333333333,0.10030083107647099
2022-05-10,Healthcare,0.13823866666666668,0.10278333333333332,0.11914620606575964
2022-05-10,Industrials,0.05663124999999998,0.17817650000000002,0.10256073022744451
2022-05-10,Materials,0.29612499999999997,0.0,0.11638749470899472
2022-05-10,RealEstate,0.06752000000000001,0.16853,0.10906292460317461
2022-05-10,Tech,0.20775435897435898,0.10258,0.11868822850132672
2022-05-10,Utilities,0.0,0.11369375000000001,0.17383687717309146
2022-05-11,Comm,0.08500999999999999,0.05671607142857142,0.10044440488885611
2022-05-11,Consumer,-0.008370999999999995,0.1045738888888889,0.10026974341343038
2022-05-11,Energy,0.30587152777777776,0.13663142857142857,0.19220497710182236
2022-05-11,Financials,0.088305,0.19120416666666665,0.10727346646395931
2022-05-11,Healthcare,0.029093333333333343,0.13823866666666668,0.10824147590702948
2022-05-11,Industrials,0.09233809523809525,0.05663124999999998,0.09860864689411117
2022-05-11,Materials,0.0,0.29612499999999997,0.12867995502645502
2022-05-11,RealEstate,0.03551666666666666,0.06752000000000001,0.10630990873015875
2022-05-11,Tech,0.11455892857142858,0.20775435897435898,0.10960034083343904
2022-05-11,Utilities,0.15889999999999999,0.0,0.17383687717309146
2022-05-12,Comm,0.012044999999999995,0.08500999999999999,0.09986481571985519
2022-05-12,Consumer,0.05636774509803921,-0.008370999999999995,0.09067798491002901
2022-05-12,Energy,0.10757880952380952,0.30587152777777776,0.19008968278965305
2022-05-12,Financials,0.11983541666666667,0.088305,0.11105403108980967
2022-05-12,Healthcare,-0.004173333333333318,0.029093333333333343,0.10504736479591838
2022-05-12,Industrials,0.153725,0.09233809523809525,0.10026793449804164
2022-05-12,Materials,0.33284166666666665,0.0,0.10714106613756615
2022-05-12,RealEstate,0.33362222222222226,0.03551666666666666,0.10692240873015874
2022-05-12,Tech,0.03539452380952381,0.11455892857142858,0.10342703195977303
2022-05-12,Utilities,0.024475000000000007,0.15889999999999999,0.17004005177626608
2022-05-13,Comm,0.15346111111111113,0.012044999999999995,0.08349938488085293
2022-05-13,Consumer,0.07191380952380952,0.05636774509803921,0.08875127889428938
2022-05-13,Energy,0.13405,0.10757880952380952,0.18593932980401434
2022-05-13,Financials,0.119767,0.11983541666666667,0.11322058231636088
2022-05-13,Healthcare,-0.013733333333333334,-0.004173333333333318,0.10056926955782311
2022-05-13,Industrials,0.06772416666666667,0.153725,0.10389825195835908
2022-05-13,Materials,0.16922500000000001,0.33284166666666665,0.11325370502645503
2022-05-13,RealEstate,0.21576250000000002,0.33362222222222226,0.10897172089947092
2022-05-13,Tech,0.1133227272727273,0.03539452380952381,0.09869538796884332
2022-05-13,Utilities,0.329275,0.024475000000000007,0.15722338510959938
2022-05-16,Comm,0.09140000000000002,0.15346111111111113,0.07916687826709633
2022-05-16,Consumer,0.02424066666666667,0.07191380952380952,0.09122930157002634
2022-05-16,Energy,0.10045610989010986,0.13405,0.1810729309944905
2022-05-16,Financials,0.04803999999999999,0.119767,0.11225171988249845
2022-05-16,Healthcare,0.056863333333333335,-0.013733333333333334,0.09569641241496599
2022-05-16,Industrials,0.162495,0.06772416666666667,0.10601686306947021
2022-05-16,Materials,0.11030000000000001,0.16922500000000001,0.10402682010582011
2022-05-16,RealEstate,0.14737916666666667,0.21576250000000002,0.11616080820105822
2022-05-16,Tech,0.02855488888888889,0.1133227272727273,0.09781718450563986
2022-05-16,Utilities,0.2932,0.329275,0.16861743272864702
2022-05-17,Comm,0.020014666666666663,0.09140000000000002,0.08651592588614394
2022-05-17,Consumer,0.10426323529411766,0.02424066666666667,0.08632598864485627
2022-05-17,Energy,0.1196665909090909,0.10045610989010986,0.17222798384640053
2022-05-17,Financials,0.048043666666666665,0.04803999999999999,0.10581151035868894
2022-05-17,Healthcare,0.0048781250000000005,0.056863333333333335,0.09364862896825396
2022-05-17,Industrials,0.12409200000000001,0.162495,0.10821345037105752
2022-05-17,Materials,0.09771458333333334,0.11030000000000001,0.10474896296296296
2022-05-17,RealEstate,0.35252083333333334,0.14737916666666667,0.10782251455026455
2022-05-17,Tech,0.17903190476190475,0.02855488888888889,0.09848844905590443
2022-05-17,Utilities,0.31806,0.2932,0.17088648034769463
2022-05-18,Comm,-0.019074999999999998,0.020014666666666663,0.08557793949158612
2022-05-18,Consumer,0.02845693548387097,0.10426323529411766,0.08257261889695712
2022-05-18,Energy,0.10929517948717948,0.1196665909090909,0.1652080728314895
2022-05-18,Financials,0.10531000000000001,0.048043666666666665,0.09569619331065761
2022-05-18,Healthcare,0.18321,0.0048781250000000005,0.0905039365079365
2022-05-18,Industrials,0.00029333333333333436,0.12409200000000001,0.11098172021232736
2022-05-18,Materials,0.246,0.09771458333333334,0.10330608597883599
2022-05-18,RealEstate,-0.031433333333333334,0.35252083333333334,0.11977707804232807
2022-05-18,Tech,0.278345,0.17903190476190475,0.10234377785409036
2022-05-18,Utilities,0.025,0.31806,0.17411314701436129
2022-05-19,Comm,0.07331666666666668,-0.019074999999999998,0.08647316171380834
2022-05-19,Consumer,0.13998285714285713,0.02845693548387097,0.07833423373859269
2022-05-19,Energy,0.15735583333333333,0.10929517948717948,0.15972898614040282
2022-05-19,Financials,0.14288733333333334,0.10531000000000001,0.09037628854875283
2022-05-19,Healthcare,0.12413125,0.18321,0.09918879818594105
2022-05-19,Industrials,0.35635,0.00029333333333333436,0.10780235513296227
2022-05-19,Materials,0.21685555555555555,0.246,0.11207751455026455
2022-05-19,RealEstate,0.05713125,-0.031433333333333334,0.12154996693121695
2022-05-19,Tech,0.1874224431818182,0.278345,0.10703815351546601
2022-05-19,Utilities,0.29532500000000006,0.025,0.16238616288737717
2022-05-20,Comm,0.16759,0.07331666666666668,0.08309710351275014
2022-05-20,Consumer,0.1451251242236025,0.13998285714285713,0.08476571899936367
2022-05-20,Energy,0.2809625,0.15735583333333333,0.15651545439437106
2022-05-20,Financials,0.28287083333333335,0.14288733333333334,0.09471473299319728
2022-05-20,Healthcare,-0.033523333333333336,0.12413125,0.0907285303287982
2022-05-20,Industrials,0.15273796296296296,0.35635,0.11865454560915274
2022-05-20,Materials,0.21091666666666664,0.21685555555555555,0.11673640343915344
2022-05-20,RealEstate,0.09856,0.05713125,0.12811891534391537
2022-05-20,Tech,0.2962125,0.1874224431818182,0.1071296389050764
2022-05-20,Utilities,0.0719361111111111,0.29532500000000006,0.1758349724111867
2022-05-23,Comm,-0.004019999999999996,0.16759,0.08072064361300076
2022-05-23,Consumer,0.07461283540372672,0.1451251242236025,0.08432529634334474
2022-05-23,Energy,0.11809800000000001,0.2809625,0.1610678750292917
2022-05-23,Financials,-0.024574333333333327,0.28287083333333335,0.11192001077097505
2022-05-23,Healthcare,0.19429333333333335,-0.033523333333333336,0.08280281604308391
2022-05-23,Industrials,0.16391458333333334,0.15273796296296296,0.11504841686135733
2022-05-23,Materials,0.28755833333333336,0.21091666666666664,0.12334765211640211
2022-05-23,RealEstate,0.12167400000000002,0.09856,0.1305672486772487
2022-05-23,Tech,0.17821770426065164,0.2962125,0.11836657201165236
2022-05-23,Utilities,0.2163625,0.0719361111111111,0.17275661262282693
2022-05-24,Comm,0.103128,-0.004019999999999996,0.07761782048374906
2022-05-24,Consumer,0.207497,0.07461283540372672,0.08024543136256983
2022-05-24,Energy,0.1825428888888889,0.11809800000000001,0.16238555756897424
2022-05-24,Financials,0.36192,-0.024574333333333327,0.1032121060090703
2022-05-24,Healthcare,0.02673833333333335,0.19429333333333335,0.0849644033446712
2022-05-24,Industrials,0.4494466666666666,0.16391458333333334,0.12701387321056368
2022-05-24,Materials,-0.14200000000000002,0.28755833333333336,0.13563138227513227
2022-05-24,RealEstate,0.33005,0.12167400000000002,0.13154458201058206
2022-05-24,Tech,0.26002000000000003,0.17821770426065164,0.12551852618279452
2022-05-24,Utilities,0.22461250000000002,0.2163625,0.1762669538926682
2022-05-25,Comm,0.20990000000000003,0.103128,0.07765042365835224
2022-05-25,Consumer,0.028132190476190488,0.207497,0.08571985675939521
2022-05-25,Energy,0.20036904761904764,0.1825428888888889,0.1650117169862765
2022-05-25,Financials,0.035555555555555556,0.36192,0.11354247108843539
2022-05-25,Healthcare,-0.11420625,0.02673833333333335,0.07411841921768707
2022-05-25,Industrials,0.28063166666666667,0.4494466666666666,0.14004487094299
2022-05-25,Materials,0.17076666666666665,-0.14200000000000002,0.11901253306878308
2022-05-25,RealEstate,0.28292500000000004,0.33005,0.14035426455026456
2022-05-25,Tech,0.048077676767676755,0.26002000000000003,0.12982819851839542
2022-05-25,Utilities,0.16546666666666668,0.22461250000000002,0.17613649754346183
2022-05-26,Comm,0.23342666666666667,0.20990000000000003,0.07072697127739985
2022-05-26,Consumer,0.10223241666666667,0.028132190476190488,0.08273694519476937
2022-05-26,Energy,0.17334850000000002,0.20036904761904764,0.1673457872810611
2022-05-26,Financials,0.18185500000000002,0.035555555555555556,0.10682057690854119
2022-05-26,Healthcare,0.2160733333333334,-0.11420625,0.07028475425170069
2022-05-26,Industrials,0.08552916666666667,0.28063166666666667,0.15433090289516477
2022-05-26,Materials,0.07143125000000002,0.17076666666666665,0.12065916005291004
2022-05-26,RealEstate,0.17038333333333333,0.28292500000000004,0.1535887883597884
2022-05-26,Tech,0.2621421052631579,0.048077676767676755,0.12527592915812605
2022-05-26,Utilities,0.20195000000000002,0.16546666666666668,0.1665301483371126
2022-05-27,Comm,0.11344583333333333,0.23342666666666667,0.0765456872637944
2022-05-27,Consumer,0.12643100000000002,0.10223241666666667,0.08471418725826142
2022-05-27,Energy,0.25855,0.17334850000000002,0.16235485870963254
2022-05-27,Financials,0.11809,0.18185500000000002,0.1146608150037793
2022-05-27,Healthcare,-0.018739583333333323,0.2160733333333334,0.07595189710884355
2022-05-27,Industrials,0.14840333333333336,0.08552916666666667,0.15611564676240866
2022-05-27,Materials,-0.1858,0.07143125000000002,0.12275112433862434
2022-05-27,RealEstate,0.17973750000000002,0.17038333333333333,0.15822737962962966
2022-05-27,Tech,0.001103333333333329,0.2621421052631579,0.13080319342991664
2022-05-27,Utilities,0.41179999999999994,0.20195000000000002,0.17071956632653063
2022-05-31,Comm,0.20108222222222225,0.11344583333333333,0.07974691742252457
2022-05-31,Consumer,0.13382777777777777,0.12643100000000002,0.0822743142423884
2022-05-31,Energy,0.23366472527472526,0.25855,0.16185226233775044
2022-05-31,Financials,0.06441666666666666,0.11809,0.1200279351851852
2022-05-31,Healthcare,0.3428688888888889,-0.018739583333333323,0.0693016765873016
2022-05-31,Industrials,0.389235,0.14840333333333336,0.16028352658100276
2022-05-31,Materials,0.13239444444444445,-0.1858,0.11418498677248679
2022-05-31,RealEstate,0.18519166666666667,0.17973750000000002,0.1509124986772487
2022-05-31,Tech,0.3076977777777778,0.001103333333333329,0.12881228749557322
2022-05-31,Utilities,0.22401166666666666,0.41179999999999994,0.183456391723356
2022-06-01,Comm,0.23620000000000002,0.20108222222222225,0.08392577324263038
2022-06-01,Consumer,-0.03917833333333333,0.13382777777777777,0.08444492641857201
2022-06-01,Energy,0.2151297619047619,0.23366472527472526,0.17596234273002131
2022-06-01,Financials,0.14684999999999998,0.06441666666666666,0.11065253835978836
2022-06-01,Healthcare,0.08471875000000001,0.3428688888888889,0.08039408399470901
2022-06-01,Industrials,0.238698,0.389235,0.1679678599143361
2022-06-01,Materials,0.11137500000000002,0.13239444444444445,0.12048948412698414
2022-06-01,RealEstate,0.25335,0.18519166666666667,0.15208710185185187
2022-06-01,Tech,0.20180763888888892,0.3076977777777778,0.1433082608344037
2022-06-01,Utilities,0.45246250000000005,0.22401166666666666,0.17981991024187455
2022-06-02,Comm,-0.07133,0.23620000000000002,0.08867786848072562
2022-06-02,Consumer,0.18307400000000001,-0.03917833333333333,0.07636479036415025
2022-06-02,Energy,0.33538733333333337,0.2151297619047619,0.17724696814428956
2022-06-02,Financials,0.07839999999999998,0.14684999999999998,0.10909063359788358
2022-06-02,Healthcare,-0.08286000000000002,0.08471875000000001,0.07294911970899472
2022-06-02,Industrials,0.050078333333333336,0.238698,0.17640868531116152
2022-06-02,Materials,0.02526666666666667,0.11137500000000002,0.12579305555555556
2022-06-02,RealEstate,0.1628375,0.25335,0.15461805423280425
2022-06-02,Tech,0.12776428571428572,0.20180763888888892,0.15040525002907149
2022-06-02,Utilities,0.5295,0.45246250000000005,0.19166722505668937
2022-06-03,Comm,0.03998583333333334,-0.07133,0.08622167800453516
2022-06-03,Consumer,0.04567708333333334,0.18307400000000001,0.0790516475070074
2022-06-03,Energy,0.19946666666666668,0.33538733333333337,0.18354333322365465
2022-06-03,Financials,-0.03845000000000001,0.07839999999999998,0.1034911097883598
2022-06-03,Healthcare,0.06290000000000001,-0.08286000000000002,0.06868316732804233
2022-06-03,Industrials,0.15648888888888887,0.050078333333333336,0.16391241546989166
2022-06-03,Materials,0.10115,0.02526666666666667,0.12989464285714286
2022-06-03,RealEstate,0.2366625,0.1628375,0.15760555423280426
2022-06-03,Tech,0.12480971428571427,0.12776428571428572,0.15691153120820978
2022-06-03,Utilities,0.18145,0.5295,0.20375246315192744
2022-06-06,Comm,0.008106666666666661,0.03998583333333334,0.08847576530612246
2022-06-06,Consumer,0.12721416666666666,0.04567708333333334,0.07694184678236972
2022-06-06,Energy,0.20060384615384616,0.19946666666666668,0.1896489416892631
2022-06-06,Financials,0.24070833333333336,-0.03845000000000001,0.10166015740740741
2022-06-06,Healthcare,0.10320066666666669,0.06290000000000001,0.06784150066137566
2022-06-06,Industrials,0.049315,0.15648888888888887,0.1657277593852356
2022-06-06,Materials,0.07341249999999999,0.10115,0.1243970238095238
2022-06-06,RealEstate,0.05609777777777778,0.2366625,0.16558035582010583
2022-06-06,Tech,0.07240833333333334,0.12480971428571427,0.1633857995014245
2022-06-06,Utilities,0.1517111111111111,0.18145,0.21113042989417988
2022-06-07,Comm,0.1289875,0.008106666666666661,0.09013163832199547
2022-06-07,Consumer,0.19795916666666666,0.12721416666666666,0.0871456415669502
2022-06-07,Energy,0.10291485714285716,0.20060384615384616,0.18419596610928754
2022-06-07,Financials,0.15707333333333334,0.24070833333333336,0.10649569708994709
2022-06-07,Healthcare,0.357525,0.10320066666666669,0.06814311970899471
2022-06-07,Industrials,0.32836000000000004,0.049315,0.1675541562106324
2022-06-07,Materials,0.032524999999999984,0.07341249999999999,0.11194761904761903
2022-06-07,RealEstate,0.06466000000000001,0.05609777777777778,0.16530247222222225
2022-06-07,Tech,0.07377366666666665,0.07240833333333334,0.15293662754375256
2022-06-07,Utilities,0.20395,0.1517111111111111,0.21476651455026455
2022-06-08,Comm,0.3340422222222222,0.1289875,0.08606720181405896
2022-06-08,Consumer,0.17712857142857144,0.19795916666666666,0.09442174247397969
2022-06-08,Energy,0.18732873015873017,0.10291485714285716,0.1811401985355914
2022-06-08,Financials,0.05806666666666666,0.15707333333333334,0.11966506216931216
2022-06-08,Healthcare,0.34675,0.357525,0.08382288161375662
2022-06-08,Industrials,0.01751250000000001,0.32836000000000004,0.17546018795666415
2022-06-08,Materials,0.133475,0.032524999999999984,0.11228849206349205
2022-06-08,RealEstate,0.20901,0.06466000000000001,0.1661275515873016
2022-06-08,Tech,0.09677218750000001,0.07377366666666665,0.15242854817867318
2022-06-08,Utilities,0.33466666666666667,0.20395,0.21872103835978837
2022-06-09,Comm,0.084188,0.3340422222222222,0.10349683144368858
2022-06-09,Consumer,0.004267571428571437,0.17712857142857144,0.09672195892419615
2022-06-09,Energy,0.17317500000000002,0.18732873015873017,0.1837748731731232
2022-06-09,Financials,-0.009511111111111114,0.05806666666666666,0.12029403042328041
2022-06-09,Healthcare,0.016858333333333333,0.34675,0.09544034193121693
2022-06-09,Industrials,0.27828395833333336,0.01751250000000001,0.1678095212899975
2022-06-09,Materials,0.04277499999999998,0.133475,0.11864444444444444
2022-06-09,RealEstate,0.36615000000000003,0.20901,0.16805517063492065
2022-06-09,Tech,0.07026600000000001,0.09677218750000001,0.1521519856786732
2022-06-09,Utilities,0.13318000000000002,0.33466666666666667,0.2292435582010582
2022-06-10,Comm,-0.025769999999999994,0.084188,0.1048050185185185
2022-06-10,Consumer,0.08084563636363636,0.004267571428571437,0.09194546761656197
2022-06-10,Energy,0.11186666666666667,0.17317500000000002,0.1855150432411504
2022-06-10,Financials,0.09494,-0.009511111111111114,0.11073616005291005
2022-06-10,Healthcare,-0.0016891666666666721,0.016858333333333333,0.08966032605820107
2022-06-10,Industrials,0.06239166666666666,0.27828395833333336,0.17836441216301335
2022-06-10,Materials,-0.14556666666666665,0.04277499999999998,0.10658015873015872
2022-06-10,RealEstate,0.187025,0.36615000000000003,0.18227564682539685
2022-06-10,Tech,0.06320416666666667,0.07026600000000001,0.14560492096560848
2022-06-10,Utilities,0.2447875,0.13318000000000002,0.23558546296296298
2022-06-13,Comm,0.09152,-0.025769999999999994,0.09952978042328044
2022-06-13,Consumer,0.13044151515151514,0.08084563636363636,0.09619387887197323
2022-06-13,Energy,0.16152165404040403,0.11186666666666667,0.17627671652157367
2022-06-13,Financials,0.132749,0.09494,0.11105211243386244
2022-06-13,Healthcare,0.28180803571428575,-0.0016891666666666721,0.08819449272486773
2022-06-13,Industrials,-0.008437777777777784,0.06239166666666666,0.1769383917548501
2022-06-13,Materials,0.06301666666666667,-0.14556666666666665,0.09964841269841268
2022-06-13,RealEstate,0.136985,0.187025,0.1894903293650794
2022-06-13,Tech,0.1289869126984127,0.06320416666666667,0.14315945611300077
2022-06-13,Utilities,0.10874999999999999,0.2447875,0.2396753439153439
2022-06-14,Comm,0.257365625,0.09152,0.10331430423280424
2022-06-14,Consumer,0.10338303571428571,0.13044151515151514,0.09972120125547208
2022-06-14,Energy,0.21588437500000002,0.16152165404040403,0.17884542340331627
2022-06-14,Financials,-0.08878,0.132749,0.11166704497354499
2022-06-14,Healthcare,-0.018330000000000003,0.28180803571428575,0.10181265315570673
2022-06-14,Industrials,0.181398,-0.008437777777777784,0.16921635471781307
2022-06-14,Materials,0.1718,0.06301666666666667,0.08679960317460318
2022-06-14,RealEstate,0.10878999999999998,0.136985,0.18012665211640214
2022-06-14,Tech,0.1480295238095238,0.1289869126984127,0.1476162365362812
2022-06-14,Utilities,0.16446666666666668,0.10874999999999999,0.24368843915343918
2022-06-15,Comm,0.04243999999999999,0.257365625,0.10826213822751322
2022-06-15,Consumer,-0.089825,0.10338303571428571,0.10121973583597094
2022-06-15,Energy,0.2203325,0.21588437500000002,0.18274229840331627
2022-06-15,Financials,0.07327333333333333,-0.08878,0.10173623544973545
2022-06-15,Healthcare,0.09599900000000001,-0.018330000000000003,0.10159376426681785
2022-06-15,Industrials,0.18833363636363637,0.181398,0.17462939440035272
2022-06-15,Materials,0.2184,0.1718,0.08692222222222223
2022-06-15,RealEstate,-0.05318333333333334,0.10878999999999998,0.17503272354497357
2022-06-15,Tech,0.262633,0.1480295238095238,0.1492689411332715
2022-06-15,Utilities,0.034999999999999996,0.16446666666666668,0.23584042328042332
2022-06-16,Comm,0.024703333333333334,0.04243999999999999,0.10593070965608466
2022-06-16,Consumer,0.09485222222222224,-0.089825,0.09578803742327253
2022-06-16,Energy,0.07284333333333333,0.2203325,0.18845069793235866
2022-06-16,Financials,0.011965000000000017,0.07327333333333333,0.10293782275132275
2022-06-16,Healthcare,0.30465,0.09599900000000001,0.10345736744142102
2022-06-16,Industrials,0.07570066666666667,0.18833363636363637,0.175859805655764
2022-06-16,Materials,0.21621,0.2184,0.09206984126984127
2022-06-16,RealEstate,0.0939875,-0.05318333333333334,0.1654821283068783
2022-06-16,Tech,0.10536770562770563,0.262633,0.16041551785284822
2022-06-16,Utilities,0.05546000000000002,0.034999999999999996,0.22354518518518515
2022-06-17,Comm,0.1586825,0.024703333333333334,0.10615397949735451
2022-06-17,Consumer,0.15361,0.09485222222222224,0.09533989394365847
2022-06-17,Energy,0.19516666666666665,0.07284333333333333,0.1862210190001797
2022-06-17,Financials,0.08911000000000001,0.011965000000000017,0.10121979100529102
2022-06-17,Healthcare,0.2725416666666666,0.30465,0.11773221863189723
2022-06-17,Industrials,0.24881666666666666,0.07570066666666667,0.17355545644941478
2022-06-17,Materials,-0.01597499999999999,0.21621,0.09771248015873016
2022-06-17,RealEstate,0.38482333333333335,0.0939875,0.1531710171957672
2022-06-17,Tech,0.1341979166666667,0.10536770562770563,0.15690769884645778
2022-06-17,Utilities,0.16750000000000004,0.05546000000000002,0.21104042328042324
2022-06-21,Comm,0.13806428571428572,0.1586825,0.11461862235449735
2022-06-21,Consumer,0.045222900432900434,0.15361,0.10129956368252177
2022-06-21,Energy,0.06921474830316743,0.19516666666666665,0.19031013743729813
2022-06-21,Financials,-0.022276888888888895,0.08911000000000001,0.10044836243386242
2022-06-21,Healthcare,0.32525208333333333,0.2725416666666666,0.12198610752078609
2022-06-21,Industrials,0.20393500000000003,0.24881666666666666,0.1853899008938592
2022-06-21,Materials,0.10650000000000001,-0.01597499999999999,0.08523748015873016
2022-06-21,RealEstate,0.2915041666666667,0.38482333333333335,0.17299276322751325
2022-06-21,Tech,0.12376342307692308,0.1341979166666667,0.15004355202106096
2022-06-21,Utilities,0.1816333333333333,0.16750000000000004,0.21782613756613758
2022-06-22,Comm,0.15257500000000002,0.13806428571428572,0.11770184230914589
2022-06-22,Consumer,0.16467727272727273,0.045222900432900434,0.09678718479157145
2022-06-22,Energy,0.053783333333333336,0.06921474830316743,0.1861129429120522
2022-06-22,Financials,0.1892666666666667,-0.022276888888888895,0.09258339947089948
2022-06-22,Healthcare,0.018416666666666668,0.32525208333333333,0.13156329006046863
2022-06-22,Industrials,-0.015542777777777794,0.20393500000000003,0.17813204375100208
2022-06-22,Materials,0.10328888888888887,0.10650000000000001,0.07998245370370372
2022-06-22,RealEstate,0.41065000000000007,0.2915041666666667,0.18415337830687833
2022-06-22,Tech,0.20407999999999998,0.12376342307692308,0.14701217011130407
2022-06-22,Utilities,0.39066999999999996,0.1816333333333333,0.21241224867724867
2022-06-23,Comm,0.007799999999999999,0.15257500000000002,0.11698684230914588
2022-06-23,Consumer,0.16758807142857143,0.16467727272727273,0.0977182394822224
2022-06-23,Energy,0.10951416666666666,0.053783333333333336,0.17529488735649662
2022-06-23,Financials,0.05230050000000001,0.1892666666666667,0.0881260582010582
2022-06-23,Healthcare,-0.08277933333333333,0.018416666666666668,0.13403662339380196
2022-06-23,Industrials,0.13220400000000002,-0.015542777777777794,0.17011867514430015
2022-06-23,Materials,0.12628999999999999,0.10328888888888887,0.07485732142857143
2022-06-23,RealEstate,0.2824,0.41065000000000007,0.19901480687830692
2022-06-23,Tech,0.17709999999999998,0.20407999999999998,0.14262490820654214
2022-06-23,Utilities,0.26944444444444443,0.39066999999999996,0.2275900529100529
2022-06-24,Comm,-0.017159999999999995,0.007799999999999999,0.11754969945200301
2022-06-24,Consumer,0.025567380952380963,0.16758807142857143,0.10214563167388167
2022-06-24,Energy,-0.08681416666666666,0.10951416666666666,0.17488613338824266
2022-06-24,Financials,0.3079828333333333,0.05230050000000001,0.09178676455026455
2022-06-24,Healthcare,0.37134999999999996,-0.08277933333333333,0.12084268688586544
2022-06-24,Industrials,0.01205555555555556,0.13220400000000002,0.16860864736652237
2022-06-24,Materials,0.123,0.12628999999999999,0.06717787698412699
2022-06-24,RealEstate,-0.17079999999999998,0.2824,0.20666842592592594
2022-06-24,Tech,-0.0015913333333333224,0.17709999999999998,0.14257168419413016
2022-06-24,Utilities,0.1591,0.26944444444444443,0.23011776455026456
2022-06-27,Comm,0.1307875,-0.017159999999999995,0.11182169945200304
2022-06-27,Consumer,0.12932423529411766,0.025567380952380963,0.09348231648113792
2022-06-27,Energy,0.11116266666666667,-0.08681416666666666,0.1620596069332162
2022-06-27,Financials,0.04298066666666668,0.3079828333333333,0.08921832804232804
2022-06-27,Healthcare,0.24824214285714286,0.37134999999999996,0.13725276625094482
2022-06-27,Industrials,0.13447642857142858,0.01205555555555556,0.14778049921837422
2022-06-27,Materials,0.2855166666666667,0.123,0.0797969246031746
2022-06-27,RealEstate,0.09514333333333333,-0.17079999999999998,0.18281842592592593
2022-06-27,Tech,0.22330488888888889,-0.0015913333333333224,0.13011400165444761
2022-06-27,Utilities,0.15253571428571427,0.1591,0.2269981216931217
2022-06-28,Comm,0.15958750000000002,0.1307875,0.10805443754724112
2022-06-28,Consumer,0.1527320701754386,0.12932423529411766,0.09830098528199158
2022-06-28,Energy,0.26814053221288514,0.11116266666666667,0.15781168403072185
2022-06-28,Financials,0.15527455357142858,0.04298066666666668,0.08957190476190477
2022-06-28,Healthcare,-0.05466666666666666,0.24824214285714286,0.1545122135298564
2022-06-28,Industrials,0.046588571428571424,0.13447642857142858,0.14082072597574383
2022-06-28,Materials,0.41883333333333334,0.2855166666666667,0.08526121031746031
2022-06-28,RealEstate,0.1133,0.09514333333333333,0.17387644179894182
2022-06-28,Tech,0.08831107142857143,0.22330488888888889,0.13845815461260058
2022-06-28,Utilities,0.20465416666666666,0.15253571428571427,0.22638236205593346
2022-06-29,Comm,0.018112499999999997,0.15958750000000002,0.10453828675359032
2022-06-29,Consumer,0.027032372294372296,0.1527320701754386,0.10070573068717119
2022-06-29,Energy,0.24297000000000002,0.26814053221288514,0.1623255903265735
2022-06-29,Financials,0.07320208333333333,0.15527455357142858,0.08830616921768708
2022-06-29,Healthcare,0.34140714285714285,-0.05466666666666666,0.14161983257747543
2022-06-29,Industrials,0.18017333333333335,0.046588571428571424,0.1389664119167869
2022-06-29,Materials,0.085,0.41883333333333334,0.10180416666666667
2022-06-29,RealEstate,0.18549583333333333,0.1133,0.17115818783068784
2022-06-29,Tech,0.17351444444444447,0.08831107142857143,0.13018048633476312
2022-06-29,Utilities,0.20865833333333333,0.20465416666666666,0.22651113189720332
2022-06-30,Comm,0.20725500000000002,0.018112499999999997,0.09999860421390777
2022-06-30,Consumer,0.1416002197802198,0.027032372294372296,0.09597246270118893
2022-06-30,Energy,-0.04428449999999999,0.24297000000000002,0.16158368556466876
2022-06-30,Financials,0.14408428571428572,0.07320208333333333,0.08616864937641724
2022-06-30,Healthcare,0.09581666666666666,0.34140714285714285,0.15876967668178382
2022-06-30,Industrials,0.3157,0.18017333333333335,0.14047926905964406
2022-06-30,Materials,0.118175,0.085,0.11469940476190477
2022-06-30,RealEstate,0.085,0.18549583333333333,0.1714323941798942
2022-06-30,Tech,0.13140755555555556,0.17351444444444447,0.138390539244816
2022-06-30,Utilities,0.11746000000000001,0.20865833333333333,0.21683771919879063
2022-07-01,Comm,0.41126666666666667,0.20725500000000002,0.10029254601284958
2022-07-01,Consumer,0.09069687500000001,0.1416002197802198,0.0963425789870195
2022-07-01,Energy,0.23920153846153847,-0.04428449999999999,0.1483480081706342
2022-07-01,Financials,0.07118333333333332,0.14408428571428572,0.08996234552154196
2022-07-01,Healthcare,0.06679625000000002,0.09581666666666666,0.14700528514739228
2022-07-01,Industrials,0.09263333333333333,0.3157,0.1369776023929774
2022-07-01,Materials,0.21594999999999998,0.118175,0.11402228835978837
2022-07-01,RealEstate,0.07705999999999999,0.085,0.16666136243386245
2022-07-01,Tech,0.18550833333333333,0.13140755555555556,0.12999576675804353
2022-07-01,Utilities,-0.05029999999999999,0.11746000000000001,0.21176383030990176
2022-07-05,Comm,0.16152916666666667,0.41126666666666667,0.10862905394935754
2022-07-05,Consumer,0.11781970085470084,0.09069687500000001,0.10252711271717824
2022-07-05,Energy,0.0841520134032634,0.23920153846153847,0.14949428324476643
2022-07-05,Financials,0.13824309523809525,0.07118333333333332,0.08635917091836735
2022-07-05,Healthcare,0.14612750000000002,0.06679625000000002,0.14615183276643992
2022-07-05,Industrials,0.21310625,0.09263333333333333,0.13002214207551707
2022-07-05,Materials,0.20512083333333336,0.21594999999999998,0.11900205026455024
2022-07-05,RealEstate,0.21361666666666668,0.07705999999999999,0.15826660052910055
2022-07-05,Tech,0.16072708333333333,0.18550833333333333,0.12921960935063614
2022-07-05,Utilities,0.28973333333333334,-0.05029999999999999,0.1878227588813303
2022-07-06,Comm,-0.17806388888888888,0.16152916666666667,0.11971758569538928
2022-07-06,Consumer,0.12050133333333335,0.11781970085470084,0.09941976513883066
2022-07-06,Energy,0.32537757142857143,0.0841520134032634,0.13753069658142977
2022-07-06,Financials,0.034421999999999994,0.13824309523809525,0.0892088421201814
2022-07-06,Healthcare,0.022470000000000007,0.14612750000000002,0.15705599943310658
2022-07-06,Industrials,0.16541500000000003,0.21310625,0.13778537620250123
2022-07-06,Materials,0.264475,0.20512083333333336,0.12756653439153437
2022-07-06,RealEstate,-0.08769166666666667,0.21361666666666668,0.1606846560846561
2022-07-06,Tech,0.141768,0.16072708333333333,0.1307892663801146
2022-07-06,Utilities,0.4032,0.28973333333333334,0.17640529856387
2022-07-07,Comm,0.0,-0.17806388888888888,0.10933426558956916
2022-07-07,Consumer,0.013396666666666673,0.12050133333333335,0.10298282466264018
2022-07-07,Energy,0.27416555555555555,0.32537757142857143,0.1435264539510443
2022-07-07,Financials,0.19363266666666668,0.034421999999999994,0.09267893735827665
2022-07-07,Healthcare,-0.011158928571428549,0.022470000000000007,0.15513076133786846
2022-07-07,Industrials,0.07227249999999999,0.16541500000000003,0.1382104291125541
2022-07-07,Materials,-0.04539999999999999,0.264475,0.13534391534391532
2022-07-07,RealEstate,0.12839166666666668,-0.08769166666666667,0.1452392195767196
2022-07-07,Tech,0.06977146031746032,0.141768,0.1315968037950806
2022-07-07,Utilities,0.4612833333333333,0.4032,0.1869648223733938
2022-07-08,Comm,0.09390833333333334,0.0,0.10894823384353741
2022-07-08,Consumer,-0.057247499999999986,0.013396666666666673,0.09756294371025923
2022-07-08,Energy,0.15476250000000003,0.27416555555555555,0.1470293924939828
2022-07-08,Financials,0.01093,0.19363266666666668,0.09043723894557824
2022-07-08,Healthcare,0.31164000000000003,-0.011158928571428549,0.1496850663265306
2022-07-08,Industrials,0.11198333333333334,0.07227249999999999,0.1393036433982684
2022-07-08,Materials,0.174925,-0.04539999999999999,0.12968617724867726
2022-07-08,RealEstate,0.2876,0.12839166666666668,0.14868178571428572
2022-07-08,Tech,0.10294088888888889,0.06977146031746032,0.13147123841337235
2022-07-08,Utilities,0.19503333333333334,0.4612833333333333,0.2017063567649282
2022-07-11,Comm,0.19074266666666667,0.09390833333333334,0.1072777973356009
2022-07-11,Consumer,0.09360999999999998,-0.057247499999999986,0.08541024529756082
2022-07-11,Energy,0.07279032051282051,0.15476250000000003,0.1494983278681325
2022-07-11,Financials,0.1795137912087912,0.01093,0.08347803259637189
2022-07-11,Healthcare,0.04264904761904762,0.31164000000000003,0.1475000663265306
2022-07-11,Industrials,0.17119583333333332,0.11198333333333334,0.1289999926046176
2022-07-11,Materials,-0.010499999999999999,0.174925,0.13646712962962962
2022-07-11,RealEstate,0.30488666666666664,0.2876,0.15929797619047623
2022-07-11,Tech,0.25202309523809524,0.10294088888888889,0.13286015375728769
2022-07-11,Utilities,0.16374166666666667,0.19503333333333334,0.20128175359032502
2022-07-12,Comm,0.16039333333333333,0.19074266666666667,0.10045400897581255
2022-07-12,Consumer,0.19747597402597403,0.09360999999999998,0.08143317046762884
2022-07-12,Energy,0.23705333333333334,0.07279032051282051,0.14404411788499394
2022-07-12,Financials,0.021767619047619036,0.1795137912087912,0.08926122900313972
2022-07-12,Healthcare,0.013692619047619047,0.04264904761904762,0.1330190685941043
2022-07-12,Industrials,0.08179499999999999,0.17119583333333332,0.13631824657287156
2022-07-12,Materials,0.0,-0.010499999999999999,0.12961117724867727
2022-07-12,RealEstate,-0.00645,0.30488666666666664,0.16386353174603177
2022-07-12,Tech,0.13719761904761904,0.25202309523809524,0.1402530541257684
2022-07-12,Utilities,0.0,0.16374166666666667,0.1931424678760393
2022-07-13,Comm,-0.06895000000000001,0.16039333333333333,0.10408283437263795
2022-07-13,Consumer,0.1723761904761905,0.19747597402597403,0.09063357059131467
2022-07-13,Energy,0.17370166666666667,0.23705333333333334,0.14708594328181931
2022-07-13,Financials,-0.015018333333333333,0.021767619047619036,0.09075069234403164
2022-07-13,Healthcare,0.20695000000000005,0.013692619047619047,0.13286832029478457
2022-07-13,Industrials,0.18954333333333334,0.08179499999999999,0.12696162950937953
2022-07-13,Materials,0.08895000000000002,0.0,0.12757427248677247
2022-07-13,RealEstate,0.25218333333333337,-0.00645,0.1461206746031746
2022-07-13,Tech,0.02342333333333334,0.13719761904761904,0.14344027408041693
2022-07-13,Utilities,0.13396666666666665,0.0,0.18680056311413454
2022-07-14,Comm,0.07161666666666668,-0.06895000000000001,0.10202664389644747
2022-07-14,Consumer,0.18495785714285712,0.1723761904761905,0.09499216840619822
2022-07-14,Energy,0.18032909090909094,0.17370166666666667,0.15003046709134316
2022-07-14,Financials,-0.06569705357142858,-0.015018333333333333,0.08551458123292052
2022-07-14,Healthcare,-0.11062249999999997,0.20695000000000005,0.142803518707483
2022-07-14,Industrials,0.15862333333333334,0.18954333333333334,0.1330164707792208
2022-07-14,Materials,0.09172916666666667,0.08895000000000002,0.1387417328042328
2022-07-14,RealEstate,0.12070000000000002,0.25218333333333337,0.14922345238095241
2022-07-14,Tech,0.16689809523809523,0.02342333333333334,0.14154594868359155
2022-07-14,Utilities,0.11398333333333333,0.13396666666666665,0.181523380574452
2022-07-15,Comm,-0.14136666666666667,0.07161666666666668,0.10107886611866969
2022-07-15,Consumer,0.06993742424242425,0.18495785714285712,0.0975881846915002
2022-07-15,Energy,0.2853583333333333,0.18032909090909094,0.15092605932318537
2022-07-15,Financials,0.05081100000000001,-0.06569705357142858,0.0760647691580906
2022-07-15,Healthcare,0.05068750000000001,-0.11062249999999997,0.12411635034013606
2022-07-15,Industrials,-0.025399999999999992,0.15862333333333334,0.1409717617845118
2022-07-15,Materials,-0.4215,0.09172916666666667,0.1401089947089947
2022-07-15,RealEstate,-0.24730249999999998,0.12070000000000002,0.1484479761904762
2022-07-15,Tech,0.17108785714285715,0.16689809523809523,0.1433512430902431
2022-07-15,Utilities,0.29612,0.11398333333333333,0.18177258692365836
2022-07-18,Comm,0.05542991071428571,-0.14136666666666667,0.08209161413454272
2022-07-18,Consumer,0.16535290476190476,0.06993742424242425,0.09599553652617347
2022-07-18,Energy,0.28092404761904766,0.2853583333333333,0.1542343430533441
2022-07-18,Financials,0.13155844537815126,0.05081100000000001,0.08271195963428106
2022-07-18,Healthcare,0.10802971428571428,0.05068750000000001,0.12740289795918366
2022-07-18,Industrials,0.16897333333333334,-0.025399999999999992,0.13112423797498798
2022-07-18,Materials,0.18958333333333335,-0.4215,0.11185661375661377
2022-07-18,RealEstate,0.14688125,-0.24730249999999998,0.1314911904761905
2022-07-18,Tech,0.244107,0.17108785714285715,0.14444925896325897
2022-07-18,Utilities,0.23375866666666667,0.29612,0.18804179327286472
2022-07-19,Comm,0.2557375,0.05542991071428571,0.08271018131141346
2022-07-19,Consumer,0.12180542857142858,0.16535290476190476,0.10814686532435942
2022-07-19,Energy,0.3311533333333333,0.28092404761904766,0.15711965484472734
2022-07-19,Financials,0.10178533333333335,0.13155844537815126,0.08548744116022478
2022-07-19,Healthcare,0.05234738095238095,0.10802971428571428,0.12797578911564625
2022-07-19,Industrials,0.14718333333333333,0.16897333333333334,0.1302023187830688
2022-07-19,Materials,0.092775,0.18958333333333335,0.11048439153439153
2022-07-19,RealEstate,-0.09824999999999999,0.14688125,0.1410180753968254
2022-07-19,Tech,0.039814,0.244107,0.1435670684870685
2022-07-19,Utilities,0.24957916666666669,0.23375866666666667,0.1975064916855631
2022-07-20,Comm,-0.029666666666666675,0.2557375,0.09371180829554045
2022-07-20,Consumer,0.01973642857142858,0.12180542857142858,0.10943035134098829
2022-07-20,Energy,0.18559214285714284,0.3311533333333333,0.16942013103520354
2022-07-20,Financials,0.12385666666666668,0.10178533333333335,0.0897645998903835
2022-07-20,Healthcare,0.27204896969696973,0.05234738095238095,0.11596137868480726
2022-07-20,Industrials,0.09142142857142857,0.14718333333333333,0.1336062552910053
2022-07-20,Materials,0.056241666666666676,0.092775,0.10460653439153439
2022-07-20,RealEstate,0.20163999999999999,-0.09824999999999999,0.13186390873015874
2022-07-20,Tech,0.1414332142857143,0.039814,0.14044546345717773
2022-07-20,Utilities,0.06709999999999999,0.24957916666666669,0.20675026152683296
2022-07-21,Comm,0.110098,-0.029666666666666675,0.0847428003590325
2022-07-21,Consumer,0.06114190476190477,0.01973642857142858,0.10305541936819917
2022-07-21,Energy,0.119225,0.18559214285714284,0.1689642013299881
2022-07-21,Financials,0.21020624999999998,0.12385666666666668,0.09141920306498667
2022-07-21,Healthcare,-0.06438749999999999,0.27204896969696973,0.11593791692434552
2022-07-21,Industrials,0.0005722222222222286,0.09142142857142857,0.12611124395313683
2022-07-21,Materials,0.06348452380952381,0.056241666666666676,0.10804542328042328
2022-07-21,RealEstate,0.2966,0.20163999999999999,0.12314089285714289
2022-07-21,Tech,0.19521190476190475,0.1414332142857143,0.14079000143903717
2022-07-21,Utilities,0.10825,0.06709999999999999,0.2019693091458806
2022-07-22,Comm,0.11027,0.110098,0.08341107246787605
2022-07-22,Consumer,0.1670702380952381,0.06114190476190477,0.10381346719338984
2022-07-22,Energy,0.2032309090909091,0.119225,0.17134564188698012
2022-07-22,Financials,0.01526166666666667,0.21020624999999998,0.10248982872636235
2022-07-22,Healthcare,0.278042,-0.06438749999999999,0.09738365105132964
2022-07-22,Industrials,0.05165000000000001,0.0005722222222222286,0.116427302154195
2022-07-22,Materials,-0.025116666666666666,0.06348452380952381,0.10599706727135298
2022-07-22,RealEstate,0.45436666666666675,0.2966,0.12338355158730159
2022-07-22,Tech,0.21422444444444447,0.19521190476190475,0.14419231009070294
2022-07-22,Utilities,0.08376,0.10825,0.19847486470143613
2022-07-25,Comm,-0.0038694444444444392,0.11027,0.08139654865835223
2022-07-25,Consumer,0.09870751282051285,0.1670702380952381,0.10392741792519773
2022-07-25,Energy,0.35831617316017317,0.2032309090909091,0.17846219311353137
2022-07-25,Financials,0.129582,0.01526166666666667,0.09420387634540996
2022-07-25,Healthcare,0.05961066666666666,0.278042,0.10974676216244077
2022-07-25,Industrials,0.041095238095238094,0.05165000000000001,0.1196269582388511
2022-07-25,Materials,0.1618286274509804,-0.025116666666666666,0.09988251700680273
2022-07-25,RealEstate,0.21208,0.45436666666666675,0.12546529761904762
2022-07-25,Tech,0.07106240909090908,0.21422444444444447,0.14467537887377174
2022-07-25,Utilities,0.19355,0.08376,0.18386010279667422
2022-07-26,Comm,0.0,-0.0038694444444444392,0.0808408608276644
2022-07-26,Consumer,0.023844573913043475,0.09870751282051285,0.10064739132481398
2022-07-26,Energy,0.075235,0.35831617316017317,0.19030990770846024
2022-07-26,Financials,-0.04365,0.129582,0.09788394777398139
2022-07-26,Healthcare,0.17196333333333333,0.05961066666666666,0.11652723835291694
2022-07-26,Industrials,0.16149975198412697,0.041095238095238094,0.11528844576719577
2022-07-26,Materials,-0.032275,0.1618286274509804,0.10157483259970655
2022-07-26,RealEstate,0.18230000000000002,0.21208,0.1221167261904762
2022-07-26,Tech,0.025316666666666668,0.07106240909090908,0.13962596978286265
2022-07-26,Utilities,0.22228799999999999,0.19355,0.18024608163265307
2022-07-27,Comm,0.0704811111111111,0.0,0.08165800368480726
2022-07-27,Consumer,0.08585857843137254,0.023844573913043475,0.10056535289436934
2022-07-27,Energy,0.12847238095238095,0.075235,0.19802653469258724
2022-07-27,Financials,0.22842500000000002,-0.04365,0.08113952713906077
2022-07-27,Healthcare,0.05521666666666667,0.17196333333333333,0.10703263517831377
2022-07-27,Industrials,0.020000000000000004,0.16149975198412697,0.12240483607331822
2022-07-27,Materials,0.22464285714285712,-0.032275,0.09418078498065895
2022-07-27,RealEstate,0.25764533333333334,0.18230000000000002,0.13893101190476193
2022-07-27,Tech,0.14011155844155845,0.025316666666666668,0.14090730311619598
2022-07-27,Utilities,0.18436,0.22228799999999999,0.18325503401360543
2022-07-28,Comm,0.06283888888888887,0.0704811111111111,0.07878627088057445
2022-07-28,Consumer,0.02938355555555555,0.08585857843137254,0.0984955597104291
2022-07-28,Energy,0.1531928181818182,0.12847238095238095,0.19885080680143077
2022-07-28,Financials,0.002564000000000001,0.22842500000000002,0.0899702096787433
2022-07-28,Healthcare,0.165788,0.05521666666666667,0.09784094583591015
2022-07-28,Industrials,0.08944920634920635,0.020000000000000004,0.11695357756991684
2022-07-28,Materials,0.19695000000000004,0.22464285714285712,0.09128203214619182
2022-07-28,RealEstate,0.08501041666666666,0.25764533333333334,0.14666920238095238
2022-07-28,Tech,0.046147765151515155,0.14011155844155845,0.1369457159520374
2022-07-28,Utilities,0.21211714285714284,0.18436,0.1847704761904762
2022-07-29,Comm,0.07970000000000001,0.06283888888888887,0.07417919416099773
2022-07-29,Consumer,0.14433,0.02938355555555555,0.0926218209190061
2022-07-29,Energy,0.31287102564102565,0.1531928181818182,0.1933771061332847
2022-07-29,Financials,0.06244000000000001,0.002564000000000001,0.08269827855629432
2022-07-29,Healthcare,0.024934166666666667,0.165788,0.1083387871057514
2022-07-29,Industrials,0.21345,0.08944920634920635,0.11899456018518517
2022-07-29,Materials,0.0,0.19695000000000004,0.08071615913031881
2022-07-29,RealEstate,0.26466,0.08501041666666666,0.1453220793650794
2022-07-29,Tech,0.24303222222222223,0.046147765151515155,0.13493793946265376
2022-07-29,Utilities,0.28711,0.21211714285714284,0.18512585600907028
2022-08-01,Comm,0.06880902777777778,0.07970000000000001,0.07711193225623583
2022-08-01,Consumer,0.135023,0.14433,0.0982074222383217
2022-08-01,Energy,0.08448158585858587,0.31287102564102565,0.196705726401905
2022-08-01,Financials,0.20098000000000002,0.06244000000000001,0.08218579839756417
2022-08-01,Healthcare,0.11497133333333334,0.024934166666666667,0.09326864538239539
2022-08-01,Industrials,0.21803625,0.21345,0.12057916335978834
2022-08-01,Materials,0.0,0.0,0.07666854008269976
2022-08-01,RealEstate,0.2673625,0.26466,0.1490918015873016
2022-08-01,Tech,0.2265652777777778,0.24303222222222223,0.13824830983302414
2022-08-01,Utilities,0.1612,0.28711,0.18886164965986393
2022-08-02,Comm,0.058553125,0.06880902777777778,0.0705192669123205
2022-08-02,Consumer,0.06867933333333334,0.135023,0.09789422129640647
2022-08-02,Energy,0.1509419642857143,0.08448158585858587,0.20283744477612337
2022-08-02,Financials,0.12062000000000002,0.20098000000000002,0.0848951181254553
2022-08-02,Healthcare,0.1705375,0.11497133333333334,0.09418077236652238
2022-08-02,Industrials,0.002292307692307694,0.21803625,0.11592850859788362
2022-08-02,Materials,0.09652333333333334,0.0,0.07104115913031879
2022-08-02,RealEstate,0.17163750000000003,0.2673625,0.15777573015873017
2022-08-02,Tech,-0.035753809523809535,0.2265652777777778,0.14277962993884424
2022-08-02,Utilities,0.23416250000000002,0.1612,0.1909445068027211
2022-08-03,Comm,0.01739999999999999,0.058553125,0.05372338397581255
2022-08-03,Consumer,0.10017935606060606,0.06867933333333334,0.09684576693132711
2022-08-03,Energy,0.2668084064171123,0.1509419642857143,0.19863460791060789
2022-08-03,Financials,0.11189375000000001,0.12062000000000002,0.08724924510958229
2022-08-03,Healthcare,0.27608499999999997,0.1705375,0.09912083189033191
2022-08-03,Industrials,0.1887333333333333,0.002292307692307694,0.11162655499593
2022-08-03,Materials,0.1859666666666666,0.09652333333333334,0.06535417500333468
2022-08-03,RealEstate,0.005362500000000003,0.17163750000000003,0.16227942063492065
2022-08-03,Tech,0.14471333333333333,-0.035753809523809535,0.13224333742183741
2022-08-03,Utilities,0.154832,0.23416250000000002,0.20449034013605444
2022-08-04,Comm,0.07394166666666666,0.01739999999999999,0.046860090325018894
2022-08-04,Consumer,0.09066458333333334,0.10017935606060606,0.09600575051256069
2022-08-04,Energy,0.15538119047619048,0.2668084064171123,0.20733253138745789
2022-08-04,Financials,0.0737225,0.11189375000000001,0.08599451438395872
2022-08-04,Healthcare,-0.029226111111111102,0.27608499999999997,0.10530928427128428
2022-08-04,Industrials,0.0075,0.1887333333333333,0.1104659399165649
2022-08-04,Materials,0.05909,0.1859666666666666,0.06444207182873149
2022-08-04,RealEstate,0.18020000000000003,0.005362500000000003,0.15236255555555558
2022-08-04,Tech,0.05884666666666667,0.14471333333333333,0.1314807778980279
2022-08-04,Utilities,0.26781142857142853,0.154832,0.19806646712018142
2022-08-05,Comm,0.22383749999999997,0.07394166666666666,0.058860354875283454
2022-08-05,Consumer,0.009133333333333354,0.09066458333333334,0.09458495289351307
2022-08-05,Energy,0.2645275,0.15538119047619048,0.1992374656278207
2022-08-05,Financials,0.2381277777777778,0.0737225,0.08786596676491111
2022-08-05,Healthcare,0.24157291666666664,-0.029226111111111102,0.1028475646945647
2022-08-05,Industrials,0.07940833333333333,0.0075,0.102946178011803
2022-08-05,Materials,0.26335000000000003,0.05909,0.05466183373349339
2022-08-05,RealEstate,0.30746666666666667,0.18020000000000003,0.16511930158730162
2022-08-05,Tech,0.13536666666666666,0.05884666666666667,0.12753214297739296
2022-08-05,Utilities,0.09717083333333335,0.26781142857142853,0.19161939229024944
2022-08-08,Comm,-0.1611,0.22383749999999997,0.06951928344671202
2022-08-08,Consumer,0.1077655238095238,0.009133333333333354,0.0943819370204972
2022-08-08,Energy,0.17884396825396828,0.2645275,0.19877851060136567
2022-08-08,Financials,0.13684380952380953,0.2381277777777778,0.08998478157972592
2022-08-08,Healthcare,-0.05270666666666666,0.24157291666666664,0.11488241446780734
2022-08-08,Industrials,0.2828333333333333,0.07940833333333333,0.10328597959910461
2022-08-08,Materials,0.4144,0.26335000000000003,0.06936421468587436
2022-08-08,RealEstate,0.14528333333333335,0.30746666666666667,0.17364668253968255
2022-08-08,Tech,0.09556638888888888,0.13536666666666666,0.13065572423211708
2022-08-08,Utilities,0.11809249999999999,0.09717083333333335,0.17428070181405897
2022-08-09,Comm,0.04768750000000002,-0.1611,0.057376029478458046
2022-08-09,Consumer,0.08625761904761906,0.1077655238095238,0.10223970005904597
2022-08-09,Energy,0.05755947089947089,0.17884396825396828,0.19992524718488794
2022-08-09,Financials,0.23030000000000003,0.13684380952380953,0.09598067727133588
2022-08-09,Healthcare,0.09024444444444445,-0.05270666666666666,0.09753257319796604
2022-08-09,Industrials,-0.006108333333333327,0.2828333333333333,0.11142169388481889
2022-08-09,Materials,0.0,0.4144,0.08076778611444578
2022-08-09,RealEstate,0.3066,0.14528333333333335,0.16686969841269844
2022-08-09,Tech,0.07936478632478632,0.09556638888888888,0.13030455756545042
2022-08-09,Utilities,0.13498,0.11809249999999999,0.17061685260770976
2022-08-10,Comm,0.18684466666666666,0.04768750000000002,0.05056387868480726
2022-08-10,Consumer,0.12248651515151515,0.08625761904761906,0.10188958668036116
2022-08-10,Energy,0.16823466666666667,0.05755947089947089,0.1991999686318713
2022-08-10,Financials,0.308428125,0.23030000000000003,0.09839906816615536
2022-08-10,Healthcare,0.1748666666666667,0.09024444444444445,0.0997990206658421
2022-08-10,Industrials,0.117525,-0.006108333333333327,0.10297863832926334
2022-08-10,Materials,0.20095,0.0,0.08126778611444578
2022-08-10,RealEstate,0.1504,0.3066,0.16695128571428572
2022-08-10,Tech,0.09325837037037037,0.07936478632478632,0.12208273333148334
2022-08-10,Utilities,0.24269,0.13498,0.1692472494331066
2022-08-11,Comm,0.04229500000000001,0.18684466666666666,0.051823465986394555
2022-08-11,Consumer,0.07152685185185186,0.12248651515151515,0.09831866006729167
2022-08-11,Energy,0.16975866666666667,0.16823466666666667,0.1959228892667919
2022-08-11,Financials,-0.057731249999999984,0.308428125,0.11204956844960207
2022-08-11,Healthcare,0.038704,0.1748666666666667,0.1074739753143682
2022-08-11,Industrials,0.08121666666666667,0.117525,0.10468006690069191
2022-08-11,Materials,0.0,0.20095,0.0908368337334934
2022-08-11,RealEstate,0.3097666666666667,0.1504,0.17442033333333334
2022-08-11,Tech,0.10523058441558442,0.09325837037037037,0.11999038815637625
2022-08-11,Utilities,-0.015466666666666674,0.24269,0.18080391609977325
2022-08-12,Comm,0.135,0.04229500000000001,0.05712084693877551
2022-08-12,Consumer,0.23188885714285715,0.07152685185185186,0.09351631060898984
2022-08-12,Energy,0.20236500000000002,0.16975866666666667,0.19573512736203003
2022-08-12,Financials,0.24447249999999998,-0.057731249999999984,0.11001562003690367
2022-08-12,Healthcare,-0.03679555555555555,0.038704,0.0994622610286539
2022-08-12,Industrials,0.28624444444444447,0.08121666666666667,0.09952165420227918
2022-08-12,Materials,0.0,0.0,0.08660111944777911
2022-08-12,RealEstate,0.03445000000000001,0.3097666666666667,0.17716239682539686
2022-08-12,Tech,0.2878676666666667,0.10523058441558442,0.12388597154124537
2022-08-12,Utilities,0.45110000000000006,-0.015466666666666674,0.17368804308390023
2022-08-15,Comm,0.08641499999999999,0.135,0.06013910090702948
2022-08-15,Consumer,0.0629431038961039,0.23188885714285715,0.09575112013279935
2022-08-15,Energy,0.1497441616161616,0.20236500000000002,0.19678445636635905
2022-08-15,Financials,0.10062333333333333,0.24447249999999998,0.12478559877840026
2022-08-15,Healthcare,0.03286111111111111,-0.03679555555555555,0.10297782981172267
2022-08-15,Industrials,0.3402,0.28624444444444447,0.10559884996947497
2022-08-15,Materials,0.06538333333333332,0.0,0.08223306389222355
2022-08-15,RealEstate,-0.015062500000000034,0.03445000000000001,0.173055253968254
2022-08-15,Tech,0.18745342857142855,0.2878676666666667,0.12964642732355827
2022-08-15,Utilities,0.2270625,0.45110000000000006,0.18974121768707483
2022-08-16,Comm,0.12969166666666668,0.08641499999999999,0.07098584693877552
2022-08-16,Consumer,0.12937630952380952,0.0629431038961039,0.09541805725916505
2022-08-16,Energy,0.21479166666666666,0.1497441616161616,0.19032663866554134
2022-08-16,Financials,0.03205,0.10062333333333333,0.12715761465141615
2022-08-16,Healthcare,0.07089583333333332,0.03286111111111111,0.102128954150347
2022-08-16,Industrials,-0.14880000000000002,0.3402,0.12300837377899879
2022-08-16,Materials,0.040150000000000005,0.06538333333333332,0.10541798452714418
2022-08-16,RealEstate,0.2396777777777778,-0.015062500000000034,0.1841143015873016
2022-08-16,Tech,0.2116573333333333,0.18745342857142855,0.13042574024872836
2022-08-16,Utilities,0.13756875,0.2270625,0.18645276530612245
2022-08-17,Comm,-0.06540833333333333,0.12969166666666668,0.07452212103174603
2022-08-17,Consumer,0.05567096618357488,0.12937630952380952,0.093704886057351
2022-08-17,Energy,0.35966458333333334,0.21479166666666666,0.1871774776678089
2022-08-17,Financials,0.08597500000000001,0.03205,0.12241911725245655
2022-08-17,Healthcare,0.03181666666666667,0.07089583333333332,0.10036067410499554
2022-08-17,Industrials,0.02928333333333334,-0.14880000000000002,0.10787631028693527
2022-08-17,Materials,0.1251,0.040150000000000005,0.09830211151127118
2022-08-17,RealEstate,0.23211874999999998,0.2396777777777778,0.1885331838624339
2022-08-17,Tech,0.10951666666666668,0.2116573333333333,0.1288805180265061
2022-08-17,Utilities,0.3977333333333333,0.13756875,0.1818722930839002
2022-08-18,Comm,0.0062875,-0.06540833333333333,0.05922946230158729
2022-08-18,Consumer,0.052635333333333346,0.05567096618357488,0.09055562594364368
2022-08-18,Energy,-0.022702333333333314,0.35966458333333334,0.1885351562392375
2022-08-18,Financials,0.20402266666666663,0.08597500000000001,0.12166624423658352
2022-08-18,Healthcare,0.06487733333333333,0.03181666666666667,0.09938302104377104
2022-08-18,Industrials,0.030866666666666688,0.02928333333333334,0.10226202457264956
2022-08-18,Materials,0.0382875,0.1251,0.09984139722555689
2022-08-18,RealEstate,0.07135,0.23211874999999998,0.20426502910052913
2022-08-18,Tech,0.10962000000000001,0.10951666666666668,0.13219969262968073
2022-08-18,Utilities,0.33548333333333336,0.3977333333333333,0.18892725340136055
2022-08-19,Comm,-0.23604375,0.0062875,0.06094156547619047
2022-08-19,Consumer,0.04766399999999997,0.052635333333333346,0.09212224045611533
2022-08-19,Energy,0.1996433333333333,-0.022702333333333314,0.17861637165873864
2022-08-19,Financials,0.04348333333333334,0.20402266666666663,0.12548367280801212
2022-08-19,Healthcare,-0.023240000000000004,0.06487733333333333,0.08951770502645504
2022-08-19,Industrials,0.05779999999999999,0.030866666666666688,0.09937846448194662
2022-08-19,Materials,0.0,0.0382875,0.09898643690809658
2022-08-19,RealEstate,0.3754,0.07135,0.19806074338624338
2022-08-19,Tech,0.17626999999999998,0.10962000000000001,0.13068477766369432
2022-08-19,Utilities,0.10835555555555555,0.33548333333333336,0.20170741213151924
2022-08-22,Comm,0.22172,-0.23604375,0.044458624999999995
2022-08-22,Consumer,0.14937399999999998,0.04766399999999997,0.09148043546745319
2022-08-22,Energy,0.23415600000000003,0.1996433333333333,0.18244581610318306
2022-08-22,Financials,0.046505000000000005,0.04348333333333334,0.11754448630007558
2022-08-22,Healthcare,0.21757999999999997,-0.023240000000000004,0.0914771097883598
2022-08-22,Industrials,0.2192964285714286,0.05779999999999999,0.10210359675707889
2022-08-22,Materials,0.0715375,0.0,0.09596336434573831
2022-08-22,RealEstate,0.3166525,0.3754,0.20181312433862436
2022-08-22,Tech,0.273232,0.17626999999999998,0.1297827821988417
2022-08-22,Utilities,0.3066916666666667,0.10835555555555555,0.20171243858654572
2022-08-23,Comm,0.16797499999999999,0.22172,0.04976576785714285
2022-08-23,Consumer,0.09095257142857142,0.14937399999999998,0.09063775746291805
2022-08-23,Energy,0.13701555555555556,0.23415600000000003,0.18391843947980643
2022-08-23,Financials,0.3750533333333333,0.046505000000000005,0.11903226407785338
2022-08-23,Healthcare,0.17099333333333333,0.21757999999999997,0.08859796693121694
2022-08-23,Industrials,0.19076666666666667,0.2192964285714286,0.11008676002238502
2022-08-23,Materials,-0.004488888888888892,0.0715375,0.10056594371081766
2022-08-23,RealEstate,0.07531666666666666,0.3166525,0.19525530687830692
2022-08-23,Tech,0.072684,0.273232,0.13259266579672532
2022-08-23,Utilities,0.050875000000000004,0.3066916666666667,0.21232823223733938
2022-08-24,Comm,0.12885333333333332,0.16797499999999999,0.05794883664021163
2022-08-24,Consumer,-0.041035333333333326,0.09095257142857142,0.09026847453949227
2022-08-24,Energy,0.014271333333333336,0.13701555555555556,0.1733803148319675
2022-08-24,Financials,0.05741999999999999,0.3750533333333333,0.13072137518896448
2022-08-24,Healthcare,0.14498125,0.17099333333333333,0.09390190343915343
2022-08-24,Industrials,0.132375,0.19076666666666667,0.11721397090673877
2022-08-24,Materials,0.0,-0.004488888888888892,0.0926460619803477
2022-08-24,RealEstate,0.18197000000000002,0.07531666666666666,0.1887427671957672
2022-08-24,Tech,0.159006218487395,0.072684,0.13266988441144395
2022-08-24,Utilities,0.388975,0.050875000000000004,0.20553418461829176
2022-08-25,Comm,0.03916388888888889,0.12885333333333332,0.06408470965608466
2022-08-25,Consumer,0.15410200000000002,-0.041035333333333326,0.08717895514680765
2022-08-25,Energy,0.10562892857142858,0.014271333333333336,0.17047728308593577
2022-08-25,Financials,0.022945999999999994,0.05741999999999999,0.13553423233182163
2022-08-25,Healthcare,0.14380833333333334,0.14498125,0.09261704232804233
2022-08-25,Industrials,0.21713333333333332,0.132375,0.11582707795511367
2022-08-25,Materials,0.003225,0.0,0.09418296674225246
2022-08-25,RealEstate,0.22716250000000002,0.18197000000000002,0.18872705291005293
2022-08-25,Tech,0.17387916666666664,0.159006218487395,0.13903605354576434
2022-08-25,Utilities,0.24112,0.388975,0.21347166080876798
2022-08-26,Comm,-0.10235083333333335,0.03916388888888889,0.06259341335978837
2022-08-26,Consumer,0.014823809523809522,0.15410200000000002,0.09042864188817087
2022-08-26,Energy,0.16163888888888892,0.10562892857142858,0.16938949963922373
2022-08-26,Financials,0.12243333333333332,0.022945999999999994,0.12574951804610732
2022-08-26,Healthcare,0.19378333333333334,0.14380833333333334,0.09683569312169313
2022-08-26,Industrials,-0.03483888888888887,0.21713333333333332,0.12521437954241527
2022-08-26,Materials,0.11121666666666667,0.003225,0.08363925925925926
2022-08-26,RealEstate,0.35150000000000003,0.22716250000000002,0.18727548941798944
2022-08-26,Tech,0.19135466666666667,0.17387916666666664,0.1406440348898171
2022-08-26,Utilities,0.2049,0.24112,0.2161745179516251
2022-08-29,Comm,0.17622833333333335,-0.10235083333333335,0.05472723611111111
2022-08-29,Consumer,0.13705904761904764,0.014823809523809522,0.08973532064856392
2022-08-29,Energy,0.24537242063492065,0.16163888888888892,0.1697916934824176
2022-08-29,Financials,0.11707708333333333,0.12243333333333332,0.1314575815381708
2022-08-29,Healthcare,0.27838666666666667,0.19378333333333334,0.09816880423280423
2022-08-29,Industrials,0.04726,-0.03483888888888887,0.11929589881679169
2022-08-29,Materials,0.0030166666666666584,0.11121666666666667,0.07955671957671957
2022-08-29,RealEstate,0.06738541666666667,0.35150000000000003,0.1999654695767196
2022-08-29,Tech,0.09383761904761904,0.19135466666666667,0.14755864924768144
2022-08-29,Utilities,0.36912500000000004,0.2049,0.21583084448223736
2022-08-30,Comm,-0.26335,0.17622833333333335,0.05932382341269841
2022-08-30,Consumer,0.15826333333333334,0.13705904761904764,0.08938908482089951
2022-08-30,Energy,0.09193285714285715,0.24537242063492065,0.1665774741964126
2022-08-30,Financials,-0.007962499999999997,0.11707708333333333,0.1340593474111867
2022-08-30,Healthcare,0.04091250000000001,0.27838666666666667,0.1102379708994709
2022-08-30,Industrials,0.18263125,0.04726,0.11138208929298214
2022-08-30,Materials,0.03796666666666667,0.0030166666666666584,0.07970037037037037
2022-08-30,RealEstate,0.27865,0.06738541666666667,0.19057144179894184
2022-08-30,Tech,0.12371650000000001,0.09383761904761904,0.1404541443346051
2022-08-30,Utilities,0.05112499999999999,0.36912500000000004,0.2197363206727135
2022-08-31,Comm,0.15993,-0.26335,0.04350672685185185
2022-08-31,Consumer,0.0582175,0.15826333333333334,0.09049576736058207
2022-08-31,Energy,0.24570409090909093,0.09193285714285715,0.16693229663852074
2022-08-31,Financials,0.07695,-0.007962499999999997,0.12410970455404384
2022-08-31,Healthcare,-0.19625166666666666,0.04091250000000001,0.10671135978835977
2022-08-31,Industrials,0.1980111111111111,0.18263125,0.10969613691202976
2022-08-31,Materials,0.0002666666666666662,0.03796666666666667,0.08150830687830687
2022-08-31,RealEstate,0.22935,0.27865,0.19110894179894183
2022-08-31,Tech,0.09708750000000001,0.12371650000000001,0.13555658348804428
2022-08-31,Utilities,0.22106666666666666,0.05112499999999999,0.2144946540060469
2022-09-01,Comm,0.04765833333333333,0.15993,0.04833419708994709
2022-09-01,Consumer,0.167611,0.0582175,0.08999758482089952
2022-09-01,Energy,0.15530300000000002,0.24570409090909093,0.17144477885868153
2022-09-01,Financials,0.281545,0.07695,0.12203018074452004
2022-09-01,Healthcare,0.11985166666666666,-0.19625166666666666,0.08924520899470899
2022-09-01,Industrials,0.24088125,0.1980111111111111,0.11901607993197279
2022-09-01,Materials,0.21487499999999998,0.0002666666666666662,0.07692465608465608
2022-09-01,RealEstate,0.34,0.22935,0.19385715608465612
2022-09-01,Tech,0.019398690476190493,0.09708750000000001,0.1418823601320352
2022-09-01,Utilities,0.11444000000000001,0.22106666666666666,0.21387104289493575
2022-09-02,Comm,0.159225,0.04765833333333333,0.04977507010582011
2022-09-02,Consumer,0.051105333333333336,0.167611,0.09320861548468018
2022-09-02,Energy,0.19940119047619048,0.15530300000000002,0.1661349976007238
2022-09-02,Financials,0.11276466666666667,0.281545,0.130108811696901
2022-09-02,Healthcare,0.19763333333333333,0.11985166666666666,0.08180552645502646
2022-09-02,Industrials,0.11078333333333333,0.24088125,0.12149931405895692
2022-09-02,Materials,0.2288,0.21487499999999998,0.07830124338624338
2022-09-02,RealEstate,0.10010000000000002,0.34,0.20979227513227516
2022-09-02,Tech,0.2297452380952381,0.019398690476190493,0.13591499618645697
2022-09-02,Utilities,0.1253,0.11444000000000001,0.2119476143235072
2022-09-06,Comm,0.17754999999999999,0.159225,0.05383618121693121
2022-09-06,Consumer,0.19533133333333336,0.051105333333333336,0.09132484167515638
2022-09-06,Energy,0.15678875,0.19940119047619048,0.16823118807691428
2022-09-06,Financials,0.07448611111111111,0.11276466666666667,0.1319679624905518
2022-09-06,Healthcare,0.27862833333333337,0.19763333333333333,0.09260835714285715
2022-09-06,Industrials,0.23829916666666667,0.11078333333333333,0.1264175680272109
2022-09-06,Materials,0.0,0.2288,0.08638267195767196
2022-09-06,RealEstate,0.3727625,0.10010000000000002,0.20597798941798948
2022-09-06,Tech,0.10521735507246377,0.2297452380952381,0.14405302339734133
2022-09-06,Utilities,0.273175,0.1253,0.20516135582010586
2022-09-07,Comm,0.08496785714285716,0.17754999999999999,0.05163201455026455
2022-09-07,Consumer,0.17918325892857145,0.19533133333333336,0.10019141310372781
2022-09-07,Energy,0.18063,0.15678875,0.1631007714102476
2022-09-07,Financials,0.029313333333333337,0.07448611111111111,0.12417550217309146
2022-09-07,Healthcare,0.07689,0.27862833333333337,0.0943729007936508
2022-09-07,Industrials,0.1105,0.23829916666666667,0.13398379818594103
2022-09-07,Materials,0.08632500000000001,0.0,0.07384219576719578
2022-09-07,RealEstate,0.09541666666666668,0.3727625,0.20908731481481485
2022-09-07,Tech,0.13235833333333336,0.10521735507246377,0.1426173418928555
2022-09-07,Utilities,0.20055666666666666,0.273175,0.21354250661375662
2022-09-08,Comm,0.23024361904761906,0.08496785714285716,0.06334953155706728
2022-09-08,Consumer,0.11627000000000003,0.17918325892857145,0.10359225763320626
2022-09-08,Energy,0.28089,0.18063,0.16318582054101102
2022-09-08,Financials,0.223565,0.029313333333333337,0.11905500330687831
2022-09-08,Healthcare,0.18580533333333332,0.07689,0.10054417063492065
2022-09-08,Industrials,0.006420833333333348,0.1105,0.12577744897959184
2022-09-08,Materials,0.2392375,0.08632500000000001,0.05821957671957672
2022-09-08,RealEstate,0.4213,0.09541666666666668,0.20671271164021168
2022-09-08,Tech,0.033393333333333344,0.13235833333333336,0.14436933924735285
2022-09-08,Utilities,0.1791766666666667,0.20055666666666666,0.21746937169312172
2022-09-09,Comm,-0.024329999999999984,0.23024361904761906,0.07204268008314438
2022-09-09,Consumer,0.23613583333333335,0.11627000000000003,0.10502141863093868
2022-09-09,Energy,0.054962666666666674,0.28089,0.1738206076410362
2022-09-09,Financials,0.274805,0.223565,0.11873428902116402
2022-09-09,Healthcare,-0.006273333333333342,0.18580533333333332,0.10509468915343916
2022-09-09,Industrials,0.02385,0.006420833333333348,0.12637407596371883
2022-09-09,Materials,0.26335,0.2392375,0.06961183862433862
2022-09-09,RealEstate,0.5704,0.4213,0.2121746164021164
2022-09-09,Tech,0.15868200000000005,0.033393333333333344,0.142180222438236
2022-09-09,Utilities,0.3106875,0.1791766666666667,0.21957397486772492
2022-09-12,Comm,0.06677499999999999,-0.024329999999999984,0.06198674357520787
2022-09-12,Consumer,0.17875950000000002,0.23613583333333335,0.11043329092531098
2022-09-12,Energy,0.19848437500000002,0.054962666666666674,0.16842670287913145
2022-09-12,Financials,0.020554999999999997,0.274805,0.11713318783068782
2022-09-12,Healthcare,0.28464855555555557,-0.006273333333333342,0.09646897486772488
2022-09-12,Industrials,0.1377275,0.02385,0.12191336167800453
2022-09-12,Materials,-0.06386249999999999,0.26335,0.0725832671957672
2022-09-12,RealEstate,0.30946944444444446,0.5704,0.23217461640211642
2022-09-12,Tech,0.048021785714285725,0.15868200000000005,0.1452956333729803
2022-09-12,Utilities,0.24246666666666666,0.3106875,0.22281195105820104
2022-09-13,Comm,-0.011988333333333323,0.06677499999999999,0.06315245786092213
2022-09-13,Consumer,0.19066866666666665,0.17875950000000002,0.11553960750379423
2022-09-13,Energy,0.27219242857142856,0.19848437500000002,0.1697945937521473
2022-09-13,Financials,0.1346767857142857,0.020554999999999997,0.1208611044973545
2022-09-13,Healthcare,0.07332000000000001,0.28464855555555557,0.10818062037037036
2022-09-13,Industrials,0.30701875,0.1377275,0.12460435374149662
2022-09-13,Materials,0.128,-0.06386249999999999,0.06954219576719577
2022-09-13,RealEstate,0.12647083333333334,0.30946944444444446,0.23216046296296297
2022-09-13,Tech,0.028451666666666663,0.048021785714285725,0.14257140486339465
2022-09-13,Utilities,0.02526666666666667,0.24246666666666666,0.23509449074074076
2022-09-14,Comm,0.105675,-0.011988333333333323,0.0561530134164777
2022-09-14,Consumer,0.2018769047619048,0.19066866666666665,0.1135767412906423
2022-09-14,Energy,0.12510520833333333,0.27219242857142856,0.17311970939840582
2022-09-14,Financials,0.0006533333333333426,0.1346767857142857,0.11563273715041572
2022-09-14,Healthcare,-0.021337499999999995,0.07332000000000001,0.11342421825396826
2022-09-14,Industrials,0.11300208333333334,0.30701875,0.12559360638699923
2022-09-14,Materials,0.18231111111111112,0.128,0.07563743386243386
2022-09-14,RealEstate,0.22391666666666668,0.12647083333333334,0.23654240740740745
2022-09-14,Tech,0.1023825,0.028451666666666663,0.13021826200625178
2022-09-14,Utilities,0.34979999999999994,0.02526666666666667,0.21481671296296298
2022-09-15,Comm,0.13265500000000002,0.105675,0.05707015627362056
2022-09-15,Consumer,0.0653952380952381,0.2018769047619048,0.12019263656996616
2022-09-15,Energy,0.22762507936507936,0.12510520833333333,0.17194642590874737
2022-09-15,Financials,0.2893517857142857,0.0006533333333333426,0.11087226095993954
2022-09-15,Healthcare,-0.005235000000000001,-0.021337499999999995,0.11084333201058201
2022-09-15,Industrials,-0.023304166666666667,0.11300208333333334,0.11477465797430082
2022-09-15,Materials,0.04337777777777777,0.18231111111111112,0.08120542328042328
2022-09-15,RealEstate,0.335375,0.22391666666666668,0.24792236772486775
2022-09-15,Tech,0.002035608695652183,0.1023825,0.12616726540761233
2022-09-15,Utilities,0.2977516666666667,0.34979999999999994,0.22066135582010582
2022-09-16,Comm,0.17865277777777777,0.13265500000000002,0.05721126738473167
2022-09-16,Consumer,0.12918533333333335,0.0653952380952381,0.11714591888289132
2022-09-16,Energy,0.52096,0.22762507936507936,0.17255754079914795
2022-09-16,Financials,0.09951600000000001,0.2893517857142857,0.1231247269463341
2022-09-16,Healthcare,0.12602416666666666,-0.005235000000000001,0.10721805423280426
2022-09-16,Industrials,0.20200588235294115,-0.023304166666666667,0.1207506500377929
2022-09-16,Materials,-0.025,0.04337777777777777,0.08135912698412699
2022-09-16,RealEstate,0.2933325,0.335375,0.25247937830687833
2022-09-16,Tech,0.05834714285714286,0.002035608695652183,0.11618527852010371
2022-09-16,Utilities,0.42350666666666664,0.2977516666666667,0.22828911375661376
2022-09-19,Comm,0.049146136363636364,0.17865277777777777,0.06883322505668935
2022-09-19,Consumer,0.3199248571428571,0.12918533333333335,0.12064660303287982
2022-09-19,Energy,0.10033528571428571,0.52096,0.18023827492613206
2022-09-19,Financials,0.06896333333333333,0.09951600000000001,0.12376953647014362
2022-09-19,Healthcare,0.018852380952380957,0.12602416666666666,0.11170412566137566
2022-09-19,Industrials,0.2962519841269841,0.20200588235294115,0.1289755333244409
2022-09-19,Materials,-0.1097,-0.025,0.07421150793650794
2022-09-19,RealEstate,0.2643466666666667,0.2933325,0.25539431878306884
2022-09-19,Tech,0.10505288888888889,0.05834714285714286,0.113748634529174
2022-09-19,Utilities,0.25012666666666666,0.42350666666666664,0.22951641534391534
2022-09-20,Comm,0.10474375,0.049146136363636364,0.07087411250257679
2022-09-20,Consumer,0.03224952380952381,0.3199248571428571,0.13337467559523808
2022-09-20,Energy,0.22495333333333334,0.10033528571428571,0.1860972091664949
2022-09-20,Financials,0.014203750000000008,0.06896333333333333,0.11733813964474679
2022-09-20,Healthcare,0.035217857142857155,0.018852380952380957,0.10951246126228269
2022-09-20,Industrials,0.15128333333333333,0.2962519841269841,0.1416129293939798
2022-09-20,Materials,0.0,-0.1097,0.06716448412698413
2022-09-20,RealEstate,0.2524708333333333,0.2643466666666667,0.26458463624338624
2022-09-20,Tech,0.09343202380952381,0.10505288888888889,0.11353115304769251
2022-09-20,Utilities,0.09697499999999999,0.25012666666666666,0.22545181216931218
2022-09-21,Comm,0.15409866666666666,0.10474375,0.08710208869305298
2022-09-21,Consumer,0.15305555555555556,0.03224952380952381,0.13264065291950114
2022-09-21,Energy,0.31115625,0.22495333333333334,0.18730244726173298
2022-09-21,Financials,0.029935,0.014203750000000008,0.11594387377173093
2022-09-21,Healthcare,-0.07021999999999999,0.035217857142857155,0.1122961687452759
2022-09-21,Industrials,0.0817,0.15128333333333333,0.1460645166955671
2022-09-21,Materials,0.03375,0.0,0.06716448412698413
2022-09-21,RealEstate,0.08957500000000002,0.2524708333333333,0.25873086640211646
2022-09-21,Tech,0.03608833333333334,0.09343202380952381,0.1095864875148127
2022-09-21,Utilities,0.4202,0.09697499999999999,0.22490988095238096
2022-09-22,Comm,0.05906,0.15409866666666666,0.0838820252009895
2022-09-22,Consumer,0.19434742857142856,0.15305555555555556,0.13281596508881333
2022-09-22,Energy,0.14405,0.31115625,0.19096912583316156
2022-09-22,Financials,-0.03964666666666666,0.029935,0.11515482615268328
2022-09-22,Healthcare,0.18076666666666666,-0.07021999999999999,0.09859140684051397
2022-09-22,Industrials,-0.014825833333333323,0.0817,0.13951230581121338
2022-09-22,Materials,0.20430833333333331,0.03375,0.06536507936507936
2022-09-22,RealEstate,-0.009329999999999988,0.08957500000000002,0.24791765211640215
2022-09-22,Tech,0.14820914285714287,0.03608833333333334,0.09829393195925713
2022-09-22,Utilities,0.14668958333333335,0.4202,0.23031503968253972
2022-09-23,Comm,0.17243999999999998,0.05906,0.07869559662956092
2022-09-23,Consumer,-0.03501,0.19434742857142856,0.13773952971466366
2022-09-23,Energy,-0.07284937500000001,0.14405,0.19130409937813508
2022-09-23,Financials,0.09072666666666666,-0.03964666666666666,0.09540720710506424
2022-09-23,Healthcare,0.12090000000000001,0.18076666666666666,0.09905680366591083
2022-09-23,Industrials,0.11216666666666668,-0.014825833333333323,0.12972218676359434
2022-09-23,Materials,0.1939666666666667,0.20430833333333331,0.07530780423280423
2022-09-23,RealEstate,0.08266666666666667,-0.009329999999999988,0.24388685846560848
2022-09-23,Tech,0.04214657142857143,0.14820914285714287,0.1018903673334068
2022-09-23,Utilities,0.19818333333333335,0.14668958333333335,0.23487763888888888
2022-09-26,Comm,0.12039000000000002,0.17243999999999998,0.08077115218511648
2022-09-26,Consumer,0.2116907142857143,-0.03501,0.13802645034958427
2022-09-26,Energy,0.10040625000000002,-0.07284937500000001,0.18715549421940494
2022-09-26,Financials,0.2041386666666667,0.09072666666666666,0.096993238851096
2022-09-26,Healthcare,0.03448,0.12090000000000001,0.09791007747543463
2022-09-26,Industrials,0.012543750000000029,0.11216666666666668,0.12875988517629272
2022-09-26,Materials,0.17846666666666666,0.1939666666666667,0.08454431216931216
2022-09-26,RealEstate,0.07655,0.08266666666666667,0.23915812830687833
2022-09-26,Tech,0.09349583333333333,0.04214657142857143,0.09632562223536757
2022-09-26,Utilities,0.60556,0.19818333333333335,0.22579232142857142
2022-09-27,Comm,0.20981875,0.12039000000000002,0.08463906223802653
2022-09-27,Consumer,0.025224999999999997,0.2116907142857143,0.14076877007747543
2022-09-27,Energy,-0.05295714285714286,0.10040625000000002,0.1869067952398131
2022-09-27,Financials,0.0469426388888889,0.2041386666666667,0.10562146107331823
2022-09-27,Healthcare,0.16942166666666666,0.03448,0.09270396636432351
2022-09-27,Industrials,0.06800833333333334,0.012543750000000029,0.11901752406518161
2022-09-27,Materials,0.035,0.17846666666666666,0.09288915343915344
2022-09-27,RealEstate,0.3267166666666667,0.07655,0.2319861044973545
2022-09-27,Tech,0.20608155555555557,0.09349583333333333,0.09249784445758981
2022-09-27,Utilities,0.1375611111111111,0.60556,0.24314660714285713
2022-09-28,Comm,0.15819499999999997,0.20981875,0.09950428049199479
2022-09-28,Consumer,0.07118285714285714,0.025224999999999997,0.14126406486205592
2022-09-28,Energy,0.23097291666666664,-0.05295714285714286,0.17668793658524015
2022-09-28,Financials,0.16499999999999998,0.0469426388888889,0.10202666609977326
2022-09-28,Healthcare,0.156205,0.16942166666666666,0.09154388699924414
2022-09-28,Industrials,0.022355555555555573,0.06800833333333334,0.1239150108376684
2022-09-28,Materials,-0.01345,0.035,0.08925978835978836
2022-09-28,RealEstate,-0.08087916666666667,0.3267166666666667,0.2308059457671958
2022-09-28,Tech,0.0002843116883116781,0.20608155555555557,0.09319912488087023
2022-09-28,Utilities,-0.04951666666666665,0.1375611111111111,0.2399399933862434
2022-09-29,Comm,0.06478750000000001,0.15819499999999997,0.09864555033326464
2022-09-29,Consumer,0.1290504761904762,0.07118285714285714,0.13812710341080878
2022-09-29,Energy,0.18676083333333332,0.23097291666666664,0.17600224592008523
2022-09-29,Financials,0.10225166666666666,0.16499999999999998,0.1043087097505669
2022-09-29,Healthcare,0.22957499999999997,0.156205,0.08572571239606955
2022-09-29,Industrials,0.0622,0.022355555555555573,0.12272908491174246
2022-09-29,Materials,0.0,-0.01345,0.08847566137566137
2022-09-29,RealEstate,0.0,-0.08087916666666667,0.22374572751322758
2022-09-29,Tech,0.09685180303030302,0.0002843116883116781,0.08874420548280798
2022-09-29,Utilities,0.41179999999999994,-0.04951666666666665,0.22000467592592596
2022-09-30,Comm,0.035491666666666664,0.06478750000000001,0.11427114557135987
2022-09-30,Consumer,0.19394136363636366,0.1290504761904762,0.1367360149754346
2022-09-30,Energy,0.3000738095238095,0.18676083333333332,0.1805178638339174
2022-09-30,Financials,0.38385555555555556,0.10225166666666666,0.10955700340136054
2022-09-30,Healthcare,0.03333333333333333,0.22957499999999997,0.09470964096749811
2022-09-30,Industrials,0.16013333333333335,0.0622,0.11699426348317105
2022-09-30,Materials,0.013333333333333336,0.0,0.08666772486772487
2022-09-30,RealEstate,0.40345000000000003,0.0,0.2104766798941799
2022-09-30,Tech,-0.13011,0.09685180303030302,0.0874649341985367
2022-09-30,Utilities,0.0593,0.41179999999999994,0.2371796759259259
2022-10-03,Comm,0.24689100000000003,0.035491666666666664,0.10834551065072494
2022-10-03,Consumer,0.12981971428571432,0.19394136363636366,0.14319905610097575
2022-10-03,Energy,0.09390499999999999,0.3000738095238095,0.1831068980536659
2022-10-03,Financials,0.2887225,0.38385555555555556,0.1241715536659108
2022-10-03,Healthcare,0.06326666666666667,0.03333333333333333,0.10564226001511716
2022-10-03,Industrials,0.23689999999999997,0.16013333333333335,0.11519055977946735
2022-10-03,Materials,0.11808333333333333,0.013333333333333336,0.0872899470899471
2022-10-03,RealEstate,0.41517499999999996,0.40345000000000003,0.2187671560846561
2022-10-03,Tech,0.31628869047619046,-0.13011,0.07664600562710813
2022-10-03,Utilities,0.08930833333333335,0.0593,0.22947650132275133
2022-10-04,Comm,0.12884,0.24689100000000003,0.11783278049199478
2022-10-04,Consumer,-0.0010000000000000009,0.12981971428571432,0.14139947106696216
2022-10-04,Energy,0.12166875000000002,0.09390499999999999,0.18018318376795164
2022-10-04,Financials,0.32685089285714286,0.2887225,0.12451333938019651
2022-10-04,Healthcare,-0.056589999999999994,0.06326666666666667,0.10294773620559336
2022-10-04,Industrials,0.0656625,0.23689999999999997,0.11500097644613401
2022-10-04,Materials,0.3825,0.11808333333333333,0.08268082010582012
2022-10-04,RealEstate,0.33753,0.41517499999999996,0.222346917989418
2022-10-04,Tech,0.15077155844155843,0.31628869047619046,0.09078362467472717
2022-10-04,Utilities,0.12810624999999998,0.08930833333333335,0.22827975529100528
2022-10-05,Comm,0.318,0.12884,0.11638587573009003
2022-10-05,Consumer,0.05693066666666667,-0.0010000000000000009,0.13891826471775578
2022-10-05,Energy,0.23046000000000003,0.12166875000000002,0.17648163898337113
2022-10-05,Financials,0.1454125,0.32685089285714286,0.134707921579743
2022-10-05,Healthcare,0.11075555555555555,-0.056589999999999994,0.09084186318972035
2022-10-05,Industrials,0.3138666666666667,0.0656625,0.1128523653350229
2022-10-05,Materials,0.09650000000000002,0.3825,0.08999986772486772
2022-10-05,RealEstate,0.27059999999999995,0.33753,0.23365310846560852
2022-10-05,Tech,0.1254676111111111,0.15077155844155843,0.08702297326264719
2022-10-05,Utilities,0.2227866666666667,0.12810624999999998,0.22841338624338622
2022-10-06,Comm,0.11789375000000002,0.318,0.12307397096818525
2022-10-06,Consumer,0.18577222222222223,0.05693066666666667,0.13232775678124784
2022-10-06,Energy,0.14722833333333335,0.23046000000000003,0.1799897937452759
2022-10-06,Financials,0.12034571428571428,0.1454125,0.13808536866969007
2022-10-06,Healthcare,-0.37960000000000005,0.11075555555555555,0.08284792139077854
2022-10-06,Industrials,0.15805,0.3138666666666667,0.11645081771597528
2022-10-06,Materials,-0.17089999999999997,0.09650000000000002,0.09459510582010582
2022-10-06,RealEstate,-0.005000000000000001,0.27059999999999995,0.22878822751322753
2022-10-06,Tech,-0.10112916666666666,0.1254676111111111,0.08798727116924943
2022-10-06,Utilities,0.1282875,0.2227866666666667,0.22601394179894183
2022-10-07,Comm,0.17737777777777777,0.11789375000000002,0.12464187062804921
2022-10-07,Consumer,0.03031666666666667,0.18577222222222223,0.1326415169380884
2022-10-07,Energy,0.2715297142857143,0.14722833333333335,0.17839923818972034
2022-10-07,Financials,0.10383499999999998,0.12034571428571428,0.14242024395313682
2022-10-07,Healthcare,0.08020000000000001,-0.37960000000000005,0.06111030234315949
2022-10-07,Industrials,0.028268749999999992,0.15805,0.11871510343026098
2022-10-07,Materials,-0.06814999999999999,-0.17089999999999997,0.0823462962962963
2022-10-07,RealEstate,0.06323958333333334,-0.005000000000000001,0.22400648148148145
2022-10-07,Tech,0.05605429824561403,-0.10112916666666666,0.07686881878829704
2022-10-07,Utilities,0.2934833333333333,0.1282875,0.2225725529100529
2022-10-10,Comm,0.004375000000000001,0.17737777777777777,0.12212444961519961
2022-10-10,Consumer,0.1492697619047619,0.03031666666666667,0.1285485010650725
2022-10-10,Energy,0.14267500000000002,0.2715297142857143,0.17795351029856388
2022-10-10,Financials,0.10296266666666667,0.10383499999999998,0.13671881538170824
2022-10-10,Healthcare,0.33548600000000006,0.08020000000000001,0.056081476946334086
2022-10-10,Industrials,0.16474166666666668,0.028268749999999992,0.11975548041438797
2022-10-10,Materials,0.13169,-0.06814999999999999,0.06770879629629631
2022-10-10,RealEstate,0.11121999999999999,0.06323958333333334,0.20695598544973548
2022-10-10,Tech,0.08559060606060606,0.05605429824561403,0.0779479123555485
2022-10-10,Utilities,0.46605,0.2934833333333333,0.22801572751322746
2022-10-11,Comm,0.10589555555555556,0.004375000000000001,0.12349135437710437
2022-10-11,Consumer,0.2763777777777778,0.1492697619047619,0.12441202147323577
2022-10-11,Energy,0.17577166666666666,0.14267500000000002,0.18213028807634166
2022-10-11,Financials,-0.280525,0.10296266666666667,0.12853584712774
2022-10-11,Healthcare,0.23326900000000003,0.33548600000000006,0.07235573091458807
2022-10-11,Industrials,0.2917666666666667,0.16474166666666668,0.12646460739851495
2022-10-11,Materials,0.018333333333333337,0.13169,0.06143927248677249
2022-10-11,RealEstate,-0.013233333333333338,0.11121999999999999,0.18509027116402116
2022-10-11,Tech,-0.01860833333333333,0.08559060606060606,0.07446736978700594
2022-10-11,Utilities,0.2722333333333333,0.46605,0.2354139417989418
2022-10-12,Comm,0.16151,0.10589555555555556,0.125354237974988
2022-10-12,Consumer,0.1930854761904762,0.2763777777777778,0.1290605108912252
2022-10-12,Energy,0.20692346153846156,0.17577166666666666,0.18104873053665912
2022-10-12,Financials,-0.008603333333333338,-0.280525,0.11419870427059713
2022-10-12,Healthcare,0.10089479166666666,0.23326900000000003,0.06990908541194256
2022-10-12,Industrials,0.4334,0.2917666666666667,0.13379980581121337
2022-10-12,Materials,0.34,0.018333333333333337,0.0653533597883598
2022-10-12,RealEstate,0.163725,-0.013233333333333338,0.16972347222222223
2022-10-12,Tech,-0.01904666666666665,-0.01860833333333333,0.07129450697521456
2022-10-12,Utilities,-0.014733333333333334,0.2722333333333333,0.2368314021164021
2022-10-13,Comm,-0.14090624999999998,0.16151,0.13361606337181337
2022-10-13,Consumer,0.02779999999999999,0.1930854761904762,0.12917559705902562
2022-10-13,Energy,0.10811555555555556,0.20692346153846156,0.1779406844874702
2022-10-13,Financials,0.053384,-0.008603333333333338,0.10737584145880576
2022-10-13,Healthcare,-0.226425,0.10089479166666666,0.07122217072940287
2022-10-13,Industrials,0.11028750000000001,0.4334,0.13981796057311816
2022-10-13,Materials,0.035237500000000005,0.34,0.0754485978835979
2022-10-13,RealEstate,0.0,0.163725,0.17149748015873018
2022-10-13,Tech,0.017047857142857142,-0.01904666666666665,0.06903268157838917
2022-10-13,Utilities,0.1366,-0.014733333333333334,0.2349266402116402
2022-10-14,Comm,0.016388888888888887,-0.14090624999999998,0.12187409908609909
2022-10-14,Consumer,-0.024111111111111118,0.02779999999999999,0.12088622064179207
2022-10-14,Energy,0.1192229523809524,0.10811555555555556,0.17713165340281412
2022-10-14,Financials,0.1461986456771614,0.053384,0.10988682558578985
2022-10-14,Healthcare,0.18024666666666667,-0.226425,0.061456099300831436
2022-10-14,Industrials,0.17294444444444446,0.11028750000000001,0.13968869470010226
2022-10-14,Materials,-0.025,0.035237500000000005,0.0684450925925926
2022-10-14,RealEstate,0.03160000000000002,0.0,0.16083478174603175
2022-10-14,Tech,0.08224000000000001,0.017047857142857142,0.06496912715662047
2022-10-14,Utilities,0.2251,0.1366,0.22477425925925926
2022-10-17,Comm,0.26387,0.016388888888888887,0.11633761760461761
2022-10-17,Consumer,0.10813933333333334,-0.024111111111111118,0.11662401353672783
2022-10-17,Energy,0.07400083333333334,0.1192229523809524,0.17196964735595094
2022-10-17,Financials,0.141957,0.1461986456771614,0.10307000939354584
2022-10-17,Healthcare,0.129845,0.18024666666666667,0.07028855961829177
2022-10-17,Industrials,-0.0929,0.17294444444444446,0.14903386665777424
2022-10-17,Materials,-0.13324999999999998,-0.025,0.06518900793650793
2022-10-17,RealEstate,0.08338500000000001,0.03160000000000002,0.14636930555555555
2022-10-17,Tech,0.070992,0.08224000000000001,0.06878838388539893
2022-10-17,Utilities,-0.09354,0.2251,0.2213146560846561
2022-10-18,Comm,0.1775,0.26387,0.12039558056758057
2022-10-18,Consumer,0.057453333333333335,0.10813933333333334,0.11562182306053735
2022-10-18,Energy,-0.00755624999999999,0.07400083333333334,0.1506858775146811
2022-10-18,Financials,0.11380321839080461,0.141957,0.10509100939354585
2022-10-18,Healthcare,0.022630000000000004,0.129845,0.07047050406273621
2022-10-18,Industrials,0.11321458333333333,-0.0929,0.13499072940287227
2022-10-18,Materials,0.10864444444444445,-0.13324999999999998,0.06003424603174604
2022-10-18,RealEstate,0.004358333333333332,0.08338500000000001,0.13637180555555556
2022-10-18,Tech,0.13964000000000001,0.070992,0.06939051993982069
2022-10-18,Utilities,0.43550000000000005,-0.09354,0.19669338624338623
2022-10-19,Comm,-0.06231666666666667,0.1775,0.1265076693121693
2022-10-19,Consumer,0.17699900000000002,0.057453333333333335,0.10312317906960763
2022-10-19,Energy,0.17616066666666666,-0.00755624999999999,0.14554818533781036
2022-10-19,Financials,0.09071666666666667,0.11380321839080461,0.1072262420153302
2022-10-19,Healthcare,0.05514285714285714,0.022630000000000004,0.0706503906840514
2022-10-19,Industrials,0.02971666666666667,0.11321458333333333,0.12627466269841273
2022-10-19,Materials,-0.008333333333333333,0.10864444444444445,0.07043160052910054
2022-10-19,RealEstate,0.11095000000000001,0.004358333333333332,0.12399140873015875
2022-10-19,Tech,-0.09869666666666668,0.13964000000000001,0.07103752523082599
2022-10-19,Utilities,0.002458333333333333,0.43550000000000005,0.20552068783068783
2022-10-20,Comm,0.0013185185185185199,-0.06231666666666667,0.11855241137566139
2022-10-20,Consumer,0.20899266666666666,0.17699900000000002,0.11001601126915414
2022-10-20,Energy,0.12428033333333335,0.17616066666666666,0.14322472502035002
2022-10-20,Financials,0.0640125,0.09071666666666667,0.1108697142375524
2022-10-20,Healthcare,0.05619533333333333,0.05514285714285714,0.07159920020786092
2022-10-20,Industrials,0.1932916666666667,0.02971666666666667,0.12048577380952381
2022-10-20,Materials,0.031808333333333334,-0.008333333333333333,0.07003477513227513
2022-10-20,RealEstate,0.20595,0.11095000000000001,0.11725232142857145
2022-10-20,Tech,0.20558666666666667,-0.09869666666666668,0.061888539970055
2022-10-20,Utilities,0.13271333333333332,0.002458333333333333,0.20101989417989413
2022-10-21,Comm,0.13872500000000001,0.0013185185185185199,0.11127716622574957
2022-10-21,Consumer,0.05813333333333332,0.20899266666666666,0.11267968322682609
2022-10-21,Energy,0.1106259365079365,0.12428033333333335,0.13432587184574687
2022-10-21,Financials,-0.041125,0.0640125,0.11249245233279052
2022-10-21,Healthcare,0.129316,0.05619533333333333,0.0776189779856387
2022-10-21,Industrials,0.25988333333333336,0.1932916666666667,0.1257996626984127
2022-10-21,Materials,0.26455,0.031808333333333334,0.06994231481481482
2022-10-21,RealEstate,0.316305,0.20595,0.1227939880952381
2022-10-21,Tech,0.025956,0.20558666666666667,0.06995988917640422
2022-10-21,Utilities,0.135685,0.13271333333333332,0.18733005291005292
2022-10-24,Comm,0.17937708333333333,0.13872500000000001,0.11507073765432099
2022-10-24,Consumer,0.13778400000000002,0.05813333333333332,0.10619329773929774
2022-10-24,Energy,0.10023255555555557,0.1106259365079365,0.13273424977469622
2022-10-24,Financials,-0.09697222222222224,-0.041125,0.11242205550739369
2022-10-24,Healthcare,0.053823333333333334,0.129316,0.07516894623960696
2022-10-24,Industrials,0.1304861111111111,0.25988333333333336,0.1388810515873016
2022-10-24,Materials,0.152275,0.26455,0.07281096560846562
2022-10-24,RealEstate,0.26643,0.316305,0.13830041666666668
2022-10-24,Tech,0.0023192857142857164,0.025956,0.06413831094511169
2022-10-24,Utilities,0.22393999999999997,0.135685,0.18680602513227512
2022-10-25,Comm,0.07806740740740742,0.17937708333333333,0.11540107495590829
2022-10-25,Consumer,0.07001,0.13778400000000002,0.11442158345358346
2022-10-25,Energy,0.12737000000000004,0.10023255555555557,0.14097624646781792
2022-10-25,Financials,0.18839979166666665,-0.09697222222222224,0.10348401317935137
2022-10-25,Healthcare,0.05321666666666667,0.053823333333333334,0.07197481925547997
2022-10-25,Industrials,0.050093589743589746,0.1304861111111111,0.13975340608465608
2022-10-25,Materials,0.17601111111111112,0.152275,0.07082564814814815
2022-10-25,RealEstate,0.11352,0.26643,0.14705105158730158
2022-10-25,Tech,-0.009085833333333331,0.0023192857142857164,0.062241773530145705
2022-10-25,Utilities,0.13331666666666667,0.22393999999999997,0.18803253306878306
2022-10-26,Comm,0.02545,0.07806740740740742,0.11338571340388008
2022-10-26,Consumer,0.07547583333333334,0.07001,0.10767488277331136
2022-10-26,Energy,0.043873333333333334,0.12737000000000004,0.142260234563056
2022-10-26,Financials,0.14204545454545456,0.18839979166666665,0.10273454294125611
2022-10-26,Healthcare,0.09591944444444445,0.05321666666666667,0.07286704147770219
2022-10-26,Industrials,0.03554333333333333,0.050093589743589746,0.1415414936914937
2022-10-26,Materials,0.020000000000000004,0.17601111111111112,0.07070871693121694
2022-10-26,RealEstate,0.1058875,0.11352,0.14881152777777779
2022-10-26,Tech,0.2939466666666667,-0.009085833333333331,0.05735693226030444
2022-10-26,Utilities,0.16830833333333334,0.13331666666666667,0.1655447552910053
2022-10-27,Comm,0.289095,0.02545,0.10460624911816578
2022-10-27,Consumer,0.07488083333333334,0.07547583333333334,0.11006777959870817
2022-10-27,Energy,0.11844254545454547,0.043873333333333334,0.14687120961974534
2022-10-27,Financials,0.19832733333333336,0.14204545454545456,0.10726324844871162
2022-10-27,Healthcare,0.19310048701298702,0.09591944444444445,0.06936693565759637
2022-10-27,Industrials,0.28517777777777775,0.03554333333333333,0.1399955413105413
2022-10-27,Materials,0.13396666666666665,0.020000000000000004,0.06999443121693123
2022-10-27,RealEstate,-0.009424000000000002,0.1058875,0.1382958531746032
2022-10-27,Tech,0.006444,0.2939466666666667,0.061540985170357346
2022-10-27,Utilities,0.10871666666666667,0.16830833333333334,0.16700890873015872
2022-10-28,Comm,0.14454642857142858,0.289095,0.11083958245149911
2022-10-28,Consumer,0.04623066666666667,0.07488083333333334,0.11024387370301657
2022-10-28,Energy,0.14289544444444444,0.11844254545454547,0.14151262051440625
2022-10-28,Financials,0.025626666666666676,0.19832733333333336,0.10885026432172751
2022-10-28,Healthcare,0.037722222222222226,0.19310048701298702,0.07112386361059575
2022-10-28,Industrials,0.21716249999999998,0.28517777777777775,0.1525108852258852
2022-10-28,Materials,0.0,0.13396666666666665,0.07701427248677249
2022-10-28,RealEstate,0.0,-0.009424000000000002,0.14169848015873016
2022-10-28,Tech,0.09777916666666665,0.006444,0.06183430366139012
2022-10-28,Utilities,0.19728333333333334,0.10871666666666667,0.1745438293650794
2022-10-31,Comm,0.295605,0.14454642857142858,0.11463762666918619
2022-10-31,Consumer,0.07664683333333333,0.04623066666666667,0.10630007324950183
2022-10-31,Energy,0.1282174166666667,0.14289544444444444,0.1394237924720782
2022-10-31,Financials,0.22679,0.025626666666666676,0.10520145479791797
2022-10-31,Healthcare,0.035833333333333335,0.037722222222222226,0.0619880170497492
2022-10-31,Industrials,0.2088277777777778,0.21716249999999998,0.1598900518925519
2022-10-31,Materials,0.034999999999999996,0.0,0.07701427248677249
2022-10-31,RealEstate,0.19626714285714286,0.0,0.14169848015873016
2022-10-31,Tech,0.1471535,0.09777916666666665,0.0618784638345503
2022-10-31,Utilities,0.4085866666666667,0.19728333333333334,0.16432875
2022-11-01,Comm,0.146096875,0.295605,0.1270239758755354
2022-11-01,Consumer,0.05904214285714289,0.07664683333333333,0.100714619425548
2022-11-01,Energy,0.11340470779220779,0.1282174166666667,0.13124015471697617
2022-11-01,Financials,0.061695833333333325,0.22679,0.09772214262860582
2022-11-01,Healthcare,0.1897666666666667,0.035833333333333335,0.06210706466879681
2022-11-01,Industrials,0.18666666666666668,0.2088277777777778,0.16220883496133498
2022-11-01,Materials,-0.0520375,0.034999999999999996,0.07804601851851853
2022-11-01,RealEstate,0.09464583333333335,0.19626714285714286,0.13183262981859412
2022-11-01,Tech,0.10598800000000001,0.1471535,0.07508148764407412
2022-11-01,Utilities,0.46030000000000004,0.4085866666666667,0.1809614484126984
2022-11-02,Comm,0.03047083333333333,0.146096875,0.12222425563744017
2022-11-02,Consumer,0.289921,0.05904214285714289,0.09734425888133032
2022-11-02,Energy,0.25808295238095236,0.11340470779220779,0.13216871223089083
2022-11-02,Financials,0.175625,0.061695833333333325,0.08691134897781216
2022-11-02,Healthcare,-0.06544166666666666,0.1897666666666667,0.06813087419260634
2022-11-02,Industrials,0.1909,0.18666666666666668,0.15981677146927148
2022-11-02,Materials,-0.10236666666666666,-0.0520375,0.06994502645502645
2022-11-02,RealEstate,0.09067222222222222,0.09464583333333335,0.11656933616780045
2022-11-02,Tech,0.13533644444444443,0.10598800000000001,0.06506716904996981
2022-11-02,Utilities,0.23025,0.46030000000000004,0.19862771825396824
2022-11-03,Comm,0.08232,0.03047083333333333,0.11754000960569412
2022-11-03,Consumer,0.029688333333333344,0.289921,0.11119763983371127
2022-11-03,Energy,0.32422333333333336,0.25808295238095236,0.13866462662998377
2022-11-03,Financials,-0.028274999999999995,0.175625,0.07971011598461489
2022-11-03,Healthcare,-0.15416625,-0.06544166666666666,0.0677093662560984
2022-11-03,Industrials,0.035089999999999996,0.1909,0.16578046194546195
2022-11-03,Materials,0.06803333333333333,-0.10236666666666666,0.046856137566137566
2022-11-03,RealEstate,0.030327777777777783,0.09067222222222222,0.10481420389266818
2022-11-03,Tech,0.04317797619047619,0.13533644444444443,0.06433216362153579
2022-11-03,Utilities,0.18947291666666666,0.23025,0.20349170634920632
2022-11-04,Comm,0.022556249999999996,0.08232,0.106317152462837
2022-11-04,Consumer,0.001582072829131652,0.029688333333333344,0.1099003858654573
2022-11-04,Energy,0.06079666666666668,0.32422333333333336,0.14312954726490443
2022-11-04,Financials,0.14165,-0.028274999999999995,0.07143928265128155
2022-11-04,Healthcare,0.120645,-0.15416625,0.05509404218202433
2022-11-04,Industrials,0.205,0.035089999999999996,0.15250538258038257
2022-11-04,Materials,0.0,0.06803333333333333,0.04550058201058201
2022-11-04,RealEstate,-0.2732,0.030327777777777783,0.0933726695011338
2022-11-04,Tech,0.059708333333333335,0.04317797619047619,0.060413609577696044
2022-11-04,Utilities,0.19105000000000003,0.18947291666666666,0.20190533730158733
2022-11-07,Comm,-0.10145333333333331,0.022556249999999996,0.10177727151045601
2022-11-07,Consumer,0.10259578571428571,0.001582072829131652,0.10112942637054824
2022-11-07,Energy,0.07528267532467534,0.06079666666666668,0.13901375361411078
2022-11-07,Financials,0.007040000000000002,0.14165,0.07245377244719992
2022-11-07,Healthcare,0.030893333333333346,0.120645,0.0789152326582148
2022-11-07,Industrials,0.003333333333333334,0.205,0.15474109686609688
2022-11-07,Materials,0.0075,0.0,0.053638677248677255
2022-11-07,RealEstate,0.12878541666666668,-0.2732,0.08060124092970522
2022-11-07,Tech,0.165416,0.059708333333333335,0.06807253814912462
2022-11-07,Utilities,-0.008733333333333333,0.19105000000000003,0.20489402777777777
2022-11-08,Comm,0.088775,-0.10145333333333331,0.08849959955278408
2022-11-08,Consumer,0.03893,0.10259578571428571,0.10457128918233961
2022-11-08,Energy,0.16829479166666667,0.07528267532467534,0.12966865652072798
2022-11-08,Financials,0.06142222222222223,0.007040000000000002,0.06784448673291421
2022-11-08,Healthcare,-0.04054444444444444,0.030893333333333346,0.0765672961502783
2022-11-08,Industrials,0.06558749999999999,0.003333333333333334,0.1535536960724461
2022-11-08,Materials,0.040879761904761905,0.0075,0.05724105820105821
2022-11-08,RealEstate,0.32689999999999997,0.12878541666666668,0.08372247108843539
2022-11-08,Tech,0.10817380952380953,0.165416,0.07328023823266681
2022-11-08,Utilities,0.1897333333333333,-0.008733333333333333,0.19050275793650798
2022-11-09,Comm,0.04073333333333333,0.088775,0.0925186471718317
2022-11-09,Consumer,0.06569583333333334,0.03893,0.0993170148059224
2022-11-09,Energy,-0.040787500000000004,0.16829479166666667,0.13088864660009306
2022-11-09,Financials,0.1217,0.06142222222222223,0.0658663703307978
2022-11-09,Healthcare,0.09752333333333334,-0.04054444444444444,0.05866108451006666
2022-11-09,Industrials,0.1455,0.06558749999999999,0.14883206908831909
2022-11-09,Materials,0.0225,0.040879761904761905,0.05291676114890401
2022-11-09,RealEstate,0.12865000000000001,0.32689999999999997,0.09399294727891158
2022-11-09,Tech,0.07060833333333334,0.10817380952380953,0.07435562887377173
2022-11-09,Utilities,0.1172,0.1897333333333333,0.17734482142857141
2022-11-10,Comm,0.053459999999999994,0.04073333333333333,0.08941568420886872
2022-11-10,Consumer,-0.013370317460317457,0.06569583333333334,0.08928454126094884
2022-11-10,Energy,0.10350933333333334,-0.040787500000000004,0.12057630533025178
2022-11-10,Financials,0.0376,0.1217,0.08501994175936924
2022-11-10,Healthcare,0.16701666666666667,0.09752333333333334,0.05219700514498729
2022-11-10,Industrials,0.1461111111111111,0.1455,0.14186698972323972
2022-11-10,Materials,0.020000000000000004,0.0225,0.053115173847316705
2022-11-10,RealEstate,0.0691875,0.12865000000000001,0.10074929648526079
2022-11-10,Tech,0.08833446153846154,0.07060833333333334,0.07860404157218442
2022-11-10,Utilities,0.41152500000000003,0.1172,0.16996228174603173
2022-11-11,Comm,0.004000000000000001,0.053459999999999994,0.08427044611363065
2022-11-11,Consumer,0.185914,-0.013370317460317457,0.07945331299186342
2022-11-11,Energy,0.08347342857142857,0.10350933333333334,0.11565182303476948
2022-11-11,Financials,0.11998666666666666,0.0376,0.08722010048952795
2022-11-11,Healthcare,0.3978555555555556,0.16701666666666667,0.05534566585927301
2022-11-11,Industrials,0.35785,0.1461111111111111,0.12818656644281642
2022-11-11,Materials,0.19125,0.020000000000000004,0.037877078609221466
2022-11-11,RealEstate,0.5428000000000001,0.0691875,0.09624751077097507
2022-11-11,Tech,0.1336807142857143,0.08833446153846154,0.08371742862957149
2022-11-11,Utilities,0.12136,0.41152500000000003,0.19026029761904764
2022-11-14,Comm,0.36071547619047617,0.004000000000000001,0.09117074373267825
2022-11-14,Consumer,0.17927611408199645,0.185914,0.08698255108710151
2022-11-14,Energy,0.1389443006993007,0.08347342857142857,0.11447838841647773
2022-11-14,Financials,0.20448,0.11998666666666666,0.09039165604508351
2022-11-14,Healthcare,0.17657166666666668,0.3978555555555556,0.08507331136191851
2022-11-14,Industrials,-0.0053916666666666765,0.35785,0.13997525691900692
2022-11-14,Materials,0.12166666666666669,0.19125,0.045306245275888134
2022-11-14,RealEstate,0.1563888888888889,0.5428000000000001,0.1220951298185941
2022-11-14,Tech,0.08212747252747252,0.1336807142857143,0.08927137420780278
2022-11-14,Utilities,0.051155000000000006,0.12136,0.18953458333333334
2022-11-15,Comm,-0.06889166666666667,0.36071547619047617,0.1075672478898967
2022-11-15,Consumer,0.07286955555555555,0.17927611408199645,0.09666765704867807
2022-11-15,Energy,0.33301,0.1389443006993007,0.11541750024116097
2022-11-15,Financials,0.06761666666666667,0.20448,0.09316695863188536
2022-11-15,Healthcare,0.2003366666666667,0.17657166666666668,0.0848983113619185
2022-11-15,Industrials,0.11571666666666668,-0.0053916666666666765,0.13148306115181116
2022-11-15,Materials,0.3078875,0.12166666666666669,0.05229037226001512
2022-11-15,RealEstate,0.5289,0.1563888888888889,0.12803745786092216
2022-11-15,Tech,0.13905250000000002,0.08212747252747252,0.08926601575673004
2022-11-15,Utilities,0.2755,0.051155000000000006,0.1812514880952381
2022-11-16,Comm,0.24231111111111114,-0.06889166666666667,0.09172145423910305
2022-11-16,Consumer,0.08080466666666666,0.07286955555555555,0.09498814382116483
2022-11-16,Energy,0.21520999999999998,0.33301,0.1277512700824308
2022-11-16,Financials,0.0078066666666666675,0.06761666666666667,0.08962694275886948
2022-11-16,Healthcare,0.17588333333333336,0.2003366666666667,0.08825505739366454
2022-11-16,Industrials,0.12352500000000001,0.11571666666666668,0.14141718813593812
2022-11-16,Materials,0.0,0.3078875,0.07329691987906274
2022-11-16,RealEstate,0.2779555555555555,0.5289,0.14925245786092217
2022-11-16,Tech,-0.000559166666666669,0.13905250000000002,0.09250699194720624
2022-11-16,Utilities,0.22783749999999997,0.2755,0.19882482142857144
2022-11-17,Comm,-0.012758333333333335,0.24231111111111114,0.09480769762534644
2022-11-17,Consumer,0.3397645,0.08080466666666666,0.0961001120751331
2022-11-17,Energy,0.06289625000000001,0.21520999999999998,0.13835918674909747
2022-11-17,Financials,0.21805166666666667,0.0078066666666666675,0.08457948791486292
2022-11-17,Healthcare,0.012486666666666667,0.17588333333333336,0.09555283517144234
2022-11-17,Industrials,0.160475,0.12352500000000001,0.14190816035816034
2022-11-17,Materials,0.7096,0.0,0.06812337490551776
2022-11-17,RealEstate,0.0,0.2779555555555555,0.1622808970143613
2022-11-17,Tech,0.091574,-0.000559166666666669,0.08583084115355544
2022-11-17,Utilities,0.0,0.22783749999999997,0.18893613095238096
2022-11-18,Comm,-0.025,-0.012758333333333335,0.09716761826026708
2022-11-18,Consumer,-0.0411342857142857,0.3397645,0.10385085017037118
2022-11-18,Energy,0.0898377777777778,0.06289625000000001,0.1329656430983038
2022-11-18,Financials,0.15932500000000002,0.21805166666666667,0.09064305934343435
2022-11-18,Healthcare,0.10561666666666666,0.012486666666666667,0.09352158800590944
2022-11-18,Industrials,-0.042666666666666665,0.160475,0.14813474765974768
2022-11-18,Materials,0.22467777777777778,0.7096,0.10231067649281934
2022-11-18,RealEstate,-0.13153333333333334,0.0,0.156997563681028
2022-11-18,Tech,0.28918333333333335,0.091574,0.09489134909006339
2022-11-18,Utilities,0.04375,0.0,0.18881906746031746
2022-11-21,Comm,0.27903750000000005,-0.025,0.09591435547367093
2022-11-21,Consumer,0.27307088888888886,-0.0411342857142857,0.09194004291413536
2022-11-21,Energy,0.1493615,0.0898377777777778,0.1313255214051821
2022-11-21,Financials,0.10208535714285713,0.15932500000000002,0.09518174981962482
2022-11-21,Healthcare,0.22615833333333332,0.10561666666666666,0.09587498483130627
2022-11-21,Industrials,0.11107777777777778,-0.042666666666666665,0.13689863654863657
2022-11-21,Materials,0.12416666666666669,0.22467777777777778,0.11149493575207862
2022-11-21,RealEstate,0.160275,-0.13153333333333334,0.14092692876039306
2022-11-21,Tech,0.176282,0.28918333333333335,0.09887214274085702
2022-11-21,Utilities,0.10450000000000001,0.04375,0.18458271825396824
2022-11-22,Comm,0.4193,0.27903750000000005,0.10259590309271857
2022-11-22,Consumer,0.012502000000000003,0.27307088888888886,0.10217516460725704
2022-11-22,Energy,-0.08969833333333334,0.1493615,0.13317007204766135
2022-11-22,Financials,0.194995,0.10208535714285713,0.10200129063595136
2022-11-22,Healthcare,0.14234947619047617,0.22615833333333332,0.10048652451384596
2022-11-22,Industrials,0.20143416666666666,0.11107777777777778,0.1298126577126577
2022-11-22,Materials,0.0,0.12416666666666669,0.10481001511715797
2022-11-22,RealEstate,-0.41169999999999995,0.160275,0.13349692876039304
2022-11-22,Tech,0.01776833333333334,0.176282,0.10603052369323798
2022-11-22,Utilities,0.005,0.10450000000000001,0.18309771825396826
2022-11-23,Comm,0.00645,0.4193,0.11402080388636937
2022-11-23,Consumer,0.34502996031746036,0.012502000000000003,0.09620935508344752
2022-11-23,Energy,0.24939490476190476,-0.08969833333333334,0.12412574400533331
2022-11-23,Financials,0.07077777777777779,0.194995,0.11590449169415243
2022-11-23,Healthcare,0.13143541666666667,0.14234947619047617,0.10470205512609085
2022-11-23,Industrials,0.0,0.20143416666666666,0.13319113654863654
2022-11-23,Materials,0.123,0.0,0.09755882464096749
2022-11-23,RealEstate,0.24020000000000005,-0.41169999999999995,0.10120502399848832
2022-11-23,Tech,0.22614375,0.01776833333333334,0.10676619262747833
2022-11-23,Utilities,0.2526,0.005,0.17267200396825397
2022-11-25,Comm,0.4537416666666667,0.00645,0.1106104511526833
2022-11-25,Consumer,0.19198005952380953,0.34502996031746036,0.10930554366999326
2022-11-25,Energy,0.21078200000000002,0.24939490476190476,0.12993645375590018
2022-11-25,Financials,0.14867733333333333,0.07077777777777779,0.11030344341372914
2022-11-25,Healthcare,0.16717892857142858,0.13143541666666667,0.10842675750704324
2022-11-25,Industrials,0.0,0.0,0.13080572751322753
2022-11-25,Materials,0.0,0.123,0.09503448601662888
2022-11-25,RealEstate,0.3794666666666667,0.24020000000000005,0.10723740495086924
2022-11-25,Tech,-0.003799999999999989,0.22614375,0.11796760135763709
2022-11-25,Utilities,0.217675,0.2526,0.1783521626984127
2022-11-28,Comm,0.36875,0.4537416666666667,0.13100529242252457
2022-11-28,Consumer,0.06578074175824175,0.19198005952380953,0.11485336396477784
2022-11-28,Energy,0.023242250000000002,0.21078200000000002,0.13788448550193194
2022-11-28,Financials,0.07985833333333332,0.14867733333333333,0.11061924716553288
2022-11-28,Healthcare,0.22285976190476192,0.16717892857142858,0.11182006627499484
2022-11-28,Industrials,0.0143825,0.0,0.12911318783068784
2022-11-28,Materials,0.24230000000000002,0.0,0.09408210506424793
2022-11-28,RealEstate,0.488125,0.3794666666666667,0.12026498431594862
2022-11-28,Tech,0.11598323076923078,-0.003799999999999989,0.10378918865922439
2022-11-28,Utilities,0.27030000000000004,0.217675,0.18070295634920636
2022-11-29,Comm,0.2842777777777778,0.36875,0.1347983876606198
2022-11-29,Consumer,0.15310277777777778,0.06578074175824175,0.11442002627072585
2022-11-29,Energy,0.059359545454545456,0.023242250000000002,0.13335113809933455
2022-11-29,Financials,0.4548277777777778,0.07985833333333332,0.10497786621315192
2022-11-29,Healthcare,0.18095666666666668,0.22285976190476192,0.1132371746031746
2022-11-29,Industrials,0.16235,0.0143825,0.1162181746031746
2022-11-29,Materials,0.005833333333333334,0.24230000000000002,0.09924083522297808
2022-11-29,RealEstate,0.0,0.488125,0.14395779383975812
2022-11-29,Tech,-0.06439866666666667,0.11598323076923078,0.10900534250537823
2022-11-29,Utilities,0.18610000000000002,0.27030000000000004,0.1883974007936508
2022-11-30,Comm,0.09293333333333333,0.2842777777777778,0.14145226143235073
2022-11-30,Consumer,0.14273,0.15310277777777778,0.119509174418874
2022-11-30,Energy,0.21857761904761905,0.059359545454545456,0.1293732381474346
2022-11-30,Financials,-0.026977777777777778,0.4548277777777778,0.12541601436130007
2022-11-30,Healthcare,0.21031633333333333,0.18095666666666668,0.12005786243386243
2022-11-30,Industrials,0.14584166666666668,0.16235,0.11360805555555557
2022-11-30,Materials,0.25932,0.005833333333333334,0.09951861300075586
2022-11-30,RealEstate,0.15885,0.0,0.14395779383975812
2022-11-30,Tech,0.09327666666666666,-0.06439866666666667,0.10128258853712424
2022-11-30,Utilities,0.17463333333333333,0.18610000000000002,0.18786486111111111
2022-12-01,Comm,0.10771333333333333,0.09293333333333333,0.131801229686319
2022-12-01,Consumer,0.1663347619047619,0.14273,0.12265599187919146
2022-12-01,Energy,0.21208333333333335,0.21857761904761905,0.13367610492747992
2022-12-01,Financials,-0.067879,-0.026977777777777778,0.1133318344671202
2022-12-01,Healthcare,0.14680333333333334,0.21031633333333333,0.12836657671957674
2022-12-01,Industrials,0.2969333333333333,0.14584166666666668,0.11060871693121693
2022-12-01,Materials,0.09789166666666667,0.25932,0.11020051776266063
2022-12-01,RealEstate,0.267775,0.15885,0.14217602513227515
2022-12-01,Tech,0.20891433333333334,0.09327666666666666,0.09871702504506075
2022-12-01,Utilities,0.265325,0.17463333333333333,0.17672422619047617
2022-12-02,Comm,0.26908000000000004,0.10771333333333333,0.12997344198790628
2022-12-02,Consumer,0.1657568181818182,0.1663347619047619,0.12776516421479236
2022-12-02,Energy,0.4320625,0.21208333333333335,0.13837508709610497
2022-12-02,Financials,0.18363583333333333,-0.067879,0.10716160430839003
2022-12-02,Healthcare,-0.08893,0.14680333333333334,0.1263207037037037
2022-12-02,Industrials,-0.04505333333333334,0.2969333333333333,0.11585951058201058
2022-12-02,Materials,-0.15000000000000002,0.09789166666666667,0.11734000188964476
2022-12-02,RealEstate,0.18610000000000002,0.267775,0.15042027116402118
2022-12-02,Tech,0.08632380952380952,0.20891433333333334,0.10361827901331473
2022-12-02,Utilities,0.44045,0.265325,0.16743970238095238
2022-12-05,Comm,0.09542285714285716,0.26908000000000004,0.14133578325774757
2022-12-05,Consumer,0.06577290476190475,0.1657568181818182,0.12185258412821229
2022-12-05,Energy,0.198549503968254,0.4320625,0.14665982745891673
2022-12-05,Financials,0.21465,0.18363583333333333,0.10754307256235827
2022-12-05,Healthcare,0.116755,-0.08893,0.12520221164021164
2022-12-05,Industrials,0.08677083333333334,-0.04505333333333334,0.10462363756613756
2022-12-05,Materials,0.017499999999999998,-0.15000000000000002,0.11507174792139077
2022-12-05,RealEstate,0.34345000000000003,0.18610000000000002,0.15496445105820106
2022-12-05,Tech,0.08310000000000001,0.08632380952380952,0.101284344017094
2022-12-05,Utilities,0.22099375000000002,0.44045,0.17744922619047618
2022-12-06,Comm,0.153945,0.09542285714285716,0.14195972883597885
2022-12-06,Consumer,0.12981666666666666,0.06577290476190475,0.12357089705338235
2022-12-06,Energy,0.2687476666666667,0.198549503968254,0.14067535939391296
2022-12-06,Financials,-0.09375575757575756,0.21465,0.11911092970521542
2022-12-06,Healthcare,0.03539700000000001,0.116755,0.13810322354497354
2022-12-06,Industrials,-0.24024444444444445,0.08677083333333334,0.10708462962962964
2022-12-06,Materials,0.18416666666666667,0.017499999999999998,0.11266539871504155
2022-12-06,RealEstate,0.25445,0.34345000000000003,0.1698750330687831
2022-12-06,Tech,0.016857333333333342,0.08310000000000001,0.10318539276992848
2022-12-06,Utilities,-0.018275,0.22099375000000002,0.17895021825396826
2022-12-07,Comm,0.044425000000000006,0.153945,0.148216335978836
2022-12-07,Consumer,0.19124833333333333,0.12981666666666666,0.12967730628374116
2022-12-07,Energy,0.08331333333333334,0.2687476666666667,0.15057778796534155
2022-12-07,Financials,-0.000888888888888889,-0.09375575757575756,0.10790113172541743
2022-12-07,Healthcare,-0.0923017857142857,0.03539700000000001,0.134043794973545
2022-12-07,Industrials,0.2294,-0.24024444444444445,0.08588251322751322
2022-12-07,Materials,0.0,0.18416666666666667,0.12143523998488284
2022-12-07,RealEstate,0.3463,0.25445,0.19500122354497357
2022-12-07,Tech,0.22499533333333335,0.016857333333333342,0.10114486896040469
2022-12-07,Utilities,0.3615333333333333,-0.018275,0.16898236111111112
2022-12-08,Comm,0.11396666666666667,0.044425000000000006,0.15516292328042328
2022-12-08,Consumer,0.11297266666666668,0.19124833333333333,0.13389885617036248
2022-12-08,Energy,0.23668671794871793,0.08331333333333334,0.1509602002514681
2022-12-08,Financials,0.11562799999999998,-0.000888888888888889,0.1075235655878513
2022-12-08,Healthcare,0.04181166666666667,-0.0923017857142857,0.12817736073318217
2022-12-08,Industrials,0.1554875,0.2294,0.09664759259259259
2022-12-08,Materials,0.17,0.0,0.12107809712774
2022-12-08,RealEstate,0.015,0.3463,0.20535906084656086
2022-12-08,Tech,0.10598500000000001,0.22499533333333335,0.1039819800715158
2022-12-08,Utilities,-0.11315,0.3615333333333333,0.18661410714285714
2022-12-09,Comm,-0.15539999999999998,0.11396666666666667,0.15636252645502646
2022-12-09,Consumer,0.29025944444444446,0.11297266666666668,0.13742469744020375
2022-12-09,Energy,0.09036095238095236,0.23668671794871793,0.1542169586458515
2022-12-09,Financials,0.0030000000000000014,0.11562799999999998,0.11010479310107882
2022-12-09,Healthcare,0.14665,0.04181166666666667,0.13209908030990172
2022-12-09,Industrials,0.18910000000000002,0.1554875,0.10092854497354496
2022-12-09,Materials,0.16922500000000001,0.17,0.1272266798941799
2022-12-09,RealEstate,0.4221166666666667,0.015,0.1905066798941799
2022-12-09,Tech,0.15389375000000002,0.10598500000000001,0.10387775104657247
2022-12-09,Utilities,0.08167499999999998,-0.11315,0.17219109126984128
2022-12-12,Comm,0.06971111111111111,-0.15539999999999998,0.1470228439153439
2022-12-12,Consumer,0.15762416666666665,0.29025944444444446,0.14811820273120904
2022-12-12,Energy,0.27718023809523806,0.09036095238095236,0.16046212304494448
2022-12-12,Financials,0.07821611111111111,0.0030000000000000014,0.10445241214869785
2022-12-12,Healthcare,0.02215303258145364,0.14665,0.13443844538926683
2022-12-12,Industrials,-0.029666666666666657,0.18910000000000002,0.10300473544973544
2022-12-12,Materials,-0.1858,0.16922500000000001,0.13421358465608466
2022-12-12,RealEstate,0.1141,0.4221166666666667,0.20448128306878308
2022-12-12,Tech,0.11238285714285715,0.15389375000000002,0.1078437232687947
2022-12-12,Utilities,0.30922499999999997,0.08167499999999998,0.1704994246031746
2022-12-13,Comm,-0.20734666666666668,0.06971111111111111,0.14779670634920636
2022-12-13,Consumer,0.10734559523809524,0.15762416666666665,0.15626079721344638
2022-12-13,Energy,0.15310833333333335,0.27718023809523806,0.1687321661288447
2022-12-13,Financials,0.16308333333333336,0.07821611111111111,0.1063865126777984
2022-12-13,Healthcare,0.1254441904761905,0.02215303258145364,0.12754017709949478
2022-12-13,Industrials,0.26990000000000003,-0.029666666666666657,0.09463436507936507
2022-12-13,Materials,0.23877500000000002,-0.1858,0.12441358465608467
2022-12-13,RealEstate,-0.1441,0.1141,0.20661997354497358
2022-12-13,Tech,0.17528998015873015,0.11238285714285715,0.10898888496424212
2022-12-13,Utilities,0.18321875,0.30922499999999997,0.16562799603174602
2022-12-14,Comm,0.08750555555555556,-0.20734666666666668,0.13773257936507938
2022-12-14,Consumer,0.130021875,0.10734559523809524,0.15251944460573666
2022-12-14,Energy,-0.048950666666666656,0.15310833333333335,0.1720481139746497
2022-12-14,Financials,-0.06158833333333334,0.16308333333333336,0.10843873490002062
2022-12-14,Healthcare,0.22758333333333336,0.1254441904761905,0.11456820733381072
2022-12-14,Industrials,0.309825,0.26990000000000003,0.09044626984126984
2022-12-14,Materials,0.07363333333333333,0.23877500000000002,0.1266766798941799
2022-12-14,RealEstate,0.06833333333333334,-0.1441,0.17391044973544975
2022-12-14,Tech,0.019090000000000003,0.17528998015873015,0.11097027857724287
2022-12-14,Utilities,0.0,0.18321875,0.1685736507936508
2022-12-15,Comm,0.077861,0.08750555555555556,0.12472258314436886
2022-12-15,Consumer,0.15862946428571428,0.130021875,0.15017400464945108
2022-12-15,Energy,0.02848666666666666,-0.048950666666666656,0.16310073457627028
2022-12-15,Financials,0.31565,-0.06158833333333334,0.09576881426509998
2022-12-15,Healthcare,0.17082966666666666,0.22758333333333336,0.11699733431793771
2022-12-15,Industrials,0.17005666666666666,0.309825,0.1054565873015873
2022-12-15,Materials,0.0075,0.07363333333333333,0.12438937830687832
2022-12-15,RealEstate,0.09131666666666667,0.06833333333333334,0.16971732804232806
2022-12-15,Tech,-0.05281309523809523,0.019090000000000003,0.10796849417117274
2022-12-15,Utilities,0.41255,0.0,0.16613769841269843
2022-12-16,Comm,-0.12744499999999997,0.077861,0.13171080536659108
2022-12-16,Consumer,0.15386333333333332,0.15862946428571428,0.15425780982707768
2022-12-16,Energy,0.14259,0.02848666666666666,0.1485996234651592
2022-12-16,Financials,-0.1520625,0.31565,0.10757992537621111
2022-12-16,Healthcare,0.1907166666666667,0.17082966666666666,0.11559223907984247
2022-12-16,Industrials,0.04322666666666667,0.17005666666666666,0.10804420634920635
2022-12-16,Materials,-0.6249,0.0075,0.11008521164021164
2022-12-16,RealEstate,0.5394,0.09131666666666667,0.1488800264550265
2022-12-16,Tech,0.13836520833333332,-0.05281309523809523,0.09883203725507297
2022-12-16,Utilities,0.338525,0.41255,0.1726638888888889
2022-12-19,Comm,0.19001875000000001,-0.12744499999999997,0.11410337150415724
2022-12-19,Consumer,0.1606460805860806,0.15386333333333332,0.15773679395406182
2022-12-19,Energy,0.07989177777777778,0.14259,0.14514152822706397
2022-12-19,Financials,0.027603047619047617,-0.1520625,0.09996710791589364
2022-12-19,Healthcare,0.06656933333333334,0.1907166666666667,0.11629858828619169
2022-12-19,Industrials,0.21510416666666668,0.04322666666666667,0.10422047619047621
2022-12-19,Materials,0.08231666666666666,-0.6249,0.08032806878306878
2022-12-19,RealEstate,0.1871172222222222,0.5394,0.16132976190476192
2022-12-19,Tech,0.017695333333333327,0.13836520833333332,0.10544748368364441
2022-12-19,Utilities,0.28426111111111113,0.338525,0.1779347222222222
2022-12-20,Comm,0.3176833333333334,0.19001875000000001,0.1237594230914588
2022-12-20,Consumer,0.10077337662337663,0.1606460805860806,0.14920734541054184
2022-12-20,Energy,0.2651875,0.07989177777777778,0.1459508390736248
2022-12-20,Financials,0.2440260606060606,0.027603047619047617,0.0908981260564832
2022-12-20,Healthcare,0.19936944444444443,0.06656933333333334,0.11887395336555676
2022-12-20,Industrials,0.15393958333333332,0.21510416666666668,0.10682186507936506
2022-12-20,Materials,0.20697500000000002,0.08231666666666666,0.050457433862433856
2022-12-20,RealEstate,0.08778749999999999,0.1871172222222222,0.17024010582010585
2022-12-20,Tech,0.20715208333333332,0.017695333333333327,0.10192945193761266
2022-12-20,Utilities,0.41792499999999994,0.28426111111111113,0.19147096560846558
2022-12-21,Comm,-0.0569611111111111,0.3176833333333334,0.14007767705971277
2022-12-21,Consumer,-0.04868136363636364,0.10077337662337663,0.15596485314090672
2022-12-21,Energy,0.06402916666666666,0.2651875,0.15430082584611157
2022-12-21,Financials,0.03027410714285715,0.2440260606060606,0.09493150989486702
2022-12-21,Healthcare,0.17446166666666668,0.19936944444444443,0.12333837135497475
2022-12-21,Industrials,0.44958690476190477,0.15393958333333332,0.11618406746031747
2022-12-21,Materials,0.16973333333333332,0.20697500000000002,0.04961444444444445
2022-12-21,RealEstate,-0.0401111111111111,0.08778749999999999,0.18068395502645504
2022-12-21,Tech,0.19128742857142858,0.20715208333333332,0.09802320193761266
2022-12-21,Utilities,0.47255,0.41792499999999994,0.20928882275132277
2022-12-22,Comm,0.025533333333333314,-0.0569611111111111,0.12407774319727892
2022-12-22,Consumer,0.06339722222222222,-0.04868136363636364,0.1406433173063709
2022-12-22,Energy,0.389085,0.06402916666666666,0.15023738140166712
2022-12-22,Financials,0.30224133333333336,0.03027410714285715,0.0915119265615337
2022-12-22,Healthcare,0.05301041666666667,0.17446166666666668,0.12087662532322871
2022-12-22,Industrials,0.15591666666666665,0.44958690476190477,0.13230354969765687
2022-12-22,Materials,-0.025,0.16973333333333332,0.05178428571428571
2022-12-22,RealEstate,0.0,-0.0401111111111111,0.17114175925925929
2022-12-22,Tech,-0.10765683333333334,0.19128742857142858,0.09873774615529973
2022-12-22,Utilities,0.0,0.47255,0.22681501322751327
2022-12-23,Comm,0.30825,0.025533333333333314,0.10532694954648525
2022-12-23,Consumer,0.13607916666666667,0.06339722222222222,0.1430668993169529
2022-12-23,Energy,0.034530000000000005,0.389085,0.17303658775087347
2022-12-23,Financials,0.234105,0.30224133333333336,0.09661889481550197
2022-12-23,Healthcare,-0.13645833333333332,0.05301041666666667,0.11662238439352349
2022-12-23,Industrials,0.0619625,0.15591666666666665,0.13013604969765682
2022-12-23,Materials,0.0,-0.025,0.05059380952380951
2022-12-23,RealEstate,0.0,0.0,0.1907465211640212
2022-12-23,Tech,0.10210083333333332,-0.10765683333333334,0.09276511917117275
2022-12-23,Utilities,0.48930000000000007,0.0,0.22657691798941798
2022-12-27,Comm,0.28673333333333334,0.30825,0.11969837811791384
2022-12-27,Consumer,0.2417909090909091,0.13607916666666667,0.13311686152405797
2022-12-27,Energy,0.2121384468864469,0.034530000000000005,0.16280492561935422
2022-12-27,Financials,0.14916000000000001,0.234105,0.10439638158798874
2022-12-27,Healthcare,0.12427800000000003,-0.13645833333333332,0.10386553915542826
2022-12-27,Industrials,0.1519467261904762,0.0619625,0.1330866449357521
2022-12-27,Materials,0.4253,0.0,0.04473666666666666
2022-12-27,RealEstate,0.293705,0.0,0.17930842592592594
2022-12-27,Tech,-0.014320493506493503,0.10210083333333332,0.0868583136156172
2022-12-27,Utilities,0.13932000000000003,0.48930000000000007,0.2378483465608466
2022-12-28,Comm,0.12911166666666668,0.28673333333333334,0.11174560034013606
2022-12-28,Consumer,0.08662500000000001,0.2417909090909091,0.13548880674153888
2022-12-28,Energy,0.11653333333333334,0.2121384468864469,0.16286951832823263
2022-12-28,Financials,0.09005,0.14916000000000001,0.10441936571497286
2022-12-28,Healthcare,0.185588,0.12427800000000003,0.10182263779488404
2022-12-28,Industrials,0.08919444444444445,0.1519467261904762,0.14032220332577477
2022-12-28,Materials,0.045533333333333335,0.4253,0.06498904761904763
2022-12-28,RealEstate,0.4313,0.293705,0.17522453703703705
2022-12-28,Tech,0.10701250000000001,-0.014320493506493503,0.08635733773435558
2022-12-28,Utilities,0.1616,0.13932000000000003,0.23411715608465608
2022-12-29,Comm,0.007449999999999994,0.12911166666666668,0.10033425113378687
2022-12-29,Consumer,0.16948000000000002,0.08662500000000001,0.1364813904673369
2022-12-29,Energy,0.041922321428571434,0.11653333333333334,0.16731195086791517
2022-12-29,Financials,0.06207,0.09005,0.10490468317529032
2022-12-29,Healthcare,0.1626825,0.185588,0.10004779198989537
2022-12-29,Industrials,0.08000208333333333,0.08919444444444445,0.1438846768707483
2022-12-29,Materials,0.08940000000000001,0.045533333333333335,0.05561920634920635
2022-12-29,RealEstate,0.08865,0.4313,0.17251858465608466
2022-12-29,Tech,0.18852666666666668,0.10701250000000001,0.08593016007867793
2022-12-29,Utilities,0.03514999999999999,0.1616,0.2289409656084656
2022-12-30,Comm,0.018386666666666662,0.007449999999999994,0.08715197600151173
2022-12-30,Consumer,0.11216466666666666,0.16948000000000002,0.13726125819220464
2022-12-30,Energy,0.17345333333333335,0.041922321428571434,0.1664816068666783
2022-12-30,Financials,0.14765000000000003,0.06207,0.08620193185253901
2022-12-30,Healthcare,0.062033333333333336,0.1626825,0.09917759357719697
2022-12-30,Industrials,0.18451666666666666,0.08000208333333333,0.1399633475056689
2022-12-30,Materials,-0.1416,0.08940000000000001,0.05959857142857143
2022-12-30,RealEstate,0.10704999999999999,0.08865,0.17674001322751323
2022-12-30,Tech,0.05760342857142857,0.18852666666666668,0.09797422357074143
2022-12-30,Utilities,0.057319999999999996,0.03514999999999999,0.22175287037037036
2023-01-03,Comm,0.016999047619047622,0.018386666666666662,0.08360213473167045
2023-01-03,Consumer,0.11707809523809524,0.11216466666666666,0.13580576612871256
2023-01-03,Energy,0.3011753015873016,0.17345333333333335,0.16433283135647422
2023-01-03,Financials,0.11337000000000001,0.14765000000000003,0.09451754031814746
2023-01-03,Healthcare,0.20324166666666668,0.062033333333333336,0.09211649833910174
2023-01-03,Industrials,0.09374000000000002,0.18451666666666666,0.1418050141723356
2023-01-03,Materials,0.12765,-0.1416,0.04050714285714285
2023-01-03,RealEstate,0.24253750000000002,0.10704999999999999,0.17427334656084656
2023-01-03,Tech,0.11757209653092007,0.05760342857142857,0.09627549794715866
2023-01-03,Utilities,0.135575,0.057319999999999996,0.21616652116402116
2023-01-04,Comm,0.056466666666666686,0.016999047619047622,0.07928240684051399
2023-01-04,Consumer,0.08955980952380954,0.11707809523809524,0.13346021057315702
2023-01-04,Energy,0.25756733333333337,0.3011753015873016,0.1685753060352346
2023-01-04,Financials,0.21371166666666666,0.11337000000000001,0.10314844508005223
2023-01-04,Healthcare,0.14670625,0.20324166666666668,0.09480403802164142
2023-01-04,Industrials,0.10412500000000001,0.09374000000000002,0.1321291411564626
2023-01-04,Materials,0.0976,0.12765,0.04192420634920634
2023-01-04,RealEstate,0.1956,0.24253750000000002,0.17307156084656086
2023-01-04,Tech,0.03400449999999999,0.11757209653092007,0.09192586762323422
2023-01-04,Utilities,0.2059375,0.135575,0.20998794973544974
2023-01-05,Comm,0.14398,0.056466666666666686,0.06915796239606954
2023-01-05,Consumer,0.2592738095238095,0.08955980952380954,0.1298317815894423
2023-01-05,Energy,0.24574773809523812,0.25756733333333337,0.16026601238444096
2023-01-05,Financials,0.06388333333333332,0.21371166666666666,0.10458062761973477
2023-01-05,Healthcare,0.162785,0.14670625,0.10602481183116523
2023-01-05,Industrials,0.1742125,0.10412500000000001,0.13923287131519274
2023-01-05,Materials,0.12264,0.0976,0.05371468253968255
2023-01-05,RealEstate,0.23320000000000002,0.1956,0.17352394179894182
2023-01-05,Tech,0.2311653333333333,0.03400449999999999,0.08943447193162424
2023-01-05,Utilities,0.20098333333333335,0.2059375,0.19882068783068782
2023-01-06,Comm,0.2367866666666667,0.14398,0.07147020729402873
2023-01-06,Consumer,0.19179583333333333,0.2592738095238095,0.13904611038762824
2023-01-06,Energy,0.16480390476190476,0.24574773809523812,0.1625135473428688
2023-01-06,Financials,0.09210416666666668,0.06388333333333332,0.09740126254036968
2023-01-06,Healthcare,0.06257,0.162785,0.10821671659306999
2023-01-06,Industrials,0.0327875,0.1742125,0.14339676020408162
2023-01-06,Materials,0.006666666666666668,0.12264,0.05872134920634921
2023-01-06,RealEstate,0.08957500000000002,0.23320000000000002,0.1682739417989418
2023-01-06,Tech,0.2550961904761905,0.2311653333333333,0.0964852020903544
2023-01-06,Utilities,0.020000000000000018,0.20098333333333335,0.19786781084656085
2023-01-09,Comm,0.3502875,0.2367866666666667,0.07541504856386999
2023-01-09,Consumer,0.17857162698412699,0.19179583333333333,0.14199749927651714
2023-01-09,Energy,0.28965047619047624,0.16480390476190476,0.15756384439502297
2023-01-09,Financials,0.06626750000000001,0.09210416666666668,0.10625173512334227
2023-01-09,Healthcare,0.18951458333333335,0.06257,0.10951066897402238
2023-01-09,Industrials,0.21658125,0.0327875,0.1563982813681028
2023-01-09,Materials,0.09713,0.006666666666666668,0.05026896825396826
2023-01-09,RealEstate,-0.02159999999999999,0.08957500000000002,0.16042275132275133
2023-01-09,Tech,0.12546571428571426,0.2550961904761905,0.1078299095733476
2023-01-09,Utilities,0.10444333333333336,0.020000000000000018,0.19969042989417993
2023-01-10,Comm,0.3585611111111111,0.3502875,0.08997992951625096
2023-01-10,Consumer,0.13589238095238093,0.17857162698412699,0.1413938465932216
2023-01-10,Energy,0.03795542857142858,0.28965047619047624,0.1673894226263155
2023-01-10,Financials,0.11655833333333333,0.06626750000000001,0.10944965840376554
2023-01-10,Healthcare,0.043808035714285716,0.18951458333333335,0.12293049607152803
2023-01-10,Industrials,0.20747857142857143,0.21658125,0.15578786470143613
2023-01-10,Materials,0.1473,0.09713,0.05489420634920635
2023-01-10,RealEstate,0.09000000000000001,-0.02159999999999999,0.1429037037037037
2023-01-10,Tech,0.2453561904761905,0.12546571428571426,0.10309040390441335
2023-01-10,Utilities,-0.125,0.10444333333333336,0.18744804894179895
2023-01-11,Comm,0.1988291666666667,0.3585611111111111,0.10162728401360545
2023-01-11,Consumer,0.04945966666666667,0.13589238095238093,0.142485261559208
2023-01-11,Energy,0.2238166666666667,0.03795542857142858,0.15792602789406363
2023-01-11,Financials,0.09273730158730159,0.11655833333333333,0.10949395999106712
2023-01-11,Healthcare,0.04917666666666666,0.043808035714285716,0.12302556126427179
2023-01-11,Industrials,0.015500000000000005,0.20747857142857143,0.1582636300075586
2023-01-11,Materials,0.20357708333333335,0.1473,0.05381325396825397
2023-01-11,RealEstate,0.09029999999999999,0.09000000000000001,0.14647513227513229
2023-01-11,Tech,0.07035333333333334,0.2453561904761905,0.10972712726042243
2023-01-11,Utilities,0.10026666666666668,-0.125,0.18688376322751324
2023-01-12,Comm,0.1436075,0.1988291666666667,0.118495339569161
2023-01-12,Consumer,0.07593569230769232,0.04945966666666667,0.1310186054745519
2023-01-12,Energy,0.025078125000000007,0.2238166666666667,0.16428106190766906
2023-01-12,Financials,0.10179057142857144,0.09273730158730159,0.11376716482855768
2023-01-12,Healthcare,0.0977375,0.04917666666666666,0.11838397396268449
2023-01-12,Industrials,0.16169375,0.015500000000000005,0.1499969633408919
2023-01-12,Materials,0.189775,0.20357708333333335,0.055449067460317455
2023-01-12,RealEstate,0.05532500000000001,0.09029999999999999,0.13067433862433864
2023-01-12,Tech,0.06565833333333333,0.07035333333333334,0.10574901218105734
2023-01-12,Utilities,0.16933333333333334,0.10026666666666668,0.1877690806878307
2023-01-13,Comm,0.43955,0.1436075,0.12201421523053665
2023-01-13,Consumer,0.19852266666666668,0.07593569230769232,0.12712867812412454
2023-01-13,Energy,0.18299285714285718,0.025078125000000007,0.15227619937932438
2023-01-13,Financials,0.07083122211122211,0.10179057142857144,0.1148897581770082
2023-01-13,Healthcare,0.23956666666666668,0.0977375,0.12198323431594862
2023-01-13,Industrials,0.036574999999999996,0.16169375,0.15910936413454269
2023-01-13,Materials,0.29411,0.189775,0.07333359126984126
2023-01-13,RealEstate,0.040383333333333334,0.05532500000000001,0.1278755291005291
2023-01-13,Tech,0.104065,0.06565833333333333,0.10352403485679432
2023-01-13,Utilities,0.30978333333333335,0.16933333333333334,0.18110757275132278
2023-01-17,Comm,0.26040416666666666,0.43955,0.15281881840513983
2023-01-17,Consumer,0.24772191428571427,0.19852266666666668,0.131470443430247
2023-01-17,Energy,0.07543254901960786,0.18299285714285718,0.15369927194168267
2023-01-17,Financials,0.16578854172554403,0.07083122211122211,0.11049680049976479
2023-01-17,Healthcare,0.2659983333333334,0.23956666666666668,0.12741763794406652
2023-01-17,Industrials,0.27924375,0.036574999999999996,0.14799864984882843
2023-01-17,Materials,0.19674444444444447,0.29411,0.07596859126984128
2023-01-17,RealEstate,0.16081250000000002,0.040383333333333334,0.13666044973544975
2023-01-17,Tech,0.1377862380952381,0.104065,0.10013236913495001
2023-01-17,Utilities,0.21534999999999999,0.30978333333333335,0.1871344576719577
2023-01-18,Comm,0.011666666666666665,0.26040416666666666,0.16105208560090703
2023-01-18,Consumer,0.1861241111111111,0.24772191428571427,0.13707520720575722
2023-01-18,Energy,0.2466188888888889,0.07543254901960786,0.15962228221245767
2023-01-18,Financials,0.19486777777777778,0.16578854172554403,0.12132427074066372
2023-01-18,Healthcare,0.076075,0.2659983333333334,0.12924692365835225
2023-01-18,Industrials,-0.10906875,0.27924375,0.14654239984882841
2023-01-18,Materials,0.16949166666666668,0.19674444444444447,0.08183102513227512
2023-01-18,RealEstate,0.017144444444444445,0.16081250000000002,0.1410642195767196
2023-01-18,Tech,0.2051,0.1377862380952381,0.10578457094900899
2023-01-18,Utilities,0.28486666666666666,0.21534999999999999,0.19738921957671957
2023-01-19,Comm,0.06491111111111113,0.011666666666666665,0.15789997448979592
2023-01-19,Consumer,0.010813666666666676,0.1861241111111111,0.13838447610220467
2023-01-19,Energy,0.11865,0.2466188888888889,0.17000953088970633
2023-01-19,Financials,0.0643735,0.19486777777777778,0.11557273634912933
2023-01-19,Healthcare,-0.047329166666666665,0.076075,0.12473479667422525
2023-01-19,Industrials,0.0609125,-0.10906875,0.13325071334089192
2023-01-19,Materials,0.13559166666666667,0.16949166666666668,0.08954491402116402
2023-01-19,RealEstate,0.10350833333333333,0.017144444444444445,0.137532208994709
2023-01-19,Tech,0.06304444444444444,0.2051,0.11806614691272779
2023-01-19,Utilities,0.16392,0.28486666666666666,0.19130906084656085
2023-01-20,Comm,-0.05024444444444443,0.06491111111111113,0.16705978930461077
2023-01-20,Consumer,0.022966666666666673,0.010813666666666676,0.13157258721331577
2023-01-20,Energy,0.20668312500000002,0.11865,0.16886953088970633
2023-01-20,Financials,0.0658408888888889,0.0643735,0.12587921253960552
2023-01-20,Healthcare,0.07332533333333333,-0.047329166666666665,0.11339928080120937
2023-01-20,Industrials,-0.013599999999999992,0.0609125,0.13409289588057444
2023-01-20,Materials,0.16671111111111112,0.13559166666666667,0.1257588029100529
2023-01-20,RealEstate,0.07908888888888889,0.10350833333333333,0.11677546296296298
2023-01-20,Tech,0.08023533333333334,0.06304444444444444,0.11447944387039974
2023-01-20,Utilities,0.15063888888888888,0.16392,0.18299453703703705
2023-01-23,Comm,0.10969166666666667,-0.05024444444444443,0.15561868480725624
2023-01-23,Consumer,0.233425,0.022966666666666673,0.12501642464572466
2023-01-23,Energy,0.07608011363636362,0.20668312500000002,0.1749072140907645
2023-01-23,Financials,-0.041872000000000006,0.0658408888888889,0.12770006212388368
2023-01-23,Healthcare,0.26742499999999997,0.07332533333333333,0.11372099508692367
2023-01-23,Industrials,0.24311178571428574,-0.013599999999999992,0.12320222127739987
2023-01-23,Materials,0.11270833333333334,0.16671111111111112,0.12977758597883599
2023-01-23,RealEstate,0.08541333333333333,0.07908888888888889,0.11163125661375663
2023-01-23,Tech,0.07074486215538847,0.08023533333333334,0.11745753910849499
2023-01-23,Utilities,0.20743,0.15063888888888888,0.1766315740740741
2023-01-24,Comm,0.027075,0.10969166666666667,0.14571431972789115
2023-01-24,Consumer,0.16274383333333334,0.233425,0.13133316861604005
2023-01-24,Energy,0.22635976190476192,0.07608011363636362,0.1659021004544009
2023-01-24,Financials,0.11776166666666668,-0.041872000000000006,0.11408586876169029
2023-01-24,Healthcare,0.10796250000000002,0.26742499999999997,0.1169617358276644
2023-01-24,Industrials,0.08050681818181818,0.24311178571428574,0.12744851662887377
2023-01-24,Materials,0.09344166666666666,0.11270833333333334,0.12528869708994708
2023-01-24,RealEstate,0.3322875,0.08541333333333333,0.11151820105820107
2023-01-24,Tech,0.11559479166666667,0.07074486215538847,0.11096195714764047
2023-01-24,Utilities,0.2544125,0.20743,0.16660800264550266
2023-01-25,Comm,0.002282857142857142,0.027075,0.14971603930461075
2023-01-25,Consumer,0.12795233333333333,0.16274383333333334,0.14140103513840657
2023-01-25,Energy,0.20028444444444443,0.22635976190476192,0.17363212879907208
2023-01-25,Financials,0.065865,0.11776166666666668,0.11825194302472886
2023-01-25,Healthcare,-0.028354411764705892,0.10796250000000002,0.11379510884353743
2023-01-25,Industrials,0.09922222222222221,0.08050681818181818,0.1098732744107744
2023-01-25,Materials,-0.08710399999999999,0.09344166666666666,0.12165576058201058
2023-01-25,RealEstate,0.27082222222222224,0.3322875,0.12925146825396827
2023-01-25,Tech,0.06391345238095239,0.11559479166666667,0.10735754586646133
2023-01-25,Utilities,0.23505500000000001,0.2544125,0.15622050264550266
2023-01-26,Comm,0.2989308712121212,0.002282857142857142,0.14860887377173093
2023-01-26,Consumer,0.11855333333333336,0.12795233333333333,0.1444750880484595
2023-01-26,Energy,0.2227971153846154,0.20028444444444443,0.16464162615356942
2023-01-26,Financials,0.179286,0.065865,0.10699592715171298
2023-01-26,Healthcare,0.18738333333333335,-0.028354411764705892,0.10992059320394826
2023-01-26,Industrials,0.039994642857142854,0.09922222222222221,0.10717353896103898
2023-01-26,Materials,0.0915,-0.08710399999999999,0.11869842724867724
2023-01-26,RealEstate,0.06214444444444444,0.27082222222222224,0.14214776455026457
2023-01-26,Tech,0.09217806349206349,0.06391345238095239,0.11552755947190352
2023-01-26,Utilities,0.15739,0.23505500000000001,0.1674135978835979
2023-01-27,Comm,0.09938799999999999,0.2989308712121212,0.1481651057342129
2023-01-27,Consumer,0.05516761904761904,0.11855333333333336,0.14364052455639598
2023-01-27,Energy,0.12504785714285716,0.2227971153846154,0.17360672688617018
2023-01-27,Financials,0.19427125,0.179286,0.10438549858028441
2023-01-27,Healthcare,0.13628333333333334,0.18738333333333335,0.12534162494998
2023-01-27,Industrials,0.19097777777777777,0.039994642857142854,0.1061274505256648
2023-01-27,Materials,0.1755,0.0915,0.12305557010582009
2023-01-27,RealEstate,0.3066,0.06214444444444444,0.1451070238095238
2023-01-27,Tech,0.008375698653198657,0.09217806349206349,0.11505504662231922
2023-01-27,Utilities,0.19806666666666667,0.15739,0.1516083597883598
2023-01-30,Comm,0.11356666666666666,0.09938799999999999,0.13924389938500653
2023-01-30,Consumer,0.02274222222222222,0.05516761904761904,0.13475370122100122
2023-01-30,Energy,0.1509066666666667,0.12504785714285716,0.16945955594599924
2023-01-30,Financials,0.17472380952380953,0.19427125,0.10653365334218917
2023-01-30,Healthcare,0.16710216666666666,0.13628333333333334,0.12591330748966253
2023-01-30,Industrials,0.010930000000000002,0.19097777777777777,0.10798607202982205
2023-01-30,Materials,0.26668749999999997,0.1755,0.111160332010582
2023-01-30,RealEstate,0.2466229166666667,0.3066,0.14572107142857144
2023-01-30,Tech,0.09605940170940172,0.008375698653198657,0.11613581767754268
2023-01-30,Utilities,0.13783333333333336,0.19806666666666667,0.1544058201058201
2023-01-31,Comm,-0.009448888888888887,0.11356666666666666,0.13850366128976846
2023-01-31,Consumer,0.07222566666666666,0.02274222222222222,0.13171166418396418
2023-01-31,Energy,0.13482155555555556,0.1509066666666667,0.17109638134282465
2023-01-31,Financials,0.1043375,0.17472380952380953,0.11056573950998962
2023-01-31,Healthcare,0.03513416666666667,0.16710216666666666,0.12503302971188474
2023-01-31,Industrials,0.20438666666666663,0.010930000000000002,0.10425919372294372
2023-01-31,Materials,0.061516666666666664,0.26668749999999997,0.12169148280423281
2023-01-31,RealEstate,0.11702499999999999,0.2466229166666667,0.1369269246031746
2023-01-31,Tech,0.0003812878787878846,0.09605940170940172,0.11561424156846656
2023-01-31,Utilities,0.23210416666666667,0.13783333333333336,0.15327407407407406
2023-02-01,Comm,0.022679999999999995,-0.009448888888888887,0.13769895229505943
2023-02-01,Consumer,0.10572484848484849,0.07222566666666666,0.12708050545380548
2023-02-01,Energy,-0.1260951111111111,0.13482155555555556,0.17552015439649055
2023-02-01,Financials,0.0,0.1043375,0.11257847760522773
2023-02-01,Healthcare,0.1526415873015873,0.03513416666666667,0.11895929955315461
2023-02-01,Industrials,0.09509999999999999,0.20438666666666663,0.11018226911976911
2023-02-01,Materials,0.0,0.061516666666666664,0.12036370502645502
2023-02-01,RealEstate,0.2823,0.11702499999999999,0.1382781150793651
2023-02-01,Tech,-0.05945844393592679,0.0003812878787878846,0.10665493781666283
2023-02-01,Utilities,-0.02065,0.23210416666666667,0.16265284391534393
2023-02-02,Comm,0.13950933333333332,0.022679999999999995,0.1379033967395039
2023-02-02,Consumer,0.15966333333333332,0.10572484848484849,0.12677384744514744
2023-02-02,Energy,0.19302000000000002,-0.1260951111111111,0.1612559427562789
2023-02-02,Financials,0.15044200000000002,0.0,0.10554752522427535
2023-02-02,Healthcare,0.2401416666666667,0.1526415873015873,0.12327397831354762
2023-02-02,Industrials,0.22265,0.09509999999999999,0.10592433261183261
2023-02-02,Materials,0.027858333333333336,0.0,0.12710656216931215
2023-02-02,RealEstate,0.15056250000000002,0.2823,0.14662335317460318
2023-02-02,Tech,0.21868000000000004,-0.05945844393592679,0.10108056293536016
2023-02-02,Utilities,0.27941666666666665,-0.02065,0.15893998677248677
2023-02-03,Comm,0.18487,0.13950933333333332,0.1437372198687556
2023-02-03,Consumer,0.17731838095238095,0.15966333333333332,0.12880171592587306
2023-02-03,Energy,0.00593833333333334,0.19302000000000002,0.15610569029974075
2023-02-03,Financials,0.04958541666666665,0.15044200000000002,0.10731285855760866
2023-02-03,Healthcare,-0.05995916666666667,0.2401416666666667,0.12503112117069048
2023-02-03,Industrials,0.28759375,0.22265,0.11206290404040405
2023-02-03,Materials,-0.012729999999999995,0.027858333333333336,0.12235457804232805
2023-02-03,RealEstate,0.14068333333333335,0.15056250000000002,0.14224359126984126
2023-02-03,Tech,-0.027685833333333344,0.21868000000000004,0.10589522500531634
2023-02-03,Utilities,0.3521708333333333,0.27941666666666665,0.16578958994708998
2023-02-06,Comm,-0.01366749999999999,0.18487,0.14985166431320002
2023-02-06,Consumer,0.09698766666666667,0.17731838095238095,0.1329806955177098
2023-02-06,Energy,0.04407888888888889,0.00593833333333334,0.1441233569664074
2023-02-06,Financials,0.03827916666666668,0.04958541666666665,0.09949732284332294
2023-02-06,Healthcare,0.05529400000000001,-0.05995916666666667,0.1151899108532302
2023-02-06,Industrials,0.11801666666666667,0.28759375,0.12079951118326118
2023-02-06,Materials,0.08591249999999997,-0.012729999999999995,0.11710076851851853
2023-02-06,RealEstate,0.1911304761904762,0.14068333333333335,0.13962851190476191
2023-02-06,Tech,0.21597750000000002,-0.027685833333333344,0.10295759008468144
2023-02-06,Utilities,0.14943333333333336,0.3521708333333333,0.172753082010582
2023-02-07,Comm,0.056977000000000014,-0.01366749999999999,0.1423446405036762
2023-02-07,Consumer,0.16815208333333334,0.09698766666666667,0.12525278395308395
2023-02-07,Energy,0.015424761904761908,0.04407888888888889,0.13452007843277172
2023-02-07,Financials,0.23653333333333335,0.03827916666666668,0.09827807681157694
2023-02-07,Healthcare,0.14240000000000003,0.05529400000000001,0.11007129180561114
2023-02-07,Industrials,-0.06445,0.11801666666666667,0.11812351911976912
2023-02-07,Materials,-0.06365166666666666,0.08591249999999997,0.11535183994708993
2023-02-07,RealEstate,0.06375555555555555,0.1911304761904762,0.13762520124716554
2023-02-07,Tech,0.19557600000000003,0.21597750000000002,0.10223435992595127
2023-02-07,Utilities,0.2564208333333333,0.14943333333333336,0.17029832010582013
2023-02-08,Comm,0.08373749999999999,0.056977000000000014,0.13378227542431115
2023-02-08,Consumer,0.11595733333333333,0.16815208333333334,0.1241268910959411
2023-02-08,Energy,0.09333444444444444,0.015424761904761908,0.1274067859157649
2023-02-08,Financials,0.03376666666666667,0.23653333333333335,0.1051556561766563
2023-02-08,Healthcare,0.085686,0.14240000000000003,0.1138727203770397
2023-02-08,Industrials,0.31275,-0.06445,0.11349316197691198
2023-02-08,Materials,0.10396666666666665,-0.06365166666666666,0.11200334788359788
2023-02-08,RealEstate,0.0037500000000000016,0.06375555555555555,0.1363957038926682
2023-02-08,Tech,0.10342875,0.19557600000000003,0.09940006514137079
2023-02-08,Utilities,0.2653083333333333,0.2564208333333333,0.18155645502645504
2023-02-09,Comm,0.0626,0.08373749999999999,0.12108941828145399
2023-02-09,Consumer,0.09433356321839081,0.11595733333333333,0.12114525806495094
2023-02-09,Energy,0.1208072380952381,0.09333444444444444,0.11805840345166818
2023-02-09,Financials,-0.03314999999999998,0.03376666666666667,0.10360799744649755
2023-02-09,Healthcare,0.043267095238095264,0.085686,0.10892850212307145
2023-02-09,Industrials,0.15198888888888892,0.31275,0.11807262626262625
2023-02-09,Materials,-0.0709625,0.10396666666666665,0.11232890343915343
2023-02-09,RealEstate,0.1801875,0.0037500000000000016,0.13760284674981105
2023-02-09,Tech,0.22203166666666668,0.10342875,0.09835068588967012
2023-02-09,Utilities,0.21611000000000002,0.2653083333333333,0.18921669312169312
2023-02-10,Comm,0.1353875,0.0626,0.10699603203806776
2023-02-10,Consumer,0.12365266666666667,0.09433356321839081,0.11916626674428472
2023-02-10,Energy,0.13482375,0.1208072380952381,0.12200372771470673
2023-02-10,Financials,0.13215,-0.03314999999999998,0.0964790291925293
2023-02-10,Healthcare,0.1858,0.043267095238095264,0.10890274305277667
2023-02-10,Industrials,0.015000000000000001,0.15198888888888892,0.11543026042740327
2023-02-10,Materials,0.1101,-0.0709625,0.10193545105820105
2023-02-10,RealEstate,0.4312500000000001,0.1801875,0.14189748960695392
2023-02-10,Tech,0.028944444444444446,0.22203166666666668,0.09723999427969279
2023-02-10,Utilities,0.07940000000000001,0.21611000000000002,0.20546002645502648
2023-02-13,Comm,0.029190000000000008,0.1353875,0.103975000292036
2023-02-13,Consumer,0.14714822727272728,0.12365266666666667,0.12269926674428473
2023-02-13,Energy,0.28064833333333333,0.13482375,0.11776596977819878
2023-02-13,Financials,0.16433333333333333,0.13215,0.09835582435503876
2023-02-13,Healthcare,0.12009333333333334,0.1858,0.11540861606864967
2023-02-13,Industrials,0.15803333333333336,0.015000000000000001,0.11540645090359376
2023-02-13,Materials,0.013025,0.1101,0.09748416137566138
2023-02-13,RealEstate,0.46539583333333334,0.4312500000000001,0.1581332038926682
2023-02-13,Tech,0.22368733893557424,0.028944444444444446,0.09526814242784094
2023-02-13,Utilities,0.23349583333333332,0.07940000000000001,0.20446637566137565
2023-02-14,Comm,0.0,0.029190000000000008,0.09852654791108365
2023-02-14,Consumer,0.266473696969697,0.14714822727272728,0.12609033983785783
2023-02-14,Energy,-0.06196333333333333,0.28064833333333333,0.1299359796988337
2023-02-14,Financials,-0.010973999999999987,0.16433333333333333,0.10133405111240837
2023-02-14,Healthcare,0.26678375,0.12009333333333334,0.11647317956071318
2023-02-14,Industrials,0.10973777777777778,0.15803333333333336,0.1152321453480382
2023-02-14,Materials,0.07543333333333334,0.013025,0.08906749470899471
2023-02-14,RealEstate,0.14986,0.46539583333333334,0.17766038643235074
2023-02-14,Tech,0.22787606060606064,0.22368733893557424,0.10279333317080479
2023-02-14,Utilities,0.15973,0.23349583333333332,0.2075217328042328
2023-02-15,Comm,0.23203000000000001,0.0,0.07759559553013125
2023-02-15,Consumer,0.0231725,0.266473696969697,0.12932610318562116
2023-02-15,Energy,0.060711111111111105,-0.06196333333333333,0.11827139919996749
2023-02-15,Financials,-0.06935104166666667,-0.010973999999999987,0.09743856434520733
2023-02-15,Healthcare,0.06747222222222223,0.26678375,0.11776923114801476
2023-02-15,Industrials,0.03638333333333333,0.10973777777777778,0.11871608714698001
2023-02-15,Materials,0.11341666666666667,0.07543333333333334,0.0786543201058201
2023-02-15,RealEstate,0.044688888888888896,0.14986,0.18287356103552532
2023-02-15,Tech,0.0070599999999999994,0.22787606060606064,0.10868909796156959
2023-02-15,Utilities,0.226775,0.15973,0.20037633597883597
2023-02-16,Comm,0.03966000000000001,0.23203000000000001,0.07624444473648044
2023-02-16,Consumer,0.013780190476190474,0.0231725,0.1186332739339205
2023-02-16,Energy,0.1499373333333333,0.060711111111111105,0.11757037834718193
2023-02-16,Financials,0.04549333333333334,-0.06935104166666667,0.08624144132653061
2023-02-16,Healthcare,0.14000133333333334,0.06747222222222223,0.10831560680939042
2023-02-16,Industrials,0.18614375,0.03638333333333333,0.10715130540094825
2023-02-16,Materials,0.11559999999999998,0.11341666666666667,0.07468633068783068
2023-02-16,RealEstate,0.037083333333333336,0.044688888888888896,0.17734386526832957
2023-02-16,Tech,0.20085415584415584,0.0070599999999999994,0.10246403900465346
2023-02-16,Utilities,0.219753125,0.226775,0.2009203835978836
2023-02-17,Comm,0.44631666666666664,0.03966000000000001,0.07757746060949632
2023-02-17,Consumer,0.14080238095238096,0.013780190476190474,0.11042642057035285
2023-02-17,Energy,0.14834553571428571,0.1499373333333333,0.11296649474929833
2023-02-17,Financials,0.22499000000000002,0.04549333333333334,0.07912837254346183
2023-02-17,Healthcare,0.14662666666666666,0.14000133333333334,0.11135971792050155
2023-02-17,Industrials,0.03637499999999999,0.18614375,0.12120904349618636
2023-02-17,Materials,-0.016733333333333333,0.11559999999999998,0.07212006084656084
2023-02-17,RealEstate,0.0,0.037083333333333336,0.17829333616780046
2023-02-17,Tech,0.10226060606060605,0.20085415584415584,0.10226185594961328
2023-02-17,Utilities,0.08086666666666667,0.219753125,0.19781973875661377
2023-02-21,Comm,0.11723047619047619,0.44631666666666664,0.09573962992166564
2023-02-21,Consumer,0.12566094708994707,0.14080238095238096,0.11661635934586305
2023-02-21,Energy,0.12721545454545455,0.14834553571428571,0.11438056787855003
2023-02-21,Financials,0.003417666666666666,0.22499000000000002,0.08677677730536659
2023-02-21,Healthcare,0.031973,0.14662666666666666,0.1205957099839936
2023-02-21,Industrials,0.2608795833333334,0.03637499999999999,0.12004059111523398
2023-02-21,Materials,-0.034375,-0.016733333333333333,0.0648664894179894
2023-02-21,RealEstate,0.07150833333333334,0.0,0.17336436791383222
2023-02-21,Tech,0.11466545454545454,0.10226060606060605,0.10412929221704954
2023-02-21,Utilities,0.06285,0.08086666666666667,0.19386481812169312
2023-02-22,Comm,0.19400555555555554,0.11723047619047619,0.10371462614237614
2023-02-22,Consumer,0.10009019047619047,0.12566094708994707,0.12150656317554305
2023-02-22,Energy,0.12141955555555554,0.12721545454545455,0.11059639309500024
2023-02-22,Financials,0.07727375,0.003417666666666666,0.0838042429138322
2023-02-22,Healthcare,0.10194200000000002,0.031973,0.11862655125383488
2023-02-22,Industrials,0.02,0.2608795833333334,0.1331110474644403
2023-02-22,Materials,0.12076666666666665,-0.034375,0.055290960317460315
2023-02-22,RealEstate,0.10005208333333333,0.07150833333333334,0.17300338907785337
2023-02-22,Tech,0.11941700000000002,0.11466545454545454,0.10576882179857912
2023-02-22,Utilities,0.18708333333333335,0.06285,0.18968439484126984
2023-02-23,Comm,0.14146999999999998,0.19400555555555554,0.10772957323232324
2023-02-23,Consumer,0.11258333333333334,0.10009019047619047,0.11515728653155213
2023-02-23,Energy,0.1762940476190476,0.12141955555555554,0.1127554141387713
2023-02-23,Financials,0.131055,0.07727375,0.08947785005668935
2023-02-23,Healthcare,0.04066666666666666,0.10194200000000002,0.11074640839669202
2023-02-23,Industrials,0.07750416666666668,0.02,0.12248667671614101
2023-02-23,Materials,0.006295833333333329,0.12076666666666665,0.05567469047619047
2023-02-23,RealEstate,0.04333166666666668,0.10005208333333333,0.17370047241118672
2023-02-23,Tech,0.025733613821138222,0.11941700000000002,0.10808654264832253
2023-02-23,Utilities,0.11255333333333334,0.18708333333333335,0.18871550595238096
2023-02-24,Comm,0.03900000000000001,0.14146999999999998,0.11317695418470418
2023-02-24,Consumer,0.02245416666666667,0.11258333333333334,0.11276869129345689
2023-02-24,Energy,0.06961500000000001,0.1762940476190476,0.11037133250611822
2023-02-24,Financials,0.1077828888888889,0.131055,0.09011086592970521
2023-02-24,Healthcare,0.12721111111111114,0.04066666666666666,0.10754184490462852
2023-02-24,Industrials,0.04507777777777778,0.07750416666666668,0.1223436933106576
2023-02-24,Materials,0.11915416666666667,0.006295833333333329,0.051524888888888884
2023-02-24,RealEstate,0.00625,0.04333166666666668,0.15994067082388513
2023-02-24,Tech,0.011656500000000004,0.025733613821138222,0.10380743894139262
2023-02-24,Utilities,0.100165,0.11255333333333334,0.18196030753968254
2023-02-27,Comm,0.14147777777777779,0.03900000000000001,0.11492538955885384
2023-02-27,Consumer,0.07907566666666667,0.02245416666666667,0.10774496907123468
2023-02-27,Energy,-0.014654857142857141,0.06961500000000001,0.10414897800876374
2023-02-27,Financials,-0.009321071428571429,0.1077828888888889,0.09210695587679517
2023-02-27,Healthcare,0.09355190476190477,0.12721111111111114,0.1149497269463341
2023-02-27,Industrials,0.09360625,0.04507777777777778,0.11976538643235071
2023-02-27,Materials,0.30675,0.11915416666666667,0.061346706349206345
2023-02-27,RealEstate,0.12020666666666668,0.00625,0.14734199357520789
2023-02-27,Tech,0.11144357142857145,0.011656500000000004,0.10131901263753773
2023-02-27,Utilities,0.184632,0.100165,0.1755369742063492
2023-02-28,Comm,0.1280375,0.14147777777777779,0.10742762320483748
2023-02-28,Consumer,0.13534833333333335,0.07907566666666667,0.10586508018234579
2023-02-28,Energy,0.2118388888888889,-0.014654857142857141,0.09284174122174123
2023-02-28,Financials,0.2206520202020202,-0.009321071428571429,0.08312566676114891
2023-02-28,Healthcare,0.034435555555555566,0.09355190476190477,0.11048156368102797
2023-02-28,Industrials,0.2260277777777778,0.09360625,0.12231832010582011
2023-02-28,Materials,0.5106,0.30675,0.07159670634920634
2023-02-28,RealEstate,0.17955,0.12020666666666668,0.1501068613000756
2023-02-28,Tech,0.32590178571428574,0.11144357142857145,0.10223641777737144
2023-02-28,Utilities,0.236275,0.184632,0.1768342123015873
2023-03-01,Comm,-0.0282725,0.1280375,0.10879188510959939
2023-03-01,Consumer,0.11194033333333334,0.13534833333333335,0.10968320943404648
2023-03-01,Energy,0.08351041666666667,0.2118388888888889,0.09697464749536179
2023-03-01,Financials,0.09568000000000002,0.2206520202020202,0.08438189391362606
2023-03-01,Healthcare,0.031908666666666675,0.034435555555555566,0.10563166950113378
2023-03-01,Industrials,0.06300357142857144,0.2260277777777778,0.12398736772486772
2023-03-01,Materials,0.17488666666666666,0.5106,0.0875538492063492
2023-03-01,RealEstate,0.03285,0.17955,0.1440568613000756
2023-03-01,Tech,0.19472682539682543,0.32590178571428574,0.11735670763742322
2023-03-01,Utilities,0.367,0.236275,0.17865365674603176
2023-03-02,Comm,0.24634666666666666,-0.0282725,0.10203763907785335
2023-03-02,Consumer,0.22836839826839825,0.11194033333333334,0.11393073853457555
2023-03-02,Energy,0.277705,0.08351041666666667,0.09376530225726655
2023-03-02,Financials,0.139494,0.09568000000000002,0.08061790298392085
2023-03-02,Healthcare,0.04229833333333335,0.031908666666666675,0.09919388378684808
2023-03-02,Industrials,0.3468833333333334,0.06300357142857144,0.12646706160241875
2023-03-02,Materials,-0.043725,0.17488666666666666,0.08318238095238095
2023-03-02,RealEstate,0.25283333333333335,0.03285,0.13387719860166292
2023-03-02,Tech,0.08351452380952382,0.19472682539682543,0.12205515638444339
2023-03-02,Utilities,0.09106666666666667,0.367,0.18956635515873016
2023-03-03,Comm,-0.1608,0.24634666666666666,0.1142183798185941
2023-03-03,Consumer,-0.05045,0.22836839826839825,0.1213661067060866
2023-03-03,Energy,0.16285625,0.277705,0.1005692758022401
2023-03-03,Financials,0.005716666666666659,0.139494,0.08229202203153989
2023-03-03,Healthcare,0.27876666666666666,0.04229833333333335,0.09953503458049887
2023-03-03,Industrials,0.1510291666666667,0.3468833333333334,0.13325261715797432
2023-03-03,Materials,0.0048100000000000035,-0.043725,0.07817087301587301
2023-03-03,RealEstate,-0.010400000000000001,0.25283333333333335,0.14034426209372639
2023-03-03,Tech,0.22014044444444444,0.08351452380952382,0.12601388190495463
2023-03-03,Utilities,0.03463333333333334,0.09106666666666667,0.1828502837301587
2023-03-06,Comm,0.019230000000000004,-0.1608,0.10548123696145126
2023-03-06,Consumer,-0.028027666666666663,-0.05045,0.11392920915918905
2023-03-06,Energy,0.06914433333333334,0.16285625,0.11432886442657872
2023-03-06,Financials,0.10437321428571429,0.005716666666666659,0.08256424425376212
2023-03-06,Healthcare,0.07622033333333333,0.27876666666666666,0.10554099074074073
2023-03-06,Industrials,0.20425833333333335,0.1510291666666667,0.13591591080876797
2023-03-06,Materials,0.05625,0.0048100000000000035,0.07839992063492064
2023-03-06,RealEstate,0.03536000000000001,-0.010400000000000001,0.12640616685563116
2023-03-06,Tech,0.0890094358974359,0.22014044444444444,0.1393281146849723
2023-03-06,Utilities,0.07109583333333334,0.03463333333333334,0.1854828234126984
2023-03-07,Comm,0.19317499999999999,0.019230000000000004,0.09975364965986395
2023-03-07,Consumer,0.17552333333333334,-0.028027666666666663,0.10499154249252239
2023-03-07,Energy,0.13358,0.06914433333333334,0.10843002315673746
2023-03-07,Financials,0.24381166666666668,0.10437321428571429,0.08037049255308185
2023-03-07,Healthcare,0.18643749999999998,0.07622033333333333,0.09773521296296298
2023-03-07,Industrials,0.2940583333333333,0.20425833333333335,0.13504011715797432
2023-03-07,Materials,0.0758375,0.05625,0.07975190476190476
2023-03-07,RealEstate,0.11885,0.03536000000000001,0.12092033352229782
2023-03-07,Tech,0.12065111111111111,0.0890094358974359,0.13315332591818355
2023-03-07,Utilities,0.07073,0.07109583333333334,0.17556278373015874
2023-03-08,Comm,-0.069075,0.19317499999999999,0.10014912585034014
2023-03-08,Consumer,0.2659283333333333,0.17552333333333334,0.10490606403447252
2023-03-08,Energy,0.15274952380952384,0.13358,0.11450819775991204
2023-03-08,Financials,0.07114444444444445,0.24381166666666668,0.0896193616007009
2023-03-08,Healthcare,0.05899633333333334,0.18643749999999998,0.10946838756613757
2023-03-08,Industrials,0.19134166666666666,0.2940583333333333,0.13534795445956163
2023-03-08,Materials,0.13137500000000002,0.0758375,0.08396940476190477
2023-03-08,RealEstate,0.250125,0.11885,0.11988065098261529
2023-03-08,Tech,0.09495277777777779,0.12065111111111111,0.14021698993934756
2023-03-08,Utilities,0.006624999999999992,0.07073,0.1621608392857143
2023-03-09,Comm,-0.027716666666666657,-0.069075,0.09751067346938774
2023-03-09,Consumer,0.11184000000000001,0.2659283333333333,0.11295085768526615
2023-03-09,Energy,0.2731786666666667,0.15274952380952384,0.11968298989898989
2023-03-09,Financials,0.05461033333333334,0.07114444444444445,0.09118437482821411
2023-03-09,Healthcare,0.15034555555555557,0.05899633333333334,0.10964468915343917
2023-03-09,Industrials,0.101525,0.19134166666666666,0.13883962112622827
2023-03-09,Materials,-0.018850000000000002,0.13137500000000002,0.08613428571428572
2023-03-09,RealEstate,0.0714625,0.250125,0.12268991402116403
2023-03-09,Tech,0.17598333333333332,0.09495277777777779,0.13445390792876555
2023-03-09,Utilities,0.08954999999999999,0.006624999999999992,0.15536044246031744
2023-03-10,Comm,0.052180000000000004,-0.027716666666666657,0.09347764172335601
2023-03-10,Consumer,0.12781199999999998,0.11184000000000001,0.11026932990748836
2023-03-10,Energy,0.15181166666666668,0.2731786666666667,0.1319569853638425
2023-03-10,Financials,0.014998999999999998,0.05461033333333334,0.08252137482821412
2023-03-10,Healthcare,0.21540416666666665,0.15034555555555557,0.11002304894179893
2023-03-10,Industrials,0.12563869047619047,0.101525,0.14674319255479973
2023-03-10,Materials,0.10500000000000001,-0.018850000000000002,0.08826769841269841
2023-03-10,RealEstate,0.27962,0.0714625,0.12305691137566138
2023-03-10,Tech,0.07090625,0.17598333333333332,0.13352092380178143
2023-03-10,Utilities,0.28644583333333334,0.08954999999999999,0.1474142123015873
2023-03-13,Comm,0.11884333333333334,0.052180000000000004,0.09197490362811792
2023-03-13,Consumer,0.06346314285714286,0.12781199999999998,0.1108338378439963
2023-03-13,Energy,0.16593777777777777,0.15181166666666668,0.13474161499347215
2023-03-13,Financials,-0.07934630303030303,0.014998999999999998,0.0816276764155157
2023-03-13,Healthcare,0.14612571428571428,0.21540416666666665,0.11620010449735449
2023-03-13,Industrials,0.17834499999999998,0.12563869047619047,0.13783313019652305
2023-03-13,Materials,0.14392,0.10500000000000001,0.08831690476190476
2023-03-13,RealEstate,0.02081333333333333,0.27962,0.13619357804232804
2023-03-13,Tech,0.068581,0.07090625,0.1319722333255909
2023-03-13,Utilities,0.3469875,0.28644583333333334,0.14842075992063494
2023-03-14,Comm,0.0,0.11884333333333334,0.09465315759637188
2023-03-14,Consumer,-0.04178833333333334,0.06346314285714286,0.10936381782679402
2023-03-14,Energy,0.2174002380952381,0.16593777777777777,0.13689068831168832
2023-03-14,Financials,0.18291238095238097,-0.07934630303030303,0.07942785246169175
2023-03-14,Healthcare,-0.007567999999999997,0.14612571428571428,0.12109813397581255
2023-03-14,Industrials,0.27141666666666664,0.17834499999999998,0.13908818310657597
2023-03-14,Materials,0.08845,0.14392,0.09854940476190477
2023-03-14,RealEstate,0.2017,0.02081333333333333,0.12860433201058202
2023-03-14,Tech,0.19385520833333333,0.068581,0.12466505872241632
2023-03-14,Utilities,-0.004044444444444443,0.3469875,0.15465302182539684
2023-03-15,Comm,0.2233777777777778,0.0,0.08820613378684806
2023-03-15,Consumer,0.07806166666666667,-0.04178833333333334,0.10148567496965118
2023-03-15,Energy,0.13250214285714285,0.2174002380952381,0.14082290203050918
2023-03-15,Financials,0.006739333333333336,0.18291238095238097,0.08184510869751942
2023-03-15,Healthcare,0.08362666666666667,-0.007567999999999997,0.11189013397581256
2023-03-15,Industrials,0.057975000000000006,0.27141666666666664,0.15129850056689342
2023-03-15,Materials,0.08337818181818182,0.08845,0.0975184523809524
2023-03-15,RealEstate,0.1760675,0.2017,0.11767337962962963
2023-03-15,Tech,-0.00624809523809525,0.19385520833333333,0.13251795224093485
2023-03-15,Utilities,0.31213541666666667,-0.004044444444444443,0.15067947685185187
2023-03-16,Comm,0.12094547619047619,0.2233777777777778,0.09745317082388512
2023-03-16,Consumer,0.041659999999999996,0.07806166666666667,0.09819583875031493
2023-03-16,Energy,-0.029011999999999993,0.13250214285714285,0.13376832153164298
2023-03-16,Financials,-0.11628694444444446,0.006739333333333336,0.07434063250704323
2023-03-16,Healthcare,0.06354666666666667,0.08362666666666667,0.11015362603930462
2023-03-16,Industrials,0.37703333333333333,0.057975000000000006,0.14653381802721088
2023-03-16,Materials,0.14322222222222225,0.08337818181818182,0.1008686038961039
2023-03-16,RealEstate,0.259425,0.1760675,0.10389583994708994
2023-03-16,Tech,0.11947300000000001,-0.00624809523809525,0.1215686458517125
2023-03-16,Utilities,0.1459,0.31213541666666667,0.1544242189153439
2023-03-17,Comm,0.12615,0.12094547619047619,0.10321247921390779
2023-03-17,Consumer,-0.017613000000000007,0.041659999999999996,0.0874904246089008
2023-03-17,Energy,0.068825,-0.029011999999999993,0.13533743264275408
2023-03-17,Financials,-0.04004209523809523,-0.11628694444444446,0.0693257303906411
2023-03-17,Healthcare,0.11496666666666666,0.06354666666666667,0.10047566969009827
2023-03-17,Industrials,0.07743333333333334,0.37703333333333333,0.15926217781557067
2023-03-17,Materials,0.0407952380952381,0.14322222222222225,0.10409664622414622
2023-03-17,RealEstate,0.2081875,0.259425,0.10911322089947091
2023-03-17,Tech,0.05767475000000001,0.11947300000000001,0.11640659534666199
2023-03-17,Utilities,0.23772083333333333,0.1459,0.1537656474867725
2023-03-20,Comm,0.184834,0.12615,0.09817057445200303
2023-03-20,Consumer,0.048878730158730156,-0.017613000000000007,0.08554825794223413
2023-03-20,Energy,0.26869466666666664,0.068825,0.13572380830412975
2023-03-20,Financials,0.14176671428571427,-0.04004209523809523,0.07072139450628737
2023-03-20,Healthcare,0.08841600000000001,0.11496666666666666,0.10273730990173847
2023-03-20,Industrials,0.10118333333333335,0.07743333333333334,0.16121693972033257
2023-03-20,Materials,0.24655000000000005,0.0407952380952381,0.1006384829588401
2023-03-20,RealEstate,0.0576,0.2081875,0.11689886904761904
2023-03-20,Tech,0.15192466666666665,0.05767475000000001,0.1188168215371382
2023-03-20,Utilities,0.13861666666666667,0.23772083333333333,0.15428687764550264
2023-03-21,Comm,0.086422,0.184834,0.10508362207105064
2023-03-21,Consumer,0.19842777777777776,0.048878730158730156,0.08721961697473601
2023-03-21,Energy,-0.029002500000000007,0.26869466666666664,0.14137891941524083
2023-03-21,Financials,0.1469890476190476,0.14176671428571427,0.07530584121830551
2023-03-21,Healthcare,0.17124833333333334,0.08841600000000001,0.10028086545729402
2023-03-21,Industrials,0.33705000000000007,0.10118333333333335,0.15717120559334846
2023-03-21,Materials,0.05684375,0.24655000000000005,0.10687419724455441
2023-03-21,RealEstate,0.45700833333333335,0.0576,0.11787585317460321
2023-03-21,Tech,0.08434490476190477,0.15192466666666665,0.11648684586201966
2023-03-21,Utilities,0.2442375,0.13861666666666667,0.15042323677248678
2023-03-22,Comm,0.23682777777777778,0.086422,0.08794578080120938
2023-03-22,Consumer,-0.037396923076923085,0.19842777777777776,0.08996368349023111
2023-03-22,Energy,0.1470358333333333,-0.029002500000000007,0.1329337748574177
2023-03-22,Financials,0.07145857142857143,0.1469890476190476,0.07159151015254588
2023-03-22,Healthcare,0.014501333333333333,0.17124833333333334,0.10145332577475435
2023-03-22,Industrials,0.22948333333333334,0.33705000000000007,0.1714890627362056
2023-03-22,Materials,0.09775833333333334,0.05684375,0.11037786787947504
2023-03-22,RealEstate,0.2570666666666667,0.45700833333333335,0.13963815476190478
2023-03-22,Tech,0.07173684210526317,0.08434490476190477,0.11563371722874816
2023-03-22,Utilities,0.04803333333333334,0.2442375,0.15820280026455028
2023-03-23,Comm,0.23612083333333334,0.23682777777777778,0.09364089040060468
2023-03-23,Consumer,0.055533333333333344,-0.037396923076923085,0.08219902300609443
2023-03-23,Energy,0.17385500000000004,0.1470358333333333,0.13387760241874527
2023-03-23,Financials,-0.01948666666666667,0.07145857142857143,0.07483155323644611
2023-03-23,Healthcare,0.2258111111111111,0.014501333333333333,0.10062134164777022
2023-03-23,Industrials,0.14923333333333333,0.22948333333333334,0.16999400321239608
2023-03-23,Materials,0.06599374999999999,0.09775833333333334,0.11666993137153851
2023-03-23,RealEstate,0.1515,0.2570666666666667,0.14847426587301588
2023-03-23,Tech,0.14724714285714285,0.07173684210526317,0.11358949758873906
2023-03-23,Utilities,0.13437500000000002,0.04803333333333334,0.15749724470899473
2023-03-24,Comm,0.31845,0.23612083333333334,0.0956463798185941
2023-03-24,Consumer,0.175284,0.055533333333333344,0.08007726790405362
2023-03-24,Energy,0.195302,0.17385500000000004,0.1363745283446712
2023-03-24,Financials,-0.09427757575757575,-0.01948666666666667,0.07022391434755722
2023-03-24,Healthcare,0.051151666666666665,0.2258111111111111,0.10651987074829931
2023-03-24,Industrials,0.10656666666666668,0.14923333333333333,0.17614797146636432
2023-03-24,Materials,0.0,0.06599374999999999,0.1140616972445544
2023-03-24,RealEstate,0.185,0.1515,0.15092416666666666
2023-03-24,Tech,0.05168309523809524,0.14724714285714285,0.11491474248669824
2023-03-24,Utilities,0.35015,0.13437500000000002,0.1549873240740741
2023-03-27,Comm,0.1715285714285714,0.31845,0.10407399886621314
2023-03-27,Consumer,0.1267575,0.175284,0.08306301393579965
2023-03-27,Energy,0.06918916666666666,0.195302,0.13727966893424037
2023-03-27,Financials,0.10512404761904763,-0.09427757575757575,0.05949379169243456
2023-03-27,Healthcare,0.13638666666666666,0.051151666666666665,0.10701915646258503
2023-03-27,Industrials,0.20016111111111112,0.10656666666666668,0.1775319000377929
2023-03-27,Materials,0.0345,0.0,0.11376189565725282
2023-03-27,RealEstate,0.08599666666666667,0.185,0.15767027777777778
2023-03-27,Tech,0.15200241025641026,0.05168309523809524,0.11615043207798188
2023-03-27,Utilities,0.11671458333333334,0.35015,0.16630145105820104
2023-03-28,Comm,0.21742916666666665,0.1715285714285714,0.11038488321995464
2023-03-28,Consumer,0.16021928571428573,0.1267575,0.08802983933262504
2023-03-28,Energy,0.09854,0.06918916666666666,0.1372593911564626
2023-03-28,Financials,0.22634333333333334,0.10512404761904763,0.059367180203394494
2023-03-28,Healthcare,0.20407833333333336,0.13638666666666666,0.10745608767951625
2023-03-28,Industrials,0.10886249999999999,0.20016111111111112,0.18491682067271353
2023-03-28,Materials,0.371025,0.0345,0.10973074486360203
2023-03-28,RealEstate,0.16299999999999998,0.08599666666666667,0.16146773809523812
2023-03-28,Tech,0.13171555555555553,0.15200241025641026,0.12283357066162047
2023-03-28,Utilities,0.40196875,0.11671458333333334,0.16708952645502645
2023-03-29,Comm,0.10665833333333334,0.21742916666666665,0.11400161602418747
2023-03-29,Consumer,0.12524000000000002,0.16021928571428573,0.09189382119203547
2023-03-29,Energy,0.042978777777777775,0.09854,0.1426496224489796
2023-03-29,Financials,0.034922833333333334,0.22634333333333334,0.07058929471586614
2023-03-29,Healthcare,0.054336666666666665,0.20407833333333336,0.11271925094482237
2023-03-29,Industrials,0.06143541666666667,0.10886249999999999,0.18564330876795165
2023-03-29,Materials,0.16218888888888888,0.371025,0.1127914591493163
2023-03-29,RealEstate,0.21607777777777779,0.16299999999999998,0.16350551587301587
2023-03-29,Tech,0.10905444444444443,0.13171555555555553,0.12379890323909593
2023-03-29,Utilities,0.07754583333333334,0.40196875,0.1774388955026455
2023-03-30,Comm,0.22633333333333336,0.10665833333333334,0.11298356046863191
2023-03-30,Consumer,0.1203673076923077,0.12524000000000002,0.09141247198568626
2023-03-30,Energy,0.08236333333333333,0.042978777777777775,0.13460866477702194
2023-03-30,Financials,0.2602297619047619,0.034922833333333334,0.06174504772211916
2023-03-30,Healthcare,0.021497916666666658,0.054336666666666665,0.11366692290249433
2023-03-30,Industrials,0.3307777777777778,0.06143541666666667,0.17780557728647015
2023-03-30,Materials,0.17654999999999998,0.16218888888888888,0.096200453858311
2023-03-30,RealEstate,0.12685,0.21607777777777779,0.16524493386243386
2023-03-30,Tech,0.18350228571428573,0.10905444444444443,0.11347283936910346
2023-03-30,Utilities,0.23736250000000003,0.07754583333333334,0.16988036375661375
2023-03-31,Comm,0.3276422222222222,0.22633333333333336,0.1251076477702192
2023-03-31,Consumer,0.08984857142857143,0.1203673076923077,0.09181375647897076
2023-03-31,Energy,0.143808,0.08236333333333333,0.1345540417611489
2023-03-31,Financials,0.15458133333333332,0.2602297619047619,0.06958075066996494
2023-03-31,Healthcare,0.13971250000000002,0.021497916666666658,0.11317117290249434
2023-03-31,Industrials,-0.049244444444444445,0.3307777777777778,0.1905567299697657
2023-03-31,Materials,0.05321666666666669,0.17654999999999998,0.09627966020751735
2023-03-31,RealEstate,0.2561666666666667,0.12685,0.16972112433862435
2023-03-31,Tech,0.17393566666666666,0.18350228571428573,0.11293833747945872
2023-03-31,Utilities,0.11622222222222223,0.23736250000000003,0.16370714947089948
2023-04-03,Comm,0.18908154761904764,0.3276422222222222,0.12897886470143613
2023-04-03,Consumer,0.12765072681704262,0.08984857142857143,0.08521757424850282
2023-04-03,Energy,-0.028516359649122802,0.143808,0.1281779941421013
2023-04-03,Financials,0.1160602380952381,0.15458133333333332,0.0702991951144094
2023-04-03,Healthcare,-0.03069800000000001,0.13971250000000002,0.11780994274376418
2023-04-03,Industrials,0.11600208333333334,-0.049244444444444445,0.17169350245653817
2023-04-03,Materials,-0.0658375,0.05321666666666669,0.10089593004878719
2023-04-03,RealEstate,0.11247666666666668,0.2561666666666667,0.1698798544973545
2023-04-03,Tech,0.16349231155051847,0.17393566666666666,0.1172441061869417
2023-04-03,Utilities,0.29829375,0.11622222222222223,0.16490503306878307
2023-04-04,Comm,0.061763,0.18908154761904764,0.14563989077853362
2023-04-04,Consumer,0.14317666666666667,0.12765072681704262,0.09369856123979056
2023-04-04,Energy,0.25647031746031745,-0.028516359649122802,0.1190650127302383
2023-04-04,Financials,-0.057534111111111105,0.1160602380952381,0.07555365089672232
2023-04-04,Healthcare,0.22157916666666666,-0.03069800000000001,0.10307353004535147
2023-04-04,Industrials,0.10367946428571428,0.11600208333333334,0.17002554610733184
2023-04-04,Materials,0.12065555555555556,-0.0658375,0.09753176338212051
2023-04-04,RealEstate,0.17953125000000003,0.11247666666666668,0.17573112433862437
2023-04-04,Tech,0.1445413116883117,0.16349231155051847,0.11454657604913569
2023-04-04,Utilities,0.18112083333333334,0.29829375,0.177460291005291
2023-04-05,Comm,0.085725,0.061763,0.14766527173091457
2023-04-05,Consumer,0.09824095238095239,0.14317666666666667,0.10185114854137786
2023-04-05,Energy,0.05132861471861472,0.25647031746031745,0.12798529768866612
2023-04-05,Financials,-0.0017428571428571404,-0.057534111111111105,0.06784377825877826
2023-04-05,Healthcare,0.056896666666666686,0.22157916666666666,0.10999537925170069
2023-04-05,Industrials,0.04932222222222223,0.10367946428571428,0.1652360761526833
2023-04-05,Materials,0.28400000000000003,0.12065555555555556,0.10059869459905173
2023-04-05,RealEstate,0.12162857142857143,0.17953125000000003,0.18259642195767198
2023-04-05,Tech,0.10326776315789475,0.1445413116883117,0.11719095108679646
2023-04-05,Utilities,0.15057500000000001,0.18112083333333334,0.1826995767195767
2023-04-06,Comm,0.11279666666666668,0.085725,0.14254860506424794
2023-04-06,Consumer,0.11295599999999999,0.09824095238095239,0.09817103516269306
2023-04-06,Energy,0.16130346153846153,0.05132861471861472,0.1240685650562192
2023-04-06,Financials,0.18961666666666666,-0.0017428571428571404,0.056150705696419986
2023-04-06,Healthcare,0.06656866666666668,0.056896666666666686,0.10382676814058958
2023-04-06,Industrials,0.05150500000000001,0.04932222222222223,0.15358197562358278
2023-04-06,Materials,0.1820125,0.28400000000000003,0.11051119459905175
2023-04-06,RealEstate,0.11711250000000001,0.12162857142857143,0.18272873488284205
2023-04-06,Tech,0.3224246153846154,0.10326776315789475,0.11636317261283378
2023-04-06,Utilities,0.379725,0.15057500000000001,0.18650171957671957
2023-04-10,Comm,0.04169666666666666,0.11279666666666668,0.15120916061980347
2023-04-10,Consumer,0.1605378021978022,0.11295599999999999,0.09088663833729622
2023-04-10,Energy,0.11017481366459628,0.16130346153846153,0.12447589542426385
2023-04-10,Financials,0.07731969155844157,0.18961666666666666,0.06179224008795438
2023-04-10,Healthcare,0.13119742424242425,0.06656866666666668,0.10418735544217689
2023-04-10,Industrials,0.176915625,0.05150500000000001,0.14692308673469387
2023-04-10,Materials,0.16230357142857144,0.1820125,0.11292250412286127
2023-04-10,RealEstate,0.09164833333333333,0.11711250000000001,0.17639480631141347
2023-04-10,Tech,0.1939802111046848,0.3224246153846154,0.12719516487982604
2023-04-10,Utilities,0.32047333333333333,0.379725,0.20426838624338625
2023-04-11,Comm,0.055025000000000004,0.04169666666666666,0.1545145574452003
2023-04-11,Consumer,0.0814425,0.1605378021978022,0.09320558129909634
2023-04-11,Energy,0.13973888888888888,0.11017481366459628,0.11671380718607002
2023-04-11,Financials,0.030022967032967036,0.07731969155844157,0.06287363809867381
2023-04-11,Healthcare,-0.004946666666666655,0.13119742424242425,0.1032755396653611
2023-04-11,Industrials,-0.010641666666666667,0.176915625,0.15051311649659865
2023-04-11,Materials,0.05806547619047619,0.16230357142857144,0.12154886466707897
2023-04-11,RealEstate,0.4405625,0.09164833333333333,0.17735603647014364
2023-04-11,Tech,0.073246,0.1939802111046848,0.12805215905941422
2023-04-11,Utilities,0.09496000000000002,0.32047333333333333,0.21526473544973546
2023-04-12,Comm,0.15466333333333332,0.055025000000000004,0.1546500336356765
2023-04-12,Consumer,0.07354142857142858,0.0814425,0.0909975098705249
2023-04-12,Energy,0.050895,0.13973888888888888,0.11613891300617582
2023-04-12,Financials,0.11522866666666669,0.030022967032967036,0.06358906510024367
2023-04-12,Healthcare,0.05468833333333334,-0.004946666666666655,0.09278264283996426
2023-04-12,Industrials,0.08216583333333333,-0.010641666666666667,0.1440235756802721
2023-04-12,Materials,0.0,0.05806547619047619,0.11931388734281592
2023-04-12,RealEstate,0.21610000000000001,0.4405625,0.1850199650415722
2023-04-12,Tech,0.13656133333333334,0.073246,0.1281635757260809
2023-04-12,Utilities,0.3484,0.09496000000000002,0.20614636243386245
2023-04-13,Comm,0.0021514285714285706,0.15466333333333332,0.15635574792139076
2023-04-13,Consumer,-0.003337142857142858,0.07354142857142858,0.09147742823787185
2023-04-13,Energy,0.11627000000000001,0.050895,0.11066068549294832
2023-04-13,Financials,0.06737847619047618,0.11522866666666669,0.07285453984771842
2023-04-13,Healthcare,-0.12890714285714286,0.05468833333333334,0.08842848184223184
2023-04-13,Industrials,0.3089,0.08216583333333333,0.1394436153628118
2023-04-13,Materials,-0.0014374999999999943,0.0,0.11246055400948259
2023-04-13,RealEstate,-0.010675,0.21610000000000001,0.19431933012093727
2023-04-13,Tech,0.05427425,0.13656133333333334,0.13140073445623962
2023-04-13,Utilities,0.1800225,0.3484,0.20621362433862434
2023-04-14,Comm,0.036500000000000005,0.0021514285714285706,0.15645819690098262
2023-04-14,Consumer,0.138348,-0.003337142857142858,0.09330843730816663
2023-04-14,Energy,0.18795,0.11627000000000001,0.10584495986936557
2023-04-14,Financials,0.06825963636363637,0.06737847619047618,0.06735292533524675
2023-04-14,Healthcare,0.028365666666666668,-0.12890714285714286,0.08265042742046315
2023-04-14,Industrials,0.17082291666666666,0.3089,0.14122853599773244
2023-04-14,Materials,0.09455,-0.0014374999999999943,0.10818019686662544
2023-04-14,RealEstate,0.11106666666666666,-0.010675,0.18420623488284205
2023-04-14,Tech,0.21492819047619047,0.05427425,0.12475402215465231
2023-04-14,Utilities,0.14692333333333335,0.1800225,0.2149787169312169
2023-04-17,Comm,0.025513333333333332,0.036500000000000005,0.14755925510204082
2023-04-17,Consumer,0.05290848739495798,0.138348,0.0961792150859444
2023-04-17,Energy,0.12743566666666667,0.18795,0.10848533401902542
2023-04-17,Financials,0.12119706666666667,0.06825963636363637,0.070282463574785
2023-04-17,Healthcare,0.14665571428571428,0.028365666666666668,0.08001895122998695
2023-04-17,Industrials,0.12147750000000002,0.17082291666666666,0.14660224631519275
2023-04-17,Materials,0.28085,0.09455,0.10871218820861679
2023-04-17,RealEstate,0.0132375,0.11106666666666666,0.18111095710506428
2023-04-17,Tech,0.13763767857142856,0.21492819047619047,0.13528622623628495
2023-04-17,Utilities,0.10469375,0.14692333333333335,0.20711147486772488
2023-04-18,Comm,0.0414279761904762,0.025513333333333332,0.14301486734693877
2023-04-18,Consumer,-0.02268595238095238,0.05290848739495798,0.09671485734284715
2023-04-18,Energy,0.018712777777777766,0.12743566666666667,0.11593522290791432
2023-04-18,Financials,0.1164584761904762,0.12119706666666667,0.08159122600864743
2023-04-18,Healthcare,0.10433666666666667,0.14665571428571428,0.08397652492613207
2023-04-18,Industrials,0.093225,0.12147750000000002,0.13443292091836737
2023-04-18,Materials,0.179075,0.28085,0.1152658919123205
2023-04-18,RealEstate,0.10432083333333333,0.0132375,0.16938774281934998
2023-04-18,Tech,0.24111857142857143,0.13763767857142856,0.13615121093016253
2023-04-18,Utilities,0.10116066666666668,0.10469375,0.2051492724867725
2023-04-19,Comm,0.13216777777777777,0.0414279761904762,0.138980485260771
2023-04-19,Consumer,0.10556499999999999,-0.02268595238095238,0.09647328818184944
2023-04-19,Energy,0.1965575,0.018712777777777766,0.11354892661161803
2023-04-19,Financials,0.15301032773109244,0.1164584761904762,0.08904363417191274
2023-04-19,Healthcare,0.12277219607843137,0.10433666666666667,0.0834703344499416
2023-04-19,Industrials,0.12467083333333334,0.093225,0.1351849050453515
2023-04-19,Materials,0.03075555555555556,0.179075,0.12185064247921391
2023-04-19,RealEstate,0.09897083333333334,0.10432083333333333,0.16444171107331823
2023-04-19,Tech,0.13787,0.24111857142857143,0.1448866309981897
2023-04-19,Utilities,0.28201333333333334,0.10116066666666668,0.1986464074074074
2023-04-20,Comm,0.010892735042735044,0.13216777777777777,0.13647256991685563
2023-04-20,Consumer,0.1499171111111111,0.10556499999999999,0.09917263436476705
2023-04-20,Energy,0.10773916666666668,0.1965575,0.11011382343701485
2023-04-20,Financials,0.04856642857142858,0.15301032773109244,0.08957904433597837
2023-04-20,Healthcare,0.1695025,0.12277219607843137,0.08510634378700976
2023-04-20,Industrials,0.07833833333333334,0.12467083333333334,0.13630335742630387
2023-04-20,Materials,0.11681528571428572,0.03075555555555556,0.11157471655328799
2023-04-20,RealEstate,0.11893124999999999,0.09897083333333334,0.16641175075585793
2023-04-20,Tech,0.056616000000000014,0.13787,0.14421736115691988
2023-04-20,Utilities,0.11619733333333335,0.28201333333333334,0.20547482010582013
2023-04-21,Comm,0.20563318181818185,0.010892735042735044,0.13287593825222396
2023-04-21,Consumer,0.1719,0.1499171111111111,0.0968626026187353
2023-04-21,Energy,0.18096775091575096,0.10773916666666668,0.11662533137352278
2023-04-21,Financials,0.08218750000000002,0.04856642857142858,0.08489225295275842
2023-04-21,Healthcare,0.081598,0.1695025,0.08502320886637484
2023-04-21,Industrials,0.19784666666666664,0.07833833333333334,0.12398375425170068
2023-04-21,Materials,0.04081666666666667,0.11681528571428572,0.11443050396825395
2023-04-21,RealEstate,0.117625,0.11893124999999999,0.15031284202569917
2023-04-21,Tech,0.10967909523809524,0.056616000000000014,0.14289693712063872
2023-04-21,Utilities,-0.034444444444444444,0.11619733333333335,0.1993776693121693
2023-04-24,Comm,-0.01942819264069264,0.20563318181818185,0.13139048130176703
2023-04-24,Consumer,0.19241883333333337,0.1719,0.10682912276525545
2023-04-24,Energy,0.1162721212121212,0.18096775091575096,0.11824113697268553
2023-04-24,Financials,0.08922388311688312,0.08218750000000002,0.08540315431330263
2023-04-24,Healthcare,0.1476888888888889,0.081598,0.0882182882314542
2023-04-24,Industrials,0.08684895833333335,0.19784666666666664,0.12247724631519274
2023-04-24,Materials,0.06069,0.04081666666666667,0.11171899603174602
2023-04-24,RealEstate,0.18248666666666666,0.117625,0.14367276266061982
2023-04-24,Tech,0.2788071111111111,0.10967909523809524,0.144703711079345
2023-04-24,Utilities,0.07977884615384616,-0.034444444444444444,0.1954501560846561
2023-04-25,Comm,-0.015775,-0.01942819264069264,0.11922148006490862
2023-04-25,Consumer,0.06612866666666668,0.19241883333333337,0.1133474799081126
2023-04-25,Energy,0.11044999999999999,0.1162721212121212,0.11549909512564367
2023-04-25,Financials,-0.01998984848484848,0.08922388311688312,0.09057984716013834
2023-04-25,Healthcare,0.22770071428571428,0.1476888888888889,0.08449818241134839
2023-04-25,Industrials,0.06578942307692306,0.08684895833333335,0.11950656179138323
2023-04-25,Materials,0.04112190476190476,0.06069,0.1114664365079365
2023-04-25,RealEstate,0.08539333333333332,0.18248666666666666,0.14514831821617535
2023-04-25,Tech,0.26669809523809523,0.2788071111111111,0.1509684714723911
2023-04-25,Utilities,0.15016285714285715,0.07977884615384616,0.19285033923483924
2023-04-26,Comm,0.05081111111111112,-0.015775,0.10330600387443244
2023-04-26,Consumer,0.13010941558441558,0.06612866666666668,0.10814960689223958
2023-04-26,Energy,0.16415249999999998,0.11044999999999999,0.11145852369707225
2023-04-26,Financials,0.197141,-0.01998984848484848,0.09411735798264916
2023-04-26,Healthcare,0.0455,0.22770071428571428,0.09290527991701732
2023-04-26,Industrials,0.1443484375,0.06578942307692306,0.11756478828710971
2023-04-26,Materials,0.005832500000000004,0.04112190476190476,0.11342462244897959
2023-04-26,RealEstate,-0.07227499999999999,0.08539333333333332,0.14040514361300077
2023-04-26,Tech,0.14784283333333334,0.26669809523809523,0.16120728099620063
2023-04-26,Utilities,0.24747619047619046,0.15016285714285715,0.18332714195592767
2023-04-27,Comm,0.07562571428571427,0.05081111111111112,0.09755755338312481
2023-04-27,Consumer,0.023121666666666672,0.13010941558441558,0.10830922192006888
2023-04-27,Energy,0.0990205,0.16415249999999998,0.11598058718913574
2023-04-27,Financials,0.26719916666666665,0.197141,0.09849911761983739
2023-04-27,Healthcare,0.10547660714285714,0.0455,0.08857734340908081
2023-04-27,Industrials,0.07590000000000001,0.1443484375,0.11490704192467587
2023-04-27,Materials,0.06832666666666667,0.005832500000000004,0.11205950340136055
2023-04-27,RealEstate,0.06375,-0.07227499999999999,0.13286839758125474
2023-04-27,Tech,0.09259404761904763,0.14784283333333334,0.16100920590462553
2023-04-27,Utilities,0.16912666666666668,0.24747619047619046,0.1895538851532066
2023-04-28,Comm,-0.004507407407407405,0.07562571428571427,0.0908050080316509
2023-04-28,Consumer,0.2396916666666667,0.023121666666666672,0.10178076387018227
2023-04-28,Energy,0.28464111681329424,0.0990205,0.1160034681415167
2023-04-28,Financials,0.006537142857142864,0.26719916666666665,0.10044463349285324
2023-04-28,Healthcare,-0.018051428571428572,0.10547660714285714,0.08388202311429623
2023-04-28,Industrials,0.07013749999999999,0.07590000000000001,0.11333739906753298
2023-04-28,Materials,0.12281666666666666,0.06832666666666667,0.0976452970521542
2023-04-28,RealEstate,0.3021333333333333,0.06375,0.12814220710506427
2023-04-28,Tech,0.07416202380952382,0.09259404761904763,0.159146276955268
2023-04-28,Utilities,0.09069,0.16912666666666668,0.17846616689923833
2023-05-01,Comm,0.0010275000000000089,-0.004507407407407405,0.08551140132971086
2023-05-01,Consumer,0.08712252380952382,0.2396916666666667,0.10723084323526164
2023-05-01,Energy,0.06976649122807019,0.28464111681329424,0.1275111985717794
2023-05-01,Financials,-0.09495155555555555,0.006537142857142864,0.09909293394636798
2023-05-01,Healthcare,0.07726776190476191,-0.018051428571428572,0.08043497096010122
2023-05-01,Industrials,0.15043333333333334,0.07013749999999999,0.11375178398816792
2023-05-01,Materials,0.12358333333333334,0.12281666666666666,0.09577042932728648
2023-05-01,RealEstate,0.14341111111111107,0.3021333333333333,0.13224009070294787
2023-05-01,Tech,0.12178690476190476,0.07416202380952382,0.1574847331155099
2023-05-01,Utilities,0.05174333333333334,0.09069,0.17909207959765103
2023-05-02,Comm,0.06594833333333333,0.0010275000000000089,0.07478255212336164
2023-05-02,Consumer,0.06381466666666666,0.08712252380952382,0.1056477582884624
2023-05-02,Energy,0.03591293650793651,0.06976649122807019,0.12691134894771924
2023-05-02,Financials,0.07502304761904761,-0.09495155555555555,0.08217953787682905
2023-05-02,Healthcare,-0.013535999999999992,0.07726776190476191,0.08309067787620099
2023-05-02,Industrials,0.11765,0.15043333333333334,0.10516395330033722
2023-05-02,Materials,0.02033333333333333,0.12358333333333334,0.09324820710506425
2023-05-02,RealEstate,0.06280666666666666,0.14341111111111107,0.13302871504157218
2023-05-02,Tech,0.07383625000000002,0.12178690476190476,0.1545459054511108
2023-05-02,Utilities,0.21361666666666665,0.05174333333333334,0.1702530716611431
2023-05-03,Comm,0.07807083333333335,0.06594833333333333,0.062320938366747895
2023-05-03,Consumer,0.131796875,0.06381466666666666,0.10440804853789552
2023-05-03,Energy,0.06562214285714286,0.03591293650793651,0.12177348878143049
2023-05-03,Financials,0.08723428571428572,0.07502304761904761,0.07839104808091069
2023-05-03,Healthcare,-0.010656249999999999,-0.013535999999999992,0.07579313025715338
2023-05-03,Industrials,0.13164583333333335,0.11765,0.11311130779769171
2023-05-03,Materials,-0.31425000000000003,0.02033333333333333,0.09168233408919123
2023-05-03,RealEstate,0.01602222222222222,0.06280666666666666,0.12382109599395315
2023-05-03,Tech,0.1406681647764001,0.07383625000000002,0.14977926656222193
2023-05-03,Utilities,0.18975999999999998,0.21361666666666665,0.1748909023489738
2023-05-04,Comm,0.0035100000000000075,0.07807083333333335,0.05703471387695197
2023-05-04,Consumer,0.004815238095238096,0.131796875,0.1046054841656554
2023-05-04,Energy,0.14608238095238096,0.06562214285714286,0.1262562746150622
2023-05-04,Financials,0.06627666666666666,0.08723428571428572,0.07701838368181772
2023-05-04,Healthcare,0.08710666666666667,-0.010656249999999999,0.07674749930477243
2023-05-04,Industrials,0.39964791666666666,0.13164583333333335,0.1138562482738822
2023-05-04,Materials,-0.022454166666666667,-0.31425000000000003,0.07985316742252457
2023-05-04,RealEstate,0.09844666666666667,0.01602222222222222,0.11922802721088435
2023-05-04,Tech,0.06428348412698412,0.1406681647764001,0.14869240243012105
2023-05-04,Utilities,0.07267222222222224,0.18975999999999998,0.16972262853944997
2023-05-05,Comm,0.4040333333333333,0.0035100000000000075,0.054260761495999586
2023-05-05,Consumer,0.07084933333333333,0.004815238095238096,0.09801684470987308
2023-05-05,Energy,0.08704500000000001,0.14608238095238096,0.12099970620992236
2023-05-05,Financials,0.38506666666666667,0.06627666666666666,0.08291413500456904
2023-05-05,Healthcare,0.15288,0.08710666666666667,0.07034404692382004
2023-05-05,Industrials,-0.185175,0.39964791666666666,0.12794998410154662
2023-05-05,Materials,0.0,-0.022454166666666667,0.07303841874527589
2023-05-05,RealEstate,0.23629333333333333,0.09844666666666667,0.11536685657596372
2023-05-05,Tech,0.029972380952380952,0.06428348412698412,0.14487060111767688
2023-05-05,Utilities,0.14216666666666666,0.07267222222222224,0.16455840896273038
2023-05-08,Comm,0.08298666666666668,0.4040333333333333,0.06941830117853928
2023-05-08,Consumer,0.030504761904761906,0.07084933333333333,0.0967124818980817
2023-05-08,Energy,0.13302986554621848,0.08704500000000001,0.12270048646141692
2023-05-08,Financials,0.054866666666666675,0.38506666666666667,0.1013336361383559
2023-05-08,Healthcare,0.13546583333333334,0.15288,0.07491468184445496
2023-05-08,Industrials,0.09383333333333334,-0.185175,0.1167834497100122
2023-05-08,Materials,0.3106375,0.0,0.05951460922146637
2023-05-08,RealEstate,0.10056000000000001,0.23629333333333333,0.12082708333333333
2023-05-08,Tech,0.153862,0.029972380952380952,0.1413803448221762
2023-05-08,Utilities,0.27866666666666673,0.14216666666666666,0.16415801213733355
2023-05-09,Comm,0.01988000000000001,0.08298666666666668,0.06799877736901547
2023-05-09,Consumer,0.15646366666666667,0.030504761904761906,0.09278623246497511
2023-05-09,Energy,0.3394961904761905,0.13302986554621848,0.12135412474750056
2023-05-09,Financials,-0.14340777777777775,0.054866666666666675,0.09491696947168922
2023-05-09,Healthcare,0.15639166666666668,0.13546583333333334,0.07819549930477242
2023-05-09,Industrials,0.23113888888888887,0.09383333333333334,0.11879908463064714
2023-05-09,Materials,0.03,0.3106375,0.06563960922146636
2023-05-09,RealEstate,0.2323,0.10056000000000001,0.12003886904761905
2023-05-09,Tech,0.006113354700854709,0.153862,0.13335355361338502
2023-05-09,Utilities,0.180075,0.27866666666666673,0.159345710550032
2023-05-10,Comm,0.10613111111111113,0.01988000000000001,0.06695988848012659
2023-05-10,Consumer,0.011196000000000001,0.15646366666666667,0.09259222601111151
2023-05-10,Energy,0.07198166666666667,0.3394961904761905,0.13227419030995743
2023-05-10,Financials,0.03352380952380953,-0.14340777777777775,0.08440613759853592
2023-05-10,Healthcare,0.07076833333333335,0.15639166666666668,0.07939522513449825
2023-05-10,Industrials,0.10268333333333335,0.23113888888888887,0.1213811448158323
2023-05-10,Materials,0.2023,0.03,0.05933943915343916
2023-05-10,RealEstate,0.007241666666666667,0.2323,0.12673656746031747
2023-05-10,Tech,0.10441500000000001,0.006113354700854709,0.12440751283225022
2023-05-10,Utilities,0.20111333333333334,0.180075,0.15266007562939704
2023-05-11,Comm,0.31498095238095236,0.10613111111111113,0.06939351281875092
2023-05-11,Consumer,0.16765083333333333,0.011196000000000001,0.0892471545825401
2023-05-11,Energy,0.3037809523809524,0.07198166666666667,0.12904765591842304
2023-05-11,Financials,-0.044644444444444445,0.03352380952380953,0.08457284438381414
2023-05-11,Healthcare,0.3684055555555556,0.07076833333333335,0.08300070132497443
2023-05-11,Industrials,0.010555555555555554,0.10268333333333335,0.1267775733872609
2023-05-11,Materials,0.19445666666666667,0.2023,0.06620774981103554
2023-05-11,RealEstate,0.047040000000000005,0.007241666666666667,0.10610224206349207
2023-05-11,Tech,0.02673835227272727,0.10441500000000001,0.12589175092748833
2023-05-11,Utilities,0.2991916666666667,0.20111333333333334,0.1577149962643177
2023-05-12,Comm,0.16613125,0.31498095238095236,0.07702768515435184
2023-05-12,Consumer,0.09089019696969697,0.16765083333333333,0.09372855480929745
2023-05-12,Energy,0.04773166666666668,0.3037809523809524,0.14108984412703982
2023-05-12,Financials,-0.013316666666666666,-0.044644444444444445,0.07695983909280885
2023-05-12,Healthcare,0.08976666666666668,0.3684055555555556,0.09793961666888978
2023-05-12,Industrials,0.0924,0.010555555555555554,0.12336756015974767
2023-05-12,Materials,0.10633333333333334,0.19445666666666667,0.07546759108087679
2023-05-12,RealEstate,0.35095000000000004,0.047040000000000005,0.09805176587301588
2023-05-12,Tech,0.10141666666666668,0.02673835227272727,0.12066208516269754
2023-05-12,Utilities,0.13664375,0.2991916666666667,0.15537174229606374
2023-05-15,Comm,0.02912233333333334,0.16613125,0.0848362480795219
2023-05-15,Consumer,0.08725051282051281,0.09089019696969697,0.09821557099152793
2023-05-15,Energy,0.0991467676767677,0.04773166666666668,0.13782611396830968
2023-05-15,Financials,-0.08244590476190475,-0.013316666666666666,0.07311721324246871
2023-05-15,Healthcare,0.1041247619047619,0.08976666666666668,0.10835265521764262
2023-05-15,Industrials,0.16289166666666666,0.0924,0.11305803635022386
2023-05-15,Materials,0.10486964285714287,0.10633333333333334,0.08059953552532124
2023-05-15,RealEstate,0.2058125,0.35095000000000004,0.11527200396825396
2023-05-15,Tech,0.18554811688311687,0.10141666666666668,0.12290696214682455
2023-05-15,Utilities,0.26890000000000003,0.13664375,0.15330608753415897
2023-05-16,Comm,0.07875,0.02912233333333334,0.08448493061920444
2023-05-16,Consumer,0.07194545454545456,0.08725051282051281,0.09578235731631425
2023-05-16,Energy,0.049550000000000004,0.0991467676767677,0.1335973886195843
2023-05-16,Financials,0.034285904761904754,-0.08244590476190475,0.06594075890315722
2023-05-16,Healthcare,0.008247499999999996,0.1041247619047619,0.11196023118136145
2023-05-16,Industrials,0.061300000000000014,0.16289166666666666,0.11268035777879527
2023-05-16,Materials,0.16955555555555557,0.10486964285714287,0.08109094708994709
2023-05-16,RealEstate,0.12815,0.2058125,0.11978371031746034
2023-05-16,Tech,0.07957,0.18554811688311687,0.12150791102334485
2023-05-16,Utilities,0.23900000000000002,0.26890000000000003,0.15911450023257168
2023-05-17,Comm,0.016891666666666666,0.07875,0.08702000998428379
2023-05-17,Consumer,0.052725075757575755,0.07194545454545456,0.09668887956157599
2023-05-17,Energy,-0.025194888888888888,0.049550000000000004,0.12988854734974303
2023-05-17,Financials,0.079335,0.034285904761904754,0.061802132145787614
2023-05-17,Healthcare,-0.13065944444444444,0.008247499999999996,0.10536936383442266
2023-05-17,Industrials,0.074475,0.061300000000000014,0.10981476254070004
2023-05-17,Materials,0.173,0.16955555555555557,0.07579121164021164
2023-05-17,RealEstate,0.14333333333333334,0.12815,0.12525573412698413
2023-05-17,Tech,0.154978696969697,0.07957,0.11874278347232445
2023-05-17,Utilities,0.1247375,0.23900000000000002,0.1655100359468574
2023-05-18,Comm,0.03258,0.016891666666666666,0.08585161429267382
2023-05-18,Consumer,0.2661307638888889,0.052725075757575755,0.1002798809015059
2023-05-18,Energy,0.04188541666666667,-0.025194888888888888,0.12779770607990176
2023-05-18,Financials,0.08405399999999999,0.079335,0.06003434756528875
2023-05-18,Healthcare,0.05728333333333333,-0.13065944444444444,0.09417907282913167
2023-05-18,Industrials,0.03744444444444445,0.074475,0.1089219053978429
2023-05-18,Materials,0.042812499999999996,0.173,0.07550192592592593
2023-05-18,RealEstate,0.09508958333333334,0.14333333333333334,0.12711347222222225
2023-05-18,Tech,0.11664861111111112,0.154978696969697,0.1146408846885685
2023-05-18,Utilities,0.17556666666666665,0.1247375,0.16663274229606373
2023-05-19,Comm,0.25972,0.03258,0.08110933916039868
2023-05-19,Consumer,0.0788571040723982,0.2661307638888889,0.10792586965811968
2023-05-19,Energy,0.06765833333333335,0.04188541666666667,0.12043236877831445
2023-05-19,Financials,0.058255769230769236,0.08405399999999999,0.0567507129114272
2023-05-19,Healthcare,0.04082166666666667,0.05728333333333333,0.09106055555555555
2023-05-19,Industrials,0.10970000000000002,0.03744444444444445,0.10476826783170531
2023-05-19,Materials,0.043333333333333335,0.042812499999999996,0.07607606613756614
2023-05-19,RealEstate,0.00999999999999999,0.09508958333333334,0.12692865079365082
2023-05-19,Tech,0.24755828431372548,0.11664861111111112,0.11363034236052619
2023-05-19,Utilities,0.1977,0.17556666666666665,0.16156385340717483
2023-05-22,Comm,-0.010548095238095238,0.25972,0.09295825653931607
2023-05-22,Consumer,0.054332500000000006,0.0788571040723982,0.10454205979913332
2023-05-22,Energy,0.18723263888888889,0.06765833333333335,0.11852375766720336
2023-05-22,Financials,0.0738247619047619,0.058255769230769236,0.05721211008568152
2023-05-22,Healthcare,0.07753214285714287,0.04082166666666667,0.08493289682539683
2023-05-22,Industrials,0.20554791666666666,0.10970000000000002,0.10626168053011804
2023-05-22,Materials,0.13605666666666666,0.043333333333333335,0.07257692554799698
2023-05-22,RealEstate,0.1761875,0.00999999999999999,0.12174144841269842
2023-05-22,Tech,0.02705742490842491,0.24755828431372548,0.1227228320897512
2023-05-22,Utilities,0.10039999999999998,0.1977,0.16544493277225422
2023-05-23,Comm,0.03244374999999999,-0.010548095238095238,0.08266391001282669
2023-05-23,Consumer,-0.022096666666666667,0.054332500000000006,0.09894360741818095
2023-05-23,Energy,0.03231375,0.18723263888888889,0.11882208566592421
2023-05-23,Financials,0.16160333333333335,0.0738247619047619,0.05681388446209875
2023-05-23,Healthcare,0.1724541666666667,0.07753214285714287,0.08473928458049887
2023-05-23,Industrials,0.21075,0.20554791666666666,0.10662840672059422
2023-05-23,Materials,0.12930666666666665,0.13605666666666666,0.07711216364323507
2023-05-23,RealEstate,0.09545,0.1761875,0.1245301388888889
2023-05-23,Tech,0.24597285714285713,0.02705742490842491,0.11878846683595738
2023-05-23,Utilities,-0.3612,0.10039999999999998,0.17186609679341824
2023-05-24,Comm,0.08693333333333335,0.03244374999999999,0.08513400251952633
2023-05-24,Consumer,0.02194,-0.022096666666666667,0.08872858360865714
2023-05-24,Energy,-0.022216071428571425,0.03231375,0.11482406798915654
2023-05-24,Financials,0.055910666666666664,0.16160333333333335,0.060260524948596385
2023-05-24,Healthcare,-0.025946666666666673,0.1724541666666667,0.08591858352229781
2023-05-24,Industrials,0.05064047619047619,0.21075,0.11252845632376882
2023-05-24,Materials,-0.074,0.12930666666666665,0.08037962396069538
2023-05-24,RealEstate,0.2897,0.09545,0.12038553571428573
2023-05-24,Tech,0.04227722222222222,0.24597285714285713,0.11722493093270721
2023-05-24,Utilities,0.1728,-0.3612,0.15086710411942555
2023-05-25,Comm,0.27236000000000005,0.08693333333333335,0.09002487553539935
2023-05-25,Consumer,0.087925,0.02194,0.08662436138643492
2023-05-25,Energy,0.031557666666666664,-0.022216071428571425,0.10850663601636742
2023-05-25,Financials,0.06985166666666667,0.055910666666666664,0.06387483519390662
2023-05-25,Healthcare,0.110815,-0.025946666666666673,0.07384013681027968
2023-05-25,Industrials,0.13671666666666665,0.05064047619047619,0.11180707790060469
2023-05-25,Materials,0.05347466666666667,-0.074,0.07489762849584279
2023-05-25,RealEstate,0.06975,0.2897,0.13011442460317463
2023-05-25,Tech,0.21508562699711636,0.04227722222222222,0.1065382226938561
2023-05-25,Utilities,0.054333333333333324,0.1728,0.151945063303099
2023-05-26,Comm,0.3113933333333333,0.27236000000000005,0.10057482262534645
2023-05-26,Consumer,0.09141374999999999,0.087925,0.08461557969193893
2023-05-26,Energy,0.21742,0.031557666666666664,0.10219259633382775
2023-05-26,Financials,0.062635,0.06985166666666667,0.057813438368509794
2023-05-26,Healthcare,0.11783166666666667,0.110815,0.07695037490551776
2023-05-26,Industrials,0.17539166666666667,0.13671666666666665,0.11144366024187453
2023-05-26,Materials,0.0657888888888889,0.05347466666666667,0.07716630309901738
2023-05-26,RealEstate,0.015,0.06975,0.13687751984126986
2023-05-26,Tech,0.13644048780487802,0.21508562699711636,0.10974026048736957
2023-05-26,Utilities,0.22336666666666669,0.054333333333333324,0.1427477843915344
2023-05-30,Comm,0.004470833333333337,0.3113933333333333,0.1118018521038045
2023-05-30,Consumer,0.11672077922077921,0.09141374999999999,0.08786758366019291
2023-05-30,Energy,0.1403352380952381,0.21742,0.10783066776239918
2023-05-30,Financials,0.018368380952380962,0.062635,0.048072287574859006
2023-05-30,Healthcare,0.3003616666666667,0.11783166666666667,0.07753871107331822
2023-05-30,Industrials,0.08677916666666666,0.17539166666666667,0.11618135865457295
2023-05-30,Materials,0.2242711111111111,0.0657888888888889,0.07704545653817083
2023-05-30,RealEstate,0.16897,0.015,0.13455609126984128
2023-05-30,Tech,0.12135439686337057,0.13644048780487802,0.11182818621050436
2023-05-30,Utilities,0.11791666666666667,0.22336666666666669,0.14533064153439154
2023-05-31,Comm,0.11942499999999999,0.004470833333333337,0.1122293873771731
2023-05-31,Consumer,0.10256404761904762,0.11672077922077921,0.08201182711515065
2023-05-31,Energy,0.21613000000000002,0.1403352380952381,0.10095895925201555
2023-05-31,Financials,0.09245114285714287,0.018368380952380962,0.04863567986510845
2023-05-31,Healthcare,0.14923333333333333,0.3003616666666667,0.09270123941798943
2023-05-31,Industrials,0.09207916666666666,0.08677916666666666,0.11697381897203327
2023-05-31,Materials,0.15969999999999998,0.2242711111111111,0.08187662055933484
2023-05-31,RealEstate,0.2308,0.16897,0.12821498015873017
2023-05-31,Tech,0.11077639576365664,0.12135439686337057,0.11407544207021134
2023-05-31,Utilities,0.40243333333333337,0.11791666666666667,0.1466271494708995
2023-06-01,Comm,0.13820833333333332,0.11942499999999999,0.11786736356764929
2023-06-01,Consumer,0.14811785714285713,0.10256404761904762,0.08274713777274702
2023-06-01,Energy,0.19590666666666667,0.21613000000000002,0.10792865014591697
2023-06-01,Financials,0.04931844155844157,0.09245114285714287,0.05755961788476075
2023-06-01,Healthcare,-0.057359523809523805,0.14923333333333333,0.09612817139077852
2023-06-01,Industrials,0.14293833333333333,0.09207916666666666,0.11419504913076342
2023-06-01,Materials,-0.026754999999999994,0.15969999999999998,0.08359646182917611
2023-06-01,RealEstate,0.15071666666666667,0.2308,0.13237635582010582
2023-06-01,Tech,0.18120885885885887,0.11077639576365664,0.11355113211791383
2023-06-01,Utilities,0.20344,0.40243333333333337,0.16332667328042327
2023-06-02,Comm,-0.019243108974358977,0.13820833333333332,0.12130831594860167
2023-06-02,Consumer,-0.03647583333333333,0.14811785714285713,0.08676157541447037
2023-06-02,Energy,0.004956818181818182,0.19590666666666667,0.11554739920109461
2023-06-02,Financials,-0.022475357142857144,0.04931844155844157,0.05633558902473189
2023-06-02,Healthcare,0.1311142857142857,-0.057359523809523805,0.09404133692365836
2023-06-02,Industrials,0.1951333333333333,0.14293833333333333,0.11539925547996978
2023-06-02,Materials,0.25546785714285714,-0.026754999999999994,0.08135416024187453
2023-06-02,RealEstate,0.088,0.15071666666666667,0.13656254629629633
2023-06-02,Tech,0.09694057142857143,0.18120885885885887,0.11866411349214519
2023-06-02,Utilities,0.2536,0.20344,0.1628420701058201
2023-06-05,Comm,0.10672166666666667,-0.019243108974358977,0.1166743186958544
2023-06-05,Consumer,0.02081674358974359,-0.03647583333333333,0.07874858930335928
2023-06-05,Energy,0.08904188888888889,0.004956818181818182,0.11265857421655531
2023-06-05,Financials,0.06999111111111112,-0.022475357142857144,0.051111320317248896
2023-06-05,Healthcare,0.05966666666666668,0.1311142857142857,0.1007923148148148
2023-06-05,Industrials,0.09235119047619049,0.1951333333333333,0.11842246976568405
2023-06-05,Materials,0.18924444444444447,0.25546785714285714,0.10848358201058202
2023-06-05,RealEstate,0.12283333333333334,0.088,0.13999005952380955
2023-06-05,Tech,0.08671482683982686,0.09694057142857143,0.11658184714224859
2023-06-05,Utilities,0.10529333333333332,0.2536,0.16588207010582012
2023-06-06,Comm,0.15032250000000003,0.10672166666666667,0.12158915996569569
2023-06-06,Consumer,0.16051833333333337,0.02081674358974359,0.07951056575547857
2023-06-06,Energy,-0.0017502222222222307,0.08904188888888889,0.10994236030876998
2023-06-06,Financials,0.1881526666666667,0.06999111111111112,0.0512881986241272
2023-06-06,Healthcare,0.2391809523809524,0.05966666666666668,0.09948564814814816
2023-06-06,Industrials,0.3511,0.09235119047619049,0.10378929232804233
2023-06-06,Materials,0.14886666666666667,0.18924444444444447,0.11856446825396824
2023-06-06,RealEstate,0.15066666666666664,0.12283333333333334,0.1411513293650794
2023-06-06,Tech,0.025006857142857143,0.08671482683982686,0.11765000631905062
2023-06-06,Utilities,0.0,0.10529333333333332,0.16743545634920637
2023-06-07,Comm,0.260545,0.15032250000000003,0.10950769171172742
2023-06-07,Consumer,0.1312261111111111,0.16051833333333337,0.08378051813643095
2023-06-07,Energy,0.11712916666666667,-0.0017502222222222307,0.10571401639342606
2023-06-07,Financials,0.187965,0.1881526666666667,0.04191134148127006
2023-06-07,Healthcare,0.2604383333333333,0.2391809523809524,0.10359521730914588
2023-06-07,Industrials,0.14350833333333335,0.3511,0.12932619708994708
2023-06-07,Materials,0.18095,0.14886666666666667,0.12565335714285714
2023-06-07,RealEstate,0.45649999999999996,0.15066666666666664,0.13707386904761906
2023-06-07,Tech,0.17048200000000002,0.025006857142857143,0.1174135528043114
2023-06-07,Utilities,0.41018333333333334,0.0,0.1606656150793651
2023-06-08,Comm,-0.07723055555555557,0.260545,0.11796285044188615
2023-06-08,Consumer,0.12258477777777779,0.1312261111111111,0.08857677286054283
2023-06-08,Energy,0.03864190476190476,0.11712916666666667,0.10495684025630456
2023-06-08,Financials,0.08188833333333333,0.187965,0.04824935735428593
2023-06-08,Healthcare,0.28831700000000005,0.2604383333333333,0.10954628873771732
2023-06-08,Industrials,0.12185000000000001,0.14350833333333335,0.13169167328042328
2023-06-08,Materials,0.035277777777777776,0.18095,0.1194777619047619
2023-06-08,RealEstate,0.056165,0.45649999999999996,0.1540233928571429
2023-06-08,Tech,0.12624564502164504,0.17048200000000002,0.11820498137573997
2023-06-08,Utilities,0.17421,0.41018333333333334,0.1669283134920635
2023-06-09,Comm,0.2630291666666667,-0.07723055555555557,0.113338538272574
2023-06-09,Consumer,0.08516666666666667,0.12258477777777779,0.0869634924372624
2023-06-09,Energy,0.09327190476190476,0.03864190476190476,0.09063044569848142
2023-06-09,Financials,-0.005619318181818177,0.08188833333333333,0.058977743597672175
2023-06-09,Healthcare,0.051198333333333346,0.28831700000000005,0.11582844746787606
2023-06-09,Industrials,0.037208333333333336,0.12185000000000001,0.12648744047619048
2023-06-09,Materials,0.17,0.035277777777777776,0.11972908465608466
2023-06-09,RealEstate,0.1804,0.056165,0.14563601190476194
2023-06-09,Tech,0.07933622807017544,0.12624564502164504,0.12392556662911094
2023-06-09,Utilities,0.14228541666666666,0.17421,0.1666490277777778
2023-06-12,Comm,0.029977777777777784,0.2630291666666667,0.12080987425140996
2023-06-12,Consumer,0.09988511111111112,0.08516666666666667,0.0904859051356751
2023-06-12,Energy,0.06406500000000001,0.09327190476190476,0.09164426656015942
2023-06-12,Financials,0.06368222222222222,-0.005619318181818177,0.05711378513549943
2023-06-12,Healthcare,0.20416333333333334,0.051198333333333346,0.11489654270597129
2023-06-12,Industrials,0.15180625,0.037208333333333336,0.12336958333333332
2023-06-12,Materials,0.03420000000000001,0.17,0.11819098941798943
2023-06-12,RealEstate,0.21358333333333335,0.1804,0.15388164682539682
2023-06-12,Tech,0.12791711111111112,0.07933622807017544,0.12273133939435736
2023-06-12,Utilities,0.16255833333333336,0.14228541666666666,0.1638476984126984
2023-06-13,Comm,0.13181041666666668,0.029977777777777784,0.10723829450840167
2023-06-13,Consumer,0.10099333333333334,0.09988511111111112,0.08725896598223595
2023-06-13,Energy,0.12658666666666668,0.06406500000000001,0.0802292212086855
2023-06-13,Financials,0.20068757575757576,0.06368222222222222,0.06227219783391212
2023-06-13,Healthcare,0.05621666666666668,0.20416333333333334,0.10707548450491308
2023-06-13,Industrials,0.11145833333333335,0.15180625,0.13009580687830688
2023-06-13,Materials,0.286275,0.03420000000000001,0.11055971957671956
2023-06-13,RealEstate,0.006666666666666668,0.21358333333333335,0.16181228174603177
2023-06-13,Tech,0.13494748459383754,0.12791711111111112,0.12754937552951853
2023-06-13,Utilities,0.058660000000000004,0.16255833333333336,0.1573413492063492
2023-06-14,Comm,0.2802166666666666,0.13181041666666668,0.10560396911157625
2023-06-14,Consumer,0.052967222222222235,0.10099333333333334,0.08774006771383767
2023-06-14,Energy,0.05390333333333334,0.12658666666666668,0.0839842212086855
2023-06-14,Financials,0.0887788888888889,0.20068757575757576,0.07246287604459034
2023-06-14,Healthcare,0.30043333333333333,0.05621666666666668,0.10547786545729404
2023-06-14,Industrials,0.208645,0.11145833333333335,0.13100334656084656
2023-06-14,Materials,0.38443333333333335,0.286275,0.11912837037037038
2023-06-14,RealEstate,0.216675,0.006666666666666668,0.1454178373015873
2023-06-14,Tech,0.23010884564352058,0.13494748459383754,0.1291460811450981
2023-06-14,Utilities,0.4114583333333333,0.058660000000000004,0.1536278373015873
2023-06-15,Comm,0.09917833333333335,0.2802166666666666,0.11756084212744929
2023-06-15,Consumer,0.09259619047619047,0.052967222222222235,0.08610753006630002
2023-06-15,Energy,0.074796,0.05390333333333334,0.08182977195423626
2023-06-15,Financials,0.24330333333333334,0.0887788888888889,0.08061643764700907
2023-06-15,Healthcare,-0.06827777777777777,0.30043333333333333,0.11482589266817839
2023-06-15,Industrials,0.12424791666666665,0.208645,0.13318207671957674
2023-06-15,Materials,0.08621,0.38443333333333335,0.13244092705971278
2023-06-15,RealEstate,0.161725,0.216675,0.1459350992063492
2023-06-15,Tech,0.1449495391705069,0.23010884564352058,0.13126802060987922
2023-06-15,Utilities,-0.041666666666666664,0.4114583333333333,0.16041632936507938
2023-06-16,Comm,0.15008666666666665,0.09917833333333335,0.11853361990522704
2023-06-16,Consumer,-0.0004900000000000037,0.09259619047619047,0.08709089844395412
2023-06-16,Energy,0.09822,0.074796,0.08303196243042674
2023-06-16,Financials,0.12835047619047618,0.24330333333333334,0.09056964853136283
2023-06-16,Healthcare,0.060701666666666675,-0.06827777777777777,0.11118183182161753
2023-06-16,Industrials,0.16262500000000002,0.12424791666666665,0.13617959656084655
2023-06-16,Materials,0.2522666666666667,0.08621,0.1284720910808768
2023-06-16,RealEstate,-0.2336333333333333,0.161725,0.14753390873015873
2023-06-16,Tech,0.13812835869565215,0.1449495391705069,0.13438133199895097
2023-06-16,Utilities,0.3663666666666667,-0.041666666666666664,0.14705125
2023-06-20,Comm,0.10933699999999999,0.15008666666666665,0.1248762389528461
2023-06-20,Consumer,0.04172014285714285,-0.0004900000000000037,0.0845568472174029
2023-06-20,Energy,0.09047485714285715,0.09822,0.0889088619013262
2023-06-20,Financials,0.10737180303030303,0.12835047619047618,0.0929037188261474
2023-06-20,Healthcare,0.09703214285714286,0.060701666666666675,0.1202942656840514
2023-06-20,Industrials,0.12297435064935067,0.16262500000000002,0.1403772156084656
2023-06-20,Materials,0.07100000000000001,0.2522666666666667,0.13224669425547997
2023-06-20,RealEstate,0.026111111111111113,-0.2336333333333333,0.1295831150793651
2023-06-20,Tech,0.10159882978723404,0.13812835869565215,0.13357893493828218
2023-06-20,Utilities,-0.122025,0.3663666666666667,0.1585574007936508
2023-06-21,Comm,0.21406666666666666,0.10933699999999999,0.12853133419094134
2023-06-21,Consumer,0.1360955238095238,0.04172014285714285,0.07387062716827213
2023-06-21,Energy,0.044109999999999996,0.09047485714285715,0.0912226447811448
2023-06-21,Financials,0.13362333333333334,0.10737180303030303,0.09401409039901898
2023-06-21,Healthcare,0.17464933333333332,0.09703214285714286,0.12218706613756615
2023-06-21,Industrials,-0.09915440476190476,0.12297435064935067,0.1444500682848897
2023-06-21,Materials,0.1705625,0.07100000000000001,0.13358895616024188
2023-06-21,RealEstate,-0.05,0.026111111111111113,0.12629842592592594
2023-06-21,Tech,0.012628011111111115,0.10159882978723404,0.1328622786847642
2023-06-21,Utilities,0.2238111111111111,-0.122025,0.14438636904761906
2023-06-22,Comm,0.31592000000000003,0.21406666666666666,0.12635736593697308
2023-06-22,Consumer,0.04767904761904761,0.1360955238095238,0.07659626620337334
2023-06-22,Energy,0.03343348484848485,0.044109999999999996,0.09010129557479558
2023-06-22,Financials,0.20588571428571428,0.13362333333333334,0.09760302202295061
2023-06-22,Healthcare,0.09680666666666667,0.17464933333333332,0.12855981216931217
2023-06-22,Industrials,0.0391875,-0.09915440476190476,0.13450462043908473
2023-06-22,Materials,0.07558333333333332,0.1705625,0.13964748790627363
2023-06-22,RealEstate,0.054595000000000005,-0.05,0.12344128306878306
2023-06-22,Tech,0.1031420634920635,0.012628011111111115,0.12167512281797307
2023-06-22,Utilities,0.308625,0.2238111111111111,0.14562975529100528
2023-06-23,Comm,0.07922499999999999,0.31592000000000003,0.1419034657102157
2023-06-23,Consumer,0.043697428571428575,0.04767904761904761,0.07627943513761372
2023-06-23,Energy,0.08287,0.03343348484848485,0.08277752633477634
2023-06-23,Financials,-0.017856666666666667,0.20588571428571428,0.10389163880299594
2023-06-23,Healthcare,0.17512333333333335,0.09680666666666667,0.12947764663643235
2023-06-23,Industrials,0.08650000000000001,0.0391875,0.12658269583591014
2023-06-23,Materials,0.02383333333333333,0.07558333333333332,0.13676780536659108
2023-06-23,RealEstate,0.10747666666666666,0.054595000000000005,0.11765116402116403
2023-06-23,Tech,0.15219492063492063,0.1031420634920635,0.12529820084576537
2023-06-23,Utilities,0.20164166666666666,0.308625,0.15554523148148147
2023-06-26,Comm,0.13269055555555556,0.07922499999999999,0.14413114428164428
2023-06-26,Consumer,0.15790047619047617,0.043697428571428575,0.07941248729180872
2023-06-26,Energy,0.060675999999999994,0.08287,0.08518496681096682
2023-06-26,Financials,0.11820715151515152,-0.017856666666666667,0.09534592451728166
2023-06-26,Healthcare,0.11361283333333332,0.17512333333333335,0.12960474981103554
2023-06-26,Industrials,0.22833809523809526,0.08650000000000001,0.12066602916924347
2023-06-26,Materials,0.1028,0.02383333333333333,0.13174526568405143
2023-06-26,RealEstate,0.20554583333333332,0.10747666666666666,0.11822386243386244
2023-06-26,Tech,0.1778819134199134,0.15219492063492063,0.12083258482157792
2023-06-26,Utilities,0.3291688888888889,0.20164166666666666,0.18234721560846562
2023-06-27,Comm,0.182468,0.13269055555555556,0.14631005962555962
2023-06-27,Consumer,0.12934,0.15790047619047617,0.0858867956818314
2023-06-27,Energy,0.10296222222222222,0.060675999999999994,0.08913220830756545
2023-06-27,Financials,0.240355,0.11820715151515152,0.09831242379578094
2023-06-27,Healthcare,0.16813333333333336,0.11361283333333332,0.136250440287226
2023-06-27,Industrials,0.046305555555555565,0.22833809523809526,0.1291278205524634
2023-06-27,Materials,0.12364000000000001,0.1028,0.14016431330309903
2023-06-27,RealEstate,0.33952499999999997,0.20554583333333332,0.11421652116402119
2023-06-27,Tech,0.1860278888888889,0.1778819134199134,0.12728995106908703
2023-06-27,Utilities,0.23156500000000002,0.3291688888888889,0.18979335317460316
2023-06-28,Comm,0.03889583333333334,0.182468,0.14202948819698819
2023-06-28,Consumer,0.12048866666666669,0.12934,0.08785893853897425
2023-06-28,Energy,0.13265,0.10296222222222222,0.0925324252387824
2023-06-28,Financials,-0.10394330303030301,0.240355,0.1064316301449873
2023-06-28,Healthcare,0.13248000000000001,0.16813333333333336,0.13897988473167044
2023-06-28,Industrials,0.09438333333333333,0.046305555555555565,0.1248225295471724
2023-06-28,Materials,0.2566125,0.12364000000000001,0.14350551965230535
2023-06-28,RealEstate,0.16666666666666666,0.33952499999999997,0.12706294973544977
2023-06-28,Tech,0.06740100249821915,0.1860278888888889,0.12590624925440952
2023-06-28,Utilities,0.1044,0.23156500000000002,0.19823295634920635
2023-06-29,Comm,0.05980238095238095,0.03889583333333334,0.12905341676841675
2023-06-29,Consumer,0.013668666666666673,0.12048866666666669,0.0892434583802441
2023-06-29,Energy,0.09232026515151515,0.13265,0.08849575857211572
2023-06-29,Financials,0.07388157731157732,-0.10394330303030301,0.09849933000068715
2023-06-29,Healthcare,0.25454678571428574,0.13248000000000001,0.13967742441421013
2023-06-29,Industrials,0.03667083333333333,0.09438333333333333,0.12096498986463274
2023-06-29,Materials,0.031740000000000004,0.2566125,0.152592358276644
2023-06-29,RealEstate,0.2540875,0.16666666666666666,0.13428517195767198
2023-06-29,Tech,0.09364444642857143,0.06740100249821915,0.1226186547159972
2023-06-29,Utilities,0.21905000000000002,0.1044,0.192567876984127
2023-06-30,Comm,-0.035533333333333326,0.05980238095238095,0.1316882523693238
2023-06-30,Consumer,0.1080079945054945,0.013668666666666673,0.08433621492528635
2023-06-30,Energy,0.022903000000000007,0.09232026515151515,0.0862093312890813
2023-06-30,Financials,0.0011583333333333335,0.07388157731157732,0.10114281554160125
2023-06-30,Healthcare,0.010564166666666668,0.25454678571428574,0.1374957634164777
2023-06-30,Industrials,0.17252083333333335,0.03667083333333333,0.1185788787535216
2023-06-30,Materials,-0.1858,0.031740000000000004,0.14342421012849585
2023-06-30,RealEstate,0.036075,0.2540875,0.13833838624338626
2023-06-30,Tech,0.06488053763440861,0.09364444642857143,0.12129913326672105
2023-06-30,Utilities,0.16379666666666665,0.21905000000000002,0.19738374999999997
2023-07-03,Comm,0.15392,-0.035533333333333326,0.12430928411535555
2023-07-03,Consumer,0.08365,0.1080079945054945,0.08459545049130764
2023-07-03,Energy,0.13125666666666666,0.022903000000000007,0.07700804557479557
2023-07-03,Financials,0.07510690331890332,0.0011583333333333335,0.09679553889761035
2023-07-03,Healthcare,0.17327200000000004,0.010564166666666668,0.13089246976568406
2023-07-03,Industrials,0.12673875,0.17252083333333335,0.12240943430907716
2023-07-03,Materials,0.03666666666666667,-0.1858,0.1269718291761149
2023-07-03,RealEstate,0.21174833333333334,0.036075,0.1290657671957672
2023-07-03,Tech,0.3107425714285714,0.06488053763440861,0.11911361621294732
2023-07-03,Utilities,0.19746111111111112,0.16379666666666665,0.1860200992063492
2023-07-05,Comm,0.28448125,0.15392,0.12505745871853013
2023-07-05,Consumer,0.09618676190476191,0.08365,0.08152555253212397
2023-07-05,Energy,0.059348901098901105,0.13125666666666666,0.07392947414622415
2023-07-05,Financials,0.14527388888888887,0.07510690331890332,0.09802356088620376
2023-07-05,Healthcare,0.25861333333333336,0.17327200000000004,0.14187492328042328
2023-07-05,Industrials,0.27138346153846155,0.12673875,0.12163802557891842
2023-07-05,Materials,0.17986666666666665,0.03666666666666667,0.12999190854119427
2023-07-05,RealEstate,0.2957444444444444,0.21174833333333334,0.13197203703703705
2023-07-05,Tech,0.15257733333333334,0.3107425714285714,0.1252818882400765
2023-07-05,Utilities,0.32968333333333333,0.19746111111111112,0.1857353902116402
2023-07-06,Comm,0.13418000000000002,0.28448125,0.13952052343159488
2023-07-06,Consumer,0.06400690476190476,0.09618676190476191,0.08784281897203325
2023-07-06,Energy,0.16704,0.059348901098901105,0.07651957333275192
2023-07-06,Financials,0.10876142857142856,0.14527388888888887,0.10601162022104879
2023-07-06,Healthcare,0.34393194444444447,0.25861333333333336,0.14794630650037793
2023-07-06,Industrials,0.06444,0.27138346153846155,0.12526898406487694
2023-07-06,Materials,0.074,0.17986666666666665,0.12639185185185187
2023-07-06,RealEstate,0.10137999999999998,0.2957444444444444,0.14186462962962965
2023-07-06,Tech,0.03668291153291153,0.15257733333333334,0.12793125785458898
2023-07-06,Utilities,0.18879733333333332,0.32968333333333333,0.1893584060846561
2023-07-07,Comm,0.16029083333333333,0.13418000000000002,0.14082806311413454
2023-07-07,Consumer,0.11935333333333334,0.06400690476190476,0.08989949331356474
2023-07-07,Energy,-0.002416190476190472,0.16704,0.08023376909994767
2023-07-07,Financials,0.04454533333333334,0.10876142857142856,0.10785782581439723
2023-07-07,Healthcare,0.11706333333333337,0.34393194444444447,0.16148274829931972
2023-07-07,Industrials,-0.04451874999999999,0.06444,0.1239398797564869
2023-07-07,Materials,0.09356000000000002,0.074,0.12090402116402119
2023-07-07,RealEstate,0.0452875,0.10137999999999998,0.14084304232804234
2023-07-07,Tech,0.015012500000000003,0.03668291153291153,0.1255487856971168
2023-07-07,Utilities,0.26062222222222226,0.18879733333333332,0.19333478703703702
2023-07-10,Comm,0.054079166666666664,0.16029083333333333,0.1413027456538171
2023-07-10,Consumer,0.04866357142857143,0.11935333333333334,0.08793925521832666
2023-07-10,Energy,0.0917575238095238,-0.002416190476190472,0.08020205632594919
2023-07-10,Financials,0.016648666666666662,0.04454533333333334,0.1010193813699528
2023-07-10,Healthcare,0.09706190476190477,0.11706333333333337,0.15566762358276645
2023-07-10,Industrials,0.07780833333333333,-0.04451874999999999,0.10510089166124882
2023-07-10,Materials,0.34476666666666667,0.09356000000000002,0.11827037037037037
2023-07-10,RealEstate,0.2790166666666667,0.0452875,0.13582498677248678
2023-07-10,Tech,0.12506501329080277,0.015012500000000003,0.12507286392840933
2023-07-10,Utilities,0.19878000000000004,0.26062222222222226,0.20574536904761903
2023-07-11,Comm,0.135425,0.054079166666666664,0.13147103930461074
2023-07-11,Consumer,0.1592545,0.04866357142857143,0.08400770570963428
2023-07-11,Energy,-0.03359357142857141,0.0917575238095238,0.07899388285656143
2023-07-11,Financials,0.10760833333333333,0.016648666666666662,0.09286146073503217
2023-07-11,Healthcare,-0.0293,0.09706190476190477,0.14788779365079366
2023-07-11,Industrials,0.15688749999999999,0.07780833333333333,0.10197232023267738
2023-07-11,Materials,0.05610666666666666,0.34476666666666667,0.12607116402116403
2023-07-11,RealEstate,0.21589999999999998,0.2790166666666667,0.12737339947089948
2023-07-11,Tech,0.1398393736263736,0.12506501329080277,0.12291015027559042
2023-07-11,Utilities,0.232605,0.19878000000000004,0.19567854365079365
2023-07-12,Comm,0.11942533333333334,0.135425,0.14159749433106578
2023-07-12,Consumer,0.18458022727272727,0.1592545,0.08575388295831153
2023-07-12,Energy,0.07600533333333334,-0.03359357142857141,0.07555409827606258
2023-07-12,Financials,0.056350666666666674,0.10760833333333333,0.09408622263979408
2023-07-12,Healthcare,0.298435,-0.0293,0.13276317460317463
2023-07-12,Industrials,0.03338333333333333,0.15688749999999999,0.10364077261362976
2023-07-12,Materials,0.11263000000000001,0.05610666666666666,0.12706301587301588
2023-07-12,RealEstate,0.19112500000000002,0.21589999999999998,0.13497982804232805
2023-07-12,Tech,0.1303338412698413,0.1398393736263736,0.12355747068533939
2023-07-12,Utilities,0.07440000000000001,0.232605,0.19845925793650793
2023-07-13,Comm,0.111025,0.11942533333333334,0.13475921655328799
2023-07-13,Consumer,0.2026422087912088,0.18458022727272727,0.0904878620347906
2023-07-13,Energy,0.17149142857142857,0.07600533333333334,0.07473188058898773
2023-07-13,Financials,-0.0013352777777777768,0.056350666666666674,0.09703717429924573
2023-07-13,Healthcare,0.11997500000000001,0.298435,0.14453634920634922
2023-07-13,Industrials,0.10622916666666667,0.03338333333333333,0.1034586297564869
2023-07-13,Materials,0.0,0.11263000000000001,0.1243311111111111
2023-07-13,RealEstate,0.16164583333333332,0.19112500000000002,0.13549054232804233
2023-07-13,Tech,0.1775288888888889,0.1303338412698413,0.12598592845675208
2023-07-13,Utilities,0.08036666666666667,0.07440000000000001,0.19522661904761904
2023-07-14,Comm,0.11592892156862744,0.111025,0.1386186080876795
2023-07-14,Consumer,0.1778429090909091,0.2026422087912088,0.09538105716241431
2023-07-14,Energy,0.11225830769230769,0.17149142857142857,0.07984742480667481
2023-07-14,Financials,0.027824111111111115,-0.0013352777777777768,0.09394110287067431
2023-07-14,Healthcare,0.10208666666666666,0.11997500000000001,0.14052738095238096
2023-07-14,Industrials,0.10798333333333333,0.10622916666666667,0.1012882924548996
2023-07-14,Materials,0.0,0.0,0.12270253968253969
2023-07-14,RealEstate,0.0416875,0.16164583333333332,0.13301732804232805
2023-07-14,Tech,0.1440153717948718,0.1775288888888889,0.12834839406521764
2023-07-14,Utilities,0.19321666666666668,0.08036666666666667,0.19131273015873015
2023-07-17,Comm,-0.0719846153846154,0.11592892156862744,0.13786234641634432
2023-07-17,Consumer,0.05232654545454546,0.1778429090909091,0.0990405607699179
2023-07-17,Energy,0.17726083333333334,0.11225830769230769,0.079165121998372
2023-07-17,Financials,0.0603948813700919,0.027824111111111115,0.08570950931608075
2023-07-17,Healthcare,0.08943200000000001,0.10208666666666666,0.14271166666666668
2023-07-17,Industrials,0.01862083333333334,0.10798333333333333,0.10112281626442343
2023-07-17,Materials,0.0247,0.0,0.10907039682539682
2023-07-17,RealEstate,0.232448,0.0416875,0.13468498677248678
2023-07-17,Tech,0.1315025934065934,0.1440153717948718,0.12878019821764786
2023-07-17,Utilities,0.0987375,0.19321666666666668,0.19772019047619047
2023-07-18,Comm,0.09730181818181818,-0.0719846153846154,0.12109085679485469
2023-07-18,Consumer,0.051318571428571436,0.05232654545454546,0.0990100523524095
2023-07-18,Energy,-0.015309333333333331,0.17726083333333334,0.08503928866503867
2023-07-18,Financials,0.1641802489177489,0.0603948813700919,0.08435788991042374
2023-07-18,Healthcare,0.14176000000000002,0.08943200000000001,0.13266398412698413
2023-07-18,Industrials,0.26737083333333334,0.01862083333333334,0.09207404642315356
2023-07-18,Materials,0.005460000000000002,0.0247,0.0919402380952381
2023-07-18,RealEstate,0.10077666666666668,0.232448,0.13543608201058202
2023-07-18,Tech,0.28418578260869565,0.1315025934065934,0.12408466239684181
2023-07-18,Utilities,0.28412,0.0987375,0.18282872222222224
2023-07-19,Comm,0.1863019607843137,0.09730181818181818,0.12100149893049685
2023-07-19,Consumer,0.16728466666666666,0.051318571428571436,0.09704445144538001
2023-07-19,Energy,0.0254,-0.015309333333333331,0.08074855850630851
2023-07-19,Financials,0.13371641666666667,0.1641802489177489,0.0805901239858721
2023-07-19,Healthcare,-0.007343333333333318,0.14176000000000002,0.14266578306878308
2023-07-19,Industrials,0.22892232142857144,0.26737083333333334,0.09888942340728055
2023-07-19,Materials,-0.00625,0.005460000000000002,0.088095
2023-07-19,RealEstate,0.21680000000000002,0.10077666666666668,0.13253378042328043
2023-07-19,Tech,0.21145500000000003,0.28418578260869565,0.13071495970342223
2023-07-19,Utilities,-0.0143,0.28412,0.19834237301587304
2023-07-20,Comm,0.0008407142857142919,0.1863019607843137,0.1227260367456229
2023-07-20,Consumer,0.09613799999999999,0.16728466666666666,0.10503372128664987
2023-07-20,Energy,0.11199166666666667,0.0254,0.07728093945868947
2023-07-20,Financials,0.13929325757575756,0.13371641666666667,0.08084564496092879
2023-07-20,Healthcare,0.011776111111111121,-0.007343333333333318,0.13942554497354498
2023-07-20,Industrials,-0.058166666666666665,0.22892232142857144,0.10204643871340299
2023-07-20,Materials,0.16478055555555557,-0.00625,0.07578468253968254
2023-07-20,RealEstate,0.005777142857142861,0.21680000000000002,0.15398298677248679
2023-07-20,Tech,0.08559775174825175,0.21145500000000003,0.13420670452743877
2023-07-20,Utilities,0.38201111111111113,-0.0143,0.18021538888888888
2023-07-21,Comm,0.1050395238095238,0.0008407142857142919,0.11755954694970452
2023-07-21,Consumer,0.02811666666666666,0.09613799999999999,0.10762504781726212
2023-07-21,Energy,0.04268989855072464,0.11199166666666667,0.07830554943601371
2023-07-21,Financials,0.11758666666666666,0.13929325757575756,0.08236571422499805
2023-07-21,Healthcare,-0.03289333333333332,0.011776111111111121,0.13536573393801965
2023-07-21,Industrials,0.08867291666666667,-0.058166666666666665,0.09342067598406885
2023-07-21,Materials,-0.037040000000000003,0.16478055555555557,0.08025042328042328
2023-07-21,RealEstate,0.18718333333333334,0.005777142857142861,0.15301470256991687
2023-07-21,Tech,0.06715644444444444,0.08559775174825175,0.1334447484303444
2023-07-21,Utilities,0.09502500000000001,0.38201111111111113,0.20421710846560848
2023-07-24,Comm,0.053500000000000006,0.1050395238095238,0.11236777824222154
2023-07-24,Consumer,0.10760526190476191,0.02811666666666666,0.10248319747712606
2023-07-24,Energy,0.184426,0.04268989855072464,0.0782379255574768
2023-07-24,Financials,0.11020145454545456,0.11758666666666666,0.08160206343134727
2023-07-24,Healthcare,0.090369,-0.03289333333333332,0.12548274981103555
2023-07-24,Industrials,0.23726041666666667,0.08867291666666667,0.10236483414733415
2023-07-24,Materials,0.11408499999999999,-0.037040000000000003,0.07036458994708995
2023-07-24,RealEstate,0.2790566666666667,0.18718333333333334,0.1643091470143613
2023-07-24,Tech,0.17926624242424244,0.06715644444444444,0.13604134049383645
2023-07-24,Utilities,0.07595,0.09502500000000001,0.1980844365079365
2023-07-25,Comm,-0.06256766666666667,0.053500000000000006,0.09987158776603103
2023-07-25,Consumer,0.07527314285714286,0.10760526190476191,0.10533682672882673
2023-07-25,Energy,0.07654000000000002,0.184426,0.08542804532659656
2023-07-25,Financials,0.12471977777777779,0.11020145454545456,0.07704567011038252
2023-07-25,Healthcare,0.05089699999999999,0.090369,0.12517619425548
2023-07-25,Industrials,0.041017816091954026,0.23726041666666667,0.1117968777981278
2023-07-25,Materials,0.11162175324675323,0.11408499999999999,0.07219800264550265
2023-07-25,RealEstate,0.09822,0.2790566666666667,0.17499779780801208
2023-07-25,Tech,0.029687571428571435,0.17926624242424244,0.13966630139536879
2023-07-25,Utilities,0.1796893333333333,0.07595,0.1870046746031746
2023-07-26,Comm,0.21336033333333332,-0.06256766666666667,0.09311955601999929
2023-07-26,Consumer,0.18046870175438595,0.07527314285714286,0.1068404321710036
2023-07-26,Energy,0.084916,0.07654000000000002,0.085126616755168
2023-07-26,Financials,0.09929733333333333,0.12471977777777779,0.08383502460773701
2023-07-26,Healthcare,-0.04182533333333334,0.05089699999999999,0.11926065457294029
2023-07-26,Industrials,-0.07044520833333333,0.041017816091954026,0.10963105951679228
2023-07-26,Materials,0.009135000000000004,0.11162175324675323,0.07637840359376075
2023-07-26,RealEstate,0.07158666666666667,0.09822,0.17455700415721845
2023-07-26,Tech,0.0879992365967366,0.029687571428571435,0.13383261809982835
2023-07-26,Utilities,0.45438333333333336,0.1796893333333333,0.18595932539682541
2023-07-27,Comm,0.05910833333333334,0.21336033333333332,0.09696097400941728
2023-07-27,Consumer,0.17094305555555556,0.18046870175438595,0.10791510957880883
2023-07-27,Energy,0.0011033333333333346,0.084916,0.08628090246945372
2023-07-27,Financials,0.14740857142857142,0.09929733333333333,0.08293455707526948
2023-07-27,Healthcare,0.2458557589285714,-0.04182533333333334,0.11185883711262284
2023-07-27,Industrials,0.22851749999999998,-0.07044520833333333,0.09540328315624806
2023-07-27,Materials,0.02511875,0.009135000000000004,0.07191816549852265
2023-07-27,RealEstate,0.15419333333333335,0.07158666666666667,0.16817799622071053
2023-07-27,Tech,0.09459932954006639,0.0879992365967366,0.12955249063205804
2023-07-27,Utilities,0.057137142857142866,0.45438333333333336,0.191921917989418
2023-07-28,Comm,0.21241666666666664,0.05910833333333334,0.09108670416814744
2023-07-28,Consumer,0.10966964285714287,0.17094305555555556,0.10989620746240672
2023-07-28,Energy,0.3166966666666667,0.0011033333333333346,0.08143047918903044
2023-07-28,Financials,0.0945514880952381,0.14740857142857142,0.07850853666710622
2023-07-28,Healthcare,-0.009963333333333334,0.2458557589285714,0.11555990499811035
2023-07-28,Industrials,-0.008159821428571423,0.22851749999999998,0.10408004241550732
2023-07-28,Materials,0.2732,0.02511875,0.06722667740328456
2023-07-28,RealEstate,0.26812,0.15419333333333335,0.15935267876039308
2023-07-28,Tech,0.2709235596546311,0.09459932954006639,0.12519874971068554
2023-07-28,Utilities,0.0558,0.057137142857142866,0.18361582955404385
2023-07-31,Comm,0.15509414772727273,0.21241666666666664,0.09934960099354427
2023-07-31,Consumer,0.11860466666666666,0.10966964285714287,0.10938101585242939
2023-07-31,Energy,0.29976842857142855,0.3166966666666667,0.09019460617315743
2023-07-31,Financials,0.04790134199134201,0.0945514880952381,0.08796066957784628
2023-07-31,Healthcare,0.1738,-0.009963333333333334,0.10877688912509449
2023-07-31,Industrials,0.08912528985507245,-0.008159821428571423,0.09919703504589282
2023-07-31,Materials,0.0,0.2732,0.0680165583556655
2023-07-31,RealEstate,0.14116041666666668,0.26812,0.16418378987150417
2023-07-31,Tech,0.2022875462962963,0.2709235596546311,0.13489030005146704
2023-07-31,Utilities,0.36285,0.0558,0.18130154383975813
2023-08-01,Comm,0.31624485714285716,0.15509414772727273,0.10388730417330101
2023-08-01,Consumer,0.131055,0.11860466666666666,0.11437796823338177
2023-08-01,Energy,0.194396,0.29976842857142855,0.10007309014553425
2023-08-01,Financials,0.04597166666666667,0.04790134199134201,0.08672351551497792
2023-08-01,Healthcare,0.35325381944444445,0.1738,0.10493180409108087
2023-08-01,Industrials,0.10261442307692308,0.08912528985507245,0.10169486630883277
2023-08-01,Materials,0.23185,0.0,0.06650512978423692
2023-08-01,RealEstate,0.10137333333333334,0.14116041666666668,0.158806309712774
2023-08-01,Tech,0.2206819411764706,0.2022875462962963,0.1400637809975492
2023-08-01,Utilities,0.11226,0.36285,0.18814916288737718
2023-08-02,Comm,0.11479333333333334,0.31624485714285716,0.12063864657692915
2023-08-02,Consumer,0.010961547619047617,0.131055,0.11547544468550107
2023-08-02,Energy,0.08413999999999999,0.194396,0.1082394234788676
2023-08-02,Financials,0.07391142857142859,0.04597166666666667,0.08885748376894617
2023-08-02,Healthcare,0.18418660714285714,0.35325381944444445,0.12125035898526076
2023-08-02,Industrials,0.08428558823529413,0.10261442307692308,0.09836598962995609
2023-08-02,Materials,0.053393333333333334,0.23185,0.08639322502233217
2023-08-02,RealEstate,0.17339666666666667,0.10137333333333334,0.16191575415721846
2023-08-02,Tech,0.05383464052287582,0.2206819411764706,0.1474828954519331
2023-08-02,Utilities,0.048010000000000004,0.11226,0.1856950359032502
2023-08-03,Comm,0.0606347619047619,0.11479333333333334,0.11877547197375453
2023-08-03,Consumer,0.027276333333333336,0.010961547619047617,0.11201408981021764
2023-08-03,Energy,0.06321428571428571,0.08413999999999999,0.1059957726852168
2023-08-03,Financials,0.10548333333333333,0.07391142857142859,0.08880055640001881
2023-08-03,Healthcare,0.13057761111111113,0.18418660714285714,0.12177010218253968
2023-08-03,Industrials,0.13538333333333333,0.08428558823529413,0.09634441049830343
2023-08-03,Materials,0.04885,0.053393333333333334,0.08718973295884011
2023-08-03,RealEstate,0.05821666666666666,0.17339666666666667,0.1600894843159486
2023-08-03,Tech,0.06858827080327082,0.05383464052287582,0.13524918445642378
2023-08-03,Utilities,0.11132333333333336,0.048010000000000004,0.17857831632653062
2023-08-04,Comm,0.036761666666666665,0.0606347619047619,0.10811611539779083
2023-08-04,Consumer,0.08607000000000001,0.027276333333333336,0.1087326408306258
2023-08-04,Energy,-0.047687499999999994,0.06321428571428571,0.10617983861928272
2023-08-04,Financials,0.06251333333333334,0.10548333333333333,0.08690576804023045
2023-08-04,Healthcare,-0.011348666666666668,0.13057761111111113,0.11567316302910054
2023-08-04,Industrials,0.16970416666666666,0.13538333333333333,0.08986821391710684
2023-08-04,Materials,0.0,0.04885,0.08095084406995122
2023-08-04,RealEstate,-0.052493333333333336,0.05821666666666666,0.14877863775510206
2023-08-04,Tech,0.08962383333333333,0.06858827080327082,0.13124970528832558
2023-08-04,Utilities,0.08220066666666667,0.11132333333333336,0.1681802210884354
2023-08-07,Comm,0.10923000000000001,0.036761666666666665,0.10347714714382257
2023-08-07,Consumer,0.08062566666666666,0.08607000000000001,0.10978326441339223
2023-08-07,Energy,0.11065416666666665,-0.047687499999999994,0.09595471957166367
2023-08-07,Financials,-0.042226,0.06251333333333334,0.08470347779079734
2023-08-07,Healthcare,0.12999999999999998,-0.011348666666666668,0.0987550386904762
2023-08-07,Industrials,0.09024583333333334,0.16970416666666666,0.09488079328218621
2023-08-07,Materials,0.065,0.0,0.0774270345461417
2023-08-07,RealEstate,0.03225,-0.052493333333333336,0.14145133616780048
2023-08-07,Tech,0.04951214285714286,0.08962383333333333,0.1337707015645361
2023-08-07,Utilities,0.12198500000000001,0.08220066666666667,0.16310418934240362
2023-08-08,Comm,0.2033527777777778,0.10923000000000001,0.10104567888985429
2023-08-08,Consumer,0.12397555555555555,0.08062566666666666,0.10793908981021764
2023-08-08,Energy,0.29221458333333333,0.11065416666666665,0.1013390222927521
2023-08-08,Financials,-0.080006,-0.042226,0.0805715095368291
2023-08-08,Healthcare,0.21701166666666669,0.12999999999999998,0.09937107043650795
2023-08-08,Industrials,0.09641875,0.09024583333333334,0.10129815439329731
2023-08-08,Materials,0.0383,0.065,0.07606703454614169
2023-08-08,RealEstate,0.013333333333333336,0.03225,0.14083050283446713
2023-08-08,Tech,0.13018238095238094,0.04951214285714286,0.13541354170059053
2023-08-08,Utilities,0.059199999999999996,0.12198500000000001,0.15650241685563115
2023-08-09,Comm,-0.02028250000000001,0.2033527777777778,0.1081539460856215
2023-08-09,Consumer,0.06720505263157894,0.12397555555555555,0.11152537476864545
2023-08-09,Energy,-0.017293333333333334,0.29221458333333333,0.11088459655579068
2023-08-09,Financials,0.08779028571428572,-0.080006,0.0759689063622259
2023-08-09,Healthcare,0.27379533333333334,0.21701166666666669,0.10508296386054423
2023-08-09,Industrials,0.1575122222222222,0.09641875,0.10218436471075762
2023-08-09,Materials,0.22143333333333334,0.0383,0.0614733837524909
2023-08-09,RealEstate,-0.008620000000000003,0.013333333333333336,0.12817891553287983
2023-08-09,Tech,0.13496283333333334,0.13018238095238094,0.13565722587495138
2023-08-09,Utilities,0.27705,0.059199999999999996,0.1498557501889645
2023-08-10,Comm,-0.0179375,-0.02028250000000001,0.10073930322847864
2023-08-10,Consumer,0.08509511904761904,0.06720505263157894,0.10714206775110158
2023-08-10,Energy,0.25607083333333336,-0.017293333333333334,0.11166079836984963
2023-08-10,Financials,0.140885,0.08779028571428572,0.07502518980893792
2023-08-10,Healthcare,0.23797000000000001,0.27379533333333334,0.11951607497165534
2023-08-10,Industrials,-0.015688888888888884,0.1575122222222222,0.10221411338800632
2023-08-10,Materials,0.050039999999999994,0.22143333333333334,0.06934608216518931
2023-08-10,RealEstate,0.360115,-0.008620000000000003,0.11748748696145125
2023-08-10,Tech,0.05750729411764706,0.13496283333333334,0.1354250096705209
2023-08-10,Utilities,0.10015999999999999,0.27705,0.15197217876039307
2023-08-11,Comm,0.17236666666666667,-0.0179375,0.09419821592689134
2023-08-11,Consumer,0.0911817435897436,0.08509511904761904,0.10240468164514406
2023-08-11,Energy,0.1568258021978022,0.25607083333333336,0.12023534598889725
2023-08-11,Financials,0.19431666666666667,0.140885,0.07905063425338238
2023-08-11,Healthcare,0.07645500000000001,0.23797000000000001,0.11663678925736962
2023-08-11,Industrials,0.07979125000000001,-0.015688888888888884,0.09987734090123383
2023-08-11,Materials,0.28306666666666663,0.050039999999999994,0.06636560597471311
2023-08-11,RealEstate,0.199975,0.360115,0.12553462981859412
2023-08-11,Tech,0.15755481481481481,0.05750729411764706,0.13195707885374977
2023-08-11,Utilities,0.20358333333333334,0.10015999999999999,0.15319884542705972
2023-08-14,Comm,0.10403958333333335,0.17236666666666667,0.09711924767292308
2023-08-14,Consumer,0.06895571428571429,0.0911817435897436,0.09709704044507428
2023-08-14,Energy,0.1877422222222222,0.1568258021978022,0.11953698282824837
2023-08-14,Financials,0.09083861538461538,0.19431666666666667,0.08836739351264164
2023-08-14,Healthcare,0.20899916666666668,0.07645500000000001,0.11456440830498867
2023-08-14,Industrials,0.09008333333333333,0.07979125000000001,0.09861839248853542
2023-08-14,Materials,0.2266,0.28306666666666663,0.07984497105407819
2023-08-14,RealEstate,0.07640833333333333,0.199975,0.12735982823129252
2023-08-14,Tech,0.1496637950937951,0.15755481481481481,0.13100593246927006
2023-08-14,Utilities,0.43703333333333333,0.20358333333333334,0.15906630574452002
2023-08-15,Comm,0.07685416666666667,0.10403958333333335,0.09655308870933765
2023-08-15,Consumer,0.06715901515151515,0.06895571428571429,0.0919119359305412
2023-08-15,Energy,0.03819357142857143,0.1877422222222222,0.12313145494872048
2023-08-15,Financials,-0.0783352564102564,0.09083861538461538,0.0913680841923323
2023-08-15,Healthcare,0.03601000000000001,0.20899916666666668,0.11965547973356011
2023-08-15,Industrials,0.1565875,0.09008333333333333,0.09776601153615447
2023-08-15,Materials,0.036315,0.2266,0.09063544724455438
2023-08-15,RealEstate,0.12395,0.07640833333333333,0.12901320124716553
2023-08-15,Tech,0.15599985714285716,0.1496637950937951,0.131274905007314
2023-08-15,Utilities,0.014244444444444447,0.43703333333333333,0.1706766232048375
2023-08-16,Comm,0.16272999999999999,0.07685416666666667,0.10364064975939871
2023-08-16,Consumer,0.13701561904761905,0.06715901515151515,0.09261824401134928
2023-08-16,Energy,0.07837916666666667,0.03819357142857143,0.11650920438182705
2023-08-16,Financials,-0.014946666666666672,-0.0783352564102564,0.08476188715517287
2023-08-16,Healthcare,-0.030112499999999993,0.03601000000000001,0.11711157497165534
2023-08-16,Industrials,0.24236875,0.1565875,0.10433585280599574
2023-08-16,Materials,0.0,0.036315,0.09118854248264963
2023-08-16,RealEstate,0.21476249999999997,0.12395,0.12384662981859414
2023-08-16,Tech,0.1481360606060606,0.15599985714285716,0.1324414413757075
2023-08-16,Utilities,0.21339999999999998,0.014244444444444447,0.16665314436885864
2023-08-17,Comm,0.08079,0.16272999999999999,0.1067562774650264
2023-08-17,Consumer,0.038978484848484846,0.13701561904761905,0.0966990558027325
2023-08-17,Energy,0.0698303956043956,0.07837916666666667,0.1209705615246842
2023-08-17,Financials,0.08141916666666668,-0.014946666666666672,0.07623203403210546
2023-08-17,Healthcare,0.06514,-0.030112499999999993,0.10892717020975057
2023-08-17,Industrials,0.03425238095238095,0.24236875,0.10314527740917034
2023-08-17,Materials,0.134585,0.0,0.09092854248264962
2023-08-17,RealEstate,0.09833166666666666,0.21476249999999997,0.12927452664399094
2023-08-17,Tech,0.07754222222222222,0.1481360606060606,0.12596288318510585
2023-08-17,Utilities,0.33585,0.21339999999999998,0.1632855253212396
2023-08-18,Comm,0.1600625,0.08079,0.1017318983800591
2023-08-18,Consumer,0.004628500000000002,0.038978484848484846,0.09058923762091432
2023-08-18,Energy,0.17228400000000002,0.0698303956043956,0.12308629464870305
2023-08-18,Financials,0.10781800000000001,0.08141916666666668,0.07374168879401023
2023-08-18,Healthcare,0.1741875,0.06514,0.11237875751133787
2023-08-18,Industrials,-0.049275,0.03425238095238095,0.09387528024363745
2023-08-18,Materials,0.08035,0.134585,0.09763497105407819
2023-08-18,RealEstate,0.15762777777777778,0.09833166666666666,0.12363317743764175
2023-08-18,Tech,0.21670125,0.07754222222222222,0.11958608424330693
2023-08-18,Utilities,0.14874166666666666,0.33585,0.17995933484504914
2023-08-21,Comm,0.04163428571428571,0.1600625,0.10931388817597747
2023-08-21,Consumer,0.092142,0.004628500000000002,0.08623164238281908
2023-08-21,Energy,0.17541812499999998,0.17228400000000002,0.12595735814076653
2023-08-21,Financials,0.12910809523809524,0.10781800000000001,0.07224286700468843
2023-08-21,Healthcare,0.07696233333333333,0.1741875,0.12011263317271352
2023-08-21,Industrials,0.12742666666666666,-0.049275,0.09429869294205015
2023-08-21,Materials,0.013240476190476198,0.08035,0.09361446840857554
2023-08-21,RealEstate,0.192125,0.15762777777777778,0.13086416005291004
2023-08-21,Tech,0.05712926613616269,0.21670125,0.12582910796958063
2023-08-21,Utilities,-0.09349333333333334,0.14874166666666666,0.16885126606198034
2023-08-22,Comm,-0.006584999999999994,0.04163428571428571,0.10629459112382326
2023-08-22,Consumer,0.061433095238095245,0.092142,0.08928046777964448
2023-08-22,Energy,0.009210357142857145,0.17541812499999998,0.1322777498764463
2023-08-22,Financials,0.01258,0.12910809523809524,0.07279150646047075
2023-08-22,Healthcare,-0.012312500000000004,0.07696233333333333,0.12534385539493573
2023-08-22,Industrials,0.22089166666666668,0.12742666666666666,0.0961441096087168
2023-08-22,Materials,0.018858333333333335,0.013240476190476198,0.09600877679859823
2023-08-22,RealEstate,0.16846666666666665,0.192125,0.13109947751322754
2023-08-22,Tech,0.10393133333333333,0.05712926613616269,0.1253516232882339
2023-08-22,Utilities,0.0075,-0.09349333333333334,0.15987420256991683
2023-08-23,Comm,0.13022685185185184,-0.006584999999999994,0.1034334006476328
2023-08-23,Consumer,0.1619672619047619,0.061433095238095245,0.08708179317646987
2023-08-23,Energy,0.2644924603174603,0.009210357142857145,0.12393414783563
2023-08-23,Financials,0.1799417857142857,0.01258,0.06814286576783006
2023-08-23,Healthcare,0.13245904761904764,-0.012312500000000004,0.1204542601568405
2023-08-23,Industrials,0.10006749999999999,0.22089166666666668,0.09536464532300253
2023-08-23,Materials,0.020000000000000004,0.018858333333333335,0.09147417362399506
2023-08-23,RealEstate,0.017499999999999998,0.16846666666666665,0.12583328703703703
2023-08-23,Tech,0.19047868831168832,0.10393133333333333,0.12176424666485727
2023-08-23,Utilities,0.08198833333333334,0.0075,0.15661467876039306
2023-08-24,Comm,0.14482444444444445,0.13022685185185184,0.11261409200565749
2023-08-24,Consumer,0.07401321212121213,0.1619672619047619,0.09121008455968982
2023-08-24,Energy,0.07173066666666666,0.2644924603174603,0.1328842649936043
2023-08-24,Financials,-0.004456666666666662,0.1799417857142857,0.07077248519337806
2023-08-24,Healthcare,0.17254,0.13245904761904764,0.12433816718631897
2023-08-24,Industrials,0.16445,0.10006749999999999,0.09817653503290949
2023-08-24,Materials,0.1017,0.020000000000000004,0.08711123299319727
2023-08-24,RealEstate,0.07237333333333333,0.017499999999999998,0.12198947751322751
2023-08-24,Tech,0.14623563584080976,0.19047868831168832,0.12942096651643425
2023-08-24,Utilities,0.10653541666666667,0.08198833333333334,0.15196225018896448
2023-08-25,Comm,-0.03360833333333334,0.14482444444444445,0.10935047824904373
2023-08-25,Consumer,0.1144155,0.07401321212121213,0.0861407755295387
2023-08-25,Energy,0.0889625,0.07173066666666666,0.13225639197773126
2023-08-25,Financials,0.028836,-0.004456666666666662,0.06583181852671138
2023-08-25,Healthcare,0.087462,0.17254,0.134546040202192
2023-08-25,Industrials,0.035808750000000014,0.16445,0.10936202114402059
2023-08-25,Materials,0.3128666666666667,0.1017,0.09151909013605442
2023-08-25,RealEstate,0.08263333333333334,0.07237333333333333,0.12202693783068783
2023-08-25,Tech,0.04883475177304965,0.14623563584080976,0.13219412838519964
2023-08-25,Utilities,0.18782222222222222,0.10653541666666667,0.13539806368102797
2023-08-28,Comm,0.1298566666666667,-0.03360833333333334,0.10493539888396435
2023-08-28,Consumer,0.10195885714285716,0.1144155,0.08344898716975033
2023-08-28,Energy,0.23008787878787879,0.0889625,0.1364401618190011
2023-08-28,Financials,0.13947451515151515,0.028836,0.06018550560154132
2023-08-28,Healthcare,0.07695336538461538,0.087462,0.1270034802532124
2023-08-28,Industrials,0.00013618421052631613,0.035808750000000014,0.10018541400116344
2023-08-28,Materials,0.29123333333333334,0.3128666666666667,0.10522137188208616
2023-08-28,RealEstate,0.2664,0.08263333333333334,0.11861931878306879
2023-08-28,Tech,0.20660027447729576,0.04883475177304965,0.13001486277724647
2023-08-28,Utilities,0.053345833333333335,0.18782222222222222,0.14162116269841268
2023-08-29,Comm,0.19097916666666667,0.1298566666666667,0.1010039703125358
2023-08-29,Consumer,0.18982424242424242,0.10195885714285716,0.08308180689764148
2023-08-29,Energy,-0.032263181818181816,0.23008787878787879,0.1323159338247731
2023-08-29,Financials,-0.060239999999999995,0.13947451515151515,0.06232469736612594
2023-08-29,Healthcare,0.11523722222222221,0.07695336538461538,0.1311423706683528
2023-08-29,Industrials,-0.006280952380952387,0.00013618421052631613,0.10058046188873952
2023-08-29,Materials,0.0,0.29123333333333334,0.10608010204081632
2023-08-29,RealEstate,0.19086666666666666,0.2664,0.11853741402116404
2023-08-29,Tech,0.17704033333333333,0.20660027447729576,0.12695184919737337
2023-08-29,Utilities,0.31225,0.053345833333333335,0.14150429761904762
2023-08-30,Comm,0.11235666666666666,0.19097916666666667,0.10271278073822122
2023-08-30,Consumer,0.11352685714285715,0.18982424242424242,0.08647321526704986
2023-08-30,Energy,0.18464973544973548,-0.032263181818181816,0.1165049047586012
2023-08-30,Financials,0.07628366666666668,-0.060239999999999995,0.05717510965225251
2023-08-30,Healthcare,0.08326875000000002,0.11523722222222221,0.12835366696464912
2023-08-30,Industrials,0.10562499999999998,-0.006280952380952387,0.09603730749654787
2023-08-30,Materials,0.3404777777777778,0.0,0.10608010204081632
2023-08-30,RealEstate,0.17215000000000003,0.19086666666666666,0.12090437830687832
2023-08-30,Tech,0.1342159010270775,0.17704033333333333,0.1257496009610418
2023-08-30,Utilities,0.20324166666666665,0.31225,0.13909477380952381
2023-08-31,Comm,0.12518333333333334,0.11235666666666666,0.09300381928697406
2023-08-31,Consumer,0.24985790476190478,0.11352685714285715,0.0856385417976621
2023-08-31,Energy,0.0880625,0.18464973544973548,0.1160407969228743
2023-08-31,Financials,0.10176285714285713,0.07628366666666668,0.05861853822368109
2023-08-31,Healthcare,0.15775625,0.08326875000000002,0.11549723508634223
2023-08-31,Industrials,0.0778925,0.10562499999999998,0.09618066830240869
2023-08-31,Materials,0.2311,0.3404777777777778,0.11125285336356765
2023-08-31,RealEstate,0.2816975,0.17215000000000003,0.12427469576719578
2023-08-31,Tech,0.07919639682539684,0.1342159010270775,0.12163217047773735
2023-08-31,Utilities,0.184055,0.20324166666666665,0.14342723412698413
2023-09-01,Comm,0.029287499999999998,0.12518333333333334,0.09349858119173596
2023-09-01,Consumer,0.19450166666666666,0.24985790476190478,0.09701455880446483
2023-09-01,Energy,0.2876666666666667,0.0880625,0.11622758263716003
2023-09-01,Financials,0.044175,0.10176285714285713,0.059944796727082444
2023-09-01,Healthcare,0.10641400000000001,0.15775625,0.11423864665096808
2023-09-01,Industrials,0.1745875,0.0778925,0.09587623552929944
2023-09-01,Materials,0.3031375,0.2311,0.11971507558578989
2023-09-01,RealEstate,0.30266000000000004,0.2816975,0.12943187830687833
2023-09-01,Tech,0.20644428571428572,0.07919639682539684,0.12283987315880979
2023-09-01,Utilities,0.31148750000000003,0.184055,0.14990556746031747
2023-09-05,Comm,0.42919,0.029287499999999998,0.09200585443436635
2023-09-05,Consumer,0.11284052836052835,0.19450166666666666,0.10497766991557593
2023-09-05,Energy,-0.016213392857142857,0.2876666666666667,0.1269157912539401
2023-09-05,Financials,0.1325538782051282,0.044175,0.057025352282638
2023-09-05,Healthcare,-0.02440478571428571,0.10641400000000001,0.11308799850281993
2023-09-05,Industrials,0.17580916666666668,0.1745875,0.09774310060866451
2023-09-05,Materials,0.07955000000000001,0.3031375,0.13182400415721843
2023-09-05,RealEstate,0.139835,0.30266000000000004,0.14107203703703705
2023-09-05,Tech,0.2316344428571429,0.20644428571428572,0.12940444529742953
2023-09-05,Utilities,0.19205555555555556,0.31148750000000003,0.15943719444444446
2023-09-06,Comm,0.16224,0.42919,0.11069291792642984
2023-09-06,Consumer,0.04739833333333334,0.11284052836052835,0.10625245698036301
2023-09-06,Energy,0.2672414285714285,-0.016213392857142857,0.1284145582607428
2023-09-06,Financials,0.38154404761904764,0.1325538782051282,0.060360616324152044
2023-09-06,Healthcare,0.2159733333333333,-0.02440478571428571,0.1124662785481714
2023-09-06,Industrials,0.10834166666666667,0.17580916666666668,0.0980338148943788
2023-09-06,Materials,0.12696000000000002,0.07955000000000001,0.13561209939531368
2023-09-06,RealEstate,0.3469666666666667,0.139835,0.15023052910052911
2023-09-06,Tech,0.12191733333333335,0.2316344428571429,0.1361668552747538
2023-09-06,Utilities,0.11297636363636362,0.19205555555555556,0.16466837962962963
2023-09-07,Comm,0.10112666666666667,0.16224,0.11321720364071555
2023-09-07,Consumer,0.09848154761904762,0.04739833333333334,0.10467020301210903
2023-09-07,Energy,0.22592937500000002,0.2672414285714285,0.13587109454192192
2023-09-07,Financials,0.27604311111111113,0.38154404761904764,0.08054014240124954
2023-09-07,Healthcare,-0.18749333333333332,0.2159733333333333,0.11656024680213967
2023-09-07,Industrials,0.25117500000000004,0.10834166666666667,0.09889552124358515
2023-09-07,Materials,0.07101666666666667,0.12696000000000002,0.13856257558578985
2023-09-07,RealEstate,0.007666666666666667,0.3469666666666667,0.16521703703703705
2023-09-07,Tech,0.14627665277777777,0.12191733333333335,0.1396147214879057
2023-09-07,Utilities,0.28951000000000005,0.11297636363636362,0.16423939694564696
2023-09-08,Comm,0.153368,0.10112666666666667,0.10834929358780548
2023-09-08,Consumer,0.19369472222222223,0.09848154761904762,0.1034562026341801
2023-09-08,Energy,0.1500447619047619,0.22592937500000002,0.13271465604985844
2023-09-08,Financials,0.10652357142857143,0.27604311111111113,0.09749486197796912
2023-09-08,Healthcare,0.26912400000000003,-0.18749333333333332,0.09729810394499681
2023-09-08,Industrials,0.08762777777777779,0.25117500000000004,0.10626486648168039
2023-09-08,Materials,0.0465,0.07101666666666667,0.14012051209372636
2023-09-08,RealEstate,0.265,0.007666666666666667,0.16494719576719577
2023-09-08,Tech,0.08465885003885004,0.14627665277777777,0.14038111538435322
2023-09-08,Utilities,0.14209333333333332,0.28951000000000005,0.1752065398027898
2023-09-11,Comm,0.03409166666666667,0.153368,0.1166183650163769
2023-09-11,Consumer,0.09406722222222223,0.19369472222222223,0.10947952023373451
2023-09-11,Energy,0.114335,0.1500447619047619,0.14068313677548203
2023-09-11,Financials,0.12168078144078145,0.10652357142857143,0.09838692320245893
2023-09-11,Healthcare,0.134003,0.26912400000000003,0.09707565950055236
2023-09-11,Industrials,0.11746124999999999,0.08762777777777779,0.1029370357938497
2023-09-11,Materials,0.16076,0.0465,0.13179035336356767
2023-09-11,RealEstate,0.26696600000000004,0.265,0.1779767195767196
2023-09-11,Tech,0.226625100931677,0.08465885003885004,0.13798568760842544
2023-09-11,Utilities,-0.11169333333333334,0.14209333333333332,0.16878003186628185
2023-09-12,Comm,0.06630833333333333,0.03409166666666667,0.11909594438145629
2023-09-12,Consumer,0.0957796130952381,0.09406722222222223,0.10990676324204897
2023-09-12,Energy,0.09457066666666666,0.114335,0.13393381137865662
2023-09-12,Financials,0.18256961904761906,0.12168078144078145,0.0974724366044009
2023-09-12,Healthcare,-0.012653333333333317,0.134003,0.09212484997674283
2023-09-12,Industrials,0.15029458333333334,0.11746124999999999,0.10927751859808252
2023-09-12,Materials,0.0377375,0.16076,0.1370627343159486
2023-09-12,RealEstate,-0.18646666666666667,0.26696600000000004,0.17354105291005292
2023-09-12,Tech,0.0616259,0.226625100931677,0.14603891650433162
2023-09-12,Utilities,0.0005666666666666644,-0.11169333333333334,0.1586917778980279
2023-09-13,Comm,0.04491458333333334,0.06630833333333333,0.11404554755605945
2023-09-13,Consumer,0.1488013888888889,0.0957796130952381,0.11012570940897728
2023-09-13,Energy,0.10374305555555556,0.09457066666666666,0.13096928111526923
2023-09-13,Financials,0.09374544444444444,0.18256961904761906,0.09691305338444624
2023-09-13,Healthcare,0.15241666666666667,-0.012653333333333317,0.08788159600848887
2023-09-13,Industrials,0.08242785714285715,0.15029458333333334,0.11263482018538411
2023-09-13,Materials,0.021725,0.0377375,0.12538039304610735
2023-09-13,RealEstate,0.09156666666666669,-0.18646666666666667,0.1551390687830688
2023-09-13,Tech,0.3547890476190476,0.0616259,0.14147087294172137
2023-09-13,Utilities,0.13444666666666666,0.0005666666666666644,0.14902431758056758
2023-09-14,Comm,0.17720000000000002,0.04491458333333334,0.11123007136558327
2023-09-14,Consumer,0.0341952380952381,0.1488013888888889,0.11392788439008082
2023-09-14,Energy,0.12239133333333334,0.10374305555555556,0.1269693207978089
2023-09-14,Financials,0.21258,0.09374544444444444,0.09705147381586669
2023-09-14,Healthcare,0.094475,0.15241666666666667,0.08518719124658411
2023-09-14,Industrials,0.12495,0.08242785714285715,0.11227027370012331
2023-09-14,Materials,0.068475,0.021725,0.11562444066515495
2023-09-14,RealEstate,0.0577375,0.09156666666666669,0.15586089417989418
2023-09-14,Tech,0.19051360185185187,0.3547890476190476,0.15123874210959054
2023-09-14,Utilities,0.23354,0.13444666666666666,0.1346154286916787
2023-09-15,Comm,-0.0285125,0.17720000000000002,0.11600844438145629
2023-09-15,Consumer,0.2814991666666667,0.0341952380952381,0.11235818072073431
2023-09-15,Energy,-0.018210000000000004,0.12239133333333334,0.130978738031369
2023-09-15,Financials,0.02379380952380954,0.21258,0.11090458126397412
2023-09-15,Healthcare,0.00521333333333333,0.094475,0.08797123886563171
2023-09-15,Industrials,0.11085833333333332,0.12495,0.1107637260810757
2023-09-15,Materials,-0.09813749999999999,0.068475,0.11715586923658353
2023-09-15,RealEstate,0.29361,0.0577375,0.15270791798941802
2023-09-15,Tech,0.00420245295698925,0.19051360185185187,0.1528822537623998
2023-09-15,Utilities,0.2961833333333334,0.23354,0.1450580741943242
2023-09-18,Comm,0.12177976190476192,-0.0285125,0.10690165866717057
2023-09-18,Consumer,0.09929441558441558,0.2814991666666667,0.11923834965497465
2023-09-18,Energy,0.06903051851851853,-0.018210000000000004,0.12637925390438487
2023-09-18,Financials,0.28646266666666664,0.02379380952380954,0.112749365844473
2023-09-18,Healthcare,0.08813466666666667,0.00521333333333333,0.08965342140531425
2023-09-18,Industrials,0.12881458333333334,0.11085833333333332,0.10450132528742491
2023-09-18,Materials,0.097995,-0.09813749999999999,0.11248265495086923
2023-09-18,RealEstate,0.17185000000000003,0.29361,0.15646256084656085
2023-09-18,Tech,0.16624752709359608,0.00420245295698925,0.14602827244577737
2023-09-18,Utilities,0.1514,0.2961833333333334,0.1490001376863877
2023-09-19,Comm,0.1172,0.12177976190476192,0.10885355209120687
2023-09-19,Consumer,0.11155116666666667,0.09929441558441558,0.12211053683287613
2023-09-19,Energy,0.05156657692307692,0.06903051851851853,0.12634116451934313
2023-09-19,Financials,0.08870178571428572,0.28646266666666664,0.12251334203494918
2023-09-19,Healthcare,0.05874,0.08813466666666667,0.09074840553229839
2023-09-19,Industrials,0.15406488095238097,0.12881458333333334,0.1090042873055655
2023-09-19,Materials,0.0,0.097995,0.11074027399848829
2023-09-19,RealEstate,0.29517499999999997,0.17185000000000003,0.1599634338624339
2023-09-19,Tech,0.10626416666666665,0.16624752709359608,0.15025233458250944
2023-09-19,Utilities,0.3901666666666667,0.1514,0.14021680435305436
2023-09-20,Comm,0.2091833333333333,0.1172,0.10681248066263543
2023-09-20,Consumer,-0.07556233333333333,0.11155116666666667,0.1272020923884317
2023-09-20,Energy,0.0042077922077922054,0.05156657692307692,0.12059271580139437
2023-09-20,Financials,0.08048666666666668,0.08870178571428572,0.12160304611658185
2023-09-20,Healthcare,-0.133295,0.05874,0.08525090553229839
2023-09-20,Industrials,0.09728333333333333,0.15406488095238097,0.11868713877948842
2023-09-20,Materials,0.033716666666666666,0.0,0.10691408352229781
2023-09-20,RealEstate,0.4456875,0.29517499999999997,0.1665133015873016
2023-09-20,Tech,0.05992222222222223,0.10626416666666665,0.14499342585235073
2023-09-20,Utilities,0.17329166666666668,0.3901666666666667,0.15171323292448294
2023-09-21,Comm,0.047009999999999996,0.2091833333333333,0.11479100673973293
2023-09-21,Consumer,0.05199492063492063,-0.07556233333333333,0.11921617175351103
2023-09-21,Energy,0.19073333333333337,0.0042077922077922054,0.11243984281128926
2023-09-21,Financials,0.08267,0.08048666666666668,0.11928773999413288
2023-09-21,Healthcare,0.1475488888888889,-0.133295,0.07523865156404443
2023-09-21,Industrials,0.16645434523809524,0.09728333333333333,0.11725174195409158
2023-09-21,Materials,0.14268333333333333,0.033716666666666666,0.10788914021164023
2023-09-21,RealEstate,0.22041666666666665,0.4456875,0.17858770634920637
2023-09-21,Tech,0.202627625,0.05992222222222223,0.1451264237612107
2023-09-21,Utilities,0.027619999999999995,0.17329166666666668,0.16441728054353058
2023-09-22,Comm,0.03084,0.047009999999999996,0.11734314959687579
2023-09-22,Consumer,0.16560433333333333,0.05199492063492063,0.11876673486764558
2023-09-22,Energy,0.2415235,0.19073333333333337,0.12108379405845479
2023-09-22,Financials,0.018478,0.08267,0.1226253590417519
2023-09-22,Healthcare,-0.094940625,0.1475488888888889,0.08285109865399151
2023-09-22,Industrials,0.2687083333333333,0.16645434523809524,0.11465948855273103
2023-09-22,Materials,0.13515000000000002,0.14268333333333333,0.11378556878306878
2023-09-22,RealEstate,0.09535000000000002,0.22041666666666665,0.1810615158730159
2023-09-22,Tech,0.09874674603174602,0.202627625,0.14982624717390913
2023-09-22,Utilities,-0.016925000000000003,0.027619999999999995,0.16537537578162578
2023-09-25,Comm,-0.02559333333333335,0.03084,0.11261044236583524
2023-09-25,Consumer,0.08973253571428572,0.16560433333333333,0.1189399287451966
2023-09-25,Energy,0.19886741071428574,0.2415235,0.11999003404333763
2023-09-25,Financials,0.08773866666666667,0.018478,0.11493660734107164
2023-09-25,Healthcare,0.10975833333333335,-0.094940625,0.07202254281498925
2023-09-25,Industrials,0.19404583333333333,0.2687083333333333,0.12269000442574692
2023-09-25,Materials,-0.10975,0.13515000000000002,0.11926890211640212
2023-09-25,RealEstate,0.08128333333333333,0.09535000000000002,0.18476865873015874
2023-09-25,Tech,0.08910846764346765,0.09874674603174602,0.1454580594462928
2023-09-25,Utilities,0.25472222222222224,-0.016925000000000003,0.16066521705146705
2023-09-26,Comm,0.16206666666666666,-0.02559333333333335,0.10449531009070294
2023-09-26,Consumer,0.14276066666666667,0.08973253571428572,0.11968846796391441
2023-09-26,Energy,0.15791095238095237,0.19886741071428574,0.12604416471227187
2023-09-26,Financials,0.1412749523809524,0.08773866666666667,0.1193268613093256
2023-09-26,Healthcare,0.18595833333333334,0.10975833333333335,0.06903293964038608
2023-09-26,Industrials,0.17918541666666668,0.19404583333333333,0.1240993298225723
2023-09-26,Materials,0.1366,-0.10975,0.1091998544973545
2023-09-26,RealEstate,0.20856666666666665,0.08128333333333333,0.18519294444444445
2023-09-26,Tech,0.0776752380952381,0.08910846764346765,0.14273771810356223
2023-09-26,Utilities,0.28165,0.25472222222222224,0.16772173160173162
2023-09-27,Comm,0.11606666666666665,0.16206666666666666,0.11381316723356008
2023-09-27,Consumer,0.003553333333333334,0.14276066666666667,0.12103823780518425
2023-09-27,Energy,0.13395466666666667,0.15791095238095237,0.12932742434946007
2023-09-27,Financials,0.09628857142857142,0.1412749523809524,0.12468109713699
2023-09-27,Healthcare,0.23463888888888887,0.18595833333333334,0.07372324122768766
2023-09-27,Industrials,0.2458025,0.17918541666666668,0.13092679014003264
2023-09-27,Materials,0.12167333333333334,0.1366,0.1008062037037037
2023-09-27,RealEstate,0.187375,0.20856666666666665,0.19118976984126987
2023-09-27,Tech,0.13281413333333333,0.0776752380952381,0.14411107459509503
2023-09-27,Utilities,0.009535333333333321,0.28165,0.17218972101972105
2023-09-28,Comm,0.11211321428571429,0.11606666666666665,0.11315650056689343
2023-09-28,Consumer,0.1357533608058608,0.003553333333333334,0.11635226048092118
2023-09-28,Energy,0.15803555555555554,0.13395466666666667,0.12474965234368808
2023-09-28,Financials,0.16010714285714286,0.09628857142857142,0.12262462362637364
2023-09-28,Healthcare,0.14340000000000003,0.23463888888888887,0.0812320756802721
2023-09-28,Industrials,0.07764761904761905,0.2458025,0.14262518613000758
2023-09-28,Materials,0.1968375,0.12167333333333334,0.092731917989418
2023-09-28,RealEstate,0.47951666666666665,0.187375,0.1874266746031746
2023-09-28,Tech,0.027894769230769233,0.13281413333333333,0.1405974488263349
2023-09-28,Utilities,0.11103611111111111,0.009535333333333321,0.17010350673400673
2023-09-29,Comm,0.41949583333333335,0.11211321428571429,0.10940097902494332
2023-09-29,Consumer,0.18013664661654136,0.1357533608058608,0.1137774565943316
2023-09-29,Energy,0.218384,0.15803555555555554,0.1338114969805327
2023-09-29,Financials,0.20051833333333335,0.16010714285714286,0.133117344714809
2023-09-29,Healthcare,0.1415716666666667,0.14340000000000003,0.08257316033635675
2023-09-29,Industrials,0.23416388888888887,0.07764761904761905,0.14662178476946336
2023-09-29,Materials,0.0,0.1968375,0.10210513227513228
2023-09-29,RealEstate,0.2506333333333333,0.47951666666666665,0.20117191269841272
2023-09-29,Tech,0.08626454545454545,0.027894769230769233,0.13349527910716522
2023-09-29,Utilities,0.492572,0.11103611111111111,0.160521892977393
2023-10-02,Comm,0.26500599999999996,0.41949583333333335,0.12402665362811792
2023-10-02,Consumer,0.1566854285714286,0.18013664661654136,0.1169493513311737
2023-10-02,Energy,0.236605,0.218384,0.13541789053054532
2023-10-02,Financials,0.19911533333333334,0.20051833333333335,0.13903328122274553
2023-10-02,Healthcare,0.07766333333333333,0.1415716666666667,0.08534948970143613
2023-10-02,Industrials,0.18154529761904764,0.23416388888888887,0.15274268424036283
2023-10-02,Materials,0.18625666666666668,0.0,0.08589190476190477
2023-10-02,RealEstate,0.4073875,0.2506333333333333,0.2049092142857143
2023-10-02,Tech,0.21016564901764903,0.08626454545454545,0.13121188122275892
2023-10-02,Utilities,0.22782428571428573,0.492572,0.17429952789802788
2023-10-03,Comm,0.03751666666666668,0.26500599999999996,0.13068487585034014
2023-10-03,Consumer,0.385142,0.1566854285714286,0.11251256675067484
2023-10-03,Energy,0.248357,0.236605,0.1424913429114977
2023-10-03,Financials,0.20099590277777776,0.19911533333333334,0.143669113422292
2023-10-03,Healthcare,0.2455875,0.07766333333333333,0.08153554128873772
2023-10-03,Industrials,0.11130199999999998,0.18154529761904764,0.15767853174603175
2023-10-03,Materials,0.20104285714285713,0.18625666666666668,0.08375650793650793
2023-10-03,RealEstate,0.18013,0.4073875,0.21089445238095242
2023-10-03,Tech,0.24990286324786326,0.21016564901764903,0.1374485122795328
2023-10-03,Utilities,0.199245,0.22782428571428573,0.17638377959870816
2023-10-04,Comm,0.18015952380952382,0.03751666666666668,0.1310767409297052
2023-10-04,Consumer,0.12480916666666668,0.385142,0.12159067786178596
2023-10-04,Energy,0.21246442424242423,0.248357,0.14061945402260878
2023-10-04,Financials,0.13839444444444446,0.20099590277777776,0.15113677545932905
2023-10-04,Healthcare,0.15476666666666666,0.2455875,0.08816285081254725
2023-10-04,Industrials,0.07900208333333333,0.11130199999999998,0.1546649365079365
2023-10-04,Materials,-0.004233333333333335,0.20104285714285713,0.078894858276644
2023-10-04,RealEstate,0.1779,0.18013,0.2050596904761905
2023-10-04,Tech,0.09291566153846155,0.24990286324786326,0.13951796835256033
2023-10-04,Utilities,0.10916666666666668,0.199245,0.17103889864632724
2023-10-05,Comm,0.061533333333333336,0.18015952380952382,0.11921814682539682
2023-10-05,Consumer,0.18371749999999998,0.12480916666666668,0.1221606130192211
2023-10-05,Energy,0.22633764102564102,0.21246442424242423,0.15150887388449294
2023-10-05,Financials,0.09531971428571427,0.13839444444444446,0.15141489766120125
2023-10-05,Healthcare,-0.01632,0.15476666666666666,0.09669482473544974
2023-10-05,Industrials,0.101949,0.07900208333333333,0.15005507539682542
2023-10-05,Materials,0.13230833333333333,-0.004233333333333335,0.07490517573696145
2023-10-05,RealEstate,0.2247625,0.1779,0.20687230952380953
2023-10-05,Tech,0.2021746153846154,0.09291566153846155,0.1329123120992898
2023-10-05,Utilities,0.17967166666666667,0.10916666666666668,0.1670918086992373
2023-10-06,Comm,0.14590833333333336,0.061533333333333336,0.11442259126984126
2023-10-06,Consumer,0.09151484848484848,0.18371749999999998,0.12865200190811002
2023-10-06,Energy,0.08762346153846154,0.22633764102564102,0.14956107447755068
2023-10-06,Financials,0.15263166666666667,0.09531971428571427,0.13778516750247108
2023-10-06,Healthcare,0.1589183333333333,-0.01632,0.08563323743386245
2023-10-06,Industrials,0.00724583333333334,0.101949,0.1497506626984127
2023-10-06,Materials,0.2389,0.13230833333333333,0.075159858276644
2023-10-06,RealEstate,0.17605,0.2247625,0.2010530634920635
2023-10-06,Tech,0.06791692307692308,0.2021746153846154,0.13673408743506513
2023-10-06,Utilities,0.17746,0.17967166666666667,0.17026777551020408
2023-10-09,Comm,0.17945111111111114,0.14590833333333336,0.11655505158730159
2023-10-09,Consumer,0.07048807142857143,0.09151484848484848,0.12832025433029098
2023-10-09,Energy,-0.14174416883116883,0.08762346153846154,0.14297507859842978
2023-10-09,Financials,0.15860509157509156,0.15263166666666667,0.13190843205273564
2023-10-09,Healthcare,0.3720566666666667,0.1589183333333333,0.10212903108465608
2023-10-09,Industrials,-0.02714466666666667,0.00724583333333334,0.1381349880952381
2023-10-09,Materials,0.02629999999999999,0.2389,0.08315430272108844
2023-10-09,RealEstate,0.22372222222222224,0.17605,0.2090713174603175
2023-10-09,Tech,0.12958276129718235,0.06791692307692308,0.13300267173502442
2023-10-09,Utilities,0.034475,0.17746,0.1649320612244898
2023-10-10,Comm,0.1767075,0.17945111111111114,0.1177971044973545
2023-10-10,Consumer,0.1912204761904762,0.07048807142857143,0.12245327095916475
2023-10-10,Energy,0.10631422222222223,-0.14174416883116883,0.12908036761100453
2023-10-10,Financials,-0.02956845238095239,0.15860509157509156,0.13438850444066516
2023-10-10,Healthcare,0.013944000000000003,0.3720566666666667,0.10703058664021164
2023-10-10,Industrials,0.12010761904761905,-0.02714466666666667,0.1326696335978836
2023-10-10,Materials,0.022500000000000003,0.02629999999999999,0.08219239795918368
2023-10-10,RealEstate,0.1684375,0.22372222222222224,0.20710570899470898
2023-10-10,Tech,0.13753747252747256,0.12958276129718235,0.13514190560446881
2023-10-10,Utilities,0.2824333333333333,0.034475,0.15980737868480727
2023-10-11,Comm,0.1237375,0.1767075,0.12458833465608465
2023-10-11,Consumer,0.05882016666666667,0.1912204761904762,0.12707961638622448
2023-10-11,Energy,0.15507850241545895,0.10631422222222223,0.12869842581206273
2023-10-11,Financials,0.015395142857142857,-0.02956845238095239,0.12718615997296354
2023-10-11,Healthcare,0.047499285714285716,0.013944000000000003,0.10131349140211642
2023-10-11,Industrials,0.19177533333333333,0.12010761904761905,0.13279565117157974
2023-10-11,Materials,0.2111111111111111,0.022500000000000003,0.07560858843537416
2023-10-11,RealEstate,0.015,0.1684375,0.20241387566137567
2023-10-11,Tech,0.18675932756132757,0.13753747252747256,0.130899637585221
2023-10-11,Utilities,0.07206666666666665,0.2824333333333333,0.17857531519274378
2023-10-12,Comm,0.08575,0.1237375,0.1273230568783069
2023-10-12,Consumer,0.10026790476190477,0.05882016666666667,0.12531964274676868
2023-10-12,Energy,0.281872,0.15507850241545895,0.13157975132390998
2023-10-12,Financials,0.08563587878787879,0.015395142857142857,0.11922547063055991
2023-10-12,Healthcare,0.09511428571428572,0.047499285714285716,0.10417790183295542
2023-10-12,Industrials,0.18580729166666665,0.19177533333333333,0.13477092498110355
2023-10-12,Materials,0.1591875,0.2111111111111111,0.08386447467876039
2023-10-12,RealEstate,0.3534133333333333,0.015,0.21200752645502646
2023-10-12,Tech,0.12687825,0.18675932756132757,0.13685837223099848
2023-10-12,Utilities,0.09650625,0.07206666666666665,0.1819800770975057
2023-10-13,Comm,0.03270833333333333,0.08575,0.12926760052910052
2023-10-13,Consumer,0.06940976190476192,0.10026790476190477,0.12300852445500754
2023-10-13,Energy,-0.013828333333333345,0.281872,0.14006208201174067
2023-10-13,Financials,-0.0034557450980392144,0.08563587878787879,0.11883930083739011
2023-10-13,Healthcare,0.06428750000000001,0.09511428571428572,0.10144921702569919
2023-10-13,Industrials,0.04592596153846154,0.18580729166666665,0.13969375519652308
2023-10-13,Materials,0.2060611111111111,0.1591875,0.09041030801209374
2023-10-13,RealEstate,0.30335,0.3534133333333333,0.22447641534391533
2023-10-13,Tech,0.17137495238095238,0.12687825,0.12600547710628196
2023-10-13,Utilities,0.4648666666666667,0.09650625,0.1801733905895692
2023-10-16,Comm,0.02581666666666666,0.03270833333333333,0.12238704497354497
2023-10-16,Consumer,0.1729098888888889,0.06940976190476192,0.12468540654117533
2023-10-16,Energy,0.2891018518518519,-0.013828333333333345,0.13357543121808985
2023-10-16,Financials,0.06311826666666667,-0.0034557450980392144,0.10855188440415016
2023-10-16,Healthcare,0.06484533333333335,0.06428750000000001,0.10001171702569918
2023-10-16,Industrials,0.08777066666666668,0.04592596153846154,0.1359307057459736
2023-10-16,Materials,0.20867499999999997,0.2060611111111111,0.0969620275888133
2023-10-16,RealEstate,0.14671958333333335,0.30335,0.23617224867724865
2023-10-16,Tech,0.15000585714285714,0.17137495238095238,0.1250941128457629
2023-10-16,Utilities,0.0785125,0.4648666666666667,0.19118894614512472
2023-10-17,Comm,-0.031,0.02581666666666666,0.12497414814814814
2023-10-17,Consumer,0.07233111111111111,0.1729098888888889,0.11951448855175735
2023-10-17,Energy,0.1582052380952381,0.2891018518518519,0.14820932892532093
2023-10-17,Financials,0.16923,0.06311826666666667,0.11042447760142908
2023-10-17,Healthcare,0.14367500000000002,0.06484533333333335,0.10285133607331823
2023-10-17,Industrials,0.03653888888888888,0.08777066666666668,0.1348312930475609
2023-10-17,Materials,0.130225,0.20867499999999997,0.11157214663643235
2023-10-17,RealEstate,-0.054943750000000006,0.14671958333333335,0.22917746693121696
2023-10-17,Tech,0.08914776808330989,0.15000585714285714,0.132037132092709
2023-10-17,Utilities,0.189275,0.0785125,0.18082366836734692
2023-10-18,Comm,0.0721611111111111,-0.031,0.11769892139077853
2023-10-18,Consumer,0.10755696969696968,0.07233111111111111,0.11823052167207618
2023-10-18,Energy,-0.044513461538461536,0.1582052380952381,0.15245574414325994
2023-10-18,Financials,0.030012983870967735,0.16923,0.10484196966492113
2023-10-18,Healthcare,0.10490318181818181,0.14367500000000002,0.10549611385109599
2023-10-18,Industrials,0.05218511904761906,0.03653888888888888,0.13043721235973021
2023-10-18,Materials,-0.08734666666666666,0.130225,0.11310690854119426
2023-10-18,RealEstate,0.15378750000000002,-0.054943750000000006,0.21837776455026459
2023-10-18,Tech,0.04540127012522362,0.08914776808330989,0.1283657149969811
2023-10-18,Utilities,0.1386375,0.189275,0.18262723979591838
2023-10-19,Comm,0.2847601851851852,0.0721611111111111,0.11555421239606953
2023-10-19,Consumer,0.06780611111111111,0.10755696969696968,0.11804032181637632
2023-10-19,Energy,0.1934343181818182,-0.044513461538461536,0.14788050421652002
2023-10-19,Financials,0.10872066666666669,0.030012983870967735,0.10204726481523933
2023-10-19,Healthcare,0.22776857142857146,0.10490318181818181,0.10769436060434276
2023-10-19,Industrials,0.09293988095238094,0.05218511904761906,0.12558579512617013
2023-10-19,Materials,0.07139500000000001,-0.08734666666666666,0.10894754346182917
2023-10-19,RealEstate,0.026204285714285718,0.15378750000000002,0.21164502645502647
2023-10-19,Tech,0.13647294871794874,0.04540127012522362,0.12546748182834094
2023-10-19,Utilities,0.15503333333333333,0.1386375,0.170649660430839
2023-10-20,Comm,0.0724460606060606,0.2847601851851852,0.11915311010330058
2023-10-20,Consumer,0.11945833333333333,0.06780611111111111,0.12486739059944513
2023-10-20,Energy,0.07053696741854637,0.1934343181818182,0.1568912911676641
2023-10-20,Financials,0.099326,0.10872066666666669,0.10339174100571552
2023-10-20,Healthcare,0.10729357142857143,0.22776857142857146,0.1248878640057033
2023-10-20,Industrials,0.0045230000000000105,0.09293988095238094,0.1253789640604105
2023-10-20,Materials,-0.10464166666666666,0.07139500000000001,0.11074174981103554
2023-10-20,RealEstate,0.24070999999999998,0.026204285714285718,0.19166963529856385
2023-10-20,Tech,0.1257824396135266,0.13647294871794874,0.12911275451861365
2023-10-20,Utilities,0.187475,0.15503333333333333,0.16978021598639456
2023-10-23,Comm,0.024287500000000004,0.0724460606060606,0.12036435108454155
2023-10-23,Consumer,0.15973099358974358,0.11945833333333333,0.1280799340612743
2023-10-23,Energy,0.02574545454545455,0.07053696741854637,0.1511676546955314
2023-10-23,Financials,0.045466964285714284,0.099326,0.10418488386285839
2023-10-23,Healthcare,0.088369,0.10729357142857143,0.12297094412664057
2023-10-23,Industrials,0.1857251282051282,0.0045230000000000105,0.11766794762050119
2023-10-23,Materials,0.10556222222222222,-0.10464166666666666,0.09896436885865459
2023-10-23,RealEstate,0.24545000000000003,0.24070999999999998,0.1926359845049131
2023-10-23,Tech,0.14681782407407407,0.1257824396135266,0.12545345997640062
2023-10-23,Utilities,-0.08652499999999999,0.187475,0.17739235884353743
2023-10-24,Comm,0.12592142857142855,0.024287500000000004,0.12005232727501775
2023-10-24,Consumer,0.09168016666666666,0.15973099358974358,0.12780025121634142
2023-10-24,Energy,0.173535,0.02574545454545455,0.14089250967388636
2023-10-24,Financials,0.18876666666666667,0.045466964285714284,0.10547007263836858
2023-10-24,Healthcare,0.12497500000000002,0.088369,0.13169997388854532
2023-10-24,Industrials,0.23996782608695652,0.1857251282051282,0.11371636642392
2023-10-24,Materials,0.1475672619047619,0.10556222222222222,0.09755542705971276
2023-10-24,RealEstate,0.23392,0.24545000000000003,0.19978360355253214
2023-10-24,Tech,0.17943023976023978,0.14681782407407407,0.12774255893079717
2023-10-24,Utilities,0.02570277777777778,-0.08652499999999999,0.17407807312925172
2023-10-25,Comm,0.13736480952380953,0.12592142857142855,0.12726731593714927
2023-10-25,Consumer,-0.007692142857142847,0.09168016666666666,0.12789299554740718
2023-10-25,Energy,0.20730934343434346,0.173535,0.13968620440177754
2023-10-25,Financials,0.18440530303030303,0.18876666666666667,0.11028092978122572
2023-10-25,Healthcare,0.07023380952380952,0.12497500000000002,0.13242457706314847
2023-10-25,Industrials,0.09722166666666668,0.23996782608695652,0.11590312798361635
2023-10-25,Materials,0.15309999999999999,0.1475672619047619,0.10980863000755858
2023-10-25,RealEstate,0.18638333333333335,0.23392,0.20705201625094483
2023-10-25,Tech,0.16656165204678364,0.17943023976023978,0.13204359569826254
2023-10-25,Utilities,0.13747777777777778,0.02570277777777778,0.16317238529856387
2023-10-26,Comm,0.18570352564102563,0.13736480952380953,0.12609103702558466
2023-10-26,Consumer,0.072893,-0.007692142857142847,0.1207285760462734
2023-10-26,Energy,0.07549216117216118,0.20730934343434346,0.14203850873765328
2023-10-26,Financials,0.183184,0.18440530303030303,0.11233475600262337
2023-10-26,Healthcare,0.20990000000000003,0.07023380952380952,0.12691388545317117
2023-10-26,Industrials,0.08982349206349206,0.09722166666666668,0.11200009226933062
2023-10-26,Materials,0.1371025,0.15309999999999999,0.11059434429327286
2023-10-26,RealEstate,0.065984375,0.18638333333333335,0.20599566704459565
2023-10-26,Tech,0.11843270588235293,0.16656165204678364,0.13627628207690753
2023-10-26,Utilities,0.30343128571428574,0.13747777777777778,0.15630704138321996
2023-10-27,Comm,-0.11681777777777776,0.18570352564102563,0.12940707792912556
2023-10-27,Consumer,0.15261857142857144,0.072893,0.12403046493516232
2023-10-27,Energy,0.11387155172413793,0.07549216117216118,0.1392545799045816
2023-10-27,Financials,0.07834375,0.183184,0.11647263355364379
2023-10-27,Healthcare,0.13882209090909092,0.20990000000000003,0.12573584312512884
2023-10-27,Industrials,-0.07573466666666666,0.08982349206349206,0.10457252046283025
2023-10-27,Materials,0.0193,0.1371025,0.1113290665154951
2023-10-27,RealEstate,0.13899166666666668,0.065984375,0.20021516109221468
2023-10-27,Tech,0.1913318883415435,0.11843270588235293,0.13559145219828944
2023-10-27,Utilities,0.30845396825396826,0.30343128571428574,0.17030208673469388
2023-10-30,Comm,0.09949333333333334,-0.11681777777777776,0.1185056021165783
2023-10-30,Consumer,0.11804085470085471,0.15261857142857144,0.12483357020291044
2023-10-30,Energy,0.08329428210678212,0.11387155172413793,0.13715153210308553
2023-10-30,Financials,0.1242625,0.07834375,0.11257913865568459
2023-10-30,Healthcare,0.051290666666666665,0.13882209090909092,0.1255178474541332
2023-10-30,Industrials,0.16869102564102564,-0.07573466666666666,0.0972686020954833
2023-10-30,Materials,0.18992,0.0193,0.10287489984882842
2023-10-30,RealEstate,0.23673127272727273,0.13899166666666668,0.18399968490173849
2023-10-30,Tech,0.05005787612387612,0.1913318883415435,0.14337417215594533
2023-10-30,Utilities,0.176275,0.30845396825396826,0.17970293707482993
2023-10-31,Comm,0.126848,0.09949333333333334,0.10326738783086402
2023-10-31,Consumer,0.14027566666666666,0.11804085470085471,0.12187662773073489
2023-10-31,Energy,0.1370135,0.08329428210678212,0.13071868839388467
2023-10-31,Financials,0.09797291666666667,0.1242625,0.10894790849695443
2023-10-31,Healthcare,0.11178713157894737,0.051290666666666665,0.12121875221603794
2023-10-31,Industrials,0.11173142857142859,0.16869102564102564,0.09415084670272791
2023-10-31,Materials,0.0,0.18992,0.11191870937263794
2023-10-31,RealEstate,0.17984999999999998,0.23673127272727273,0.1833376820157356
2023-10-31,Tech,0.12482431119544593,0.05005787612387612,0.1416500450449611
2023-10-31,Utilities,0.071905,0.176275,0.16464117517006804
2023-11-01,Comm,0.08042000000000002,0.126848,0.09668843544991164
2023-11-01,Consumer,0.1708651111111111,0.14027566666666666,0.1210952104971748
2023-11-01,Energy,0.19534055555555555,0.1370135,0.1259762360129323
2023-11-01,Financials,0.10569166666666667,0.09797291666666667,0.10413160294139889
2023-11-01,Healthcare,0.06662555555555556,0.11178713157894737,0.1228436949896386
2023-11-01,Industrials,0.13443,0.11173142857142859,0.09082637674807939
2023-11-01,Materials,0.23155200000000004,0.0,0.10304934429327287
2023-11-01,RealEstate,0.07193333333333334,0.17984999999999998,0.17250256296811656
2023-11-01,Tech,0.10523448585231195,0.12482431119544593,0.13758617181533236
2023-11-01,Utilities,0.06385333333333335,0.071905,0.15721644727891157
2023-11-02,Comm,0.06113166666666666,0.08042000000000002,0.09873145132292753
2023-11-02,Consumer,0.12014044444444445,0.1708651111111111,0.11089154912151342
2023-11-02,Energy,0.07273435294117647,0.19534055555555555,0.12345164342033968
2023-11-02,Financials,0.18230266666666667,0.10569166666666667,0.09959330598372693
2023-11-02,Healthcare,0.13628285256410258,0.06662555555555556,0.11432169763514126
2023-11-02,Industrials,0.19613166666666665,0.13443,0.09192771008141272
2023-11-02,Materials,0.0979625,0.23155200000000004,0.10450216061980348
2023-11-02,RealEstate,0.22293333333333332,0.07193333333333334,0.16735034074589436
2023-11-02,Tech,0.20588728888888888,0.10523448585231195,0.13069720146316327
2023-11-02,Utilities,0.19951726984126986,0.06385333333333335,0.15076922505668935
2023-11-03,Comm,0.1748333333333333,0.06113166666666666,0.0930634581256486
2023-11-03,Consumer,0.08493019047619046,0.12014044444444445,0.11066922901569332
2023-11-03,Energy,0.18362708333333333,0.07273435294117647,0.11679783050123267
2023-11-03,Financials,0.22200999999999999,0.18230266666666667,0.10168417370859464
2023-11-03,Healthcare,0.1278809523809524,0.13628285256410258,0.11344151601120964
2023-11-03,Industrials,-0.02734444444444444,0.19613166666666665,0.09750530928776194
2023-11-03,Materials,0.20023333333333335,0.0979625,0.10936862887377174
2023-11-03,RealEstate,0.08375000000000002,0.22293333333333332,0.16949478519033878
2023-11-03,Tech,0.15686466666666668,0.20588728888888888,0.13607680276556455
2023-11-03,Utilities,0.052967857142857136,0.19951726984126986,0.15507163473167046
2023-11-06,Comm,0.059904,0.1748333333333333,0.0984586962208867
2023-11-06,Consumer,0.057704730158730164,0.08493019047619046,0.1059650714193214
2023-11-06,Energy,0.14810298412698414,0.18362708333333333,0.11476399442064658
2023-11-06,Financials,0.035359999999999996,0.22200999999999999,0.10771704445689395
2023-11-06,Healthcare,0.13273733333333335,0.1278809523809524,0.12030822802935022
2023-11-06,Industrials,0.1416071111111111,-0.02734444444444444,0.09134847859993124
2023-11-06,Materials,0.2514,0.20023333333333335,0.11260315268329554
2023-11-06,RealEstate,0.11970625,0.08375000000000002,0.1627799042379578
2023-11-06,Tech,0.19166328571428573,0.15686466666666668,0.13391918615994797
2023-11-06,Utilities,0.22254374999999998,0.052967857142857136,0.14903811999244143
2023-11-07,Comm,0.19590416666666666,0.059904,0.09436325177644227
2023-11-07,Consumer,0.19981577777777776,0.057704730158730164,0.10435506578474436
2023-11-07,Energy,0.20673527777777778,0.14810298412698414,0.1176439716867667
2023-11-07,Financials,0.16311666666666666,0.035359999999999996,0.10213267937752889
2023-11-07,Healthcare,0.10037333333333334,0.13273733333333335,0.11906151374363594
2023-11-07,Industrials,0.08363,0.1416071111111111,0.09774663468458732
2023-11-07,Materials,0.028458333333333332,0.2514,0.11319839077853362
2023-11-07,RealEstate,0.2618666666666667,0.11970625,0.1600968685236721
2023-11-07,Tech,0.359129797979798,0.19166328571428573,0.1398118700950605
2023-11-07,Utilities,0.253725,0.22254374999999998,0.15118496523053665
2023-11-08,Comm,0.132088,0.19590416666666666,0.09514673061242108
2023-11-08,Consumer,0.03635358974358975,0.19981577777777776,0.11051352799184941
2023-11-08,Energy,0.144650625,0.20673527777777778,0.1342382310490975
2023-11-08,Financials,0.041744642857142855,0.16311666666666666,0.10234751628665151
2023-11-08,Healthcare,0.04918,0.10037333333333334,0.10612421215633433
2023-11-08,Industrials,0.09875333333333333,0.08363,0.10302161881157146
2023-11-08,Materials,0.0129,0.028458333333333332,0.11330116855631141
2023-11-08,RealEstate,-0.07206666666666667,0.2618666666666667,0.16191327064007424
2023-11-08,Tech,0.05825102380952381,0.359129797979798,0.15074268136566124
2023-11-08,Utilities,0.13607333333333335,0.253725,0.16162544142101284
2023-11-09,Comm,0.2869704761904762,0.132088,0.09302199251718299
2023-11-09,Consumer,0.14446144736842106,0.03635358974358975,0.10313891435152149
2023-11-09,Energy,0.08347157575757577,0.144650625,0.1360637740385155
2023-11-09,Financials,0.03801619047619048,0.041744642857142855,0.10574337796465605
2023-11-09,Healthcare,0.15502012121212122,0.04918,0.10780211691823911
2023-11-09,Industrials,0.23702916666666668,0.09875333333333333,0.10200474806327213
2023-11-09,Materials,-0.0052625,0.0129,0.11284402569916856
2023-11-09,RealEstate,0.21688125,-0.07206666666666667,0.15046069127499487
2023-11-09,Tech,0.250784,0.05825102380952381,0.14696713618861604
2023-11-09,Utilities,0.32529166666666665,0.13607333333333335,0.15465591761148906
2023-11-10,Comm,0.11000666666666666,0.2869704761904762,0.10079499138339615
2023-11-10,Consumer,0.14335642424242426,0.14446144736842106,0.10721707057541455
2023-11-10,Energy,0.10946761904761906,0.08347157575757577,0.13265392038814008
2023-11-10,Financials,0.12760833333333332,0.03801619047619048,0.10682057070842023
2023-11-10,Healthcare,0.02108833333333336,0.15502012121212122,0.11292215670385032
2023-11-10,Industrials,0.0669125,0.23702916666666668,0.10415969250771658
2023-11-10,Materials,-0.006000000000000015,-0.0052625,0.10254052040816328
2023-11-10,RealEstate,-0.09200000000000001,0.21688125,0.16007408413213772
2023-11-10,Tech,0.261454731884058,0.250784,0.15001593011426712
2023-11-10,Utilities,0.4098625,0.32529166666666665,0.16671425094482237
2023-11-13,Comm,0.18525,0.11000666666666666,0.10195007074847551
2023-11-13,Consumer,0.17003360869565218,0.14335642424242426,0.10926890483639166
2023-11-13,Energy,0.19093911111111112,0.10946761904761906,0.12444418796183623
2023-11-13,Financials,-0.1325833246753247,0.12760833333333332,0.10881925902010854
2023-11-13,Healthcare,0.1265611111111111,0.02108833333333336,0.10939711135237638
2023-11-13,Industrials,0.01668416666666667,0.0669125,0.09849803576168484
2023-11-13,Materials,0.07153333333333334,-0.006000000000000015,0.09467444897959183
2023-11-13,RealEstate,0.14396499999999998,-0.09200000000000001,0.138863925401979
2023-11-13,Tech,0.17364408465608466,0.261454731884058,0.15642433401350797
2023-11-13,Utilities,0.08519166666666667,0.4098625,0.18163597713529855
2023-11-14,Comm,0.025000000000000005,0.18525,0.1092139596373644
2023-11-14,Consumer,0.1057122962962963,0.17003360869565218,0.11406051658833884
2023-11-14,Energy,0.30029666666666666,0.19093911111111112,0.13419501864966693
2023-11-14,Financials,0.09385285714285714,-0.1325833246753247,0.10267032665928541
2023-11-14,Healthcare,0.10357374999999999,0.1265611111111111,0.11236252140528645
2023-11-14,Industrials,0.08077458333333334,0.01668416666666667,0.0971055693392184
2023-11-14,Materials,0.21382222222222225,0.07153333333333334,0.08826836432350718
2023-11-14,RealEstate,0.24663333333333334,0.14396499999999998,0.1312741634972171
2023-11-14,Tech,0.28144810553814004,0.17364408465608466,0.15653238793137142
2023-11-14,Utilities,0.39680000000000004,0.08519166666666667,0.16355621523053665
2023-11-15,Comm,0.21000000000000002,0.025000000000000005,0.1091750707484755
2023-11-15,Consumer,0.16349333333333332,0.1057122962962963,0.11086063122678681
2023-11-15,Energy,0.1020125,0.30029666666666666,0.13472810506942
2023-11-15,Financials,0.1685277777777778,0.09385285714285714,0.10413387858672304
2023-11-15,Healthcare,0.16214,0.10357374999999999,0.11420673172274677
2023-11-15,Industrials,0.11940119047619048,0.08077458333333334,0.09677242251382158
2023-11-15,Materials,0.367,0.21382222222222225,0.08851347014361301
2023-11-15,RealEstate,0.36950000000000005,0.24663333333333334,0.13603196111626467
2023-11-15,Tech,0.07961098124098125,0.28144810553814004,0.16279154261686107
2023-11-15,Utilities,0.015,0.39680000000000004,0.1787127628495843
2023-11-16,Comm,0.011866666666666666,0.21000000000000002,0.12065126122466599
2023-11-16,Consumer,0.025866476190476183,0.16349333333333332,0.115201689427845
2023-11-16,Energy,-0.09484687499999998,0.1020125,0.1320522603982182
2023-11-16,Financials,0.046691666666666666,0.1685277777777778,0.10410043943328391
2023-11-16,Healthcare,0.034826666666666665,0.16214,0.11508601743703248
2023-11-16,Industrials,0.136556,0.11940119047619048,0.10071824639893119
2023-11-16,Materials,0.0502375,0.367,0.09978847014361301
2023-11-16,RealEstate,0.16521000000000002,0.36950000000000005,0.15624356825912183
2023-11-16,Tech,0.11944940476190476,0.07961098124098125,0.16233740991008352
2023-11-16,Utilities,0.29144,0.015,0.17041395332577475
2023-11-17,Comm,-0.0125,0.011866666666666666,0.11778009720350195
2023-11-17,Consumer,0.09290333333333332,0.025866476190476183,0.11131166592753579
2023-11-17,Energy,0.19968095238095238,-0.09484687499999998,0.129655431185764
2023-11-17,Financials,0.121218,0.046691666666666666,0.10489466242355527
2023-11-17,Healthcare,0.08199583333333334,0.034826666666666665,0.11174904052505556
2023-11-17,Industrials,0.2193025,0.136556,0.10473590739666362
2023-11-17,Materials,0.24885000000000002,0.0502375,0.10634009712773998
2023-11-17,RealEstate,-0.003862499999999998,0.16521000000000002,0.1567874968305504
2023-11-17,Tech,0.15466560000000001,0.11944940476190476,0.16586351155944928
2023-11-17,Utilities,0.16340833333333332,0.29144,0.17769026284958428
2023-11-20,Comm,0.077185,-0.0125,0.10362485028992173
2023-11-20,Consumer,0.06202244155844157,0.09290333333333332,0.1125067717476416
2023-11-20,Energy,0.048668750000000004,0.19968095238095238,0.12995288995715132
2023-11-20,Financials,0.0312,0.121218,0.10548977353466638
2023-11-20,Healthcare,0.178525,0.08199583333333334,0.10480748156813947
2023-11-20,Industrials,0.006504166666666662,0.2193025,0.11075317497035975
2023-11-20,Materials,0.39268333333333333,0.24885000000000002,0.11479033522297807
2023-11-20,RealEstate,0.12523333333333334,-0.003862499999999998,0.15535574512987016
2023-11-20,Tech,0.2205143853427896,0.15466560000000001,0.166729828287166
2023-11-20,Utilities,0.1366,0.16340833333333332,0.1780890723733938
2023-11-21,Comm,0.08382222222222223,0.077185,0.1038505140705855
2023-11-21,Consumer,0.050700625,0.06202244155844157,0.10977172928217058
2023-11-21,Energy,0.15155214285714286,0.048668750000000004,0.1289115462705539
2023-11-21,Financials,0.09396,0.0312,0.10224567829657116
2023-11-21,Healthcare,0.1146075,0.178525,0.10819945435725511
2023-11-21,Industrials,0.09661333333333336,0.006504166666666662,0.11084751624020103
2023-11-21,Materials,0.0024999999999999988,0.39268333333333333,0.13847247808012095
2023-11-21,RealEstate,0.20620000000000002,0.12523333333333334,0.14985685624098127
2023-11-21,Tech,0.15048051169590643,0.2205143853427896,0.1712408733218928
2023-11-21,Utilities,0.019520000000000003,0.1366,0.17566645332577474
2023-11-22,Comm,-0.0030233333333333084,0.08382222222222223,0.10668550084307228
2023-11-22,Consumer,0.026673636363636365,0.050700625,0.10457980696837325
2023-11-22,Energy,0.12386428571428572,0.15155214285714286,0.13490234095206283
2023-11-22,Financials,-0.07909377777777779,0.09396,0.1045548704734419
2023-11-22,Healthcare,0.13518,0.1146075,0.1094489067382075
2023-11-22,Industrials,0.16958785714285715,0.09661333333333336,0.10660409743678223
2023-11-22,Materials,0.27741666666666664,0.0024999999999999988,0.13356475321239608
2023-11-22,RealEstate,-0.028244444444444444,0.20620000000000002,0.14798780862193364
2023-11-22,Tech,0.10513761437908498,0.15048051169590643,0.17141528701817055
2023-11-22,Utilities,0.2444066666666667,0.019520000000000003,0.18071621523053666
2023-11-24,Comm,0.09102666666666667,-0.0030233333333333084,0.10054527408570266
2023-11-24,Consumer,-0.0635157777777778,0.026673636363636365,0.10148425790632422
2023-11-24,Energy,0.15564285714285714,0.12386428571428572,0.1325370688432193
2023-11-24,Financials,0.06491368055555556,-0.07909377777777779,0.09179961121418265
2023-11-24,Healthcare,0.044258,0.13518,0.1099348591191599
2023-11-24,Industrials,0.18670965909090906,0.16958785714285715,0.10325267034420606
2023-11-24,Materials,0.03291875,0.27741666666666664,0.1397480582010582
2023-11-24,RealEstate,0.05330000000000001,-0.028244444444444444,0.13550378745791247
2023-11-24,Tech,0.11561240740740741,0.10513761437908498,0.1678775429524013
2023-11-24,Utilities,0.17402499999999999,0.2444066666666667,0.19113068613000758
2023-11-27,Comm,0.029104166666666667,0.09102666666666667,0.09833869585441013
2023-11-27,Consumer,0.13984188095238098,-0.0635157777777778,0.09882598957677015
2023-11-27,Energy,0.15109,0.15564285714285714,0.13007675997219617
2023-11-27,Financials,0.08765916666666666,0.06491368055555556,0.08610953395348038
2023-11-27,Healthcare,0.20701999999999998,0.044258,0.10869791580850227
2023-11-27,Industrials,0.03029666666666666,0.18670965909090906,0.10751400331678905
2023-11-27,Materials,0.039049999999999994,0.03291875,0.13402514153439155
2023-11-27,RealEstate,0.06509166666666666,0.05330000000000001,0.1291664858706109
2023-11-27,Tech,0.18298130718954247,0.11561240740740741,0.16545138844576432
2023-11-27,Utilities,0.2408875,0.17402499999999999,0.19287103004535147
2023-11-28,Comm,0.12607666666666664,0.029104166666666667,0.09088158352229782
2023-11-28,Consumer,0.11156950000000002,0.13984188095238098,0.10201403152688353
2023-11-28,Energy,-0.019792999999999998,0.15109,0.13367665705923612
2023-11-28,Financials,0.14940444444444445,0.08765916666666666,0.08156073236617879
2023-11-28,Healthcare,0.12270833333333334,0.20701999999999998,0.10856077295135941
2023-11-28,Industrials,0.026967187499999996,0.03029666666666666,0.10467939258360688
2023-11-28,Materials,0.19914444444444443,0.039049999999999994,0.12935597486772488
2023-11-28,RealEstate,0.22883333333333333,0.06509166666666666,0.12912397594997596
2023-11-28,Tech,0.1699929761904762,0.18298130718954247,0.1685251313651543
2023-11-28,Utilities,0.0683,0.2408875,0.1898927545351474
2023-11-29,Comm,0.04411333333333334,0.12607666666666664,0.10244798563869993
2023-11-29,Consumer,0.09276178571428573,0.11156950000000002,0.1000593138398087
2023-11-29,Energy,0.06098027777777777,-0.019792999999999998,0.12731167840570573
2023-11-29,Financials,0.10793083333333334,0.14940444444444445,0.08494457495877138
2023-11-29,Healthcare,0.10741833333333332,0.12270833333333334,0.10779345116203765
2023-11-29,Industrials,0.11957333333333335,0.026967187499999996,0.10956995706773386
2023-11-29,Materials,0.1384388888888889,0.19914444444444443,0.13791999603174604
2023-11-29,RealEstate,0.13031166666666666,0.22883333333333333,0.13340215055315058
2023-11-29,Tech,0.2112702380952381,0.1699929761904762,0.16750899269129396
2023-11-29,Utilities,0.15579166666666666,0.0683,0.17845685128495842
2023-11-30,Comm,0.24946666666666667,0.04411333333333334,0.09981084278155705
2023-11-30,Consumer,0.03345944444444445,0.09276178571428573,0.0988555486499721
2023-11-30,Energy,0.17423333333333335,0.06098027777777777,0.12624910677099124
2023-11-30,Financials,0.14336333333333334,0.10793083333333334,0.08416687654607297
2023-11-30,Healthcare,0.085395,0.10741833333333332,0.11046619719378366
2023-11-30,Industrials,0.09369,0.11957333333333335,0.10723101933879613
2023-11-30,Materials,0.100475,0.1384388888888889,0.13546851455026454
2023-11-30,RealEstate,0.0998625,0.13031166666666666,0.1283345502645503
2023-11-30,Tech,0.08878461904761906,0.2112702380952381,0.17518577183278736
2023-11-30,Utilities,0.3484555555555556,0.15579166666666666,0.17748145445956162
2023-12-01,Comm,0.13344166666666665,0.24946666666666667,0.10564982690854119
2023-12-01,Consumer,0.2073625,0.03345944444444445,0.09376906187748532
2023-12-01,Energy,0.0,0.17423333333333335,0.12802147978686426
2023-12-01,Financials,-0.019845,0.14336333333333334,0.0863283249587714
2023-12-01,Healthcare,0.014000000000000002,0.085395,0.10920942902335759
2023-12-01,Industrials,0.0391625,0.09369,0.10637190369253763
2023-12-01,Materials,0.1545375,0.100475,0.14025303835978836
2023-12-01,RealEstate,0.11654,0.0998625,0.12452562169312172
2023-12-01,Tech,0.07611819607843137,0.08878461904761906,0.1734695960162242
2023-12-01,Utilities,0.30596666666666666,0.3484555555555556,0.19065052853363568
2023-12-04,Comm,0.10956166666666667,0.13344166666666665,0.10817466817838246
2023-12-04,Consumer,0.09725166666666665,0.2073625,0.0955070327769562
2023-12-04,Energy,0.035336666666666676,0.0,0.11871954856993303
2023-12-04,Financials,0.10034493055555554,-0.019845,0.08035038845083488
2023-12-04,Healthcare,0.071908,0.014000000000000002,0.10670345018737877
2023-12-04,Industrials,0.1386452380952381,0.0391625,0.10183535607349
2023-12-04,Materials,0.0,0.1545375,0.1365856812169312
2023-12-04,RealEstate,0.2298,0.11654,0.1266497486772487
2023-12-04,Tech,0.18832865546218489,0.07611819607843137,0.17208310602699178
2023-12-04,Utilities,0.3977,0.30596666666666666,0.20217973488284202
2023-12-05,Comm,0.10540352564102565,0.10956166666666667,0.11048085865457294
2023-12-05,Consumer,0.14001333333333335,0.09725166666666665,0.09441709097801441
2023-12-05,Energy,0.0017633333333333344,0.035336666666666676,0.11693870636638495
2023-12-05,Financials,0.13924479166666667,0.10034493055555554,0.07644763911221053
2023-12-05,Healthcare,0.24183333333333334,0.071908,0.10363798101765957
2023-12-05,Industrials,-0.06329,0.1386452380952381,0.09909790709389817
2023-12-05,Materials,0.0,0.0,0.13192080026455028
2023-12-05,RealEstate,0.16836250000000003,0.2298,0.12697673280423283
2023-12-05,Tech,0.15839107843137254,0.18832865546218489,0.17124698062572016
2023-12-05,Utilities,0.16310000000000002,0.3977,0.2116170077475435
2023-12-06,Comm,0.06523000000000001,0.10540352564102565,0.10717467733589163
2023-12-06,Consumer,0.07981733333333334,0.14001333333333335,0.09704009778073551
2023-12-06,Energy,0.2586521978021978,0.0017633333333333344,0.10827852779495638
2023-12-06,Financials,-0.014931249999999998,0.13924479166666667,0.07250643871538515
2023-12-06,Healthcare,0.2229697916666667,0.24183333333333334,0.10906428487253488
2023-12-06,Industrials,0.07856777777777779,-0.06329,0.09738621397220507
2023-12-06,Materials,0.100475,0.0,0.12238587962962962
2023-12-06,RealEstate,0.15328333333333335,0.16836250000000003,0.13100589947089947
2023-12-06,Tech,0.19185644444444444,0.15839107843137254,0.17131966690022996
2023-12-06,Utilities,0.25675555555555557,0.16310000000000002,0.2168613955026455
2023-12-07,Comm,0.06583166666666666,0.06523000000000001,0.10742829638351067
2023-12-07,Consumer,0.28803999999999996,0.07981733333333334,0.09809307888428805
2023-12-07,Energy,-0.05249533333333334,0.2586521978021978,0.11354277606520465
2023-12-07,Financials,0.12261111111111112,-0.014931249999999998,0.07011161728681373
2023-12-07,Healthcare,0.1886581818181818,0.2229697916666667,0.11336106860269361
2023-12-07,Industrials,-0.046583333333333324,0.07856777777777779,0.09438434095633202
2023-12-07,Materials,0.01820833333333332,0.100475,0.11519897486772487
2023-12-07,RealEstate,0.12116666666666669,0.15328333333333335,0.1326048082010582
2023-12-07,Tech,0.11441936190476192,0.19185644444444444,0.1713288649349994
2023-12-07,Utilities,0.174475,0.25675555555555557,0.2184905291005291
2023-12-08,Comm,0.06478999999999999,0.06583166666666666,0.1012343678120821
2023-12-08,Consumer,-0.007327,0.28803999999999996,0.10229423232344148
2023-12-08,Energy,0.11983714285714286,-0.05249533333333334,0.10119846125038984
2023-12-08,Financials,0.078345,0.12261111111111112,0.06818278130797774
2023-12-08,Healthcare,0.05156733333333334,0.1886581818181818,0.11756510900673402
2023-12-08,Industrials,0.027279166666666667,-0.046583333333333324,0.08818370603569711
2023-12-08,Materials,0.2879,0.01820833333333332,0.11471087962962963
2023-12-08,RealEstate,0.074,0.12116666666666669,0.1259048082010582
2023-12-08,Tech,0.1865137633012149,0.11441936190476192,0.15967598702666436
2023-12-08,Utilities,0.049150000000000006,0.174475,0.21471671957671962
2023-12-11,Comm,0.10392095238095238,0.06478999999999999,0.09802970114541543
2023-12-11,Consumer,0.146590873015873,-0.007327,0.1002142042404134
2023-12-11,Energy,0.12327348687782806,0.11983714285714286,0.10001686686263474
2023-12-11,Financials,0.09812940476190476,0.078345,0.0699256554576376
2023-12-11,Healthcare,0.17783919191919192,0.05156733333333334,0.11767879154641654
2023-12-11,Industrials,0.08577120634920635,0.027279166666666667,0.08478017428966536
2023-12-11,Materials,0.14074000000000003,0.2879,0.12780611772486772
2023-12-11,RealEstate,0.08082333333333333,0.074,0.13286036375661375
2023-12-11,Tech,0.1324900680272109,0.1865137633012149,0.1657837365262687
2023-12-11,Utilities,0.11709466666666665,0.049150000000000006,0.21057751322751322
2023-12-12,Comm,0.2407883597883598,0.10392095238095238,0.08931305715448573
2023-12-12,Consumer,0.07269380952380952,0.146590873015873,0.10031560546172064
2023-12-12,Energy,0.04876538461538462,0.12327348687782806,0.10191219596359913
2023-12-12,Financials,0.19350351515151515,0.09812940476190476,0.07278818947124305
2023-12-12,Healthcare,0.06345833333333332,0.17783919191919192,0.11876541396103894
2023-12-12,Industrials,0.25845166666666664,0.08577120634920635,0.0775774142745482
2023-12-12,Materials,-0.05813333333333332,0.14074000000000003,0.13475861772486772
2023-12-12,RealEstate,0.10321000000000002,0.08082333333333333,0.12638141534391537
2023-12-12,Tech,0.1047255634920635,0.1324900680272109,0.1601506921466121
2023-12-12,Utilities,0.08529,0.11709466666666665,0.20066337037037035
2023-12-13,Comm,0.2147975,0.2407883597883598,0.0955407568269473
2023-12-13,Consumer,0.07401100000000001,0.07269380952380952,0.09695071904654849
2023-12-13,Energy,0.14144,0.04876538461538462,0.09902161337158796
2023-12-13,Financials,0.12163388888888886,0.19350351515151515,0.07592605527210886
2023-12-13,Healthcare,0.033511666666666676,0.06345833333333332,0.12078303300865802
2023-12-13,Industrials,0.15878961904761904,0.25845166666666664,0.0866983269729609
2023-12-13,Materials,0.32791666666666663,-0.05813333333333332,0.13227607804232805
2023-12-13,RealEstate,0.24584333333333333,0.10321000000000002,0.13567712962962966
2023-12-13,Tech,0.1753292156862745,0.1047255634920635,0.15268739841365997
2023-12-13,Utilities,0.17432500000000004,0.08529,0.18520753703703705
2023-12-14,Comm,0.3249518518518519,0.2147975,0.09694778063647111
2023-12-14,Consumer,0.08087200000000001,0.07401100000000001,0.09237821387056505
2023-12-14,Energy,0.12077916666666667,0.14144,0.09666451284248744
2023-12-14,Financials,0.01996444444444444,0.12163388888888886,0.08803163687040473
2023-12-14,Healthcare,0.18251666666666666,0.033511666666666676,0.1163521070827321
2023-12-14,Industrials,0.123875,0.15878961904761904,0.09346525327681576
2023-12-14,Materials,0.0075,0.32791666666666663,0.1444848082010582
2023-12-14,RealEstate,0.077215,0.24584333333333333,0.14052847883597885
2023-12-14,Tech,0.147771,0.1753292156862745,0.1527676427484309
2023-12-14,Utilities,0.22677999999999998,0.17432500000000004,0.1894519814814815
2023-12-15,Comm,0.004324999999999999,0.3249518518518519,0.11123120215322596
2023-12-15,Consumer,0.12048425925925926,0.08087200000000001,0.09119534261836047
2023-12-15,Energy,0.01806615384615385,0.12077916666666667,0.08811606046153504
2023-12-15,Financials,0.22624190476190478,0.01996444444444444,0.08451314102762317
2023-12-15,Healthcare,0.0,0.18251666666666666,0.12011129359066858
2023-12-15,Industrials,0.089,0.123875,0.09551765407046656
2023-12-15,Materials,-0.2732,0.0075,0.13465994047619048
2023-12-15,RealEstate,0.08564166666666667,0.077215,0.13246093915343918
2023-12-15,Tech,0.11678886868686869,0.147771,0.14640206629423377
2023-12-15,Utilities,0.0975111111111111,0.22677999999999998,0.181355791005291
2023-12-18,Comm,0.2521174285714286,0.004324999999999999,0.10143715453417836
2023-12-18,Consumer,0.07784533333333335,0.12048425925925926,0.089147291471976
2023-12-18,Energy,0.14843035714285716,0.01806615384615385,0.08411861540658999
2023-12-18,Financials,0.11521666666666669,0.22624190476190478,0.08726143278877208
2023-12-18,Healthcare,0.16835182051282052,0.0,0.1123903412097162
2023-12-18,Industrials,0.2399604761904762,0.089,0.09406997833350512
2023-12-18,Materials,-0.1279375,-0.2732,0.10417422619047619
2023-12-18,RealEstate,0.24973611111111113,0.08564166666666667,0.11894387566137568
2023-12-18,Tech,0.1204708843537415,0.11678886868686869,0.14817244188689507
2023-12-18,Utilities,0.12494999999999999,0.0975111111111111,0.18528489153439157
2023-12-19,Comm,0.0,0.2521174285714286,0.11287766700583368
2023-12-19,Consumer,0.0,0.07784533333333335,0.09162247514544539
2023-12-19,Energy,0.0,0.14843035714285716,0.0957032455086308
2023-12-19,Financials,0.0,0.11521666666666669,0.09052452802686732
2023-12-19,Healthcare,0.0,0.16835182051282052,0.11874868186905688
2023-12-19,Industrials,0.0,0.2399604761904762,0.09899400100924208
2023-12-19,Materials,0.0,-0.1279375,0.0956897023809524
2023-12-19,RealEstate,0.0,0.24973611111111113,0.12296892857142859
2023-12-19,Tech,0.16948333333333335,0.1204708843537415,0.14822108377222062
2023-12-19,Utilities,0.0,0.12494999999999999,0.1773567962962963
2023-12-20,Comm,0.0,0.0,0.11347290510107177
2023-12-20,Consumer,0.0,0.0,0.08719850689147714
2023-12-20,Energy,0.0,0.0,0.08619462872858545
2023-12-20,Financials,0.0,0.0,0.0847522423125816
2023-12-20,Healthcare,0.0,0.0,0.11484411837699338
2023-12-20,Industrials,0.0,0.0,0.0885510248187659
2023-12-20,Materials,0.0,0.0,0.08383970238095237
2023-12-20,RealEstate,0.0,0.0,0.12315285714285716
2023-12-20,Tech,0.01906000000000003,0.16948333333333335,0.14892669012142698
2023-12-20,Utilities,0.0,0.0,0.1695754470899471
2023-12-21,Comm,0.0,0.0,0.10979742891059557
2023-12-21,Consumer,0.0,0.0,0.0842450572934561
2023-12-21,Energy,0.0,0.0,0.08387706920477593
2023-12-21,Financials,0.0,0.0,0.0832665280268673
2023-12-21,Healthcare,0.0,0.0,0.1063429279008029
2023-12-21,Industrials,0.0,0.0,0.08824130259654367
2023-12-21,Materials,0.0,0.0,0.06514049603174603
2023-12-21,RealEstate,0.0,0.0,0.1171893650793651
2023-12-21,Tech,0.1135875,0.01906000000000003,0.13933362415272274
2023-12-21,Utilities,0.0,0.0,0.16307068518518517
2023-12-22,Comm,0.0,0.0,0.1058058945190612
2023-12-22,Consumer,0.0,0.0,0.08183074181726563
2023-12-22,Energy,0.0,0.0,0.07666030049729294
2023-12-22,Financials,0.0,0.0,0.0787922423125816
2023-12-22,Healthcare,0.0,0.0,0.10088542790080289
2023-12-22,Industrials,0.0,0.0,0.08364066767590875
2023-12-22,Materials,0.0,0.0,0.06502144841269841
2023-12-22,RealEstate,0.0,0.0,0.10737031746031749
2023-12-22,Tech,0.10834000000000002,0.1135875,0.1375768140719653
2023-12-22,Utilities,0.0,0.0,0.16214116137566137
2023-12-26,Comm,0.0,0.0,0.10594986277302944
2023-12-26,Consumer,0.0,0.0,0.08056056865709246
2023-12-26,Energy,0.0,0.0,0.07076200117756505
2023-12-26,Financials,0.0,0.0,0.08255861268295196
2023-12-26,Healthcare,0.0,0.0,0.09444828504366004
2023-12-26,Industrials,0.0,0.0,0.07556505543101079
2023-12-26,Materials,0.0,0.0,0.05181113095238095
2023-12-26,RealEstate,0.0,0.0,0.10871529100529102
2023-12-26,Tech,0.22873000000000002,0.10834000000000002,0.1377293086253422
2023-12-26,Utilities,0.0,0.0,0.1505027486772487
2023-12-27,Comm,0.0,0.0,0.10161525959842627
2023-12-27,Consumer,0.0,0.0,0.08358512950365332
2023-12-27,Energy,0.0,0.0,0.06335043655171471
2023-12-27,Financials,0.0,0.0,0.07946748503744933
2023-12-27,Healthcare,0.0,0.0,0.09234076123413623
2023-12-27,Industrials,0.0,0.0,0.06667411928382465
2023-12-27,Materials,0.0,0.0,0.05024357142857142
2023-12-27,RealEstate,0.0,0.0,0.10617719576719578
2023-12-27,Tech,0.191675,0.22873000000000002,0.14311586065356088
2023-12-27,Utilities,0.0,0.0,0.1422158439153439
2023-12-28,Comm,0.0,0.0,0.10022934690001357
2023-12-28,Consumer,0.0,0.0,0.0769259923154447
2023-12-28,Energy,0.0,0.0,0.056155674646952806
2023-12-28,Financials,0.0,0.0,0.0752932390057033
2023-12-28,Healthcare,0.0,0.0,0.082482665996041
2023-12-28,Industrials,0.0,0.0,0.06523142087112624
2023-12-28,Materials,0.0,0.0,0.04838404761904761
2023-12-28,RealEstate,0.0,0.0,0.10307759259259261
2023-12-28,Tech,0.09015,0.191675,0.1435298460254874
2023-12-28,Utilities,0.0,0.0,0.13074501058201057
2023-12-29,Comm,0.0,0.0,0.09422569610636278
2023-12-29,Consumer,0.0,0.0,0.07161315898211137
2023-12-29,Energy,0.0,0.0,0.057098198456476616
2023-12-29,Financials,0.0,0.0,0.06817874165120594
2023-12-29,Healthcare,0.0,0.0,0.07663941202778703
2023-12-29,Industrials,0.0,0.0,0.06394726908541194
2023-12-29,Materials,0.0,0.0,0.03890097883597884
2023-12-29,RealEstate,0.0,0.0,0.09218076719576722
2023-12-29,Tech,0.1448375,0.09015,0.13972779954022665
2023-12-29,Utilities,0.0,0.0,0.12749262962962962
