date,sector,headline_count,mean_compound,positive_share,negative_share,neutral_share,sentiment_index
2020-01-03,Comm,14,0.16032142857142856,0.42857142857142855,0.0,0.5714285714285714,0.08685714285714285
2020-01-03,Consumer,32,-0.05685312499999999,0.125,0.28125,0.59375,-0.1025132727272727
2020-01-03,Energy,49,0.09516326530612243,0.4897959183673469,0.16326530612244897,0.3469387755102041,0.055450035087719285
2020-01-03,Financials,20,0.11033,0.35,0.05,0.6,0.09007809523809525
2020-01-03,Healthcare,29,0.2223413793103448,0.5862068965517241,0.10344827586206896,0.3103448275862069,0.22046571428571432
2020-01-03,Industrials,20,-0.013670000000000002,0.2,0.2,0.6,-0.017023333333333335
2020-01-03,Materials,10,0.04326999999999999,0.3,0.2,0.5,0.13148125
2020-01-03,RealEstate,8,-0.0574375,0.375,0.375,0.25,-0.027414999999999995
2020-01-03,Tech,42,0.13849761904761906,0.42857142857142855,0.047619047619047616,0.5238095238095238,0.08076517857142856
2020-01-03,Utilities,5,0.2964,0.6,0.0,0.4,0.18525
2020-01-06,Comm,16,0.15919375,0.5,0.125,0.375,0.1738097222222222
2020-01-06,Consumer,44,0.0899,0.4090909090909091,0.13636363636363635,0.45454545454545453,0.10678931372549019
2020-01-06,Energy,34,0.08265,0.47058823529411764,0.11764705882352941,0.4117647058823529,0.08543969696969697
2020-01-06,Financials,12,0.19928333333333334,0.5833333333333334,0.16666666666666666,0.25,0.284306
2020-01-06,Healthcare,12,0.25876666666666664,0.6666666666666666,0.0,0.3333333333333333,0.32718
2020-01-06,Industrials,14,0.08877857142857144,0.42857142857142855,0.07142857142857142,0.5,0.0735287037037037
2020-01-06,Materials,9,0.02358888888888889,0.2222222222222222,0.1111111111111111,0.6666666666666666,-0.069765
2020-01-06,RealEstate,4,0.148,0.5,0.0,0.5,0.148
2020-01-06,Tech,13,-0.016446153846153846,0.3076923076923077,0.3076923076923077,0.38461538461538464,-0.013116666666666676
2020-01-06,Utilities,6,0.06061666666666667,0.16666666666666666,0.16666666666666666,0.6666666666666666,0.011312500000000003
2020-01-07,Comm,5,0.17558,0.2,0.0,0.8,0.29263333333333336
2020-01-07,Consumer,22,0.0963,0.36363636363636365,0.09090909090909091,0.5454545454545454,0.1472385
2020-01-07,Energy,12,0.067925,0.25,0.16666666666666666,0.5833333333333334,0.07934999999999999
2020-01-07,Financials,11,0.08967272727272727,0.2727272727272727,0.0,0.7272727272727273,0.140525
2020-01-07,Healthcare,15,0.1337066666666667,0.4666666666666667,0.13333333333333333,0.4,0.10863733333333334
2020-01-07,Industrials,13,0.07422307692307693,0.3076923076923077,0.15384615384615385,0.5384615384615384,0.030057142857142855
2020-01-07,Materials,3,0.12726666666666667,0.3333333333333333,0.0,0.6666666666666666,0.12726666666666667
2020-01-07,RealEstate,2,0.0,0.0,0.0,1.0,0.0
2020-01-07,Tech,21,0.006947619047619049,0.23809523809523808,0.23809523809523808,0.5238095238095238,0.00910267857142857
2020-01-07,Utilities,1,0.6369,1.0,0.0,0.0,0.6369
2020-01-08,Comm,20,0.14944,0.5,0.1,0.4,0.1929775
2020-01-08,Consumer,16,0.1085,0.375,0.0625,0.5625,0.0717625
2020-01-08,Energy,17,0.021335294117647063,0.47058823529411764,0.23529411764705882,0.29411764705882354,-0.018874999999999986
2020-01-08,Financials,4,0.448825,0.75,0.0,0.25,0.4676833333333333
2020-01-08,Healthcare,13,0.12036153846153846,0.5384615384615384,0.23076923076923078,0.23076923076923078,0.25715185185185185
2020-01-08,Industrials,12,0.03559999999999999,0.25,0.16666666666666666,0.5833333333333334,0.020342857142857138
2020-01-08,Materials,6,0.01184999999999999,0.3333333333333333,0.5,0.16666666666666666,-0.09959999999999998
2020-01-08,RealEstate,3,-0.01053333333333332,0.3333333333333333,0.3333333333333333,0.3333333333333333,-0.10079999999999999
2020-01-08,Tech,22,0.09592272727272727,0.36363636363636365,0.045454545454545456,0.5909090909090909,0.087443125
2020-01-08,Utilities,3,0.27973333333333333,0.6666666666666666,0.0,0.3333333333333333,0.27973333333333333
2020-01-09,Comm,6,0.21763333333333335,0.5,0.0,0.5,0.16018
2020-01-09,Consumer,25,0.238588,0.6,0.04,0.36,0.2834562698412698
2020-01-09,Energy,10,0.12225000000000001,0.7,0.3,0.0,0.10351000000000002
2020-01-09,Financials,11,0.16655454545454546,0.45454545454545453,0.09090909090909091,0.45454545454545453,0.26152933333333334
2020-01-09,Healthcare,8,0.178925,0.25,0.0,0.75,0.15904444444444446
2020-01-09,Industrials,9,0.044955555555555554,0.2222222222222222,0.0,0.7777777777777778,0.033716666666666666
2020-01-09,Materials,6,0.06363333333333333,0.16666666666666666,0.0,0.8333333333333334,0.04242222222222222
2020-01-09,RealEstate,1,0.0,0.0,0.0,1.0,0.0
2020-01-09,Tech,17,0.1359,0.4117647058823529,0.0,0.5882352941176471,0.09154333333333334
2020-01-09,Utilities,5,0.059199999999999996,0.2,0.0,0.8,0.074
2020-01-10,Comm,8,0.142975,0.625,0.125,0.25,0.03584583333333334
2020-01-10,Consumer,15,-0.0031666666666666623,0.2,0.2,0.6,0.004144000000000004
2020-01-10,Energy,15,0.11264000000000002,0.4,0.06666666666666667,0.5333333333333333,0.07396200000000001
2020-01-10,Financials,7,0.2603285714285714,0.42857142857142855,0.0,0.5714285714285714,0.21935833333333332
2020-01-10,Healthcare,12,0.18625,0.5,0.16666666666666666,0.3333333333333333,0.24778000000000003
2020-01-10,Industrials,8,0.09217499999999999,0.5,0.125,0.375,0.09254999999999998
2020-01-10,Materials,4,-0.10715,0.0,0.5,0.5,-0.10715
2020-01-10,RealEstate,6,-0.09286666666666667,0.16666666666666666,0.3333333333333333,0.5,-0.08412
2020-01-10,Tech,21,0.31619047619047624,0.6666666666666666,0.0,0.3333333333333333,0.30686583333333334
2020-01-10,Utilities,7,0.11642857142857142,0.42857142857142855,0.14285714285714285,0.42857142857142855,0.15612083333333332
2020-01-13,Comm,14,0.012271428571428572,0.2857142857142857,0.21428571428571427,0.5,0.0015479166666666697
2020-01-13,Consumer,29,0.06171379310344828,0.27586206896551724,0.13793103448275862,0.5862068965517241,0.08908528571428571
2020-01-13,Energy,19,0.1377578947368421,0.5789473684210527,0.15789473684210525,0.2631578947368421,0.13454349999999998
2020-01-13,Financials,33,0.18907272727272728,0.3939393939393939,0.0,0.6060606060606061,0.19619
2020-01-13,Healthcare,24,0.12892083333333335,0.4166666666666667,0.125,0.4583333333333333,0.13385750000000002
2020-01-13,Industrials,10,0.12307000000000001,0.4,0.1,0.5,0.07404583333333334
2020-01-13,Materials,4,0.164925,0.25,0.0,0.75,0.32985
2020-01-13,RealEstate,3,0.2394666666666667,0.3333333333333333,0.0,0.6666666666666666,0.2394666666666667
2020-01-13,Tech,39,0.20972820512820511,0.4358974358974359,0.02564102564102564,0.5384615384615384,0.20091575
2020-01-13,Utilities,6,0.013199999999999998,0.16666666666666666,0.16666666666666666,0.6666666666666666,0.006599999999999999
2020-01-14,Comm,4,0.11655,0.25,0.0,0.75,0.0863
2020-01-14,Consumer,19,0.13550526315789474,0.3157894736842105,0.0,0.6842105263157895,0.042910000000000004
2020-01-14,Energy,23,0.18667391304347825,0.6521739130434783,0.08695652173913043,0.2608695652173913,0.2138183333333333
2020-01-14,Financials,38,0.06746052631578948,0.34210526315789475,0.18421052631578946,0.47368421052631576,0.035565476190476196
2020-01-14,Healthcare,9,0.2744444444444445,0.6666666666666666,0.0,0.3333333333333333,0.32362499999999994
2020-01-14,Industrials,10,0.14794000000000002,0.5,0.0,0.5,0.14943833333333334
2020-01-14,Materials,4,0.041999999999999996,0.25,0.25,0.5,0.041999999999999996
2020-01-14,RealEstate,2,0.148,0.5,0.0,0.5,0.148
2020-01-14,Tech,12,0.23226666666666665,0.5,0.08333333333333333,0.4166666666666667,0.22985333333333333
2020-01-14,Utilities,5,0.27902,0.8,0.0,0.2,0.2927166666666667
2020-01-15,Comm,9,-0.03062222222222223,0.2222222222222222,0.1111111111111111,0.6666666666666666,0.0006972222222222194
2020-01-15,Consumer,27,0.11012222222222222,0.2962962962962963,0.07407407407407407,0.6296296296296297,0.11932547619047619
2020-01-15,Energy,13,0.05133076923076922,0.38461538461538464,0.15384615384615385,0.46153846153846156,0.08600666666666665
2020-01-15,Financials,36,0.06528611111111111,0.3055555555555556,0.027777777777777776,0.6666666666666666,0.06089596825396826
2020-01-15,Healthcare,12,0.22993333333333332,0.6666666666666666,0.0,0.3333333333333333,0.22993333333333332
2020-01-15,Industrials,10,-0.1182,0.2,0.3,0.5,-0.09173124999999997
2020-01-15,Materials,4,0.259475,0.75,0.0,0.25,0.17298333333333335
2020-01-15,RealEstate,7,0.028900000000000002,0.14285714285714285,0.0,0.8571428571428571,0.0252875
2020-01-15,Tech,24,0.023995833333333338,0.3333333333333333,0.25,0.4166666666666667,0.018463666666666666
2020-01-15,Utilities,10,0.10065000000000002,0.4,0.1,0.5,0.11571250000000001
2020-01-16,Comm,17,0.1822764705882353,0.47058823529411764,0.058823529411764705,0.47058823529411764,0.1423625
2020-01-16,Consumer,19,0.15572105263157895,0.47368421052631576,0.10526315789473684,0.42105263157894735,0.22151928571428572
2020-01-16,Energy,13,0.18496153846153846,0.6153846153846154,0.15384615384615385,0.23076923076923078,0.17142380952380953
2020-01-16,Financials,46,0.1740782608695652,0.5,0.13043478260869565,0.3695652173913043,0.14342895726495727
2020-01-16,Healthcare,8,0.199825,0.375,0.125,0.5,0.12518125000000002
2020-01-16,Industrials,4,0.20829999999999999,0.75,0.0,0.25,0.2856666666666667
2020-01-16,Materials,4,0.1101,0.25,0.0,0.75,0.1101
2020-01-16,RealEstate,3,0.24766666666666667,0.6666666666666666,0.0,0.3333333333333333,0.24766666666666667
2020-01-16,Tech,19,0.25517368421052633,0.631578947368421,0.05263157894736842,0.3157894736842105,0.22213055555555555
2020-01-16,Utilities,11,0.16191818181818182,0.5454545454545454,0.0,0.45454545454545453,0.15306041666666667
2020-01-17,Comm,8,0.11887500000000001,0.25,0.0,0.75,0.0634
2020-01-17,Consumer,23,0.10908260869565216,0.30434782608695654,0.08695652173913043,0.6086956521739131,0.08010533333333332
2020-01-17,Energy,31,0.1066741935483871,0.4838709677419355,0.12903225806451613,0.3870967741935484,0.14109055555555555
2020-01-17,Financials,17,0.13106470588235294,0.5294117647058824,0.11764705882352941,0.35294117647058826,0.11717999999999999
2020-01-17,Healthcare,11,0.13057272727272726,0.36363636363636365,0.18181818181818182,0.45454545454545453,0.20040555555555553
2020-01-17,Industrials,12,0.18518333333333334,0.5,0.0,0.5,0.23608333333333334
2020-01-17,Materials,5,0.27793999999999996,0.6,0.0,0.4,0.31393333333333334
2020-01-17,RealEstate,3,0.28376666666666667,0.6666666666666666,0.3333333333333333,0.0,0.18714999999999998
2020-01-17,Tech,38,0.09381052631578947,0.23684210526315788,0.0,0.7631578947368421,0.07141555777555778
2020-01-17,Utilities,17,0.1550058823529412,0.5294117647058824,0.058823529411764705,0.4117647058823529,0.15105022222222222
2020-01-21,Comm,19,-0.0007315789473684135,0.42105263157894735,0.2631578947368421,0.3157894736842105,-0.027549999999999998
2020-01-21,Consumer,51,0.1208529411764706,0.39215686274509803,0.09803921568627451,0.5098039215686274,0.07009310606060606
2020-01-21,Energy,28,0.12414285714285714,0.39285714285714285,0.07142857142857142,0.5357142857142857,0.13746714285714287
2020-01-21,Financials,29,0.1926413793103448,0.41379310344827586,0.0,0.5862068965517241,0.19930555555555557
2020-01-21,Healthcare,21,0.05649523809523809,0.2857142857142857,0.19047619047619047,0.5238095238095238,0.09057404761904761
2020-01-21,Industrials,16,0.10461875000000001,0.375,0.0625,0.5625,0.1046862857142857
2020-01-21,Materials,11,0.050509090909090906,0.09090909090909091,0.09090909090909091,0.8181818181818182,0.012607499999999997
2020-01-21,RealEstate,7,0.1078,0.2857142857142857,0.0,0.7142857142857143,0.08384444444444444
2020-01-21,Tech,44,0.035079545454545454,0.2727272727272727,0.20454545454545456,0.5227272727272727,0.017946666666666677
2020-01-21,Utilities,15,0.16084666666666667,0.3333333333333333,0.06666666666666667,0.6,0.17614000000000002
2020-01-22,Comm,4,0.274125,0.5,0.0,0.5,0.18275
2020-01-22,Consumer,32,0.12934375,0.4375,0.09375,0.46875,0.08442657142857143
2020-01-22,Energy,11,0.13637272727272728,0.36363636363636365,0.0,0.6363636363636364,0.11271666666666667
2020-01-22,Financials,4,0.038275,0.25,0.0,0.75,0.02551666666666667
2020-01-22,Healthcare,13,0.13008461538461538,0.3076923076923077,0.0,0.6923076923076923,0.07055520833333334
2020-01-22,Industrials,12,-0.03488333333333333,0.08333333333333333,0.16666666666666666,0.75,-0.023519047619047617
2020-01-22,Materials,4,-0.074,0.0,0.25,0.75,-0.09866666666666667
2020-01-22,RealEstate,7,0.014714285714285716,0.14285714285714285,0.0,0.8571428571428571,0.017166666666666667
2020-01-22,Tech,14,0.07532857142857144,0.2857142857142857,0.14285714285714285,0.5714285714285714,0.185395
2020-01-22,Utilities,18,0.15989444444444445,0.4444444444444444,0.05555555555555555,0.5,0.132628125
2020-01-23,Comm,22,0.12577727272727274,0.3181818181818182,0.0,0.6818181818181818,0.17530257142857142
2020-01-23,Consumer,22,0.1434318181818182,0.36363636363636365,0.13636363636363635,0.5,0.12958566666666668
2020-01-23,Energy,17,0.1027,0.47058823529411764,0.17647058823529413,0.35294117647058826,0.06157333333333333
2020-01-23,Financials,14,0.024942857142857145,0.21428571428571427,0.14285714285714285,0.6428571428571429,0.032470000000000006
2020-01-23,Healthcare,20,0.04077499999999999,0.35,0.15,0.5,0.020309999999999998
2020-01-23,Industrials,14,0.04549285714285715,0.21428571428571427,0.21428571428571427,0.5714285714285714,0.03699404761904762
2020-01-23,Materials,9,0.04218888888888889,0.2222222222222222,0.1111111111111111,0.6666666666666666,0.09407
2020-01-23,RealEstate,4,0.29055,0.75,0.0,0.25,0.314
2020-01-23,Tech,36,0.02615,0.19444444444444445,0.1388888888888889,0.6666666666666666,0.03489592592592593
2020-01-23,Utilities,8,-0.0526875,0.0,0.125,0.875,-0.035124999999999997
2020-01-24,Comm,24,0.10324583333333333,0.375,0.16666666666666666,0.4583333333333333,0.13886280303030302
2020-01-24,Consumer,23,0.1364304347826087,0.34782608695652173,0.08695652173913043,0.5652173913043478,0.07866423076923076
2020-01-24,Energy,14,0.23945,0.5714285714285714,0.14285714285714285,0.2857142857142857,0.18136166666666667
2020-01-24,Financials,6,-0.044199999999999996,0.16666666666666666,0.5,0.3333333333333333,-0.044199999999999996
2020-01-24,Healthcare,14,0.13547142857142858,0.5714285714285714,0.21428571428571427,0.21428571428571427,0.2246453333333333
2020-01-24,Industrials,11,0.10126363636363638,0.36363636363636365,0.0,0.6363636363636364,0.08224222222222223
2020-01-24,Materials,11,0.09620000000000001,0.2727272727272727,0.09090909090909091,0.6363636363636364,0.14948
2020-01-24,RealEstate,5,0.07224,0.2,0.0,0.8,0.0903
2020-01-24,Tech,46,0.053117391304347825,0.21739130434782608,0.043478260869565216,0.7391304347826086,0.06600430107526882
2020-01-24,Utilities,28,0.13805357142857141,0.5,0.07142857142857142,0.42857142857142855,0.19892800000000002
2020-01-27,Comm,20,-0.061455,0.0,0.25,0.75,-0.0454159090909091
2020-01-27,Consumer,42,0.018492857142857148,0.21428571428571427,0.21428571428571427,0.5714285714285714,0.03644111111111111
2020-01-27,Energy,22,0.021572727272727275,0.2727272727272727,0.2727272727272727,0.45454545454545453,0.04191166666666666
2020-01-27,Financials,5,0.024440000000000007,0.2,0.2,0.6,-0.05713333333333332
2020-01-27,Healthcare,23,0.2142304347826087,0.5217391304347826,0.043478260869565216,0.43478260869565216,0.2709377777777778
2020-01-27,Industrials,18,0.047605555555555554,0.2222222222222222,0.2777777777777778,0.5,0.06335666666666666
2020-01-27,Materials,14,-0.008971428571428575,0.14285714285714285,0.35714285714285715,0.5,-0.0018416666666666685
2020-01-27,RealEstate,6,0.08510000000000001,0.16666666666666666,0.0,0.8333333333333334,0.08510000000000001
2020-01-27,Tech,31,-0.07930322580645162,0.16129032258064516,0.16129032258064516,0.6774193548387096,-0.17687049999999999
2020-01-27,Utilities,21,0.013038095238095241,0.23809523809523808,0.23809523809523808,0.5238095238095238,0.00028968253968254115
2020-01-28,Comm,15,0.07077333333333333,0.4,0.26666666666666666,0.3333333333333333,0.04588500000000001
2020-01-28,Consumer,37,0.09522432432432433,0.32432432432432434,0.16216216216216217,0.5135135135135135,0.04826642857142858
2020-01-28,Energy,6,0.24658333333333335,0.6666666666666666,0.0,0.3333333333333333,0.24658333333333335
2020-01-28,Financials,10,0.14629,0.5,0.0,0.5,0.1616607142857143
2020-01-28,Healthcare,12,0.07864166666666667,0.5,0.4166666666666667,0.08333333333333333,0.18641166666666664
2020-01-28,Industrials,34,-0.032320588235294115,0.17647058823529413,0.2647058823529412,0.5588235294117647,0.005048958333333332
2020-01-28,Materials,16,0.1769,0.5,0.0,0.5,0.167525
2020-01-28,RealEstate,4,0.189475,0.25,0.0,0.75,0.12631666666666666
2020-01-28,Tech,30,0.051366666666666665,0.43333333333333335,0.26666666666666666,0.3,-0.010494230769230777
2020-01-28,Utilities,14,0.030371428571428574,0.2857142857142857,0.14285714285714285,0.5714285714285714,0.019550000000000005
2020-01-29,Comm,11,0.27608181818181815,0.7272727272727273,0.0,0.2727272727272727,0.31587624999999997
2020-01-29,Consumer,35,-0.04490285714285714,0.14285714285714285,0.22857142857142856,0.6285714285714286,0.009240761904761906
2020-01-29,Energy,13,0.02796923076923077,0.38461538461538464,0.23076923076923078,0.38461538461538464,0.013120833333333335
2020-01-29,Financials,7,0.21644285714285716,0.42857142857142855,0.0,0.5714285714285714,0.19043125000000002
2020-01-29,Healthcare,12,0.095625,0.25,0.08333333333333333,0.6666666666666666,0.141442
2020-01-29,Industrials,28,0.021724999999999994,0.14285714285714285,0.17857142857142858,0.6785714285714286,0.013074166666666668
2020-01-29,Materials,20,0.08211,0.25,0.05,0.7,0.10520714285714287
2020-01-29,RealEstate,5,0.09878,0.2,0.0,0.8,0.16463333333333333
2020-01-29,Tech,33,0.21579696969696968,0.45454545454545453,0.0,0.5454545454545454,0.14640099206349208
2020-01-29,Utilities,11,0.16038181818181818,0.6363636363636364,0.09090909090909091,0.2727272727272727,0.16526875000000002
2020-01-30,Comm,18,0.048322222222222225,0.2777777777777778,0.1111111111111111,0.6111111111111112,-0.013312499999999998
2020-01-30,Consumer,40,0.107285,0.375,0.125,0.5,0.04419295238095238
2020-01-30,Energy,15,0.14025333333333334,0.4666666666666667,0.06666666666666667,0.4666666666666667,0.1346214285714286
2020-01-30,Financials,9,0.021988888888888888,0.1111111111111111,0.0,0.8888888888888888,0.03456111111111111
2020-01-30,Healthcare,16,0.09251875,0.25,0.0,0.75,0.17040454545454545
2020-01-30,Industrials,13,0.1685076923076923,0.38461538461538464,0.07692307692307693,0.5384615384615384,0.13516666666666666
2020-01-30,Materials,32,-0.044515625,0.03125,0.28125,0.6875,-0.03300801282051283
2020-01-30,RealEstate,7,0.0516,0.14285714285714285,0.0,0.8571428571428571,0.02408
2020-01-30,Tech,21,0.024652380952380953,0.2857142857142857,0.23809523809523808,0.47619047619047616,-0.04123333333333333
2020-01-30,Utilities,11,0.1343181818181818,0.6363636363636364,0.0,0.36363636363636365,0.21473166666666665
2020-01-31,Comm,15,-0.03218666666666667,0.13333333333333333,0.26666666666666666,0.6,-0.2358340909090909
2020-01-31,Consumer,25,0.082608,0.32,0.16,0.52,0.025244949494949494
2020-01-31,Energy,31,0.08332903225806453,0.3548387096774194,0.12903225806451613,0.5161290322580645,0.07983380952380953
2020-01-31,Financials,12,0.12689999999999999,0.4166666666666667,0.0,0.5833333333333334,0.11693928571428572
2020-01-31,Healthcare,25,0.156504,0.4,0.08,0.52,0.2794475
2020-01-31,Industrials,26,0.0106,0.2692307692307692,0.38461538461538464,0.34615384615384615,0.08330900000000001
2020-01-31,Materials,15,-0.010200000000000002,0.2,0.26666666666666666,0.5333333333333333,-0.004168333333333333
2020-01-31,RealEstate,4,0.18095,0.5,0.0,0.5,0.24126666666666666
2020-01-31,Tech,15,0.17360666666666666,0.6666666666666666,0.13333333333333333,0.2,0.22208194444444446
2020-01-31,Utilities,9,0.12765555555555555,0.3333333333333333,0.0,0.6666666666666666,0.14127499999999998
2020-02-03,Comm,21,0.1541857142857143,0.5714285714285714,0.19047619047619047,0.23809523809523808,0.1309225
2020-02-03,Consumer,39,0.09981025641025641,0.3333333333333333,0.10256410256410256,0.5641025641025641,0.14832285714285715
2020-02-03,Energy,25,-0.0028800000000000037,0.36,0.28,0.36,0.05148243589743588
2020-02-03,Financials,6,0.030666666666666665,0.16666666666666666,0.16666666666666666,0.6666666666666666,0.0962375
2020-02-03,Healthcare,51,0.12924117647058825,0.39215686274509803,0.09803921568627451,0.5098039215686274,0.11825192780337941
2020-02-03,Industrials,14,0.07005,0.42857142857142855,0.42857142857142855,0.14285714285714285,0.09446466666666667
2020-02-03,Materials,12,0.15518333333333334,0.4166666666666667,0.4166666666666667,0.16666666666666666,0.1773375
2020-02-03,RealEstate,3,0.11333333333333334,0.3333333333333333,0.0,0.6666666666666666,0.085
2020-02-03,Tech,11,0.1084909090909091,0.36363636363636365,0.09090909090909091,0.5454545454545454,0.09122777777777778
2020-02-03,Utilities,14,0.1628285714285714,0.6428571428571429,0.14285714285714285,0.21428571428571427,0.25201250000000003
2020-02-04,Comm,17,0.14227058823529412,0.5294117647058824,0.23529411764705882,0.23529411764705882,0.11257899999999998
2020-02-04,Consumer,52,0.1399269230769231,0.4230769230769231,0.038461538461538464,0.5384615384615384,0.1401240909090909
2020-02-04,Energy,20,0.05334,0.4,0.2,0.4,0.1017411111111111
2020-02-04,Financials,6,0.3552166666666667,0.8333333333333334,0.0,0.16666666666666666,0.3453875
2020-02-04,Healthcare,26,0.10331153846153847,0.34615384615384615,0.19230769230769232,0.46153846153846156,0.22772440476190475
2020-02-04,Industrials,11,0.15677272727272726,0.5454545454545454,0.18181818181818182,0.2727272727272727,0.19714791666666667
2020-02-04,Materials,7,0.07730000000000001,0.2857142857142857,0.14285714285714285,0.5714285714285714,0.0676375
2020-02-04,RealEstate,8,0.0808875,0.25,0.125,0.625,0.06497916666666667
2020-02-04,Tech,20,0.09253,0.45,0.25,0.3,0.07460800000000001
2020-02-04,Utilities,7,0.11567142857142856,0.42857142857142855,0.0,0.5714285714285714,0.1489375
2020-02-05,Comm,12,0.05936666666666667,0.3333333333333333,0.16666666666666666,0.5,-0.008172916666666662
2020-02-05,Consumer,43,0.0014162790697674434,0.13953488372093023,0.23255813953488372,0.627906976744186,0.018743749999999997
2020-02-05,Energy,18,0.4189444444444444,0.8333333333333334,0.0,0.16666666666666666,0.504522857142857
2020-02-05,Financials,4,-0.21815,0.0,0.5,0.5,-0.24533333333333332
2020-02-05,Healthcare,50,0.132496,0.34,0.08,0.58,0.16506785714285713
2020-02-05,Industrials,12,0.10939166666666666,0.3333333333333333,0.08333333333333333,0.5833333333333334,0.08364833333333332
2020-02-05,Materials,9,0.03862222222222222,0.2222222222222222,0.0,0.7777777777777778,0.08045
2020-02-05,RealEstate,3,0.0,0.0,0.0,1.0,0.0
2020-02-05,Tech,32,0.10073125,0.3125,0.03125,0.65625,0.10227187500000001
2020-02-05,Utilities,18,0.04018333333333333,0.3333333333333333,0.16666666666666666,0.5,0.03190333333333333
2020-02-06,Comm,19,0.11078947368421052,0.42105263157894735,0.10526315789473684,0.47368421052631576,0.06914000000000001
2020-02-06,Consumer,24,0.13807083333333334,0.4583333333333333,0.125,0.4166666666666667,0.16325416666666664
2020-02-06,Energy,11,0.1949,0.5454545454545454,0.0,0.45454545454545453,0.23407083333333334
2020-02-06,Financials,11,0.2979909090909091,0.6363636363636364,0.0,0.36363636363636365,0.2713986666666667
2020-02-06,Healthcare,25,0.20896,0.44,0.08,0.48,0.22736007692307694
2020-02-06,Industrials,6,-0.012866666666666667,0.0,0.16666666666666666,0.8333333333333334,-0.012866666666666667
2020-02-06,Materials,14,0.09158571428571428,0.35714285714285715,0.07142857142857142,0.5714285714285714,0.06415138888888888
2020-02-06,RealEstate,7,0.3253714285714286,0.5714285714285714,0.0,0.42857142857142855,0.308725
2020-02-06,Tech,22,0.18451818181818183,0.4090909090909091,0.13636363636363635,0.45454545454545453,0.2868725
2020-02-06,Utilities,12,0.18895000000000003,0.5833333333333334,0.0,0.4166666666666667,0.18895
2020-02-07,Comm,13,0.06486153846153846,0.23076923076923078,0.07692307692307693,0.6923076923076923,0.04096999999999999
2020-02-07,Consumer,21,0.020990476190476188,0.14285714285714285,0.19047619047619047,0.6666666666666666,0.19973125
2020-02-07,Energy,14,0.21182857142857142,0.7142857142857143,0.0,0.2857142857142857,0.22275299999999998
2020-02-07,Financials,9,0.06042222222222223,0.3333333333333333,0.2222222222222222,0.4444444444444444,0.06998333333333333
2020-02-07,Healthcare,25,0.197832,0.44,0.04,0.52,0.27210303030303035
2020-02-07,Industrials,6,-0.0037499999999999942,0.16666666666666666,0.3333333333333333,0.5,-0.0022499999999999964
2020-02-07,Materials,9,-0.036133333333333344,0.2222222222222222,0.4444444444444444,0.3333333333333333,0.012288888888888886
2020-02-07,RealEstate,3,0.0,0.0,0.0,1.0,0.0
2020-02-07,Tech,13,0.27106153846153846,0.6153846153846154,0.15384615384615385,0.23076923076923078,0.1875942857142857
2020-02-07,Utilities,11,0.15754545454545454,0.2727272727272727,0.09090909090909091,0.6363636363636364,0.17757291666666666
2020-02-10,Comm,20,0.11607,0.3,0.0,0.7,0.11424999999999999
2020-02-10,Consumer,37,-0.018786486486486488,0.10810810810810811,0.1891891891891892,0.7027027027027027,-0.006942857142857142
2020-02-10,Energy,11,0.011418181818181822,0.6363636363636364,0.2727272727272727,0.09090909090909091,0.05099333333333335
2020-02-10,Financials,6,0.31679999999999997,0.6666666666666666,0.0,0.3333333333333333,0.2404611111111111
2020-02-10,Healthcare,25,0.061040000000000004,0.32,0.08,0.6,0.024887499999999996
2020-02-10,Industrials,19,0.04413684210526316,0.3157894736842105,0.2631578947368421,0.42105263157894735,0.10722916666666667
2020-02-10,Materials,7,0.14667142857142856,0.42857142857142855,0.2857142857142857,0.2857142857142857,0.23231333333333332
2020-02-10,RealEstate,13,0.1156076923076923,0.3076923076923077,0.0,0.6923076923076923,0.10565833333333333
2020-02-10,Tech,24,0.20057083333333334,0.4583333333333333,0.041666666666666664,0.5,0.15818833333333335
2020-02-10,Utilities,10,0.15145,0.4,0.1,0.5,0.14358125
2020-02-11,Comm,24,0.13359583333333333,0.5,0.20833333333333334,0.2916666666666667,-0.032639117647058805
2020-02-11,Consumer,28,0.15612142857142855,0.5,0.10714285714285714,0.39285714285714285,0.04548616666666667
2020-02-11,Energy,21,0.09065714285714285,0.42857142857142855,0.19047619047619047,0.38095238095238093,0.09527314285714285
2020-02-11,Financials,11,0.24335454545454543,0.45454545454545453,0.0,0.5454545454545454,0.3256089285714286
2020-02-11,Healthcare,17,0.05787647058823529,0.4117647058823529,0.17647058823529413,0.4117647058823529,-0.006330555555555543
2020-02-11,Industrials,7,-0.04295714285714285,0.2857142857142857,0.2857142857142857,0.42857142857142855,-0.008904166666666657
2020-02-11,Materials,14,0.07332857142857144,0.2857142857142857,0.07142857142857142,0.6428571428571429,0.11732800000000002
2020-02-11,RealEstate,14,0.10911428571428572,0.21428571428571427,0.14285714285714285,0.6428571428571429,0.07745555555555557
2020-02-11,Tech,28,0.0790107142857143,0.42857142857142855,0.2857142857142857,0.2857142857142857,0.04540538961038962
2020-02-11,Utilities,26,0.2850346153846154,0.6923076923076923,0.038461538461538464,0.2692307692307692,0.21769464285714285
2020-02-12,Comm,18,0.14704444444444442,0.5,0.1111111111111111,0.3888888888888889,0.15365222222222222
2020-02-12,Consumer,26,0.08118846153846154,0.4230769230769231,0.11538461538461539,0.46153846153846156,0.05834264705882353
2020-02-12,Energy,17,0.10932941176470588,0.47058823529411764,0.11764705882352941,0.4117647058823529,0.03376749999999999
2020-02-12,Financials,6,0.13443333333333335,0.3333333333333333,0.0,0.6666666666666666,0.06721666666666666
2020-02-12,Healthcare,15,0.13079999999999997,0.4666666666666667,0.2,0.3333333333333333,0.20110104166666665
2020-02-12,Industrials,7,0.08791428571428571,0.42857142857142855,0.0,0.5714285714285714,0.07436000000000001
2020-02-12,Materials,4,0.074,0.25,0.0,0.75,0.074
2020-02-12,RealEstate,5,0.31277999999999995,0.6,0.0,0.4,0.31738333333333335
2020-02-12,Tech,15,0.01948,0.26666666666666666,0.2,0.5333333333333333,0.0133675
2020-02-12,Utilities,17,0.19036470588235294,0.5294117647058824,0.058823529411764705,0.4117647058823529,0.34718194444444445
2020-02-13,Comm,20,0.09333,0.25,0.0,0.75,0.09172261904761905
2020-02-13,Consumer,37,0.035513513513513506,0.24324324324324326,0.13513513513513514,0.6216216216216216,-0.013982245098039225
2020-02-13,Energy,22,0.08940454545454546,0.36363636363636365,0.09090909090909091,0.5454545454545454,0.121615625
2020-02-13,Financials,12,0.08479999999999999,0.4166666666666667,0.08333333333333333,0.5,0.08528
2020-02-13,Healthcare,14,0.08452857142857143,0.21428571428571427,0.0,0.7857142857142857,0.08153333333333333
2020-02-13,Industrials,14,0.05344285714285714,0.2857142857142857,0.14285714285714285,0.5714285714285714,0.0353375
2020-02-13,Materials,13,0.05996153846153847,0.23076923076923078,0.15384615384615385,0.6153846153846154,0.045804761904761904
2020-02-13,RealEstate,12,0.16086666666666669,0.4166666666666667,0.0,0.5833333333333334,0.138515
2020-02-13,Tech,19,-0.0478,0.05263157894736842,0.15789473684210525,0.7894736842105263,-0.046186363636363637
2020-02-13,Utilities,28,0.26308928571428575,0.6785714285714286,0.0,0.32142857142857145,0.2005325
2020-02-14,Comm,1,0.6249,1.0,0.0,0.0,0.6249
2020-02-14,Consumer,23,0.00513913043478261,0.21739130434782608,0.17391304347826086,0.6086956521739131,-0.05277816666666666
2020-02-14,Energy,12,0.10316666666666667,0.4166666666666667,0.08333333333333333,0.5,0.113125
2020-02-14,Financials,7,0.14668571428571428,0.2857142857142857,0.0,0.7142857142857143,0.2034
2020-02-14,Healthcare,7,0.2882285714285714,0.7142857142857143,0.14285714285714285,0.14285714285714285,0.3236875
2020-02-14,Industrials,13,0.24696923076923077,0.6153846153846154,0.23076923076923078,0.15384615384615385,0.19194499999999998
2020-02-14,Materials,10,0.009360000000000002,0.2,0.2,0.6,-0.027325
2020-02-14,RealEstate,9,0.17856666666666665,0.3333333333333333,0.0,0.6666666666666666,0.11865
2020-02-14,Tech,45,0.08648888888888889,0.28888888888888886,0.1111111111111111,0.6,0.024656586021505375
2020-02-14,Utilities,19,0.19264736842105265,0.47368421052631576,0.05263157894736842,0.47368421052631576,0.158316875
2020-02-18,Comm,23,0.06699565217391305,0.5217391304347826,0.2608695652173913,0.21739130434782608,0.04021809523809524
2020-02-18,Consumer,54,0.04756666666666667,0.25925925925925924,0.12962962962962962,0.6111111111111112,0.19439710317460318
2020-02-18,Energy,22,0.11704090909090908,0.36363636363636365,0.045454545454545456,0.5909090909090909,0.14617833333333333
2020-02-18,Financials,20,-0.016914999999999996,0.15,0.2,0.65,-0.005482857142857142
2020-02-18,Healthcare,30,0.07485333333333334,0.36666666666666664,0.1,0.5333333333333333,0.11268976715686274
2020-02-18,Industrials,5,0.007639999999999999,0.0,0.0,1.0,0.006366666666666666
2020-02-18,Materials,24,0.1279125,0.375,0.08333333333333333,0.5416666666666666,0.12242444444444445
2020-02-18,RealEstate,14,0.1467857142857143,0.42857142857142855,0.0,0.5714285714285714,0.1324125
2020-02-18,Tech,28,0.07110357142857143,0.2857142857142857,0.10714285714285714,0.6071428571428571,-0.04732047619047619
2020-02-18,Utilities,33,0.2772242424242424,0.6666666666666666,0.06060606060606061,0.2727272727272727,0.27051180555555554
2020-02-19,Comm,7,0.17224285714285714,0.42857142857142855,0.0,0.5714285714285714,0.18420416666666664
2020-02-19,Consumer,20,0.16441,0.45,0.1,0.45,0.1574477142857143
2020-02-19,Energy,9,0.23321111111111112,0.7777777777777778,0.0,0.2222222222222222,0.24769583333333334
2020-02-19,Financials,8,0.074925,0.125,0.0,0.875,0.04995
2020-02-19,Healthcare,19,0.13834736842105264,0.47368421052631576,0.10526315789473684,0.42105263157894735,0.24066722222222223
2020-02-19,Industrials,6,0.1931166666666667,0.5,0.16666666666666666,0.3333333333333333,0.22269166666666668
2020-02-19,Materials,8,0.037,0.125,0.0,0.875,0.024666666666666667
2020-02-19,RealEstate,11,0.0,0.0,0.0,1.0,0.0
2020-02-19,Tech,28,-0.012585714285714289,0.10714285714285714,0.17857142857142858,0.7142857142857143,-0.012978253968253972
2020-02-19,Utilities,13,0.23123846153846153,0.6923076923076923,0.0,0.3076923076923077,0.17388181818181817
2020-02-20,Comm,15,0.10535333333333333,0.4666666666666667,0.2,0.3333333333333333,0.06464166666666667
2020-02-20,Consumer,18,-0.015472222222222227,0.16666666666666666,0.16666666666666666,0.6666666666666666,0.06387014285714285
2020-02-20,Energy,8,0.24988749999999998,0.625,0.0,0.375,0.285525
2020-02-20,Financials,43,0.13509302325581396,0.3953488372093023,0.023255813953488372,0.5813953488372093,0.1831048611111111
2020-02-20,Healthcare,11,0.11242727272727272,0.5454545454545454,0.2727272727272727,0.18181818181818182,0.11158999999999998
2020-02-20,Industrials,10,0.15941,0.4,0.0,0.6,0.08627083333333334
2020-02-20,Materials,18,0.10053888888888889,0.3333333333333333,0.05555555555555555,0.6111111111111112,0.07668787878787879
2020-02-20,RealEstate,13,0.06945384615384616,0.3076923076923077,0.0,0.6923076923076923,0.05811708333333333
2020-02-20,Tech,30,0.049466666666666666,0.26666666666666666,0.13333333333333333,0.6,0.041481333333333335
2020-02-20,Utilities,27,0.09205555555555556,0.2962962962962963,0.1111111111111111,0.5925925925925926,0.10578635897435898
2020-02-21,Comm,7,-0.07791428571428571,0.0,0.42857142857142855,0.5714285714285714,-0.06630555555555556
2020-02-21,Consumer,22,0.09227727272727272,0.4090909090909091,0.09090909090909091,0.5,0.08548472222222223
2020-02-21,Energy,15,0.06653333333333333,0.4666666666666667,0.3333333333333333,0.2,0.07205833333333334
2020-02-21,Financials,19,0.1901315789473684,0.631578947368421,0.21052631578947367,0.15789473684210525,0.2816715
2020-02-21,Healthcare,14,0.17519285714285715,0.5,0.14285714285714285,0.35714285714285715,0.07995625
2020-02-21,Industrials,7,0.10778571428571428,0.42857142857142855,0.2857142857142857,0.2857142857142857,0.11362999999999998
2020-02-21,Materials,9,0.07141111111111112,0.2222222222222222,0.0,0.7777777777777778,0.14083333333333334
2020-02-21,RealEstate,5,0.039580000000000004,0.2,0.2,0.6,0.024737500000000003
2020-02-21,Tech,16,-0.0866125,0.1875,0.25,0.5625,-0.2589611428571429
2020-02-21,Utilities,10,0.39232,0.8,0.0,0.2,0.39232
2020-02-24,Comm,10,0.08485,0.2,0.0,0.8,0.04713888888888889
2020-02-24,Consumer,28,-0.012296428571428573,0.21428571428571427,0.14285714285714285,0.6428571428571429,-0.0021578571428571445
2020-02-24,Energy,24,-0.024137500000000003,0.2916666666666667,0.20833333333333334,0.5,-0.14663821428571427
2020-02-24,Financials,15,0.0035200000000000045,0.26666666666666666,0.2,0.5333333333333333,-0.001976666666666663
2020-02-24,Healthcare,28,0.10665714285714287,0.2857142857142857,0.03571428571428571,0.6785714285714286,0.1128396638655462
2020-02-24,Industrials,21,0.08941428571428572,0.38095238095238093,0.19047619047619047,0.42857142857142855,0.07081833333333334
2020-02-24,Materials,22,0.028768181818181825,0.2727272727272727,0.18181818181818182,0.5454545454545454,0.06621083333333334
2020-02-24,RealEstate,7,0.13772857142857142,0.42857142857142855,0.0,0.5714285714285714,0.08034166666666666
2020-02-24,Tech,24,0.008620833333333335,0.2916666666666667,0.2916666666666667,0.4166666666666667,-0.009185303030303033
2020-02-24,Utilities,13,0.08315384615384615,0.3076923076923077,0.07692307692307693,0.6153846153846154,0.056410666666666665
2020-02-25,Comm,5,0.07808000000000001,0.2,0.2,0.6,0.20084444444444446
2020-02-25,Consumer,29,0.08444827586206896,0.3448275862068966,0.13793103448275862,0.5172413793103449,0.16376858974358974
2020-02-25,Energy,17,0.017329411764705874,0.35294117647058826,0.35294117647058826,0.29411764705882354,-0.033855
2020-02-25,Financials,15,0.16087333333333334,0.5333333333333333,0.13333333333333333,0.3333333333333333,0.25816133333333335
2020-02-25,Healthcare,24,0.18072083333333333,0.5,0.08333333333333333,0.4166666666666667,0.19953
2020-02-25,Industrials,9,-0.01660000000000001,0.3333333333333333,0.3333333333333333,0.3333333333333333,-0.0011000000000000038
2020-02-25,Materials,6,0.03653333333333333,0.16666666666666666,0.16666666666666666,0.6666666666666666,0.047772222222222216
2020-02-25,RealEstate,18,0.054061111111111115,0.2222222222222222,0.1111111111111111,0.6666666666666666,0.034115625000000004
2020-02-25,Tech,15,0.01884666666666667,0.2,0.4666666666666667,0.3333333333333333,0.019905000000000006
2020-02-25,Utilities,12,0.23240000000000002,0.5,0.0,0.5,0.20475416666666665
2020-02-26,Comm,10,0.1739,0.4,0.1,0.5,0.15698333333333334
2020-02-26,Consumer,49,0.09048775510204082,0.32653061224489793,0.12244897959183673,0.5510204081632653,0.09767285714285714
2020-02-26,Energy,17,0.1346529411764706,0.35294117647058826,0.11764705882352941,0.5294117647058824,0.2228217142857143
2020-02-26,Financials,15,0.17864000000000002,0.4,0.0,0.6,0.16362933333333335
2020-02-26,Healthcare,32,0.10802812499999999,0.40625,0.15625,0.4375,0.0448771568627451
2020-02-26,Industrials,15,0.06340666666666667,0.26666666666666666,0.2,0.5333333333333333,0.0744388888888889
2020-02-26,Materials,4,0.056975000000000005,0.5,0.25,0.25,0.0717
2020-02-26,RealEstate,22,0.022704545454545453,0.18181818181818182,0.22727272727272727,0.5909090909090909,0.023012999999999995
2020-02-26,Tech,20,0.24730500000000002,0.45,0.1,0.45,0.2120025
2020-02-26,Utilities,5,0.16392,0.6,0.0,0.4,0.15936666666666666
2020-02-27,Comm,8,0.1239125,0.375,0.25,0.375,0.164925
2020-02-27,Consumer,30,0.09391,0.3333333333333333,0.26666666666666666,0.4,0.09610866666666666
2020-02-27,Energy,32,0.067784375,0.46875,0.375,0.15625,0.08371033333333333
2020-02-27,Financials,16,0.048600000000000004,0.3125,0.1875,0.5,0.07106000000000001
2020-02-27,Healthcare,37,0.0943945945945946,0.3783783783783784,0.13513513513513514,0.4864864864864865,0.03854799999999999
2020-02-27,Industrials,12,0.05853333333333333,0.3333333333333333,0.25,0.4166666666666667,0.14307916666666665
2020-02-27,Materials,12,-0.07108333333333333,0.08333333333333333,0.4166666666666667,0.5,0.06768035714285714
2020-02-27,RealEstate,19,0.14914736842105264,0.42105263157894735,0.05263157894736842,0.5263157894736842,0.12939333333333333
2020-02-27,Tech,24,-0.07652083333333333,0.16666666666666666,0.2916666666666667,0.5416666666666666,-0.090316
2020-02-27,Utilities,21,0.22705714285714287,0.5714285714285714,0.09523809523809523,0.3333333333333333,0.29736583333333333
2020-02-28,Comm,17,-0.037088235294117644,0.17647058823529413,0.23529411764705882,0.5882352941176471,-0.09630999999999999
2020-02-28,Consumer,26,-0.07814230769230769,0.19230769230769232,0.3076923076923077,0.5,-0.08106357142857142
2020-02-28,Energy,26,0.06932692307692308,0.46153846153846156,0.23076923076923078,0.3076923076923077,0.08607138888888889
2020-02-28,Financials,16,-0.00951250000000001,0.3125,0.375,0.3125,-0.044215625000000015
2020-02-28,Healthcare,27,-0.03354444444444445,0.4444444444444444,0.37037037037037035,0.18518518518518517,-0.024808000000000004
2020-02-28,Industrials,16,0.06338749999999999,0.4375,0.125,0.4375,0.10314374999999999
2020-02-28,Materials,8,-0.05811250000000001,0.125,0.5,0.375,0.12376944444444445
2020-02-28,RealEstate,19,-0.045626315789473695,0.21052631578947367,0.3684210526315789,0.42105263157894735,-0.002707777777777781
2020-02-28,Tech,9,0.16416666666666668,0.5555555555555556,0.2222222222222222,0.2222222222222222,0.2863
2020-02-28,Utilities,12,-0.06541666666666668,0.25,0.4166666666666667,0.3333333333333333,-0.049600000000000005
2020-03-02,Comm,17,0.09938823529411765,0.4117647058823529,0.11764705882352941,0.47058823529411764,0.12158333333333332
2020-03-02,Consumer,40,0.0639725,0.3,0.125,0.575,0.05835970085470086
2020-03-02,Energy,16,0.048468750000000005,0.375,0.25,0.375,0.05180625
2020-03-02,Financials,11,0.17951818181818183,0.36363636363636365,0.18181818181818182,0.45454545454545453,0.15655833333333335
2020-03-02,Healthcare,46,0.09999130434782608,0.41304347826086957,0.15217391304347827,0.43478260869565216,0.19403901785714286
2020-03-02,Industrials,8,-0.010724999999999998,0.125,0.125,0.75,-0.00715
2020-03-02,Materials,12,0.13486666666666666,0.4166666666666667,0.08333333333333333,0.5,0.031938333333333326
2020-03-02,RealEstate,14,0.18173571428571428,0.6428571428571429,0.07142857142857142,0.2857142857142857,0.15852444444444447
2020-03-02,Tech,20,0.07211,0.3,0.15,0.55,0.06786600000000001
2020-03-02,Utilities,13,0.19393846153846153,0.6153846153846154,0.23076923076923078,0.15384615384615385,0.22934666666666664
2020-03-03,Comm,11,0.09288181818181819,0.36363636363636365,0.18181818181818182,0.45454545454545453,0.050289999999999994
2020-03-03,Consumer,28,0.09055357142857143,0.4642857142857143,0.21428571428571427,0.32142857142857145,0.18419
2020-03-03,Energy,23,0.01183478260869565,0.43478260869565216,0.2608695652173913,0.30434782608695654,0.05448088888888889
2020-03-03,Financials,16,-0.050268749999999994,0.3125,0.4375,0.25,-0.08367833333333333
2020-03-03,Healthcare,19,0.17703684210526316,0.47368421052631576,0.0,0.5263157894736842,0.37418615384615384
2020-03-03,Industrials,5,0.18639999999999998,0.6,0.0,0.4,0.18
2020-03-03,Materials,8,0.1757625,0.375,0.125,0.5,0.16643
2020-03-03,RealEstate,6,0.20233333333333334,0.6666666666666666,0.16666666666666666,0.16666666666666666,0.15634166666666668
2020-03-03,Tech,24,0.09577083333333335,0.3333333333333333,0.20833333333333334,0.4583333333333333,0.002538000000000001
2020-03-03,Utilities,9,0.03674444444444444,0.3333333333333333,0.2222222222222222,0.4444444444444444,0.0071874999999999994
2020-03-04,Comm,7,0.07007142857142856,0.5714285714285714,0.2857142857142857,0.14285714285714285,0.12637083333333332
2020-03-04,Consumer,24,0.031112500000000005,0.3333333333333333,0.25,0.4166666666666667,0.13762444444444444
2020-03-04,Energy,19,0.25934210526315793,0.7368421052631579,0.05263157894736842,0.21052631578947367,0.22001666666666667
2020-03-04,Financials,14,0.1539714285714286,0.5714285714285714,0.0,0.42857142857142855,0.10631766666666667
2020-03-04,Healthcare,23,0.3469,0.6521739130434783,0.043478260869565216,0.30434782608695654,0.42545099999999997
2020-03-04,Industrials,20,0.061675,0.35,0.3,0.35,0.14631361904761903
2020-03-04,Materials,4,0.344975,0.75,0.0,0.25,0.29361666666666664
2020-03-04,RealEstate,7,0.3180714285714286,0.42857142857142855,0.14285714285714285,0.42857142857142855,0.4655500000000001
2020-03-04,Tech,18,0.3091111111111111,0.6111111111111112,0.05555555555555555,0.3333333333333333,0.3957859523809524
2020-03-04,Utilities,10,0.35277,0.5,0.2,0.3,0.5907116666666666
2020-03-05,Comm,10,0.14621,0.4,0.0,0.6,0.181035
2020-03-05,Consumer,27,0.05136666666666666,0.2962962962962963,0.18518518518518517,0.5185185185185185,0.07891594805194804
2020-03-05,Energy,20,0.006220000000000012,0.3,0.3,0.4,0.06623000000000001
2020-03-05,Financials,17,0.10143529411764705,0.35294117647058826,0.29411764705882354,0.35294117647058826,0.078685
2020-03-05,Healthcare,22,0.10830454545454545,0.45454545454545453,0.09090909090909091,0.45454545454545453,0.12682660256410255
2020-03-05,Industrials,12,0.11830833333333333,0.5,0.16666666666666666,0.3333333333333333,0.15390083333333332
2020-03-05,Materials,8,0.0654,0.25,0.0,0.75,0.07202222222222222
2020-03-05,RealEstate,3,0.3723666666666667,0.6666666666666666,0.0,0.3333333333333333,0.3723666666666667
2020-03-05,Tech,14,0.198,0.5,0.0,0.5,0.14698033333333332
2020-03-05,Utilities,7,0.03401428571428571,0.14285714285714285,0.14285714285714285,0.7142857142857143,0.09324166666666667
2020-03-06,Comm,6,0.09315,0.3333333333333333,0.16666666666666666,0.5,0.0698625
2020-03-06,Consumer,26,0.006434615384615387,0.3076923076923077,0.34615384615384615,0.34615384615384615,-0.03047081043956043
2020-03-06,Energy,29,-0.06114827586206896,0.4482758620689655,0.41379310344827586,0.13793103448275862,-0.0073595238095238045
2020-03-06,Financials,17,0.001929411764705879,0.4117647058823529,0.35294117647058826,0.23529411764705882,-0.0004887499999999961
2020-03-06,Healthcare,19,0.1485842105263158,0.5789473684210527,0.05263157894736842,0.3684210526315789,0.11019090909090908
2020-03-06,Industrials,9,0.07754444444444444,0.2222222222222222,0.0,0.7777777777777778,0.058158333333333326
2020-03-06,Materials,7,-0.08294285714285714,0.2857142857142857,0.42857142857142855,0.2857142857142857,-0.018600000000000005
2020-03-06,RealEstate,3,0.06743333333333333,0.3333333333333333,0.0,0.6666666666666666,0.050575
2020-03-06,Tech,25,0.065716,0.36,0.16,0.48,0.04415753846153846
2020-03-06,Utilities,12,0.18311666666666668,0.4166666666666667,0.0,0.5833333333333334,0.1729125
2020-03-09,Comm,16,-0.007587499999999997,0.1875,0.25,0.5625,-0.013662499999999998
2020-03-09,Consumer,31,0.050577419354838705,0.25806451612903225,0.16129032258064516,0.5806451612903226,0.05611935897435898
2020-03-09,Energy,54,-0.10090555555555555,0.2777777777777778,0.3148148148148148,0.4074074074074074,-0.09956684210526315
2020-03-09,Financials,25,0.18950399999999998,0.64,0.16,0.2,0.20983133333333334
2020-03-09,Healthcare,34,0.08331470588235294,0.3235294117647059,0.08823529411764706,0.5882352941176471,0.11973799999999998
2020-03-09,Industrials,13,-0.00683076923076923,0.46153846153846156,0.23076923076923078,0.3076923076923077,-0.098977
2020-03-09,Materials,17,0.06538823529411764,0.35294117647058826,0.17647058823529413,0.47058823529411764,0.06842916666666665
2020-03-09,RealEstate,7,0.0385,0.42857142857142855,0.2857142857142857,0.2857142857142857,0.13368750000000001
2020-03-09,Tech,21,-0.03224761904761904,0.38095238095238093,0.3333333333333333,0.2857142857142857,-0.11020666666666665
2020-03-09,Utilities,12,-0.22054166666666666,0.08333333333333333,0.5,0.4166666666666667,-0.21495416666666667
2020-03-10,Comm,18,-0.06936666666666666,0.1111111111111111,0.16666666666666666,0.7222222222222222,-0.044323999999999995
2020-03-10,Consumer,26,0.006600000000000003,0.19230769230769232,0.23076923076923078,0.5769230769230769,-0.01024626262626262
2020-03-10,Energy,48,0.00664583333333333,0.25,0.3125,0.4375,0.008469864734299514
2020-03-10,Financials,21,0.13994761904761904,0.5238095238095238,0.19047619047619047,0.2857142857142857,0.11389333333333332
2020-03-10,Healthcare,19,0.11613157894736843,0.47368421052631576,0.21052631578947367,0.3157894736842105,0.16528125
2020-03-10,Industrials,12,-0.11635,0.16666666666666666,0.4166666666666667,0.4166666666666667,-0.08950333333333334
2020-03-10,Materials,10,0.10493999999999999,0.4,0.2,0.4,0.07413541666666666
2020-03-10,RealEstate,3,0.09866666666666667,0.3333333333333333,0.0,0.6666666666666666,0.09866666666666667
2020-03-10,Tech,9,0.21157777777777775,0.6666666666666666,0.0,0.3333333333333333,0.272895
2020-03-10,Utilities,6,0.2763,0.6666666666666666,0.0,0.3333333333333333,0.27871250000000003
2020-03-11,Comm,9,0.14388888888888887,0.4444444444444444,0.1111111111111111,0.4444444444444444,0.027750000000000004
2020-03-11,Consumer,23,-0.03431739130434783,0.13043478260869565,0.30434782608695654,0.5652173913043478,-0.039951071428571426
2020-03-11,Energy,33,0.01939393939393939,0.48484848484848486,0.24242424242424243,0.2727272727272727,0.03261601190476191
2020-03-11,Financials,10,0.16499999999999998,0.5,0.0,0.5,0.18409
2020-03-11,Healthcare,22,0.23366363636363638,0.5,0.09090909090909091,0.4090909090909091,0.24613083333333333
2020-03-11,Industrials,14,0.09668571428571429,0.42857142857142855,0.21428571428571427,0.35714285714285715,0.19348095238095242
2020-03-11,Materials,21,0.10158095238095238,0.3333333333333333,0.23809523809523808,0.42857142857142855,0.1188277777777778
2020-03-11,RealEstate,7,0.2683285714285714,0.5714285714285714,0.2857142857142857,0.14285714285714285,0.30446
2020-03-11,Tech,17,0.12071176470588234,0.5882352941176471,0.23529411764705882,0.17647058823529413,0.07748833333333334
2020-03-11,Utilities,7,0.07952857142857143,0.2857142857142857,0.5714285714285714,0.14285714285714285,0.04209166666666667
2020-03-12,Comm,12,-0.008649999999999991,0.16666666666666666,0.3333333333333333,0.5,-0.00692
2020-03-12,Consumer,47,0.03233404255319149,0.2978723404255319,0.19148936170212766,0.5106382978723404,0.04935908888888889
2020-03-12,Energy,29,0.13505172413793104,0.4827586206896552,0.13793103448275862,0.3793103448275862,0.06268815789473683
2020-03-12,Financials,22,0.022045454545454545,0.22727272727272727,0.2727272727272727,0.5,0.00711619047619047
2020-03-12,Healthcare,21,-0.13356666666666667,0.14285714285714285,0.38095238095238093,0.47619047619047616,-0.14734066666666668
2020-03-12,Industrials,18,-0.1776888888888889,0.0,0.5555555555555556,0.4444444444444444,-0.17304999999999998
2020-03-12,Materials,11,-0.06397272727272728,0.18181818181818182,0.5454545454545454,0.2727272727272727,-0.08786000000000001
2020-03-12,RealEstate,6,0.043049999999999984,0.5,0.5,0.0,0.024137499999999992
2020-03-12,Tech,26,0.05384615384615384,0.3076923076923077,0.19230769230769232,0.5,-0.04570857142857144
2020-03-12,Utilities,26,0.01894615384615384,0.38461538461538464,0.3076923076923077,0.3076923076923077,0.0020351190476190426
2020-03-13,Comm,16,0.10541249999999999,0.5625,0.0625,0.375,0.13042166666666666
2020-03-13,Consumer,31,-0.00679677419354839,0.1935483870967742,0.16129032258064516,0.6451612903225806,0.059662037037037034
2020-03-13,Energy,30,0.09473,0.5666666666666667,0.13333333333333333,0.3,0.2084266106442577
2020-03-13,Financials,15,-0.17792,0.0,0.4666666666666667,0.5333333333333333,-0.1996966666666667
2020-03-13,Healthcare,15,-0.03353333333333334,0.2,0.26666666666666666,0.5333333333333333,0.009949999999999994
2020-03-13,Industrials,9,0.026922222222222222,0.2222222222222222,0.2222222222222222,0.5555555555555556,0.04446
2020-03-13,Materials,6,0.08731666666666667,0.3333333333333333,0.16666666666666666,0.5,0.1404111111111111
2020-03-13,RealEstate,6,0.148,0.5,0.0,0.5,0.148
2020-03-13,Tech,37,0.05834594594594594,0.32432432432432434,0.1891891891891892,0.4864864864864865,-0.011568928571428577
2020-03-13,Utilities,7,0.15891428571428573,0.42857142857142855,0.0,0.5714285714285714,0.1466625
2020-03-16,Comm,28,0.013149999999999993,0.2857142857142857,0.35714285714285715,0.35714285714285715,-0.015389166666666662
2020-03-16,Consumer,54,-0.11215925925925925,0.07407407407407407,0.35185185185185186,0.5740740740740741,-0.13602125724637681
2020-03-16,Energy,42,-0.026347619047619047,0.23809523809523808,0.40476190476190477,0.35714285714285715,0.0006908431372549013
2020-03-16,Financials,25,-0.05973199999999999,0.28,0.32,0.4,-0.05933083333333333
2020-03-16,Healthcare,21,0.01788571428571429,0.23809523809523808,0.23809523809523808,0.5238095238095238,0.00537166666666667
2020-03-16,Industrials,23,0.05222608695652174,0.391304347826087,0.2608695652173913,0.34782608695652173,0.060704999999999995
2020-03-16,Materials,13,0.047430769230769214,0.3076923076923077,0.38461538461538464,0.3076923076923077,-0.004050000000000019
2020-03-16,RealEstate,13,0.053761538461538465,0.3076923076923077,0.15384615384615385,0.5384615384615384,0.06238229166666666
2020-03-16,Tech,26,0.014930769230769235,0.2692307692307692,0.23076923076923078,0.5,-0.10528666666666667
2020-03-16,Utilities,17,0.2375235294117647,0.6470588235294118,0.23529411764705882,0.11764705882352941,0.24945047619047617
2020-03-17,Comm,17,0.07985294117647058,0.29411764705882354,0.11764705882352941,0.5882352941176471,0.06483249999999999
2020-03-17,Consumer,36,0.031936111111111117,0.2777777777777778,0.25,0.4722222222222222,0.051671619047619056
2020-03-17,Energy,18,-0.028772222222222223,0.4444444444444444,0.3333333333333333,0.2222222222222222,0.025996000000000002
2020-03-17,Financials,15,-0.05712,0.13333333333333333,0.26666666666666666,0.6,-0.11708
2020-03-17,Healthcare,20,0.2287,0.55,0.05,0.4,0.31710000000000005
2020-03-17,Industrials,14,0.03927142857142857,0.21428571428571427,0.14285714285714285,0.6428571428571429,0.0031611111111111076
2020-03-17,Materials,11,0.22683636363636364,0.5454545454545454,0.0,0.45454545454545453,0.17584722222222224
2020-03-17,RealEstate,5,0.18862,0.4,0.0,0.6,0.1837
2020-03-17,Tech,21,0.0981095238095238,0.38095238095238093,0.19047619047619047,0.42857142857142855,0.12160083333333334
2020-03-17,Utilities,7,0.2514142857142857,0.8571428571428571,0.0,0.14285714285714285,0.23060833333333336
2020-03-18,Comm,11,0.06863636363636365,0.36363636363636365,0.09090909090909091,0.5454545454545454,-0.03310499999999999
2020-03-18,Consumer,35,-0.027625714285714285,0.22857142857142856,0.3142857142857143,0.45714285714285713,0.03006417027417029
2020-03-18,Energy,29,0.011720689655172416,0.41379310344827586,0.3103448275862069,0.27586206896551724,0.018742857142857148
2020-03-18,Financials,13,0.07137692307692309,0.46153846153846156,0.23076923076923078,0.3076923076923077,0.033416666666666664
2020-03-18,Healthcare,25,0.134236,0.44,0.12,0.44,0.09468541666666667
2020-03-18,Industrials,17,-0.03510588235294116,0.35294117647058826,0.35294117647058826,0.29411764705882354,-0.004995238095238097
2020-03-18,Materials,7,-0.03391428571428572,0.14285714285714285,0.14285714285714285,0.7142857142857143,-0.039566666666666674
2020-03-18,RealEstate,4,0.0,0.0,0.0,1.0,0.0
2020-03-18,Tech,21,-0.01028095238095238,0.2857142857142857,0.2857142857142857,0.42857142857142855,-0.10072952380952382
2020-03-18,Utilities,6,0.32,0.8333333333333334,0.0,0.16666666666666666,0.31138750000000004
2020-03-19,Comm,14,0.016164285714285714,0.42857142857142855,0.2857142857142857,0.2857142857142857,0.03651833333333333
2020-03-19,Consumer,34,0.019361764705882353,0.23529411764705882,0.17647058823529413,0.5882352941176471,0.021880500000000004
2020-03-19,Energy,15,-0.11906,0.13333333333333333,0.4,0.4666666666666667,-0.058077500000000004
2020-03-19,Financials,10,-0.22765,0.3,0.7,0.0,-0.22874166666666665
2020-03-19,Healthcare,24,0.1413625,0.5833333333333334,0.20833333333333334,0.20833333333333334,0.1559375
2020-03-19,Industrials,16,0.013093749999999998,0.25,0.3125,0.4375,0.020477777777777775
2020-03-19,Materials,13,0.050392307692307695,0.46153846153846156,0.23076923076923078,0.3076923076923077,0.14099333333333333
2020-03-19,RealEstate,5,0.24842,0.6,0.2,0.2,0.21692222222222224
2020-03-19,Tech,19,-0.10549473684210527,0.10526315789473684,0.47368421052631576,0.42105263157894735,-0.10737666666666665
2020-03-19,Utilities,6,0.20263333333333333,0.5,0.16666666666666666,0.3333333333333333,0.23957777777777778
2020-03-20,Comm,6,0.04658333333333333,0.3333333333333333,0.0,0.6666666666666666,0.023291666666666665
2020-03-20,Consumer,54,0.06371296296296297,0.3148148148148148,0.2037037037037037,0.48148148148148145,0.046295396103896116
2020-03-20,Energy,29,-0.09707931034482757,0.41379310344827586,0.41379310344827586,0.1724137931034483,-0.10680738461538461
2020-03-20,Financials,12,-0.07465833333333334,0.08333333333333333,0.25,0.6666666666666666,-0.05972666666666667
2020-03-20,Healthcare,19,0.054773684210526315,0.3684210526315789,0.2631578947368421,0.3684210526315789,0.07375416666666666
2020-03-20,Industrials,19,0.10448421052631579,0.3684210526315789,0.15789473684210525,0.47368421052631576,0.13310619047619046
2020-03-20,Materials,5,0.12738,0.2,0.0,0.8,0.10615000000000001
2020-03-20,RealEstate,7,0.1604142857142857,0.42857142857142855,0.14285714285714285,0.42857142857142855,0.082725
2020-03-20,Tech,20,0.16716,0.3,0.1,0.6,0.19086
2020-03-20,Utilities,10,0.15223,0.4,0.1,0.5,0.11968958333333332
2020-03-23,Comm,28,0.13156071428571428,0.39285714285714285,0.21428571428571427,0.39285714285714285,0.16331284415584416
2020-03-23,Consumer,64,0.03988125,0.25,0.203125,0.546875,0.05063993281228574
2020-03-23,Energy,26,-0.1638269230769231,0.15384615384615385,0.4230769230769231,0.4230769230769231,-0.13521555555555556
2020-03-23,Financials,18,-0.011744444444444446,0.2222222222222222,0.2222222222222222,0.5555555555555556,-0.02157
2020-03-23,Healthcare,30,0.06008,0.3,0.13333333333333333,0.5666666666666667,0.055805411255411254
2020-03-23,Industrials,23,-0.06715652173913043,0.30434782608695654,0.43478260869565216,0.2608695652173913,0.012568333333333325
2020-03-23,Materials,15,0.17576666666666665,0.5333333333333333,0.13333333333333333,0.3333333333333333,0.17433285714285712
2020-03-23,RealEstate,7,0.08274285714285713,0.2857142857142857,0.42857142857142855,0.2857142857142857,0.05378749999999999
2020-03-23,Tech,12,0.12793333333333332,0.5833333333333334,0.16666666666666666,0.25,0.18370166666666665
2020-03-23,Utilities,21,-0.0036380952380952536,0.3333333333333333,0.38095238095238093,0.2857142857142857,-0.018350357142857154
2020-03-24,Comm,18,0.11122777777777777,0.4444444444444444,0.2222222222222222,0.3333333333333333,0.2189259523809524
2020-03-24,Consumer,43,0.1655279069767442,0.3953488372093023,0.09302325581395349,0.5116279069767442,0.1969957326007326
2020-03-24,Energy,31,0.13011935483870968,0.41935483870967744,0.22580645161290322,0.3548387096774194,0.11338933333333331
2020-03-24,Financials,7,0.31497142857142857,0.5714285714285714,0.14285714285714285,0.2857142857142857,0.39868000000000003
2020-03-24,Healthcare,15,0.10125333333333333,0.4,0.2,0.4,0.27379619047619047
2020-03-24,Industrials,27,0.09224444444444443,0.37037037037037035,0.18518518518518517,0.4444444444444444,0.2409971111111111
2020-03-24,Materials,7,0.23407142857142857,0.5714285714285714,0.2857142857142857,0.14285714285714285,0.31854
2020-03-24,RealEstate,9,0.07892222222222223,0.3333333333333333,0.1111111111111111,0.5555555555555556,0.06564375
2020-03-24,Tech,25,0.3045,0.6,0.08,0.32,0.43833520833333334
2020-03-24,Utilities,4,0.271975,0.75,0.0,0.25,0.38545
2020-03-25,Comm,15,0.16664,0.4,0.0,0.6,0.17759866666666665
2020-03-25,Consumer,41,0.16704146341463413,0.4634146341463415,0.12195121951219512,0.4146341463414634,0.17013257142857144
2020-03-25,Energy,22,0.18783181818181818,0.5454545454545454,0.13636363636363635,0.3181818181818182,0.21201111111111112
2020-03-25,Financials,13,-0.015207692307692307,0.15384615384615385,0.3076923076923077,0.5384615384615384,0.021131250000000004
2020-03-25,Healthcare,24,0.11007083333333334,0.3333333333333333,0.125,0.5416666666666666,0.18096380952380953
2020-03-25,Industrials,14,0.09174285714285714,0.21428571428571427,0.0,0.7857142857142857,0.07593125
2020-03-25,Materials,5,0.09878,0.2,0.0,0.8,0.123475
2020-03-25,RealEstate,6,0.1014,0.3333333333333333,0.16666666666666666,0.5,0.07693333333333334
2020-03-25,Tech,10,0.06451,0.3,0.2,0.5,0.0363425
2020-03-25,Utilities,9,0.3529111111111111,0.8888888888888888,0.0,0.1111111111111111,0.3668125
2020-03-26,Comm,13,0.11303076923076921,0.3076923076923077,0.23076923076923078,0.46153846153846156,0.12920166666666666
2020-03-26,Consumer,33,0.08882121212121213,0.36363636363636365,0.15151515151515152,0.48484848484848486,0.0860754761904762
2020-03-26,Energy,17,0.13861176470588235,0.6470588235294118,0.11764705882352941,0.23529411764705882,0.175266
2020-03-26,Financials,17,0.2026764705882353,0.5294117647058824,0.17647058823529413,0.29411764705882354,0.21854800000000002
2020-03-26,Healthcare,19,0.1344,0.47368421052631576,0.10526315789473684,0.42105263157894735,0.26740909090909093
2020-03-26,Industrials,19,0.10041578947368421,0.3157894736842105,0.10526315789473684,0.5789473684210527,0.1879857142857143
2020-03-26,Materials,14,0.07110714285714285,0.35714285714285715,0.14285714285714285,0.5,0.12073833333333332
2020-03-26,RealEstate,10,0.23738,0.5,0.0,0.5,0.38674166666666665
2020-03-26,Tech,20,0.098815,0.4,0.25,0.35,0.293434
2020-03-26,Utilities,13,0.14983846153846156,0.6153846153846154,0.15384615384615385,0.23076923076923078,0.12445000000000002
2020-03-27,Comm,11,0.20091818181818183,0.45454545454545453,0.18181818181818182,0.36363636363636365,0.18954888888888888
2020-03-27,Consumer,33,0.09048181818181818,0.36363636363636365,0.18181818181818182,0.45454545454545453,0.04583217948717948
2020-03-27,Energy,23,0.16962608695652173,0.43478260869565216,0.17391304347826086,0.391304347826087,0.28984471428571423
2020-03-27,Financials,18,0.2601555555555556,0.5555555555555556,0.2777777777777778,0.16666666666666666,0.15099666666666667
2020-03-27,Healthcare,11,0.21191818181818184,0.36363636363636365,0.0,0.6363636363636364,0.2887766666666667
2020-03-27,Industrials,21,0.17055714285714285,0.42857142857142855,0.19047619047619047,0.38095238095238093,0.22001666666666667
2020-03-27,Materials,3,0.3453333333333333,0.6666666666666666,0.0,0.3333333333333333,0.32342499999999996
2020-03-27,RealEstate,4,0.439875,0.75,0.0,0.25,0.5041833333333333
2020-03-27,Tech,13,0.3547615384615384,0.6153846153846154,0.0,0.38461538461538464,0.3283
2020-03-27,Utilities,12,0.501925,0.8333333333333334,0.0,0.16666666666666666,0.4932744444444444
2020-03-30,Comm,15,0.22336666666666666,0.4666666666666667,0.13333333333333333,0.4,0.22887375000000001
2020-03-30,Consumer,35,0.049740000000000006,0.2571428571428571,0.22857142857142856,0.5142857142857142,0.06934949122807017
2020-03-30,Energy,20,0.08373,0.55,0.25,0.2,0.12272133333333332
2020-03-30,Financials,14,-0.12402142857142857,0.21428571428571427,0.5714285714285714,0.21428571428571427,-0.18326533333333334
2020-03-30,Healthcare,34,0.10877058823529412,0.38235294117647056,0.08823529411764706,0.5294117647058824,0.14428057142857142
2020-03-30,Industrials,22,0.033131818181818186,0.2727272727272727,0.13636363636363635,0.5909090909090909,0.01895561904761905
2020-03-30,Materials,10,0.21497000000000002,0.5,0.1,0.4,0.03359833333333334
2020-03-30,RealEstate,10,0.26669,0.7,0.1,0.2,0.33160625
2020-03-30,Tech,9,0.023833333333333342,0.6666666666666666,0.3333333333333333,0.0,0.07616666666666666
2020-03-30,Utilities,14,0.17685714285714285,0.42857142857142855,0.07142857142857142,0.5,0.16967232142857144
2020-03-31,Comm,6,0.13063333333333335,0.3333333333333333,0.0,0.6666666666666666,0.20055555555555557
2020-03-31,Consumer,12,0.018699999999999994,0.25,0.16666666666666666,0.5833333333333334,-0.023837333333333356
2020-03-31,Energy,19,-0.0009052631578947383,0.47368421052631576,0.3684210526315789,0.15789473684210525,0.006620833333333331
2020-03-31,Financials,7,0.009942857142857142,0.2857142857142857,0.14285714285714285,0.5714285714285714,0.030061111111111108
2020-03-31,Healthcare,18,0.06922222222222224,0.3333333333333333,0.2222222222222222,0.4444444444444444,0.03811488095238096
2020-03-31,Industrials,22,0.0501590909090909,0.2727272727272727,0.18181818181818182,0.5454545454545454,0.04034666666666666
2020-03-31,Materials,13,0.24193076923076925,0.5384615384615384,0.07692307692307693,0.38461538461538464,0.224695
2020-03-31,RealEstate,10,-0.05302999999999999,0.5,0.5,0.0,-0.17301875
2020-03-31,Tech,18,-0.004761111111111105,0.2777777777777778,0.3888888888888889,0.3333333333333333,0.018877333333333322
2020-03-31,Utilities,12,-0.17794166666666666,0.25,0.4166666666666667,0.3333333333333333,-0.17609375
2020-04-01,Comm,21,0.08778095238095238,0.2857142857142857,0.09523809523809523,0.6190476190476191,0.07680833333333334
2020-04-01,Consumer,30,0.06762,0.3,0.23333333333333334,0.4666666666666667,0.1795776666666667
2020-04-01,Energy,26,0.03361153846153847,0.4230769230769231,0.34615384615384615,0.23076923076923078,-0.05197047619047618
2020-04-01,Financials,20,-0.11606500000000002,0.25,0.4,0.35,0.046317904761904755
2020-04-01,Healthcare,13,0.13954615384615385,0.46153846153846156,0.23076923076923078,0.3076923076923077,0.05775833333333334
2020-04-01,Industrials,15,0.05325333333333335,0.26666666666666666,0.2,0.5333333333333333,-0.030884999999999982
2020-04-01,Materials,14,-0.016099999999999996,0.2857142857142857,0.2857142857142857,0.42857142857142855,0.05939333333333333
2020-04-01,RealEstate,6,0.11248333333333334,0.5,0.16666666666666666,0.3333333333333333,-0.04467777777777774
2020-04-01,Tech,6,0.05930000000000002,0.3333333333333333,0.3333333333333333,0.3333333333333333,0.11331000000000002
2020-04-01,Utilities,12,-0.00708333333333333,0.25,0.3333333333333333,0.4166666666666667,-0.05755833333333332
2020-04-02,Comm,10,-0.11654,0.1,0.5,0.4,-0.09556
2020-04-02,Consumer,35,0.028337142857142856,0.3142857142857143,0.22857142857142856,0.45714285714285713,0.0435275
2020-04-02,Energy,39,-0.006274358974358976,0.23076923076923078,0.3076923076923077,0.46153846153846156,-0.044638179487179484
2020-04-02,Financials,16,0.0952625,0.3125,0.25,0.4375,0.04325633333333333
2020-04-02,Healthcare,27,0.1894851851851852,0.5185185185185185,0.18518518518518517,0.2962962962962963,0.11523071428571427
2020-04-02,Industrials,19,-0.029347368421052632,0.10526315789473684,0.21052631578947367,0.6842105263157895,-0.015741111111111112
2020-04-02,Materials,12,0.09469166666666666,0.3333333333333333,0.25,0.4166666666666667,0.06322777777777777
2020-04-02,RealEstate,7,-0.06288571428571428,0.14285714285714285,0.2857142857142857,0.5714285714285714,-0.039025
2020-04-02,Tech,7,0.08585714285714284,0.5714285714285714,0.14285714285714285,0.2857142857142857,0.17213125
2020-04-02,Utilities,4,0.044075,0.5,0.25,0.25,0.07491666666666667
2020-04-03,Comm,16,0.15645,0.4375,0.1875,0.375,0.2131947619047619
2020-04-03,Consumer,32,0.0061906249999999965,0.25,0.21875,0.53125,0.013900520833333332
2020-04-03,Energy,42,0.04881666666666667,0.40476190476190477,0.21428571428571427,0.38095238095238093,-0.018312380952380948
2020-04-03,Financials,17,0.03108235294117647,0.4117647058823529,0.29411764705882354,0.29411764705882354,0.09006214285714284
2020-04-03,Healthcare,14,0.22895714285714286,0.6428571428571429,0.07142857142857142,0.2857142857142857,0.24129722222222225
2020-04-03,Industrials,44,-0.05797727272727273,0.38636363636363635,0.3409090909090909,0.2727272727272727,-0.2088713492063492
2020-04-03,Materials,4,0.064425,0.25,0.0,0.75,0.08589999999999999
2020-04-03,RealEstate,3,0.2779666666666667,0.6666666666666666,0.0,0.3333333333333333,0.20847500000000002
2020-04-03,Tech,12,-0.08913333333333333,0.4166666666666667,0.3333333333333333,0.25,-0.21993333333333337
2020-04-03,Utilities,6,0.25053333333333333,0.5,0.0,0.5,0.27299999999999996
2020-04-06,Comm,16,0.30491250000000003,0.5625,0.0625,0.375,0.31067916666666673
2020-04-06,Consumer,59,0.1468,0.4576271186440678,0.0847457627118644,0.4576271186440678,0.19159549783549784
2020-04-06,Energy,27,0.12225555555555558,0.4444444444444444,0.18518518518518517,0.37037037037037035,0.11251055555555556
2020-04-06,Financials,62,0.1651741935483871,0.5,0.08064516129032258,0.41935483870967744,0.17170227272727273
2020-04-06,Healthcare,46,0.1559,0.34782608695652173,0.021739130434782608,0.6304347826086957,0.33347310344827585
2020-04-06,Industrials,46,0.05548478260869566,0.30434782608695654,0.2391304347826087,0.45652173913043476,0.10401600000000003
2020-04-06,Materials,10,0.14718,0.4,0.1,0.5,0.09356
2020-04-06,RealEstate,6,0.18343333333333334,0.5,0.16666666666666666,0.3333333333333333,0.18343333333333334
2020-04-06,Tech,28,0.18626071428571428,0.4642857142857143,0.07142857142857142,0.4642857142857143,0.28716742424242425
2020-04-06,Utilities,12,0.3708916666666666,0.8333333333333334,0.16666666666666666,0.0,0.4456645833333333
2020-04-07,Comm,20,0.15054499999999998,0.4,0.1,0.5,0.10203295454545455
2020-04-07,Consumer,33,0.11735757575757577,0.3333333333333333,0.24242424242424243,0.42424242424242425,0.24089971717171715
2020-04-07,Energy,43,0.1565093023255814,0.4883720930232558,0.23255813953488372,0.27906976744186046,0.3126607142857143
2020-04-07,Financials,27,0.1119962962962963,0.2962962962962963,0.2222222222222222,0.48148148148148145,0.14498366666666668
2020-04-07,Healthcare,32,0.087140625,0.40625,0.15625,0.4375,0.04370877192982456
2020-04-07,Industrials,34,0.13078529411764706,0.4411764705882353,0.23529411764705882,0.3235294117647059,0.298147
2020-04-07,Materials,7,0.46225714285714287,0.7142857142857143,0.0,0.2857142857142857,0.46621250000000003
2020-04-07,RealEstate,10,0.1163,0.5,0.4,0.1,0.09467916666666668
2020-04-07,Tech,14,0.12232857142857143,0.2857142857142857,0.21428571428571427,0.5,0.11083399999999999
2020-04-07,Utilities,14,0.2028,0.5714285714285714,0.07142857142857142,0.35714285714285715,0.23341583333333332
2020-04-08,Comm,13,0.07796923076923078,0.3076923076923077,0.15384615384615385,0.5384615384615384,0.046854999999999994
2020-04-08,Consumer,54,0.07698148148148148,0.25925925925925924,0.12962962962962962,0.6111111111111112,-0.01513541447368421
2020-04-08,Energy,35,0.17271142857142857,0.5428571428571428,0.2571428571428571,0.2,0.301839619047619
2020-04-08,Financials,24,0.2041666666666667,0.5,0.20833333333333334,0.2916666666666667,0.09422012987012987
2020-04-08,Healthcare,19,0.21077894736842104,0.5789473684210527,0.05263157894736842,0.3684210526315789,0.15656944444444443
2020-04-08,Industrials,39,0.1784102564102564,0.5128205128205128,0.07692307692307693,0.41025641025641024,0.15880619047619046
2020-04-08,Materials,14,0.21157142857142855,0.35714285714285715,0.21428571428571427,0.42857142857142855,0.22547666666666666
2020-04-08,RealEstate,7,0.5582285714285714,0.7142857142857143,0.0,0.2857142857142857,0.556075
2020-04-08,Tech,19,0.2071894736842105,0.5263157894736842,0.15789473684210525,0.3157894736842105,0.23468
2020-04-08,Utilities,5,0.11186,0.4,0.0,0.6,0.13875
2020-04-09,Comm,16,-0.030118749999999993,0.1875,0.1875,0.625,-0.02296333333333333
2020-04-09,Consumer,84,0.13676309523809524,0.38095238095238093,0.09523809523809523,0.5238095238095238,0.16850095238095236
2020-04-09,Energy,54,0.12032592592592593,0.46296296296296297,0.05555555555555555,0.48148148148148145,0.1310592380952381
2020-04-09,Financials,26,0.11847692307692308,0.38461538461538464,0.15384615384615385,0.46153846153846156,0.16522466666666666
2020-04-09,Healthcare,16,0.040900000000000006,0.1875,0.0625,0.75,-0.002047916666666663
2020-04-09,Industrials,28,0.07331071428571427,0.35714285714285715,0.2857142857142857,0.35714285714285715,0.025403452380952363
2020-04-09,Materials,23,0.1572086956521739,0.391304347826087,0.13043478260869565,0.4782608695652174,0.1181393650793651
2020-04-09,RealEstate,17,0.2847411764705883,0.5294117647058824,0.0,0.47058823529411764,0.30530892857142855
2020-04-09,Tech,17,0.08192352941176471,0.23529411764705882,0.11764705882352941,0.6470588235294118,0.13129666666666667
2020-04-09,Utilities,9,0.4733888888888889,0.7777777777777778,0.0,0.2222222222222222,0.48927499999999996
2020-04-13,Comm,16,-0.0491,0.125,0.3125,0.5625,0.0727875
2020-04-13,Consumer,78,0.020930769230769235,0.24358974358974358,0.23076923076923078,0.5256410256410257,-0.01324125407925408
2020-04-13,Energy,44,0.053418181818181816,0.2727272727272727,0.11363636363636363,0.6136363636363636,0.12250822710622711
2020-04-13,Financials,40,0.0497925,0.35,0.175,0.475,0.07874942424242423
2020-04-13,Healthcare,50,0.1648,0.52,0.14,0.34,-0.004051999999999989
2020-04-13,Industrials,36,0.013011111111111109,0.2777777777777778,0.2222222222222222,0.5,0.019677474747474746
2020-04-13,Materials,24,0.08690416666666667,0.4166666666666667,0.16666666666666666,0.4166666666666667,0.06534738095238095
2020-04-13,RealEstate,13,-0.0896,0.23076923076923078,0.46153846153846156,0.3076923076923077,-0.06017499999999999
2020-04-13,Tech,23,0.15496086956521737,0.4782608695652174,0.043478260869565216,0.4782608695652174,0.20702843137254903
2020-04-13,Utilities,21,-0.017261904761904756,0.3333333333333333,0.38095238095238093,0.2857142857142857,-0.002799702380952382
2020-04-14,Comm,16,0.2073125,0.5,0.0625,0.4375,0.2614195238095238
2020-04-14,Consumer,29,0.21554827586206898,0.4827586206896552,0.13793103448275862,0.3793103448275862,0.2220395
2020-04-14,Energy,22,0.0012181818181818177,0.4090909090909091,0.36363636363636365,0.22727272727272727,-0.016609374999999992
2020-04-14,Financials,63,0.1930047619047619,0.5238095238095238,0.1746031746031746,0.30158730158730157,0.12873828671328671
2020-04-14,Healthcare,14,0.21070000000000003,0.5714285714285714,0.21428571428571427,0.21428571428571427,0.20790595238095239
2020-04-14,Industrials,31,0.18384193548387096,0.3870967741935484,0.06451612903225806,0.5483870967741935,0.2206103888888889
2020-04-14,Materials,12,-0.031441666666666666,0.08333333333333333,0.25,0.6666666666666666,-0.014166666666666666
2020-04-14,RealEstate,7,0.45211428571428575,0.5714285714285714,0.14285714285714285,0.2857142857142857,0.5639111111111111
2020-04-14,Tech,18,0.4029611111111111,0.6111111111111112,0.05555555555555555,0.3333333333333333,0.570381619047619
2020-04-14,Utilities,14,0.39964285714285713,0.7857142857142857,0.0,0.21428571428571427,0.22797999999999996
2020-04-15,Comm,16,0.177175,0.375,0.0625,0.5625,0.1547541666666667
2020-04-15,Consumer,35,0.08456285714285713,0.3142857142857143,0.14285714285714285,0.5428571428571428,0.09083093939393941
2020-04-15,Energy,39,0.07414358974358973,0.28205128205128205,0.3076923076923077,0.41025641025641024,0.09343782051282051
2020-04-15,Financials,62,0.09441290322580645,0.3387096774193548,0.1935483870967742,0.46774193548387094,0.10646266025641027
2020-04-15,Healthcare,26,-0.01743076923076923,0.23076923076923078,0.2692307692307692,0.5,-0.062183095238095246
2020-04-15,Industrials,18,0.017450000000000004,0.2222222222222222,0.2222222222222222,0.5555555555555556,0.00010999999999999899
2020-04-15,Materials,17,-0.032358823529411766,0.29411764705882354,0.29411764705882354,0.4117647058823529,-0.06519325396825397
2020-04-15,RealEstate,9,-0.15283333333333335,0.1111111111111111,0.4444444444444444,0.4444444444444444,-0.149725
2020-04-15,Tech,25,0.15072000000000002,0.48,0.16,0.36,0.123804
2020-04-15,Utilities,15,0.07710000000000002,0.5333333333333333,0.3333333333333333,0.13333333333333333,0.05419625
2020-04-16,Comm,16,0.1505625,0.25,0.0625,0.6875,0.28593041666666663
2020-04-16,Consumer,40,0.10815749999999999,0.325,0.15,0.525,0.14471721014492753
2020-04-16,Energy,35,-0.06928285714285715,0.22857142857142856,0.4857142857142857,0.2857142857142857,-0.01728035064935064
2020-04-16,Financials,67,0.06952537313432836,0.34328358208955223,0.1791044776119403,0.47761194029850745,0.04272316666666666
2020-04-16,Healthcare,58,0.24278793103448276,0.5862068965517241,0.05172413793103448,0.3620689655172414,0.2999842355889724
2020-04-16,Industrials,23,0.020486956521739125,0.30434782608695654,0.21739130434782608,0.4782608695652174,0.12975175757575758
2020-04-16,Materials,13,0.08769999999999999,0.46153846153846156,0.15384615384615385,0.38461538461538464,0.08621000000000001
2020-04-16,RealEstate,4,-0.0683,0.0,0.25,0.75,-0.0683
2020-04-16,Tech,32,0.275875,0.5625,0.09375,0.34375,0.30889855555555557
2020-04-16,Utilities,16,0.26400625,0.6875,0.125,0.1875,0.260425
2020-04-17,Comm,15,0.04840666666666667,0.4,0.26666666666666666,0.3333333333333333,0.07999916666666666
2020-04-17,Consumer,28,0.20787857142857144,0.5,0.07142857142857142,0.42857142857142855,0.21409866666666666
2020-04-17,Energy,51,-0.022772549019607843,0.29411764705882354,0.3333333333333333,0.37254901960784315,-0.09465570370370371
2020-04-17,Financials,35,0.06537142857142857,0.42857142857142855,0.22857142857142856,0.34285714285714286,0.07220504545454545
2020-04-17,Healthcare,97,0.24413298969072167,0.6288659793814433,0.041237113402061855,0.32989690721649484,0.2963773824593129
2020-04-17,Industrials,31,0.18040645161290322,0.5161290322580645,0.12903225806451613,0.3548387096774194,0.05769646464646464
2020-04-17,Materials,5,0.3093,0.4,0.0,0.6,0.4074
2020-04-17,RealEstate,10,0.3117,0.6,0.2,0.2,0.40508333333333335
2020-04-17,Tech,28,0.11417500000000001,0.39285714285714285,0.10714285714285714,0.5,0.09648407142857143
2020-04-17,Utilities,14,0.4084214285714286,0.7142857142857143,0.07142857142857142,0.21428571428571427,0.3832455357142857
2020-04-20,Comm,12,0.09888333333333332,0.25,0.08333333333333333,0.6666666666666666,0.08840624999999999
2020-04-20,Consumer,56,0.0680375,0.2857142857142857,0.10714285714285714,0.6071428571428571,0.0704515873015873
2020-04-20,Energy,67,-0.13170149253731342,0.26865671641791045,0.43283582089552236,0.29850746268656714,-0.1435638316080055
2020-04-20,Financials,19,0.1461684210526316,0.47368421052631576,0.0,0.5263157894736842,0.18399761904761905
2020-04-20,Healthcare,67,0.027970149253731348,0.29850746268656714,0.1791044776119403,0.5223880597014925,-0.0469971914893617
2020-04-20,Industrials,27,0.05225925925925926,0.3333333333333333,0.18518518518518517,0.48148148148148145,0.06126666666666667
2020-04-20,Materials,21,0.08986666666666666,0.3333333333333333,0.14285714285714285,0.5238095238095238,0.21026666666666666
2020-04-20,RealEstate,5,0.03558,0.2,0.0,0.8,0.02965
2020-04-20,Tech,27,0.1569814814814815,0.4074074074074074,0.07407407407407407,0.5185185185185185,0.24132791666666664
2020-04-20,Utilities,18,0.0008722222222222249,0.2222222222222222,0.3333333333333333,0.4444444444444444,-0.02623933333333333
2020-04-21,Comm,15,0.12033999999999999,0.4,0.06666666666666667,0.5333333333333333,0.08243333333333333
2020-04-21,Consumer,70,-0.0010899999999999964,0.3142857142857143,0.17142857142857143,0.5142857142857142,0.012584288288288292
2020-04-21,Energy,43,-0.20715348837209302,0.11627906976744186,0.4418604651162791,0.4418604651162791,-0.2257781904761905
2020-04-21,Financials,18,-0.12486666666666665,0.2222222222222222,0.4444444444444444,0.3333333333333333,-0.10992333333333333
2020-04-21,Healthcare,21,0.066,0.47619047619047616,0.3333333333333333,0.19047619047619047,-0.017922476190476176
2020-04-21,Industrials,20,0.03347500000000001,0.3,0.25,0.45,-0.008876999999999996
2020-04-21,Materials,10,-0.013239999999999991,0.3,0.2,0.5,-0.1038888888888889
2020-04-21,RealEstate,10,0.054189999999999995,0.5,0.2,0.3,0.03811875
2020-04-21,Tech,14,-0.2586785714285714,0.14285714285714285,0.42857142857142855,0.42857142857142855,-0.33475
2020-04-21,Utilities,9,-0.0818888888888889,0.4444444444444444,0.3333333333333333,0.2222222222222222,-0.07370000000000002
2020-04-22,Comm,26,0.01686538461538462,0.3076923076923077,0.38461538461538464,0.3076923076923077,0.1592797619047619
2020-04-22,Consumer,39,0.08905384615384615,0.3076923076923077,0.1794871794871795,0.5128205128205128,0.1009368496732026
2020-04-22,Energy,38,0.046444736842105275,0.5263157894736842,0.21052631578947367,0.2631578947368421,-0.029024999999999995
2020-04-22,Financials,15,0.08312,0.3333333333333333,0.06666666666666667,0.6,0.09191500000000001
2020-04-22,Healthcare,30,0.19254333333333334,0.5,0.06666666666666667,0.43333333333333335,0.23577243589743588
2020-04-22,Industrials,15,0.09237333333333334,0.3333333333333333,0.13333333333333333,0.5333333333333333,0.09578333333333335
2020-04-22,Materials,10,0.13364,0.5,0.1,0.4,0.17389375
2020-04-22,RealEstate,11,0.16174545454545453,0.45454545454545453,0.0,0.5454545454545454,0.21082499999999998
2020-04-22,Tech,23,0.11662173913043476,0.2608695652173913,0.043478260869565216,0.6956521739130435,0.3060380952380952
2020-04-22,Utilities,25,0.177856,0.64,0.2,0.16,0.01610845588235293
2020-04-23,Comm,24,0.091675,0.2916666666666667,0.08333333333333333,0.625,0.10913402777777778
2020-04-23,Consumer,43,0.1406093023255814,0.3488372093023256,0.023255813953488372,0.627906976744186,0.08177963636363636
2020-04-23,Energy,35,0.17756857142857144,0.5428571428571428,0.08571428571428572,0.37142857142857144,0.18642186363636365
2020-04-23,Financials,10,0.21544,0.5,0.0,0.5,0.13952
2020-04-23,Healthcare,59,0.058752542372881356,0.3559322033898305,0.22033898305084745,0.423728813559322,0.15419
2020-04-23,Industrials,12,0.17208333333333334,0.5,0.08333333333333333,0.4166666666666667,0.283292
2020-04-23,Materials,17,0.1066764705882353,0.4117647058823529,0.23529411764705882,0.35294117647058826,0.14747485714285716
2020-04-23,RealEstate,6,0.24265,0.6666666666666666,0.0,0.3333333333333333,0.2083
2020-04-23,Tech,40,0.16447,0.325,0.05,0.625,0.20845380952380954
2020-04-23,Utilities,13,0.2074076923076923,0.46153846153846156,0.07692307692307693,0.46153846153846156,0.1761375
2020-04-24,Comm,17,0.04894705882352941,0.11764705882352941,0.0,0.8823529411764706,0.01891136363636364
2020-04-24,Consumer,29,0.006168965517241374,0.1724137931034483,0.1724137931034483,0.6551724137931034,-0.003549333333333335
2020-04-24,Energy,20,-0.04356000000000001,0.2,0.25,0.55,0.029020089285714284
2020-04-24,Financials,9,-0.050866666666666664,0.0,0.4444444444444444,0.5555555555555556,-0.03493541666666666
2020-04-24,Healthcare,50,-0.015562,0.3,0.26,0.44,0.026777321428571435
2020-04-24,Industrials,22,0.018000000000000002,0.13636363636363635,0.22727272727272727,0.6363636363636364,0.02275441176470588
2020-04-24,Materials,7,-0.11114285714285714,0.0,0.2857142857142857,0.7142857142857143,-0.08644444444444445
2020-04-24,RealEstate,8,0.040525000000000005,0.375,0.125,0.5,0.05164375
2020-04-24,Tech,38,0.05592368421052631,0.2894736842105263,0.18421052631578946,0.5263157894736842,0.055976612903225795
2020-04-24,Utilities,6,-0.004883333333333332,0.16666666666666666,0.3333333333333333,0.5,-0.004883333333333332
2020-04-27,Comm,21,0.11274285714285716,0.38095238095238093,0.14285714285714285,0.47619047619047616,0.08147666666666667
2020-04-27,Consumer,50,0.09535199999999999,0.38,0.12,0.5,0.0866328888888889
2020-04-27,Energy,44,0.02222045454545455,0.2727272727272727,0.22727272727272727,0.5,-0.011834166666666665
2020-04-27,Financials,25,0.064804,0.28,0.12,0.6,0.09725249999999999
2020-04-27,Healthcare,58,0.045546551724137935,0.29310344827586204,0.13793103448275862,0.5689655172413793,-0.013337523809523796
2020-04-27,Industrials,75,0.09793866666666667,0.4,0.2,0.4,0.11695567676767678
2020-04-27,Materials,11,0.22493636363636363,0.36363636363636365,0.0,0.6363636363636364,0.2466066666666667
2020-04-27,RealEstate,11,0.04031818181818182,0.2727272727272727,0.18181818181818182,0.5454545454545454,0.05312333333333334
2020-04-27,Tech,31,0.12544193548387098,0.2903225806451613,0.03225806451612903,0.6774193548387096,0.14598163636363637
2020-04-27,Utilities,20,0.217625,0.7,0.05,0.25,0.2637951388888889
2020-04-28,Comm,36,0.042436111111111105,0.3611111111111111,0.19444444444444445,0.4444444444444444,0.13426050505050505
2020-04-28,Consumer,58,0.11621206896551725,0.39655172413793105,0.13793103448275862,0.46551724137931033,0.10912445804195804
2020-04-28,Energy,23,0.0449304347826087,0.43478260869565216,0.2608695652173913,0.30434782608695654,0.030415972222222216
2020-04-28,Financials,12,0.27418333333333333,0.6666666666666666,0.0,0.3333333333333333,0.24410499999999996
2020-04-28,Healthcare,44,0.08741136363636363,0.3181818181818182,0.18181818181818182,0.5,0.15199275384615385
2020-04-28,Industrials,74,0.07532837837837839,0.4189189189189189,0.16216216216216217,0.4189189189189189,0.08195640350877194
2020-04-28,Materials,17,0.06768823529411765,0.29411764705882354,0.11764705882352941,0.5882352941176471,0.053927666666666665
2020-04-28,RealEstate,15,0.17272666666666667,0.5333333333333333,0.0,0.4666666666666667,0.08616499999999999
2020-04-28,Tech,35,0.18750285714285714,0.5714285714285714,0.02857142857142857,0.4,0.08751825396825397
2020-04-28,Utilities,5,0.17717999999999998,0.4,0.2,0.4,0.2794166666666667
2020-04-29,Comm,19,0.07764736842105263,0.42105263157894735,0.2631578947368421,0.3157894736842105,0.10303333333333335
2020-04-29,Consumer,60,0.10507,0.3333333333333333,0.11666666666666667,0.55,0.10723711721611721
2020-04-29,Energy,38,0.18449473684210527,0.5263157894736842,0.13157894736842105,0.34210526315789475,0.18179214285714285
2020-04-29,Financials,22,0.15479545454545454,0.36363636363636365,0.045454545454545456,0.5909090909090909,0.11755166666666668
2020-04-29,Healthcare,104,0.18859807692307692,0.5192307692307693,0.10576923076923077,0.375,0.04273270114942528
2020-04-29,Industrials,68,0.10010588235294117,0.4117647058823529,0.16176470588235295,0.4264705882352941,0.09884649735449735
2020-04-29,Materials,19,0.11937368421052631,0.3684210526315789,0.10526315789473684,0.5263157894736842,0.29078
2020-04-29,RealEstate,18,0.08609444444444445,0.2777777777777778,0.1111111111111111,0.6111111111111112,0.07708106060606061
2020-04-29,Tech,50,0.18655999999999998,0.52,0.08,0.4,0.1726877142857143
2020-04-29,Utilities,6,0.09456666666666669,0.3333333333333333,0.16666666666666666,0.5,0.09706666666666668
2020-04-30,Comm,27,-0.016429629629629624,0.25925925925925924,0.25925925925925924,0.48148148148148145,0.01556093750000001
2020-04-30,Consumer,33,0.06209999999999999,0.3333333333333333,0.15151515151515152,0.5151515151515151,0.004515166666666665
2020-04-30,Energy,53,0.04443773584905661,0.3018867924528302,0.20754716981132076,0.49056603773584906,0.04404221356421357
2020-04-30,Financials,23,0.07629565217391306,0.43478260869565216,0.2608695652173913,0.30434782608695654,0.07254076190476191
2020-04-30,Healthcare,83,0.150144578313253,0.43373493975903615,0.12048192771084337,0.4457831325301205,0.15098261538461538
2020-04-30,Industrials,21,0.018314285714285714,0.2857142857142857,0.2857142857142857,0.42857142857142855,-0.04491717948717948
2020-04-30,Materials,36,0.08866666666666666,0.3333333333333333,0.16666666666666666,0.5,0.088055
2020-04-30,RealEstate,11,0.02137272727272728,0.2727272727272727,0.09090909090909091,0.6363636363636364,0.01959166666666667
2020-04-30,Tech,23,0.08522608695652174,0.21739130434782608,0.08695652173913043,0.6956521739130435,0.077652
2020-04-30,Utilities,11,0.11624545454545455,0.2727272727272727,0.18181818181818182,0.5454545454545454,0.11175000000000002
2020-05-01,Comm,19,-0.023889473684210526,0.2631578947368421,0.3684210526315789,0.3684210526315789,-0.08241208333333333
2020-05-01,Consumer,39,0.08030512820512821,0.3333333333333333,0.15384615384615385,0.5128205128205128,0.18047183333333333
2020-05-01,Energy,75,-0.11870133333333333,0.25333333333333335,0.5066666666666667,0.24,-0.12447247619047619
2020-05-01,Financials,18,-0.04909444444444444,0.2777777777777778,0.2222222222222222,0.5,-0.06349833333333334
2020-05-01,Healthcare,84,0.05589404761904762,0.2619047619047619,0.09523809523809523,0.6428571428571429,0.04070619463753724
2020-05-01,Industrials,45,-0.09121777777777777,0.13333333333333333,0.3333333333333333,0.5333333333333333,-0.07810254761904763
2020-05-01,Materials,17,0.05702352941176471,0.4117647058823529,0.29411764705882354,0.29411764705882354,0.17214166666666667
2020-05-01,RealEstate,10,-0.04452,0.2,0.2,0.6,0.032558333333333335
2020-05-01,Tech,17,-0.052488235294117655,0.23529411764705882,0.23529411764705882,0.5294117647058824,-0.15798900000000002
2020-05-01,Utilities,16,0.027275000000000004,0.4375,0.3125,0.25,0.144221875
2020-05-04,Comm,23,0.12775652173913044,0.391304347826087,0.21739130434782608,0.391304347826087,0.12881185185185184
2020-05-04,Consumer,63,0.041319047619047616,0.25396825396825395,0.23809523809523808,0.5079365079365079,0.15703503296703297
2020-05-04,Energy,40,0.0010924999999999984,0.225,0.2,0.575,-0.006829685314685313
2020-05-04,Financials,23,0.04869565217391305,0.2608695652173913,0.13043478260869565,0.6086956521739131,0.127824
2020-05-04,Healthcare,51,0.037260784313725495,0.29411764705882354,0.19607843137254902,0.5098039215686274,0.05139512820512819
2020-05-04,Industrials,35,-0.057231428571428565,0.2571428571428571,0.34285714285714286,0.4,0.07113238095238095
2020-05-04,Materials,13,-0.00021538461538461728,0.23076923076923078,0.15384615384615385,0.6153846153846154,0.029556666666666665
2020-05-04,RealEstate,10,0.01305,0.2,0.4,0.4,0.038887500000000005
2020-05-04,Tech,31,0.26804193548387095,0.6129032258064516,0.0,0.3870967741935484,0.3556464705882353
2020-05-04,Utilities,10,0.20005,0.5,0.0,0.5,0.18414
2020-05-05,Comm,35,0.11122571428571429,0.2857142857142857,0.08571428571428572,0.6285714285714286,0.11926785714285715
2020-05-05,Consumer,49,0.14055714285714285,0.4489795918367347,0.14285714285714285,0.40816326530612246,0.14162709523809522
2020-05-05,Energy,36,0.05365833333333333,0.2777777777777778,0.2222222222222222,0.5,0.09811813131313131
2020-05-05,Financials,22,0.0798,0.3181818181818182,0.045454545454545456,0.6363636363636364,0.02016333333333333
2020-05-05,Healthcare,35,0.18548857142857142,0.5142857142857142,0.05714285714285714,0.42857142857142855,0.167238431372549
2020-05-05,Industrials,31,0.10543225806451612,0.5161290322580645,0.25806451612903225,0.22580645161290322,0.2982255555555556
2020-05-05,Materials,38,0.10571578947368421,0.39473684210526316,0.18421052631578946,0.42105263157894735,0.19739372549019607
2020-05-05,RealEstate,7,0.09682857142857142,0.2857142857142857,0.0,0.7142857142857143,0.12011666666666666
2020-05-05,Tech,20,0.189735,0.4,0.0,0.6,0.22584375
2020-05-05,Utilities,26,0.16766538461538463,0.6153846153846154,0.15384615384615385,0.23076923076923078,0.14397204545454545
2020-05-06,Comm,33,-0.0200909090909091,0.18181818181818182,0.21212121212121213,0.6060606060606061,-0.1024575
2020-05-06,Consumer,51,0.10428235294117648,0.3333333333333333,0.1568627450980392,0.5098039215686274,0.08990779411764707
2020-05-06,Energy,36,0.1317666666666667,0.4722222222222222,0.16666666666666666,0.3611111111111111,0.19066535714285715
2020-05-06,Financials,19,0.046400000000000004,0.3157894736842105,0.15789473684210525,0.5263157894736842,0.04762500000000001
2020-05-06,Healthcare,32,0.15429062500000001,0.375,0.09375,0.53125,0.16397444444444442
2020-05-06,Industrials,12,0.126025,0.5,0.08333333333333333,0.4166666666666667,0.07561499999999999
2020-05-06,Materials,22,-0.017627272727272738,0.18181818181818182,0.2727272727272727,0.5454545454545454,-0.026910714285714295
2020-05-06,RealEstate,7,-0.054542857142857136,0.0,0.14285714285714285,0.8571428571428571,-0.03181666666666667
2020-05-06,Tech,21,0.07603809523809524,0.38095238095238093,0.14285714285714285,0.47619047619047616,0.16321416666666666
2020-05-06,Utilities,14,0.1977,0.5714285714285714,0.21428571428571427,0.21428571428571427,0.19748416666666666
2020-05-07,Comm,23,0.05567826086956522,0.2608695652173913,0.17391304347826086,0.5652173913043478,0.11492250000000001
2020-05-07,Consumer,34,0.08226176470588235,0.2647058823529412,0.08823529411764706,0.6470588235294118,0.09888166666666667
2020-05-07,Energy,25,0.173924,0.44,0.2,0.36,0.1820947619047619
2020-05-07,Financials,14,-0.05979285714285715,0.35714285714285715,0.35714285714285715,0.2857142857142857,-0.09306333333333335
2020-05-07,Healthcare,24,0.14684583333333331,0.5416666666666666,0.041666666666666664,0.4166666666666667,0.13613055555555556
2020-05-07,Industrials,14,0.02221428571428571,0.2857142857142857,0.21428571428571427,0.5,0.029008333333333334
2020-05-07,Materials,8,0.04867500000000001,0.25,0.25,0.5,0.16212000000000001
2020-05-07,RealEstate,10,0.28576,0.8,0.0,0.2,0.32705666666666666
2020-05-07,Tech,14,0.17940714285714288,0.35714285714285715,0.0,0.6428571428571429,0.24068199999999998
2020-05-07,Utilities,15,0.20559333333333332,0.6666666666666666,0.0,0.3333333333333333,0.14364333333333335
2020-05-08,Comm,9,0.17895555555555556,0.4444444444444444,0.1111111111111111,0.4444444444444444,0.23475333333333334
2020-05-08,Consumer,55,0.08166909090909091,0.3090909090909091,0.16363636363636364,0.5272727272727272,0.06855406493506495
2020-05-08,Energy,22,0.22640000000000002,0.5454545454545454,0.045454545454545456,0.4090909090909091,0.19152833333333333
2020-05-08,Financials,15,0.018346666666666667,0.3333333333333333,0.26666666666666666,0.4,0.05417266666666665
2020-05-08,Healthcare,32,0.014909375000000004,0.28125,0.28125,0.4375,-0.024708472222222222
2020-05-08,Industrials,12,-0.07304999999999999,0.08333333333333333,0.4166666666666667,0.5,0.006621875000000013
2020-05-08,Materials,18,0.1181888888888889,0.2777777777777778,0.05555555555555555,0.6666666666666666,0.10613194444444445
2020-05-08,RealEstate,5,0.19722,0.6,0.0,0.4,0.18711666666666668
2020-05-08,Tech,14,0.29141428571428574,0.6428571428571429,0.0,0.35714285714285715,0.5527614285714286
2020-05-08,Utilities,21,0.09255238095238096,0.47619047619047616,0.23809523809523808,0.2857142857142857,0.10359757575757576
2020-05-11,Comm,23,0.15067826086956523,0.5217391304347826,0.13043478260869565,0.34782608695652173,0.12894285714285716
2020-05-11,Consumer,52,0.070325,0.28846153846153844,0.09615384615384616,0.6153846153846154,0.08602495833333333
2020-05-11,Energy,25,-0.088344,0.28,0.32,0.4,-0.05607011111111111
2020-05-11,Financials,18,0.18143888888888887,0.4444444444444444,0.05555555555555555,0.5,0.161149
2020-05-11,Healthcare,56,0.09202857142857143,0.35714285714285715,0.26785714285714285,0.375,0.029247487922705317
2020-05-11,Industrials,19,0.2248157894736842,0.47368421052631576,0.05263157894736842,0.47368421052631576,0.2866916666666667
2020-05-11,Materials,13,0.08889999999999999,0.3076923076923077,0.07692307692307693,0.6153846153846154,0.07112750000000001
2020-05-11,RealEstate,6,0.09163333333333333,0.3333333333333333,0.16666666666666666,0.5,0.013816666666666663
2020-05-11,Tech,25,0.123948,0.28,0.04,0.68,0.12826677777777779
2020-05-11,Utilities,10,0.20876,0.5,0.1,0.4,0.23801458333333333
2020-05-12,Comm,18,0.0820111111111111,0.2777777777777778,0.1111111111111111,0.6111111111111112,0.068945
2020-05-12,Consumer,38,0.1086684210526316,0.2894736842105263,0.07894736842105263,0.631578947368421,0.12524924999999998
2020-05-12,Energy,26,0.11190384615384616,0.38461538461538464,0.11538461538461539,0.5,0.15184466666666666
2020-05-12,Financials,20,-0.15892,0.1,0.5,0.4,-0.1478297142857143
2020-05-12,Healthcare,23,0.10092608695652175,0.34782608695652173,0.17391304347826086,0.4782608695652174,-0.07749873015873014
2020-05-12,Industrials,14,-0.02972857142857143,0.14285714285714285,0.07142857142857142,0.7857142857142857,0.030972727272727277
2020-05-12,Materials,13,0.08213846153846155,0.3076923076923077,0.0,0.6923076923076923,0.09328777777777779
2020-05-12,RealEstate,8,-0.3024375,0.125,0.375,0.5,-0.3745875
2020-05-12,Tech,23,0.009543478260869565,0.30434782608695654,0.21739130434782608,0.4782608695652174,-0.04530033333333333
2020-05-12,Utilities,19,0.21735263157894735,0.5789473684210527,0.0,0.42105263157894735,0.19939625
2020-05-13,Comm,4,-0.03610000000000001,0.25,0.25,0.5,0.02526666666666666
2020-05-13,Consumer,36,0.125575,0.3611111111111111,0.05555555555555555,0.5833333333333334,0.06879209523809524
2020-05-13,Energy,25,-0.055892,0.32,0.24,0.44,-0.06230467532467532
2020-05-13,Financials,34,0.15458235294117648,0.6176470588235294,0.20588235294117646,0.17647058823529413,0.15864920779220779
2020-05-13,Healthcare,52,0.11815384615384615,0.3269230769230769,0.11538461538461539,0.5576923076923077,0.11921718259518259
2020-05-13,Industrials,19,-0.03494736842105264,0.05263157894736842,0.2631578947368421,0.6842105263157895,-0.014755555555555555
2020-05-13,Materials,18,0.13355,0.3888888888888889,0.1111111111111111,0.5,0.12836466666666665
2020-05-13,RealEstate,6,0.24193333333333333,0.6666666666666666,0.0,0.3333333333333333,0.27305
2020-05-13,Tech,17,0.15032941176470588,0.4117647058823529,0.11764705882352941,0.47058823529411764,0.14325277777777778
2020-05-13,Utilities,6,0.32948333333333335,0.6666666666666666,0.0,0.3333333333333333,0.37966666666666665
2020-05-14,Comm,14,0.09082142857142858,0.2857142857142857,0.14285714285714285,0.5714285714285714,0.1712533333333333
2020-05-14,Consumer,39,0.15511538461538463,0.4358974358974359,0.07692307692307693,0.48717948717948717,0.129311931372549
2020-05-14,Energy,12,-0.06315833333333333,0.0,0.08333333333333333,0.9166666666666666,-0.07579
2020-05-14,Financials,30,0.08498,0.43333333333333335,0.13333333333333333,0.43333333333333335,0.09045
2020-05-14,Healthcare,29,0.10067586206896552,0.3448275862068966,0.06896551724137931,0.5862068965517241,0.12298833333333332
2020-05-14,Industrials,27,0.008359259259259257,0.25925925925925924,0.18518518518518517,0.5555555555555556,0.05473819444444445
2020-05-14,Materials,16,0.09896875000000001,0.3125,0.0,0.6875,0.114235
2020-05-14,RealEstate,14,0.1643857142857143,0.42857142857142855,0.0,0.5714285714285714,0.15836666666666668
2020-05-14,Tech,28,0.17669285714285715,0.5,0.0,0.5,0.15429166666666666
2020-05-14,Utilities,10,0.16424,0.4,0.0,0.6,0.172935
2020-05-15,Comm,16,0.10458125,0.3125,0.0,0.6875,0.09845666666666666
2020-05-15,Consumer,47,0.10354468085106383,0.3191489361702128,0.10638297872340426,0.574468085106383,0.08250251851851853
2020-05-15,Energy,17,0.17697058823529413,0.6470588235294118,0.058823529411764705,0.29411764705882354,0.1758016666666667
2020-05-15,Financials,35,0.18306857142857144,0.4857142857142857,0.11428571428571428,0.4,0.19764214285714285
2020-05-15,Healthcare,39,0.02235897435897436,0.358974358974359,0.2564102564102564,0.38461538461538464,-0.007057727272727276
2020-05-15,Industrials,19,-0.12723157894736845,0.21052631578947367,0.3684210526315789,0.42105263157894735,-0.03289466666666667
2020-05-15,Materials,17,0.18154117647058826,0.4117647058823529,0.058823529411764705,0.5294117647058824,0.24078472222222225
2020-05-15,RealEstate,8,-0.06106249999999999,0.125,0.125,0.75,-0.06106249999999999
2020-05-15,Tech,45,-0.10804222222222223,0.2,0.35555555555555557,0.4444444444444444,-0.012865142857142842
2020-05-15,Utilities,15,0.16700666666666666,0.7333333333333333,0.2,0.06666666666666667,0.1668552380952381
2020-05-18,Comm,20,0.062125,0.25,0.2,0.55,0.14646866666666666
2020-05-18,Consumer,49,0.13934081632653061,0.3469387755102041,0.08163265306122448,0.5714285714285714,0.20182033333333335
2020-05-18,Energy,48,0.14455625,0.5,0.16666666666666666,0.3333333333333333,0.14312569841269843
2020-05-18,Financials,35,0.08155714285714286,0.37142857142857144,0.2,0.42857142857142855,0.07014379365079365
2020-05-18,Healthcare,32,0.16054375,0.375,0.0625,0.5625,0.11098933333333334
2020-05-18,Industrials,26,0.32832307692307694,0.6923076923076923,0.11538461538461539,0.19230769230769232,0.3855335454545455
2020-05-18,Materials,12,0.1097,0.4166666666666667,0.16666666666666666,0.4166666666666667,0.1012875
2020-05-18,RealEstate,7,0.5497,0.8571428571428571,0.0,0.14285714285714285,0.5519083333333333
2020-05-18,Tech,26,0.09288076923076924,0.34615384615384615,0.15384615384615385,0.5,0.015536666666666667
2020-05-18,Utilities,13,0.3062307692307692,0.5384615384615384,0.15384615384615385,0.3076923076923077,0.32581666666666664
2020-05-19,Comm,20,0.05081,0.3,0.15,0.55,0.12955733333333336
2020-05-19,Consumer,44,0.018672727272727268,0.29545454545454547,0.18181818181818182,0.5227272727272727,-0.07248620512820514
2020-05-19,Energy,9,0.1759111111111111,0.5555555555555556,0.0,0.4444444444444444,0.15552
2020-05-19,Financials,20,0.07031499999999999,0.45,0.1,0.45,0.05999728571428572
2020-05-19,Healthcare,16,0.1800625,0.4375,0.0,0.5625,0.2208736666666667
2020-05-19,Industrials,12,-0.004983333333333321,0.3333333333333333,0.25,0.4166666666666667,-0.12721249999999998
2020-05-19,Materials,10,0.06449,0.2,0.1,0.7,0.04156111111111111
2020-05-19,RealEstate,6,0.10423333333333333,0.3333333333333333,0.16666666666666666,0.5,0.10423333333333333
2020-05-19,Tech,17,0.10187058823529412,0.35294117647058826,0.17647058823529413,0.47058823529411764,0.08420666666666667
2020-05-19,Utilities,1,0.2732,1.0,0.0,0.0,0.2732
2020-05-20,Comm,27,0.024207407407407407,0.2962962962962963,0.25925925925925924,0.4444444444444444,-0.005675333333333333
2020-05-20,Consumer,34,0.08461470588235294,0.35294117647058826,0.14705882352941177,0.5,-0.02694144957983192
2020-05-20,Energy,21,-0.0185047619047619,0.23809523809523808,0.38095238095238093,0.38095238095238093,-0.022844285714285713
2020-05-20,Financials,18,0.22071666666666667,0.3888888888888889,0.05555555555555555,0.5555555555555556,0.37486
2020-05-20,Healthcare,30,0.020943333333333345,0.3,0.3,0.4,0.0244421855921856
2020-05-20,Industrials,8,0.28552500000000003,0.75,0.125,0.125,0.1491583333333333
2020-05-20,Materials,15,0.17058666666666664,0.3333333333333333,0.06666666666666667,0.6,0.1886
2020-05-20,RealEstate,7,0.0909857142857143,0.14285714285714285,0.0,0.8571428571428571,0.06369
2020-05-20,Tech,17,0.17497058823529413,0.47058823529411764,0.11764705882352941,0.4117647058823529,0.2370016666666667
2020-05-20,Utilities,5,0.014699999999999986,0.4,0.2,0.4,0.04406666666666666
2020-05-21,Comm,11,0.03307272727272728,0.2727272727272727,0.09090909090909091,0.6363636363636364,0.10847199999999999
2020-05-21,Consumer,40,0.0245475,0.175,0.1,0.725,0.024796969696969696
2020-05-21,Energy,13,-0.015361538461538461,0.3076923076923077,0.38461538461538464,0.3076923076923077,-0.04973999999999999
2020-05-21,Financials,22,0.0581,0.18181818181818182,0.09090909090909091,0.7272727272727273,0.08162500000000002
2020-05-21,Healthcare,21,0.10843809523809525,0.3333333333333333,0.047619047619047616,0.6190476190476191,0.093502
2020-05-21,Industrials,9,0.020055555555555556,0.2222222222222222,0.1111111111111111,0.6666666666666666,0.007520833333333333
2020-05-21,Materials,9,0.17872222222222223,0.3333333333333333,0.0,0.6666666666666666,0.15098333333333333
2020-05-21,RealEstate,2,0.0,0.0,0.0,1.0,0.0
2020-05-21,Tech,21,-0.003690476190476187,0.19047619047619047,0.14285714285714285,0.6666666666666666,0.012136111111111115
2020-05-21,Utilities,9,0.2959222222222222,0.7777777777777778,0.1111111111111111,0.1111111111111111,0.3321525
2020-05-22,Comm,10,0.0477,0.3,0.4,0.3,-0.05059
2020-05-22,Consumer,18,-0.045422222222222225,0.3333333333333333,0.2777777777777778,0.3888888888888889,0.006037777777777771
2020-05-22,Energy,19,-0.028731578947368424,0.15789473684210525,0.21052631578947367,0.631578947368421,-0.04422533333333334
2020-05-22,Financials,8,0.25435,0.75,0.0,0.25,0.19921666666666668
2020-05-22,Healthcare,22,0.17977727272727273,0.4090909090909091,0.0,0.5909090909090909,0.127765
2020-05-22,Industrials,4,0.20825,0.5,0.25,0.25,0.11331666666666666
2020-05-22,Materials,7,0.039028571428571426,0.14285714285714285,0.0,0.8571428571428571,0.0683
2020-05-22,RealEstate,14,0.09638571428571428,0.21428571428571427,0.0,0.7857142857142857,0.07817083333333333
2020-05-22,Tech,28,-0.000839285714285719,0.21428571428571427,0.14285714285714285,0.6428571428571429,-0.17001400000000003
2020-05-22,Utilities,5,0.12498000000000001,0.2,0.0,0.8,0.10415
2020-05-26,Comm,20,0.125855,0.35,0.0,0.65,0.13780466666666666
2020-05-26,Consumer,46,0.15963913043478262,0.43478260869565216,0.06521739130434782,0.5,0.20328895238095238
2020-05-26,Energy,29,0.09868275862068966,0.27586206896551724,0.20689655172413793,0.5172413793103449,0.10177142857142858
2020-05-26,Financials,28,0.13775357142857142,0.32142857142857145,0.10714285714285714,0.5714285714285714,0.1617402380952381
2020-05-26,Healthcare,61,0.08083114754098361,0.3442622950819672,0.09836065573770492,0.5573770491803278,0.03672219047619048
2020-05-26,Industrials,16,0.1711625,0.375,0.1875,0.4375,0.3014
2020-05-26,Materials,9,0.23344444444444445,0.3333333333333333,0.1111111111111111,0.5555555555555556,0.19793055555555558
2020-05-26,RealEstate,5,0.07925999999999998,0.4,0.2,0.4,0.1098111111111111
2020-05-26,Tech,29,0.09217241379310345,0.3793103448275862,0.1724137931034483,0.4482758620689655,0.06429245238095238
2020-05-26,Utilities,5,0.31514,0.6,0.0,0.4,0.32959999999999995
2020-05-27,Comm,22,0.044486363636363636,0.36363636363636365,0.22727272727272727,0.4090909090909091,0.15016333333333334
2020-05-27,Consumer,37,0.08056486486486487,0.2702702702702703,0.10810810810810811,0.6216216216216216,0.15308409090909092
2020-05-27,Energy,14,-0.09050714285714286,0.14285714285714285,0.42857142857142855,0.42857142857142855,-0.07417
2020-05-27,Financials,25,0.24619599999999997,0.52,0.04,0.44,0.2774827142857143
2020-05-27,Healthcare,24,-0.02313333333333333,0.3333333333333333,0.2916666666666667,0.375,-0.008835555555555548
2020-05-27,Industrials,27,0.21147037037037036,0.4444444444444444,0.07407407407407407,0.48148148148148145,0.35518857142857146
2020-05-27,Materials,5,0.0,0.0,0.0,1.0,0.0
2020-05-27,RealEstate,1,0.0,0.0,0.0,1.0,0.0
2020-05-27,Tech,13,0.15354615384615383,0.5384615384615384,0.23076923076923078,0.23076923076923078,0.15682333333333334
2020-05-27,Utilities,7,0.2457,0.42857142857142855,0.0,0.5714285714285714,0.2149875
2020-05-28,Comm,23,0.07625217391304348,0.34782608695652173,0.13043478260869565,0.5217391304347826,0.09534436363636364
2020-05-28,Consumer,33,0.04723030303030303,0.2727272727272727,0.15151515151515152,0.5757575757575758,0.08792483333333333
2020-05-28,Energy,10,0.19463999999999998,0.5,0.1,0.4,0.14303
2020-05-28,Financials,24,0.0824875,0.25,0.125,0.625,0.0135845
2020-05-28,Healthcare,20,-0.06066499999999999,0.15,0.3,0.55,-0.06203166666666667
2020-05-28,Industrials,45,0.11598444444444443,0.37777777777777777,0.15555555555555556,0.4666666666666667,0.13117661904761907
2020-05-28,Materials,8,0.1270125,0.375,0.0,0.625,0.15875
2020-05-28,RealEstate,4,0.20835,0.5,0.25,0.25,0.20835
2020-05-28,Tech,19,0.053557894736842096,0.3157894736842105,0.21052631578947367,0.47368421052631576,0.10204952380952381
2020-05-28,Utilities,10,0.17816,0.4,0.0,0.6,0.12490000000000001
2020-05-29,Comm,14,0.21220714285714287,0.42857142857142855,0.0,0.5714285714285714,0.12601250000000003
2020-05-29,Consumer,18,0.07128888888888889,0.3333333333333333,0.1111111111111111,0.5555555555555556,0.08072742857142859
2020-05-29,Energy,20,0.195645,0.5,0.15,0.35,0.13018000000000002
2020-05-29,Financials,25,0.033780000000000004,0.32,0.12,0.56,0.041302000000000005
2020-05-29,Healthcare,25,0.18188400000000002,0.6,0.08,0.32,0.1979048611111111
2020-05-29,Industrials,13,0.11502307692307692,0.5384615384615384,0.23076923076923078,0.23076923076923078,0.18829166666666666
2020-05-29,Materials,7,0.01285714285714286,0.14285714285714285,0.14285714285714285,0.7142857142857143,0.009000000000000003
2020-05-29,RealEstate,6,0.0851,0.3333333333333333,0.16666666666666666,0.5,0.020066666666666667
2020-05-29,Tech,12,0.16474166666666665,0.5833333333333334,0.08333333333333333,0.3333333333333333,0.16978375
2020-05-29,Utilities,12,0.23187499999999997,0.75,0.0,0.25,0.21371666666666667
2020-06-01,Comm,17,0.1633764705882353,0.47058823529411764,0.0,0.5294117647058824,0.15972342857142857
2020-06-01,Consumer,47,0.03742553191489362,0.3617021276595745,0.2553191489361702,0.3829787234042553,0.08122420414673046
2020-06-01,Energy,19,-0.06516842105263158,0.21052631578947367,0.3684210526315789,0.42105263157894735,-0.10234071969696969
2020-06-01,Financials,23,0.07001739130434782,0.30434782608695654,0.17391304347826086,0.5217391304347826,0.06342099999999999
2020-06-01,Healthcare,60,0.145585,0.4,0.21666666666666667,0.38333333333333336,0.15230694444444445
2020-06-01,Industrials,19,0.04870526315789474,0.3684210526315789,0.2631578947368421,0.3684210526315789,0.11371499999999998
2020-06-01,Materials,7,0.039028571428571426,0.2857142857142857,0.14285714285714285,0.5714285714285714,0.09106666666666667
2020-06-01,RealEstate,6,0.03263333333333332,0.16666666666666666,0.3333333333333333,0.5,-0.06100000000000001
2020-06-01,Tech,15,0.08617999999999999,0.4,0.06666666666666667,0.5333333333333333,0.14087666666666665
2020-06-01,Utilities,8,0.10210000000000001,0.25,0.125,0.625,0.06806666666666666
2020-06-02,Comm,9,0.34474444444444446,0.6666666666666666,0.0,0.3333333333333333,0.28929444444444447
2020-06-02,Consumer,20,-0.077495,0.15,0.35,0.5,-0.11654666666666666
2020-06-02,Energy,16,0.174875,0.4375,0.0,0.5625,0.16811428571428572
2020-06-02,Financials,26,0.13721923076923076,0.4230769230769231,0.0,0.5769230769230769,0.0899891111111111
2020-06-02,Healthcare,25,0.040452,0.24,0.2,0.56,0.021175151515151515
2020-06-02,Industrials,14,0.2546357142857143,0.5,0.0,0.5,0.36593166666666666
2020-06-02,Materials,8,0.280925,0.625,0.0,0.375,0.27470625
2020-06-02,RealEstate,5,0.17936000000000002,0.4,0.0,0.6,0.14946666666666666
2020-06-02,Tech,13,0.23881538461538462,0.5384615384615384,0.0,0.46153846153846156,0.21934666666666666
2020-06-02,Utilities,6,0.30101666666666665,0.6666666666666666,0.0,0.3333333333333333,0.21880833333333335
2020-06-03,Comm,12,-0.09344166666666666,0.25,0.4166666666666667,0.3333333333333333,-0.07269666666666666
2020-06-03,Consumer,33,0.0973060606060606,0.3939393939393939,0.18181818181818182,0.42424242424242425,0.1979542857142857
2020-06-03,Energy,12,0.4561583333333333,0.8333333333333334,0.0,0.16666666666666666,0.5271625
2020-06-03,Financials,26,0.20953076923076924,0.5,0.07692307692307693,0.4230769230769231,0.21618428571428572
2020-06-03,Healthcare,20,0.163105,0.45,0.0,0.55,0.25402650793650794
2020-06-03,Industrials,37,0.2073243243243243,0.5135135135135135,0.10810810810810811,0.3783783783783784,0.33503710144927534
2020-06-03,Materials,11,0.21343636363636362,0.2727272727272727,0.0,0.7272727272727273,0.157975
2020-06-03,RealEstate,6,0.14533333333333334,0.16666666666666666,0.0,0.8333333333333334,0.0872
2020-06-03,Tech,6,0.32208333333333333,0.6666666666666666,0.0,0.3333333333333333,0.42201
2020-06-03,Utilities,1,0.0,0.0,0.0,1.0,0.0
2020-06-04,Comm,11,0.045736363636363624,0.36363636363636365,0.09090909090909091,0.5454545454545454,0.160185
2020-06-04,Consumer,11,0.15903636363636364,0.45454545454545453,0.0,0.5454545454545454,0.20981249999999999
2020-06-04,Energy,12,0.07792500000000001,0.25,0.25,0.5,0.07703600000000001
2020-06-04,Financials,20,0.158025,0.45,0.05,0.5,0.17758833333333332
2020-06-04,Healthcare,21,0.1335904761904762,0.6190476190476191,0.09523809523809523,0.2857142857142857,0.10282650793650794
2020-06-04,Industrials,20,0.11175500000000001,0.5,0.1,0.4,0.10123273809523808
2020-06-04,Materials,4,-0.032,0.0,0.25,0.75,-0.032
2020-06-04,RealEstate,2,0.148,0.5,0.0,0.5,0.148
2020-06-04,Tech,11,0.1489,0.36363636363636365,0.0,0.6363636363636364,0.15314166666666668
2020-06-04,Utilities,7,0.039028571428571426,0.2857142857142857,0.14285714285714285,0.5714285714285714,-0.060719999999999996
2020-06-05,Comm,11,0.07932727272727272,0.36363636363636365,0.2727272727272727,0.36363636363636365,0.11103666666666664
2020-06-05,Consumer,14,0.1973642857142857,0.42857142857142855,0.07142857142857142,0.5,0.19735333333333335
2020-06-05,Energy,33,0.07387878787878788,0.3333333333333333,0.15151515151515152,0.5151515151515151,0.25553666666666663
2020-06-05,Financials,20,0.358645,0.65,0.0,0.35,0.37302366666666664
2020-06-05,Healthcare,8,0.21839999999999998,0.625,0.125,0.25,0.16145833333333334
2020-06-05,Industrials,25,0.245324,0.64,0.16,0.2,0.35077
2020-06-05,Materials,7,0.2023,0.2857142857142857,0.14285714285714285,0.5714285714285714,0.19980625000000002
2020-06-05,RealEstate,2,0.0,0.0,0.0,1.0,0.0
2020-06-05,Tech,15,0.17469333333333334,0.3333333333333333,0.0,0.6666666666666666,0.19154259259259257
2020-06-05,Utilities,6,0.14851666666666666,0.5,0.0,0.5,0.1113875
2020-06-08,Comm,16,-0.019968749999999997,0.125,0.0625,0.8125,-0.1130925
2020-06-08,Consumer,20,0.17377,0.4,0.1,0.5,0.16258666666666666
2020-06-08,Energy,19,0.09716315789473684,0.5789473684210527,0.21052631578947367,0.21052631578947367,0.12971057142857145
2020-06-08,Financials,13,0.16657692307692307,0.46153846153846156,0.07692307692307693,0.46153846153846156,0.2058357142857143
2020-06-08,Healthcare,33,0.0636969696969697,0.30303030303030304,0.21212121212121213,0.48484848484848486,0.055461315789473685
2020-06-08,Industrials,25,0.10312399999999998,0.44,0.2,0.36,0.07758941176470587
2020-06-08,Materials,3,0.27253333333333335,0.3333333333333333,0.0,0.6666666666666666,0.2044
2020-06-08,RealEstate,3,0.13983333333333334,0.3333333333333333,0.6666666666666666,0.0,0.2611
2020-06-08,Tech,16,0.10420625,0.3125,0.0625,0.625,0.09585333333333333
2020-06-08,Utilities,2,0.7906,1.0,0.0,0.0,0.7906
2020-06-09,Comm,6,0.0,0.0,0.0,1.0,0.0
2020-06-09,Consumer,26,0.019976923076923083,0.34615384615384615,0.3076923076923077,0.34615384615384615,0.02538507936507937
2020-06-09,Energy,20,0.21099,0.4,0.0,0.6,0.4114893333333334
2020-06-09,Financials,21,0.08667619047619049,0.38095238095238093,0.14285714285714285,0.47619047619047616,0.10131190476190477
2020-06-09,Healthcare,12,0.03560833333333333,0.4166666666666667,0.08333333333333333,0.5,0.0015680555555555493
2020-06-09,Industrials,24,0.09785416666666669,0.5,0.25,0.25,0.124685
2020-06-09,Materials,2,0.3753,0.5,0.0,0.5,0.3753
2020-06-09,RealEstate,3,0.0172,0.3333333333333333,0.0,0.6666666666666666,0.0129
2020-06-09,Tech,22,0.17005,0.45454545454545453,0.045454545454545456,0.5,0.29664238095238094
2020-06-09,Utilities,5,0.34032,1.0,0.0,0.0,0.32322500000000004
2020-06-10,Comm,6,-0.05079999999999999,0.16666666666666666,0.16666666666666666,0.6666666666666666,0.011962500000000015
2020-06-10,Consumer,48,0.0667,0.3125,0.10416666666666667,0.5833333333333334,-0.022498963636363632
2020-06-10,Energy,24,-0.04678333333333332,0.20833333333333334,0.25,0.5416666666666666,-0.15578888888888887
2020-06-10,Financials,19,0.14232105263157893,0.42105263157894735,0.2631578947368421,0.3157894736842105,0.17920297619047618
2020-06-10,Healthcare,24,0.11557083333333333,0.4583333333333333,0.08333333333333333,0.4583333333333333,0.09832222222222223
2020-06-10,Industrials,16,0.103375,0.375,0.0625,0.5625,0.05513333333333333
2020-06-10,RealEstate,4,0.024575,0.25,0.25,0.5,0.024575
2020-06-10,Tech,16,0.018481250000000008,0.1875,0.1875,0.625,0.01658125
2020-06-10,Utilities,3,0.0,0.0,0.0,1.0,0.0
2020-06-11,Comm,14,-0.0033214285714285702,0.21428571428571427,0.21428571428571427,0.5714285714285714,0.006903809523809526
2020-06-11,Consumer,38,0.06945,0.3157894736842105,0.10526315789473684,0.5789473684210527,0.04995316017316017
2020-06-11,Energy,27,-0.0006444444444444392,0.25925925925925924,0.18518518518518517,0.5555555555555556,-0.098045
2020-06-11,Financials,28,0.05376428571428572,0.4642857142857143,0.2857142857142857,0.25,0.07997088888888888
2020-06-11,Healthcare,8,0.2633,0.5,0.0,0.5,0.21064
2020-06-11,Industrials,25,-0.023388,0.44,0.28,0.28,0.10845095238095237
2020-06-11,Materials,4,0.215125,0.5,0.0,0.5,0.2338
2020-06-11,RealEstate,4,0.209675,0.75,0.0,0.25,0.24584999999999999
2020-06-11,Tech,14,0.21192142857142857,0.5714285714285714,0.0,0.42857142857142855,0.21306458333333333
2020-06-11,Utilities,2,0.3182,1.0,0.0,0.0,0.3182
2020-06-12,Comm,9,0.11055555555555556,0.3333333333333333,0.0,0.6666666666666666,0.11055555555555556
2020-06-12,Consumer,20,0.10525999999999999,0.35,0.0,0.65,0.07265361904761905
2020-06-12,Energy,10,0.006700000000000006,0.3,0.3,0.4,0.027370000000000016
2020-06-12,Financials,6,0.022616666666666674,0.3333333333333333,0.16666666666666666,0.5,0.06428333333333335
2020-06-12,Healthcare,10,0.017650000000000002,0.1,0.0,0.9,0.0239975
2020-06-12,Industrials,15,-0.004359999999999995,0.2,0.13333333333333333,0.6666666666666666,-0.07107749999999999
2020-06-12,Materials,4,-0.05767499999999999,0.25,0.25,0.5,0.010883333333333337
2020-06-12,RealEstate,1,0.296,1.0,0.0,0.0,0.296
2020-06-12,Tech,19,0.008900000000000007,0.3157894736842105,0.21052631578947367,0.47368421052631576,0.10682083333333334
2020-06-12,Utilities,1,0.2732,1.0,0.0,0.0,0.2732
2020-06-15,Comm,16,0.039999999999999994,0.3125,0.1875,0.5,0.022516666666666657
2020-06-15,Consumer,33,0.029218181818181817,0.36363636363636365,0.24242424242424243,0.3939393939393939,0.00854649350649351
2020-06-15,Energy,20,-0.052754999999999996,0.15,0.3,0.55,0.09615518518518519
2020-06-15,Financials,14,0.08902857142857143,0.35714285714285715,0.14285714285714285,0.5,0.09054374999999999
2020-06-15,Healthcare,19,0.13337894736842107,0.42105263157894735,0.0,0.5789473684210527,0.17032571428571427
2020-06-15,Industrials,22,0.031763636363636355,0.22727272727272727,0.09090909090909091,0.6818181818181818,0.06475821428571428
2020-06-15,Materials,1,0.2732,1.0,0.0,0.0,0.2732
2020-06-15,RealEstate,2,0.20095,0.5,0.0,0.5,0.20095
2020-06-15,Tech,13,0.1280230769230769,0.23076923076923078,0.0,0.7692307692307693,0.18420833333333334
2020-06-15,Utilities,4,0.54005,1.0,0.0,0.0,0.54005
2020-06-16,Comm,23,0.010804347826086956,0.2608695652173913,0.2608695652173913,0.4782608695652174,0.09305
2020-06-16,Consumer,12,0.2197916666666667,0.5833333333333334,0.08333333333333333,0.3333333333333333,0.21815
2020-06-16,Energy,15,0.08975333333333332,0.26666666666666666,0.0,0.7333333333333333,0.06768437499999999
2020-06-16,Financials,10,0.03377,0.1,0.1,0.8,0.10154166666666667
2020-06-16,Healthcare,11,0.08741818181818181,0.45454545454545453,0.18181818181818182,0.36363636363636365,0.06888333333333331
2020-06-16,Industrials,24,0.09909583333333333,0.3333333333333333,0.08333333333333333,0.5833333333333334,0.13316625
2020-06-16,Materials,1,0.0,0.0,0.0,1.0,0.0
2020-06-16,RealEstate,4,0.26307499999999995,0.5,0.0,0.5,0.263075
2020-06-16,Tech,10,0.14591,0.3,0.1,0.6,0.1823875
2020-06-16,Utilities,3,0.3716,0.6666666666666666,0.0,0.3333333333333333,0.41805000000000003
2020-06-17,Comm,12,0.08856666666666667,0.5,0.25,0.25,0.12827833333333333
2020-06-17,Consumer,20,0.08497500000000001,0.35,0.25,0.4,0.17689083333333333
2020-06-17,Energy,10,-0.060809999999999996,0.2,0.3,0.5,-0.0005199999999999996
2020-06-17,Financials,10,0.02928,0.2,0.2,0.6,-0.03236
2020-06-17,Healthcare,9,0.007266666666666668,0.2222222222222222,0.2222222222222222,0.5555555555555556,-0.1274625
2020-06-17,Industrials,6,0.0,0.0,0.0,1.0,0.0
2020-06-17,Materials,1,-0.6124,0.0,1.0,0.0,-0.6124
2020-06-17,RealEstate,3,-0.027600000000000013,0.3333333333333333,0.3333333333333333,0.3333333333333333,-0.02070000000000001
2020-06-17,Tech,6,0.07085000000000001,0.16666666666666666,0.16666666666666666,0.6666666666666666,0.053137500000000004
2020-06-17,Utilities,3,0.0,0.0,0.0,1.0,0.0
2020-06-18,Comm,16,-0.008775000000000005,0.125,0.125,0.75,0.011561249999999999
2020-06-18,Consumer,29,0.11268620689655172,0.3448275862068966,0.1724137931034483,0.4827586206896552,0.06908252380952382
2020-06-18,Energy,12,0.038066666666666665,0.3333333333333333,0.16666666666666666,0.5,0.019853333333333334
2020-06-18,Financials,9,-0.08302222222222223,0.1111111111111111,0.3333333333333333,0.5555555555555556,-0.09981999999999999
2020-06-18,Healthcare,8,0.3147875,0.75,0.0,0.25,0.3164416666666667
2020-06-18,Industrials,10,-0.08709,0.1,0.4,0.5,-0.06196833333333333
2020-06-18,Materials,3,0.0,0.0,0.0,1.0,0.0
2020-06-18,RealEstate,3,0.34626666666666667,0.6666666666666666,0.0,0.3333333333333333,0.34626666666666667
2020-06-18,Tech,5,0.25178,0.8,0.2,0.0,0.209825
2020-06-18,Utilities,2,0.4316,1.0,0.0,0.0,0.4316
2020-06-19,Comm,11,0.13573636363636365,0.6363636363636364,0.18181818181818182,0.18181818181818182,0.15536666666666665
2020-06-19,Consumer,21,0.03322380952380953,0.23809523809523808,0.19047619047619047,0.5714285714285714,0.00780155555555555
2020-06-19,Energy,17,0.2926764705882353,0.7058823529411765,0.058823529411764705,0.23529411764705882,0.315981746031746
2020-06-19,Financials,8,-0.1188,0.125,0.5,0.375,-0.103975
2020-06-19,Healthcare,9,0.11374444444444445,0.3333333333333333,0.2222222222222222,0.4444444444444444,0.16852916666666667
2020-06-19,Industrials,5,0.08808,0.2,0.0,0.8,0.1101
2020-06-19,Materials,2,-0.11315,0.0,0.5,0.5,-0.11315
2020-06-19,Tech,5,-0.14448,0.0,0.4,0.6,-0.12040000000000001
2020-06-19,Utilities,2,0.32135,1.0,0.0,0.0,0.32135
2020-06-22,Comm,11,0.14536363636363636,0.5454545454545454,0.18181818181818182,0.2727272727272727,0.17502083333333332
2020-06-22,Consumer,49,0.041579591836734694,0.2653061224489796,0.14285714285714285,0.5918367346938775,0.04642333333333333
2020-06-22,Energy,7,0.1689857142857143,0.42857142857142855,0.14285714285714285,0.42857142857142855,0.22134166666666666
2020-06-22,Financials,9,-0.08058888888888889,0.1111111111111111,0.2222222222222222,0.6666666666666666,-0.064625
2020-06-22,Healthcare,12,0.195825,0.4166666666666667,0.0,0.5833333333333334,0.3400083333333333
2020-06-22,Industrials,6,0.15844999999999998,0.3333333333333333,0.16666666666666666,0.5,0.12918888888888888
2020-06-22,Materials,6,0.10485,0.5,0.16666666666666666,0.3333333333333333,0.10485
2020-06-22,Tech,13,0.2567307692307692,0.6153846153846154,0.0,0.38461538461538464,0.1924352380952381
2020-06-22,Utilities,6,-0.13396666666666665,0.0,0.3333333333333333,0.6666666666666666,-0.11163888888888888
2020-06-23,Comm,8,0.21655,0.5,0.0,0.5,0.1642972222222222
2020-06-23,Consumer,40,0.185635,0.45,0.025,0.525,0.17650266666666667
2020-06-23,Energy,8,0.2327875,0.5,0.0,0.5,0.1816625
2020-06-23,Financials,12,0.07363333333333334,0.25,0.0,0.75,0.1175875
2020-06-23,Healthcare,14,0.009121428571428574,0.14285714285714285,0.07142857142857142,0.7857142857142857,0.003990625000000001
2020-06-23,Industrials,15,0.2427666666666667,0.6,0.0,0.4,0.17159799999999997
2020-06-23,Materials,5,0.09176,0.2,0.0,0.8,0.07646666666666667
2020-06-23,RealEstate,4,0.0,0.0,0.0,1.0,0.0
2020-06-23,Tech,12,0.10073333333333334,0.25,0.16666666666666666,0.5833333333333334,0.07456666666666667
2020-06-23,Utilities,5,0.05464,0.2,0.0,0.8,0.0683
2020-06-24,Comm,16,0.20215625,0.5625,0.125,0.3125,0.17123535353535355
2020-06-24,Consumer,25,0.007032000000000003,0.24,0.28,0.48,0.015461000000000003
2020-06-24,Energy,16,-0.20395624999999998,0.0625,0.5,0.4375,-0.1898207142857143
2020-06-24,Financials,10,0.060320000000000006,0.3,0.4,0.3,0.08500333333333336
2020-06-24,Healthcare,8,0.0281375,0.25,0.125,0.625,0.01970833333333333
2020-06-24,Industrials,13,-0.12185384615384616,0.15384615384615385,0.46153846153846156,0.38461538461538464,-0.034453333333333336
2020-06-24,Materials,1,0.0,0.0,0.0,1.0,0.0
2020-06-24,RealEstate,2,-0.1806,0.0,0.5,0.5,-0.1806
2020-06-24,Tech,7,-0.12614285714285714,0.2857142857142857,0.42857142857142855,0.2857142857142857,-0.1557208333333333
2020-06-24,Utilities,1,-0.1027,0.0,1.0,0.0,-0.1027
2020-06-25,Comm,10,0.08204,0.5,0.2,0.3,0.11716444444444445
2020-06-25,Consumer,44,0.09235227272727271,0.36363636363636365,0.22727272727272727,0.4090909090909091,0.0876294
2020-06-25,Energy,17,0.11503529411764706,0.5294117647058824,0.17647058823529413,0.29411764705882354,0.11410380952380952
2020-06-25,Financials,22,-0.08683636363636364,0.18181818181818182,0.22727272727272727,0.5909090909090909,-0.01028685714285715
2020-06-25,Healthcare,12,0.18076666666666666,0.5833333333333334,0.16666666666666666,0.25,0.15567083333333334
2020-06-25,Industrials,20,0.012305000000000002,0.3,0.2,0.5,-0.07478088235294118
2020-06-25,Materials,1,0.4019,1.0,0.0,0.0,0.4019
2020-06-25,Tech,5,-0.36236,0.0,0.6,0.4,-0.42828333333333335
2020-06-25,Utilities,2,0.0,0.0,0.0,1.0,0.0
2020-06-26,Comm,5,0.31616,0.8,0.0,0.2,0.36275
2020-06-26,Consumer,24,-0.009366666666666662,0.16666666666666666,0.25,0.5833333333333334,0.1670535294117647
2020-06-26,Energy,9,0.11778888888888889,0.4444444444444444,0.1111111111111111,0.4444444444444444,0.08318888888888888
2020-06-26,Financials,15,-0.04568666666666666,0.26666666666666666,0.3333333333333333,0.4,0.013000595238095242
2020-06-26,Healthcare,10,-0.04773999999999999,0.1,0.5,0.4,-0.061418333333333325
2020-06-26,Industrials,12,0.008291666666666668,0.25,0.08333333333333333,0.6666666666666666,0.016998148148148148
2020-06-26,Materials,1,0.34,1.0,0.0,0.0,0.34
2020-06-26,RealEstate,2,0.0191,0.0,0.0,1.0,0.0191
2020-06-26,Tech,3,-0.10626666666666666,0.3333333333333333,0.3333333333333333,0.3333333333333333,-0.054025
2020-06-26,Utilities,4,0.085,0.25,0.0,0.75,0.11333333333333334
2020-06-29,Comm,22,0.07707727272727273,0.2727272727272727,0.13636363636363635,0.5909090909090909,0.020961025641025643
2020-06-29,Consumer,46,0.06066086956521739,0.34782608695652173,0.17391304347826086,0.4782608695652174,0.04655276923076923
2020-06-29,Energy,8,-0.020049999999999995,0.5,0.375,0.125,0.023400000000000008
2020-06-29,Financials,18,0.1613777777777778,0.5,0.16666666666666666,0.3333333333333333,0.16995166666666667
2020-06-29,Healthcare,26,0.1273576923076923,0.38461538461538464,0.11538461538461539,0.5,0.167875
2020-06-29,Industrials,30,0.21039333333333332,0.4666666666666667,0.0,0.5333333333333333,0.22736607142857143
2020-06-29,Materials,2,0.11315,0.5,0.0,0.5,0.11315
2020-06-29,RealEstate,1,0.0,0.0,0.0,1.0,0.0
2020-06-29,Tech,6,0.19183333333333333,0.5,0.16666666666666666,0.3333333333333333,0.19183333333333333
2020-06-29,Utilities,1,0.0,0.0,0.0,1.0,0.0
2020-06-30,Comm,9,0.07807777777777777,0.3333333333333333,0.1111111111111111,0.5555555555555556,0.1538904761904762
2020-06-30,Consumer,29,0.04870000000000001,0.3793103448275862,0.20689655172413793,0.41379310344827586,0.057023333333333336
2020-06-30,Energy,15,0.12301333333333334,0.6,0.13333333333333333,0.26666666666666666,0.12735583333333333
2020-06-30,Financials,22,0.004659090909090916,0.18181818181818182,0.22727272727272727,0.5909090909090909,0.03491928571428572
2020-06-30,Healthcare,8,0.13111250000000002,0.375,0.125,0.5,0.13658333333333336
2020-06-30,Industrials,20,0.08154,0.35,0.3,0.35,0.04238000000000001
2020-06-30,Materials,3,0.06743333333333333,0.3333333333333333,0.0,0.6666666666666666,0.06743333333333333
2020-06-30,RealEstate,2,0.3609,1.0,0.0,0.0,0.3609
2020-06-30,Tech,9,0.39694444444444443,0.8888888888888888,0.0,0.1111111111111111,0.39919
2020-06-30,Utilities,2,0.17,0.5,0.0,0.5,0.17
2020-07-01,Comm,6,-0.04573333333333333,0.16666666666666666,0.16666666666666666,0.6666666666666666,-0.0343
2020-07-01,Consumer,29,-0.005517241379310345,0.3448275862068966,0.20689655172413793,0.4482758620689655,-0.1007424025974026
2020-07-01,Energy,7,0.04287142857142857,0.5714285714285714,0.2857142857142857,0.14285714285714285,0.05932916666666667
2020-07-01,Financials,7,-0.19,0.2857142857142857,0.42857142857142855,0.2857142857142857,-0.31714166666666666
2020-07-01,Healthcare,16,0.26903125,0.5625,0.0625,0.375,0.2474236111111111
2020-07-01,Industrials,12,0.18919166666666665,0.5,0.16666666666666666,0.3333333333333333,0.26006111111111113
2020-07-01,Materials,2,0.10115,0.5,0.0,0.5,0.10115
2020-07-01,RealEstate,2,0.0,0.0,0.0,1.0,0.0
2020-07-01,Tech,5,0.21719999999999998,0.4,0.0,0.6,0.18099999999999997
2020-07-01,Utilities,6,0.16768333333333332,0.5,0.0,0.5,0.176
2020-07-02,Comm,7,-0.025414285714285716,0.0,0.14285714285714285,0.8571428571428571,-0.014825
2020-07-02,Consumer,23,0.07697826086956522,0.21739130434782608,0.08695652173913043,0.6956521739130435,0.16190600000000002
2020-07-02,Energy,22,0.07255,0.45454545454545453,0.13636363636363635,0.4090909090909091,0.17867757575757576
2020-07-02,Financials,24,0.08888750000000001,0.20833333333333334,0.0,0.7916666666666666,0.07885
2020-07-02,Healthcare,8,0.0803375,0.375,0.125,0.5,0.16365833333333332
2020-07-02,Industrials,15,0.012640000000000004,0.13333333333333333,0.06666666666666667,0.8,0.027878124999999997
2020-07-02,Materials,1,0.0,0.0,0.0,1.0,0.0
2020-07-02,RealEstate,3,-0.042666666666666665,0.0,0.3333333333333333,0.6666666666666666,-0.064
2020-07-02,Tech,5,0.20796,0.4,0.0,0.6,0.295125
2020-07-02,Utilities,2,0.8074,1.0,0.0,0.0,0.8074
2020-07-06,Comm,21,0.04813809523809524,0.23809523809523808,0.09523809523809523,0.6666666666666666,0.04434400000000001
2020-07-06,Consumer,44,0.004177272727272729,0.2727272727272727,0.25,0.4772727272727273,0.0012227619047619042
2020-07-06,Energy,16,0.14556875,0.4375,0.0,0.5625,0.12836380952380952
2020-07-06,Financials,15,-0.002693333333333334,0.26666666666666666,0.3333333333333333,0.4,0.0469425
2020-07-06,Healthcare,28,0.09541785714285714,0.32142857142857145,0.07142857142857142,0.6071428571428571,0.09275857142857143
2020-07-06,Industrials,16,-0.06646250000000001,0.1875,0.3125,0.5,0.008782727272727272
2020-07-06,Materials,5,-0.15510000000000002,0.2,0.4,0.4,-0.11442500000000001
2020-07-06,RealEstate,2,-0.1591,0.0,0.5,0.5,-0.1591
2020-07-06,Tech,23,0.08321304347826086,0.17391304347826086,0.043478260869565216,0.782608695652174,0.07276915584415584
2020-07-06,Utilities,37,0.17332162162162162,0.4594594594594595,0.10810810810810811,0.43243243243243246,0.23985845410628018
2020-07-07,Comm,14,0.08132142857142857,0.21428571428571427,0.07142857142857142,0.7142857142857143,0.08076000000000001
2020-07-07,Consumer,23,0.16578695652173914,0.4782608695652174,0.08695652173913043,0.43478260869565216,0.14487181818181818
2020-07-07,Energy,13,0.021753846153846148,0.3076923076923077,0.3076923076923077,0.38461538461538464,-0.04622738095238096
2020-07-07,Financials,3,0.054899999999999984,0.6666666666666666,0.3333333333333333,0.0,-0.13842500000000002
2020-07-07,Healthcare,11,0.1426181818181818,0.5454545454545454,0.09090909090909091,0.36363636363636365,0.12016666666666667
2020-07-07,Industrials,8,0.085475,0.5,0.375,0.125,-0.06824285714285715
2020-07-07,Materials,1,0.0,0.0,0.0,1.0,0.0
2020-07-07,RealEstate,2,0.48385,1.0,0.0,0.0,0.48385
2020-07-07,Tech,2,0.35015,0.5,0.0,0.5,0.35015
2020-07-07,Utilities,3,-0.2394666666666667,0.0,0.3333333333333333,0.6666666666666666,-0.1796
2020-07-08,Comm,8,-0.11547500000000001,0.25,0.25,0.5,-0.08660625
2020-07-08,Consumer,22,0.18725000000000003,0.45454545454545453,0.0,0.5454545454545454,0.18475666666666668
2020-07-08,Energy,2,0.5859,1.0,0.0,0.0,0.5859
2020-07-08,Financials,8,0.311425,0.75,0.0,0.25,0.25695
2020-07-08,Healthcare,17,0.11411176470588236,0.5294117647058824,0.11764705882352941,0.35294117647058826,0.18671488095238095
2020-07-08,Industrials,10,0.14571,0.4,0.0,0.6,0.134395
2020-07-08,Materials,1,0.5719,1.0,0.0,0.0,0.5719
2020-07-08,RealEstate,1,-0.5994,0.0,1.0,0.0,-0.5994
2020-07-08,Tech,9,0.0524,0.5555555555555556,0.2222222222222222,0.2222222222222222,0.030240000000000003
2020-07-08,Utilities,8,-0.016174999999999995,0.25,0.25,0.5,-0.09633611111111111
2020-07-09,Comm,6,0.21711666666666665,0.5,0.0,0.5,0.21056249999999999
2020-07-09,Consumer,24,0.08881666666666667,0.375,0.125,0.5,0.08616750000000001
2020-07-09,Energy,11,0.20668181818181822,0.6363636363636364,0.18181818181818182,0.18181818181818182,0.18226250000000002
2020-07-09,Financials,18,0.20059444444444444,0.5,0.05555555555555555,0.4444444444444444,0.17742708333333335
2020-07-09,Healthcare,7,0.04294285714285714,0.2857142857142857,0.14285714285714285,0.5714285714285714,0.044638888888888895
2020-07-09,Industrials,5,-0.0023599999999999845,0.2,0.4,0.4,0.018888888888888917
2020-07-09,Materials,2,0.0,0.0,0.0,1.0,0.0
2020-07-09,RealEstate,2,0.0,0.0,0.0,1.0,0.0
2020-07-09,Tech,11,0.17090000000000002,0.45454545454545453,0.09090909090909091,0.45454545454545453,0.1812904761904762
2020-07-09,Utilities,3,0.17556666666666665,0.3333333333333333,0.0,0.6666666666666666,0.17556666666666665
2020-07-10,Comm,4,0.0,0.0,0.0,1.0,0.0
2020-07-10,Consumer,15,-0.030326666666666672,0.2,0.26666666666666666,0.5333333333333333,0.007357142857142847
2020-07-10,Energy,9,0.13933333333333334,0.4444444444444444,0.0,0.5555555555555556,0.17794666666666667
2020-07-10,Financials,19,0.06405789473684209,0.42105263157894735,0.15789473684210525,0.42105263157894735,0.04296
2020-07-10,Healthcare,28,0.08959642857142858,0.5,0.21428571428571427,0.2857142857142857,0.22027181818181818
2020-07-10,Industrials,9,-0.13194444444444445,0.3333333333333333,0.5555555555555556,0.1111111111111111,-0.10286190476190477
2020-07-10,Materials,1,0.0,0.0,0.0,1.0,0.0
2020-07-10,RealEstate,1,0.0772,1.0,0.0,0.0,0.0772
2020-07-10,Tech,5,0.0,0.0,0.0,1.0,0.0
2020-07-10,Utilities,2,0.36819999999999997,1.0,0.0,0.0,0.36819999999999997
2020-07-13,Comm,11,0.07229090909090909,0.2727272727272727,0.09090909090909091,0.6363636363636364,0.041733333333333324
2020-07-13,Consumer,29,0.11906206896551724,0.41379310344827586,0.1724137931034483,0.41379310344827586,0.16700771428571426
2020-07-13,Energy,4,0.378875,0.75,0.0,0.25,0.44849999999999995
2020-07-13,Financials,18,0.05074444444444445,0.3333333333333333,0.1111111111111111,0.5555555555555556,0.03127666666666666
2020-07-13,Healthcare,14,0.16881428571428572,0.5,0.07142857142857142,0.42857142857142855,0.05238
2020-07-13,Industrials,7,0.2612,0.42857142857142855,0.0,0.5714285714285714,0.17143333333333333
2020-07-13,Materials,2,0.0,0.0,0.0,1.0,0.0
2020-07-13,RealEstate,1,0.0,0.0,0.0,1.0,0.0
2020-07-13,Tech,8,0.224925,0.5,0.0,0.5,0.32982500000000003
2020-07-13,Utilities,6,-0.00626666666666667,0.16666666666666666,0.3333333333333333,0.5,0.020249999999999997
2020-07-14,Comm,10,0.11311,0.3,0.1,0.6,0.04039642857142857
2020-07-14,Consumer,23,0.08376086956521739,0.391304347826087,0.17391304347826086,0.43478260869565216,0.08158119047619047
2020-07-14,Energy,2,-0.0258,0.0,0.5,0.5,-0.0258
2020-07-14,Financials,47,0.03379787234042553,0.3404255319148936,0.14893617021276595,0.5106382978723404,0.011402152777777773
2020-07-14,Healthcare,8,0.175125,0.625,0.125,0.25,0.22698999999999997
2020-07-14,Industrials,17,0.07504705882352941,0.29411764705882354,0.058823529411764705,0.6470588235294118,0.09359300000000001
2020-07-14,RealEstate,1,0.0,0.0,0.0,1.0,0.0
2020-07-14,Tech,12,0.09423333333333334,0.25,0.0,0.75,0.10832
2020-07-14,Utilities,2,0.2732,1.0,0.0,0.0,0.2732
2020-07-15,Comm,7,0.1026142857142857,0.42857142857142855,0.14285714285714285,0.42857142857142855,0.07219166666666665
2020-07-15,Consumer,29,0.11538965517241379,0.3448275862068966,0.13793103448275862,0.5172413793103449,0.12762828571428572
2020-07-15,Energy,8,-0.1723875,0.125,0.375,0.5,-0.13835833333333333
2020-07-15,Financials,44,0.2526022727272727,0.5227272727272727,0.09090909090909091,0.38636363636363635,0.29622365217391305
2020-07-15,Healthcare,5,0.38642000000000004,0.8,0.0,0.2,0.399875
2020-07-15,Industrials,8,0.179125,0.625,0.0,0.375,0.16625
2020-07-15,RealEstate,5,0.01714,0.2,0.0,0.8,0.014283333333333334
2020-07-15,Tech,9,0.07036666666666666,0.3333333333333333,0.2222222222222222,0.4444444444444444,0.078175
2020-07-15,Utilities,4,0.550125,1.0,0.0,0.0,0.529
2020-07-16,Comm,7,0.11742857142857144,0.2857142857142857,0.14285714285714285,0.5714285714285714,0.16331666666666667
2020-07-16,Consumer,25,0.065564,0.32,0.2,0.48,0.17396198412698413
2020-07-16,Energy,10,0.13881000000000002,0.4,0.1,0.5,0.1645
2020-07-16,Financials,19,0.03676842105263158,0.3684210526315789,0.2631578947368421,0.3684210526315789,-0.039508585858585854
2020-07-16,Healthcare,13,0.17073846153846153,0.38461538461538464,0.0,0.6153846153846154,0.2455925
2020-07-16,Industrials,9,0.003266666666666667,0.2222222222222222,0.1111111111111111,0.6666666666666666,0.0036750000000000003
2020-07-16,Materials,3,0.0172,0.3333333333333333,0.0,0.6666666666666666,0.0172
2020-07-16,Tech,11,-0.038836363636363634,0.18181818181818182,0.45454545454545453,0.36363636363636365,-0.008471666666666655
2020-07-16,Utilities,5,0.11438,0.2,0.0,0.8,0.142975
2020-07-17,Comm,2,-0.4989,0.0,1.0,0.0,-0.4989
2020-07-17,Consumer,19,0.056773684210526316,0.42105263157894735,0.2631578947368421,0.3157894736842105,0.09583222222222224
2020-07-17,Energy,8,0.0007749999999999953,0.5,0.5,0.0,-0.019125000000000007
2020-07-17,Financials,18,-0.03019999999999999,0.2222222222222222,0.2222222222222222,0.5555555555555556,-0.04675047619047619
2020-07-17,Healthcare,11,0.003845454545454541,0.18181818181818182,0.18181818181818182,0.6363636363636364,-0.08089166666666667
2020-07-17,Industrials,5,-0.0843,0.2,0.4,0.4,0.1124625
2020-07-17,Materials,2,0.0,0.0,0.0,1.0,0.0
2020-07-17,Tech,7,-0.12338571428571429,0.14285714285714285,0.42857142857142855,0.42857142857142855,-0.05758
2020-07-17,Utilities,3,0.3197,1.0,0.0,0.0,0.3197
2020-07-20,Comm,8,0.15363749999999998,0.375,0.0,0.625,0.06828333333333332
2020-07-20,Consumer,31,0.05510322580645162,0.3225806451612903,0.16129032258064516,0.5161290322580645,0.06023041125541125
2020-07-20,Energy,26,0.23130384615384617,0.5769230769230769,0.15384615384615385,0.2692307692307692,0.08381055555555557
2020-07-20,Financials,13,0.1467153846153846,0.6153846153846154,0.15384615384615385,0.23076923076923078,0.11649999999999999
2020-07-20,Healthcare,7,0.1775142857142857,0.7142857142857143,0.14285714285714285,0.14285714285714285,0.25975833333333337
2020-07-20,Industrials,14,0.0033642857142857164,0.21428571428571427,0.21428571428571427,0.5714285714285714,0.2762636363636364
2020-07-20,Materials,1,0.0,0.0,0.0,1.0,0.0
2020-07-20,RealEstate,5,0.0,0.0,0.0,1.0,0.0
2020-07-20,Tech,22,0.09037727272727274,0.4090909090909091,0.22727272727272727,0.36363636363636365,0.1277673076923077
2020-07-20,Utilities,7,0.06428571428571428,0.7142857142857143,0.2857142857142857,0.0,0.0131
2020-07-21,Comm,10,0.18483,0.4,0.1,0.5,0.17599666666666666
2020-07-21,Consumer,46,0.25558695652173913,0.5869565217391305,0.08695652173913043,0.32608695652173914,0.21607577639751555
2020-07-21,Energy,32,0.206734375,0.53125,0.0625,0.40625,0.24793843711843713
2020-07-21,Financials,12,0.2635166666666667,0.6666666666666666,0.0,0.3333333333333333,0.16736190476190477
2020-07-21,Healthcare,15,0.23441333333333333,0.5333333333333333,0.0,0.4666666666666667,0.2214125
2020-07-21,Industrials,9,0.13737777777777777,0.4444444444444444,0.0,0.5555555555555556,0.13295714285714286
2020-07-21,RealEstate,5,0.08808,0.2,0.0,0.8,0.08808
2020-07-21,Tech,12,0.26585,0.5,0.0,0.5,0.23766
2020-07-21,Utilities,3,0.10826666666666666,0.6666666666666666,0.0,0.3333333333333333,0.1495
2020-07-22,Comm,7,0.12845714285714285,0.2857142857142857,0.0,0.7142857142857143,0.09405
2020-07-22,Consumer,17,0.0766,0.23529411764705882,0.11764705882352941,0.6470588235294118,0.091004
2020-07-22,Energy,13,0.12843846153846153,0.6153846153846154,0.15384615384615385,0.23076923076923078,0.158025
2020-07-22,Financials,15,0.059846666666666666,0.26666666666666666,0.06666666666666667,0.6666666666666666,0.04424791666666666
2020-07-22,Healthcare,5,0.48172,0.8,0.0,0.2,0.5211666666666667
2020-07-22,Industrials,14,-0.026028571428571432,0.14285714285714285,0.2857142857142857,0.5714285714285714,-0.003961111111111119
2020-07-22,Materials,2,0.1366,0.5,0.0,0.5,0.1366
2020-07-22,RealEstate,2,0.14934999999999998,0.5,0.5,0.0,0.14934999999999998
2020-07-22,Tech,9,0.2119888888888889,0.5555555555555556,0.0,0.4444444444444444,0.2235722222222222
2020-07-23,Comm,10,-0.07498999999999999,0.2,0.3,0.5,-0.19804999999999998
2020-07-23,Consumer,32,0.041721875000000005,0.25,0.15625,0.59375,0.048864294871794875
2020-07-23,Energy,7,0.031771428571428575,0.2857142857142857,0.14285714285714285,0.5714285714285714,0.027800000000000005
2020-07-23,Financials,10,0.008310000000000001,0.2,0.1,0.7,0.010518333333333334
2020-07-23,Healthcare,7,-0.023285714285714274,0.2857142857142857,0.2857142857142857,0.42857142857142855,-0.06659999999999998
2020-07-23,Industrials,12,0.033208333333333326,0.3333333333333333,0.16666666666666666,0.5,0.2657075
2020-07-23,Materials,11,-0.03733636363636362,0.18181818181818182,0.18181818181818182,0.6363636363636364,0.00931750000000001
2020-07-23,RealEstate,3,0.09866666666666667,0.3333333333333333,0.0,0.6666666666666666,0.148
2020-07-23,Tech,15,0.16596666666666668,0.4,0.06666666666666667,0.5333333333333333,0.2287962962962963
2020-07-23,Utilities,4,0.15332500000000002,0.5,0.0,0.5,0.15332500000000002
2020-07-24,Comm,18,0.04233888888888889,0.2222222222222222,0.05555555555555555,0.7222222222222222,0.023815625000000003
2020-07-24,Consumer,19,-0.02698947368421053,0.10526315789473684,0.10526315789473684,0.7894736842105263,-0.008540833333333333
2020-07-24,Energy,18,0.06993333333333335,0.3888888888888889,0.16666666666666666,0.4444444444444444,0.21811153846153847
2020-07-24,Financials,16,-0.023156249999999996,0.3125,0.375,0.3125,-0.013712499999999997
2020-07-24,Healthcare,10,0.23593999999999998,0.5,0.0,0.5,0.164015
2020-07-24,Industrials,14,-0.007885714285714274,0.35714285714285715,0.5,0.14285714285714285,0.22818750000000002
2020-07-24,Materials,5,0.16758,0.4,0.0,0.6,0.13965000000000002
2020-07-24,RealEstate,1,0.0,0.0,0.0,1.0,0.0
2020-07-24,Tech,44,-0.012538636363636365,0.18181818181818182,0.22727272727272727,0.5909090909090909,0.19541746031746032
2020-07-24,Utilities,9,0.23264444444444443,0.6666666666666666,0.0,0.3333333333333333,0.2648
2020-07-27,Comm,5,0.14368,0.2,0.0,0.8,0.1796
2020-07-27,Consumer,21,0.1262285714285714,0.42857142857142855,0.09523809523809523,0.47619047619047616,0.11259861111111111
2020-07-27,Energy,14,0.055228571428571425,0.21428571428571427,0.0,0.7857142857142857,0.03866
2020-07-27,Financials,14,0.10867857142857143,0.5,0.14285714285714285,0.35714285714285715,0.16995208333333334
2020-07-27,Healthcare,14,-0.009057142857142856,0.14285714285714285,0.14285714285714285,0.7142857142857143,-0.004582142857142856
2020-07-27,Industrials,13,0.09512307692307692,0.38461538461538464,0.15384615384615385,0.46153846153846156,0.15834166666666666
2020-07-27,Materials,9,0.054877777777777775,0.1111111111111111,0.0,0.8888888888888888,0.024695
2020-07-27,RealEstate,3,0.12483333333333334,0.3333333333333333,0.3333333333333333,0.3333333333333333,0.26125
2020-07-27,Tech,34,0.16183529411764705,0.5294117647058824,0.14705882352941177,0.3235294117647059,0.16424583333333334
2020-07-27,Utilities,12,0.02975833333333334,0.3333333333333333,0.25,0.4166666666666667,-0.013293749999999993
2020-07-28,Comm,9,0.1744777777777778,0.4444444444444444,0.0,0.5555555555555556,0.172625
2020-07-28,Consumer,21,0.09611428571428572,0.2857142857142857,0.047619047619047616,0.6666666666666666,0.09230752380952381
2020-07-28,Energy,2,0.2023,1.0,0.0,0.0,0.2023
2020-07-28,Financials,17,0.0571,0.29411764705882354,0.17647058823529413,0.5294117647058824,0.05495
2020-07-28,Healthcare,14,0.09824999999999999,0.42857142857142855,0.14285714285714285,0.42857142857142855,0.047625
2020-07-28,Industrials,29,-0.03111379310344828,0.27586206896551724,0.3793103448275862,0.3448275862068966,0.12604796052631578
2020-07-28,Materials,9,0.09387777777777778,0.2222222222222222,0.0,0.7777777777777778,0.2832375
2020-07-28,Tech,17,0.12002352941176471,0.4117647058823529,0.23529411764705882,0.35294117647058826,0.08935357142857142
2020-07-28,Utilities,2,0.2202,0.5,0.0,0.5,0.2202
2020-07-29,Comm,12,0.01189166666666667,0.25,0.08333333333333333,0.6666666666666666,0.024543750000000003
2020-07-29,Consumer,39,0.11200256410256411,0.358974358974359,0.1282051282051282,0.5128205128205128,0.04226472222222223
2020-07-29,Energy,5,0.2604,0.8,0.0,0.2,0.3002125
2020-07-29,Financials,13,0.04750769230769231,0.23076923076923078,0.07692307692307693,0.6923076923076923,0.08430476190476191
2020-07-29,Healthcare,11,0.041081818181818185,0.18181818181818182,0.18181818181818182,0.6363636363636364,0.138288
2020-07-29,Industrials,40,0.055627499999999996,0.25,0.275,0.475,0.06423157051282052
2020-07-29,Materials,4,0.09545,0.25,0.0,0.75,0.06363333333333333
2020-07-29,RealEstate,6,0.10396666666666667,0.3333333333333333,0.0,0.6666666666666666,0.10452999999999998
2020-07-29,Tech,43,0.15998372093023255,0.3953488372093023,0.11627906976744186,0.4883720930232558,0.23283190464426878
2020-07-29,Utilities,5,0.1367,0.4,0.0,0.6,0.17923333333333333
2020-07-30,Comm,15,0.09852666666666667,0.26666666666666666,0.06666666666666667,0.6666666666666666,0.06398833333333334
2020-07-30,Consumer,24,0.11074166666666667,0.4166666666666667,0.20833333333333334,0.375,0.10741133333333334
2020-07-30,Energy,29,0.058948275862068966,0.2413793103448276,0.10344827586206896,0.6551724137931034,0.058042666666666666
2020-07-30,Financials,9,0.1734,0.4444444444444444,0.1111111111111111,0.4444444444444444,0.27354666666666666
2020-07-30,Healthcare,11,-0.04128181818181818,0.18181818181818182,0.2727272727272727,0.5454545454545454,-0.014190625
2020-07-30,Industrials,46,0.12498695652173915,0.41304347826086957,0.13043478260869565,0.45652173913043476,0.0753268376068376
2020-07-30,Materials,12,0.06328333333333334,0.3333333333333333,0.16666666666666666,0.5,0.0039000000000000033
2020-07-30,RealEstate,6,-0.07945,0.0,0.16666666666666666,0.8333333333333334,-0.119175
2020-07-30,Tech,40,-0.029465,0.15,0.225,0.625,0.040823611111111116
2020-07-30,Utilities,5,0.10533999999999999,0.2,0.0,0.8,0.08778333333333332
2020-07-31,Comm,6,0.20481666666666665,0.5,0.0,0.5,0.20481666666666665
2020-07-31,Consumer,19,0.08989473684210528,0.3157894736842105,0.15789473684210525,0.5263157894736842,0.029280285714285714
2020-07-31,Energy,36,-0.027558333333333334,0.3611111111111111,0.3055555555555556,0.3333333333333333,-0.027899523809523805
2020-07-31,Financials,6,0.009849999999999998,0.16666666666666666,0.3333333333333333,0.5,-0.08325
2020-07-31,Healthcare,35,0.07062571428571428,0.2857142857142857,0.08571428571428572,0.6285714285714286,0.07349145299145299
2020-07-31,Industrials,24,-0.009487499999999996,0.3333333333333333,0.25,0.4166666666666667,-0.010027999999999999
2020-07-31,Materials,1,0.2732,1.0,0.0,0.0,0.2732
2020-07-31,RealEstate,3,0.1953,0.3333333333333333,0.0,0.6666666666666666,0.29295
2020-07-31,Tech,4,0.26335,0.5,0.0,0.5,0.26335
2020-07-31,Utilities,7,0.2980714285714286,0.7142857142857143,0.0,0.2857142857142857,0.173875
2020-08-03,Comm,22,0.22839090909090912,0.5909090909090909,0.045454545454545456,0.36363636363636365,0.24238400000000002
2020-08-03,Consumer,36,0.0845361111111111,0.4166666666666667,0.1388888888888889,0.4444444444444444,0.050337607843137254
2020-08-03,Energy,16,-0.0007312499999999993,0.1875,0.125,0.6875,0.10191750000000002
2020-08-03,Financials,13,0.04913076923076923,0.23076923076923078,0.15384615384615385,0.6153846153846154,0.05421
2020-08-03,Healthcare,24,0.059991666666666665,0.25,0.0,0.75,0.05058619047619047
2020-08-03,Industrials,27,-0.052159259259259266,0.18518518518518517,0.3333333333333333,0.48148148148148145,-0.11562018181818183
2020-08-03,Materials,2,0.63375,1.0,0.0,0.0,0.63375
2020-08-03,RealEstate,2,-0.0258,0.0,0.5,0.5,-0.0258
2020-08-03,Tech,15,0.16035333333333332,0.4,0.0,0.6,0.15939222222222224
2020-08-03,Utilities,4,0.3801,1.0,0.0,0.0,0.3444666666666667
2020-08-04,Comm,21,0.02795714285714286,0.23809523809523808,0.19047619047619047,0.5714285714285714,0.08877538461538462
2020-08-04,Consumer,40,0.0667025,0.325,0.225,0.45,0.20537616161616162
2020-08-04,Energy,10,-0.032469999999999985,0.2,0.4,0.4,-0.014212499999999996
2020-08-04,Financials,11,0.049509090909090905,0.2727272727272727,0.18181818181818182,0.5454545454545454,0.028711666666666656
2020-08-04,Healthcare,11,0.03553636363636364,0.2727272727272727,0.18181818181818182,0.5454545454545454,0.0016916666666666677
2020-08-04,Industrials,16,0.0158875,0.3125,0.375,0.3125,0.07183333333333332
2020-08-04,Materials,4,0.148,0.5,0.0,0.5,0.148
2020-08-04,RealEstate,2,-0.2997,0.0,0.5,0.5,-0.2997
2020-08-04,Tech,23,0.12589130434782608,0.43478260869565216,0.17391304347826086,0.391304347826087,0.14003060606060605
2020-08-04,Utilities,5,0.36944000000000005,0.8,0.0,0.2,0.3929666666666667
2020-08-05,Comm,10,0.10105,0.2,0.0,0.8,0.1688125
2020-08-05,Consumer,52,0.09140576923076923,0.36538461538461536,0.17307692307692307,0.46153846153846156,0.020249411764705884
2020-08-05,Energy,15,0.2207,0.4666666666666667,0.0,0.5333333333333333,0.15685833333333332
2020-08-05,Financials,13,0.1340230769230769,0.5384615384615384,0.0,0.46153846153846156,0.132305
2020-08-05,Healthcare,3,-0.023299999999999987,0.3333333333333333,0.3333333333333333,0.3333333333333333,-0.023299999999999987
2020-08-05,Industrials,12,0.05896666666666667,0.25,0.16666666666666666,0.5833333333333334,0.12022249999999998
2020-08-05,Materials,4,-0.025675,0.0,0.25,0.75,-0.017116666666666665
2020-08-05,RealEstate,3,0.09866666666666667,0.3333333333333333,0.0,0.6666666666666666,0.074
2020-08-05,Tech,19,0.08801578947368421,0.5263157894736842,0.2631578947368421,0.21052631578947367,0.08502410714285716
2020-08-05,Utilities,4,-0.025675,0.0,0.25,0.75,-0.03423333333333333
2020-08-06,Comm,13,0.20966923076923077,0.5384615384615384,0.0,0.46153846153846156,0.2236301587301587
2020-08-06,Consumer,17,0.07323529411764707,0.4117647058823529,0.23529411764705882,0.35294117647058826,0.060406
2020-08-06,Energy,5,0.23211999999999997,0.4,0.0,0.6,0.19343333333333332
2020-08-06,Financials,8,0.013762499999999997,0.375,0.375,0.25,0.0031250000000000062
2020-08-06,Healthcare,11,0.29910909090909094,0.6363636363636364,0.09090909090909091,0.2727272727272727,0.30344166666666667
2020-08-06,Industrials,5,0.26996,0.8,0.0,0.2,0.30506666666666665
2020-08-06,Materials,3,0.34626666666666667,0.6666666666666666,0.0,0.3333333333333333,0.34626666666666667
2020-08-06,RealEstate,3,0.0,0.0,0.0,1.0,0.0
2020-08-06,Tech,7,-0.03367142857142858,0.42857142857142855,0.42857142857142855,0.14285714285714285,0.03765833333333333
2020-08-06,Utilities,8,0.067925,0.25,0.0,0.75,0.067925
2020-08-07,Comm,28,0.08345714285714287,0.32142857142857145,0.17857142857142858,0.5,0.0760128205128205
2020-08-07,Consumer,15,0.11686666666666667,0.4666666666666667,0.13333333333333333,0.4,0.14675666666666665
2020-08-07,Energy,9,0.06071111111111111,0.2222222222222222,0.0,0.7777777777777778,0.04856888888888889
2020-08-07,Financials,7,0.007914285714285698,0.14285714285714285,0.2857142857142857,0.5714285714285714,0.05669166666666667
2020-08-07,Healthcare,13,0.30146153846153845,0.5384615384615384,0.0,0.46153846153846156,0.2503357142857143
2020-08-07,Industrials,8,0.09517500000000001,0.5,0.25,0.25,-5.416666666667458e-05
2020-08-07,RealEstate,6,0.3182,0.8333333333333334,0.0,0.16666666666666666,0.33947499999999997
2020-08-07,Tech,3,0.21230000000000002,0.3333333333333333,0.0,0.6666666666666666,0.31845
2020-08-07,Utilities,1,0.0,0.0,0.0,1.0,0.0
2020-08-10,Comm,11,0.23953636363636363,0.5454545454545454,0.0,0.45454545454545453,0.23690333333333333
2020-08-10,Consumer,24,0.157075,0.5,0.08333333333333333,0.4166666666666667,0.09989385281385281
2020-08-10,Energy,18,0.03857777777777777,0.3333333333333333,0.3333333333333333,0.3333333333333333,0.19686977777777778
2020-08-10,Financials,10,0.24530000000000002,0.4,0.0,0.6,0.26968333333333333
2020-08-10,Healthcare,8,0.084725,0.375,0.0,0.625,0.16973888888888888
2020-08-10,Industrials,10,0.14497,0.5,0.0,0.5,0.15898333333333334
2020-08-10,Materials,5,0.19012,0.8,0.0,0.2,0.15057777777777778
2020-08-10,RealEstate,1,0.0,0.0,0.0,1.0,0.0
2020-08-10,Tech,11,0.12135454545454545,0.5454545454545454,0.18181818181818182,0.2727272727272727,0.12135
2020-08-10,Utilities,6,0.03713333333333333,0.5,0.16666666666666666,0.3333333333333333,0.03229444444444445
2020-08-11,Comm,9,0.1002888888888889,0.2222222222222222,0.0,0.7777777777777778,0.13919444444444445
2020-08-11,Consumer,22,0.07073181818181819,0.3181818181818182,0.09090909090909091,0.5909090909090909,0.06640854166666668
2020-08-11,Energy,14,0.13349285714285714,0.2857142857142857,0.0,0.7142857142857143,0.2246669642857143
2020-08-11,Financials,21,0.08648095238095238,0.2857142857142857,0.0,0.7142857142857143,0.13545000000000001
2020-08-11,Healthcare,6,0.05666666666666667,0.16666666666666666,0.0,0.8333333333333334,0.11333333333333334
2020-08-11,Industrials,12,0.017991666666666673,0.3333333333333333,0.16666666666666666,0.5,0.03422037037037037
2020-08-11,Materials,4,0.0,0.0,0.0,1.0,0.0
2020-08-11,RealEstate,1,0.4019,1.0,0.0,0.0,0.4019
2020-08-11,Tech,11,0.23760909090909088,0.45454545454545453,0.0,0.5454545454545454,0.24845166666666665
2020-08-11,Utilities,2,0.3568,1.0,0.0,0.0,0.3568
2020-08-12,Comm,7,0.15467142857142857,0.42857142857142855,0.14285714285714285,0.42857142857142855,0.13904999999999998
2020-08-12,Consumer,14,0.047664285714285715,0.2857142857142857,0.21428571428571427,0.5,0.00948645833333333
2020-08-12,Energy,11,0.20946363636363638,0.45454545454545453,0.0,0.5454545454545454,0.16271333333333332
2020-08-12,Financials,22,0.06619090909090909,0.22727272727272727,0.045454545454545456,0.7272727272727273,0.035188888888888895
2020-08-12,Healthcare,4,0.050575,0.25,0.0,0.75,0.06743333333333333
2020-08-12,Industrials,11,-0.03221818181818182,0.2727272727272727,0.36363636363636365,0.36363636363636365,0.015781249999999997
2020-08-12,RealEstate,1,0.0,0.0,0.0,1.0,0.0
2020-08-12,Tech,18,-0.07792222222222223,0.05555555555555555,0.2222222222222222,0.7222222222222222,-0.07413869047619048
2020-08-12,Utilities,9,0.030355555555555556,0.1111111111111111,0.0,0.8888888888888888,0.02732
2020-08-13,Comm,10,0.059199999999999996,0.2,0.0,0.8,0.074
2020-08-13,Consumer,16,0.14221875,0.6875,0.1875,0.125,0.053421666666666645
2020-08-13,Energy,3,0.09106666666666667,0.3333333333333333,0.0,0.6666666666666666,0.1366
2020-08-13,Financials,12,-0.13872500000000001,0.16666666666666666,0.3333333333333333,0.5,-0.09380333333333332
2020-08-13,Healthcare,5,-0.13394,0.2,0.2,0.6,-0.13394
2020-08-13,Industrials,8,-0.0563125,0.125,0.125,0.75,-0.11723333333333334
2020-08-13,Materials,1,0.0,0.0,0.0,1.0,0.0
2020-08-13,RealEstate,2,0.0,0.0,0.0,1.0,0.0
2020-08-13,Tech,12,0.06371666666666666,0.4166666666666667,0.08333333333333333,0.5,0.07164761904761903
2020-08-13,Utilities,2,0.0,0.0,0.0,1.0,0.0
2020-08-14,Comm,6,-0.05303333333333333,0.0,0.16666666666666666,0.8333333333333334,-0.07955
2020-08-14,Consumer,12,0.06579166666666668,0.5,0.16666666666666666,0.3333333333333333,0.058534375
2020-08-14,Energy,8,0.3057375,0.75,0.0,0.25,0.29510833333333336
2020-08-14,Financials,12,0.05195,0.3333333333333333,0.0,0.6666666666666666,0.10020833333333333
2020-08-14,Healthcare,3,0.0,0.0,0.0,1.0,0.0
2020-08-14,Industrials,12,0.016583333333333325,0.25,0.3333333333333333,0.4166666666666667,0.008364999999999989
2020-08-14,Materials,3,0.0,0.0,0.0,1.0,0.0
2020-08-14,RealEstate,3,0.12726666666666667,0.3333333333333333,0.0,0.6666666666666666,0.12726666666666667
2020-08-14,Tech,8,0.2513375,0.625,0.125,0.25,0.27919583333333337
2020-08-14,Utilities,2,0.6369,1.0,0.0,0.0,0.6369
2020-08-17,Comm,9,0.18261111111111114,0.3333333333333333,0.0,0.6666666666666666,0.12658666666666668
2020-08-17,Consumer,46,0.0706608695652174,0.30434782608695654,0.13043478260869565,0.5652173913043478,0.18120333333333336
2020-08-17,Energy,17,-0.04961764705882352,0.29411764705882354,0.23529411764705882,0.47058823529411764,-0.0774
2020-08-17,Financials,12,0.03428333333333334,0.3333333333333333,0.16666666666666666,0.5,0.07636666666666668
2020-08-17,Healthcare,8,0.270075,0.75,0.0,0.25,0.28033
2020-08-17,Industrials,11,0.15567272727272727,0.45454545454545453,0.0,0.5454545454545454,0.15366666666666665
2020-08-17,Materials,6,0.19241666666666668,0.5,0.0,0.5,0.31083333333333335
2020-08-17,RealEstate,2,0.31845,0.5,0.0,0.5,0.31845
2020-08-17,Tech,13,-0.047176923076923075,0.15384615384615385,0.38461538461538464,0.46153846153846156,-0.0011175000000000074
2020-08-17,Utilities,3,0.48490000000000005,1.0,0.0,0.0,0.473775
2020-08-18,Comm,13,0.04926153846153847,0.38461538461538464,0.15384615384615385,0.46153846153846156,0.12132666666666667
2020-08-18,Consumer,44,0.13520454545454544,0.45454545454545453,0.11363636363636363,0.4318181818181818,0.08419410714285715
2020-08-18,Energy,12,0.02694999999999999,0.25,0.25,0.5,0.014091666666666662
2020-08-18,Financials,12,0.08031666666666666,0.25,0.0,0.75,0.08570208333333333
2020-08-18,Healthcare,6,-0.14966666666666667,0.16666666666666666,0.5,0.3333333333333333,-0.14966666666666667
2020-08-18,Industrials,8,0.39005,0.875,0.0,0.125,0.39005
2020-08-18,Materials,3,0.09866666666666667,0.3333333333333333,0.0,0.6666666666666666,0.09866666666666667
2020-08-18,RealEstate,2,0.5594,1.0,0.0,0.0,0.5594
2020-08-18,Tech,13,0.05778461538461539,0.38461538461538464,0.23076923076923078,0.38461538461538464,0.04107083333333334
2020-08-18,Utilities,1,0.4576,1.0,0.0,0.0,0.4576
2020-08-19,Comm,1,0.0,0.0,0.0,1.0,0.0
2020-08-19,Consumer,32,0.11024062500000001,0.4375,0.125,0.4375,0.15142939393939395
2020-08-19,Energy,8,0.11373749999999999,0.375,0.0,0.625,0.08835555555555556
2020-08-19,Financials,8,0.003049999999999997,0.25,0.25,0.5,0.09297
2020-08-19,Healthcare,17,0.13088823529411767,0.4117647058823529,0.11764705882352941,0.47058823529411764,0.11181458333333334
2020-08-19,Industrials,12,0.16081666666666666,0.3333333333333333,0.0,0.6666666666666666,0.15887
2020-08-19,Materials,2,0.0,0.0,0.0,1.0,0.0
2020-08-19,RealEstate,3,0.0,0.0,0.0,1.0,0.0
2020-08-19,Tech,5,0.09478,0.4,0.0,0.6,0.09380833333333333
2020-08-20,Comm,8,0.016,0.125,0.0,0.875,0.0064
2020-08-20,Consumer,19,0.09053684210526315,0.2631578947368421,0.05263157894736842,0.6842105263157895,0.072577
2020-08-20,Energy,14,0.08552857142857143,0.2857142857142857,0.0,0.7142857142857143,0.05986999999999999
2020-08-20,Financials,16,0.1853375,0.375,0.0,0.625,0.1723692857142857
2020-08-20,Healthcare,7,0.0058142857142857085,0.14285714285714285,0.14285714285714285,0.7142857142857143,0.044259999999999994
2020-08-20,Industrials,14,0.1968285714285714,0.5,0.07142857142857142,0.42857142857142855,0.149125
2020-08-20,Materials,5,0.0,0.0,0.0,1.0,0.0
2020-08-20,RealEstate,2,0.0,0.0,0.0,1.0,0.0
2020-08-20,Tech,19,0.022715789473684214,0.2631578947368421,0.2631578947368421,0.47368421052631576,-0.1585777777777778
2020-08-20,Utilities,8,0.1972,0.75,0.0,0.25,0.18508
2020-08-21,Comm,10,0.05682,0.2,0.0,0.8,0.05934444444444444
2020-08-21,Consumer,21,0.17501904761904763,0.42857142857142855,0.09523809523809523,0.47619047619047616,0.23626966666666668
2020-08-21,Energy,7,0.11708571428571428,0.42857142857142855,0.0,0.5714285714285714,0.11383333333333334
2020-08-21,Financials,15,0.18156000000000003,0.5333333333333333,0.13333333333333333,0.3333333333333333,0.19959166666666667
2020-08-21,Healthcare,5,0.30724,0.6,0.2,0.2,0.192025
2020-08-21,Industrials,14,0.022250000000000002,0.2857142857142857,0.35714285714285715,0.35714285714285715,-0.03522
2020-08-21,Materials,1,-0.128,0.0,1.0,0.0,-0.128
2020-08-21,RealEstate,4,-0.021449999999999997,0.25,0.25,0.5,0.08436666666666666
2020-08-21,Tech,13,0.01573846153846154,0.23076923076923078,0.23076923076923078,0.5384615384615384,0.06362333333333334
2020-08-21,Utilities,3,0.2822,0.6666666666666666,0.0,0.3333333333333333,0.32785
2020-08-24,Comm,6,0.010616666666666663,0.6666666666666666,0.3333333333333333,0.0,-0.03465000000000001
2020-08-24,Consumer,18,0.14952222222222222,0.3888888888888889,0.05555555555555555,0.5555555555555556,0.07899285714285714
2020-08-24,Energy,22,0.07344545454545454,0.5,0.2727272727272727,0.22727272727272727,0.1332925925925926
2020-08-24,Financials,9,0.3066111111111111,0.6666666666666666,0.0,0.3333333333333333,0.36158666666666667
2020-08-24,Healthcare,6,0.22888333333333333,0.5,0.0,0.5,0.2267125
2020-08-24,Industrials,16,0.22059375,0.625,0.125,0.25,0.32083125
2020-08-24,Materials,3,0.06743333333333333,0.3333333333333333,0.0,0.6666666666666666,0.06743333333333333
2020-08-24,RealEstate,4,-0.025675,0.0,0.25,0.75,-0.025675
2020-08-24,Tech,13,-0.005746153846153837,0.46153846153846156,0.46153846153846156,0.07692307692307693,0.01808611111111111
2020-08-24,Utilities,4,0.039774999999999984,0.75,0.25,0.0,-0.03001666666666669
2020-08-25,Comm,4,0.0625,0.25,0.0,0.75,0.041666666666666664
2020-08-25,Consumer,15,0.07792666666666667,0.4,0.13333333333333333,0.4666666666666667,0.14037083333333333
2020-08-25,Energy,16,0.021906250000000006,0.1875,0.125,0.6875,0.011683333333333335
2020-08-25,Financials,6,0.20626666666666668,0.5,0.0,0.5,0.23946666666666663
2020-08-25,Healthcare,20,0.130955,0.35,0.05,0.6,0.1871462962962963
2020-08-25,Industrials,8,0.109525,0.25,0.125,0.625,0.1547
2020-08-25,Materials,1,-0.1779,0.0,1.0,0.0,-0.1779
2020-08-25,RealEstate,2,0.125,0.5,0.0,0.5,0.125
2020-08-25,Tech,12,0.026124999999999992,0.3333333333333333,0.16666666666666666,0.5,0.05148625
2020-08-25,Utilities,2,0.1806,0.5,0.0,0.5,0.1806
2020-08-26,Comm,10,0.09420999999999999,0.3,0.0,0.7,0.12346499999999999
2020-08-26,Consumer,15,0.14614,0.4,0.06666666666666667,0.5333333333333333,0.08245238095238096
2020-08-26,Energy,12,0.15036666666666665,0.5,0.08333333333333333,0.4166666666666667,0.19125238095238095
2020-08-26,Financials,11,0.08832727272727271,0.36363636363636365,0.09090909090909091,0.5454545454545454,0.1111875
2020-08-26,Healthcare,10,0.09137999999999999,0.2,0.1,0.7,0.117564
2020-08-26,Industrials,8,0.005687499999999998,0.375,0.25,0.375,-0.13220625
2020-08-26,Materials,1,0.296,1.0,0.0,0.0,0.296
2020-08-26,RealEstate,4,0.1147,0.25,0.0,0.75,0.15293333333333334
2020-08-26,Tech,9,0.18403333333333335,0.4444444444444444,0.1111111111111111,0.4444444444444444,0.15337777777777775
2020-08-26,Utilities,8,0.31684999999999997,0.875,0.0,0.125,0.35112999999999994
2020-08-27,Comm,3,0.06743333333333333,0.3333333333333333,0.0,0.6666666666666666,0.10115
2020-08-27,Consumer,27,0.0815,0.3333333333333333,0.14814814814814814,0.5185185185185185,-0.02580105263157894
2020-08-27,Energy,16,-0.093975,0.1875,0.375,0.4375,0.02362514285714285
2020-08-27,Financials,4,-0.08549999999999999,0.25,0.5,0.25,-0.06466666666666666
2020-08-27,Healthcare,36,0.12482499999999999,0.3611111111111111,0.027777777777777776,0.6111111111111112,0.11295866666666665
2020-08-27,Industrials,20,0.10127,0.35,0.05,0.6,0.07160333333333332
2020-08-27,Materials,3,0.0,0.0,0.0,1.0,0.0
2020-08-27,RealEstate,4,0.338375,1.0,0.0,0.0,0.32425
2020-08-27,Tech,13,0.10108461538461538,0.38461538461538464,0.07692307692307693,0.5384615384615384,0.09855208333333333
2020-08-27,Utilities,2,0.0,0.0,0.0,1.0,0.0
2020-08-28,Comm,7,0.1052142857142857,0.5714285714285714,0.14285714285714285,0.2857142857142857,0.11327916666666665
2020-08-28,Consumer,23,0.17443913043478262,0.43478260869565216,0.13043478260869565,0.43478260869565216,0.032819658119658125
2020-08-28,Energy,7,0.006699999999999999,0.14285714285714285,0.14285714285714285,0.7142857142857143,0.003908333333333333
2020-08-28,Financials,12,-0.047150000000000004,0.25,0.25,0.5,-0.11062500000000001
2020-08-28,Healthcare,14,-0.028292857142857137,0.14285714285714285,0.21428571428571427,0.6428571428571429,-0.014042666666666665
2020-08-28,Industrials,8,0.0222375,0.25,0.125,0.625,0.0593
2020-08-28,Materials,4,-0.056575,0.0,0.25,0.75,-0.03771666666666667
2020-08-28,RealEstate,1,0.0,0.0,0.0,1.0,0.0
2020-08-28,Tech,4,0.3715,0.5,0.0,0.5,0.49533333333333335
2020-08-31,Comm,5,0.14021999999999998,0.4,0.2,0.4,0.1672111111111111
2020-08-31,Consumer,27,0.12331481481481482,0.37037037037037035,0.1111111111111111,0.5185185185185185,0.03242941176470589
2020-08-31,Energy,23,0.02780869565217392,0.34782608695652173,0.391304347826087,0.2608695652173913,-0.007902857142857139
2020-08-31,Financials,8,0.10846249999999999,0.375,0.125,0.5,0.08676999999999999
2020-08-31,Healthcare,16,0.2239375,0.5625,0.1875,0.25,0.2247888888888889
2020-08-31,Industrials,16,0.19943125,0.625,0.0625,0.3125,0.319384
2020-08-31,Materials,2,0.0,0.0,0.0,1.0,0.0
2020-08-31,RealEstate,2,0.6044,1.0,0.0,0.0,0.6044
2020-08-31,Tech,18,0.17209444444444444,0.5,0.0,0.5,0.12472738095238096
2020-08-31,Utilities,12,0.09330833333333333,0.3333333333333333,0.08333333333333333,0.5833333333333334,0.03904333333333333
2020-09-01,Comm,4,0.210575,0.5,0.0,0.5,0.14038333333333333
2020-09-01,Consumer,29,0.10191724137931034,0.3103448275862069,0.034482758620689655,0.6551724137931034,0.10565595238095238
2020-09-01,Energy,13,0.054146153846153844,0.3076923076923077,0.23076923076923078,0.46153846153846156,0.04569999999999999
2020-09-01,Financials,9,0.07126666666666666,0.3333333333333333,0.2222222222222222,0.4444444444444444,0.13754666666666665
2020-09-01,Healthcare,21,0.07868095238095238,0.38095238095238093,0.14285714285714285,0.47619047619047616,0.08634404761904763
2020-09-01,Industrials,4,0.09885,0.5,0.0,0.5,0.07876666666666667
2020-09-01,RealEstate,4,-0.015875,0.25,0.75,0.0,0.04148333333333334
2020-09-01,Tech,15,0.022240000000000006,0.3333333333333333,0.13333333333333333,0.5333333333333333,0.019481250000000006
2020-09-01,Utilities,1,0.0,0.0,0.0,1.0,0.0
2020-09-02,Comm,7,0.2347142857142857,0.7142857142857143,0.14285714285714285,0.14285714285714285,0.2509888888888889
2020-09-02,Consumer,17,0.20160588235294116,0.5294117647058824,0.0,0.47058823529411764,0.2
2020-09-02,Energy,7,-0.078,0.0,0.2857142857142857,0.7142857142857143,-0.0921
2020-09-02,Financials,10,0.12596999999999997,0.6,0.3,0.1,0.12542444444444442
2020-09-02,Healthcare,8,-0.0891875,0.125,0.25,0.625,-0.20051875
2020-09-02,Industrials,8,0.18880000000000002,0.5,0.0,0.5,0.2347888888888889
2020-09-02,Materials,3,0.0,0.3333333333333333,0.3333333333333333,0.3333333333333333,0.0
2020-09-02,RealEstate,1,0.0,0.0,0.0,1.0,0.0
2020-09-02,Tech,11,0.14281818181818182,0.5454545454545454,0.18181818181818182,0.2727272727272727,0.1919206349206349
2020-09-02,Utilities,3,0.5934666666666667,1.0,0.0,0.0,0.5934666666666667
2020-09-03,Comm,10,0.20597,0.4,0.0,0.6,0.09808095238095238
2020-09-03,Consumer,20,0.209545,0.5,0.1,0.4,0.21571607142857144
2020-09-03,Energy,7,0.21915714285714286,0.5714285714285714,0.0,0.42857142857142855,0.17512666666666665
2020-09-03,Financials,12,0.17808333333333334,0.5,0.0,0.5,0.13491666666666666
2020-09-03,Healthcare,10,0.0636,0.2,0.0,0.8,0.0424
2020-09-03,Industrials,10,0.11512000000000003,0.4,0.1,0.5,0.10002916666666667
2020-09-03,Materials,5,0.09176,0.2,0.0,0.8,0.05735
2020-09-03,RealEstate,1,0.0,0.0,0.0,1.0,0.0
2020-09-03,Tech,10,0.12354000000000001,0.3,0.0,0.7,0.11674166666666665
2020-09-03,Utilities,2,0.49135,1.0,0.0,0.0,0.49135
2020-09-04,Comm,7,0.22272857142857141,0.5714285714285714,0.0,0.42857142857142855,0.2715916666666667
2020-09-04,Consumer,16,0.02575625,0.3125,0.0625,0.625,0.052898
2020-09-04,Energy,7,0.07747142857142857,0.14285714285714285,0.0,0.8571428571428571,0.03389375
2020-09-04,Financials,16,-0.16563125,0.1875,0.375,0.4375,-0.06926
2020-09-04,Healthcare,11,-0.01617272727272725,0.18181818181818182,0.2727272727272727,0.5454545454545454,0.007103571428571445
2020-09-04,Industrials,5,0.0,0.0,0.0,1.0,0.0
2020-09-04,Materials,5,0.059199999999999996,0.2,0.0,0.8,0.04933333333333333
2020-09-04,RealEstate,5,0.19932,0.8,0.0,0.2,0.15568888888888888
2020-09-04,Tech,5,0.25256,0.8,0.2,0.0,0.2797875
2020-09-04,Utilities,1,0.2023,1.0,0.0,0.0,0.2023
2020-09-08,Comm,6,0.29078333333333334,0.6666666666666666,0.16666666666666666,0.16666666666666666,0.17447000000000001
2020-09-08,Consumer,41,0.09972682926829268,0.36585365853658536,0.14634146341463414,0.4878048780487805,0.10680690909090909
2020-09-08,Energy,21,0.07067142857142858,0.38095238095238093,0.23809523809523808,0.38095238095238093,-0.1019097142857143
2020-09-08,Financials,16,0.06313125,0.3125,0.125,0.5625,0.09639499999999998
2020-09-08,Healthcare,15,0.08064666666666667,0.2,0.0,0.8,0.047805
2020-09-08,Industrials,16,0.042749999999999996,0.3125,0.1875,0.5,-0.039342
2020-09-08,Materials,2,0.125,0.5,0.0,0.5,0.125
2020-09-08,RealEstate,2,0.13975,1.0,0.0,0.0,0.13975
2020-09-08,Tech,13,0.16024615384615387,0.38461538461538464,0.0,0.6153846153846154,0.15348125
2020-09-08,Utilities,11,0.08676363636363636,0.45454545454545453,0.45454545454545453,0.09090909090909091,-0.16006857142857142
2020-09-09,Comm,5,0.23836,0.6,0.0,0.4,0.19863333333333333
2020-09-09,Consumer,22,0.11311363636363637,0.3181818181818182,0.09090909090909091,0.5909090909090909,0.1361318181818182
2020-09-09,Energy,2,0.2294,0.5,0.0,0.5,0.2294
2020-09-09,Financials,6,-0.15628333333333333,0.3333333333333333,0.5,0.16666666666666666,-0.141225
2020-09-09,Healthcare,9,0.19854444444444444,0.4444444444444444,0.1111111111111111,0.4444444444444444,0.22290833333333335
2020-09-09,Industrials,10,0.09905,0.5,0.2,0.3,0.18708888888888886
2020-09-09,RealEstate,1,-0.6249,0.0,1.0,0.0,-0.6249
2020-09-09,Tech,14,0.07235000000000001,0.42857142857142855,0.2857142857142857,0.2857142857142857,0.09683125000000001
2020-09-09,Utilities,1,0.743,1.0,0.0,0.0,0.743
2020-09-10,Comm,3,-0.07716666666666666,0.3333333333333333,0.3333333333333333,0.3333333333333333,0.03242500000000001
2020-09-10,Consumer,15,0.10048,0.4666666666666667,0.2,0.3333333333333333,0.213934375
2020-09-10,Energy,2,0.1366,0.5,0.0,0.5,0.1366
2020-09-10,Financials,8,-0.0058625,0.125,0.125,0.75,-0.003908333333333333
2020-09-10,Healthcare,1,0.6369,1.0,0.0,0.0,0.6369
2020-09-10,Industrials,8,0.04820000000000001,0.25,0.125,0.625,0.026699999999999998
2020-09-10,Materials,2,0.16455,0.5,0.0,0.5,0.16455
2020-09-10,Tech,11,0.1572181818181818,0.5454545454545454,0.0,0.45454545454545453,0.15872222222222224
2020-09-10,Utilities,2,0.0,0.0,0.0,1.0,0.0
2020-09-11,Comm,4,-0.01105,0.0,0.0,1.0,-0.007366666666666667
2020-09-11,Consumer,14,0.07825,0.5,0.21428571428571427,0.2857142857142857,0.12886458333333334
2020-09-11,Energy,7,0.10088571428571427,0.2857142857142857,0.14285714285714285,0.5714285714285714,0.11800000000000001
2020-09-11,Financials,6,-0.0999,0.0,0.16666666666666666,0.8333333333333334,-0.0999
2020-09-11,Healthcare,14,-0.045200000000000004,0.07142857142857142,0.35714285714285715,0.5714285714285714,-0.05620666666666667
2020-09-11,Industrials,8,-0.006899999999999996,0.25,0.375,0.375,0.03738666666666667
2020-09-11,Materials,1,-0.296,0.0,1.0,0.0,-0.296
2020-09-11,RealEstate,2,0.0,0.0,0.0,1.0,0.0
2020-09-11,Tech,7,0.1392142857142857,0.5714285714285714,0.2857142857142857,0.14285714285714285,0.14094444444444443
2020-09-11,Utilities,1,0.0,0.0,0.0,1.0,0.0
2020-09-14,Comm,12,0.07222500000000001,0.4166666666666667,0.3333333333333333,0.25,0.03878611111111112
2020-09-14,Consumer,33,0.07591818181818182,0.30303030303030304,0.09090909090909091,0.6060606060606061,0.06580914285714287
2020-09-14,Energy,11,-0.028536363636363634,0.36363636363636365,0.36363636363636365,0.2727272727272727,-0.06573392857142857
2020-09-14,Financials,10,0.023419999999999996,0.4,0.3,0.3,-0.0279625
2020-09-14,Healthcare,39,0.11198205128205128,0.41025641025641024,0.1282051282051282,0.46153846153846156,0.12028834782608695
2020-09-14,Industrials,10,0.08791,0.2,0.0,0.8,0.06623333333333332
2020-09-14,Materials,6,0.07024999999999999,0.16666666666666666,0.0,0.8333333333333334,0.0526875
2020-09-14,RealEstate,2,0.31845,0.5,0.0,0.5,0.31845
2020-09-14,Tech,21,0.06421428571428571,0.23809523809523808,0.14285714285714285,0.6190476190476191,0.07650625
2020-09-14,Utilities,5,0.18358,0.4,0.0,0.6,0.11473749999999999
2020-09-15,Comm,11,0.032809090909090906,0.18181818181818182,0.09090909090909091,0.7272727272727273,0.047488888888888886
2020-09-15,Consumer,18,0.12619444444444444,0.3888888888888889,0.1111111111111111,0.5,0.1706672619047619
2020-09-15,Energy,4,-0.06352500000000001,0.25,0.25,0.5,-0.2610166666666667
2020-09-15,Financials,5,0.29308,0.6,0.0,0.4,0.31862500000000005
2020-09-15,Healthcare,14,0.06772857142857143,0.2857142857142857,0.14285714285714285,0.5714285714285714,0.16348666666666667
2020-09-15,Industrials,12,0.012283333333333332,0.25,0.16666666666666666,0.5833333333333334,0.12875333333333333
2020-09-15,RealEstate,4,0.123475,0.25,0.0,0.75,0.08231666666666666
2020-09-15,Tech,16,-0.11904374999999999,0.125,0.375,0.5,-0.13607833333333333
2020-09-15,Utilities,7,0.061728571428571424,0.42857142857142855,0.14285714285714285,0.42857142857142855,0.03600833333333333
2020-09-16,Comm,8,0.1810125,0.5,0.0,0.5,0.08045
2020-09-16,Consumer,11,0.19890909090909092,0.45454545454545453,0.09090909090909091,0.45454545454545453,0.14793611111111113
2020-09-16,Energy,7,0.1640714285714286,0.42857142857142855,0.0,0.5714285714285714,0.18400416666666666
2020-09-16,Financials,10,-0.022729999999999993,0.2,0.2,0.6,-0.019540000000000002
2020-09-16,Healthcare,3,0.0,0.0,0.0,1.0,0.0
2020-09-16,Industrials,24,0.16381666666666667,0.5,0.125,0.375,0.2909151515151515
2020-09-16,Materials,2,0.0,0.0,0.0,1.0,0.0
2020-09-16,RealEstate,1,0.0,0.0,0.0,1.0,0.0
2020-09-16,Tech,7,0.2550857142857143,0.42857142857142855,0.0,0.5714285714285714,0.4053999999999999
2020-09-16,Utilities,5,0.19074,0.4,0.0,0.6,0.1192125
2020-09-17,Comm,5,0.24434,0.8,0.0,0.2,0.2514111111111111
2020-09-17,Consumer,24,0.23284166666666664,0.625,0.041666666666666664,0.3333333333333333,0.27589541666666667
2020-09-17,Energy,7,0.07961428571428572,0.5714285714285714,0.2857142857142857,0.14285714285714285,0.23710833333333334
2020-09-17,Financials,10,0.10400000000000001,0.4,0.1,0.5,0.07329
2020-09-17,Healthcare,13,0.07246923076923076,0.3076923076923077,0.07692307692307693,0.6153846153846154,0.081785
2020-09-17,Industrials,27,0.13827407407407408,0.3333333333333333,0.037037037037037035,0.6296296296296297,0.15977113636363635
2020-09-17,Materials,7,0.11475714285714285,0.2857142857142857,0.0,0.7142857142857143,0.16239166666666666
2020-09-17,RealEstate,2,-0.3062,0.0,0.5,0.5,-0.3062
2020-09-17,Tech,11,0.10447272727272727,0.36363636363636365,0.09090909090909091,0.5454545454545454,0.1552825396825397
2020-09-18,Comm,7,0.18467142857142857,0.42857142857142855,0.14285714285714285,0.42857142857142855,0.03440625
2020-09-18,Consumer,26,0.015511538461538464,0.19230769230769232,0.3076923076923077,0.5,0.002136298701298711
2020-09-18,Energy,8,0.12377500000000001,0.5,0.25,0.25,0.12377500000000001
2020-09-18,Financials,8,0.14173750000000002,0.625,0.125,0.25,0.10297500000000001
2020-09-18,Healthcare,13,-0.0562076923076923,0.3076923076923077,0.3076923076923077,0.38461538461538464,-0.048317499999999985
2020-09-18,Industrials,6,0.30301666666666666,0.5,0.0,0.5,0.25960833333333333
2020-09-18,RealEstate,2,0.2202,0.5,0.0,0.5,0.2202
2020-09-18,Tech,5,0.0,0.0,0.0,1.0,0.0
2020-09-18,Utilities,1,0.0,0.0,0.0,1.0,0.0
2020-09-21,Comm,17,0.14420588235294116,0.4117647058823529,0.11764705882352941,0.47058823529411764,0.098096875
2020-09-21,Consumer,35,0.02068,0.14285714285714285,0.11428571428571428,0.7428571428571429,0.11099733333333334
2020-09-21,Energy,10,-0.05623,0.1,0.2,0.7,-0.08015555555555558
2020-09-21,Financials,15,0.054459999999999995,0.3333333333333333,0.13333333333333333,0.5333333333333333,-0.0514775
2020-09-21,Healthcare,9,-0.28933333333333333,0.1111111111111111,0.5555555555555556,0.3333333333333333,-0.29955750000000003
2020-09-21,Industrials,16,0.013818750000000008,0.3125,0.25,0.4375,0.02266416666666668
2020-09-21,Materials,5,0.22236000000000003,0.6,0.0,0.4,0.21901666666666667
2020-09-21,RealEstate,1,0.0,0.0,0.0,1.0,0.0
2020-09-21,Tech,6,0.12726666666666667,0.3333333333333333,0.0,0.6666666666666666,0.10605555555555556
2020-09-21,Utilities,1,0.5574,1.0,0.0,0.0,0.5574
2020-09-22,Comm,5,0.28456000000000004,0.8,0.0,0.2,0.30411666666666665
2020-09-22,Consumer,30,0.20781,0.5666666666666667,0.03333333333333333,0.4,0.18445739316239315
2020-09-22,Energy,4,0.475175,1.0,0.0,0.0,0.4325666666666666
2020-09-22,Financials,6,0.15836666666666668,0.5,0.16666666666666666,0.3333333333333333,0.17146250000000002
2020-09-22,Healthcare,5,0.42038000000000003,0.8,0.0,0.2,0.5032375
2020-09-22,Industrials,12,0.18928333333333333,0.5833333333333334,0.08333333333333333,0.3333333333333333,0.13790333333333332
2020-09-22,RealEstate,1,0.0,0.0,0.0,1.0,0.0
2020-09-22,Tech,6,0.016733333333333333,0.16666666666666666,0.16666666666666666,0.6666666666666666,0.10902222222222223
2020-09-22,Utilities,1,0.4404,1.0,0.0,0.0,0.4404
2020-09-23,Comm,3,0.1585,0.6666666666666666,0.0,0.3333333333333333,0.187175
2020-09-23,Consumer,32,0.070371875,0.375,0.125,0.5,0.11866083333333334
2020-09-23,Energy,9,0.044166666666666674,0.4444444444444444,0.2222222222222222,0.3333333333333333,0.09602500000000003
2020-09-23,Financials,9,0.2348222222222222,0.5555555555555556,0.2222222222222222,0.2222222222222222,0.168595
2020-09-23,Healthcare,5,0.19546,0.8,0.2,0.0,0.17148333333333332
2020-09-23,Industrials,8,0.1357875,0.375,0.125,0.5,0.2731
2020-09-23,Materials,1,0.0,0.0,0.0,1.0,0.0
2020-09-23,Tech,2,-0.05135,0.0,0.5,0.5,-0.05135
2020-09-23,Utilities,3,0.0,0.0,0.0,1.0,0.0
2020-09-24,Comm,7,0.13651428571428573,0.2857142857142857,0.14285714285714285,0.5714285714285714,0.19109500000000001
2020-09-24,Consumer,19,0.11932105263157895,0.5789473684210527,0.21052631578947367,0.21052631578947367,0.08161488095238095
2020-09-24,Energy,7,0.19185714285714286,0.5714285714285714,0.2857142857142857,0.14285714285714285,0.19579583333333334
2020-09-24,Financials,14,0.15348571428571428,0.42857142857142855,0.14285714285714285,0.42857142857142855,0.178278125
2020-09-24,Healthcare,4,-0.15705,0.0,0.5,0.5,-0.17168333333333333
2020-09-24,Industrials,11,-0.03563636363636364,0.2727272727272727,0.2727272727272727,0.45454545454545453,0.07370555555555554
2020-09-24,Materials,1,0.6369,1.0,0.0,0.0,0.6369
2020-09-24,RealEstate,1,0.0,0.0,0.0,1.0,0.0
2020-09-24,Tech,10,0.16689,0.5,0.1,0.4,0.15489375
2020-09-24,Utilities,1,0.0,0.0,0.0,1.0,0.0
2020-09-25,Comm,3,-0.1943,0.0,0.3333333333333333,0.6666666666666666,-0.145725
2020-09-25,Consumer,14,-0.039271428571428575,0.14285714285714285,0.2857142857142857,0.5714285714285714,0.02822916666666666
2020-09-25,Energy,7,0.0397,0.14285714285714285,0.0,0.8571428571428571,0.0411875
2020-09-25,Financials,5,0.08038,0.2,0.0,0.8,0.13396666666666665
2020-09-25,Healthcare,5,0.29502,0.8,0.0,0.2,0.27418333333333333
2020-09-25,Industrials,22,-0.08427272727272726,0.13636363636363635,0.45454545454545453,0.4090909090909091,0.1986263888888889
2020-09-25,Materials,1,0.0,0.0,0.0,1.0,0.0
2020-09-25,Tech,7,-0.06554285714285714,0.0,0.14285714285714285,0.8571428571428571,-0.038233333333333334
2020-09-28,Comm,16,0.21684375,0.5,0.0,0.5,0.192781875
2020-09-28,Consumer,34,0.04653235294117647,0.3235294117647059,0.20588235294117646,0.47058823529411764,0.06900727272727272
2020-09-28,Energy,13,0.10793846153846154,0.3076923076923077,0.07692307692307693,0.6153846153846154,0.16526666666666667
2020-09-28,Financials,17,0.2548823529411765,0.47058823529411764,0.0,0.5294117647058824,0.22749333333333333
2020-09-28,Healthcare,14,0.03715,0.2857142857142857,0.2857142857142857,0.42857142857142855,0.025585833333333342
2020-09-28,Industrials,28,0.1446,0.4642857142857143,0.14285714285714285,0.39285714285714285,0.12848799019607843
2020-09-28,Materials,6,-0.03326666666666666,0.16666666666666666,0.16666666666666666,0.6666666666666666,-0.024949999999999996
2020-09-28,RealEstate,2,0.10115,0.5,0.0,0.5,0.10115
2020-09-28,Tech,17,0.23148235294117647,0.5294117647058824,0.0,0.47058823529411764,0.24196041666666665
2020-09-28,Utilities,7,0.21941428571428573,0.42857142857142855,0.14285714285714285,0.42857142857142855,0.10927333333333333
2020-09-29,Comm,3,0.0593,0.3333333333333333,0.0,0.6666666666666666,0.0593
2020-09-29,Consumer,30,0.19132999999999997,0.5,0.06666666666666667,0.43333333333333335,0.21098349206349204
2020-09-29,Energy,8,0.2538375,0.5,0.0,0.5,0.25221
2020-09-29,Financials,12,0.0057499999999999956,0.16666666666666666,0.08333333333333333,0.75,-0.0678
2020-09-29,Healthcare,11,0.1722090909090909,0.5454545454545454,0.09090909090909091,0.36363636363636365,0.264775
2020-09-29,Industrials,8,0.10297500000000001,0.5,0.125,0.375,0.11299999999999999
2020-09-29,RealEstate,1,0.0,0.0,0.0,1.0,0.0
2020-09-29,Tech,6,0.22193333333333332,0.5,0.0,0.5,0.24405
2020-09-29,Utilities,2,0.1366,0.5,0.0,0.5,0.1366
2020-09-30,Comm,5,0.17758,0.4,0.0,0.6,0.22197499999999998
2020-09-30,Consumer,27,0.13842222222222222,0.37037037037037035,0.0,0.6296296296296297,0.22516666666666665
2020-09-30,Energy,12,0.0021833333333333336,0.25,0.25,0.5,0.013961111111111113
2020-09-30,Financials,21,-0.024238095238095232,0.42857142857142855,0.3333333333333333,0.23809523809523808,-0.006782380952380947
2020-09-30,Healthcare,8,0.1971125,0.5,0.0,0.5,0.18468125
2020-09-30,Industrials,19,0.17331052631578947,0.5789473684210527,0.0,0.42105263157894735,0.20257966666666666
2020-09-30,Materials,2,0.0,0.0,0.0,1.0,0.0
2020-09-30,RealEstate,1,0.3818,1.0,0.0,0.0,0.3818
2020-09-30,Tech,12,0.09421666666666667,0.3333333333333333,0.16666666666666666,0.5,0.1002
2020-09-30,Utilities,21,0.29724285714285714,0.7619047619047619,0.0,0.23809523809523808,0.35623999999999995
2020-10-01,Comm,12,0.0237,0.25,0.16666666666666666,0.5833333333333334,-0.01597222222222222
2020-10-01,Consumer,16,0.025787500000000005,0.3125,0.1875,0.5,0.09567333333333333
2020-10-01,Energy,21,0.06704761904761905,0.38095238095238093,0.23809523809523808,0.38095238095238093,0.06487111111111112
2020-10-01,Financials,17,0.1271235294117647,0.23529411764705882,0.0,0.7647058823529411,0.222435
2020-10-01,Healthcare,13,0.11117692307692308,0.46153846153846156,0.15384615384615385,0.38461538461538464,0.12868958333333333
2020-10-01,Industrials,21,0.20649047619047617,0.42857142857142855,0.0,0.5714285714285714,0.3683609375
2020-10-01,Tech,1,0.0,0.0,0.0,1.0,0.0
2020-10-01,Utilities,2,0.4404,1.0,0.0,0.0,0.4404
2020-10-02,Comm,4,-0.16215,0.0,0.25,0.75,-0.16215
2020-10-02,Consumer,18,0.1002611111111111,0.2777777777777778,0.16666666666666666,0.5555555555555556,0.08105238095238096
2020-10-02,Energy,16,0.246925,0.6875,0.1875,0.125,0.27778184523809524
2020-10-02,Financials,18,0.2121111111111111,0.5,0.0,0.5,0.22500370370370368
2020-10-02,Healthcare,6,-0.0786,0.16666666666666666,0.5,0.3333333333333333,-0.10145000000000001
2020-10-02,Industrials,3,0.0771,0.3333333333333333,0.3333333333333333,0.3333333333333333,0.057825
2020-10-02,Tech,8,0.18345,0.5,0.125,0.375,0.16598666666666667
2020-10-02,Utilities,3,0.5106,1.0,0.0,0.0,0.5106
2020-10-05,Comm,12,0.20904999999999999,0.5833333333333334,0.0,0.4166666666666667,0.12981250000000003
2020-10-05,Consumer,24,0.101175,0.2916666666666667,0.16666666666666666,0.5416666666666666,0.12436752380952383
2020-10-05,Energy,31,0.1603967741935484,0.5161290322580645,0.16129032258064516,0.3225806451612903,0.16151645833333333
2020-10-05,Financials,14,0.15565,0.5,0.07142857142857142,0.42857142857142855,0.18571866666666664
2020-10-05,Healthcare,20,0.098455,0.4,0.05,0.55,0.08913222222222222
2020-10-05,Industrials,17,0.16149999999999998,0.4117647058823529,0.058823529411764705,0.5294117647058824,0.15010619047619045
2020-10-05,Materials,5,0.23144,0.4,0.0,0.6,0.14465
2020-10-05,RealEstate,2,0.28595,0.5,0.0,0.5,0.28595
2020-10-05,Tech,7,0.17447142857142858,0.5714285714285714,0.0,0.42857142857142855,0.1720866666666667
2020-10-05,Utilities,5,0.45352,1.0,0.0,0.0,0.6166375
2020-10-06,Comm,7,0.10792857142857144,0.42857142857142855,0.14285714285714285,0.42857142857142855,0.09443750000000001
2020-10-06,Consumer,18,0.19910555555555554,0.5555555555555556,0.1111111111111111,0.3333333333333333,0.17313444444444442
2020-10-06,Energy,6,-0.031433333333333334,0.3333333333333333,0.16666666666666666,0.5,-0.015250000000000001
2020-10-06,Financials,8,0.2624625,0.625,0.0,0.375,0.25777083333333334
2020-10-06,Healthcare,8,0.033549999999999996,0.125,0.125,0.75,0.09261666666666667
2020-10-06,Industrials,19,-0.05371052631578947,0.2631578947368421,0.3684210526315789,0.3684210526315789,-0.010366666666666663
2020-10-06,RealEstate,1,0.4404,1.0,0.0,0.0,0.4404
2020-10-06,Tech,7,-0.07142857142857142,0.0,0.2857142857142857,0.7142857142857143,-0.06944444444444443
2020-10-06,Utilities,5,0.36147999999999997,1.0,0.0,0.0,0.34676666666666667
2020-10-07,Comm,3,0.3566666666666667,0.6666666666666666,0.0,0.3333333333333333,0.3819
2020-10-07,Consumer,17,0.08737647058823529,0.35294117647058826,0.058823529411764705,0.5882352941176471,0.07307357142857143
2020-10-07,Energy,6,-0.005633333333333333,0.3333333333333333,0.16666666666666666,0.5,0.05786000000000001
2020-10-07,Financials,12,0.14795833333333333,0.5833333333333334,0.4166666666666667,0.0,0.16040666666666667
2020-10-07,Healthcare,15,0.17339333333333334,0.4666666666666667,0.06666666666666667,0.4666666666666667,0.20815595238095239
2020-10-07,Industrials,12,-0.04018333333333334,0.4166666666666667,0.5,0.08333333333333333,0.04018888888888887
2020-10-07,Materials,1,0.0,0.0,0.0,1.0,0.0
2020-10-07,Tech,8,0.28047500000000003,0.75,0.125,0.125,0.33195
2020-10-07,Utilities,4,0.2049,0.75,0.0,0.25,0.22766666666666668
2020-10-08,Comm,8,-0.14295,0.25,0.75,0.0,-0.14352333333333334
2020-10-08,Consumer,21,0.07021428571428572,0.3333333333333333,0.09523809523809523,0.5714285714285714,0.10740821428571427
2020-10-08,Energy,16,0.22758124999999998,0.5,0.125,0.375,0.25436031746031745
2020-10-08,Financials,22,0.20722272727272725,0.45454545454545453,0.045454545454545456,0.5,0.17011302083333332
2020-10-08,Healthcare,18,-0.025,0.16666666666666666,0.16666666666666666,0.6666666666666666,0.01854791666666667
2020-10-08,Industrials,9,0.1248,0.3333333333333333,0.1111111111111111,0.5555555555555556,0.16759999999999997
2020-10-08,Materials,1,0.0,0.0,0.0,1.0,0.0
2020-10-08,Tech,14,0.1645,0.5714285714285714,0.07142857142857142,0.35714285714285715,0.1166031746031746
2020-10-08,Utilities,5,0.0,0.0,0.0,1.0,0.0
2020-10-09,Comm,14,0.15010714285714286,0.5,0.07142857142857142,0.42857142857142855,0.14572232142857144
2020-10-09,Consumer,15,0.020379999999999992,0.26666666666666666,0.13333333333333333,0.6,0.04635571428571428
2020-10-09,Financials,13,0.2822692307692308,0.6153846153846154,0.23076923076923078,0.15384615384615385,0.26195
2020-10-09,Healthcare,7,0.1135142857142857,0.42857142857142855,0.14285714285714285,0.42857142857142855,-0.15622666666666665
2020-10-09,Industrials,12,0.26164166666666666,0.5833333333333334,0.08333333333333333,0.3333333333333333,0.24649666666666667
2020-10-09,Materials,2,0.0,0.0,0.0,1.0,0.0
2020-10-09,Tech,21,0.20265238095238094,0.42857142857142855,0.0,0.5714285714285714,0.19190166666666666
2020-10-09,Utilities,2,0.2023,1.0,0.0,0.0,0.2023
2020-10-12,Comm,21,-0.03181428571428571,0.09523809523809523,0.19047619047619047,0.7142857142857143,-0.03122020202020202
2020-10-12,Consumer,33,0.21847272727272726,0.48484848484848486,0.030303030303030304,0.48484848484848486,0.27188425641025643
2020-10-12,Energy,13,0.24801538461538464,0.6153846153846154,0.0,0.38461538461538464,0.22340937500000002
2020-10-12,Financials,32,0.24440937499999998,0.59375,0.0625,0.34375,0.2058668192918193
2020-10-12,Healthcare,17,0.09564705882352942,0.4117647058823529,0.11764705882352941,0.47058823529411764,0.060365625000000006
2020-10-12,Industrials,17,0.05595294117647059,0.35294117647058826,0.17647058823529413,0.47058823529411764,0.1533261904761905
2020-10-12,Materials,4,0.10115,0.5,0.0,0.5,0.10115
2020-10-12,RealEstate,2,0.0,0.0,0.0,1.0,0.0
2020-10-12,Tech,8,0.1963375,0.5,0.0,0.5,0.18307916666666668
2020-10-12,Utilities,2,0.4767,1.0,0.0,0.0,0.4767
2020-10-13,Comm,12,-0.1511,0.16666666666666666,0.4166666666666667,0.4166666666666667,-0.11343571428571429
2020-10-13,Consumer,31,0.057145161290322585,0.3548387096774194,0.16129032258064516,0.4838709677419355,-0.08431622807017544
2020-10-13,Energy,5,-0.12728,0.0,0.4,0.6,-0.1591
2020-10-13,Financials,32,0.097628125,0.40625,0.25,0.34375,0.06127583333333334
2020-10-13,Healthcare,8,-0.018949999999999995,0.125,0.25,0.625,-0.06497499999999999
2020-10-13,Industrials,16,0.20744374999999998,0.5625,0.1875,0.25,0.2329775
2020-10-13,Materials,1,0.0,0.0,0.0,1.0,0.0
2020-10-13,Tech,8,-0.05717499999999999,0.125,0.125,0.75,-0.05082222222222221
2020-10-13,Utilities,2,-0.022499999999999992,0.5,0.5,0.0,-0.022499999999999992
2020-10-14,Comm,13,0.14588461538461536,0.46153846153846156,0.23076923076923078,0.3076923076923077,0.22808200000000003
2020-10-14,Consumer,18,0.10672222222222222,0.3888888888888889,0.1111111111111111,0.5,0.158640625
2020-10-14,Energy,9,0.030355555555555556,0.1111111111111111,0.0,0.8888888888888888,0.045533333333333335
2020-10-14,Financials,52,0.14635384615384617,0.4807692307692308,0.11538461538461539,0.40384615384615385,0.16603804347826087
2020-10-14,Healthcare,11,0.08185454545454546,0.2727272727272727,0.09090909090909091,0.6363636363636364,0.138605
2020-10-14,Industrials,8,0.2394625,0.75,0.0,0.25,0.1843375
2020-10-14,Materials,1,0.5859,1.0,0.0,0.0,0.5859
2020-10-14,RealEstate,2,0.26335,0.5,0.0,0.5,0.26335
2020-10-14,Tech,7,0.007371428571428571,0.0,0.0,1.0,0.007166666666666666
2020-10-14,Utilities,3,0.2732,1.0,0.0,0.0,0.2732
2020-10-15,Comm,5,0.34256000000000003,0.8,0.0,0.2,0.36173333333333335
2020-10-15,Consumer,20,0.061095,0.3,0.15,0.55,0.05007136363636363
2020-10-15,Energy,8,0.3333625,0.875,0.0,0.125,0.3333625
2020-10-15,Financials,25,0.223872,0.6,0.16,0.24,0.16293033333333334
2020-10-15,Healthcare,10,0.18913,0.6,0.0,0.4,0.18227333333333334
2020-10-15,Industrials,11,0.1144090909090909,0.45454545454545453,0.18181818181818182,0.36363636363636365,0.14697333333333334
2020-10-15,Materials,2,0.2997,0.5,0.0,0.5,0.2997
2020-10-15,Tech,9,0.23696666666666666,0.6666666666666666,0.0,0.3333333333333333,0.18224583333333333
2020-10-15,Utilities,1,0.5719,1.0,0.0,0.0,0.5719
2020-10-16,Comm,6,0.013566666666666652,0.3333333333333333,0.3333333333333333,0.3333333333333333,0.016958333333333315
2020-10-16,Consumer,14,0.26110714285714287,0.5,0.0,0.5,0.28934166666666666
2020-10-16,Energy,19,0.12001578947368421,0.42105263157894735,0.15789473684210525,0.42105263157894735,-0.03196458333333333
2020-10-16,Financials,7,0.5195285714285715,0.8571428571428571,0.0,0.14285714285714285,0.56552
2020-10-16,Healthcare,16,0.11146875,0.4375,0.1875,0.375,0.00424102564102564
2020-10-16,Industrials,20,0.250705,0.65,0.05,0.3,0.1785837606837607
2020-10-16,Materials,2,0.5562,1.0,0.0,0.0,0.5562
2020-10-16,Tech,7,0.0425,0.2857142857142857,0.14285714285714285,0.5714285714285714,0.13092222222222225
2020-10-19,Comm,13,0.2037153846153846,0.5384615384615384,0.07692307692307693,0.38461538461538464,0.2748366666666667
2020-10-19,Consumer,23,0.2348086956521739,0.5652173913043478,0.043478260869565216,0.391304347826087,0.24128
2020-10-19,Energy,22,-0.008422727272727276,0.2727272727272727,0.3181818181818182,0.4090909090909091,0.0239189696969697
2020-10-19,Financials,13,0.10516153846153847,0.3076923076923077,0.23076923076923078,0.46153846153846156,0.17970666666666665
2020-10-19,Healthcare,20,0.11743,0.4,0.15,0.45,0.17096166666666665
2020-10-19,Industrials,19,0.22111052631578948,0.631578947368421,0.10526315789473684,0.2631578947368421,0.26793125
2020-10-19,Materials,2,0.60605,1.0,0.0,0.0,0.60605
2020-10-19,RealEstate,1,0.0,0.0,0.0,1.0,0.0
2020-10-19,Tech,13,-0.028507692307692303,0.15384615384615385,0.38461538461538464,0.46153846153846156,0.026003124999999995
2020-10-19,Utilities,4,0.39605,0.75,0.0,0.25,0.39605
2020-10-20,Comm,3,0.0,0.0,0.0,1.0,0.0
2020-10-20,Consumer,11,0.19251818181818184,0.45454545454545453,0.0,0.5454545454545454,0.22990625
2020-10-20,Energy,8,0.2006125,0.625,0.375,0.0,0.18765555555555558
2020-10-20,Financials,14,0.1863857142857143,0.5714285714285714,0.0,0.42857142857142855,0.17468958333333334
2020-10-20,Healthcare,9,0.28567777777777775,0.5555555555555556,0.0,0.4444444444444444,0.27718750000000003
2020-10-20,Industrials,6,0.09581666666666666,0.5,0.16666666666666666,0.3333333333333333,0.10388333333333333
2020-10-20,RealEstate,4,0.181725,0.25,0.0,0.75,0.36345
2020-10-20,Tech,6,0.042433333333333344,0.3333333333333333,0.16666666666666666,0.5,0.05096250000000001
2020-10-20,Utilities,3,0.0,0.0,0.0,1.0,0.0
2020-10-21,Comm,6,0.05586666666666667,0.5,0.16666666666666666,0.3333333333333333,0.05586666666666666
2020-10-21,Consumer,19,0.19760526315789476,0.42105263157894735,0.0,0.5789473684210527,0.2267122619047619
2020-10-21,Energy,12,0.11112500000000002,0.3333333333333333,0.16666666666666666,0.5,-0.030614999999999983
2020-10-21,Financials,14,0.04219285714285714,0.21428571428571427,0.14285714285714285,0.6428571428571429,0.007572500000000003
2020-10-21,Healthcare,9,0.2591333333333334,0.6666666666666666,0.1111111111111111,0.2222222222222222,0.2668266666666667
2020-10-21,Industrials,6,0.10855,0.5,0.16666666666666666,0.3333333333333333,0.13165
2020-10-21,Materials,4,0.085,0.25,0.0,0.75,0.17
2020-10-21,RealEstate,2,0.148,0.5,0.0,0.5,0.148
2020-10-21,Tech,8,0.1172375,0.375,0.125,0.5,0.17803750000000002
2020-10-21,Utilities,8,0.2241375,0.625,0.0,0.375,0.09961666666666667
2020-10-22,Comm,16,0.0675875,0.1875,0.0,0.8125,0.022529166666666666
2020-10-22,Consumer,42,0.08359761904761905,0.2619047619047619,0.11904761904761904,0.6190476190476191,0.016974727272727273
2020-10-22,Energy,8,0.25077499999999997,0.375,0.0,0.625,0.2000638888888889
2020-10-22,Financials,14,0.021049999999999996,0.21428571428571427,0.2857142857142857,0.5,0.13011666666666666
2020-10-22,Healthcare,7,0.08291428571428572,0.42857142857142855,0.2857142857142857,0.2857142857142857,-0.05663499999999999
2020-10-22,Industrials,10,-0.14697,0.1,0.4,0.5,-0.06998571428571429
2020-10-22,Materials,15,0.14653333333333332,0.4,0.0,0.6,0.14663333333333334
2020-10-22,RealEstate,2,-0.2997,0.0,0.5,0.5,-0.2997
2020-10-22,Tech,10,0.20583,0.6,0.0,0.4,0.27489375
2020-10-22,Utilities,4,0.12664999999999998,0.25,0.25,0.5,0.16886666666666664
2020-10-23,Comm,9,0.1584111111111111,0.4444444444444444,0.0,0.5555555555555556,0.3454375
2020-10-23,Consumer,15,0.20064666666666667,0.5333333333333333,0.0,0.4666666666666667,0.285165
2020-10-23,Energy,6,0.08431666666666666,0.5,0.3333333333333333,0.16666666666666666,0.25895833333333335
2020-10-23,Financials,3,0.4289666666666667,1.0,0.0,0.0,0.45730000000000004
2020-10-23,Healthcare,23,0.1100086956521739,0.21739130434782608,0.13043478260869565,0.6521739130434783,0.050960000000000005
2020-10-23,Industrials,7,0.2838142857142857,0.42857142857142855,0.0,0.5714285714285714,0.41064999999999996
2020-10-23,Materials,2,0.0,0.0,0.0,1.0,0.0
2020-10-23,RealEstate,1,0.0,0.0,0.0,1.0,0.0
2020-10-23,Tech,24,0.10698333333333332,0.3333333333333333,0.125,0.5416666666666666,0.14285454545454546
2020-10-23,Utilities,5,0.16333999999999999,0.6,0.2,0.2,0.204175
2020-10-26,Comm,17,0.02805294117647059,0.4117647058823529,0.35294117647058826,0.23529411764705882,0.09944857142857141
2020-10-26,Consumer,27,0.06720370370370371,0.3333333333333333,0.14814814814814814,0.5185185185185185,0.05901955555555555
2020-10-26,Energy,17,0.08799411764705882,0.4117647058823529,0.11764705882352941,0.47058823529411764,0.06980433333333333
2020-10-26,Financials,17,0.04334705882352941,0.23529411764705882,0.23529411764705882,0.5294117647058824,0.005045000000000001
2020-10-26,Healthcare,16,0.047412499999999996,0.1875,0.0625,0.75,0.02107222222222222
2020-10-26,Industrials,21,0.13319047619047616,0.47619047619047616,0.14285714285714285,0.38095238095238093,0.22682555555555556
2020-10-26,Materials,2,0.0,0.0,0.0,1.0,0.0
2020-10-26,RealEstate,3,0.26663333333333333,0.6666666666666666,0.0,0.3333333333333333,0.26663333333333333
2020-10-26,Tech,18,-0.00665555555555555,0.2777777777777778,0.16666666666666666,0.5555555555555556,0.03721250000000001
2020-10-26,Utilities,8,0.0643875,0.375,0.25,0.375,0.0643875
2020-10-27,Comm,2,0.0,0.0,0.0,1.0,0.0
2020-10-27,Consumer,15,0.04824666666666667,0.4,0.13333333333333333,0.4666666666666667,0.06558499999999999
2020-10-27,Energy,6,0.11913333333333335,0.5,0.16666666666666666,0.3333333333333333,-0.000844444444444444
2020-10-27,Financials,7,0.13182857142857143,0.42857142857142855,0.0,0.5714285714285714,0.057675000000000004
2020-10-27,Healthcare,12,0.13244166666666665,0.4166666666666667,0.16666666666666666,0.4166666666666667,0.06143714285714286
2020-10-27,Industrials,42,-0.044909523809523816,0.14285714285714285,0.2619047619047619,0.5952380952380952,-0.021290256410256413
2020-10-27,Materials,5,0.0,0.0,0.0,1.0,0.0
2020-10-27,Tech,41,0.029624390243902437,0.3170731707317073,0.1951219512195122,0.4878048780487805,0.18401135714285716
2020-10-27,Utilities,2,0.08895,0.5,0.0,0.5,0.08895
2020-10-28,Comm,17,0.1207941176470588,0.4117647058823529,0.11764705882352941,0.47058823529411764,0.12582333333333331
2020-10-28,Consumer,14,0.12450714285714286,0.2857142857142857,0.14285714285714285,0.5714285714285714,0.08780750000000001
2020-10-28,Energy,29,-0.03507931034482758,0.06896551724137931,0.1724137931034483,0.7586206896551724,0.058988571428571425
2020-10-28,Financials,29,0.03861034482758621,0.13793103448275862,0.06896551724137931,0.7931034482758621,0.03187761904761905
2020-10-28,Healthcare,23,0.1175695652173913,0.30434782608695654,0.043478260869565216,0.6521739130434783,-0.008314666666666665
2020-10-28,Industrials,43,0.003541860465116284,0.27906976744186046,0.2558139534883721,0.46511627906976744,0.13525713636363637
2020-10-28,RealEstate,2,0.2288,0.5,0.0,0.5,0.2288
2020-10-28,Tech,20,0.09734000000000001,0.3,0.05,0.65,0.08401428571428571
2020-10-28,Utilities,2,0.0,0.0,0.0,1.0,0.0
2020-10-29,Comm,17,0.10145294117647058,0.35294117647058826,0.058823529411764705,0.5882352941176471,0.17301
2020-10-29,Consumer,21,0.028814285714285712,0.19047619047619047,0.09523809523809523,0.7142857142857143,0.04581916666666666
2020-10-29,Energy,16,-0.1485,0.125,0.5,0.375,-0.24387321428571426
2020-10-29,Financials,9,0.11776666666666667,0.4444444444444444,0.1111111111111111,0.4444444444444444,0.13111250000000002
2020-10-29,Healthcare,19,0.1864894736842105,0.5263157894736842,0.05263157894736842,0.42105263157894735,0.20504466666666668
2020-10-29,Industrials,14,-0.07302857142857143,0.21428571428571427,0.21428571428571427,0.5714285714285714,-0.063477
2020-10-29,Materials,10,0.08663000000000001,0.3,0.1,0.6,0.06733666666666667
2020-10-29,RealEstate,2,0.0,0.0,0.0,1.0,0.0
2020-10-29,Tech,11,0.10436363636363638,0.2727272727272727,0.0,0.7272727272727273,0.1512
2020-10-29,Utilities,5,0.12894,0.2,0.0,0.8,0.10744999999999999
2020-10-30,Comm,6,0.18313333333333334,0.6666666666666666,0.0,0.3333333333333333,0.18485
2020-10-30,Consumer,23,0.10994347826086957,0.34782608695652173,0.13043478260869565,0.5217391304347826,0.17318155555555556
2020-10-30,Energy,23,0.05295217391304348,0.391304347826087,0.21739130434782608,0.391304347826087,0.042110833333333327
2020-10-30,Financials,16,0.09259375,0.375,0.125,0.5,0.08553200000000001
2020-10-30,Healthcare,15,0.056613333333333335,0.2,0.06666666666666667,0.7333333333333333,0.04546931818181818
2020-10-30,Industrials,20,0.04813,0.25,0.15,0.6,0.07447107142857143
2020-10-30,RealEstate,1,0.0,0.0,0.0,1.0,0.0
2020-10-30,Tech,5,0.11148,0.2,0.0,0.8,0.0929
2020-10-30,Utilities,4,0.1366,0.5,0.0,0.5,0.1366
2020-11-02,Comm,19,0.040810526315789464,0.47368421052631576,0.21052631578947367,0.3157894736842105,0.06413833333333332
2020-11-02,Consumer,24,0.08522916666666665,0.4166666666666667,0.125,0.4583333333333333,0.09203722222222223
2020-11-02,Energy,18,0.05051111111111112,0.2222222222222222,0.3333333333333333,0.4444444444444444,-0.08184083333333333
2020-11-02,Financials,13,0.04979999999999999,0.23076923076923078,0.23076923076923078,0.5384615384615384,0.11753749999999999
2020-11-02,Healthcare,22,0.09311818181818182,0.4090909090909091,0.13636363636363635,0.45454545454545453,0.08140694444444445
2020-11-02,Industrials,19,0.17192105263157895,0.47368421052631576,0.10526315789473684,0.42105263157894735,0.15164687500000001
2020-11-02,Materials,2,0.26025,1.0,0.0,0.0,0.26025
2020-11-02,RealEstate,2,0.0,0.0,0.0,1.0,0.0
2020-11-02,Tech,19,0.05265263157894737,0.3157894736842105,0.21052631578947367,0.47368421052631576,0.039889375
2020-11-02,Utilities,10,0.18902999999999998,0.7,0.2,0.1,-0.02381666666666667
2020-11-03,Comm,15,-0.022133333333333338,0.3333333333333333,0.26666666666666666,0.4,-0.06955933333333333
2020-11-03,Consumer,23,0.1302086956521739,0.4782608695652174,0.08695652173913043,0.43478260869565216,0.14961866666666665
2020-11-03,Energy,6,0.15955,0.6666666666666666,0.16666666666666666,0.16666666666666666,0.21637499999999998
2020-11-03,Financials,19,0.0673157894736842,0.3157894736842105,0.10526315789473684,0.5789473684210527,0.08376220238095239
2020-11-03,Healthcare,10,0.18864,0.5,0.0,0.5,0.12984666666666667
2020-11-03,Industrials,16,0.167925,0.5,0.0625,0.4375,0.20369833333333331
2020-11-03,Materials,1,0.4576,1.0,0.0,0.0,0.4576
2020-11-03,RealEstate,1,0.0,0.0,0.0,1.0,0.0
2020-11-03,Tech,3,0.2658666666666667,0.6666666666666666,0.0,0.3333333333333333,0.19940000000000002
2020-11-03,Utilities,2,0.28595,0.5,0.0,0.5,0.28595
2020-11-04,Comm,12,-0.018583333333333337,0.16666666666666666,0.16666666666666666,0.6666666666666666,0.11277666666666665
2020-11-04,Consumer,13,0.058215384615384606,0.38461538461538464,0.15384615384615385,0.46153846153846156,0.04240190476190475
2020-11-04,Energy,17,0.12978235294117646,0.5882352941176471,0.11764705882352941,0.29411764705882354,0.11541749999999999
2020-11-04,Financials,24,0.20744166666666666,0.7083333333333334,0.125,0.16666666666666666,0.1607625
2020-11-04,Healthcare,13,0.2722307692307692,0.7692307692307693,0.07692307692307693,0.15384615384615385,0.3139296296296296
2020-11-04,Industrials,10,0.23037000000000002,0.8,0.0,0.2,0.22710833333333333
2020-11-04,Materials,2,0.0,0.0,0.0,1.0,0.0
2020-11-04,RealEstate,2,0.0,0.0,0.0,1.0,0.0
2020-11-04,Tech,16,0.11248749999999999,0.3125,0.0625,0.625,0.10698333333333333
2020-11-04,Utilities,7,0.032042857142857144,0.14285714285714285,0.14285714285714285,0.7142857142857143,0.016541666666666666
2020-11-05,Comm,19,0.03049473684210526,0.21052631578947367,0.10526315789473684,0.6842105263157895,-0.031197000000000003
2020-11-05,Consumer,16,0.059681250000000005,0.375,0.25,0.375,0.15840928571428572
2020-11-05,Energy,9,0.08097777777777776,0.2222222222222222,0.2222222222222222,0.5555555555555556,0.04858666666666666
2020-11-05,Financials,10,0.13489,0.3,0.0,0.7,0.12442
2020-11-05,Healthcare,11,-0.07708181818181817,0.18181818181818182,0.2727272727272727,0.5454545454545454,0.058937500000000004
2020-11-05,Industrials,12,0.09205,0.25,0.08333333333333333,0.6666666666666666,0.09215666666666666
2020-11-05,RealEstate,3,0.13396666666666665,0.3333333333333333,0.0,0.6666666666666666,0.13396666666666665
2020-11-05,Tech,20,0.071855,0.3,0.15,0.55,0.1146
2020-11-05,Utilities,6,0.30845,0.8333333333333334,0.0,0.16666666666666666,0.326075
2020-11-06,Comm,46,0.08771086956521738,0.2608695652173913,0.043478260869565216,0.6956521739130435,0.09671144607843138
2020-11-06,Consumer,22,0.06034545454545454,0.18181818181818182,0.045454545454545456,0.7727272727272727,0.05510857142857143
2020-11-06,Energy,4,0.134475,0.5,0.25,0.25,0.134475
2020-11-06,Financials,9,0.1728888888888889,0.6666666666666666,0.2222222222222222,0.1111111111111111,0.17475000000000002
2020-11-06,Healthcare,3,0.0,0.0,0.0,1.0,0.0
2020-11-06,Industrials,11,-0.029927272727272723,0.18181818181818182,0.36363636363636365,0.45454545454545453,-0.015676190476190472
2020-11-06,Materials,3,0.13053333333333333,0.6666666666666666,0.0,0.3333333333333333,0.13053333333333333
2020-11-06,RealEstate,4,0.124575,0.5,0.0,0.5,0.124575
2020-11-06,Tech,6,0.21091666666666664,0.6666666666666666,0.16666666666666666,0.16666666666666666,0.21091666666666667
2020-11-06,Utilities,7,0.12651428571428572,0.2857142857142857,0.0,0.7142857142857143,0.14980000000000002
2020-11-09,Comm,18,0.1893111111111111,0.3888888888888889,0.0,0.6111111111111112,0.2057085714285714
2020-11-09,Consumer,22,0.06135000000000001,0.22727272727272727,0.09090909090909091,0.6818181818181818,0.03587714285714285
2020-11-09,Energy,31,0.19858387096774194,0.45161290322580644,0.06451612903225806,0.4838709677419355,0.16904728205128206
2020-11-09,Financials,24,0.04599166666666666,0.2916666666666667,0.16666666666666666,0.5416666666666666,0.05833303571428571
2020-11-09,Healthcare,11,0.1642,0.45454545454545453,0.18181818181818182,0.36363636363636365,0.20935333333333334
2020-11-09,Industrials,31,0.17329032258064517,0.45161290322580644,0.0967741935483871,0.45161290322580644,0.2142726666666667
2020-11-09,RealEstate,3,0.24126666666666666,0.6666666666666666,0.0,0.3333333333333333,0.24126666666666666
2020-11-09,Tech,16,0.0074625,0.125,0.1875,0.6875,-0.019691666666666663
2020-11-09,Utilities,8,0.0601,0.375,0.125,0.5,0.15142857142857144
2020-11-10,Comm,14,0.04715714285714286,0.2857142857142857,0.21428571428571427,0.5,0.02692500000000001
2020-11-10,Consumer,17,0.10560588235294119,0.35294117647058826,0.058823529411764705,0.5882352941176471,0.12225611111111111
2020-11-10,Energy,15,-0.037693333333333315,0.4,0.4,0.2,0.026431000000000017
2020-11-10,Financials,9,0.19096666666666665,0.3333333333333333,0.0,0.6666666666666666,0.17024999999999998
2020-11-10,Healthcare,10,0.15381,0.6,0.1,0.3,0.212596
2020-11-10,Industrials,29,0.0950103448275862,0.4827586206896552,0.1724137931034483,0.3448275862068966,0.14972791666666668
2020-11-10,Materials,2,-0.17,0.0,0.5,0.5,-0.17
2020-11-10,Tech,24,-0.004762500000000007,0.25,0.16666666666666666,0.5833333333333334,-0.02779666666666667
2020-11-10,Utilities,1,0.2732,1.0,0.0,0.0,0.2732
2020-11-11,Comm,9,-0.07214444444444444,0.1111111111111111,0.7777777777777778,0.1111111111111111,-0.12654375
2020-11-11,Consumer,14,0.12400000000000001,0.35714285714285715,0.07142857142857142,0.5714285714285714,0.11122833333333335
2020-11-11,Energy,7,0.23022857142857145,0.5714285714285714,0.0,0.42857142857142855,0.29773333333333335
2020-11-11,Financials,16,0.22212500000000002,0.5625,0.0,0.4375,0.18479190476190477
2020-11-11,Healthcare,4,0.0,0.0,0.0,1.0,0.0
2020-11-11,Industrials,11,0.07143636363636365,0.36363636363636365,0.09090909090909091,0.5454545454545454,0.039290000000000005
2020-11-11,Materials,5,0.11839999999999999,0.4,0.0,0.6,0.12333333333333332
2020-11-11,RealEstate,2,0.3062,0.5,0.0,0.5,0.3062
2020-11-11,Tech,16,0.15856875,0.375,0.0,0.625,0.21576031746031746
2020-11-11,Utilities,3,0.1971333333333333,0.6666666666666666,0.0,0.3333333333333333,0.14784999999999998
2020-11-12,Comm,7,0.08051428571428572,0.2857142857142857,0.14285714285714285,0.5714285714285714,0.090725
2020-11-12,Consumer,43,0.06212558139534883,0.32558139534883723,0.20930232558139536,0.46511627906976744,0.10528225108225107
2020-11-12,Energy,11,0.32429090909090913,0.7272727272727273,0.0,0.2727272727272727,0.3424666666666667
2020-11-12,Financials,26,0.13295384615384614,0.4230769230769231,0.07692307692307693,0.5,0.21160532051282052
2020-11-12,Healthcare,3,-0.05103333333333334,0.0,0.3333333333333333,0.6666666666666666,-0.038275
2020-11-12,Industrials,14,-0.013371428571428578,0.2857142857142857,0.2857142857142857,0.42857142857142855,0.03413333333333333
2020-11-12,Materials,5,0.08808,0.2,0.0,0.8,0.05505
2020-11-12,Tech,11,0.21917272727272727,0.5454545454545454,0.0,0.45454545454545453,0.23108333333333334
2020-11-12,Utilities,4,0.347125,0.5,0.0,0.5,0.3165166666666667
2020-11-13,Comm,13,0.10499230769230769,0.46153846153846156,0.15384615384615385,0.38461538461538464,0.14494166666666666
2020-11-13,Consumer,31,0.15370967741935482,0.41935483870967744,0.03225806451612903,0.5483870967741935,0.2118008281573499
2020-11-13,Energy,6,0.27973333333333333,0.6666666666666666,0.0,0.3333333333333333,0.27973333333333333
2020-11-13,Financials,11,0.06941818181818181,0.45454545454545453,0.18181818181818182,0.36363636363636365,0.14314166666666667
2020-11-13,Healthcare,4,0.33355,0.75,0.0,0.25,0.28600000000000003
2020-11-13,Industrials,11,0.08341818181818182,0.36363636363636365,0.09090909090909091,0.5454545454545454,0.09176
2020-11-13,Materials,5,0.14838,0.4,0.0,0.6,0.185475
2020-11-13,RealEstate,2,0.26335,0.5,0.0,0.5,0.26335
2020-11-13,Tech,9,-0.05983333333333333,0.2222222222222222,0.3333333333333333,0.4444444444444444,-0.011291111111111104
2020-11-16,Comm,12,0.126475,0.3333333333333333,0.08333333333333333,0.5833333333333334,0.125346
2020-11-16,Consumer,44,0.14503863636363634,0.38636363636363635,0.06818181818181818,0.5454545454545454,0.18227977777777776
2020-11-16,Energy,18,0.26541666666666663,0.6111111111111112,0.05555555555555555,0.3333333333333333,0.261840625
2020-11-16,Financials,19,0.1408157894736842,0.3157894736842105,0.0,0.6842105263157895,0.15623
2020-11-16,Healthcare,21,0.04498095238095238,0.2857142857142857,0.19047619047619047,0.5238095238095238,0.029619000000000006
2020-11-16,Industrials,25,0.137012,0.44,0.16,0.4,0.13956785714285713
2020-11-16,Materials,4,0.24695,0.5,0.0,0.5,0.24695
2020-11-16,RealEstate,3,0.0,0.0,0.0,1.0,0.0
2020-11-16,Tech,7,0.3078142857142857,0.7142857142857143,0.0,0.2857142857142857,0.35775833333333334
2020-11-16,Utilities,8,-0.0005999999999999964,0.125,0.25,0.625,-0.11735
2020-11-17,Comm,12,0.13853333333333334,0.4166666666666667,0.08333333333333333,0.5,0.14484
2020-11-17,Consumer,30,0.14595333333333335,0.6333333333333333,0.16666666666666666,0.2,0.2666457894736842
2020-11-17,Energy,3,0.0,0.0,0.0,1.0,0.0
2020-11-17,Financials,11,-0.06083636363636364,0.0,0.2727272727272727,0.7272727272727273,-0.03925
2020-11-17,Healthcare,10,-0.08019000000000001,0.2,0.6,0.2,0.032456250000000006
2020-11-17,Industrials,9,0.0815,0.3333333333333333,0.1111111111111111,0.5555555555555556,0.14673750000000002
2020-11-17,Materials,2,0.2202,0.5,0.0,0.5,0.2202
2020-11-17,Tech,8,0.33385,0.625,0.0,0.375,0.32852777777777775
2020-11-18,Comm,11,0.001572727272727266,0.2727272727272727,0.2727272727272727,0.45454545454545453,0.008979999999999998
2020-11-18,Consumer,19,0.1494421052631579,0.5263157894736842,0.15789473684210525,0.3157894736842105,0.1346277777777778
2020-11-18,Energy,8,0.1128375,0.375,0.125,0.5,0.09908888888888889
2020-11-18,Financials,11,0.11909999999999998,0.6363636363636364,0.2727272727272727,0.09090909090909091,0.14673541666666665
2020-11-18,Healthcare,9,0.22266666666666668,0.4444444444444444,0.1111111111111111,0.4444444444444444,0.18796666666666667
2020-11-18,Industrials,26,0.035838461538461534,0.23076923076923078,0.15384615384615385,0.6153846153846154,-0.02584111111111111
2020-11-18,RealEstate,1,0.4404,1.0,0.0,0.0,0.4404
2020-11-18,Tech,9,0.2162666666666667,0.5555555555555556,0.0,0.4444444444444444,0.25051875
2020-11-18,Utilities,5,0.24996000000000002,0.4,0.0,0.6,0.2083
2020-11-19,Comm,10,0.02255,0.5,0.4,0.1,0.11743095238095237
2020-11-19,Consumer,16,0.05506249999999999,0.3125,0.375,0.3125,-0.03740416666666666
2020-11-19,Energy,4,0.20095,0.5,0.0,0.5,0.20095
2020-11-19,Financials,13,0.20896153846153845,0.6153846153846154,0.07692307692307693,0.3076923076923077,0.19852933333333334
2020-11-19,Healthcare,8,0.0755875,0.25,0.0,0.75,0.07025416666666667
2020-11-19,Industrials,10,0.06736,0.3,0.1,0.6,0.03207619047619047
2020-11-19,Materials,3,0.13753333333333334,0.3333333333333333,0.3333333333333333,0.3333333333333333,0.13753333333333334
2020-11-19,RealEstate,1,0.0,0.0,0.0,1.0,0.0
2020-11-19,Tech,5,-0.02835999999999999,0.4,0.4,0.2,-0.026587499999999993
2020-11-19,Utilities,5,-0.06364,0.0,0.2,0.8,-0.039775
2020-11-20,Comm,15,-0.037386666666666665,0.13333333333333333,0.3333333333333333,0.5333333333333333,-0.036219999999999995
2020-11-20,Consumer,26,0.11633076923076922,0.34615384615384615,0.15384615384615385,0.5,0.1130546130952381
2020-11-20,Energy,2,0.0,0.0,0.0,1.0,0.0
2020-11-20,Financials,15,0.11783333333333333,0.3333333333333333,0.0,0.6666666666666666,0.10204666666666666
2020-11-20,Healthcare,13,0.039992307692307695,0.38461538461538464,0.15384615384615385,0.46153846153846156,0.043996875
2020-11-20,Industrials,9,0.1381888888888889,0.3333333333333333,0.0,0.6666666666666666,0.09988222222222222
2020-11-20,Tech,6,0.20893333333333333,0.6666666666666666,0.0,0.3333333333333333,0.23048888888888888
2020-11-20,Utilities,4,0.07955,0.25,0.0,0.75,0.05303333333333333
2020-11-23,Comm,9,-0.009011111111111093,0.4444444444444444,0.4444444444444444,0.1111111111111111,0.057544444444444454
2020-11-23,Consumer,37,0.18554864864864867,0.5405405405405406,0.08108108108108109,0.3783783783783784,0.17166674725274725
2020-11-23,Energy,17,0.0304235294117647,0.17647058823529413,0.17647058823529413,0.6470588235294118,-0.030297321428571437
2020-11-23,Financials,23,0.04893478260869566,0.30434782608695654,0.08695652173913043,0.6086956521739131,0.0361675
2020-11-23,Healthcare,20,0.23415,0.5,0.0,0.5,0.1924425238095238
2020-11-23,Industrials,22,0.11950909090909091,0.4090909090909091,0.045454545454545456,0.5454545454545454,0.12892571428571428
2020-11-23,Materials,9,0.022477777777777777,0.1111111111111111,0.0,0.8888888888888888,0.04046
2020-11-23,RealEstate,1,0.0,0.0,0.0,1.0,0.0
2020-11-23,Tech,11,0.0674090909090909,0.36363636363636365,0.18181818181818182,0.45454545454545453,0.08877499999999999
2020-11-23,Utilities,4,0.301725,1.0,0.0,0.0,0.3072166666666667
2020-11-24,Comm,10,-0.015169999999999994,0.1,0.2,0.7,0.12386666666666668
2020-11-24,Consumer,15,0.030773333333333333,0.26666666666666666,0.2,0.5333333333333333,0.04016875
2020-11-24,Energy,11,-0.11743636363636362,0.2727272727272727,0.36363636363636365,0.36363636363636365,-0.14315
2020-11-24,Financials,16,0.16905625,0.375,0.0,0.625,0.135245
2020-11-24,Healthcare,3,0.1589,0.3333333333333333,0.0,0.6666666666666666,0.119175
2020-11-24,Industrials,28,0.10085357142857143,0.35714285714285715,0.25,0.39285714285714285,0.045141190476190474
2020-11-24,Materials,1,0.4404,1.0,0.0,0.0,0.4404
2020-11-24,RealEstate,4,0.160675,0.5,0.0,0.5,0.10711666666666668
2020-11-24,Tech,1,0.0,0.0,0.0,1.0,0.0
2020-11-24,Utilities,1,0.2023,1.0,0.0,0.0,0.2023
2020-11-25,Comm,6,0.2457666666666667,0.6666666666666666,0.16666666666666666,0.16666666666666666,0.10638
2020-11-25,Consumer,15,0.24371333333333334,0.6,0.06666666666666667,0.3333333333333333,0.19735833333333333
2020-11-25,Energy,13,0.0681153846153846,0.23076923076923078,0.15384615384615385,0.6153846153846154,0.153265625
2020-11-25,Financials,13,-0.015592307692307692,0.15384615384615385,0.15384615384615385,0.6923076923076923,0.0006441666666666679
2020-11-25,Healthcare,6,0.06698333333333333,0.16666666666666666,0.0,0.8333333333333334,0.0502375
2020-11-25,Industrials,12,0.1965083333333333,0.5833333333333334,0.16666666666666666,0.25,0.22318666666666664
2020-11-25,Materials,4,0.20095,0.5,0.0,0.5,0.2679333333333333
2020-11-25,Tech,6,0.14966666666666667,0.3333333333333333,0.0,0.6666666666666666,0.12424444444444445
2020-11-25,Utilities,4,0.34785,0.75,0.0,0.25,0.37870000000000004
2020-11-27,Comm,3,0.2934333333333333,0.6666666666666666,0.0,0.3333333333333333,0.2934333333333333
2020-11-27,Consumer,32,0.139125,0.34375,0.15625,0.5,0.11065
2020-11-27,Energy,10,0.19304000000000002,0.6,0.1,0.3,0.14935625000000002
2020-11-27,Financials,7,0.2783142857142857,0.5714285714285714,0.0,0.42857142857142855,0.34355555555555556
2020-11-27,Healthcare,7,-0.0508857142857143,0.14285714285714285,0.42857142857142855,0.42857142857142855,-0.052155555555555566
2020-11-27,Industrials,9,0.09205555555555556,0.4444444444444444,0.1111111111111111,0.4444444444444444,0.1753095238095238
2020-11-27,Materials,1,0.0,0.0,0.0,1.0,0.0
2020-11-27,RealEstate,2,0.012650000000000002,0.5,0.5,0.0,0.012650000000000002
2020-11-27,Tech,5,0.24333999999999997,0.4,0.0,0.6,0.27925
2020-11-27,Utilities,1,0.5267,1.0,0.0,0.0,0.5267
2020-11-30,Comm,6,0.07543333333333334,0.3333333333333333,0.0,0.6666666666666666,0.10057777777777778
2020-11-30,Consumer,16,0.20935625,0.5,0.125,0.375,0.14
2020-11-30,Energy,27,0.2091074074074074,0.5185185185185185,0.14814814814814814,0.3333333333333333,0.2151790476190476
2020-11-30,Financials,12,0.0015333333333333449,0.3333333333333333,0.3333333333333333,0.3333333333333333,0.028531250000000015
2020-11-30,Healthcare,11,0.19434545454545454,0.45454545454545453,0.0,0.5454545454545454,0.16828333333333334
2020-11-30,Industrials,16,0.08519375,0.375,0.125,0.5,0.09554457142857144
2020-11-30,Materials,2,0.10115,0.5,0.0,0.5,0.10115
2020-11-30,RealEstate,3,0.25806666666666667,0.6666666666666666,0.0,0.3333333333333333,0.25806666666666667
2020-11-30,Tech,10,0.07609,0.3,0.1,0.6,0.03912708333333333
2020-11-30,Utilities,7,0.12105714285714285,0.42857142857142855,0.14285714285714285,0.42857142857142855,0.1361125
2020-12-01,Comm,6,0.1468,0.3333333333333333,0.0,0.6666666666666666,0.1101
2020-12-01,Consumer,8,0.3084,0.5,0.0,0.5,0.24098333333333333
2020-12-01,Energy,12,0.18642499999999998,0.5833333333333334,0.0,0.4166666666666667,0.10927
2020-12-01,Financials,4,0.4565,1.0,0.0,0.0,0.5256166666666666
2020-12-01,Healthcare,5,0.08038,0.2,0.0,0.8,0.06698333333333333
2020-12-01,Industrials,10,0.10263,0.2,0.0,0.8,0.0427625
2020-12-01,Materials,2,0.3062,0.5,0.0,0.5,0.3062
2020-12-01,RealEstate,1,0.34,1.0,0.0,0.0,0.34
2020-12-01,Tech,11,0.054636363636363636,0.2727272727272727,0.0,0.7272727272727273,0.03347083333333333
2020-12-01,Utilities,1,0.2732,1.0,0.0,0.0,0.2732
2020-12-02,Comm,2,-0.24695,0.0,0.5,0.5,-0.24695
2020-12-02,Consumer,26,0.020880769230769227,0.3076923076923077,0.19230769230769232,0.5,0.015388222222222223
2020-12-02,Energy,13,0.21905384615384615,0.46153846153846156,0.0,0.5384615384615384,0.18616416666666666
2020-12-02,Financials,9,0.06706666666666666,0.4444444444444444,0.1111111111111111,0.4444444444444444,0.1470625
2020-12-02,Healthcare,12,0.24268333333333333,0.4166666666666667,0.16666666666666666,0.4166666666666667,0.25959375
2020-12-02,Industrials,11,0.0424090909090909,0.18181818181818182,0.09090909090909091,0.7272727272727273,-0.002611111111111115
2020-12-02,Materials,4,0.2288,0.5,0.0,0.5,0.15253333333333333
2020-12-02,RealEstate,2,0.1909,0.5,0.0,0.5,0.1909
2020-12-02,Tech,8,0.1619875,0.5,0.0,0.5,0.20024375
2020-12-02,Utilities,7,0.34772857142857144,0.8571428571428571,0.0,0.14285714285714285,0.2823875
2020-12-03,Comm,8,0.12177500000000002,0.375,0.125,0.5,0.06958571428571429
2020-12-03,Consumer,26,0.17365384615384613,0.46153846153846156,0.038461538461538464,0.5,0.1222375
2020-12-03,Energy,8,-0.010387499999999994,0.125,0.375,0.5,0.021483333333333337
2020-12-03,Financials,11,0.21504545454545454,0.36363636363636365,0.0,0.6363636363636364,0.122975
2020-12-03,Healthcare,3,0.40829999999999994,0.6666666666666666,0.0,0.3333333333333333,0.30622499999999997
2020-12-03,Industrials,30,0.14596333333333333,0.5,0.23333333333333334,0.26666666666666666,0.11542369747899159
2020-12-03,Materials,1,0.0,0.0,0.0,1.0,0.0
2020-12-03,RealEstate,3,0.33926666666666666,1.0,0.0,0.0,0.33926666666666666
2020-12-03,Tech,8,0.1621625,0.375,0.0,0.625,0.07207222222222222
2020-12-04,Comm,10,0.19556,0.5,0.1,0.4,0.16751666666666667
2020-12-04,Consumer,10,0.14792,0.3,0.0,0.7,0.09833333333333333
2020-12-04,Energy,30,0.02435666666666666,0.3,0.26666666666666666,0.43333333333333335,0.003914126984126978
2020-12-04,Financials,10,-0.022850000000000002,0.2,0.3,0.5,-0.026450000000000008
2020-12-04,Healthcare,8,0.1563875,0.375,0.0,0.625,0.11248055555555557
2020-12-04,Industrials,14,-0.048907142857142864,0.21428571428571427,0.35714285714285715,0.42857142857142855,0.08516
2020-12-04,RealEstate,1,0.0,0.0,0.0,1.0,0.0
2020-12-04,Tech,9,0.18054444444444448,0.5555555555555556,0.2222222222222222,0.2222222222222222,0.1880625
2020-12-04,Utilities,2,0.22615000000000002,1.0,0.0,0.0,0.22615000000000002
2020-12-07,Comm,12,0.14828333333333332,0.5,0.16666666666666666,0.3333333333333333,0.0659037037037037
2020-12-07,Consumer,39,0.1398205128205128,0.5128205128205128,0.1794871794871795,0.3076923076923077,0.09896714285714285
2020-12-07,Energy,33,0.0918151515151515,0.45454545454545453,0.12121212121212122,0.42424242424242425,0.10040611111111111
2020-12-07,Financials,24,0.0682,0.3333333333333333,0.20833333333333334,0.4583333333333333,0.060675833333333325
2020-12-07,Healthcare,7,0.030171428571428578,0.42857142857142855,0.14285714285714285,0.42857142857142855,-0.1004
2020-12-07,Industrials,20,0.10295000000000001,0.25,0.1,0.65,0.08424583333333333
2020-12-07,Materials,2,0.0,0.0,0.0,1.0,0.0
2020-12-07,RealEstate,1,0.4767,1.0,0.0,0.0,0.4767
2020-12-07,Tech,25,0.074004,0.32,0.08,0.6,0.08750972222222222
2020-12-07,Utilities,1,0.2732,1.0,0.0,0.0,0.2732
2020-12-08,Comm,13,-0.0027769230769230744,0.15384615384615385,0.15384615384615385,0.6923076923076923,0.10193636363636364
2020-12-08,Consumer,22,0.13677727272727272,0.5,0.045454545454545456,0.45454545454545453,0.06071333333333334
2020-12-08,Energy,7,0.11850000000000001,0.42857142857142855,0.14285714285714285,0.42857142857142855,0.09189166666666666
2020-12-08,Financials,17,0.03364117647058823,0.29411764705882354,0.11764705882352941,0.5882352941176471,0.047122
2020-12-08,Healthcare,6,0.13388333333333333,0.3333333333333333,0.0,0.6666666666666666,0.1829222222222222
2020-12-08,Industrials,19,-0.05721052631578947,0.15789473684210525,0.2631578947368421,0.5789473684210527,-0.002047222222222228
2020-12-08,Materials,3,-0.042666666666666665,0.0,0.3333333333333333,0.6666666666666666,-0.042666666666666665
2020-12-08,RealEstate,1,0.0,0.0,0.0,1.0,0.0
2020-12-08,Tech,8,0.1890875,0.5,0.0,0.5,0.13448749999999998
2020-12-08,Utilities,3,0.33873333333333333,0.6666666666666666,0.0,0.3333333333333333,0.33873333333333333
2020-12-09,Comm,11,0.16376363636363636,0.45454545454545453,0.0,0.5454545454545454,0.26174375
2020-12-09,Consumer,21,0.0457047619047619,0.3333333333333333,0.19047619047619047,0.47619047619047616,-0.0017501515151515205
2020-12-09,Energy,12,0.13665833333333333,0.5,0.25,0.25,0.06654666666666667
2020-12-09,Financials,11,0.08219090909090908,0.2727272727272727,0.0,0.7272727272727273,0.08054333333333333
2020-12-09,Healthcare,3,-0.16463333333333333,0.0,0.3333333333333333,0.6666666666666666,-0.123475
2020-12-09,Industrials,23,-0.13688695652173913,0.08695652173913043,0.391304347826087,0.5217391304347826,-0.04326555555555555
2020-12-09,Materials,4,0.1889,0.5,0.0,0.5,0.12593333333333334
2020-12-09,RealEstate,3,0.0086,0.0,0.0,1.0,0.00645
2020-12-09,Tech,13,0.2462153846153846,0.6153846153846154,0.0,0.38461538461538464,0.27175916666666666
2020-12-09,Utilities,2,0.57375,1.0,0.0,0.0,0.57375
2020-12-10,Comm,12,0.078225,0.25,0.0,0.75,0.19042187500000002
2020-12-10,Consumer,23,0.11173478260869565,0.21739130434782608,0.0,0.782608695652174,0.21859968253968254
2020-12-10,Energy,14,0.34963571428571427,0.7142857142857143,0.0,0.2857142857142857,0.346355
2020-12-10,Financials,15,0.13643999999999998,0.3333333333333333,0.0,0.6666666666666666,0.140775
2020-12-10,Healthcare,12,0.09071666666666667,0.3333333333333333,0.0,0.6666666666666666,0.07891875000000001
2020-12-10,Industrials,13,0.01974615384615385,0.3076923076923077,0.23076923076923078,0.46153846153846156,0.00019066666666667578
2020-12-10,Materials,1,0.296,1.0,0.0,0.0,0.296
2020-12-10,RealEstate,1,0.0,0.0,0.0,1.0,0.0
2020-12-10,Tech,10,0.22501,0.5,0.0,0.5,0.2950479166666667
2020-12-10,Utilities,4,0.18767499999999998,0.5,0.25,0.25,0.12511666666666665
2020-12-11,Comm,10,0.1389,0.5,0.0,0.5,0.06066428571428571
2020-12-11,Consumer,29,0.023827586206896546,0.1724137931034483,0.1724137931034483,0.6551724137931034,0.14347326315789474
2020-12-11,Energy,14,-0.22555714285714284,0.14285714285714285,0.6428571428571429,0.21428571428571427,-0.233304
2020-12-11,Financials,16,0.136075,0.375,0.25,0.375,0.09013499999999999
2020-12-11,Healthcare,13,0.1908153846153846,0.5384615384615384,0.07692307692307693,0.38461538461538464,0.301453
2020-12-11,Industrials,18,0.006205555555555544,0.2222222222222222,0.2222222222222222,0.5555555555555556,-0.07586066666666669
2020-12-11,Materials,1,0.0,0.0,0.0,1.0,0.0
2020-12-11,RealEstate,5,0.0,0.0,0.0,1.0,0.0
2020-12-11,Tech,24,-0.027120833333333334,0.16666666666666666,0.2916666666666667,0.5416666666666666,0.056598749999999996
2020-12-11,Utilities,3,0.14049999999999999,0.3333333333333333,0.0,0.6666666666666666,0.14049999999999999
2020-12-14,Comm,31,0.07392580645161291,0.25806451612903225,0.06451612903225806,0.6774193548387096,0.060334374999999996
2020-12-14,Consumer,35,0.035657142857142866,0.3142857142857143,0.17142857142857143,0.5142857142857142,0.04732166666666667
2020-12-14,Energy,13,0.09863076923076923,0.38461538461538464,0.3076923076923077,0.3076923076923077,0.09768750000000001
2020-12-14,Financials,7,0.12171428571428573,0.42857142857142855,0.14285714285714285,0.42857142857142855,0.15008333333333335
2020-12-14,Healthcare,12,0.11269166666666668,0.4166666666666667,0.16666666666666666,0.4166666666666667,0.14211500000000002
2020-12-14,Industrials,24,0.12686666666666666,0.375,0.125,0.5,0.11666622023809524
2020-12-14,RealEstate,6,0.06363333333333333,0.16666666666666666,0.0,0.8333333333333334,0.03818
2020-12-14,Tech,13,0.11646153846153846,0.38461538461538464,0.15384615384615385,0.46153846153846156,0.09489500000000001
2020-12-14,Utilities,4,0.19997499999999999,0.5,0.0,0.5,0.13331666666666667
2020-12-15,Comm,9,0.25537777777777776,0.5555555555555556,0.0,0.4444444444444444,0.2356892857142857
2020-12-15,Consumer,20,0.19779,0.5,0.05,0.45,0.18401190476190477
2020-12-15,Energy,6,0.31679999999999997,1.0,0.0,0.0,0.33522222222222225
2020-12-15,Financials,12,0.1939,0.4166666666666667,0.0,0.5833333333333334,0.26395625
2020-12-15,Healthcare,7,0.3664428571428572,0.7142857142857143,0.14285714285714285,0.14285714285714285,0.3786777777777777
2020-12-15,Industrials,7,0.1833428571428571,0.5714285714285714,0.14285714285714285,0.2857142857142857,0.24858750000000002
2020-12-15,Materials,3,0.0,0.0,0.0,1.0,0.0
2020-12-15,RealEstate,5,0.11383999999999998,0.4,0.0,0.6,0.1053
2020-12-15,Tech,10,0.05188,0.3,0.1,0.6,0.10724333333333334
2020-12-16,Comm,6,0.0,0.0,0.0,1.0,0.0
2020-12-16,Consumer,17,0.18026470588235297,0.35294117647058826,0.058823529411764705,0.5882352941176471,0.27887399999999996
2020-12-16,Energy,5,-0.017259999999999987,0.2,0.2,0.6,0.02231666666666668
2020-12-16,Financials,9,0.21593333333333334,0.4444444444444444,0.2222222222222222,0.3333333333333333,0.3079866666666667
2020-12-16,Healthcare,9,0.2709,0.7777777777777778,0.1111111111111111,0.1111111111111111,0.2831875
2020-12-16,Industrials,14,0.11149285714285714,0.42857142857142855,0.07142857142857142,0.5,0.15357500000000002
2020-12-16,Materials,2,0.0,0.0,0.0,1.0,0.0
2020-12-16,RealEstate,4,0.189475,0.25,0.0,0.75,0.2526333333333333
2020-12-16,Tech,5,0.04046,0.2,0.0,0.8,0.06743333333333333
2020-12-16,Utilities,1,0.0,0.0,0.0,1.0,0.0
2020-12-17,Comm,8,0.0856625,0.25,0.0,0.75,0.0856625
2020-12-17,Consumer,16,0.0720625,0.375,0.1875,0.4375,0.17273999999999998
2020-12-17,Energy,8,0.0732375,0.125,0.0,0.875,0.11717999999999999
2020-12-17,Financials,20,0.34693999999999997,0.7,0.05,0.25,0.32857416666666667
2020-12-17,Healthcare,13,0.08636153846153846,0.23076923076923078,0.07692307692307693,0.6923076923076923,0.05570533333333333
2020-12-17,Industrials,14,0.26757142857142857,0.5714285714285714,0.21428571428571427,0.21428571428571427,0.23560416666666664
2020-12-17,Materials,3,0.1468,0.3333333333333333,0.0,0.6666666666666666,0.1468
2020-12-17,RealEstate,2,0.0,0.0,0.0,1.0,0.0
2020-12-17,Tech,11,0.18465454545454546,0.5454545454545454,0.0,0.45454545454545453,0.2908928571428571
2020-12-17,Utilities,6,0.24698333333333333,0.6666666666666666,0.0,0.3333333333333333,0.20631666666666668
2020-12-18,Comm,8,0.020025,0.125,0.125,0.75,0.00801
2020-12-18,Consumer,26,0.2239346153846154,0.5769230769230769,0.11538461538461539,0.3076923076923077,0.2572413333333333
2020-12-18,Energy,5,0.0008199999999999985,0.4,0.2,0.4,0.06116666666666667
2020-12-18,Financials,3,0.0,0.0,0.0,1.0,0.0
2020-12-18,Healthcare,4,0.2784,0.5,0.0,0.5,0.29175
2020-12-18,Industrials,18,0.04385000000000001,0.2777777777777778,0.1111111111111111,0.6111111111111112,0.033405624999999994
2020-12-18,Materials,7,0.06478571428571428,0.2857142857142857,0.0,0.7142857142857143,0.11337499999999999
2020-12-18,RealEstate,2,0.18185,0.5,0.5,0.0,0.18185
2020-12-18,Tech,11,0.19108181818181819,0.45454545454545453,0.0,0.5454545454545454,0.24072500000000002
2020-12-18,Utilities,2,0.2732,1.0,0.0,0.0,0.2732
2020-12-21,Comm,18,0.14589444444444444,0.4444444444444444,0.05555555555555555,0.5,0.07763416666666667
2020-12-21,Consumer,60,0.07828166666666667,0.3333333333333333,0.11666666666666667,0.55,0.12752141125541125
2020-12-21,Energy,14,0.13410714285714287,0.5714285714285714,0.14285714285714285,0.2857142857142857,0.13405733333333333
2020-12-21,Financials,50,-0.07077,0.12,0.3,0.58,-0.029942657894736845
2020-12-21,Healthcare,6,0.26448333333333335,0.5,0.0,0.5,0.27162
2020-12-21,Industrials,38,0.08457631578947368,0.2894736842105263,0.15789473684210525,0.5526315789473685,0.22704149999999998
2020-12-21,Materials,5,0.18528000000000003,0.8,0.2,0.0,0.1916625
2020-12-21,RealEstate,5,0.05464,0.2,0.0,0.8,0.03415
2020-12-21,Tech,13,0.16152307692307694,0.38461538461538464,0.07692307692307693,0.5384615384615384,0.1041352380952381
2020-12-21,Utilities,5,0.2575,0.6,0.0,0.4,0.211175
2020-12-22,Comm,7,0.009157142857142864,0.42857142857142855,0.2857142857142857,0.2857142857142857,-0.007149999999999994
2020-12-22,Consumer,16,0.025993749999999996,0.4375,0.25,0.3125,0.086088
2020-12-22,Energy,21,-0.07267619047619048,0.3333333333333333,0.3333333333333333,0.3333333333333333,-0.018831999999999995
2020-12-22,Financials,5,0.17908,0.4,0.0,0.6,0.24913333333333335
2020-12-22,Healthcare,18,-0.04805,0.2222222222222222,0.3888888888888889,0.3888888888888889,0.05066999999999999
2020-12-22,Industrials,11,0.12152727272727272,0.45454545454545453,0.09090909090909091,0.45454545454545453,0.14149166666666668
2020-12-22,Materials,2,0.0,0.0,0.0,1.0,0.0
2020-12-22,Tech,7,0.18874285714285716,0.42857142857142855,0.0,0.5714285714285714,0.20185
2020-12-22,Utilities,2,0.148,0.5,0.0,0.5,0.148
2020-12-23,Comm,5,0.10846,0.2,0.0,0.8,0.0677875
2020-12-23,Consumer,22,0.11970454545454547,0.4090909090909091,0.09090909090909091,0.5,0.13125683333333332
2020-12-23,Energy,4,0.119175,0.25,0.0,0.75,0.1589
2020-12-23,Financials,10,0.14218,0.4,0.0,0.6,0.210475
2020-12-23,Healthcare,15,0.10988666666666667,0.3333333333333333,0.06666666666666667,0.6,0.08902037037037036
2020-12-23,Industrials,10,0.1714,0.4,0.2,0.4,0.3579833333333333
2020-12-23,RealEstate,2,0.0,0.0,0.0,1.0,0.0
2020-12-23,Tech,6,0.2049,0.5,0.16666666666666666,0.3333333333333333,0.2049
2020-12-23,Utilities,2,0.1366,0.5,0.0,0.5,0.1366
2020-12-24,Comm,4,0.08195000000000001,0.25,0.25,0.5,0.08195000000000001
2020-12-24,Consumer,21,0.22275238095238098,0.42857142857142855,0.047619047619047616,0.5238095238095238,0.24358892857142858
2020-12-24,Energy,9,0.07201111111111111,0.4444444444444444,0.0,0.5555555555555556,0.07594444444444444
2020-12-24,Financials,6,0.21075,0.5,0.0,0.5,0.24587499999999998
2020-12-24,Healthcare,3,0.35910000000000003,0.6666666666666666,0.0,0.3333333333333333,0.35910000000000003
2020-12-24,Industrials,4,0.306025,0.75,0.0,0.25,0.306025
2020-12-24,RealEstate,2,0.2202,0.5,0.0,0.5,0.2202
2020-12-24,Tech,6,0.19191666666666665,0.5,0.0,0.5,0.17547222222222222
2020-12-28,Comm,10,0.05249999999999999,0.5,0.2,0.3,0.30003749999999996
2020-12-28,Consumer,26,0.1938,0.5384615384615384,0.19230769230769232,0.2692307692307692,0.24526172727272727
2020-12-28,Energy,13,0.10295384615384616,0.23076923076923078,0.0,0.7692307692307693,0.06247499999999999
2020-12-28,Financials,21,0.13659047619047618,0.42857142857142855,0.047619047619047616,0.5238095238095238,0.10080111111111112
2020-12-28,Healthcare,10,0.29116,0.7,0.2,0.1,0.18648749999999997
2020-12-28,Industrials,12,0.17915833333333334,0.6666666666666666,0.08333333333333333,0.25,0.2449357142857143
2020-12-28,Materials,2,0.0,0.0,0.0,1.0,0.0
2020-12-28,RealEstate,1,-0.1027,0.0,1.0,0.0,-0.1027
2020-12-28,Tech,16,0.2770875,0.6875,0.0625,0.25,0.24318194444444444
2020-12-28,Utilities,4,0.501325,1.0,0.0,0.0,0.45315
2020-12-29,Comm,7,0.12114285714285714,0.5714285714285714,0.0,0.42857142857142855,0.16933333333333334
2020-12-29,Consumer,22,0.18578636363636364,0.4090909090909091,0.045454545454545456,0.5454545454545454,0.16010577777777776
2020-12-29,Energy,6,0.12726666666666667,0.3333333333333333,0.0,0.6666666666666666,0.143175
2020-12-29,Financials,5,-0.33083999999999997,0.0,0.4,0.6,-0.41355
2020-12-29,Healthcare,7,0.028900000000000002,0.14285714285714285,0.0,0.8571428571428571,0.022477777777777777
2020-12-29,Industrials,20,0.13626,0.3,0.15,0.55,0.199215
2020-12-29,Materials,3,0.1589,0.3333333333333333,0.0,0.6666666666666666,0.23835
2020-12-29,RealEstate,1,0.0,0.0,0.0,1.0,0.0
2020-12-29,Tech,13,-0.09359999999999999,0.07692307692307693,0.23076923076923078,0.6923076923076923,-0.09947999999999999
2020-12-30,Comm,4,0.1531,0.5,0.25,0.25,0.1531
2020-12-30,Consumer,10,0.39913,0.7,0.0,0.3,0.444525
2020-12-30,Energy,6,-0.015083333333333329,0.5,0.16666666666666666,0.3333333333333333,0.04303333333333334
2020-12-30,Financials,4,0.043899999999999995,0.25,0.25,0.5,0.043899999999999995
2020-12-30,Healthcare,2,0.3021,1.0,0.0,0.0,0.3021
2020-12-30,Industrials,11,0.09083636363636363,0.36363636363636365,0.09090909090909091,0.5454545454545454,0.072314
2020-12-30,Materials,1,0.3182,1.0,0.0,0.0,0.3182
2020-12-30,RealEstate,5,0.0,0.0,0.0,1.0,0.0
2020-12-30,Tech,17,0.21436470588235293,0.47058823529411764,0.0,0.5294117647058824,0.21244375
2020-12-30,Utilities,1,0.0,0.0,0.0,1.0,0.0
2020-12-31,Comm,11,0.14016363636363638,0.45454545454545453,0.0,0.5454545454545454,0.10063174603174603
2020-12-31,Consumer,21,0.22860952380952385,0.47619047619047616,0.047619047619047616,0.47619047619047616,0.3254826666666667
2020-12-31,Energy,12,0.017700000000000004,0.16666666666666666,0.16666666666666666,0.6666666666666666,0.058391666666666675
2020-12-31,Financials,12,0.297625,0.5833333333333334,0.0,0.4166666666666667,0.3829883333333333
2020-12-31,Healthcare,8,0.2327875,0.625,0.0,0.375,0.2181611111111111
2020-12-31,Industrials,10,0.0698,0.3,0.2,0.5,0.13057333333333332
2020-12-31,Materials,1,0.4019,1.0,0.0,0.0,0.4019
2020-12-31,RealEstate,3,0.2037,0.3333333333333333,0.0,0.6666666666666666,0.2037
2020-12-31,Tech,5,0.11784000000000001,0.4,0.2,0.4,0.20435
2020-12-31,Utilities,1,0.4404,1.0,0.0,0.0,0.4404
2021-01-04,Comm,10,0.025419999999999998,0.4,0.3,0.3,0.029888888888888885
2021-01-04,Consumer,27,0.07636296296296298,0.4444444444444444,0.18518518518518517,0.37037037037037035,0.10702622222222222
2021-01-04,Energy,14,0.08225714285714285,0.14285714285714285,0.0,0.8571428571428571,0.08294791666666666
2021-01-04,Financials,13,0.23720769230769229,0.7692307692307693,0.07692307692307693,0.15384615384615385,0.24717708333333333
2021-01-04,Healthcare,12,0.20736666666666667,0.5833333333333334,0.0,0.4166666666666667,0.1792875
2021-01-04,Industrials,13,0.05292307692307692,0.3076923076923077,0.15384615384615385,0.5384615384615384,0.09613194444444445
2021-01-04,Materials,6,0.0734,0.16666666666666666,0.0,0.8333333333333334,0.0734
2021-01-04,RealEstate,2,0.0,0.0,0.0,1.0,0.0
2021-01-04,Tech,14,0.15180714285714283,0.5,0.0,0.5,0.21894999999999998
2021-01-04,Utilities,4,0.196125,0.75,0.25,0.0,0.196125
2021-01-05,Comm,17,0.07984117647058823,0.35294117647058826,0.058823529411764705,0.5882352941176471,0.06041166666666666
2021-01-05,Consumer,18,0.07177777777777777,0.2777777777777778,0.0,0.7222222222222222,0.09015666666666668
2021-01-05,Energy,15,0.07432,0.26666666666666666,0.06666666666666667,0.6666666666666666,0.12317666666666667
2021-01-05,Financials,13,0.2179846153846154,0.5384615384615384,0.0,0.46153846153846156,0.23615
2021-01-05,Healthcare,6,0.3437333333333333,0.5,0.0,0.5,0.3070833333333333
2021-01-05,Industrials,14,0.12849285714285713,0.42857142857142855,0.0,0.5714285714285714,0.12036666666666668
2021-01-05,Materials,3,0.2044,0.6666666666666666,0.0,0.3333333333333333,0.2044
2021-01-05,RealEstate,5,0.0,0.0,0.0,1.0,0.0
2021-01-05,Tech,14,0.07275,0.21428571428571427,0.0,0.7857142857142857,0.07074375
2021-01-05,Utilities,3,0.21230000000000002,0.3333333333333333,0.0,0.6666666666666666,0.21230000000000002
2021-01-06,Comm,13,0.24320769230769232,0.46153846153846156,0.0,0.5384615384615384,0.18533619047619046
2021-01-06,Consumer,16,0.131325,0.3125,0.1875,0.5,0.06937000000000001
2021-01-06,Energy,16,-0.0345,0.0,0.1875,0.8125,-0.019253333333333334
2021-01-06,Financials,18,0.1369111111111111,0.3333333333333333,0.05555555555555555,0.6111111111111112,0.21648645833333333
2021-01-06,Healthcare,6,0.13683333333333333,0.5,0.16666666666666666,0.3333333333333333,0.052387500000000004
2021-01-06,Industrials,20,0.184925,0.55,0.1,0.35,0.17658133333333334
2021-01-06,Materials,1,0.4215,1.0,0.0,0.0,0.4215
2021-01-06,RealEstate,2,0.148,0.5,0.0,0.5,0.148
2021-01-06,Tech,12,0.17952500000000002,0.5,0.08333333333333333,0.4166666666666667,0.15588444444444446
2021-01-07,Comm,10,0.17656,0.5,0.0,0.5,0.16188
2021-01-07,Consumer,19,0.11878947368421053,0.3157894736842105,0.05263157894736842,0.631578947368421,0.107911
2021-01-07,Energy,6,0.14285,0.6666666666666666,0.16666666666666666,0.16666666666666666,0.09145555555555555
2021-01-07,Financials,17,0.07555882352941176,0.23529411764705882,0.058823529411764705,0.7058823529411765,0.04944642857142857
2021-01-07,Healthcare,12,-0.02043333333333334,0.16666666666666666,0.25,0.5833333333333334,-0.047700000000000006
2021-01-07,Industrials,14,-0.03334285714285715,0.14285714285714285,0.14285714285714285,0.7142857142857143,-0.07347333333333333
2021-01-07,Materials,2,-0.1706,0.0,0.5,0.5,-0.1706
2021-01-07,RealEstate,3,0.0,0.0,0.0,1.0,0.0
2021-01-07,Tech,9,0.014411111111111104,0.2222222222222222,0.2222222222222222,0.5555555555555556,0.031656666666666666
2021-01-07,Utilities,5,0.05464,0.2,0.0,0.8,0.1366
2021-01-08,Comm,4,0.0,0.0,0.0,1.0,0.0
2021-01-08,Consumer,15,0.197,0.5333333333333333,0.06666666666666667,0.4,0.208589
2021-01-08,Energy,14,0.14107857142857141,0.42857142857142855,0.0,0.5714285714285714,0.11677589285714286
2021-01-08,Financials,10,0.13079000000000002,0.4,0.2,0.4,0.14236666666666667
2021-01-08,Healthcare,2,0.0,0.0,0.0,1.0,0.0
2021-01-08,Industrials,15,-0.04494666666666666,0.26666666666666666,0.3333333333333333,0.4,0.0015688888888888864
2021-01-08,Materials,6,0.045533333333333335,0.16666666666666666,0.0,0.8333333333333334,0.02732
2021-01-08,RealEstate,1,0.2732,1.0,0.0,0.0,0.2732
2021-01-08,Tech,9,0.04833333333333333,0.4444444444444444,0.1111111111111111,0.4444444444444444,0.042991666666666664
2021-01-08,Utilities,7,0.16379999999999997,0.5714285714285714,0.42857142857142855,0.0,0.16861666666666666
2021-01-11,Comm,13,0.20099230769230766,0.6153846153846154,0.07692307692307693,0.3076923076923077,0.27421249999999997
2021-01-11,Consumer,15,0.1410266666666667,0.4666666666666667,0.06666666666666667,0.4666666666666667,0.14755666666666667
2021-01-11,Energy,10,0.09217,0.5,0.2,0.3,0.12099
2021-01-11,Financials,30,0.04956333333333334,0.4,0.26666666666666666,0.3333333333333333,0.011525845410628026
2021-01-11,Healthcare,15,0.07948000000000001,0.4,0.2,0.4,-0.10957285714285714
2021-01-11,Industrials,20,0.032085,0.4,0.25,0.35,0.19519062499999998
2021-01-11,Materials,6,0.07509999999999999,0.5,0.16666666666666666,0.3333333333333333,0.1654
2021-01-11,RealEstate,3,0.2874333333333334,1.0,0.0,0.0,0.2874333333333334
2021-01-11,Tech,23,0.06590869565217393,0.30434782608695654,0.13043478260869565,0.5652173913043478,0.06665173611111111
2021-01-11,Utilities,3,0.23026666666666665,0.3333333333333333,0.0,0.6666666666666666,0.3454
2021-01-12,Comm,6,-0.11251666666666667,0.0,0.3333333333333333,0.6666666666666666,-0.056258333333333334
2021-01-12,Consumer,20,0.16882000000000003,0.45,0.05,0.5,0.14030083333333335
2021-01-12,Energy,18,-0.030455555555555555,0.16666666666666666,0.2222222222222222,0.6111111111111112,-0.015189166666666656
2021-01-12,Financials,25,0.062036,0.28,0.12,0.6,0.048061041666666665
2021-01-12,Healthcare,12,0.1648916666666667,0.5,0.08333333333333333,0.4166666666666667,0.19973125
2021-01-12,Industrials,15,0.1393866666666667,0.4,0.06666666666666667,0.5333333333333333,0.09521666666666667
2021-01-12,Materials,2,0.0,0.0,0.0,1.0,0.0
2021-01-12,RealEstate,7,0.06537142857142857,0.14285714285714285,0.0,0.8571428571428571,0.03813333333333333
2021-01-12,Tech,7,-0.03131428571428571,0.14285714285714285,0.14285714285714285,0.7142857142857143,0.066025
2021-01-12,Utilities,4,0.37625,0.75,0.0,0.25,0.40635
2021-01-13,Comm,10,0.00039000000000000146,0.2,0.2,0.6,-0.05616249999999999
2021-01-13,Consumer,15,0.09281333333333333,0.3333333333333333,0.13333333333333333,0.5333333333333333,0.15214999999999998
2021-01-13,Energy,9,0.1239777777777778,0.3333333333333333,0.1111111111111111,0.5555555555555556,0.06973750000000001
2021-01-13,Financials,15,0.10214,0.4,0.06666666666666667,0.5333333333333333,0.10456041666666667
2021-01-13,Healthcare,10,0.18328,0.5,0.0,0.5,0.19265000000000002
2021-01-13,Industrials,15,0.10695333333333333,0.3333333333333333,0.13333333333333333,0.5333333333333333,0.29152954545454546
2021-01-13,Materials,2,0.0,0.0,0.0,1.0,0.0
2021-01-13,RealEstate,4,0.205675,0.5,0.0,0.5,0.3126833333333333
2021-01-13,Tech,36,0.11958333333333335,0.3611111111111111,0.05555555555555555,0.5833333333333334,0.089002950310559
2021-01-13,Utilities,5,0.15194000000000002,0.4,0.0,0.6,0.20827777777777778
2021-01-14,Comm,12,0.08594166666666668,0.25,0.16666666666666666,0.5833333333333334,0.05734
2021-01-14,Consumer,17,0.10034117647058824,0.23529411764705882,0.058823529411764705,0.7058823529411765,0.06798000000000001
2021-01-14,Energy,8,0.0958875,0.25,0.0,0.75,0.063925
2021-01-14,Financials,20,0.15883,0.6,0.05,0.35,-0.017289285714285715
2021-01-14,Healthcare,7,0.17995714285714287,0.42857142857142855,0.14285714285714285,0.42857142857142855,0.15031875
2021-01-14,Industrials,8,0.1449125,0.625,0.375,0.0,0.2685444444444444
2021-01-14,Materials,1,0.0,0.0,0.0,1.0,0.0
2021-01-14,RealEstate,1,0.0,0.0,0.0,1.0,0.0
2021-01-14,Tech,16,0.2054625,0.5625,0.0625,0.375,0.20546666666666666
2021-01-14,Utilities,1,-0.3818,0.0,1.0,0.0,-0.3818
2021-01-15,Comm,6,0.22091666666666665,0.5,0.0,0.5,0.22091666666666665
2021-01-15,Consumer,21,0.16286666666666666,0.42857142857142855,0.09523809523809523,0.47619047619047616,0.15279666666666666
2021-01-15,Energy,18,0.18389444444444447,0.6111111111111112,0.1111111111111111,0.2777777777777778,0.20217884615384615
2021-01-15,Financials,35,0.21888,0.5428571428571428,0.08571428571428572,0.37142857142857144,0.2948633116883117
2021-01-15,Healthcare,5,0.16444,0.4,0.0,0.6,0.20066666666666666
2021-01-15,Industrials,11,0.007663636363636367,0.18181818181818182,0.2727272727272727,0.5454545454545454,0.08051
2021-01-15,Materials,6,0.0,0.0,0.0,1.0,0.0
2021-01-15,RealEstate,5,0.24176000000000003,0.4,0.0,0.6,0.2307125
2021-01-15,Tech,15,0.11453333333333333,0.4666666666666667,0.13333333333333333,0.4,0.0901225
2021-01-15,Utilities,1,0.4404,1.0,0.0,0.0,0.4404
2021-01-19,Comm,14,0.03202142857142857,0.21428571428571427,0.2857142857142857,0.5,0.053607499999999995
2021-01-19,Consumer,58,0.057555172413793106,0.25862068965517243,0.1724137931034483,0.5689655172413793,0.0835878787878788
2021-01-19,Energy,12,0.1887,0.5833333333333334,0.16666666666666666,0.25,0.19628333333333334
2021-01-19,Financials,31,0.1500741935483871,0.3870967741935484,0.16129032258064516,0.45161290322580644,0.15012194444444443
2021-01-19,Healthcare,12,0.08115833333333333,0.3333333333333333,0.0,0.6666666666666666,0.10955
2021-01-19,Industrials,25,-0.023448000000000004,0.24,0.2,0.56,0.029585882352941174
2021-01-19,Materials,2,-0.4253,0.0,1.0,0.0,-0.4253
2021-01-19,RealEstate,2,0.0,0.0,0.0,1.0,0.0
2021-01-19,Tech,21,0.06767142857142858,0.23809523809523808,0.14285714285714285,0.6190476190476191,0.07612423076923076
2021-01-19,Utilities,4,0.0683,0.25,0.0,0.75,0.045533333333333335
2021-01-20,Comm,6,-0.21661666666666668,0.0,0.3333333333333333,0.6666666666666666,-0.25
2021-01-20,Consumer,17,-0.05041764705882354,0.23529411764705882,0.29411764705882354,0.47058823529411764,-0.06799750000000002
2021-01-20,Energy,4,-0.09545,0.0,0.25,0.75,-0.09545
2021-01-20,Financials,35,0.05693714285714285,0.17142857142857143,0.14285714285714285,0.6857142857142857,0.06819890756302521
2021-01-20,Healthcare,4,0.545975,1.0,0.0,0.0,0.5762833333333334
2021-01-20,Industrials,12,0.024666666666666667,0.08333333333333333,0.0,0.9166666666666666,0.029599999999999998
2021-01-20,Materials,1,0.0,0.0,0.0,1.0,0.0
2021-01-20,RealEstate,5,0.059739999999999994,0.2,0.2,0.6,0.003187499999999996
2021-01-20,Tech,14,0.12947142857142857,0.5714285714285714,0.07142857142857142,0.35714285714285715,0.13685833333333333
2021-01-20,Utilities,3,0.06743333333333333,0.3333333333333333,0.0,0.6666666666666666,0.050575
2021-01-21,Comm,10,-0.056429999999999994,0.2,0.2,0.6,-0.05456833333333334
2021-01-21,Consumer,17,-0.014094117647058826,0.29411764705882354,0.35294117647058826,0.35294117647058826,-0.06347125
2021-01-21,Energy,8,-0.234275,0.25,0.5,0.25,-0.23058499999999998
2021-01-21,Financials,14,0.09524285714285716,0.35714285714285715,0.07142857142857142,0.5714285714285714,0.089455
2021-01-21,Healthcare,4,0.050575,0.25,0.0,0.75,0.033716666666666666
2021-01-21,Industrials,4,0.020424999999999985,0.5,0.5,0.0,0.020424999999999985
2021-01-21,Materials,4,0.063475,0.5,0.0,0.5,0.063475
2021-01-21,Tech,19,0.23707368421052633,0.47368421052631576,0.0,0.5263157894736842,0.21062916666666667
2021-01-21,Utilities,1,0.0,0.0,0.0,1.0,0.0
2021-01-22,Comm,12,0.15514166666666665,0.3333333333333333,0.0,0.6666666666666666,0.13025833333333334
2021-01-22,Consumer,19,0.05708947368421052,0.2631578947368421,0.10526315789473684,0.631578947368421,0.033896875
2021-01-22,Energy,18,0.06231111111111111,0.3333333333333333,0.1111111111111111,0.5555555555555556,0.0399575
2021-01-22,Financials,10,0.07039,0.2,0.1,0.7,0.057395
2021-01-22,Healthcare,2,0.0,0.0,0.0,1.0,0.0
2021-01-22,Industrials,3,-0.026500000000000006,0.3333333333333333,0.3333333333333333,0.3333333333333333,0.165875
2021-01-22,Materials,1,0.3612,1.0,0.0,0.0,0.3612
2021-01-22,Tech,19,0.032689473684210525,0.15789473684210525,0.10526315789473684,0.7368421052631579,0.16475416666666667
2021-01-22,Utilities,3,0.1661,0.6666666666666666,0.0,0.3333333333333333,0.1661
2021-01-25,Comm,26,0.06728076923076923,0.34615384615384615,0.15384615384615385,0.5,0.0754752380952381
2021-01-25,Consumer,25,0.062904,0.32,0.16,0.52,0.05452
2021-01-25,Energy,5,0.17616,0.4,0.0,0.6,0.19573333333333334
2021-01-25,Financials,17,0.1394529411764706,0.4117647058823529,0.058823529411764705,0.5294117647058824,0.23641041666666665
2021-01-25,Healthcare,25,0.023852,0.36,0.28,0.36,0.1696185
2021-01-25,Industrials,26,0.1095923076923077,0.38461538461538464,0.11538461538461539,0.5,0.2363
2021-01-25,Materials,3,-0.07466666666666667,0.3333333333333333,0.6666666666666666,0.0,-0.07466666666666667
2021-01-25,RealEstate,7,0.15358571428571427,0.2857142857142857,0.0,0.7142857142857143,0.13834444444444446
2021-01-25,Tech,24,0.18589166666666668,0.5,0.041666666666666664,0.4583333333333333,0.14641923076923077
2021-01-25,Utilities,9,0.24025555555555556,0.5555555555555556,0.2222222222222222,0.2222222222222222,0.19028333333333336
2021-01-26,Comm,10,-0.009709999999999996,0.2,0.3,0.5,-0.03156428571428571
2021-01-26,Consumer,26,0.05798846153846154,0.2692307692307692,0.23076923076923078,0.5,0.11258138888888888
2021-01-26,Energy,8,0.3395375,0.875,0.0,0.125,0.37005999999999994
2021-01-26,Financials,16,0.21048125,0.4375,0.0625,0.5,0.19581180555555555
2021-01-26,Healthcare,16,-0.043875,0.125,0.1875,0.6875,-0.004583333333333335
2021-01-26,Industrials,38,0.16838684210526314,0.39473684210526316,0.10526315789473684,0.5,0.11785958646616541
2021-01-26,Materials,3,-0.042666666666666665,0.0,0.3333333333333333,0.6666666666666666,-0.042666666666666665
2021-01-26,RealEstate,5,0.059199999999999996,0.2,0.0,0.8,0.04933333333333333
2021-01-26,Tech,22,0.13566363636363635,0.45454545454545453,0.0,0.5454545454545454,0.1309216666666667
2021-01-26,Utilities,8,0.1979375,0.625,0.125,0.25,0.1979375
2021-01-27,Comm,11,0.006036363636363632,0.18181818181818182,0.18181818181818182,0.6363636363636364,0.003319999999999998
2021-01-27,Consumer,22,0.03690909090909091,0.18181818181818182,0.09090909090909091,0.7272727272727273,0.024555357142857143
2021-01-27,Energy,9,0.11546666666666668,0.4444444444444444,0.2222222222222222,0.3333333333333333,0.2073222222222222
2021-01-27,Financials,9,-0.038166666666666654,0.2222222222222222,0.2222222222222222,0.5555555555555556,0.0007266666666666643
2021-01-27,Healthcare,12,0.18551666666666666,0.3333333333333333,0.0,0.6666666666666666,0.11092142857142856
2021-01-27,Industrials,32,-0.024834375,0.34375,0.3125,0.34375,0.07873224637681159
2021-01-27,Materials,3,0.0,0.0,0.0,1.0,0.0
2021-01-27,RealEstate,4,0.17212500000000003,0.5,0.0,0.5,0.28495000000000004
2021-01-27,Tech,8,0.2663375,0.625,0.0,0.375,0.35104722222222223
2021-01-27,Utilities,4,0.5035000000000001,1.0,0.0,0.0,0.4959
2021-01-28,Comm,24,0.15461666666666665,0.3333333333333333,0.08333333333333333,0.5833333333333334,0.20357291666666666
2021-01-28,Consumer,23,0.11867391304347825,0.5652173913043478,0.13043478260869565,0.30434782608695654,0.1124907619047619
2021-01-28,Energy,13,0.13684615384615384,0.46153846153846156,0.07692307692307693,0.46153846153846156,0.09937291666666666
2021-01-28,Financials,16,0.093725,0.4375,0.0625,0.5,0.052784027777777784
2021-01-28,Healthcare,8,0.19748749999999998,0.625,0.0,0.375,0.226515
2021-01-28,Industrials,20,0.107535,0.55,0.15,0.3,0.1171835
2021-01-28,Materials,14,0.11673571428571429,0.35714285714285715,0.0,0.6428571428571429,0.12603124999999998
2021-01-28,RealEstate,4,0.0,0.0,0.0,1.0,0.0
2021-01-28,Tech,14,-7.857142857141992e-05,0.2857142857142857,0.14285714285714285,0.5714285714285714,-0.10381388888888887
2021-01-28,Utilities,5,0.18616,0.4,0.0,0.6,0.31026666666666664
2021-01-29,Comm,17,0.1162294117647059,0.35294117647058826,0.29411764705882354,0.35294117647058826,0.058776666666666665
2021-01-29,Consumer,17,0.19901176470588236,0.5294117647058824,0.058823529411764705,0.4117647058823529,0.15471041666666668
2021-01-29,Energy,19,-0.19876315789473684,0.15789473684210525,0.5263157894736842,0.3157894736842105,-0.33050277777777776
2021-01-29,Financials,16,0.1287875,0.375,0.0625,0.5625,0.12280875000000001
2021-01-29,Healthcare,6,-0.12521666666666667,0.0,0.3333333333333333,0.6666666666666666,-0.07972499999999999
2021-01-29,Industrials,19,0.14192631578947368,0.42105263157894735,0.15789473684210525,0.42105263157894735,0.13647291666666667
2021-01-29,Materials,2,0.10115,0.5,0.0,0.5,0.10115
2021-01-29,RealEstate,3,-0.0598,0.3333333333333333,0.6666666666666666,0.0,-0.070525
2021-01-29,Tech,7,0.17429999999999998,0.5714285714285714,0.0,0.42857142857142855,0.13175625
2021-01-29,Utilities,3,0.18926666666666667,0.3333333333333333,0.3333333333333333,0.3333333333333333,0.18926666666666667
2021-02-01,Comm,11,0.3158909090909091,0.7272727272727273,0.09090909090909091,0.18181818181818182,0.41345333333333334
2021-02-01,Consumer,20,0.059914999999999996,0.3,0.15,0.55,0.07755583333333334
2021-02-01,Energy,30,0.10276666666666667,0.43333333333333335,0.16666666666666666,0.4,0.09943151515151516
2021-02-01,Financials,18,0.08357222222222221,0.3888888888888889,0.16666666666666666,0.4444444444444444,0.09057375
2021-02-01,Healthcare,11,0.1552181818181818,0.2727272727272727,0.09090909090909091,0.6363636363636364,0.23296999999999998
2021-02-01,Industrials,19,-0.023299999999999998,0.15789473684210525,0.3157894736842105,0.5263157894736842,-0.04230342857142857
2021-02-01,Materials,10,0.04019,0.1,0.0,0.9,0.020095
2021-02-01,RealEstate,3,0.2083,0.3333333333333333,0.0,0.6666666666666666,0.2083
2021-02-01,Tech,15,0.28874666666666665,0.6666666666666666,0.0,0.3333333333333333,0.2842746428571429
2021-02-01,Utilities,2,0.5081,1.0,0.0,0.0,0.5081
2021-02-02,Comm,18,0.08955555555555555,0.3333333333333333,0.05555555555555555,0.6111111111111112,0.12638333333333335
2021-02-02,Consumer,14,0.16902857142857144,0.42857142857142855,0.21428571428571427,0.35714285714285715,0.19279333333333332
2021-02-02,Energy,23,0.051008695652173926,0.43478260869565216,0.30434782608695654,0.2608695652173913,-0.003239766081871339
2021-02-02,Financials,16,0.1773875,0.375,0.0,0.625,0.30022916666666666
2021-02-02,Healthcare,16,0.0627375,0.375,0.125,0.5,0.07220833333333333
2021-02-02,Industrials,20,0.152995,0.6,0.1,0.3,0.0316264423076923
2021-02-02,Materials,1,0.0,0.0,0.0,1.0,0.0
2021-02-02,RealEstate,6,0.033716666666666666,0.16666666666666666,0.0,0.8333333333333334,0.06743333333333333
2021-02-02,Tech,6,0.4019333333333333,0.8333333333333334,0.0,0.16666666666666666,0.40635
2021-02-02,Utilities,1,0.2732,1.0,0.0,0.0,0.2732
2021-02-03,Comm,10,0.013940000000000003,0.1,0.1,0.8,0.01548888888888889
2021-02-03,Consumer,19,0.05891052631578947,0.3157894736842105,0.21052631578947367,0.47368421052631576,-0.020663888888888888
2021-02-03,Energy,11,0.00564545454545455,0.2727272727272727,0.18181818181818182,0.5454545454545454,0.021288333333333336
2021-02-03,Financials,13,0.19563076923076925,0.38461538461538464,0.0,0.6153846153846154,0.25444500000000003
2021-02-03,Healthcare,24,0.13360416666666666,0.4583333333333333,0.16666666666666666,0.375,0.08205208333333333
2021-02-03,Industrials,9,0.07071111111111111,0.3333333333333333,0.2222222222222222,0.4444444444444444,0.04631249999999999
2021-02-03,Materials,3,0.0344,0.6666666666666666,0.0,0.3333333333333333,0.0344
2021-02-03,RealEstate,4,0.22812500000000002,0.5,0.0,0.5,0.28605
2021-02-03,Tech,14,0.18309285714285714,0.5,0.07142857142857142,0.42857142857142855,0.2263208333333333
2021-02-03,Utilities,6,0.013050000000000006,0.16666666666666666,0.3333333333333333,0.5,0.11023888888888889
2021-02-04,Comm,9,-0.01116666666666667,0.2222222222222222,0.3333333333333333,0.4444444444444444,-0.029766666666666677
2021-02-04,Consumer,16,0.09054375,0.3125,0.3125,0.375,0.2132893333333333
2021-02-04,Energy,8,0.1178375,0.375,0.125,0.5,0.1618
2021-02-04,Financials,11,-0.03991818181818181,0.18181818181818182,0.18181818181818182,0.6363636363636364,-0.026214999999999995
2021-02-04,Healthcare,19,0.007773684210526319,0.21052631578947367,0.2631578947368421,0.5263157894736842,0.10124318181818182
2021-02-04,Industrials,5,0.18462,0.4,0.2,0.4,0.15385000000000001
2021-02-04,RealEstate,2,0.0,0.0,0.0,1.0,0.0
2021-02-04,Tech,21,0.06779047619047619,0.19047619047619047,0.14285714285714285,0.6666666666666666,0.12396940836940838
2021-02-04,Utilities,3,0.2809,0.6666666666666666,0.0,0.3333333333333333,0.2809
2021-02-05,Comm,12,0.0044083333333333335,0.08333333333333333,0.08333333333333333,0.8333333333333334,0.068705
2021-02-05,Consumer,14,-0.15341428571428573,0.14285714285714285,0.2857142857142857,0.5714285714285714,-0.14214833333333332
2021-02-05,Energy,11,0.14256363636363636,0.8181818181818182,0.09090909090909091,0.09090909090909091,0.04620166666666667
2021-02-05,Financials,9,0.09854444444444445,0.2222222222222222,0.0,0.7777777777777778,0.10044583333333333
2021-02-05,Healthcare,10,0.20644999999999997,0.5,0.0,0.5,0.33121833333333334
2021-02-05,Industrials,5,0.009539999999999998,0.2,0.2,0.6,-0.019325000000000002
2021-02-05,Materials,3,0.0,0.0,0.0,1.0,0.0
2021-02-05,RealEstate,2,0.28595,0.5,0.0,0.5,0.28595
2021-02-05,Tech,8,0.259325,0.5,0.0,0.5,0.21494166666666667
2021-02-05,Utilities,3,0.11273333333333334,0.3333333333333333,0.0,0.6666666666666666,0.11273333333333334
2021-02-08,Comm,21,0.007047619047619048,0.14285714285714285,0.09523809523809523,0.7619047619047619,-0.007988333333333333
2021-02-08,Consumer,38,0.1484815789473684,0.4473684210526316,0.07894736842105263,0.47368421052631576,0.09790980952380952
2021-02-08,Energy,25,0.066736,0.28,0.08,0.64,0.11955750000000001
2021-02-08,Financials,16,0.0286375,0.25,0.1875,0.5625,-0.009517619047619042
2021-02-08,Healthcare,4,-0.04989999999999999,0.25,0.25,0.5,-0.04989999999999999
2021-02-08,Industrials,19,0.16173157894736842,0.42105263157894735,0.15789473684210525,0.42105263157894735,0.22244880952380952
2021-02-08,Materials,3,0.14466666666666667,0.6666666666666666,0.3333333333333333,0.0,0.2232
2021-02-08,RealEstate,4,0.21835,0.75,0.25,0.0,0.2637
2021-02-08,Tech,5,0.30907999999999997,0.6,0.0,0.4,0.19317499999999999
2021-02-08,Utilities,3,0.29086666666666666,0.6666666666666666,0.0,0.3333333333333333,0.21815
2021-02-09,Comm,26,0.025600000000000005,0.2692307692307692,0.15384615384615385,0.5769230769230769,0.021380357142857145
2021-02-09,Consumer,19,0.0642578947368421,0.2631578947368421,0.05263157894736842,0.6842105263157895,0.05041428571428571
2021-02-09,Energy,4,0.07955,0.25,0.0,0.75,0.07955
2021-02-09,Financials,7,0.014399999999999993,0.2857142857142857,0.2857142857142857,0.42857142857142855,0.012599999999999993
2021-02-09,Healthcare,7,0.3154571428571428,0.7142857142857143,0.14285714285714285,0.14285714285714285,0.23256249999999998
2021-02-09,Industrials,12,0.09219166666666667,0.3333333333333333,0.08333333333333333,0.5833333333333334,0.07385833333333335
2021-02-09,Materials,8,0.229075,0.5,0.0,0.5,0.24803333333333333
2021-02-09,RealEstate,1,0.0,0.0,0.0,1.0,0.0
2021-02-09,Tech,6,0.05666666666666667,0.16666666666666666,0.0,0.8333333333333334,0.05666666666666667
2021-02-09,Utilities,1,0.2732,1.0,0.0,0.0,0.2732
2021-02-10,Comm,10,-0.13019,0.2,0.4,0.4,-0.039642222222222225
2021-02-10,Consumer,23,0.1306695652173913,0.391304347826087,0.08695652173913043,0.5217391304347826,0.12102738095238096
2021-02-10,Energy,3,-0.19583333333333333,0.0,0.6666666666666666,0.3333333333333333,-0.19583333333333333
2021-02-10,Financials,11,0.004527272727272721,0.2727272727272727,0.09090909090909091,0.6363636363636364,0.012258333333333333
2021-02-10,Healthcare,14,0.12467857142857143,0.21428571428571427,0.0,0.7857142857142857,0.19983599999999999
2021-02-10,Industrials,15,0.055153333333333346,0.2,0.06666666666666667,0.7333333333333333,0.11268928571428571
2021-02-10,Materials,3,0.15293333333333334,0.3333333333333333,0.0,0.6666666666666666,0.1147
2021-02-10,Tech,4,-0.028625000000000005,0.25,0.5,0.25,-0.028625000000000005
2021-02-10,Utilities,4,0.211575,0.75,0.25,0.0,0.211575
2021-02-11,Comm,11,0.1385,0.36363636363636365,0.0,0.6363636363636364,0.120215
2021-02-11,Consumer,30,0.12739666666666669,0.36666666666666664,0.06666666666666667,0.5666666666666667,0.09395555555555557
2021-02-11,Energy,9,0.0680888888888889,0.4444444444444444,0.1111111111111111,0.4444444444444444,0.054193750000000006
2021-02-11,Financials,6,0.21666666666666667,0.5,0.0,0.5,0.27710833333333335
2021-02-11,Healthcare,8,-0.00655,0.375,0.25,0.375,0.0411375
2021-02-11,Industrials,9,-0.05852222222222222,0.0,0.1111111111111111,0.8888888888888888,-0.0658375
2021-02-11,RealEstate,5,0.08808,0.2,0.0,0.8,0.08808
2021-02-11,Tech,18,0.037644444444444446,0.16666666666666666,0.16666666666666666,0.6666666666666666,0.019776666666666665
2021-02-11,Utilities,6,-0.0161,0.16666666666666666,0.3333333333333333,0.5,-0.012074999999999999
2021-02-12,Comm,2,0.3825,0.5,0.0,0.5,0.3825
2021-02-12,Consumer,26,0.12975384615384614,0.38461538461538464,0.15384615384615385,0.46153846153846156,0.043276999999999996
2021-02-12,Energy,14,0.01117142857142857,0.14285714285714285,0.21428571428571427,0.6428571428571429,0.019594666666666673
2021-02-12,Financials,5,0.0,0.0,0.0,1.0,0.0
2021-02-12,Healthcare,7,0.08522857142857143,0.5714285714285714,0.14285714285714285,0.2857142857142857,0.09633750000000002
2021-02-12,Industrials,11,0.23029999999999998,0.5454545454545454,0.09090909090909091,0.36363636363636365,0.24955833333333335
2021-02-12,RealEstate,4,0.5370250000000001,1.0,0.0,0.0,0.5370250000000001
2021-02-12,Tech,8,0.14835,0.25,0.125,0.625,0.11841666666666668
2021-02-12,Utilities,7,0.2436,0.7142857142857143,0.0,0.2857142857142857,0.18653333333333333
2021-02-16,Comm,26,0.09421538461538462,0.3076923076923077,0.23076923076923078,0.46153846153846156,0.10841757575757578
2021-02-16,Consumer,39,0.08389487179487179,0.23076923076923078,0.07692307692307693,0.6923076923076923,0.06202557142857144
2021-02-16,Energy,18,0.14924444444444443,0.5,0.1111111111111111,0.3888888888888889,0.12436562500000001
2021-02-16,Financials,24,0.070175,0.2916666666666667,0.041666666666666664,0.6666666666666666,0.1003685
2021-02-16,Healthcare,5,0.001760000000000006,0.2,0.4,0.4,-0.06551666666666665
2021-02-16,Industrials,12,-0.13394999999999999,0.16666666666666666,0.5,0.3333333333333333,-0.23104107142857142
2021-02-16,Materials,3,0.13526666666666667,0.6666666666666666,0.3333333333333333,0.0,0.13526666666666667
2021-02-16,RealEstate,2,0.28595,0.5,0.0,0.5,0.28595
2021-02-16,Tech,7,0.055271428571428576,0.14285714285714285,0.14285714285714285,0.7142857142857143,0.0483625
2021-02-16,Utilities,9,0.3491666666666667,0.7777777777777778,0.0,0.2222222222222222,0.4229625
2021-02-17,Comm,5,-0.023179999999999996,0.2,0.2,0.6,-0.012877777777777774
2021-02-17,Consumer,18,0.10831666666666667,0.3333333333333333,0.16666666666666666,0.5,0.10958166666666666
2021-02-17,Energy,16,-0.05260625,0.125,0.1875,0.6875,-0.05507545454545455
2021-02-17,Financials,17,0.22183529411764705,0.47058823529411764,0.058823529411764705,0.47058823529411764,0.2193325
2021-02-17,Healthcare,14,0.1634357142857143,0.5714285714285714,0.07142857142857142,0.35714285714285715,0.18815555555555555
2021-02-17,Industrials,9,-0.023777777777777787,0.3333333333333333,0.2222222222222222,0.4444444444444444,0.06664285714285714
2021-02-17,Materials,4,0.221725,0.5,0.0,0.5,0.18948333333333334
2021-02-17,RealEstate,2,0.0,0.0,0.0,1.0,0.0
2021-02-17,Tech,9,0.3055,0.4444444444444444,0.0,0.5555555555555556,0.2140022222222222
2021-02-17,Utilities,7,0.31260000000000004,0.7142857142857143,0.14285714285714285,0.14285714285714285,0.2889
2021-02-18,Comm,6,0.09866666666666667,0.3333333333333333,0.0,0.6666666666666666,0.19733333333333333
2021-02-18,Consumer,31,0.08986774193548389,0.3225806451612903,0.0967741935483871,0.5806451612903226,0.1916569523809524
2021-02-18,Energy,7,0.13547142857142855,0.42857142857142855,0.0,0.5714285714285714,0.19467777777777776
2021-02-18,Financials,11,0.07094545454545455,0.18181818181818182,0.0,0.8181818181818182,0.0763
2021-02-18,Healthcare,9,0.10138888888888889,0.2222222222222222,0.0,0.7777777777777778,0.11442000000000001
2021-02-18,Industrials,14,0.062085714285714286,0.2857142857142857,0.07142857142857142,0.6428571428571429,0.08548428571428571
2021-02-18,Materials,10,0.18576,0.4,0.0,0.6,0.17315
2021-02-18,Tech,9,0.019833333333333335,0.1111111111111111,0.2222222222222222,0.6666666666666666,0.088275
2021-02-18,Utilities,6,0.1589,0.3333333333333333,0.0,0.6666666666666666,0.23835
2021-02-19,Comm,6,0.106,0.3333333333333333,0.0,0.6666666666666666,0.159
2021-02-19,Consumer,10,0.22274,0.5,0.0,0.5,0.1648388888888889
2021-02-19,Energy,9,0.3424,0.7777777777777778,0.0,0.2222222222222222,0.32935
2021-02-19,Financials,7,0.17825714285714286,0.2857142857142857,0.0,0.7142857142857143,0.155975
2021-02-19,Healthcare,4,0.384425,0.75,0.0,0.25,0.25628333333333336
2021-02-19,Industrials,13,0.20214615384615384,0.46153846153846156,0.0,0.5384615384615384,0.2694141666666667
2021-02-19,Materials,4,0.153275,0.25,0.0,0.75,0.10218333333333333
2021-02-19,RealEstate,6,0.05666666666666667,0.16666666666666666,0.0,0.8333333333333334,0.0425
2021-02-19,Tech,9,0.1176,0.2222222222222222,0.0,0.7777777777777778,0.19435
2021-02-19,Utilities,2,0.60075,1.0,0.0,0.0,0.60075
2021-02-22,Comm,8,0.17515,0.375,0.125,0.5,0.18444
2021-02-22,Consumer,20,0.08946000000000001,0.35,0.25,0.4,0.0742825
2021-02-22,Energy,18,0.24285555555555557,0.5555555555555556,0.1111111111111111,0.3333333333333333,0.15064236111111112
2021-02-22,Financials,12,-0.022766666666666668,0.0,0.08333333333333333,0.9166666666666666,-0.03415
2021-02-22,Healthcare,10,0.18170999999999998,0.3,0.1,0.6,0.191966
2021-02-22,Industrials,22,0.06768636363636363,0.3181818181818182,0.13636363636363635,0.5454545454545454,0.10063333333333332
2021-02-22,Materials,8,-0.031287499999999996,0.125,0.25,0.625,0.012858333333333333
2021-02-22,RealEstate,3,0.0,0.0,0.0,1.0,0.0
2021-02-22,Tech,9,0.21258888888888888,0.7777777777777778,0.1111111111111111,0.1111111111111111,0.23552499999999998
2021-02-22,Utilities,5,0.2732,1.0,0.0,0.0,0.2732
2021-02-23,Comm,7,0.31647142857142857,0.5714285714285714,0.14285714285714285,0.2857142857142857,0.24614444444444442
2021-02-23,Consumer,14,0.15021428571428572,0.42857142857142855,0.07142857142857142,0.5,0.11324107142857143
2021-02-23,Energy,12,0.22505,0.5,0.0,0.5,0.2972541666666667
2021-02-23,Financials,16,0.0323125,0.25,0.1875,0.5625,-0.06604027777777778
2021-02-23,Healthcare,9,0.0956,0.2222222222222222,0.0,0.7777777777777778,0.0717
2021-02-23,Industrials,9,0.04432222222222223,0.3333333333333333,0.3333333333333333,0.3333333333333333,0.08562222222222222
2021-02-23,Materials,5,0.04975999999999999,0.2,0.2,0.6,0.011962499999999994
2021-02-23,RealEstate,3,0.06743333333333333,0.3333333333333333,0.0,0.6666666666666666,0.06743333333333333
2021-02-23,Tech,13,0.26934615384615385,0.6153846153846154,0.0,0.38461538461538464,0.2734979166666667
2021-02-23,Utilities,5,0.21774,0.6,0.0,0.4,0.12096666666666667
2021-02-24,Comm,13,0.019215384615384613,0.3076923076923077,0.23076923076923078,0.46153846153846156,-0.023973214285714278
2021-02-24,Consumer,11,0.02365454545454545,0.36363636363636365,0.18181818181818182,0.45454545454545453,0.047046875
2021-02-24,Energy,17,0.020517647058823533,0.35294117647058826,0.23529411764705882,0.4117647058823529,-0.025846333333333325
2021-02-24,Financials,14,0.05144285714285714,0.14285714285714285,0.0,0.8571428571428571,0.04871875
2021-02-24,Healthcare,5,0.22486,0.6,0.0,0.4,0.18738333333333335
2021-02-24,Industrials,21,-0.022600000000000002,0.23809523809523808,0.2857142857142857,0.47619047619047616,-0.08522166666666668
2021-02-24,Materials,3,0.0,0.0,0.0,1.0,0.0
2021-02-24,RealEstate,6,0.05666666666666667,0.16666666666666666,0.0,0.8333333333333334,0.028333333333333335
2021-02-24,Tech,7,0.09091428571428571,0.2857142857142857,0.2857142857142857,0.42857142857142855,0.11317777777777778
2021-02-24,Utilities,4,-0.005699999999999997,0.25,0.25,0.5,-0.05313333333333333
2021-02-25,Comm,16,0.009587500000000002,0.125,0.125,0.75,0.005622222222222223
2021-02-25,Consumer,25,0.09836400000000001,0.36,0.16,0.48,0.12287166666666667
2021-02-25,Energy,6,0.10305000000000002,0.3333333333333333,0.0,0.6666666666666666,0.1323375
2021-02-25,Financials,16,0.18031250000000001,0.5,0.0625,0.4375,0.1835641666666667
2021-02-25,Healthcare,9,0.2682888888888889,0.5555555555555556,0.0,0.4444444444444444,0.42955625000000003
2021-02-25,Industrials,14,0.016971428571428564,0.2857142857142857,0.14285714285714285,0.5714285714285714,0.1418486111111111
2021-02-25,Materials,4,0.0,0.0,0.0,1.0,0.0
2021-02-25,RealEstate,7,0.11217142857142857,0.42857142857142855,0.0,0.5714285714285714,0.05234666666666667
2021-02-25,Tech,6,-0.0009333333333333334,0.16666666666666666,0.16666666666666666,0.6666666666666666,-0.00785
2021-02-25,Utilities,5,0.0,0.0,0.0,1.0,0.0
2021-02-26,Comm,9,0.13104444444444444,0.3333333333333333,0.0,0.6666666666666666,0.09828333333333333
2021-02-26,Consumer,18,0.17138333333333333,0.5555555555555556,0.05555555555555555,0.3888888888888889,0.1821105
2021-02-26,Energy,8,0.03415,0.125,0.0,0.875,0.022766666666666668
2021-02-26,Financials,8,0.0454875,0.25,0.125,0.625,0.070775
2021-02-26,Healthcare,6,-0.09216666666666667,0.3333333333333333,0.3333333333333333,0.3333333333333333,-0.18543333333333334
2021-02-26,Industrials,12,-0.04751666666666665,0.16666666666666666,0.3333333333333333,0.5,0.01876944444444446
2021-02-26,Materials,4,0.074,0.25,0.0,0.75,0.04933333333333333
2021-02-26,RealEstate,2,0.17585,0.5,0.5,0.0,0.17585
2021-02-26,Tech,8,0.05807500000000001,0.375,0.125,0.5,0.15510277777777778
2021-02-26,Utilities,3,-0.09866666666666667,0.0,0.3333333333333333,0.6666666666666666,-0.09866666666666667
2021-03-01,Comm,13,0.040869230769230776,0.23076923076923078,0.15384615384615385,0.6153846153846154,0.021162500000000004
2021-03-01,Consumer,17,0.1480235294117647,0.5294117647058824,0.058823529411764705,0.4117647058823529,0.22644791666666667
2021-03-01,Energy,28,0.2555678571428571,0.5714285714285714,0.0,0.42857142857142855,0.2517376666666667
2021-03-01,Financials,17,0.0717,0.23529411764705882,0.17647058823529413,0.5882352941176471,0.001716000000000001
2021-03-01,Healthcare,7,0.18164285714285716,0.5714285714285714,0.14285714285714285,0.2857142857142857,0.1589375
2021-03-01,Industrials,25,0.144236,0.36,0.04,0.6,-0.04041875
2021-03-01,Materials,5,0.055339999999999986,0.2,0.2,0.6,0.0033374999999999932
2021-03-01,RealEstate,5,0.34388,0.6,0.0,0.4,0.37265000000000004
2021-03-01,Tech,9,0.13067777777777778,0.3333333333333333,0.1111111111111111,0.5555555555555556,0.1295875
2021-03-01,Utilities,3,0.0623,0.3333333333333333,0.3333333333333333,0.3333333333333333,0.0623
2021-03-02,Comm,7,0.23031428571428572,0.42857142857142855,0.0,0.5714285714285714,0.2687
2021-03-02,Consumer,10,0.054810000000000005,0.3,0.1,0.6,0.0463125
2021-03-02,Energy,8,-0.1206875,0.125,0.5,0.375,-0.13297666666666666
2021-03-02,Financials,12,0.22295833333333334,0.4166666666666667,0.0,0.5833333333333334,0.288825
2021-03-02,Healthcare,8,0.1139625,0.375,0.0,0.625,0.1013
2021-03-02,Industrials,9,0.04083333333333334,0.1111111111111111,0.1111111111111111,0.7777777777777778,0.024500000000000004
2021-03-02,Materials,4,0.0,0.0,0.0,1.0,0.0
2021-03-02,RealEstate,1,0.0,0.0,0.0,1.0,0.0
2021-03-02,Tech,7,-0.11422857142857143,0.14285714285714285,0.2857142857142857,0.5714285714285714,-0.052466666666666655
2021-03-02,Utilities,6,-0.05178333333333332,0.5,0.3333333333333333,0.16666666666666666,-0.07089999999999999
2021-03-03,Comm,9,0.12357777777777779,0.4444444444444444,0.0,0.5555555555555556,0.0707825
2021-03-03,Consumer,25,0.05734,0.2,0.04,0.76,0.029797619047619052
2021-03-03,Energy,15,0.02369333333333333,0.4666666666666667,0.26666666666666666,0.26666666666666666,0.011222727272727268
2021-03-03,Financials,19,0.010063157894736843,0.21052631578947367,0.10526315789473684,0.6842105263157895,0.011080476190476191
2021-03-03,Healthcare,6,0.29365,0.5,0.0,0.5,0.3306
2021-03-03,Industrials,16,0.05500625,0.3125,0.0625,0.625,0.041658928571428576
2021-03-03,RealEstate,5,0.00516,0.0,0.0,1.0,0.0028666666666666667
2021-03-03,Tech,2,0.3404,0.5,0.0,0.5,0.3404
2021-03-03,Utilities,1,0.2023,1.0,0.0,0.0,0.2023
2021-03-04,Comm,5,0.20973999999999998,0.6,0.2,0.2,0.1925
2021-03-04,Consumer,22,-0.03592272727272727,0.13636363636363635,0.22727272727272727,0.6363636363636364,-0.10224602272727272
2021-03-04,Energy,12,0.09674166666666666,0.3333333333333333,0.16666666666666666,0.5,0.10244500000000001
2021-03-04,Financials,13,0.08030769230769232,0.46153846153846156,0.23076923076923078,0.3076923076923077,0.17301499999999997
2021-03-04,Healthcare,12,-0.06475833333333332,0.08333333333333333,0.16666666666666666,0.75,-0.024284374999999997
2021-03-04,Industrials,9,0.11318888888888888,0.2222222222222222,0.0,0.7777777777777778,0.07693749999999999
2021-03-04,Materials,1,0.296,1.0,0.0,0.0,0.296
2021-03-04,RealEstate,1,0.5574,1.0,0.0,0.0,0.5574
2021-03-04,Tech,6,0.04946666666666666,0.3333333333333333,0.16666666666666666,0.5,0.08723333333333333
2021-03-04,Utilities,1,0.5563,1.0,0.0,0.0,0.5563
2021-03-05,Comm,12,0.07199166666666666,0.3333333333333333,0.16666666666666666,0.5,0.10985733333333333
2021-03-05,Consumer,17,0.1917941176470588,0.47058823529411764,0.11764705882352941,0.4117647058823529,0.20877083333333335
2021-03-05,Energy,17,0.17517647058823527,0.47058823529411764,0.0,0.5294117647058824,0.11253333333333333
2021-03-05,Financials,12,0.14128333333333334,0.4166666666666667,0.08333333333333333,0.5,0.16068
2021-03-05,Healthcare,6,-0.08265,0.3333333333333333,0.3333333333333333,0.3333333333333333,-0.024987500000000003
2021-03-05,Industrials,10,0.006000000000000005,0.3,0.3,0.4,0.04992857142857143
2021-03-05,Materials,2,0.17,0.5,0.0,0.5,0.17
2021-03-05,RealEstate,3,0.0,0.0,0.0,1.0,0.0
2021-03-05,Tech,12,0.06851666666666667,0.16666666666666666,0.0,0.8333333333333334,0.0881
2021-03-05,Utilities,3,0.19469999999999998,0.6666666666666666,0.0,0.3333333333333333,0.19469999999999998
2021-03-08,Comm,10,0.03907,0.3,0.4,0.3,-0.068966
2021-03-08,Consumer,23,0.10668260869565217,0.391304347826087,0.13043478260869565,0.4782608695652174,0.13167291666666667
2021-03-08,Energy,14,0.1181857142857143,0.42857142857142855,0.0,0.5714285714285714,0.13008583333333334
2021-03-08,Financials,10,0.09998,0.5,0.1,0.4,0.16711875
2021-03-08,Healthcare,9,0.10955555555555556,0.2222222222222222,0.1111111111111111,0.6666666666666666,0.0493
2021-03-08,Industrials,23,0.12482173913043478,0.391304347826087,0.08695652173913043,0.5217391304347826,0.12299833333333332
2021-03-08,Materials,7,0.1279142857142857,0.2857142857142857,0.0,0.7142857142857143,0.09948888888888889
2021-03-08,RealEstate,3,0.3731,0.6666666666666666,0.3333333333333333,0.0,0.3731
2021-03-08,Tech,9,0.2819333333333333,0.6666666666666666,0.0,0.3333333333333333,0.2642275
2021-03-08,Utilities,3,-0.13396666666666665,0.0,0.3333333333333333,0.6666666666666666,-0.100475
2021-03-09,Comm,5,0.18418,0.4,0.0,0.6,0.193225
2021-03-09,Consumer,23,0.1197304347826087,0.34782608695652173,0.08695652173913043,0.5652173913043478,0.12263166666666668
2021-03-09,Energy,11,-0.059609090909090924,0.2727272727272727,0.36363636363636365,0.36363636363636365,-0.17275396825396827
2021-03-09,Financials,11,0.030599999999999995,0.09090909090909091,0.09090909090909091,0.8181818181818182,-0.02119
2021-03-09,Healthcare,6,0.0,0.0,0.0,1.0,0.0
2021-03-09,Industrials,15,0.18882666666666667,0.5333333333333333,0.13333333333333333,0.3333333333333333,0.13550555555555555
2021-03-09,Materials,1,0.0,0.0,0.0,1.0,0.0
2021-03-09,Tech,8,-0.025262499999999993,0.125,0.125,0.75,-0.012631249999999997
2021-03-09,Utilities,2,-0.0853,0.0,0.5,0.5,-0.0853
2021-03-10,Comm,13,0.09782307692307693,0.46153846153846156,0.23076923076923078,0.3076923076923077,0.137421875
2021-03-10,Consumer,25,0.094032,0.28,0.08,0.64,0.15128748051948052
2021-03-10,Energy,10,0.16827,0.6,0.1,0.3,0.1391875
2021-03-10,Financials,6,0.30451666666666666,0.6666666666666666,0.0,0.3333333333333333,0.3842722222222223
2021-03-10,Healthcare,5,0.17024,0.4,0.0,0.6,0.14186666666666667
2021-03-10,Industrials,27,-0.05631111111111111,0.18518518518518517,0.2962962962962963,0.5185185185185185,0.08618269230769232
2021-03-10,Materials,2,0.2139,0.5,0.0,0.5,0.2139
2021-03-10,RealEstate,1,0.1779,1.0,0.0,0.0,0.1779
2021-03-10,Tech,3,0.2083,0.3333333333333333,0.0,0.6666666666666666,0.2083
2021-03-10,Utilities,2,0.3919,1.0,0.0,0.0,0.3919
2021-03-11,Comm,9,0.2613111111111111,0.5555555555555556,0.0,0.4444444444444444,0.21927666666666668
2021-03-11,Consumer,23,0.18385217391304348,0.5217391304347826,0.13043478260869565,0.34782608695652173,0.08439571428571428
2021-03-11,Energy,7,0.2895857142857143,0.42857142857142855,0.0,0.5714285714285714,0.29270555555555555
2021-03-11,Financials,11,0.06344545454545454,0.18181818181818182,0.0,0.8181818181818182,0.05815833333333333
2021-03-11,Healthcare,18,-0.038872222222222225,0.3333333333333333,0.3333333333333333,0.3333333333333333,0.028587999999999995
2021-03-11,Industrials,21,0.15355238095238094,0.38095238095238093,0.047619047619047616,0.5714285714285714,0.24921733333333335
2021-03-11,Materials,3,0.28076666666666666,0.6666666666666666,0.0,0.3333333333333333,0.320675
2021-03-11,RealEstate,2,0.0,0.0,0.0,1.0,0.0
2021-03-11,Tech,14,0.09143571428571429,0.5,0.21428571428571427,0.2857142857142857,0.09921071428571429
2021-03-12,Comm,10,0.08913,0.2,0.1,0.7,0.1957607142857143
2021-03-12,Consumer,18,0.13792777777777776,0.4444444444444444,0.05555555555555555,0.5,0.14918285714285714
2021-03-12,Energy,1,0.4767,1.0,0.0,0.0,0.4767
2021-03-12,Financials,9,0.1252888888888889,0.2222222222222222,0.2222222222222222,0.5555555555555556,0.07102333333333335
2021-03-12,Healthcare,3,-0.12040000000000001,0.0,0.3333333333333333,0.6666666666666666,-0.12040000000000001
2021-03-12,Industrials,11,0.17101818181818182,0.45454545454545453,0.0,0.5454545454545454,0.22961666666666666
2021-03-12,Materials,2,0.148,0.5,0.0,0.5,0.148
2021-03-12,RealEstate,3,0.14613333333333334,0.6666666666666666,0.0,0.3333333333333333,0.14613333333333334
2021-03-12,Tech,4,0.201625,0.75,0.0,0.25,0.23511666666666667
2021-03-12,Utilities,2,0.28175,1.0,0.0,0.0,0.28175
2021-03-15,Comm,14,0.09966428571428572,0.35714285714285715,0.07142857142857142,0.5714285714285714,0.10842291666666667
2021-03-15,Consumer,35,0.16110285714285716,0.4,0.0,0.6,0.2340242857142857
2021-03-15,Energy,13,0.14174615384615386,0.46153846153846156,0.0,0.5384615384615384,0.11092916666666666
2021-03-15,Financials,12,0.23609999999999998,0.4166666666666667,0.0,0.5833333333333334,0.26095625
2021-03-15,Healthcare,19,0.23155263157894734,0.47368421052631576,0.0,0.5263157894736842,0.20649314285714288
2021-03-15,Industrials,14,0.2044642857142857,0.42857142857142855,0.0,0.5714285714285714,0.26889166666666664
2021-03-15,Materials,3,0.0,0.0,0.0,1.0,0.0
2021-03-15,RealEstate,6,0.29283333333333333,0.6666666666666666,0.0,0.3333333333333333,0.3569333333333333
2021-03-15,Tech,10,0.06477,0.2,0.1,0.7,0.043179999999999996
2021-03-15,Utilities,5,0.25842,0.8,0.0,0.2,0.24906666666666666
2021-03-16,Comm,10,0.09682,0.2,0.0,0.8,0.06454666666666667
2021-03-16,Consumer,22,0.12471363636363636,0.3181818181818182,0.0,0.6818181818181818,0.1937245
2021-03-16,Energy,5,-0.13957999999999998,0.0,0.4,0.6,-0.14980833333333332
2021-03-16,Financials,12,0.03776666666666666,0.3333333333333333,0.25,0.4166666666666667,0.07153499999999999
2021-03-16,Healthcare,6,0.15468333333333337,0.5,0.16666666666666666,0.3333333333333333,0.14429999999999998
2021-03-16,Industrials,8,-0.058837499999999994,0.125,0.125,0.75,-0.012766666666666657
2021-03-16,Materials,1,0.0,0.0,0.0,1.0,0.0
2021-03-16,RealEstate,6,-0.0024999999999999953,0.16666666666666666,0.5,0.3333333333333333,-0.014116666666666666
2021-03-16,Tech,12,-0.07316666666666667,0.0,0.25,0.75,-0.0439
2021-03-16,Utilities,5,0.14588,0.4,0.2,0.4,0.06388888888888888
2021-03-17,Comm,8,0.132775,0.5,0.0,0.5,0.1295
2021-03-17,Consumer,17,0.12288823529411766,0.35294117647058826,0.0,0.6470588235294118,0.09070249999999999
2021-03-17,Energy,6,0.017116666666666665,0.16666666666666666,0.0,0.8333333333333334,0.017116666666666665
2021-03-17,Financials,10,0.16989,0.5,0.1,0.4,0.15256999999999998
2021-03-17,Healthcare,9,0.0420888888888889,0.5555555555555556,0.2222222222222222,0.2222222222222222,0.12701666666666667
2021-03-17,Industrials,7,-0.16115714285714283,0.2857142857142857,0.42857142857142855,0.2857142857142857,-0.015006249999999999
2021-03-17,Materials,2,0.1366,0.5,0.0,0.5,0.1366
2021-03-17,RealEstate,7,-0.014671428571428571,0.0,0.14285714285714285,0.8571428571428571,-0.0128375
2021-03-17,Tech,7,0.3369285714285714,0.7142857142857143,0.0,0.2857142857142857,0.32783333333333337
2021-03-18,Comm,9,0.006177777777777782,0.5555555555555556,0.2222222222222222,0.2222222222222222,-0.00976666666666666
2021-03-18,Consumer,20,0.13628,0.5,0.15,0.35,0.12857933333333332
2021-03-18,Energy,9,-0.022577777777777783,0.5555555555555556,0.2222222222222222,0.2222222222222222,-0.048166666666666684
2021-03-18,Financials,13,0.028176923076923075,0.23076923076923078,0.15384615384615385,0.6153846153846154,0.04420833333333333
2021-03-18,Healthcare,7,0.1363142857142857,0.42857142857142855,0.0,0.5714285714285714,0.14851666666666666
2021-03-18,Industrials,14,0.009057142857142863,0.21428571428571427,0.2857142857142857,0.5,-0.09712999999999998
2021-03-18,RealEstate,4,0.24350000000000002,0.5,0.0,0.5,0.24350000000000002
2021-03-18,Tech,5,0.16444,0.4,0.0,0.6,0.1892222222222222
2021-03-18,Utilities,2,0.17,0.5,0.0,0.5,0.17
2021-03-19,Comm,10,0.17902,0.6,0.0,0.4,0.11760666666666668
2021-03-19,Consumer,25,0.058164,0.4,0.16,0.44,0.05442238095238096
2021-03-19,Energy,6,0.27563333333333334,0.8333333333333334,0.0,0.16666666666666666,0.27920000000000006
2021-03-19,Financials,18,0.03445,0.3333333333333333,0.16666666666666666,0.5,-0.019455000000000007
2021-03-19,Healthcare,6,0.2987,0.5,0.0,0.5,0.2987
2021-03-19,Industrials,3,-0.06653333333333332,0.3333333333333333,0.3333333333333333,0.3333333333333333,-0.15037499999999998
2021-03-19,Materials,2,0.17,0.5,0.0,0.5,0.17
2021-03-19,Tech,2,0.148,0.5,0.0,0.5,0.148
2021-03-22,Comm,6,-0.008283333333333332,0.16666666666666666,0.16666666666666666,0.6666666666666666,-0.004141666666666666
2021-03-22,Consumer,17,0.12755882352941175,0.35294117647058826,0.11764705882352941,0.5294117647058824,0.087212
2021-03-22,Energy,13,0.08615384615384616,0.38461538461538464,0.07692307692307693,0.5384615384615384,0.008466666666666671
2021-03-22,Financials,12,0.2490416666666667,0.6666666666666666,0.0,0.3333333333333333,0.262805
2021-03-22,Healthcare,9,0.07026666666666667,0.3333333333333333,0.3333333333333333,0.3333333333333333,0.00779000000000001
2021-03-22,Industrials,8,0.077875,0.375,0.25,0.375,0.0628
2021-03-22,Materials,3,0.13486666666666666,0.6666666666666666,0.0,0.3333333333333333,0.10115
2021-03-22,Tech,13,0.1521076923076923,0.38461538461538464,0.07692307692307693,0.5384615384615384,0.09926374999999998
2021-03-23,Comm,6,0.09234999999999999,0.3333333333333333,0.16666666666666666,0.5,0.055409999999999994
2021-03-23,Consumer,10,0.1755,0.4,0.1,0.5,0.271785
2021-03-23,Energy,27,-0.11665185185185185,0.1111111111111111,0.4444444444444444,0.4444444444444444,-0.12369277777777779
2021-03-23,Financials,14,0.18735714285714283,0.42857142857142855,0.07142857142857142,0.5,0.27504375000000003
2021-03-23,Healthcare,4,0.11172499999999999,0.5,0.25,0.25,0.12751666666666664
2021-03-23,Industrials,6,0.06341666666666668,0.16666666666666666,0.16666666666666666,0.6666666666666666,0.1478125
2021-03-23,Materials,3,-0.08333333333333333,0.0,0.3333333333333333,0.6666666666666666,-0.125
2021-03-23,RealEstate,2,0.0,0.0,0.0,1.0,0.0
2021-03-23,Tech,13,0.12450769230769229,0.3076923076923077,0.15384615384615385,0.5384615384615384,0.2548958333333333
2021-03-23,Utilities,3,0.09106666666666667,0.3333333333333333,0.0,0.6666666666666666,0.0683
2021-03-24,Comm,7,0.2630142857142857,0.5714285714285714,0.0,0.42857142857142855,0.2311875
2021-03-24,Consumer,24,0.17599166666666666,0.4166666666666667,0.041666666666666664,0.5416666666666666,0.2162814393939394
2021-03-24,Energy,11,-0.013781818181818178,0.09090909090909091,0.18181818181818182,0.7272727272727273,-0.017446666666666666
2021-03-24,Financials,11,0.10644545454545455,0.2727272727272727,0.0,0.7272727272727273,0.14968888888888887
2021-03-24,Healthcare,6,0.14995,0.3333333333333333,0.16666666666666666,0.5,0.224925
2021-03-24,Industrials,8,-0.005662500000000008,0.125,0.25,0.625,0.11874166666666666
2021-03-24,Materials,2,0.1366,0.5,0.0,0.5,0.1366
2021-03-24,Tech,24,0.07552916666666668,0.2916666666666667,0.25,0.4583333333333333,-0.03213125000000001
2021-03-25,Comm,9,-0.006877777777777773,0.1111111111111111,0.1111111111111111,0.7777777777777778,-0.003094999999999998
2021-03-25,Consumer,32,0.023509374999999996,0.375,0.21875,0.40625,0.08411571428571428
2021-03-25,Energy,9,0.12142222222222222,0.4444444444444444,0.0,0.5555555555555556,0.17644166666666666
2021-03-25,Financials,19,0.020563157894736842,0.3684210526315789,0.3684210526315789,0.2631578947368421,0.019485000000000002
2021-03-25,Healthcare,4,0.18635000000000002,0.75,0.0,0.25,0.18635000000000002
2021-03-25,Industrials,5,-0.068,0.0,0.2,0.8,-0.11333333333333334
2021-03-25,Materials,4,0.264225,0.75,0.0,0.25,0.264225
2021-03-25,RealEstate,3,0.39893333333333336,0.6666666666666666,0.0,0.3333333333333333,0.2992
2021-03-25,Tech,13,-0.027553846153846144,0.3076923076923077,0.3076923076923077,0.38461538461538464,-0.007349999999999992
2021-03-25,Utilities,4,0.38139999999999996,0.75,0.0,0.25,0.44489999999999996
2021-03-26,Comm,6,0.0035666666666666624,0.16666666666666666,0.3333333333333333,0.5,0.0864875
2021-03-26,Consumer,26,-0.05065,0.23076923076923078,0.19230769230769232,0.5769230769230769,-0.03163422619047619
2021-03-26,Energy,12,0.3363083333333334,0.6666666666666666,0.08333333333333333,0.25,0.33000388888888893
2021-03-26,Financials,14,0.27049285714285715,0.5,0.0,0.5,0.210324
2021-03-26,Healthcare,8,0.015237499999999994,0.25,0.125,0.625,0.020763888888888887
2021-03-26,Industrials,11,0.16021818181818182,0.2727272727272727,0.09090909090909091,0.6363636363636364,0.1983035714285714
2021-03-26,Materials,5,-0.11839999999999999,0.0,0.4,0.6,-0.19733333333333333
2021-03-26,Tech,12,0.04834166666666667,0.16666666666666666,0.16666666666666666,0.6666666666666666,-0.01013749999999999
2021-03-26,Utilities,1,0.296,1.0,0.0,0.0,0.296
2021-03-29,Comm,17,0.13335882352941178,0.4117647058823529,0.058823529411764705,0.5294117647058824,0.14191805555555553
2021-03-29,Consumer,31,0.23846129032258065,0.5806451612903226,0.06451612903225806,0.3548387096774194,0.2614518831168831
2021-03-29,Energy,8,0.164025,0.375,0.25,0.375,0.17095
2021-03-29,Financials,30,0.034993333333333335,0.3333333333333333,0.23333333333333334,0.43333333333333335,0.018072444444444443
2021-03-29,Healthcare,12,0.29909166666666664,0.5833333333333334,0.0,0.4166666666666667,0.28385666666666665
2021-03-29,Industrials,22,0.1327681818181818,0.36363636363636365,0.18181818181818182,0.45454545454545453,0.22221033333333334
2021-03-29,RealEstate,5,0.11878,0.4,0.0,0.6,0.0806875
2021-03-29,Tech,12,0.16444166666666668,0.5,0.25,0.25,0.1943
2021-03-29,Utilities,5,0.5166000000000001,1.0,0.0,0.0,0.47358749999999994
2021-03-30,Comm,7,0.10637142857142858,0.42857142857142855,0.0,0.5714285714285714,0.16086250000000002
2021-03-30,Consumer,15,0.11882000000000001,0.4,0.13333333333333333,0.4666666666666667,0.105048
2021-03-30,Energy,7,0.2906857142857143,0.7142857142857143,0.0,0.2857142857142857,0.33471666666666666
2021-03-30,Financials,30,0.040523333333333335,0.36666666666666664,0.2,0.43333333333333335,0.02265807692307693
2021-03-30,Healthcare,7,0.03524285714285714,0.14285714285714285,0.14285714285714285,0.7142857142857143,-0.0599375
2021-03-30,Industrials,10,0.05687,0.3,0.2,0.5,0.20733333333333331
2021-03-30,RealEstate,3,0.12726666666666667,0.3333333333333333,0.0,0.6666666666666666,0.12726666666666667
2021-03-30,Tech,5,0.27972,0.8,0.0,0.2,0.35508888888888884
2021-03-30,Utilities,1,0.0,0.0,0.0,1.0,0.0
2021-03-31,Comm,5,0.0,0.0,0.0,1.0,0.0
2021-03-31,Consumer,13,0.13626923076923078,0.46153846153846156,0.15384615384615385,0.38461538461538464,0.125685
2021-03-31,Energy,12,0.19205000000000003,0.5833333333333334,0.0,0.4166666666666667,0.20995416666666666
2021-03-31,Financials,14,0.16022857142857141,0.5714285714285714,0.14285714285714285,0.2857142857142857,0.063425
2021-03-31,Healthcare,9,0.07577777777777778,0.2222222222222222,0.2222222222222222,0.5555555555555556,0.050409999999999996
2021-03-31,Industrials,11,0.17784545454545456,0.5454545454545454,0.09090909090909091,0.36363636363636365,0.1121638888888889
2021-03-31,Materials,2,0.148,0.5,0.0,0.5,0.148
2021-03-31,RealEstate,1,0.0,0.0,0.0,1.0,0.0
2021-03-31,Tech,9,0.12825555555555554,0.5555555555555556,0.2222222222222222,0.2222222222222222,0.09447777777777777
2021-03-31,Utilities,2,0.1366,0.5,0.0,0.5,0.1366
2021-04-01,Comm,9,0.08406666666666668,0.3333333333333333,0.1111111111111111,0.5555555555555556,0.08523750000000001
2021-04-01,Consumer,15,0.09314,0.2,0.13333333333333333,0.6666666666666666,0.023636666666666667
2021-04-01,Energy,9,-0.28302222222222223,0.0,0.7777777777777778,0.2222222222222222,-0.2929
2021-04-01,Financials,12,0.20166666666666666,0.4166666666666667,0.0,0.5833333333333334,0.15350199999999997
2021-04-01,Healthcare,7,0.011171428571428579,0.2857142857142857,0.2857142857142857,0.42857142857142855,0.02037000000000001
2021-04-01,Industrials,8,0.0484875,0.25,0.125,0.625,0.10879166666666666
2021-04-01,Materials,5,0.0,0.0,0.0,1.0,0.0
2021-04-01,RealEstate,1,-0.2942,0.0,1.0,0.0,-0.2942
2021-04-01,Tech,9,0.09645555555555557,0.3333333333333333,0.3333333333333333,0.3333333333333333,0.0035975000000000174
2021-04-01,Utilities,5,0.12688000000000002,0.4,0.0,0.6,0.07048888888888889
2021-04-05,Comm,21,0.2619285714285714,0.47619047619047616,0.14285714285714285,0.38095238095238093,0.344484
2021-04-05,Consumer,27,0.16964814814814813,0.4074074074074074,0.1111111111111111,0.48148148148148145,0.14930333333333332
2021-04-05,Energy,12,0.107925,0.4166666666666667,0.0,0.5833333333333334,0.08060500000000001
2021-04-05,Financials,23,0.20495652173913045,0.391304347826087,0.0,0.6086956521739131,0.20476580086580085
2021-04-05,Healthcare,13,0.17679230769230772,0.46153846153846156,0.07692307692307693,0.46153846153846156,0.13209416666666668
2021-04-05,Industrials,14,0.26889285714285716,0.6428571428571429,0.07142857142857142,0.2857142857142857,0.21229
2021-04-05,Materials,3,0.40363333333333334,0.6666666666666666,0.0,0.3333333333333333,0.302725
2021-04-05,RealEstate,3,-0.21636666666666668,0.0,1.0,0.0,-0.21636666666666668
2021-04-05,Tech,19,0.19920526315789475,0.5263157894736842,0.05263157894736842,0.42105263157894735,0.2286717948717949
2021-04-05,Utilities,6,0.11033333333333334,0.3333333333333333,0.16666666666666666,0.5,0.08873333333333333
2021-04-06,Comm,9,0.23058888888888887,0.6666666666666666,0.0,0.3333333333333333,0.15662380952380953
2021-04-06,Consumer,23,0.15482608695652172,0.43478260869565216,0.043478260869565216,0.5217391304347826,0.14020749999999998
2021-04-06,Energy,13,0.031684615384615374,0.3076923076923077,0.3076923076923077,0.38461538461538464,0.03312999999999999
2021-04-06,Financials,21,-0.03852380952380953,0.23809523809523808,0.38095238095238093,0.38095238095238093,-0.02848500000000001
2021-04-06,Healthcare,6,0.12273333333333332,0.3333333333333333,0.0,0.6666666666666666,0.12273333333333332
2021-04-06,Industrials,13,-0.02810769230769231,0.23076923076923078,0.23076923076923078,0.5384615384615384,-0.007865
2021-04-06,Materials,1,0.1779,1.0,0.0,0.0,0.1779
2021-04-06,RealEstate,1,0.4767,1.0,0.0,0.0,0.4767
2021-04-06,Tech,9,0.04987777777777777,0.3333333333333333,0.2222222222222222,0.4444444444444444,-0.07585111111111112
2021-04-06,Utilities,3,0.0,0.0,0.0,1.0,0.0
2021-04-07,Comm,7,0.06021428571428571,0.14285714285714285,0.0,0.8571428571428571,0.04215
2021-04-07,Consumer,12,0.05657500000000001,0.3333333333333333,0.16666666666666666,0.5,-0.07609066666666667
2021-04-07,Energy,5,-0.03656,0.2,0.4,0.4,-0.06846666666666666
2021-04-07,Financials,9,0.16374444444444444,0.4444444444444444,0.0,0.5555555555555556,0.14760625
2021-04-07,Healthcare,4,0.249525,0.5,0.0,0.5,0.3327
2021-04-07,Industrials,9,0.0787111111111111,0.4444444444444444,0.1111111111111111,0.4444444444444444,0.07946666666666666
2021-04-07,Materials,2,-0.1591,0.0,0.5,0.5,-0.1591
2021-04-07,RealEstate,1,0.4019,1.0,0.0,0.0,0.4019
2021-04-07,Tech,4,0.12457499999999999,0.5,0.0,0.5,0.13238333333333333
2021-04-07,Utilities,2,0.1366,0.5,0.0,0.5,0.1366
2021-04-08,Comm,11,0.17422727272727273,0.36363636363636365,0.0,0.6363636363636364,0.2307666666666667
2021-04-08,Consumer,22,0.2998409090909091,0.5,0.0,0.5,0.29276928571428573
2021-04-08,Energy,6,0.061599999999999995,0.3333333333333333,0.16666666666666666,0.5,0.07392
2021-04-08,Financials,15,0.027266666666666668,0.13333333333333333,0.06666666666666667,0.8,0.017041666666666667
2021-04-08,Healthcare,10,0.12443,0.4,0.1,0.5,0.23209749999999998
2021-04-08,Industrials,6,0.029266666666666663,0.16666666666666666,0.16666666666666666,0.6666666666666666,0.08161666666666666
2021-04-08,Materials,5,0.13013999999999998,0.4,0.2,0.4,0.162675
2021-04-08,RealEstate,1,0.0,0.0,0.0,1.0,0.0
2021-04-08,Tech,12,0.039,0.25,0.16666666666666666,0.5833333333333334,0.06525
2021-04-08,Utilities,3,0.3996,0.6666666666666666,0.0,0.3333333333333333,0.3996
2021-04-09,Comm,12,0.051649999999999995,0.25,0.3333333333333333,0.4166666666666667,0.052142499999999994
2021-04-09,Consumer,14,0.16142142857142858,0.42857142857142855,0.0,0.5714285714285714,0.18512142857142855
2021-04-09,Energy,5,-0.16665999999999997,0.2,0.6,0.2,-0.18888749999999999
2021-04-09,Financials,21,0.06554285714285714,0.19047619047619047,0.047619047619047616,0.7619047619047619,0.029952380952380953
2021-04-09,Healthcare,4,0.22394999999999998,0.5,0.0,0.5,0.23161666666666667
2021-04-09,Industrials,16,0.17965625000000002,0.4375,0.0625,0.5,0.18125761904761906
2021-04-09,RealEstate,1,0.0,0.0,0.0,1.0,0.0
2021-04-09,Tech,9,0.20147777777777778,0.4444444444444444,0.2222222222222222,0.3333333333333333,0.20980277777777778
2021-04-09,Utilities,1,0.2732,1.0,0.0,0.0,0.2732
2021-04-12,Comm,8,-0.136625,0.0,0.375,0.625,-0.18526666666666666
2021-04-12,Consumer,22,0.17224545454545456,0.45454545454545453,0.09090909090909091,0.45454545454545453,0.17996428571428572
2021-04-12,Energy,3,0.32926666666666665,0.6666666666666666,0.0,0.3333333333333333,0.370425
2021-04-12,Financials,40,0.12461499999999999,0.4,0.075,0.525,0.19945612698412699
2021-04-12,Healthcare,12,0.14565833333333333,0.4166666666666667,0.25,0.3333333333333333,0.08036833333333333
2021-04-12,Industrials,6,0.21673333333333333,0.6666666666666666,0.0,0.3333333333333333,0.21673333333333333
2021-04-12,Materials,4,0.050575,0.25,0.0,0.75,0.06743333333333333
2021-04-12,RealEstate,2,0.49429999999999996,1.0,0.0,0.0,0.49429999999999996
2021-04-12,Tech,16,0.124775,0.5,0.125,0.375,0.09599374999999999
2021-04-12,Utilities,3,0.33926666666666666,1.0,0.0,0.0,0.33926666666666666
2021-04-13,Comm,7,0.3646857142857143,0.7142857142857143,0.0,0.2857142857142857,0.32824000000000003
2021-04-13,Consumer,16,0.10992500000000001,0.375,0.0625,0.5625,0.14032833333333333
2021-04-13,Energy,8,0.2281375,0.625,0.125,0.25,0.24647777777777777
2021-04-13,Financials,31,0.19236451612903227,0.5161290322580645,0.06451612903225806,0.41935483870967744,0.24116333333333334
2021-04-13,Healthcare,12,0.021199999999999983,0.3333333333333333,0.3333333333333333,0.3333333333333333,-0.003495833333333337
2021-04-13,Industrials,7,0.32344285714285714,0.5714285714285714,0.0,0.42857142857142855,0.44262500000000005
2021-04-13,RealEstate,1,0.0,0.0,0.0,1.0,0.0
2021-04-13,Tech,8,0.120475,0.375,0.375,0.25,0.1364388888888889
2021-04-13,Utilities,6,0.09106666666666667,0.3333333333333333,0.0,0.6666666666666666,0.0758888888888889
2021-04-14,Comm,14,0.08405714285714286,0.21428571428571427,0.0,0.7857142857142857,0.16172
2021-04-14,Consumer,21,-0.013333333333333327,0.19047619047619047,0.23809523809523808,0.5714285714285714,-0.008063333333333329
2021-04-14,Energy,10,0.06639999999999999,0.3,0.1,0.6,0.07579166666666667
2021-04-14,Financials,60,0.20395666666666665,0.48333333333333334,0.03333333333333333,0.48333333333333334,0.1197823284457478
2021-04-14,Healthcare,12,-0.02664166666666666,0.16666666666666666,0.16666666666666666,0.6666666666666666,-0.01144666666666666
2021-04-14,Industrials,13,0.20101538461538462,0.38461538461538464,0.07692307692307693,0.5384615384615384,0.10808958333333332
2021-04-14,Materials,4,0.146875,0.75,0.25,0.0,0.146875
2021-04-14,RealEstate,2,0.0,0.0,0.0,1.0,0.0
2021-04-14,Tech,8,0.08195,0.375,0.125,0.5,0.09248333333333333
2021-04-14,Utilities,5,0.43667999999999996,1.0,0.0,0.0,0.4279625
2021-04-15,Comm,7,0.04667142857142857,0.42857142857142855,0.14285714285714285,0.42857142857142855,0.027225
2021-04-15,Consumer,17,-0.02477058823529412,0.11764705882352941,0.11764705882352941,0.7647058823529411,-0.01665071428571429
2021-04-15,Energy,6,0.024216666666666675,0.5,0.16666666666666666,0.3333333333333333,0.0017400000000000083
2021-04-15,Financials,29,0.1647241379310345,0.4827586206896552,0.06896551724137931,0.4482758620689655,0.10408333333333333
2021-04-15,Healthcare,9,0.09871111111111112,0.3333333333333333,0.1111111111111111,0.5555555555555556,0.10661000000000001
2021-04-15,Industrials,6,0.3132833333333333,0.6666666666666666,0.0,0.3333333333333333,0.2576666666666667
2021-04-15,RealEstate,5,0.09176,0.2,0.0,0.8,0.1147
2021-04-15,Tech,10,0.17976999999999999,0.4,0.0,0.6,0.20173750000000001
2021-04-15,Utilities,2,0.36005,1.0,0.0,0.0,0.36005
2021-04-16,Comm,4,0.2452,0.75,0.0,0.25,0.2452
2021-04-16,Consumer,20,0.20044500000000004,0.6,0.05,0.35,0.194296875
2021-04-16,Energy,10,0.04669,0.2,0.1,0.7,0.10589166666666666
2021-04-16,Financials,36,0.21335277777777778,0.5833333333333334,0.05555555555555555,0.3611111111111111,0.2014628571428571
2021-04-16,Healthcare,2,-0.125,0.0,0.5,0.5,-0.125
2021-04-16,Industrials,8,-0.053524999999999996,0.375,0.375,0.25,0.010544444444444448
2021-04-16,Materials,2,0.0,0.0,0.0,1.0,0.0
2021-04-16,RealEstate,1,0.0,0.0,0.0,1.0,0.0
2021-04-16,Tech,8,0.08257500000000001,0.25,0.125,0.625,0.021410000000000002
2021-04-19,Comm,8,-0.0650375,0.0,0.25,0.75,-0.03251875
2021-04-19,Consumer,40,0.02381,0.3,0.2,0.5,0.0603304248366013
2021-04-19,Energy,11,0.07883636363636363,0.45454545454545453,0.09090909090909091,0.45454545454545453,0.067475
2021-04-19,Financials,22,0.16065454545454544,0.5,0.045454545454545456,0.45454545454545453,0.16203535714285716
2021-04-19,Healthcare,15,0.02324666666666667,0.06666666666666667,0.06666666666666667,0.8666666666666667,0.044012857142857145
2021-04-19,Industrials,13,0.20576923076923076,0.6153846153846154,0.07692307692307693,0.3076923076923077,0.18940875000000001
2021-04-19,Materials,3,0.33486666666666665,0.6666666666666666,0.0,0.3333333333333333,0.33486666666666665
2021-04-19,RealEstate,5,0.06364,0.2,0.0,0.8,0.039775
2021-04-19,Tech,25,0.033560000000000006,0.24,0.12,0.64,0.050146190476190476
2021-04-19,Utilities,7,0.19965714285714284,0.5714285714285714,0.14285714285714285,0.2857142857142857,0.113075
2021-04-20,Comm,12,0.054375,0.25,0.08333333333333333,0.6666666666666666,0.023303571428571427
2021-04-20,Consumer,26,0.03724615384615385,0.2692307692307692,0.2692307692307692,0.46153846153846156,0.021135952380952387
2021-04-20,Energy,6,0.26605,0.6666666666666666,0.16666666666666666,0.16666666666666666,0.2569666666666667
2021-04-20,Financials,16,0.19993125,0.4375,0.125,0.4375,0.26226
2021-04-20,Healthcare,13,0.08443076923076923,0.3076923076923077,0.23076923076923078,0.46153846153846156,0.10949166666666667
2021-04-20,Industrials,16,0.015412499999999999,0.25,0.1875,0.5625,-0.02722272727272726
2021-04-20,Materials,1,-0.0258,0.0,0.0,1.0,-0.0258
2021-04-20,Tech,12,0.10405833333333335,0.3333333333333333,0.16666666666666666,0.5,0.08261250000000002
2021-04-20,Utilities,4,0.314,0.75,0.0,0.25,0.3276
2021-04-21,Comm,18,0.022394444444444446,0.2777777777777778,0.2222222222222222,0.5,0.08294814814814816
2021-04-21,Consumer,11,0.0909,0.2727272727272727,0.0,0.7272727272727273,0.08473666666666667
2021-04-21,Energy,11,0.06122727272727273,0.36363636363636365,0.18181818181818182,0.45454545454545453,0.035818749999999996
2021-04-21,Financials,13,0.1123076923076923,0.3076923076923077,0.07692307692307693,0.6153846153846154,0.12434166666666667
2021-04-21,Healthcare,8,0.1987625,0.5,0.0,0.5,0.24697
2021-04-21,Industrials,8,0.06912499999999999,0.25,0.125,0.625,0.03623666666666666
2021-04-21,Materials,5,0.19538000000000003,0.4,0.0,0.6,0.24422500000000003
2021-04-21,RealEstate,3,0.0,0.0,0.0,1.0,0.0
2021-04-21,Tech,12,0.03936666666666667,0.4166666666666667,0.25,0.3333333333333333,0.034975000000000006
2021-04-21,Utilities,8,0.3176875,0.75,0.0,0.25,0.1815357142857143
2021-04-22,Comm,26,0.06783076923076922,0.3076923076923077,0.15384615384615385,0.5384615384615384,0.02869797979797979
2021-04-22,Consumer,15,0.23862666666666665,0.6,0.06666666666666667,0.3333333333333333,0.23932291666666666
2021-04-22,Energy,10,0.019839999999999997,0.1,0.2,0.7,0.0352
2021-04-22,Financials,17,0.09199411764705881,0.35294117647058826,0.11764705882352941,0.5294117647058824,0.10285416666666666
2021-04-22,Healthcare,9,0.06233333333333335,0.3333333333333333,0.2222222222222222,0.4444444444444444,0.048555
2021-04-22,Industrials,10,0.056400000000000006,0.2,0.1,0.7,0.09017
2021-04-22,Materials,11,0.109,0.2727272727272727,0.0,0.7272727272727273,0.1026892857142857
2021-04-22,RealEstate,4,0.100475,0.25,0.0,0.75,0.13396666666666665
2021-04-22,Tech,28,0.09611428571428571,0.42857142857142855,0.14285714285714285,0.42857142857142855,0.16816625
2021-04-22,Utilities,7,0.16271428571428573,0.2857142857142857,0.2857142857142857,0.42857142857142855,0.18547499999999997
2021-04-23,Comm,10,0.16904000000000002,0.6,0.1,0.3,0.22706833333333334
2021-04-23,Consumer,22,0.11418636363636363,0.4090909090909091,0.045454545454545456,0.5454545454545454,0.11434333333333332
2021-04-23,Energy,16,0.046156249999999996,0.375,0.25,0.375,-0.047299999999999995
2021-04-23,Financials,10,0.21663000000000002,0.5,0.1,0.4,0.2371916666666667
2021-04-23,Healthcare,2,0.2787,0.5,0.0,0.5,0.2787
2021-04-23,Industrials,10,0.06345999999999999,0.4,0.2,0.4,0.1032
2021-04-23,Materials,3,0.1468,0.3333333333333333,0.0,0.6666666666666666,0.1101
2021-04-23,RealEstate,1,0.7783,1.0,0.0,0.0,0.7783
2021-04-23,Tech,22,0.07207272727272727,0.36363636363636365,0.18181818181818182,0.45454545454545453,0.07584391025641025
2021-04-23,Utilities,3,0.09106666666666667,0.3333333333333333,0.0,0.6666666666666666,0.09106666666666667
2021-04-26,Comm,9,0.0889888888888889,0.4444444444444444,0.1111111111111111,0.4444444444444444,-0.04617083333333332
2021-04-26,Consumer,31,0.16399999999999998,0.41935483870967744,0.03225806451612903,0.5483870967741935,0.1408921568627451
2021-04-26,Energy,13,-0.0576076923076923,0.3076923076923077,0.38461538461538464,0.3076923076923077,-0.015539999999999993
2021-04-26,Financials,21,0.21474761904761902,0.47619047619047616,0.0,0.5238095238095238,0.22928833333333337
2021-04-26,Healthcare,15,0.27057333333333333,0.6,0.06666666666666667,0.3333333333333333,0.241355
2021-04-26,Industrials,14,0.12510000000000002,0.35714285714285715,0.0,0.6428571428571429,0.11588888888888887
2021-04-26,Materials,1,0.0,0.0,0.0,1.0,0.0
2021-04-26,RealEstate,7,0.09085714285714286,0.2857142857142857,0.0,0.7142857142857143,0.0795
2021-04-26,Tech,15,0.2267,0.4666666666666667,0.13333333333333333,0.4,0.23827037037037038
2021-04-26,Utilities,5,0.131,0.4,0.0,0.6,0.10916666666666668
2021-04-27,Comm,11,0.14411818181818184,0.5454545454545454,0.18181818181818182,0.2727272727272727,0.05184074074074074
2021-04-27,Consumer,22,0.036254545454545456,0.18181818181818182,0.09090909090909091,0.7272727272727273,0.032139999999999995
2021-04-27,Energy,5,0.0,0.2,0.2,0.6,0.06577777777777777
2021-04-27,Financials,16,0.16174375000000002,0.375,0.0625,0.5625,0.21410107142857143
2021-04-27,Healthcare,14,0.14382857142857142,0.42857142857142855,0.07142857142857142,0.5,0.22128166666666668
2021-04-27,Industrials,52,0.14192115384615384,0.4230769230769231,0.07692307692307693,0.5,0.1460532490079365
2021-04-27,Materials,5,0.13336,0.2,0.2,0.6,0.171
2021-04-27,Tech,8,0.024387500000000006,0.375,0.375,0.25,0.184735
2021-04-27,Utilities,4,0.08185,0.5,0.25,0.25,0.07541666666666667
2021-04-28,Comm,10,0.23639000000000002,0.5,0.1,0.4,0.26963333333333334
2021-04-28,Consumer,18,0.17363333333333333,0.5,0.1111111111111111,0.3888888888888889,0.15206150000000002
2021-04-28,Energy,8,0.22981250000000003,0.5,0.125,0.375,0.3133766666666667
2021-04-28,Financials,15,0.025266666666666663,0.13333333333333333,0.13333333333333333,0.7333333333333333,0.00557083333333333
2021-04-28,Healthcare,32,0.005387500000000002,0.1875,0.21875,0.59375,0.1388272380952381
2021-04-28,Industrials,31,-0.055238709677419354,0.1935483870967742,0.25806451612903225,0.5483870967741935,-0.015243368421052627
2021-04-28,Materials,1,0.5574,1.0,0.0,0.0,0.5574
2021-04-28,RealEstate,7,0.24018571428571428,0.42857142857142855,0.0,0.5714285714285714,0.18681111111111112
2021-04-28,Tech,26,0.08859615384615385,0.4230769230769231,0.2692307692307692,0.3076923076923077,0.0677211038961039
2021-04-28,Utilities,4,0.1991,0.75,0.0,0.25,0.17826666666666666
2021-04-29,Comm,12,0.188775,0.5,0.08333333333333333,0.4166666666666667,0.15522625
2021-04-29,Consumer,13,-0.0033076923076923023,0.23076923076923078,0.38461538461538464,0.38461538461538464,0.10295583333333333
2021-04-29,Energy,8,0.18236249999999998,0.375,0.125,0.5,0.2006555555555555
2021-04-29,Financials,11,0.11769090909090908,0.45454545454545453,0.18181818181818182,0.36363636363636365,0.14933333333333335
2021-04-29,Healthcare,35,0.16478,0.37142857142857144,0.08571428571428572,0.5428571428571428,0.12076885714285715
2021-04-29,Industrials,21,0.0746904761904762,0.3333333333333333,0.14285714285714285,0.5238095238095238,0.005193461538461541
2021-04-29,Materials,4,0.074,0.25,0.0,0.75,0.04933333333333333
2021-04-29,RealEstate,14,0.058442857142857144,0.21428571428571427,0.07142857142857142,0.7142857142857143,0.12408250000000001
2021-04-29,Tech,12,0.09596666666666666,0.3333333333333333,0.16666666666666666,0.5,0.1355
2021-04-29,Utilities,2,0.0,0.0,0.0,1.0,0.0
2021-04-30,Comm,10,0.16647,0.4,0.0,0.6,0.17981111111111112
2021-04-30,Consumer,23,0.08309130434782609,0.34782608695652173,0.17391304347826086,0.4782608695652174,0.10300833333333333
2021-04-30,Energy,33,0.15875151515151517,0.48484848484848486,0.06060606060606061,0.45454545454545453,0.20397500000000002
2021-04-30,Financials,12,0.09061666666666668,0.25,0.0,0.75,0.088065
2021-04-30,Healthcare,23,0.11292608695652175,0.34782608695652173,0.08695652173913043,0.5652173913043478,0.15298984615384617
2021-04-30,Industrials,10,0.060160000000000005,0.5,0.3,0.2,0.053795000000000016
2021-04-30,Materials,1,-0.2263,0.0,1.0,0.0,-0.2263
2021-04-30,RealEstate,5,0.25312,0.4,0.0,0.6,0.28300000000000003
2021-04-30,Tech,8,-0.018087500000000006,0.125,0.25,0.625,-0.012058333333333338
2021-04-30,Utilities,10,0.20844000000000001,0.6,0.2,0.2,0.197405
2021-05-03,Comm,19,0.16695263157894735,0.5263157894736842,0.05263157894736842,0.42105263157894735,0.15644666666666668
2021-05-03,Consumer,19,0.11698947368421052,0.42105263157894735,0.21052631578947367,0.3684210526315789,0.07941866666666667
2021-05-03,Energy,12,0.10615000000000001,0.16666666666666666,0.0,0.8333333333333334,0.11941875
2021-05-03,Financials,14,0.16378571428571428,0.5714285714285714,0.21428571428571427,0.21428571428571427,0.22597499999999998
2021-05-03,Healthcare,17,0.20268823529411764,0.7058823529411765,0.11764705882352941,0.17647058823529413,0.20693433333333333
2021-05-03,Industrials,15,0.00662,0.3333333333333333,0.26666666666666666,0.4,0.029850476190476188
2021-05-03,Materials,5,0.05464,0.2,0.0,0.8,0.045533333333333335
2021-05-03,RealEstate,4,0.229275,0.5,0.0,0.5,0.3057
2021-05-03,Tech,17,0.07390588235294118,0.35294117647058826,0.23529411764705882,0.4117647058823529,0.04942361111111112
2021-05-03,Utilities,3,0.447,0.6666666666666666,0.0,0.3333333333333333,0.33525
2021-05-04,Comm,10,0.19017,0.3,0.1,0.6,0.32935749999999997
2021-05-04,Consumer,18,0.17475000000000002,0.3888888888888889,0.0,0.6111111111111112,0.15207729166666667
2021-05-04,Energy,16,0.08214375,0.3125,0.1875,0.5,0.06939119047619048
2021-05-04,Financials,20,0.16237,0.35,0.1,0.55,0.14647642857142856
2021-05-04,Healthcare,11,0.11484545454545456,0.36363636363636365,0.09090909090909091,0.5454545454545454,0.10430999999999999
2021-05-04,Industrials,16,-0.004581249999999995,0.1875,0.25,0.5625,0.12611
2021-05-04,Materials,11,-0.04704545454545455,0.18181818181818182,0.18181818181818182,0.6363636363636364,-0.016171875000000002
2021-05-04,Tech,8,0.08715,0.25,0.125,0.625,-0.014508333333333337
2021-05-04,Utilities,4,0.42900000000000005,0.75,0.0,0.25,0.3594
2021-05-05,Comm,17,0.0761,0.17647058823529413,0.0,0.8235294117647058,0.07786
2021-05-05,Consumer,18,0.003350000000000001,0.1111111111111111,0.16666666666666666,0.7222222222222222,0.026338888888888887
2021-05-05,Energy,12,0.03404999999999999,0.3333333333333333,0.25,0.4166666666666667,0.08428749999999999
2021-05-05,Financials,10,0.13540999999999997,0.4,0.2,0.4,0.06934749999999999
2021-05-05,Healthcare,8,0.1432375,0.375,0.125,0.5,0.22193000000000002
2021-05-05,Industrials,25,0.14977600000000002,0.44,0.12,0.44,0.19239699999999998
2021-05-05,Materials,1,0.8591,1.0,0.0,0.0,0.8591
2021-05-05,RealEstate,5,0.0,0.0,0.0,1.0,0.0
2021-05-05,Tech,8,0.1836625,0.375,0.0,0.625,0.23646111111111112
2021-05-05,Utilities,5,0.14184000000000002,0.6,0.2,0.2,0.07373333333333333
2021-05-06,Comm,5,0.012719999999999999,0.4,0.4,0.2,-0.015916666666666662
2021-05-06,Consumer,20,0.111555,0.4,0.15,0.45,0.13727833333333334
2021-05-06,Energy,10,0.20936,0.6,0.1,0.3,0.2504125
2021-05-06,Financials,11,0.1605,0.36363636363636365,0.0,0.6363636363636364,0.104385
2021-05-06,Healthcare,5,0.0,0.0,0.0,1.0,0.0
2021-05-06,Industrials,8,0.1925625,0.375,0.0,0.625,0.2476125
2021-05-06,Materials,5,0.08808,0.2,0.0,0.8,0.05505
2021-05-06,RealEstate,2,-0.0605,0.5,0.5,0.0,-0.0605
2021-05-06,Tech,6,0.18491666666666665,0.5,0.0,0.5,0.18491666666666665
2021-05-06,Utilities,1,0.0,0.0,0.0,1.0,0.0
2021-05-07,Comm,8,0.06638749999999999,0.5,0.25,0.25,0.10294166666666665
2021-05-07,Consumer,9,-0.06798888888888889,0.1111111111111111,0.2222222222222222,0.6666666666666666,-0.10198333333333333
2021-05-07,Energy,6,-0.1094,0.3333333333333333,0.3333333333333333,0.3333333333333333,-0.0937625
2021-05-07,Financials,10,0.04118,0.3,0.1,0.6,0.04107916666666666
2021-05-07,Healthcare,2,0.17,0.5,0.0,0.5,0.17
2021-05-07,Industrials,9,-0.07472222222222222,0.2222222222222222,0.3333333333333333,0.4444444444444444,0.03263333333333333
2021-05-07,Tech,8,0.31977500000000003,0.75,0.0,0.25,0.2519777777777778
2021-05-07,Utilities,4,0.14229999999999998,0.5,0.0,0.5,0.1897333333333333
2021-05-10,Comm,14,-0.03851428571428571,0.21428571428571427,0.2857142857142857,0.5,-0.11144033333333334
2021-05-10,Consumer,16,0.08258125000000001,0.3125,0.125,0.5625,0.09880000000000001
2021-05-10,Energy,28,0.12305357142857143,0.5357142857142857,0.10714285714285714,0.35714285714285715,0.11302133333333333
2021-05-10,Financials,9,0.062200000000000005,0.2222222222222222,0.1111111111111111,0.6666666666666666,0.07307000000000001
2021-05-10,Healthcare,13,0.05856153846153847,0.3076923076923077,0.23076923076923078,0.46153846153846156,0.08046266666666667
2021-05-10,Industrials,7,0.2406,0.5714285714285714,0.0,0.42857142857142855,0.2396625
2021-05-10,Materials,5,0.28036000000000005,0.6,0.0,0.4,0.191225
2021-05-10,Tech,7,0.1196857142857143,0.42857142857142855,0.0,0.5714285714285714,0.13262222222222222
2021-05-10,Utilities,10,0.35167000000000004,1.0,0.0,0.0,0.4433392857142857
2021-05-11,Comm,15,0.24312666666666666,0.6,0.06666666666666667,0.3333333333333333,0.20482
2021-05-11,Consumer,17,0.07532941176470588,0.35294117647058826,0.17647058823529413,0.47058823529411764,0.03266299999999999
2021-05-11,Energy,17,-0.06290000000000001,0.29411764705882354,0.35294117647058826,0.35294117647058826,-0.053465000000000006
2021-05-11,Financials,5,0.004559999999999997,0.2,0.2,0.6,0.003799999999999998
2021-05-11,Healthcare,3,0.13396666666666665,0.3333333333333333,0.0,0.6666666666666666,0.13396666666666665
2021-05-11,Industrials,13,0.0487923076923077,0.3076923076923077,0.15384615384615385,0.5384615384615384,0.07876250000000001
2021-05-11,Materials,2,0.3404,0.5,0.0,0.5,0.3404
2021-05-11,RealEstate,1,0.296,1.0,0.0,0.0,0.296
2021-05-11,Tech,13,0.003538461538461537,0.07692307692307693,0.07692307692307693,0.8461538461538461,0.002299999999999999
2021-05-12,Comm,13,0.08410000000000001,0.23076923076923078,0.07692307692307693,0.6923076923076923,0.08715
2021-05-12,Consumer,11,0.04129090909090909,0.2727272727272727,0.18181818181818182,0.5454545454545454,0.011312500000000003
2021-05-12,Energy,13,0.11741538461538463,0.38461538461538464,0.07692307692307693,0.5384615384615384,0.11035833333333334
2021-05-12,Financials,15,0.03782666666666667,0.3333333333333333,0.4,0.26666666666666666,0.04162916666666667
2021-05-12,Healthcare,5,0.46421999999999997,0.8,0.0,0.2,0.5164500000000001
2021-05-12,Industrials,13,0.16469999999999999,0.46153846153846156,0.15384615384615385,0.38461538461538464,0.08220857142857144
2021-05-12,Materials,1,0.4939,1.0,0.0,0.0,0.4939
2021-05-12,RealEstate,2,0.34895,1.0,0.0,0.0,0.34895
2021-05-12,Tech,4,0.2202,0.5,0.0,0.5,0.22020000000000003
2021-05-12,Utilities,4,0.23707499999999998,0.75,0.0,0.25,0.22503333333333334
2021-05-13,Comm,1,0.0,0.0,0.0,1.0,0.0
2021-05-13,Consumer,16,0.2197625,0.5,0.0,0.5,0.3798066666666666
2021-05-13,Energy,6,0.0,0.0,0.0,1.0,0.0
2021-05-13,Financials,9,0.06576666666666667,0.3333333333333333,0.3333333333333333,0.3333333333333333,0.133525
2021-05-13,Healthcare,9,-0.02864444444444444,0.1111111111111111,0.1111111111111111,0.7777777777777778,-0.02864444444444444
2021-05-13,Industrials,13,0.09145384615384616,0.23076923076923078,0.07692307692307693,0.6923076923076923,0.12295
2021-05-13,Materials,2,0.0,0.0,0.0,1.0,0.0
2021-05-13,RealEstate,3,0.0,0.0,0.0,1.0,0.0
2021-05-13,Tech,5,0.0,0.2,0.2,0.6,-0.0252875
2021-05-13,Utilities,2,0.1909,0.5,0.0,0.5,0.1909
2021-05-14,Comm,2,0.0,0.0,0.0,1.0,0.0
2021-05-14,Consumer,36,-0.004116666666666665,0.3055555555555556,0.25,0.4444444444444444,-0.03184923007246376
2021-05-14,Energy,6,-0.13365,0.16666666666666666,0.3333333333333333,0.5,-0.02838888888888889
2021-05-14,Financials,15,0.03893333333333334,0.13333333333333333,0.2,0.6666666666666666,0.08116041666666668
2021-05-14,Healthcare,6,0.15411666666666668,0.5,0.0,0.5,0.17097500000000002
2021-05-14,Industrials,7,0.11334285714285715,0.42857142857142855,0.2857142857142857,0.2857142857142857,0.07574999999999998
2021-05-14,Materials,2,0.148,0.5,0.0,0.5,0.148
2021-05-14,Tech,9,0.06988888888888889,0.4444444444444444,0.1111111111111111,0.4444444444444444,0.13693333333333332
2021-05-14,Utilities,1,0.5106,1.0,0.0,0.0,0.5106
2021-05-17,Comm,40,0.06850500000000001,0.25,0.15,0.6,0.00817589743589744
2021-05-17,Consumer,39,0.05924358974358975,0.2564102564102564,0.1794871794871795,0.5641025641025641,0.03237577399380805
2021-05-17,Energy,14,0.24013571428571429,0.6428571428571429,0.0,0.35714285714285715,0.22931916666666666
2021-05-17,Financials,18,0.17376111111111112,0.5,0.05555555555555555,0.4444444444444444,0.29199571428571425
2021-05-17,Healthcare,13,0.07759999999999999,0.38461538461538464,0.07692307692307693,0.5384615384615384,0.123194
2021-05-17,Industrials,11,-0.030872727272727274,0.2727272727272727,0.36363636363636365,0.36363636363636365,0.18967678571428573
2021-05-17,Materials,6,0.20579999999999998,0.5,0.16666666666666666,0.3333333333333333,0.28424
2021-05-17,RealEstate,1,0.0,0.0,0.0,1.0,0.0
2021-05-17,Tech,5,0.09152,0.2,0.0,0.8,0.07626666666666666
2021-05-17,Utilities,3,0.18213333333333334,0.6666666666666666,0.0,0.3333333333333333,0.1366
2021-05-18,Comm,32,0.006015624999999995,0.375,0.21875,0.40625,0.0013776666666666631
2021-05-18,Consumer,39,0.05067179487179487,0.358974358974359,0.20512820512820512,0.4358974358974359,0.145559375
2021-05-18,Energy,8,-0.0294375,0.5,0.375,0.125,-0.0294375
2021-05-18,Financials,8,0.142975,0.25,0.0,0.75,0.2541777777777778
2021-05-18,Healthcare,6,0.10953333333333333,0.5,0.16666666666666666,0.3333333333333333,0.10953333333333333
2021-05-18,Industrials,11,0.016172727272727273,0.09090909090909091,0.0,0.9090909090909091,0.007116
2021-05-18,Materials,5,0.17712,0.4,0.0,0.6,0.0984
2021-05-18,RealEstate,1,0.0,0.0,0.0,1.0,0.0
2021-05-18,Tech,3,0.47846666666666665,0.6666666666666666,0.0,0.3333333333333333,0.35885
2021-05-18,Utilities,2,0.1806,0.5,0.0,0.5,0.1806
2021-05-19,Comm,21,0.07849047619047618,0.23809523809523808,0.14285714285714285,0.6190476190476191,0.05494333333333334
2021-05-19,Consumer,23,0.02381739130434783,0.34782608695652173,0.21739130434782608,0.43478260869565216,0.07002933333333333
2021-05-19,Energy,6,-0.15895,0.0,0.3333333333333333,0.6666666666666666,-0.1192125
2021-05-19,Financials,10,0.28224,0.6,0.0,0.4,0.2911722222222222
2021-05-19,Healthcare,2,-0.17,0.0,0.5,0.5,-0.17
2021-05-19,Industrials,6,0.09989999999999999,0.3333333333333333,0.0,0.6666666666666666,0.07492499999999999
2021-05-19,Materials,2,-0.20095,0.0,0.5,0.5,-0.20095
2021-05-19,RealEstate,1,0.0,0.0,0.0,1.0,0.0
2021-05-19,Tech,15,-0.031860000000000006,0.26666666666666666,0.3333333333333333,0.4,-0.19401428571428572
2021-05-19,Utilities,1,0.6908,1.0,0.0,0.0,0.6908
2021-05-20,Comm,17,0.15765294117647058,0.4117647058823529,0.17647058823529413,0.4117647058823529,0.109577
2021-05-20,Consumer,22,0.1897318181818182,0.45454545454545453,0.09090909090909091,0.45454545454545453,0.2060375
2021-05-20,Energy,2,0.10115,0.5,0.0,0.5,0.10115
2021-05-20,Financials,11,0.08444545454545455,0.45454545454545453,0.09090909090909091,0.45454545454545453,0.10452777777777778
2021-05-20,Healthcare,6,0.17911666666666667,0.6666666666666666,0.16666666666666666,0.16666666666666666,0.17911666666666665
2021-05-20,Industrials,3,0.23156666666666667,0.6666666666666666,0.0,0.3333333333333333,0.23156666666666667
2021-05-20,Materials,3,0.0,0.0,0.0,1.0,0.0
2021-05-20,Tech,14,0.15842142857142857,0.35714285714285715,0.0,0.6428571428571429,0.16495583333333333
2021-05-20,Utilities,7,0.17895714285714284,0.2857142857142857,0.0,0.7142857142857143,0.19334999999999997
2021-05-21,Comm,14,0.3266642857142857,0.7142857142857143,0.0,0.2857142857142857,0.21222285714285713
2021-05-21,Consumer,15,0.1781066666666667,0.4666666666666667,0.06666666666666667,0.4666666666666667,0.1184952380952381
2021-05-21,Energy,10,0.04187,0.4,0.2,0.4,0.0373625
2021-05-21,Financials,11,-0.001563636363636367,0.09090909090909091,0.09090909090909091,0.8181818181818182,-0.0019708333333333366
2021-05-21,Healthcare,7,0.3228,0.7142857142857143,0.14285714285714285,0.14285714285714285,0.24296
2021-05-21,Industrials,4,0.401575,0.75,0.0,0.25,0.401575
2021-05-21,Materials,2,0.1591,0.5,0.0,0.5,0.1591
2021-05-21,Tech,5,0.25172,0.8,0.0,0.2,0.2834
2021-05-21,Utilities,3,0.21230000000000002,0.3333333333333333,0.0,0.6666666666666666,0.21230000000000002
2021-05-24,Comm,15,0.17935333333333334,0.4666666666666667,0.2,0.3333333333333333,-0.015649999999999997
2021-05-24,Consumer,32,0.1406375,0.28125,0.09375,0.625,0.1670268888888889
2021-05-24,Energy,13,0.09953076923076921,0.38461538461538464,0.15384615384615385,0.46153846153846156,0.11589333333333333
2021-05-24,Financials,16,0.0389875,0.125,0.0,0.875,0.0389875
2021-05-24,Healthcare,13,0.2601615384615385,0.5384615384615384,0.15384615384615385,0.3076923076923077,0.31261083333333334
2021-05-24,Industrials,7,0.12840000000000001,0.42857142857142855,0.42857142857142855,0.14285714285714285,0.242425
2021-05-24,Materials,5,0.12854000000000002,0.4,0.0,0.6,0.105625
2021-05-24,RealEstate,4,0.1158,0.5,0.25,0.25,0.1158
2021-05-24,Tech,9,0.32676666666666665,0.6666666666666666,0.0,0.3333333333333333,0.33765
2021-05-24,Utilities,5,0.36866000000000004,0.6,0.0,0.4,0.28036666666666665
2021-05-25,Comm,13,0.08483076923076924,0.3076923076923077,0.15384615384615385,0.5384615384615384,0.2026875
2021-05-25,Consumer,15,0.15974666666666665,0.4,0.0,0.6,0.17060486111111112
2021-05-25,Energy,15,0.07658666666666666,0.4666666666666667,0.2,0.3333333333333333,0.1691784722222222
2021-05-25,Financials,14,0.2032642857142857,0.5714285714285714,0.07142857142857142,0.35714285714285715,0.21031111111111112
2021-05-25,Healthcare,6,0.22548333333333334,0.5,0.0,0.5,0.21935
2021-05-25,Industrials,2,0.0,0.0,0.0,1.0,0.0
2021-05-25,Materials,3,0.13396666666666665,0.3333333333333333,0.0,0.6666666666666666,0.13396666666666665
2021-05-25,RealEstate,3,0.5188666666666667,0.6666666666666666,0.0,0.3333333333333333,0.583725
2021-05-25,Tech,12,-0.06613333333333334,0.16666666666666666,0.25,0.5833333333333334,-0.04800666666666666
2021-05-25,Utilities,1,0.2732,1.0,0.0,0.0,0.2732
2021-05-26,Comm,9,0.17355555555555557,0.5555555555555556,0.1111111111111111,0.3333333333333333,0.07438095238095238
2021-05-26,Consumer,21,0.13025714285714288,0.38095238095238093,0.09523809523809523,0.5238095238095238,0.09883598484848485
2021-05-26,Energy,19,0.23505263157894737,0.6842105263157895,0.15789473684210525,0.15789473684210525,0.309022
2021-05-26,Financials,10,0.09516999999999998,0.4,0.4,0.2,0.09378124999999998
2021-05-26,Healthcare,6,0.0,0.16666666666666666,0.16666666666666666,0.6666666666666666,0.0
2021-05-26,Industrials,7,0.056442857142857135,0.2857142857142857,0.2857142857142857,0.42857142857142855,0.060494444444444434
2021-05-26,Materials,2,0.0,0.0,0.0,1.0,0.0
2021-05-26,RealEstate,3,0.0,0.0,0.0,1.0,0.0
2021-05-26,Tech,6,0.28205,0.6666666666666666,0.0,0.3333333333333333,0.325525
2021-05-26,Utilities,2,0.3715,0.5,0.0,0.5,0.3715
2021-05-27,Comm,14,0.15311428571428573,0.35714285714285715,0.14285714285714285,0.5,0.118326
2021-05-27,Consumer,20,0.227,0.65,0.1,0.25,0.22668250000000004
2021-05-27,Energy,14,0.025907142857142854,0.35714285714285715,0.21428571428571427,0.42857142857142855,0.1108022222222222
2021-05-27,Financials,14,0.05684285714285714,0.2857142857142857,0.21428571428571427,0.5,0.011815624999999996
2021-05-27,Healthcare,10,0.1721,0.5,0.2,0.3,0.18780416666666666
2021-05-27,Industrials,15,0.12043333333333334,0.26666666666666666,0.0,0.7333333333333333,0.09299722222222222
2021-05-27,Materials,3,0.23803333333333335,0.6666666666666666,0.0,0.3333333333333333,0.23803333333333335
2021-05-27,RealEstate,2,-0.05135,0.0,0.5,0.5,-0.05135
2021-05-27,Tech,11,0.2091,0.45454545454545453,0.0,0.5454545454545454,0.22606499999999996
2021-05-27,Utilities,2,0.36345,0.5,0.0,0.5,0.36345
2021-05-28,Comm,15,0.3498733333333333,0.6666666666666666,0.06666666666666667,0.26666666666666666,0.4019236666666666
2021-05-28,Consumer,11,0.19587272727272725,0.45454545454545453,0.09090909090909091,0.45454545454545453,0.34120666666666666
2021-05-28,Energy,12,0.05179999999999999,0.16666666666666666,0.08333333333333333,0.75,-0.032290000000000006
2021-05-28,Financials,11,0.17506363636363637,0.36363636363636365,0.18181818181818182,0.45454545454545453,0.20167666666666667
2021-05-28,Healthcare,4,0.013925000000000007,0.25,0.25,0.5,0.16181666666666666
2021-05-28,Industrials,4,0.0903,0.25,0.0,0.75,0.0903
2021-05-28,Materials,5,0.17908000000000002,0.4,0.0,0.6,0.14923333333333333
2021-05-28,RealEstate,2,0.5028,1.0,0.0,0.0,0.5028
2021-05-28,Tech,12,0.16736666666666666,0.3333333333333333,0.0,0.6666666666666666,0.1454125
2021-05-28,Utilities,2,0.2732,1.0,0.0,0.0,0.2732
2021-06-01,Comm,11,0.19284545454545457,0.36363636363636365,0.0,0.6363636363636364,0.38727
2021-06-01,Consumer,27,0.18223333333333333,0.48148148148148145,0.07407407407407407,0.4444444444444444,0.26591628205128204
2021-06-01,Energy,35,0.16134,0.5714285714285714,0.08571428571428572,0.34285714285714286,0.08505438095238095
2021-06-01,Financials,18,0.1553388888888889,0.4444444444444444,0.16666666666666666,0.3888888888888889,0.09804944444444444
2021-06-01,Healthcare,28,0.182375,0.42857142857142855,0.10714285714285714,0.4642857142857143,0.16207066666666664
2021-06-01,Industrials,9,0.22455555555555554,0.5555555555555556,0.1111111111111111,0.3333333333333333,0.177825
2021-06-01,Materials,4,0.15860000000000002,0.5,0.0,0.5,0.1968
2021-06-01,RealEstate,5,0.1594,0.6,0.2,0.2,0.13283333333333333
2021-06-01,Tech,9,0.03766666666666667,0.1111111111111111,0.2222222222222222,0.6666666666666666,0.09444000000000001
2021-06-01,Utilities,4,0.233225,0.5,0.0,0.5,0.20101666666666665
2021-06-02,Comm,8,0.149875,0.5,0.125,0.375,0.12601
2021-06-02,Consumer,15,0.15137333333333333,0.3333333333333333,0.0,0.6666666666666666,0.15471809523809524
2021-06-02,Energy,21,0.17374761904761907,0.47619047619047616,0.19047619047619047,0.3333333333333333,0.171605
2021-06-02,Financials,17,0.22818235294117648,0.4117647058823529,0.058823529411764705,0.5294117647058824,0.16560400000000003
2021-06-02,Healthcare,6,0.13238333333333333,0.5,0.16666666666666666,0.3333333333333333,0.1884875
2021-06-02,Industrials,2,0.10194999999999999,0.5,0.5,0.0,0.10194999999999999
2021-06-02,Materials,2,0.0,0.0,0.0,1.0,0.0
2021-06-02,RealEstate,1,0.5719,1.0,0.0,0.0,0.5719
2021-06-02,Tech,9,0.1759777777777778,0.5555555555555556,0.0,0.4444444444444444,0.13198333333333334
2021-06-02,Utilities,3,0.43463333333333337,1.0,0.0,0.0,0.43463333333333337
2021-06-03,Comm,4,0.01017499999999999,0.25,0.25,0.5,0.006783333333333326
2021-06-03,Consumer,12,0.2046,0.5,0.16666666666666666,0.3333333333333333,0.20841000000000004
2021-06-03,Energy,12,0.176225,0.4166666666666667,0.0,0.5833333333333334,0.22661000000000003
2021-06-03,Financials,12,0.008483333333333334,0.16666666666666666,0.08333333333333333,0.75,-0.005325000000000002
2021-06-03,Healthcare,14,0.1378714285714286,0.5,0.14285714285714285,0.35714285714285715,0.17524
2021-06-03,Industrials,9,0.18406666666666668,0.3333333333333333,0.0,0.6666666666666666,0.21451666666666666
2021-06-03,Materials,5,0.16076,0.4,0.0,0.6,0.20095
2021-06-03,RealEstate,3,0.16836666666666666,1.0,0.0,0.0,0.16836666666666666
2021-06-03,Tech,8,0.0864125,0.375,0.25,0.375,0.08251666666666667
2021-06-03,Utilities,5,0.0,0.0,0.0,1.0,0.0
2021-06-04,Comm,11,0.24463636363636362,0.45454545454545453,0.0,0.5454545454545454,0.295435
2021-06-04,Consumer,18,0.12816666666666665,0.3333333333333333,0.05555555555555555,0.6111111111111112,0.11211533333333334
2021-06-04,Energy,6,0.0,0.0,0.0,1.0,0.0
2021-06-04,Financials,8,0.267075,0.5,0.0,0.5,0.3451875
2021-06-04,Healthcare,2,-0.03005,0.0,0.5,0.5,-0.03005
2021-06-04,Industrials,9,0.18631111111111112,0.4444444444444444,0.0,0.5555555555555556,0.17345
2021-06-04,Materials,2,0.0,0.0,0.0,1.0,0.0
2021-06-04,RealEstate,1,0.296,1.0,0.0,0.0,0.296
2021-06-04,Tech,8,0.16210000000000002,0.375,0.0,0.625,0.15014333333333332
2021-06-04,Utilities,2,0.62465,1.0,0.0,0.0,0.62465
2021-06-07,Comm,16,0.089225,0.25,0.0,0.75,0.1335111111111111
2021-06-07,Consumer,24,0.07399583333333333,0.2916666666666667,0.08333333333333333,0.625,0.08687416666666667
2021-06-07,Energy,13,-0.22116153846153844,0.0,0.46153846153846156,0.5384615384615384,-0.2298
2021-06-07,Financials,16,0.1343,0.4375,0.0,0.5625,0.21601809523809523
2021-06-07,Healthcare,7,0.09708571428571429,0.2857142857142857,0.2857142857142857,0.42857142857142855,0.08859999999999998
2021-06-07,Industrials,7,0.18954285714285715,0.42857142857142855,0.14285714285714285,0.42857142857142855,0.28919375
2021-06-07,Materials,9,0.18281111111111112,0.3333333333333333,0.0,0.6666666666666666,0.11035625
2021-06-07,RealEstate,2,0.46645000000000003,1.0,0.0,0.0,0.46645000000000003
2021-06-07,Tech,19,0.2486578947368421,0.5263157894736842,0.05263157894736842,0.42105263157894735,0.234910625
2021-06-08,Comm,7,0.33304285714285714,0.7142857142857143,0.0,0.2857142857142857,0.3534083333333333
2021-06-08,Consumer,17,0.058823529411764705,0.47058823529411764,0.11764705882352941,0.4117647058823529,0.07043583333333334
2021-06-08,Energy,4,0.251525,0.75,0.0,0.25,0.23466666666666666
2021-06-08,Financials,8,0.189425,0.5,0.0,0.5,0.18028333333333335
2021-06-08,Healthcare,4,0.123475,0.25,0.0,0.75,0.123475
2021-06-08,Industrials,5,0.11381999999999999,0.4,0.2,0.4,0.09484999999999999
2021-06-08,Materials,5,0.07224,0.2,0.0,0.8,0.12040000000000001
2021-06-08,Tech,2,0.3763,0.5,0.0,0.5,0.3763
2021-06-08,Utilities,5,0.12498000000000001,0.2,0.0,0.8,0.2083
2021-06-09,Comm,2,0.0,0.0,0.0,1.0,0.0
2021-06-09,Consumer,9,0.03419999999999998,0.3333333333333333,0.2222222222222222,0.4444444444444444,0.12109999999999999
2021-06-09,Energy,11,0.06059090909090909,0.2727272727272727,0.09090909090909091,0.6363636363636364,0.156265
2021-06-09,Financials,11,0.22390909090909092,0.6363636363636364,0.0,0.36363636363636365,0.24672833333333336
2021-06-09,Healthcare,16,-0.05702499999999999,0.125,0.25,0.625,-0.020736363636363633
2021-06-09,Industrials,10,0.056190000000000004,0.3,0.1,0.6,0.1134875
2021-06-09,Materials,1,0.0,0.0,0.0,1.0,0.0
2021-06-09,RealEstate,3,0.0,0.0,0.0,1.0,0.0
2021-06-09,Tech,5,0.12924000000000002,0.6,0.0,0.4,0.09991250000000002
2021-06-09,Utilities,2,0.1366,0.5,0.0,0.5,0.1366
2021-06-10,Comm,16,0.04727500000000001,0.4375,0.25,0.3125,0.06415371428571429
2021-06-10,Consumer,20,0.099315,0.45,0.15,0.4,0.061589500000000005
2021-06-10,Energy,9,0.09996666666666666,0.3333333333333333,0.0,0.6666666666666666,0.12267000000000002
2021-06-10,Financials,13,0.0915076923076923,0.38461538461538464,0.15384615384615385,0.46153846153846156,0.13743333333333335
2021-06-10,Healthcare,10,0.16924999999999998,0.3,0.1,0.6,0.1591
2021-06-10,Industrials,8,0.1442625,0.625,0.0,0.375,0.13849166666666668
2021-06-10,Materials,1,0.0,0.0,0.0,1.0,0.0
2021-06-10,RealEstate,5,0.15928,0.2,0.0,0.8,0.15928
2021-06-10,Tech,18,0.1365722222222222,0.3333333333333333,0.0,0.6666666666666666,0.14963437500000001
2021-06-10,Utilities,1,0.0,0.0,0.0,1.0,0.0
2021-06-11,Comm,8,0.24701250000000002,0.75,0.125,0.125,0.2947416666666667
2021-06-11,Consumer,13,0.041053846153846156,0.23076923076923078,0.0,0.7692307692307693,0.026685000000000004
2021-06-11,Energy,7,0.013028571428571431,0.2857142857142857,0.14285714285714285,0.5714285714285714,0.056425
2021-06-11,Financials,5,0.30934,0.6,0.0,0.4,0.34551666666666664
2021-06-11,Healthcare,9,0.0753888888888889,0.2222222222222222,0.1111111111111111,0.6666666666666666,0.03532291666666666
2021-06-11,Industrials,5,0.4168,0.6,0.0,0.4,0.4711666666666667
2021-06-11,Materials,2,0.0,0.0,0.0,1.0,0.0
2021-06-11,RealEstate,2,0.0,0.0,0.0,1.0,0.0
2021-06-11,Tech,7,0.02717142857142857,0.2857142857142857,0.2857142857142857,0.42857142857142855,-0.007481249999999995
2021-06-11,Utilities,2,0.0,0.0,0.0,1.0,0.0
2021-06-14,Comm,10,0.13637000000000002,0.4,0.2,0.4,0.12615833333333334
2021-06-14,Consumer,21,0.12234285714285714,0.3333333333333333,0.047619047619047616,0.6190476190476191,0.15620126984126986
2021-06-14,Energy,16,0.21124375,0.5,0.0,0.5,0.20434800000000003
2021-06-14,Financials,11,0.01781818181818182,0.09090909090909091,0.09090909090909091,0.8181818181818182,0.027716666666666667
2021-06-14,Healthcare,14,0.16877857142857144,0.42857142857142855,0.07142857142857142,0.5,0.14745833333333333
2021-06-14,Industrials,5,0.06364,0.2,0.0,0.8,0.10606666666666666
2021-06-14,Materials,4,0.254675,0.5,0.0,0.5,0.33956666666666663
2021-06-14,RealEstate,2,-0.0386,0.0,0.5,0.5,-0.0386
2021-06-14,Tech,11,0.038099999999999995,0.36363636363636365,0.18181818181818182,0.45454545454545453,-0.0324175
2021-06-14,Utilities,7,0.20961428571428573,0.7142857142857143,0.0,0.2857142857142857,0.23534166666666667
2021-06-15,Comm,8,0.084725,0.25,0.0,0.75,0.09738
2021-06-15,Consumer,12,0.2863833333333333,0.5833333333333334,0.0,0.4166666666666667,0.23953083333333333
2021-06-15,Energy,13,0.15600769230769232,0.46153846153846156,0.07692307692307693,0.46153846153846156,0.2944116666666667
2021-06-15,Financials,10,0.11162000000000001,0.3,0.0,0.7,0.18226
2021-06-15,Healthcare,5,0.25498,0.6,0.0,0.4,0.26181666666666664
2021-06-15,Industrials,7,-0.019828571428571425,0.14285714285714285,0.14285714285714285,0.7142857142857143,-0.015422222222222219
2021-06-15,Materials,1,0.0,0.0,0.0,1.0,0.0
2021-06-15,RealEstate,2,-0.148,0.0,0.5,0.5,-0.148
2021-06-15,Tech,5,0.0,0.0,0.0,1.0,0.0
2021-06-15,Utilities,1,0.6249,1.0,0.0,0.0,0.6249
2021-06-16,Comm,12,0.280775,0.5833333333333334,0.0,0.4166666666666667,0.280775
2021-06-16,Consumer,20,0.145785,0.45,0.1,0.45,0.09042457142857144
2021-06-16,Energy,14,0.18742142857142857,0.42857142857142855,0.0,0.5714285714285714,0.229142
2021-06-16,Financials,12,-3.333333333333429e-05,0.16666666666666666,0.25,0.5833333333333334,0.01782333333333333
2021-06-16,Healthcare,3,0.0,0.0,0.0,1.0,0.0
2021-06-16,Industrials,6,0.18738333333333335,0.5,0.0,0.5,0.3181916666666667
2021-06-16,Materials,2,0.0,0.0,0.0,1.0,0.0
2021-06-16,RealEstate,5,0.11839999999999999,0.4,0.0,0.6,0.13155555555555556
2021-06-16,Tech,13,0.18192307692307694,0.3076923076923077,0.0,0.6923076923076923,0.13639166666666666
2021-06-16,Utilities,2,0.0,0.0,0.0,1.0,0.0
2021-06-17,Comm,4,0.357525,0.75,0.0,0.25,0.39725000000000005
2021-06-17,Consumer,10,0.09785,0.5,0.1,0.4,0.11824166666666668
2021-06-17,Energy,11,-0.00853636363636364,0.2727272727272727,0.2727272727272727,0.45454545454545453,0.04000833333333333
2021-06-17,Financials,19,0.062257894736842095,0.2631578947368421,0.15789473684210525,0.5789473684210527,0.05872766666666666
2021-06-17,Healthcare,6,0.04526666666666668,0.5,0.16666666666666666,0.3333333333333333,0.09006666666666667
2021-06-17,Industrials,6,0.0,0.0,0.0,1.0,0.0
2021-06-17,Materials,9,0.052833333333333336,0.2222222222222222,0.0,0.7777777777777778,0.044265
2021-06-17,RealEstate,3,0.1589,0.3333333333333333,0.0,0.6666666666666666,0.23835
2021-06-17,Tech,20,-0.03579,0.15,0.2,0.65,-0.029229259259259264
2021-06-17,Utilities,1,0.4019,1.0,0.0,0.0,0.4019
2021-06-18,Comm,4,0.0,0.0,0.0,1.0,0.0
2021-06-18,Consumer,15,0.19566666666666668,0.3333333333333333,0.0,0.6666666666666666,0.268815
2021-06-18,Energy,7,0.1944142857142857,0.42857142857142855,0.14285714285714285,0.42857142857142855,0.116425
2021-06-18,Financials,14,0.13705714285714285,0.35714285714285715,0.07142857142857142,0.5714285714285714,0.12734791666666667
2021-06-18,Healthcare,6,0.27308333333333334,0.8333333333333334,0.0,0.16666666666666666,0.3057166666666667
2021-06-18,Industrials,4,-0.017724999999999998,0.25,0.25,0.5,0.021900000000000003
2021-06-18,Materials,4,0.148,0.5,0.0,0.5,0.148
2021-06-18,RealEstate,4,0.24422500000000003,0.5,0.0,0.5,0.1628166666666667
2021-06-18,Tech,18,0.12189444444444443,0.2777777777777778,0.0,0.7222222222222222,0.09379749999999999
2021-06-18,Utilities,1,0.0,0.0,0.0,1.0,0.0
2021-06-21,Comm,8,0.1746625,0.5,0.125,0.375,0.2879
2021-06-21,Consumer,35,0.03107428571428571,0.2571428571428571,0.2571428571428571,0.4857142857142857,0.030614325396825393
2021-06-21,Energy,25,0.10878399999999999,0.24,0.04,0.72,0.10162749999999998
2021-06-21,Financials,12,0.050125,0.25,0.0,0.75,0.03667666666666667
2021-06-21,Healthcare,12,0.3309166666666667,0.75,0.0,0.25,0.35190333333333335
2021-06-21,Industrials,14,0.1614357142857143,0.35714285714285715,0.0,0.6428571428571429,0.2021833333333333
2021-06-21,Materials,5,0.08092,0.4,0.0,0.6,0.044955555555555554
2021-06-21,Tech,18,0.12132777777777777,0.3888888888888889,0.05555555555555555,0.5555555555555556,0.12927812500000002
2021-06-21,Utilities,9,0.20327777777777778,0.6666666666666666,0.0,0.3333333333333333,0.12572708333333332
2021-06-22,Comm,3,-0.16836666666666664,0.3333333333333333,0.6666666666666666,0.0,-0.26925
2021-06-22,Consumer,13,0.010884615384615394,0.15384615384615385,0.15384615384615385,0.6923076923076923,-0.002868999999999999
2021-06-22,Energy,5,0.21394000000000002,0.6,0.2,0.2,0.1337125
2021-06-22,Financials,12,-0.13670000000000002,0.0,0.4166666666666667,0.5833333333333334,-0.12886875
2021-06-22,Healthcare,2,0.148,0.5,0.0,0.5,0.148
2021-06-22,Industrials,6,-0.02965000000000001,0.16666666666666666,0.16666666666666666,0.6666666666666666,-0.12955000000000003
2021-06-22,Materials,3,0.14049999999999999,0.3333333333333333,0.0,0.6666666666666666,0.105375
2021-06-22,RealEstate,1,-0.2023,0.0,1.0,0.0,-0.2023
2021-06-22,Tech,8,0.1568,0.5,0.125,0.375,0.059400000000000015
2021-06-23,Comm,17,-0.0015764705882352935,0.17647058823529413,0.17647058823529413,0.6470588235294118,-0.004465833333333332
2021-06-23,Consumer,20,0.11206,0.45,0.15,0.4,0.13532316666666666
2021-06-23,Energy,12,0.09575,0.3333333333333333,0.08333333333333333,0.5833333333333334,0.169325
2021-06-23,Financials,13,0.12126153846153846,0.46153846153846156,0.07692307692307693,0.46153846153846156,0.1990875
2021-06-23,Healthcare,3,0.31096666666666667,0.6666666666666666,0.0,0.3333333333333333,0.31096666666666667
2021-06-23,Industrials,5,0.08808,0.2,0.0,0.8,0.0734
2021-06-23,Tech,9,0.09965555555555555,0.3333333333333333,0.1111111111111111,0.5555555555555556,0.09089333333333334
2021-06-23,Utilities,3,-0.06356666666666667,0.3333333333333333,0.6666666666666666,0.0,-0.13797500000000001
2021-06-24,Comm,13,-0.0636846153846154,0.23076923076923078,0.3076923076923077,0.46153846153846156,-0.13738333333333336
2021-06-24,Consumer,24,0.16717083333333335,0.375,0.041666666666666664,0.5833333333333334,0.1748625
2021-06-24,Energy,11,0.10718181818181817,0.36363636363636365,0.0,0.6363636363636364,0.14267166666666667
2021-06-24,Financials,30,0.14802666666666667,0.4,0.0,0.6,0.16315452380952383
2021-06-24,Healthcare,6,0.14643333333333333,0.3333333333333333,0.0,0.6666666666666666,0.14643333333333333
2021-06-24,Industrials,7,0.028900000000000002,0.14285714285714285,0.0,0.8571428571428571,0.022477777777777777
2021-06-24,Materials,4,0.098675,0.25,0.0,0.75,0.098675
2021-06-24,RealEstate,2,-0.1909,0.0,0.5,0.5,-0.1909
2021-06-24,Tech,14,0.23142142857142858,0.6428571428571429,0.0,0.35714285714285715,0.26868333333333333
2021-06-24,Utilities,3,0.48786666666666667,0.6666666666666666,0.0,0.3333333333333333,0.5488500000000001
2021-06-25,Comm,6,0.05488333333333334,0.3333333333333333,0.3333333333333333,0.3333333333333333,0.05488333333333334
2021-06-25,Consumer,33,0.08523030303030303,0.2727272727272727,0.15151515151515152,0.5757575757575758,0.05823883333333334
2021-06-25,Energy,7,0.22451428571428572,0.7142857142857143,0.14285714285714285,0.14285714285714285,0.24453333333333332
2021-06-25,Financials,17,-0.06282941176470588,0.058823529411764705,0.29411764705882354,0.6470588235294118,-0.05013571428571428
2021-06-25,Healthcare,10,0.19014,0.7,0.1,0.2,0.09732600000000001
2021-06-25,Industrials,6,0.08641666666666666,0.3333333333333333,0.3333333333333333,0.3333333333333333,0.02783333333333333
2021-06-25,Materials,4,0.11307500000000001,0.5,0.0,0.5,0.07538333333333334
2021-06-25,RealEstate,2,0.31845,0.5,0.0,0.5,0.31845
2021-06-25,Tech,4,0.5199,1.0,0.0,0.0,0.5199
2021-06-25,Utilities,1,0.7096,1.0,0.0,0.0,0.7096
2021-06-28,Comm,11,0.24934545454545454,0.6363636363636364,0.0,0.36363636363636365,0.241345
2021-06-28,Consumer,27,0.14578148148148148,0.48148148148148145,0.18518518518518517,0.3333333333333333,0.08975714285714284
2021-06-28,Energy,11,-0.03591818181818181,0.45454545454545453,0.36363636363636365,0.18181818181818182,-0.057014999999999996
2021-06-28,Financials,17,0.06958235294117647,0.23529411764705882,0.058823529411764705,0.7058823529411765,0.03969066666666667
2021-06-28,Healthcare,5,0.16774,0.6,0.4,0.0,0.21923333333333336
2021-06-28,Industrials,7,0.25165714285714286,0.5714285714285714,0.0,0.42857142857142855,0.2569
2021-06-28,Materials,2,0.0,0.0,0.0,1.0,0.0
2021-06-28,RealEstate,3,0.06443333333333333,0.3333333333333333,0.3333333333333333,0.3333333333333333,0.06443333333333333
2021-06-28,Tech,15,0.07071999999999999,0.2,0.13333333333333333,0.6666666666666666,0.06652166666666667
2021-06-28,Utilities,4,0.32947499999999996,0.75,0.0,0.25,0.34165
2021-06-29,Comm,2,0.2202,0.5,0.0,0.5,0.2202
2021-06-29,Consumer,13,-0.047569230769230766,0.23076923076923078,0.23076923076923078,0.5384615384615384,-0.024838571428571425
2021-06-29,Energy,9,0.38530000000000003,0.5555555555555556,0.1111111111111111,0.3333333333333333,0.509124
2021-06-29,Financials,28,0.13066428571428573,0.25,0.0,0.75,0.1238875
2021-06-29,Healthcare,8,-0.027575000000000002,0.125,0.25,0.625,0.04899999999999999
2021-06-29,Industrials,6,0.20848333333333335,0.5,0.0,0.5,0.21865
2021-06-29,Materials,1,0.0258,0.0,0.0,1.0,0.0258
2021-06-29,RealEstate,1,0.0,0.0,0.0,1.0,0.0
2021-06-29,Tech,9,0.33513333333333334,0.6666666666666666,0.0,0.3333333333333333,0.33261875
2021-06-29,Utilities,3,0.29583333333333334,0.6666666666666666,0.0,0.3333333333333333,0.29583333333333334
2021-06-30,Comm,14,0.2776142857142857,0.7857142857142857,0.0,0.21428571428571427,0.27759848484848487
2021-06-30,Consumer,20,0.07528500000000002,0.35,0.2,0.45,-0.027970238095238083
2021-06-30,Energy,13,0.11305384615384616,0.5384615384615384,0.07692307692307693,0.38461538461538464,0.10722916666666667
2021-06-30,Financials,23,0.10970869565217391,0.391304347826087,0.17391304347826086,0.43478260869565216,0.04118844444444445
2021-06-30,Healthcare,7,0.18432857142857142,0.42857142857142855,0.0,0.5714285714285714,0.107525
2021-06-30,Industrials,5,0.09152,0.2,0.0,0.8,0.05084444444444444
2021-06-30,RealEstate,2,0.0,0.0,0.0,1.0,0.0
2021-06-30,Tech,13,0.15866153846153846,0.38461538461538464,0.15384615384615385,0.46153846153846156,0.10346444444444447
2021-06-30,Utilities,2,0.24695,0.5,0.0,0.5,0.24695
2021-07-01,Comm,9,0.001966666666666666,0.4444444444444444,0.3333333333333333,0.2222222222222222,0.1842375
2021-07-01,Consumer,13,0.1430153846153846,0.3076923076923077,0.07692307692307693,0.6153846153846154,0.102725
2021-07-01,Energy,18,0.05383333333333334,0.2222222222222222,0.0,0.7777777777777778,0.09315999999999999
2021-07-01,Financials,22,0.08056363636363638,0.22727272727272727,0.13636363636363635,0.6363636363636364,0.18588636363636366
2021-07-01,Healthcare,2,0.148,0.5,0.0,0.5,0.148
2021-07-01,Industrials,7,0.23951428571428574,0.5714285714285714,0.0,0.42857142857142855,0.26194999999999996
2021-07-01,Materials,3,0.06743333333333333,0.3333333333333333,0.0,0.6666666666666666,0.06743333333333333
2021-07-01,RealEstate,7,0.37517142857142854,0.7142857142857143,0.0,0.2857142857142857,0.4983666666666666
2021-07-01,Tech,9,0.1879222222222222,0.7777777777777778,0.1111111111111111,0.1111111111111111,0.16049166666666664
2021-07-01,Utilities,2,0.1366,0.5,0.0,0.5,0.1366
2021-07-02,Comm,5,0.0216,0.4,0.2,0.4,0.0216
2021-07-02,Consumer,9,0.21715555555555557,0.4444444444444444,0.0,0.5555555555555556,0.22595
2021-07-02,Energy,10,0.25172,0.6,0.0,0.4,0.286435
2021-07-02,Financials,14,0.12915000000000001,0.35714285714285715,0.14285714285714285,0.5,0.13009583333333333
2021-07-02,Healthcare,5,0.5733,1.0,0.0,0.0,0.5673375
2021-07-02,Industrials,3,0.01896666666666667,0.3333333333333333,0.3333333333333333,0.3333333333333333,0.01896666666666667
2021-07-02,Materials,1,0.296,1.0,0.0,0.0,0.296
2021-07-02,RealEstate,2,0.61895,1.0,0.0,0.0,0.61895
2021-07-02,Tech,8,-0.07289999999999999,0.125,0.375,0.5,-0.08375555555555557
2021-07-02,Utilities,1,0.2732,1.0,0.0,0.0,0.2732
2021-07-06,Comm,7,0.12828571428571428,0.2857142857142857,0.0,0.7142857142857143,0.056125
2021-07-06,Consumer,19,0.11308421052631579,0.3157894736842105,0.05263157894736842,0.631578947368421,0.12166666666666666
2021-07-06,Energy,7,-0.22015714285714288,0.2857142857142857,0.5714285714285714,0.14285714285714285,-0.09065555555555556
2021-07-06,Financials,19,-0.05804736842105263,0.21052631578947367,0.2631578947368421,0.5263157894736842,-0.079608125
2021-07-06,Healthcare,6,0.05378333333333334,0.16666666666666666,0.16666666666666666,0.6666666666666666,0.03227000000000001
2021-07-06,Industrials,4,0.005025000000000002,0.25,0.25,0.5,0.003350000000000001
2021-07-06,Materials,5,0.013380000000000003,0.4,0.2,0.4,0.0795125
2021-07-06,RealEstate,3,0.296,1.0,0.0,0.0,0.296
2021-07-06,Tech,10,0.28121999999999997,0.8,0.0,0.2,0.2590166666666667
2021-07-06,Utilities,3,0.2952,0.6666666666666666,0.0,0.3333333333333333,0.2214
2021-07-07,Comm,7,0.11394285714285715,0.2857142857142857,0.0,0.7142857142857143,0.07976000000000001
2021-07-07,Consumer,16,0.1197875,0.4375,0.125,0.4375,0.1907725
2021-07-07,Energy,11,0.015700000000000006,0.2727272727272727,0.09090909090909091,0.6363636363636364,0.013188333333333333
2021-07-07,Financials,13,-0.05668461538461537,0.07692307692307693,0.23076923076923078,0.6923076923076923,-0.07503928571428568
2021-07-07,Healthcare,6,0.3030333333333333,0.6666666666666666,0.0,0.3333333333333333,0.3101
2021-07-07,Industrials,4,0.233575,0.5,0.0,0.5,0.31461666666666666
2021-07-07,Materials,1,0.0,0.0,0.0,1.0,0.0
2021-07-07,RealEstate,4,0.285825,0.5,0.0,0.5,0.2882
2021-07-07,Tech,4,0.329275,0.75,0.0,0.25,0.34613333333333335
2021-07-07,Utilities,1,0.296,1.0,0.0,0.0,0.296
2021-07-08,Comm,9,0.09124444444444443,0.5555555555555556,0.2222222222222222,0.2222222222222222,0.205775
2021-07-08,Consumer,7,0.0022999999999999848,0.14285714285714285,0.14285714285714285,0.7142857142857143,0.0016099999999999893
2021-07-08,Energy,14,0.12930714285714287,0.5,0.2857142857142857,0.21428571428571427,0.15350533333333333
2021-07-08,Financials,27,0.05789259259259259,0.3333333333333333,0.18518518518518517,0.48148148148148145,0.04701388888888889
2021-07-08,Healthcare,14,0.05352857142857143,0.35714285714285715,0.2857142857142857,0.35714285714285715,0.07770625
2021-07-08,Industrials,4,0.213625,0.75,0.0,0.25,0.21785
2021-07-08,Materials,5,-0.04887999999999999,0.2,0.2,0.6,-0.061099999999999995
2021-07-08,RealEstate,1,0.0,0.0,0.0,1.0,0.0
2021-07-08,Tech,11,0.1491090909090909,0.18181818181818182,0.0,0.8181818181818182,0.205025
2021-07-08,Utilities,2,0.6348499999999999,1.0,0.0,0.0,0.6348499999999999
2021-07-09,Comm,6,0.2673666666666667,0.6666666666666666,0.0,0.3333333333333333,0.3075888888888889
2021-07-09,Consumer,14,0.08412142857142858,0.2857142857142857,0.07142857142857142,0.6428571428571429,0.09102
2021-07-09,Energy,13,0.17286923076923078,0.6153846153846154,0.0,0.38461538461538464,0.15546
2021-07-09,Financials,24,0.19207916666666666,0.5416666666666666,0.08333333333333333,0.375,0.20595476190476192
2021-07-09,Healthcare,7,0.0,0.0,0.0,1.0,0.0
2021-07-09,Industrials,7,0.08927142857142857,0.14285714285714285,0.0,0.8571428571428571,0.052075
2021-07-09,RealEstate,2,-0.1366,0.0,0.5,0.5,-0.1366
2021-07-09,Tech,6,0.29896666666666666,0.8333333333333334,0.0,0.16666666666666666,0.19395833333333332
2021-07-09,Utilities,2,0.1366,0.5,0.0,0.5,0.1366
2021-07-12,Comm,10,0.08749,0.3,0.1,0.6,0.09792500000000001
2021-07-12,Consumer,19,0.12059473684210527,0.3684210526315789,0.05263157894736842,0.5789473684210527,0.09840222222222222
2021-07-12,Energy,8,0.16746250000000001,0.625,0.25,0.125,0.2513138888888889
2021-07-12,Financials,24,0.11016666666666668,0.2916666666666667,0.041666666666666664,0.6666666666666666,0.15077380952380953
2021-07-12,Healthcare,9,0.13623333333333335,0.4444444444444444,0.1111111111111111,0.4444444444444444,0.09375416666666667
2021-07-12,Industrials,5,0.20373999999999998,0.4,0.0,0.6,0.2759333333333333
2021-07-12,Materials,1,0.3818,1.0,0.0,0.0,0.3818
2021-07-12,RealEstate,1,0.0,0.0,0.0,1.0,0.0
2021-07-12,Tech,16,0.07474375,0.375,0.0625,0.5625,0.13435416666666666
2021-07-12,Utilities,6,0.09106666666666667,0.3333333333333333,0.0,0.6666666666666666,0.09106666666666667
2021-07-13,Comm,10,0.12492,0.3,0.0,0.7,0.11024
2021-07-13,Consumer,18,0.18343888888888887,0.5,0.05555555555555555,0.4444444444444444,0.16199416666666666
2021-07-13,Energy,4,-0.017724999999999998,0.25,0.25,0.5,-0.017724999999999998
2021-07-13,Financials,43,0.18,0.4883720930232558,0.11627906976744186,0.3953488372093023,0.1726121794871795
2021-07-13,Healthcare,5,0.059199999999999996,0.2,0.0,0.8,0.04933333333333333
2021-07-13,Industrials,3,-0.1426,0.0,0.3333333333333333,0.6666666666666666,-0.1426
2021-07-13,Materials,2,0.0,0.0,0.0,1.0,0.0
2021-07-13,RealEstate,1,0.0,0.0,0.0,1.0,0.0
2021-07-13,Tech,5,0.19756,0.4,0.0,0.6,0.16463333333333333
2021-07-13,Utilities,2,0.10455,0.5,0.5,0.0,0.10455
2021-07-14,Comm,7,0.04857142857142858,0.14285714285714285,0.0,0.8571428571428571,0.028333333333333335
2021-07-14,Consumer,14,0.026914285714285707,0.2857142857142857,0.14285714285714285,0.5714285714285714,0.052529000000000006
2021-07-14,Energy,3,0.18213333333333334,0.6666666666666666,0.0,0.3333333333333333,0.2049
2021-07-14,Financials,34,0.19339411764705883,0.4411764705882353,0.14705882352941177,0.4117647058823529,0.16617115384615383
2021-07-14,Healthcare,7,0.11608571428571428,0.14285714285714285,0.0,0.8571428571428571,0.20315
2021-07-14,Industrials,5,0.08808,0.2,0.0,0.8,0.0734
2021-07-14,Materials,1,0.0,0.0,0.0,1.0,0.0
2021-07-14,RealEstate,6,0.033716666666666666,0.16666666666666666,0.0,0.8333333333333334,0.0252875
2021-07-14,Tech,10,0.0811,0.4,0.2,0.4,0.017360000000000004
2021-07-14,Utilities,1,0.34,1.0,0.0,0.0,0.34
2021-07-15,Comm,5,0.08982,0.4,0.0,0.6,0.08392222222222223
2021-07-15,Consumer,21,0.07246190476190476,0.3333333333333333,0.047619047619047616,0.6190476190476191,0.04116083333333333
2021-07-15,Energy,8,0.014037500000000005,0.375,0.25,0.375,0.0035033333333333375
2021-07-15,Financials,35,0.06192571428571429,0.2857142857142857,0.11428571428571428,0.6,0.04679361111111111
2021-07-15,Healthcare,2,-0.07655,0.0,0.5,0.5,-0.07655
2021-07-15,Industrials,4,0.0,0.0,0.0,1.0,0.0
2021-07-15,Materials,2,0.20095,0.5,0.0,0.5,0.20095
2021-07-15,RealEstate,2,0.0,0.0,0.0,1.0,0.0
2021-07-15,Tech,12,-0.006066666666666667,0.08333333333333333,0.25,0.6666666666666666,-0.010980000000000002
2021-07-15,Utilities,1,-0.3182,0.0,1.0,0.0,-0.3182
2021-07-16,Comm,16,0.0533,0.25,0.25,0.5,0.02132
2021-07-16,Consumer,15,0.1401,0.3333333333333333,0.0,0.6666666666666666,0.15410555555555558
2021-07-16,Energy,16,0.029743749999999996,0.25,0.125,0.625,0.09062533333333334
2021-07-16,Financials,16,0.093,0.4375,0.125,0.4375,0.20850000000000002
2021-07-16,Healthcare,1,0.6597,1.0,0.0,0.0,0.6597
2021-07-16,Industrials,3,0.25020000000000003,0.3333333333333333,0.0,0.6666666666666666,0.18765
2021-07-16,Materials,4,0.085,0.25,0.0,0.75,0.11333333333333334
2021-07-16,RealEstate,2,0.0,0.0,0.0,1.0,0.0
2021-07-16,Tech,21,0.15469047619047618,0.3333333333333333,0.09523809523809523,0.5714285714285714,0.09252961538461538
2021-07-16,Utilities,8,0.3256375,0.625,0.0,0.375,0.3231833333333333
2021-07-19,Comm,14,0.19414285714285714,0.5,0.0,0.5,0.27175666666666665
2021-07-19,Consumer,32,-0.022025000000000003,0.25,0.28125,0.46875,0.017716363636363638
2021-07-19,Energy,21,-0.11401904761904762,0.23809523809523808,0.5714285714285714,0.19047619047619047,-0.13666166666666665
2021-07-19,Financials,26,0.020869230769230772,0.23076923076923078,0.2692307692307692,0.5,0.02862844155844156
2021-07-19,Healthcare,10,0.06314,0.5,0.2,0.3,-0.013225000000000004
2021-07-19,Industrials,11,0.05326363636363636,0.18181818181818182,0.09090909090909091,0.7272727272727273,0.0732375
2021-07-19,Materials,6,0.06696666666666666,0.3333333333333333,0.3333333333333333,0.3333333333333333,-0.022716666666666673
2021-07-19,RealEstate,6,-0.09531666666666666,0.0,0.16666666666666666,0.8333333333333334,-0.142975
2021-07-19,Tech,29,-0.07047586206896551,0.2413793103448276,0.3448275862068966,0.41379310344827586,-0.07344434523809523
2021-07-19,Utilities,4,0.110925,0.5,0.25,0.25,0.056833333333333326
2021-07-20,Comm,7,0.35732857142857144,0.5714285714285714,0.14285714285714285,0.2857142857142857,0.40086
2021-07-20,Consumer,12,0.18850833333333336,0.3333333333333333,0.08333333333333333,0.5833333333333334,0.14270500000000003
2021-07-20,Energy,12,0.48438333333333333,0.8333333333333334,0.0,0.16666666666666666,0.43355999999999995
2021-07-20,Financials,24,0.21042916666666667,0.4166666666666667,0.125,0.4583333333333333,0.19368939393939394
2021-07-20,Healthcare,7,-0.014671428571428571,0.0,0.14285714285714285,0.8571428571428571,-0.0128375
2021-07-20,Industrials,1,0.0,0.0,0.0,1.0,0.0
2021-07-20,Materials,3,0.13473333333333334,0.6666666666666666,0.0,0.3333333333333333,0.13473333333333334
2021-07-20,RealEstate,1,0.0,0.0,0.0,1.0,0.0
2021-07-20,Tech,10,0.07837,0.2,0.0,0.8,0.12433749999999999
2021-07-20,Utilities,2,0.1366,0.5,0.0,0.5,0.1366
2021-07-21,Comm,12,0.10183333333333333,0.3333333333333333,0.08333333333333333,0.5833333333333334,-0.027524999999999994
2021-07-21,Consumer,22,0.20448636363636366,0.45454545454545453,0.13636363636363635,0.4090909090909091,0.10402625000000001
2021-07-21,Energy,16,0.27523125,0.625,0.125,0.25,0.29711333333333334
2021-07-21,Financials,17,0.29015882352941175,0.5294117647058824,0.0,0.47058823529411764,0.2810101190476191
2021-07-21,Healthcare,4,0.0,0.0,0.0,1.0,0.0
2021-07-21,Industrials,7,0.14038571428571428,0.42857142857142855,0.0,0.5714285714285714,0.09875
2021-07-21,Materials,8,-0.0617375,0.0,0.125,0.875,-0.054877777777777775
2021-07-21,RealEstate,1,0.0,0.0,0.0,1.0,0.0
2021-07-21,Tech,16,0.12548125,0.375,0.125,0.5,0.09964375
2021-07-21,Utilities,3,-0.10606666666666666,0.0,0.3333333333333333,0.6666666666666666,-0.07955
2021-07-22,Comm,14,0.16965,0.42857142857142855,0.07142857142857142,0.5,0.180665625
2021-07-22,Consumer,18,0.0552,0.16666666666666666,0.1111111111111111,0.7222222222222222,0.04968
2021-07-22,Energy,19,0.10619473684210527,0.2631578947368421,0.0,0.7368421052631579,0.09316333333333333
2021-07-22,Financials,9,0.13835555555555554,0.3333333333333333,0.0,0.6666666666666666,0.24903999999999998
2021-07-22,Healthcare,11,0.030227272727272728,0.18181818181818182,0.18181818181818182,0.6363636363636364,-0.04169642857142857
2021-07-22,Industrials,6,0.18158333333333335,0.5,0.0,0.5,0.09079166666666667
2021-07-22,Materials,10,0.20995,0.4,0.0,0.6,0.11965500000000001
2021-07-22,RealEstate,5,0.059199999999999996,0.2,0.0,0.8,0.148
2021-07-22,Tech,20,0.07311999999999999,0.4,0.2,0.4,0.024883333333333323
2021-07-22,Utilities,5,0.16678,0.4,0.0,0.6,0.10423750000000001
2021-07-23,Comm,18,0.05967777777777778,0.3888888888888889,0.2222222222222222,0.3888888888888889,0.06952083333333332
2021-07-23,Consumer,13,0.17094615384615383,0.46153846153846156,0.07692307692307693,0.46153846153846156,0.14002124999999999
2021-07-23,Energy,18,0.2635777777777778,0.6666666666666666,0.1111111111111111,0.2222222222222222,0.26446833333333336
2021-07-23,Financials,14,0.10167142857142857,0.2857142857142857,0.0,0.7142857142857143,0.10755
2021-07-23,Healthcare,6,0.0,0.0,0.0,1.0,0.0
2021-07-23,Industrials,8,0.155475,0.5,0.0,0.5,0.120925
2021-07-23,Materials,2,0.0,0.0,0.0,1.0,0.0
2021-07-23,Tech,26,0.12156538461538463,0.34615384615384615,0.19230769230769232,0.46153846153846156,-0.04767791666666667
2021-07-23,Utilities,4,0.35235,1.0,0.0,0.0,0.25210000000000005
2021-07-26,Comm,10,0.02393,0.2,0.2,0.6,0.023929999999999996
2021-07-26,Consumer,21,0.12191428571428571,0.38095238095238093,0.14285714285714285,0.47619047619047616,0.08079625000000001
2021-07-26,Energy,11,0.04821818181818183,0.2727272727272727,0.09090909090909091,0.6363636363636364,0.06085666666666666
2021-07-26,Financials,16,0.05449375,0.3125,0.125,0.5625,0.02880357142857142
2021-07-26,Healthcare,6,0.3431166666666667,0.6666666666666666,0.0,0.3333333333333333,0.26276666666666665
2021-07-26,Industrials,14,-0.06612142857142857,0.07142857142857142,0.21428571428571427,0.7142857142857143,-0.051427777777777774
2021-07-26,Materials,5,0.12688000000000002,0.4,0.0,0.6,0.10573333333333335
2021-07-26,RealEstate,2,0.48355,1.0,0.0,0.0,0.48355
2021-07-26,Tech,25,0.097744,0.24,0.12,0.64,0.12623293269230768
2021-07-26,Utilities,9,0.3358111111111111,0.7777777777777778,0.0,0.2222222222222222,0.33912916666666665
2021-07-27,Comm,6,0.12040000000000001,0.3333333333333333,0.0,0.6666666666666666,0.10033333333333334
2021-07-27,Consumer,21,0.1160952380952381,0.3333333333333333,0.14285714285714285,0.5238095238095238,0.13664583333333333
2021-07-27,Energy,1,0.0,0.0,0.0,1.0,0.0
2021-07-27,Financials,17,0.1913235294117647,0.5294117647058824,0.058823529411764705,0.4117647058823529,0.2071327380952381
2021-07-27,Healthcare,8,-0.17425,0.125,0.5,0.375,-0.044074999999999975
2021-07-27,Industrials,31,0.12233548387096774,0.45161290322580644,0.16129032258064516,0.3870967741935484,0.09802751322751323
2021-07-27,Materials,5,0.18474,0.4,0.2,0.4,0.1963
2021-07-27,Tech,30,0.02853666666666667,0.36666666666666664,0.16666666666666666,0.4666666666666667,0.02640319865319865
2021-07-27,Utilities,1,0.0,0.0,0.0,1.0,0.0
2021-07-28,Comm,7,0.08017142857142857,0.2857142857142857,0.14285714285714285,0.5714285714285714,0.06511666666666667
2021-07-28,Consumer,21,0.21028095238095237,0.47619047619047616,0.09523809523809523,0.42857142857142855,0.2084083333333333
2021-07-28,Energy,9,0.16187777777777776,0.6666666666666666,0.2222222222222222,0.1111111111111111,0.18970833333333334
2021-07-28,Financials,21,0.08663333333333333,0.19047619047619047,0.09523809523809523,0.7142857142857143,0.07306316666666665
2021-07-28,Healthcare,7,0.07477142857142859,0.42857142857142855,0.2857142857142857,0.2857142857142857,0.15347083333333336
2021-07-28,Industrials,4,0.23170000000000002,0.5,0.25,0.25,0.34976666666666667
2021-07-28,RealEstate,3,0.09866666666666667,0.3333333333333333,0.0,0.6666666666666666,0.074
2021-07-28,Tech,19,0.16782631578947368,0.47368421052631576,0.0,0.5263157894736842,0.16874523809523811
2021-07-28,Utilities,1,0.0,0.0,0.0,1.0,0.0
2021-07-29,Comm,17,0.15913529411764704,0.35294117647058826,0.058823529411764705,0.5882352941176471,0.14958849206349206
2021-07-29,Consumer,25,0.15729600000000002,0.48,0.08,0.44,0.1990632380952381
2021-07-29,Energy,14,0.054264285714285716,0.21428571428571427,0.14285714285714285,0.6428571428571429,0.08712666666666667
2021-07-29,Financials,6,0.3465833333333333,0.8333333333333334,0.0,0.16666666666666666,0.3149875
2021-07-29,Healthcare,30,0.10398333333333333,0.36666666666666664,0.13333333333333333,0.5,0.09557716666666667
2021-07-29,Industrials,8,0.1302125,0.375,0.0,0.625,0.18498333333333336
2021-07-29,Materials,5,0.22696,0.6,0.2,0.2,0.2584125
2021-07-29,RealEstate,5,-0.068,0.0,0.2,0.8,-0.11333333333333334
2021-07-29,Tech,12,0.08439999999999999,0.5,0.08333333333333333,0.4166666666666667,0.14758541666666666
2021-07-29,Utilities,4,0.123475,0.25,0.0,0.75,0.16463333333333333
2021-07-30,Comm,6,0.03771666666666667,0.16666666666666666,0.0,0.8333333333333334,0.03771666666666667
2021-07-30,Consumer,19,0.020978947368421055,0.3157894736842105,0.15789473684210525,0.5263157894736842,0.041459523809523814
2021-07-30,Energy,19,0.21765789473684213,0.631578947368421,0.05263157894736842,0.3157894736842105,0.21850397727272727
2021-07-30,Financials,3,-0.05146666666666667,0.0,0.6666666666666666,0.3333333333333333,-0.05790000000000001
2021-07-30,Healthcare,10,0.12743,0.3,0.0,0.7,0.08495333333333333
2021-07-30,Industrials,15,0.13823333333333335,0.5333333333333333,0.26666666666666666,0.2,0.11923666666666667
2021-07-30,Materials,1,0.296,1.0,0.0,0.0,0.296
2021-07-30,RealEstate,2,0.0,0.0,0.0,1.0,0.0
2021-07-30,Tech,3,0.27573333333333333,0.6666666666666666,0.0,0.3333333333333333,0.363025
2021-07-30,Utilities,2,0.0,0.0,0.0,1.0,0.0
2021-08-02,Comm,15,0.08188,0.2,0.06666666666666667,0.7333333333333333,0.04980416666666666
2021-08-02,Consumer,17,0.11494117647058823,0.29411764705882354,0.11764705882352941,0.5882352941176471,0.27209696969696967
2021-08-02,Energy,14,0.06989999999999999,0.5,0.14285714285714285,0.35714285714285715,0.040445666666666664
2021-08-02,Financials,18,0.25458333333333333,0.6111111111111112,0.16666666666666666,0.2222222222222222,0.32739666666666667
2021-08-02,Healthcare,14,0.17242142857142856,0.5,0.07142857142857142,0.42857142857142855,0.171493
2021-08-02,Industrials,17,0.09904117647058823,0.4117647058823529,0.11764705882352941,0.47058823529411764,0.13745555555555555
2021-08-02,Materials,2,0.0,0.0,0.0,1.0,0.0
2021-08-02,RealEstate,5,0.07194,0.2,0.0,0.8,0.05995
2021-08-02,Tech,19,0.07122105263157896,0.5263157894736842,0.21052631578947367,0.2631578947368421,0.10725608465608466
2021-08-02,Utilities,5,-0.10611999999999999,0.2,0.4,0.4,-0.15541666666666665
2021-08-03,Comm,20,0.070555,0.5,0.2,0.3,0.13462916666666666
2021-08-03,Consumer,17,0.11549411764705883,0.29411764705882354,0.058823529411764705,0.6470588235294118,0.09278214285714285
2021-08-03,Energy,13,0.19396153846153846,0.5384615384615384,0.15384615384615385,0.3076923076923077,0.24862083333333335
2021-08-03,Financials,10,0.09348000000000001,0.3,0.1,0.6,0.07876
2021-08-03,Healthcare,10,0.16638,0.5,0.0,0.5,0.20198888888888888
2021-08-03,Industrials,2,0.10115,0.5,0.0,0.5,0.10115
2021-08-03,Materials,16,0.1813125,0.625,0.0625,0.3125,0.18770833333333334
2021-08-03,RealEstate,3,0.1953,0.3333333333333333,0.0,0.6666666666666666,0.146475
2021-08-03,Tech,17,0.12199411764705882,0.5882352941176471,0.35294117647058826,0.058823529411764705,0.10389583333333334
2021-08-03,Utilities,1,0.0,0.0,0.0,1.0,0.0
2021-08-04,Comm,16,0.07878750000000001,0.25,0.125,0.625,0.1047625
2021-08-04,Consumer,14,0.03836428571428572,0.2857142857142857,0.14285714285714285,0.5714285714285714,0.0388875
2021-08-04,Energy,8,0.0,0.0,0.0,1.0,0.0
2021-08-04,Financials,13,0.029076923076923077,0.23076923076923078,0.07692307692307693,0.6923076923076923,0.06202
2021-08-04,Healthcare,10,0.22823000000000002,0.4,0.0,0.6,0.14198499999999997
2021-08-04,Industrials,3,0.15796666666666667,0.6666666666666666,0.0,0.3333333333333333,0.15796666666666667
2021-08-04,Materials,4,0.0,0.0,0.0,1.0,0.0
2021-08-04,RealEstate,3,0.0,0.0,0.0,1.0,0.0
2021-08-04,Tech,14,-0.005135714285714279,0.14285714285714285,0.21428571428571427,0.6428571428571429,-0.0504125
2021-08-04,Utilities,2,0.1366,0.5,0.0,0.5,0.1366
2021-08-05,Comm,15,0.033126666666666665,0.06666666666666667,0.06666666666666667,0.8666666666666667,0.07277916666666667
2021-08-05,Consumer,13,0.25358461538461535,0.5384615384615384,0.07692307692307693,0.38461538461538464,0.26166500000000004
2021-08-05,Energy,11,0.0975090909090909,0.2727272727272727,0.18181818181818182,0.5454545454545454,0.09744666666666667
2021-08-05,Financials,20,-0.03815999999999999,0.15,0.3,0.55,-0.04152399999999999
2021-08-05,Healthcare,8,0.21266249999999998,0.5,0.0,0.5,0.1815
2021-08-05,Industrials,10,0.09888999999999999,0.4,0.1,0.5,0.17696875
2021-08-05,Materials,2,0.0,0.0,0.0,1.0,0.0
2021-08-05,Tech,18,0.1228888888888889,0.3888888888888889,0.1111111111111111,0.5,0.10112559523809525
2021-08-05,Utilities,7,0.23031428571428572,0.5714285714285714,0.0,0.42857142857142855,0.17333333333333334
2021-08-06,Comm,6,0.17391666666666664,0.3333333333333333,0.0,0.6666666666666666,0.13043749999999998
2021-08-06,Consumer,12,0.1429,0.3333333333333333,0.0,0.6666666666666666,0.14290000000000003
2021-08-06,Energy,8,0.03815000000000002,0.375,0.375,0.25,0.03108333333333335
2021-08-06,Financials,6,-0.008050000000000002,0.3333333333333333,0.16666666666666666,0.5,0.011077777777777775
2021-08-06,Healthcare,6,0.06363333333333333,0.16666666666666666,0.0,0.8333333333333334,0.09545
2021-08-06,Industrials,4,0.01465000000000001,0.25,0.25,0.5,0.01465000000000001
2021-08-06,Materials,1,0.0,0.0,0.0,1.0,0.0
2021-08-06,RealEstate,4,0.148,0.5,0.0,0.5,0.148
2021-08-06,Tech,13,0.10846923076923076,0.3076923076923077,0.07692307692307693,0.6153846153846154,0.07719000000000001
2021-08-06,Utilities,6,0.2217,0.6666666666666666,0.0,0.3333333333333333,0.166275
2021-08-09,Comm,15,0.17695333333333335,0.4,0.0,0.6,0.14785666666666666
2021-08-09,Consumer,23,0.1568304347826087,0.4782608695652174,0.08695652173913043,0.43478260869565216,0.12404181818181818
2021-08-09,Energy,15,-0.04552666666666665,0.26666666666666666,0.5333333333333333,0.2,-0.02552083333333332
2021-08-09,Financials,15,0.12248,0.4,0.2,0.4,0.20603020833333335
2021-08-09,Healthcare,8,0.1762,0.375,0.0,0.625,0.18340625
2021-08-09,Industrials,5,0.26871999999999996,0.6,0.0,0.4,0.27615555555555554
2021-08-09,Materials,3,0.09106666666666667,0.3333333333333333,0.0,0.6666666666666666,0.09106666666666667
2021-08-09,RealEstate,5,-0.02054,0.0,0.2,0.8,-0.0128375
2021-08-09,Tech,10,0.07027,0.2,0.1,0.7,0.054343749999999996
2021-08-09,Utilities,4,0.31167500000000004,0.75,0.0,0.25,0.2533166666666667
2021-08-10,Comm,11,0.026627272727272732,0.09090909090909091,0.09090909090909091,0.8181818181818182,0.06527916666666667
2021-08-10,Consumer,13,0.07884615384615384,0.23076923076923078,0.0,0.7692307692307693,0.045175
2021-08-10,Energy,11,-0.053472727272727276,0.09090909090909091,0.5454545454545454,0.36363636363636365,-0.08854523809523811
2021-08-10,Financials,13,0.15541538461538462,0.46153846153846156,0.0,0.5384615384615384,0.162755
2021-08-10,Healthcare,7,0.07778571428571428,0.2857142857142857,0.0,0.7142857142857143,0.05863333333333333
2021-08-10,Industrials,7,0.11117142857142857,0.5714285714285714,0.0,0.42857142857142855,0.12112222222222223
2021-08-10,Materials,4,0.0683,0.25,0.0,0.75,0.0683
2021-08-10,RealEstate,3,0.4096333333333333,1.0,0.0,0.0,0.46645000000000003
2021-08-10,Tech,7,0.015128571428571427,0.2857142857142857,0.2857142857142857,0.42857142857142855,0.010589999999999999
2021-08-10,Utilities,3,0.2436,0.6666666666666666,0.0,0.3333333333333333,0.2436
2021-08-11,Comm,4,0.07400000000000004,0.5,0.5,0.0,-0.059833333333333315
2021-08-11,Consumer,10,0.029599999999999998,0.2,0.1,0.7,0.0622875
2021-08-11,Energy,11,0.14014545454545455,0.6363636363636364,0.0,0.36363636363636365,0.14515833333333333
2021-08-11,Financials,12,0.10385833333333333,0.25,0.0,0.75,0.10385833333333334
2021-08-11,Healthcare,4,0.2394,0.75,0.0,0.25,0.20126666666666668
2021-08-11,Industrials,13,0.14476923076923076,0.6153846153846154,0.07692307692307693,0.3076923076923077,-0.08194250000000002
2021-08-11,Materials,10,0.12054999999999998,0.7,0.2,0.1,-0.21076111111111112
2021-08-11,RealEstate,2,0.4393,1.0,0.0,0.0,0.4393
2021-08-11,Tech,2,0.0,0.0,0.0,1.0,0.0
2021-08-11,Utilities,3,0.09106666666666667,0.3333333333333333,0.0,0.6666666666666666,0.0683
2021-08-12,Comm,13,0.23105384615384617,0.5384615384615384,0.07692307692307693,0.38461538461538464,0.2661266666666667
2021-08-12,Consumer,28,0.04982857142857144,0.21428571428571427,0.03571428571428571,0.75,0.06666250000000001
2021-08-12,Energy,8,0.01905,0.25,0.0,0.75,0.022860000000000002
2021-08-12,Financials,18,0.1419,0.3888888888888889,0.0,0.6111111111111112,0.17793285714285714
2021-08-12,Healthcare,5,0.25476,0.4,0.0,0.6,0.2388375
2021-08-12,Industrials,2,0.0,0.0,0.0,1.0,0.0
2021-08-12,Materials,3,0.13396666666666665,0.3333333333333333,0.0,0.6666666666666666,0.13396666666666665
2021-08-12,RealEstate,1,0.296,1.0,0.0,0.0,0.296
2021-08-12,Tech,5,0.34224,0.6,0.0,0.4,0.3098666666666667
2021-08-12,Utilities,3,0.08036666666666667,0.3333333333333333,0.0,0.6666666666666666,0.060275
2021-08-13,Comm,6,0.24283333333333335,0.6666666666666666,0.0,0.3333333333333333,0.23151666666666668
2021-08-13,Consumer,35,0.17837999999999998,0.4,0.08571428571428572,0.5142857142857142,0.30790592105263154
2021-08-13,Energy,7,0.04228571428571428,0.14285714285714285,0.0,0.8571428571428571,0.024666666666666667
2021-08-13,Financials,12,0.09328333333333333,0.25,0.0,0.75,0.07833541666666666
2021-08-13,Healthcare,4,0.13935,0.25,0.0,0.75,0.1858
2021-08-13,Industrials,3,-0.09866666666666667,0.0,0.3333333333333333,0.6666666666666666,-0.074
2021-08-13,Materials,2,0.0,0.0,0.0,1.0,0.0
2021-08-13,Tech,8,0.0417625,0.25,0.125,0.625,0.038825
2021-08-13,Utilities,5,0.31900000000000006,0.8,0.0,0.2,0.243
2021-08-16,Comm,13,-0.08275384615384615,0.15384615384615385,0.23076923076923078,0.6153846153846154,0.04236160714285715
2021-08-16,Consumer,39,0.07811538461538461,0.3076923076923077,0.10256410256410256,0.5897435897435898,0.06066973684210526
2021-08-16,Energy,18,0.056183333333333335,0.2777777777777778,0.2222222222222222,0.5,0.05001428571428572
2021-08-16,Financials,16,0.098225,0.375,0.0625,0.5625,0.08007916666666667
2021-08-16,Healthcare,13,0.1673846153846154,0.46153846153846156,0.0,0.5384615384615384,0.09712799999999999
2021-08-16,Industrials,10,0.12816999999999998,0.5,0.1,0.4,0.05903124999999998
2021-08-16,Materials,6,0.033716666666666666,0.16666666666666666,0.0,0.8333333333333334,0.04046
2021-08-16,RealEstate,5,0.11896,0.6,0.4,0.0,0.0549625
2021-08-16,Tech,10,0.04576,0.1,0.0,0.9,0.03813333333333333
2021-08-16,Utilities,8,0.1642375,0.5,0.125,0.375,0.14350416666666668
2021-08-17,Comm,5,0.1275,0.2,0.0,0.8,0.159375
2021-08-17,Consumer,32,0.03788125,0.3125,0.25,0.4375,0.06253759259259259
2021-08-17,Energy,14,-0.12044285714285714,0.14285714285714285,0.42857142857142855,0.42857142857142855,-0.153445
2021-08-17,Financials,18,-0.0026000000000000003,0.2222222222222222,0.3888888888888889,0.3888888888888889,0.029631964285714282
2021-08-17,Healthcare,6,0.2664,0.8333333333333334,0.16666666666666666,0.0,0.25926
2021-08-17,Industrials,3,0.1858,0.3333333333333333,0.0,0.6666666666666666,0.1858
2021-08-17,Materials,2,0.35875,1.0,0.0,0.0,0.35875
2021-08-17,RealEstate,1,0.296,1.0,0.0,0.0,0.296
2021-08-17,Tech,10,-0.033030000000000004,0.0,0.2,0.8,-0.02628666666666667
2021-08-17,Utilities,1,0.296,1.0,0.0,0.0,0.296
2021-08-18,Comm,14,-0.05080714285714286,0.14285714285714285,0.2857142857142857,0.5714285714285714,-0.07764553571428572
2021-08-18,Consumer,17,0.0655235294117647,0.35294117647058826,0.17647058823529413,0.47058823529411764,0.08743937500000001
2021-08-18,Energy,16,-0.028943750000000004,0.1875,0.3125,0.5,0.017855
2021-08-18,Financials,13,0.021769230769230756,0.3076923076923077,0.3076923076923077,0.38461538461538464,0.11029375
2021-08-18,Healthcare,7,0.2493857142857143,0.42857142857142855,0.0,0.5714285714285714,0.31467500000000004
2021-08-18,Industrials,8,-0.09202500000000001,0.375,0.5,0.125,-0.03160000000000002
2021-08-18,Materials,3,0.2049,0.6666666666666666,0.3333333333333333,0.0,0.2049
2021-08-18,RealEstate,4,0.411375,0.75,0.0,0.25,0.46618333333333334
2021-08-18,Tech,28,0.14433928571428573,0.4642857142857143,0.10714285714285714,0.42857142857142855,0.30077175
2021-08-19,Comm,7,0.09505714285714285,0.42857142857142855,0.2857142857142857,0.2857142857142857,0.082035
2021-08-19,Consumer,11,0.22660909090909093,0.45454545454545453,0.09090909090909091,0.45454545454545453,0.16972777777777778
2021-08-19,Energy,17,0.06158235294117648,0.47058823529411764,0.17647058823529413,0.35294117647058826,0.11424880952380952
2021-08-19,Financials,13,0.1649153846153846,0.6153846153846154,0.0,0.38461538461538464,0.19498749999999998
2021-08-19,Healthcare,2,0.07144999999999999,0.5,0.5,0.0,0.07144999999999999
2021-08-19,Industrials,3,0.14049999999999999,0.3333333333333333,0.0,0.6666666666666666,0.105375
2021-08-19,Materials,5,-0.03062,0.0,0.2,0.8,-0.02551666666666667
2021-08-19,RealEstate,1,0.25,1.0,0.0,0.0,0.25
2021-08-19,Tech,27,0.0920888888888889,0.25925925925925924,0.07407407407407407,0.6666666666666666,0.0635257142857143
2021-08-20,Comm,9,0.08574444444444446,0.1111111111111111,0.0,0.8888888888888888,0.04287222222222223
2021-08-20,Consumer,13,0.1100076923076923,0.38461538461538464,0.0,0.6153846153846154,0.175735
2021-08-20,Energy,8,-0.31947499999999995,0.125,0.5,0.375,-0.30306666666666665
2021-08-20,Financials,6,-0.10994999999999999,0.0,0.16666666666666666,0.8333333333333334,-0.07329999999999999
2021-08-20,Healthcare,2,0.17,0.5,0.0,0.5,0.17
2021-08-20,Industrials,5,-0.31379999999999997,0.0,0.4,0.6,-0.2615
2021-08-20,Materials,2,0.02034999999999998,0.5,0.5,0.0,0.02034999999999998
2021-08-20,RealEstate,1,0.296,1.0,0.0,0.0,0.296
2021-08-20,Tech,17,-0.1678764705882353,0.0,0.35294117647058826,0.6470588235294118,-0.09684999999999999
2021-08-20,Utilities,3,0.5144333333333333,1.0,0.0,0.0,0.5144333333333333
2021-08-23,Comm,10,0.1835,0.5,0.1,0.4,0.21510166666666666
2021-08-23,Consumer,24,0.04766666666666666,0.3333333333333333,0.16666666666666666,0.5,0.031409285714285716
2021-08-23,Energy,32,0.207553125,0.5625,0.125,0.3125,0.09965530303030304
2021-08-23,Financials,14,0.17100714285714286,0.5,0.14285714285714285,0.35714285714285715,0.17448
2021-08-23,Healthcare,5,0.016739999999999998,0.2,0.2,0.6,-0.0293125
2021-08-23,Industrials,6,0.3266166666666666,0.6666666666666666,0.0,0.3333333333333333,0.24468888888888887
2021-08-23,Materials,6,0.15521666666666667,0.5,0.0,0.5,0.11132500000000001
2021-08-23,RealEstate,1,-0.1027,0.0,1.0,0.0,-0.1027
2021-08-23,Tech,17,0.1987764705882353,0.6470588235294118,0.0,0.35294117647058826,0.1289818181818182
2021-08-23,Utilities,5,-0.027879999999999995,0.2,0.4,0.4,-0.006933333333333329
2021-08-24,Comm,5,0.2307,0.4,0.0,0.6,0.29965555555555556
2021-08-24,Consumer,13,0.05133076923076923,0.15384615384615385,0.07692307692307693,0.7692307692307693,0.023832142857142857
2021-08-24,Energy,12,0.006191666666666665,0.3333333333333333,0.25,0.4166666666666667,0.006183333333333332
2021-08-24,Financials,13,0.15989230769230767,0.38461538461538464,0.0,0.6153846153846154,0.12511250000000002
2021-08-24,Healthcare,5,0.20728,0.6,0.0,0.4,0.23443333333333335
2021-08-24,Industrials,6,0.19853333333333334,0.5,0.3333333333333333,0.16666666666666666,0.27225
2021-08-24,Materials,1,0.0,0.0,0.0,1.0,0.0
2021-08-24,RealEstate,1,0.296,1.0,0.0,0.0,0.296
2021-08-24,Tech,22,0.026249999999999996,0.22727272727272727,0.3181818181818182,0.45454545454545453,0.016232275132275133
2021-08-24,Utilities,7,-0.0768,0.2857142857142857,0.42857142857142855,0.2857142857142857,-0.07744444444444444
2021-08-25,Comm,2,0.2202,0.5,0.0,0.5,0.2202
2021-08-25,Consumer,22,0.2175090909090909,0.45454545454545453,0.0,0.5454545454545454,0.15511708333333332
2021-08-25,Energy,3,0.09106666666666667,0.3333333333333333,0.0,0.6666666666666666,0.0683
2021-08-25,Financials,6,0.1769666666666667,0.5,0.0,0.5,0.2689333333333333
2021-08-25,Healthcare,8,0.0327125,0.125,0.0,0.875,0.05234
2021-08-25,Industrials,6,0.09075,0.3333333333333333,0.0,0.6666666666666666,0.0605
2021-08-25,Materials,2,0.0,0.0,0.0,1.0,0.0
2021-08-25,RealEstate,3,0.2516,0.6666666666666666,0.0,0.3333333333333333,0.3034
2021-08-25,Tech,17,0.016070588235294118,0.058823529411764705,0.0,0.9411764705882353,0.017075
2021-08-25,Utilities,2,0.0116,0.5,0.5,0.0,0.0116
2021-08-26,Comm,7,0.23767142857142856,0.5714285714285714,0.0,0.42857142857142855,0.23911666666666664
2021-08-26,Consumer,19,0.11396842105263155,0.42105263157894735,0.15789473684210525,0.42105263157894735,0.12436049999999998
2021-08-26,Energy,14,0.016250000000000004,0.21428571428571427,0.21428571428571427,0.5714285714285714,0.055644000000000006
2021-08-26,Financials,10,-0.12625,0.0,0.3,0.7,-0.0505
2021-08-26,Healthcare,5,0.14174000000000003,0.6,0.2,0.2,0.043125000000000024
2021-08-26,Industrials,5,0.0,0.0,0.0,1.0,0.0
2021-08-26,Materials,1,0.296,1.0,0.0,0.0,0.296
2021-08-26,Tech,12,0.28785,0.4166666666666667,0.0,0.5833333333333334,0.313285
2021-08-27,Comm,9,0.4058777777777778,0.7777777777777778,0.0,0.2222222222222222,0.4492125
2021-08-27,Consumer,15,0.2133733333333333,0.4666666666666667,0.0,0.5333333333333333,0.09698787878787878
2021-08-27,Energy,16,-0.0145875,0.125,0.25,0.625,0.003168749999999998
2021-08-27,Financials,13,0.09975384615384617,0.3076923076923077,0.07692307692307693,0.6153846153846154,0.09860000000000001
2021-08-27,Healthcare,9,0.1927333333333333,0.5555555555555556,0.2222222222222222,0.2222222222222222,0.24405416666666666
2021-08-27,Industrials,10,0.23264,0.7,0.0,0.3,0.23790416666666664
2021-08-27,Materials,3,0.16463333333333333,0.3333333333333333,0.0,0.6666666666666666,0.24695
2021-08-27,RealEstate,3,0.06743333333333333,0.3333333333333333,0.0,0.6666666666666666,0.050575
2021-08-27,Tech,18,-0.009455555555555557,0.2777777777777778,0.2777777777777778,0.4444444444444444,-0.013375000000000005
2021-08-27,Utilities,1,0.0,0.0,0.0,1.0,0.0
2021-08-30,Comm,12,0.11335,0.25,0.0,0.75,0.1262525
2021-08-30,Consumer,21,0.1432238095238095,0.47619047619047616,0.09523809523809523,0.42857142857142855,0.15870595238095236
2021-08-30,Energy,14,-0.17675,0.14285714285714285,0.5714285714285714,0.2857142857142857,-0.1371757142857143
2021-08-30,Financials,2,0.10115,0.5,0.0,0.5,0.10115
2021-08-30,Healthcare,9,0.32135555555555556,0.5555555555555556,0.0,0.4444444444444444,0.24538333333333337
2021-08-30,Industrials,6,0.09301666666666668,0.5,0.0,0.5,0.06201111111111112
2021-08-30,Materials,4,0.13935,0.25,0.0,0.75,0.13935
2021-08-30,RealEstate,3,-0.0353,0.3333333333333333,0.3333333333333333,0.3333333333333333,-0.0353
2021-08-30,Tech,22,0.35512727272727274,0.8181818181818182,0.045454545454545456,0.13636363636363635,0.33759833333333333
2021-08-30,Utilities,5,0.34306000000000003,0.8,0.0,0.2,0.36600000000000005
2021-08-31,Comm,4,0.121975,0.5,0.25,0.25,0.08131666666666666
2021-08-31,Consumer,21,0.07294761904761905,0.2857142857142857,0.09523809523809523,0.6190476190476191,0.06124047619047619
2021-08-31,Energy,18,0.04473888888888889,0.4444444444444444,0.16666666666666666,0.3888888888888889,0.08014733333333332
2021-08-31,Financials,11,0.21183636363636363,0.5454545454545454,0.0,0.45454545454545453,0.19934107142857144
2021-08-31,Healthcare,9,-0.04242222222222222,0.0,0.1111111111111111,0.8888888888888888,-0.01909
2021-08-31,Industrials,5,0.30300000000000005,0.6,0.0,0.4,0.316875
2021-08-31,Materials,4,0.085,0.25,0.0,0.75,0.05666666666666667
2021-08-31,RealEstate,2,0.0,0.0,0.0,1.0,0.0
2021-08-31,Tech,10,-0.010860000000000003,0.1,0.2,0.7,-0.02590833333333334
2021-08-31,Utilities,4,-0.1366,0.0,0.5,0.5,-0.1366
2021-09-01,Consumer,16,0.19679375000000002,0.5625,0.0625,0.375,0.24788095238095237
2021-09-01,Energy,18,-0.10850555555555556,0.2777777777777778,0.3888888888888889,0.3333333333333333,-0.07845297619047618
2021-09-01,Financials,11,0.11482727272727274,0.36363636363636365,0.0,0.6363636363636364,0.10151874999999999
2021-09-01,Healthcare,16,0.06835000000000001,0.3125,0.0625,0.625,0.08912083333333333
2021-09-01,Industrials,2,0.0,0.0,0.0,1.0,0.0
2021-09-01,Materials,1,0.0,0.0,0.0,1.0,0.0
2021-09-01,RealEstate,1,0.2732,1.0,0.0,0.0,0.2732
2021-09-01,Tech,5,0.07972000000000001,0.4,0.2,0.4,-0.040555555555555546
2021-09-01,Utilities,5,0.28834,0.8,0.2,0.0,0.1733
2021-09-02,Comm,8,0.1220625,0.375,0.0,0.625,0.05425
2021-09-02,Consumer,14,0.04382142857142857,0.21428571428571427,0.07142857142857142,0.7142857142857143,-0.014074166666666672
2021-09-02,Energy,35,0.2186342857142857,0.6285714285714286,0.02857142857142857,0.34285714285714286,0.2158341794871795
2021-09-02,Financials,20,0.17472,0.5,0.05,0.45,0.18016066666666666
2021-09-02,Healthcare,11,0.15243636363636365,0.36363636363636365,0.0,0.6363636363636364,0.13973333333333332
2021-09-02,Industrials,4,0.09672499999999999,0.25,0.25,0.5,0.007816666666666658
2021-09-02,Materials,2,0.0,0.0,0.0,1.0,0.0
2021-09-02,Tech,7,0.3163571428571429,0.7142857142857143,0.14285714285714285,0.14285714285714285,0.3245375
2021-09-02,Utilities,2,0.29569999999999996,1.0,0.0,0.0,0.29569999999999996
2021-09-03,Comm,6,0.22296666666666667,0.5,0.0,0.5,0.31587777777777776
2021-09-03,Consumer,15,0.20858666666666667,0.5333333333333333,0.0,0.4666666666666667,0.25585833333333335
2021-09-03,Energy,17,0.02686470588235294,0.5294117647058824,0.17647058823529413,0.29411764705882354,0.13723348214285716
2021-09-03,Financials,10,0.13394,0.4,0.0,0.6,0.09166666666666667
2021-09-03,Industrials,9,0.03136666666666666,0.3333333333333333,0.2222222222222222,0.4444444444444444,0.03136666666666666
2021-09-03,RealEstate,1,0.0516,1.0,0.0,0.0,0.0516
2021-09-03,Tech,11,0.15663636363636363,0.45454545454545453,0.0,0.5454545454545454,0.22229166666666667
2021-09-03,Utilities,1,0.0,0.0,0.0,1.0,0.0
2021-09-07,Comm,11,0.22112727272727276,0.45454545454545453,0.09090909090909091,0.45454545454545453,0.23976666666666668
2021-09-07,Consumer,26,0.13997307692307692,0.4230769230769231,0.07692307692307693,0.5,0.19995857142857143
2021-09-07,Energy,19,0.07798421052631578,0.42105263157894735,0.2631578947368421,0.3157894736842105,0.20011433333333334
2021-09-07,Financials,19,0.08009473684210526,0.42105263157894735,0.2631578947368421,0.3157894736842105,-0.06371250000000002
2021-09-07,Healthcare,14,0.0008928571428571555,0.2857142857142857,0.35714285714285715,0.35714285714285715,0.2293216666666667
2021-09-07,Industrials,10,0.18571999999999997,0.4,0.0,0.6,0.19976
2021-09-07,Materials,3,0.13396666666666665,0.3333333333333333,0.0,0.6666666666666666,0.13396666666666665
2021-09-07,RealEstate,9,0.15403333333333333,0.5555555555555556,0.0,0.4444444444444444,0.152525
2021-09-07,Tech,24,0.18700416666666667,0.4166666666666667,0.041666666666666664,0.5416666666666666,0.1948952380952381
2021-09-07,Utilities,8,0.044875,0.25,0.125,0.625,0.057208333333333326
2021-09-08,Comm,10,0.22317,0.4,0.0,0.6,0.16150208333333332
2021-09-08,Consumer,22,0.11352727272727274,0.3181818181818182,0.045454545454545456,0.6363636363636364,0.103635
2021-09-08,Energy,19,0.08396842105263158,0.21052631578947367,0.2631578947368421,0.5263157894736842,0.12153928571428572
2021-09-08,Financials,13,0.11055384615384616,0.3076923076923077,0.0,0.6923076923076923,0.16177000000000002
2021-09-08,Healthcare,12,-0.03521666666666667,0.08333333333333333,0.08333333333333333,0.8333333333333334,-0.02143
2021-09-08,Industrials,6,0.24326666666666666,0.6666666666666666,0.0,0.3333333333333333,0.2609111111111111
2021-09-08,Materials,6,-0.12973333333333334,0.0,0.3333333333333333,0.6666666666666666,-0.17906666666666668
2021-09-08,RealEstate,3,0.055733333333333336,0.3333333333333333,0.3333333333333333,0.3333333333333333,0.041800000000000004
2021-09-08,Tech,13,0.12556923076923077,0.3076923076923077,0.0,0.6923076923076923,0.1008625
2021-09-08,Utilities,2,0.0,0.0,0.0,1.0,0.0
2021-09-09,Comm,26,-0.15451153846153845,0.15384615384615385,0.5769230769230769,0.2692307692307692,-0.07891285714285715
2021-09-09,Consumer,17,0.07236470588235294,0.35294117647058826,0.23529411764705882,0.4117647058823529,0.06483666666666667
2021-09-09,Energy,20,0.18974000000000002,0.6,0.15,0.25,0.30797942857142857
2021-09-09,Financials,22,-0.09960454545454546,0.18181818181818182,0.5,0.3181818181818182,-0.03893500000000001
2021-09-09,Healthcare,17,-0.012041176470588225,0.11764705882352941,0.17647058823529413,0.7058823529411765,0.008284523809523818
2021-09-09,Industrials,2,0.0,0.0,0.0,1.0,0.0
2021-09-09,Materials,2,-0.07694999999999999,0.5,0.5,0.0,-0.07694999999999999
2021-09-09,RealEstate,1,0.0,0.0,0.0,1.0,0.0
2021-09-09,Tech,13,0.15821538461538462,0.46153846153846156,0.0,0.5384615384615384,0.18947166666666665
2021-09-10,Comm,9,0.10686666666666667,0.4444444444444444,0.1111111111111111,0.4444444444444444,0.09053749999999999
2021-09-10,Consumer,17,0.26221764705882356,0.5882352941176471,0.058823529411764705,0.35294117647058826,0.18865250000000003
2021-09-10,Energy,14,-0.05847857142857143,0.07142857142857142,0.2857142857142857,0.6428571428571429,-0.03781875
2021-09-10,Financials,11,-0.0551181818181818,0.09090909090909091,0.2727272727272727,0.6363636363636364,-0.1299958333333333
2021-09-10,Healthcare,4,-0.07955,0.0,0.25,0.75,-0.05303333333333333
2021-09-10,Industrials,7,-0.0353,0.2857142857142857,0.2857142857142857,0.42857142857142855,-0.0308875
2021-09-10,Materials,2,0.0,0.0,0.0,1.0,0.0
2021-09-10,RealEstate,4,0.3982,0.5,0.0,0.5,0.2654666666666667
2021-09-10,Tech,16,-0.05499375000000001,0.1875,0.4375,0.375,-0.10527333333333336
2021-09-10,Utilities,3,0.28636666666666666,0.6666666666666666,0.0,0.3333333333333333,0.36124999999999996
2021-09-13,Comm,13,0.25754615384615387,0.6153846153846154,0.0,0.38461538461538464,0.24411571428571427
2021-09-13,Consumer,27,0.15585185185185185,0.37037037037037035,0.07407407407407407,0.5555555555555556,0.1336848051948052
2021-09-13,Energy,17,0.16055882352941178,0.47058823529411764,0.35294117647058826,0.17647058823529413,0.0803450892857143
2021-09-13,Financials,18,0.07018888888888888,0.3333333333333333,0.2222222222222222,0.4444444444444444,0.05995833333333333
2021-09-13,Healthcare,23,0.26134347826086957,0.5652173913043478,0.043478260869565216,0.391304347826087,0.26873111111111114
2021-09-13,Industrials,7,0.10609999999999999,0.2857142857142857,0.14285714285714285,0.5714285714285714,0.10145555555555556
2021-09-13,Materials,8,0.076475,0.375,0.125,0.5,0.07007333333333333
2021-09-13,RealEstate,8,0.0,0.0,0.0,1.0,0.0
2021-09-13,Tech,22,0.06575454545454545,0.22727272727272727,0.09090909090909091,0.6818181818181818,0.05269966666666666
2021-09-13,Utilities,4,0.185475,0.5,0.0,0.5,0.12365
2021-09-14,Comm,18,0.08936666666666666,0.2777777777777778,0.0,0.7222222222222222,0.16030416666666666
2021-09-14,Consumer,17,0.18785882352941177,0.4117647058823529,0.17647058823529413,0.4117647058823529,0.15592833333333334
2021-09-14,Energy,9,0.024622222222222226,0.2222222222222222,0.1111111111111111,0.6666666666666666,-0.0366875
2021-09-14,Financials,11,0.04815454545454546,0.2727272727272727,0.2727272727272727,0.45454545454545453,0.133525
2021-09-14,Healthcare,3,0.2865,0.6666666666666666,0.0,0.3333333333333333,0.31535
2021-09-14,Industrials,5,0.059199999999999996,0.2,0.0,0.8,0.03288888888888889
2021-09-14,Materials,3,0.12726666666666667,0.3333333333333333,0.0,0.6666666666666666,0.12726666666666667
2021-09-14,RealEstate,3,0.34040000000000004,0.6666666666666666,0.0,0.3333333333333333,0.34040000000000004
2021-09-14,Tech,11,0.2320909090909091,0.5454545454545454,0.0,0.45454545454545453,0.194275
2021-09-14,Utilities,3,0.0,0.0,0.0,1.0,0.0
2021-09-15,Comm,11,-0.03308181818181818,0.18181818181818182,0.2727272727272727,0.5454545454545454,0.007855000000000001
2021-09-15,Consumer,25,0.026716000000000004,0.12,0.12,0.76,0.02382
2021-09-15,Energy,11,-0.06409090909090909,0.2727272727272727,0.45454545454545453,0.2727272727272727,-0.04296333333333333
2021-09-15,Financials,19,0.12185789473684211,0.47368421052631576,0.10526315789473684,0.42105263157894735,0.19832333333333335
2021-09-15,Healthcare,12,0.21185,0.5,0.0,0.5,0.17227708333333336
2021-09-15,Industrials,4,0.065925,0.25,0.25,0.5,-0.016250000000000004
2021-09-15,RealEstate,4,0.0,0.0,0.0,1.0,0.0
2021-09-15,Tech,18,0.12048333333333335,0.5,0.1111111111111111,0.3888888888888889,0.08303035714285714
2021-09-15,Utilities,4,0.5488500000000001,0.75,0.0,0.25,0.5488500000000001
2021-09-16,Comm,12,-0.003933333333333335,0.16666666666666666,0.16666666666666666,0.6666666666666666,0.007449999999999991
2021-09-16,Consumer,15,0.07406666666666667,0.3333333333333333,0.26666666666666666,0.4,-0.022213999999999994
2021-09-16,Energy,7,-0.07832857142857143,0.14285714285714285,0.14285714285714285,0.7142857142857143,-0.036553333333333334
2021-09-16,Financials,8,0.0795,0.25,0.0,0.75,0.12200000000000001
2021-09-16,Healthcare,10,0.17942,0.4,0.1,0.5,0.23729999999999998
2021-09-16,Industrials,4,0.100475,0.25,0.0,0.75,0.06698333333333333
2021-09-16,Materials,3,0.19733333333333333,0.6666666666666666,0.0,0.3333333333333333,0.148
2021-09-16,RealEstate,3,0.023500000000000004,0.6666666666666666,0.3333333333333333,0.0,0.023500000000000004
2021-09-16,Tech,8,0.196275,0.5,0.0,0.5,0.20064333333333334
2021-09-16,Utilities,3,0.17020000000000002,0.3333333333333333,0.0,0.6666666666666666,0.17020000000000002
2021-09-17,Comm,17,0.08480000000000001,0.29411764705882354,0.058823529411764705,0.6470588235294118,0.06530428571428572
2021-09-17,Consumer,14,0.13947142857142855,0.42857142857142855,0.21428571428571427,0.35714285714285715,0.25651666666666667
2021-09-17,Energy,3,0.15253333333333333,0.3333333333333333,0.0,0.6666666666666666,0.15253333333333333
2021-09-17,Financials,12,0.13570833333333335,0.3333333333333333,0.0,0.6666666666666666,0.13742666666666667
2021-09-17,Healthcare,9,0.04329999999999999,0.2222222222222222,0.1111111111111111,0.6666666666666666,0.034284999999999996
2021-09-17,Industrials,2,0.0,0.0,0.0,1.0,0.0
2021-09-17,Materials,6,0.1531,0.3333333333333333,0.0,0.6666666666666666,0.21330000000000002
2021-09-17,RealEstate,4,0.0,0.0,0.0,1.0,0.0
2021-09-17,Tech,10,0.04975,0.3,0.3,0.4,-0.004446666666666654
2021-09-17,Utilities,1,-0.3182,0.0,1.0,0.0,-0.3182
2021-09-20,Comm,24,0.25228333333333336,0.5416666666666666,0.0,0.4583333333333333,0.3034075757575757
2021-09-20,Consumer,33,0.16979393939393939,0.45454545454545453,0.030303030303030304,0.5151515151515151,0.1654626153846154
2021-09-20,Energy,14,0.09412857142857144,0.5,0.21428571428571427,0.2857142857142857,0.06743625
2021-09-20,Financials,20,-0.1045,0.05,0.45,0.5,-0.0891647619047619
2021-09-20,Healthcare,21,0.03835714285714287,0.42857142857142855,0.23809523809523808,0.3333333333333333,0.06995133333333335
2021-09-20,Industrials,11,-0.03357272727272727,0.09090909090909091,0.36363636363636365,0.5454545454545454,-0.0031624999999999917
2021-09-20,Materials,11,0.2677818181818182,0.6363636363636364,0.0,0.36363636363636365,0.1570125
2021-09-20,RealEstate,6,0.09765,0.16666666666666666,0.0,0.8333333333333334,0.0732375
2021-09-20,Tech,24,0.25877083333333334,0.625,0.0,0.375,0.2929433333333334
2021-09-20,Utilities,3,0.15086666666666668,0.6666666666666666,0.0,0.3333333333333333,0.16972500000000001
2021-09-21,Comm,6,0.06318333333333333,0.3333333333333333,0.16666666666666666,0.5,0.10283333333333333
2021-09-21,Consumer,25,0.06557600000000001,0.28,0.16,0.56,0.11219888888888888
2021-09-21,Energy,9,0.13314444444444445,0.5555555555555556,0.0,0.4444444444444444,0.12421
2021-09-21,Financials,18,0.03831111111111111,0.2777777777777778,0.1111111111111111,0.6111111111111112,-0.020776999999999997
2021-09-21,Healthcare,3,0.15253333333333333,0.3333333333333333,0.0,0.6666666666666666,0.15253333333333333
2021-09-21,Industrials,4,-0.056575,0.0,0.25,0.75,-0.03771666666666667
2021-09-21,Materials,1,0.0,0.0,0.0,1.0,0.0
2021-09-21,RealEstate,2,0.17,0.5,0.0,0.5,0.17
2021-09-21,Tech,22,0.16843181818181818,0.36363636363636365,0.22727272727272727,0.4090909090909091,0.1111717857142857
2021-09-21,Utilities,2,0.42405,0.5,0.0,0.5,0.42405
2021-09-22,Comm,11,0.2400909090909091,0.45454545454545453,0.0,0.5454545454545454,0.15978399999999998
2021-09-22,Consumer,15,0.24535999999999997,0.6,0.0,0.4,0.24298333333333333
2021-09-22,Energy,14,0.12075000000000001,0.2857142857142857,0.0,0.7142857142857143,0.09969333333333334
2021-09-22,Financials,12,0.06864166666666667,0.3333333333333333,0.08333333333333333,0.5833333333333334,0.12809880952380953
2021-09-22,Healthcare,6,-0.06276666666666667,0.16666666666666666,0.3333333333333333,0.5,-0.06726
2021-09-22,Industrials,7,0.06291428571428571,0.14285714285714285,0.0,0.8571428571428571,0.0367
2021-09-22,Materials,8,0.046024999999999996,0.25,0.125,0.625,0.03682
2021-09-22,RealEstate,3,0.13486666666666666,0.6666666666666666,0.0,0.3333333333333333,0.151725
2021-09-22,Tech,17,0.09251176470588235,0.29411764705882354,0.058823529411764705,0.6470588235294118,0.08091866666666667
2021-09-22,Utilities,2,0.5917,1.0,0.0,0.0,0.5917
2021-09-23,Comm,9,0.09197777777777778,0.3333333333333333,0.2222222222222222,0.4444444444444444,0.04259
2021-09-23,Consumer,25,0.22662,0.48,0.04,0.48,0.22173380952380956
2021-09-23,Energy,11,0.14600909090909092,0.45454545454545453,0.09090909090909091,0.45454545454545453,0.17425166666666664
2021-09-23,Financials,9,0.09175555555555555,0.3333333333333333,0.2222222222222222,0.4444444444444444,0.008260000000000003
2021-09-23,Healthcare,8,0.15836250000000002,0.375,0.125,0.5,0.273905
2021-09-23,Industrials,10,0.21368,0.4,0.0,0.6,0.33011666666666667
2021-09-23,Materials,1,0.0,0.0,0.0,1.0,0.0
2021-09-23,RealEstate,1,0.0,0.0,0.0,1.0,0.0
2021-09-23,Tech,12,-0.024724999999999987,0.4166666666666667,0.3333333333333333,0.25,0.04324833333333335
2021-09-23,Utilities,3,0.33483333333333337,0.6666666666666666,0.0,0.3333333333333333,0.37877500000000003
2021-09-24,Comm,6,0.17313333333333333,0.3333333333333333,0.0,0.6666666666666666,0.08656666666666667
2021-09-24,Consumer,30,-0.04514,0.23333333333333334,0.36666666666666664,0.4,0.033061562499999995
2021-09-24,Energy,11,-0.10453636363636364,0.2727272727272727,0.45454545454545453,0.2727272727272727,-0.08296666666666666
2021-09-24,Financials,6,0.122,0.3333333333333333,0.16666666666666666,0.5,0.1464
2021-09-24,Healthcare,6,0.08518333333333333,0.3333333333333333,0.16666666666666666,0.5,-0.03685833333333334
2021-09-24,Industrials,7,0.018285714285714287,0.14285714285714285,0.0,0.8571428571428571,0.021333333333333333
2021-09-24,Materials,3,0.0,0.0,0.0,1.0,0.0
2021-09-24,RealEstate,2,0.0,0.0,0.0,1.0,0.0
2021-09-24,Tech,13,0.1748769230769231,0.38461538461538464,0.07692307692307693,0.5384615384615384,0.17522000000000001
2021-09-27,Comm,10,0.17934,0.4,0.1,0.5,0.19433750000000002
2021-09-27,Consumer,33,0.12978787878787879,0.45454545454545453,0.15151515151515152,0.3939393939393939,0.1272409523809524
2021-09-27,Energy,21,0.009728571428571425,0.38095238095238093,0.2857142857142857,0.3333333333333333,0.003622222222222221
2021-09-27,Financials,26,0.1608923076923077,0.5,0.11538461538461539,0.38461538461538464,0.150233
2021-09-27,Healthcare,11,0.2600363636363636,0.6363636363636364,0.0,0.36363636363636365,0.263595
2021-09-27,Industrials,12,0.038483333333333335,0.4166666666666667,0.16666666666666666,0.4166666666666667,0.053470000000000004
2021-09-27,Materials,3,0.13396666666666665,0.3333333333333333,0.0,0.6666666666666666,0.100475
2021-09-27,RealEstate,5,0.29606000000000005,0.6,0.0,0.4,0.24671666666666667
2021-09-27,Tech,22,0.13091363636363637,0.4090909090909091,0.2727272727272727,0.3181818181818182,0.18366033333333334
2021-09-27,Utilities,11,0.3290636363636364,0.9090909090909091,0.09090909090909091,0.0,0.3046125
2021-09-28,Comm,14,0.15767857142857142,0.2857142857142857,0.07142857142857142,0.6428571428571429,0.140023
2021-09-28,Consumer,16,0.13665,0.5625,0.1875,0.25,0.10505333333333333
2021-09-28,Energy,13,0.006723076923076917,0.23076923076923078,0.07692307692307693,0.6923076923076923,0.0075466666666666685
2021-09-28,Financials,17,0.20844117647058824,0.5294117647058824,0.058823529411764705,0.4117647058823529,0.2564447619047619
2021-09-28,Healthcare,17,0.16184117647058824,0.5882352941176471,0.058823529411764705,0.35294117647058826,0.18062133333333333
2021-09-28,Industrials,3,0.28683333333333333,0.6666666666666666,0.0,0.3333333333333333,0.28683333333333333
2021-09-28,Materials,2,0.0,0.0,0.0,1.0,0.0
2021-09-28,RealEstate,1,0.5267,1.0,0.0,0.0,0.5267
2021-09-28,Tech,14,0.19249999999999998,0.5,0.07142857142857142,0.42857142857142855,0.151244
2021-09-28,Utilities,4,-0.022000000000000006,0.25,0.25,0.5,-0.01466666666666667
2021-09-29,Comm,7,-0.04171428571428572,0.14285714285714285,0.2857142857142857,0.5714285714285714,-0.06775
2021-09-29,Consumer,11,0.16888181818181816,0.45454545454545453,0.09090909090909091,0.45454545454545453,0.23533625000000002
2021-09-29,Energy,12,0.04701666666666666,0.25,0.16666666666666666,0.5833333333333334,0.02907738095238095
2021-09-29,Financials,6,0.026699999999999998,0.3333333333333333,0.16666666666666666,0.5,0.020024999999999998
2021-09-29,Healthcare,11,0.2515181818181818,0.6363636363636364,0.0,0.36363636363636365,0.27834166666666665
2021-09-29,Industrials,3,0.14049999999999999,0.3333333333333333,0.0,0.6666666666666666,0.21075
2021-09-29,Materials,2,0.0,0.0,0.0,1.0,0.0
2021-09-29,RealEstate,2,0.0,0.0,0.0,1.0,0.0
2021-09-29,Tech,12,0.26042499999999996,0.5,0.16666666666666666,0.3333333333333333,0.21318166666666666
2021-09-29,Utilities,2,0.26335,0.5,0.0,0.5,0.26335
2021-09-30,Comm,10,0.015559999999999996,0.2,0.1,0.7,0.10342666666666667
2021-09-30,Consumer,18,0.015688888888888888,0.2777777777777778,0.2222222222222222,0.5,0.08550666666666666
2021-09-30,Energy,15,0.09552,0.3333333333333333,0.0,0.6666666666666666,0.09925333333333333
2021-09-30,Financials,20,0.07157,0.35,0.25,0.4,0.07618133333333332
2021-09-30,Healthcare,12,0.05955,0.3333333333333333,0.25,0.4166666666666667,0.0044874999999999984
2021-09-30,Industrials,8,0.14558749999999998,0.625,0.125,0.25,0.17415833333333333
2021-09-30,Materials,5,0.12498000000000001,0.2,0.0,0.8,0.2083
2021-09-30,RealEstate,2,0.3021,1.0,0.0,0.0,0.3021
2021-09-30,Tech,16,0.1488875,0.4375,0.0625,0.5,0.16957166666666665
2021-09-30,Utilities,6,-0.0871,0.16666666666666666,0.5,0.3333333333333333,-0.13302222222222224
2021-10-01,Comm,5,0.2271,0.4,0.0,0.6,0.20576250000000001
2021-10-01,Consumer,16,0.21155,0.5,0.125,0.375,0.1906495238095238
2021-10-01,Energy,6,0.22525000000000003,0.5,0.16666666666666666,0.3333333333333333,0.23672500000000002
2021-10-01,Financials,10,0.17168999999999998,0.4,0.1,0.5,0.21603666666666665
2021-10-01,Healthcare,29,0.09540344827586207,0.3793103448275862,0.2413793103448276,0.3793103448275862,0.09909259259259258
2021-10-01,Industrials,2,0.21075,0.5,0.0,0.5,0.21075
2021-10-01,Materials,1,0.0,0.0,0.0,1.0,0.0
2021-10-01,RealEstate,2,0.0,0.0,0.0,1.0,0.0
2021-10-01,Tech,14,-0.05840714285714286,0.21428571428571427,0.2857142857142857,0.5,-0.171766
2021-10-01,Utilities,3,0.0,0.0,0.0,1.0,0.0
2021-10-04,Comm,12,0.030233333333333334,0.25,0.16666666666666666,0.5833333333333334,0.018139999999999996
2021-10-04,Consumer,28,0.17252142857142855,0.5,0.14285714285714285,0.35714285714285715,0.18449090476190477
2021-10-04,Energy,14,0.15676428571428572,0.42857142857142855,0.21428571428571427,0.35714285714285715,0.21715833333333334
2021-10-04,Financials,12,0.07438333333333334,0.3333333333333333,0.08333333333333333,0.5833333333333334,0.04550125
2021-10-04,Healthcare,32,0.062053125,0.3125,0.15625,0.53125,0.166227
2021-10-04,Industrials,9,0.05641111111111111,0.3333333333333333,0.2222222222222222,0.4444444444444444,0.1209325
2021-10-04,RealEstate,2,0.0,0.0,0.0,1.0,0.0
2021-10-04,Tech,25,0.140144,0.44,0.12,0.44,0.16395857142857145
2021-10-04,Utilities,4,-0.04915000000000001,0.5,0.5,0.0,-0.13883333333333334
2021-10-05,Comm,10,0.06098,0.1,0.2,0.7,-0.005649999999999999
2021-10-05,Consumer,14,-0.02660714285714286,0.07142857142857142,0.2857142857142857,0.6428571428571429,-0.021574666666666666
2021-10-05,Energy,10,0.20354,0.5,0.0,0.5,0.21606
2021-10-05,Financials,18,0.09985555555555556,0.3888888888888889,0.1111111111111111,0.5,0.0472
2021-10-05,Healthcare,16,0.07610625,0.1875,0.125,0.6875,0.0016424999999999981
2021-10-05,Industrials,7,0.04228571428571428,0.14285714285714285,0.0,0.8571428571428571,0.024666666666666667
2021-10-05,Materials,4,-0.005149999999999988,0.25,0.25,0.5,-0.00686666666666665
2021-10-05,RealEstate,1,0.0,0.0,0.0,1.0,0.0
2021-10-05,Tech,13,0.14416923076923077,0.3076923076923077,0.0,0.6923076923076923,0.13896000000000003
2021-10-05,Utilities,4,0.0683,0.25,0.0,0.75,0.0683
2021-10-06,Comm,16,0.04826875,0.125,0.0625,0.8125,0.026670833333333335
2021-10-06,Consumer,27,0.1403111111111111,0.37037037037037035,0.07407407407407407,0.5555555555555556,0.166974
2021-10-06,Energy,8,0.20142500000000002,0.625,0.0,0.375,0.23756666666666668
2021-10-06,Financials,16,0.053437500000000006,0.1875,0.25,0.5625,0.14721666666666666
2021-10-06,Healthcare,13,0.08836153846153846,0.3076923076923077,0.07692307692307693,0.6153846153846154,0.07707777777777779
2021-10-06,Industrials,11,-0.1893454545454545,0.09090909090909091,0.5454545454545454,0.36363636363636365,-0.239035
2021-10-06,Materials,14,0.09283571428571429,0.5,0.21428571428571427,0.2857142857142857,0.1709015873015873
2021-10-06,RealEstate,3,0.36643333333333333,1.0,0.0,0.0,0.370275
2021-10-06,Tech,18,0.14734444444444444,0.3333333333333333,0.05555555555555555,0.6111111111111112,0.067530625
2021-10-07,Comm,10,0.30901,0.7,0.0,0.3,0.23674166666666668
2021-10-07,Consumer,8,0.026787500000000006,0.25,0.125,0.625,0.026787500000000006
2021-10-07,Energy,14,0.010928571428571418,0.2857142857142857,0.35714285714285715,0.35714285714285715,0.11381857142857141
2021-10-07,Financials,16,0.0903,0.25,0.0625,0.6875,0.062368
2021-10-07,Healthcare,13,0.13494615384615385,0.3076923076923077,0.0,0.6923076923076923,0.13890444444444444
2021-10-07,Industrials,1,0.0,0.0,0.0,1.0,0.0
2021-10-07,Materials,3,0.21230000000000002,0.3333333333333333,0.0,0.6666666666666666,0.21230000000000002
2021-10-07,RealEstate,1,0.0,0.0,0.0,1.0,0.0
2021-10-07,Tech,11,-0.009690909090909094,0.09090909090909091,0.2727272727272727,0.6363636363636364,-0.010751666666666677
2021-10-07,Utilities,1,0.4939,1.0,0.0,0.0,0.4939
2021-10-08,Comm,10,-0.06052,0.2,0.4,0.4,0.047975000000000004
2021-10-08,Consumer,13,-0.0027307692307692376,0.23076923076923078,0.23076923076923078,0.5384615384615384,0.09568749999999998
2021-10-08,Energy,19,0.0728263157894737,0.42105263157894735,0.15789473684210525,0.42105263157894735,0.06723214285714287
2021-10-08,Financials,7,0.10194285714285714,0.42857142857142855,0.14285714285714285,0.42857142857142855,0.14272
2021-10-08,Healthcare,10,0.031409999999999993,0.4,0.4,0.2,0.0709611111111111
2021-10-08,Industrials,3,0.17143333333333333,0.3333333333333333,0.3333333333333333,0.3333333333333333,0.09792500000000001
2021-10-08,Materials,5,0.17759999999999998,0.6,0.0,0.4,0.185
2021-10-08,RealEstate,2,0.50935,1.0,0.0,0.0,0.50935
2021-10-08,Tech,14,0.08377142857142857,0.2857142857142857,0.14285714285714285,0.5714285714285714,0.05983433333333334
2021-10-11,Comm,12,0.22986666666666666,0.5833333333333334,0.0,0.4166666666666667,0.18658333333333332
2021-10-11,Consumer,27,0.13157777777777777,0.48148148148148145,0.2222222222222222,0.2962962962962963,0.10502971861471862
2021-10-11,Energy,15,-0.020159999999999994,0.3333333333333333,0.3333333333333333,0.3333333333333333,0.04338333333333334
2021-10-11,Financials,33,0.12201515151515152,0.42424242424242425,0.15151515151515152,0.42424242424242425,0.16343003663003663
2021-10-11,Healthcare,18,0.057466666666666666,0.2777777777777778,0.16666666666666666,0.5555555555555556,0.049024038461538466
2021-10-11,Industrials,4,0.4694,0.75,0.0,0.25,0.4694
2021-10-11,Materials,6,0.18923333333333334,0.5,0.0,0.5,0.1889
2021-10-11,RealEstate,5,0.08038,0.2,0.0,0.8,0.100475
2021-10-11,Tech,5,0.16784000000000002,0.4,0.0,0.6,0.09324444444444445
2021-10-11,Utilities,9,0.2013111111111111,0.3333333333333333,0.0,0.6666666666666666,0.15591666666666665
2021-10-12,Comm,8,0.28609999999999997,0.75,0.125,0.125,0.3031833333333333
2021-10-12,Consumer,15,0.14141333333333334,0.5333333333333333,0.2,0.26666666666666666,0.217661875
2021-10-12,Energy,9,0.16435555555555556,0.3333333333333333,0.0,0.6666666666666666,0.12326666666666668
2021-10-12,Financials,11,0.029900000000000003,0.09090909090909091,0.09090909090909091,0.8181818181818182,0.014389583333333334
2021-10-12,Healthcare,15,0.16842666666666667,0.4,0.0,0.6,0.22478571428571428
2021-10-12,Industrials,1,0.0,0.0,0.0,1.0,0.0
2021-10-12,Materials,2,-0.40775,0.0,1.0,0.0,-0.40775
2021-10-12,RealEstate,1,0.0,0.0,0.0,1.0,0.0
2021-10-12,Tech,23,0.19400434782608697,0.43478260869565216,0.0,0.5652173913043478,0.21382933333333334
2021-10-12,Utilities,1,0.0,0.0,0.0,1.0,0.0
2021-10-13,Comm,7,-0.045757142857142864,0.2857142857142857,0.2857142857142857,0.42857142857142855,-0.1746777777777778
2021-10-13,Consumer,13,0.07712307692307692,0.3076923076923077,0.0,0.6923076923076923,0.0801525
2021-10-13,Energy,8,0.2596125,0.75,0.0,0.25,0.21643333333333334
2021-10-13,Financials,29,0.20645172413793103,0.5517241379310345,0.034482758620689655,0.41379310344827586,0.136771
2021-10-13,Healthcare,9,-0.026477777777777784,0.1111111111111111,0.1111111111111111,0.7777777777777778,-0.06929
2021-10-13,Industrials,7,0.07764285714285714,0.2857142857142857,0.14285714285714285,0.5714285714285714,0.120625
2021-10-13,Materials,6,0.07243333333333334,0.16666666666666666,0.16666666666666666,0.6666666666666666,-0.014358333333333334
2021-10-13,RealEstate,3,0.47950000000000004,1.0,0.0,0.0,0.51885
2021-10-13,Tech,21,0.11651904761904763,0.38095238095238093,0.09523809523809523,0.5238095238095238,0.11946333333333334
2021-10-13,Utilities,2,-0.1909,0.0,0.5,0.5,-0.1909
2021-10-14,Comm,6,-0.0034833333333333196,0.3333333333333333,0.16666666666666666,0.5,-0.0017416666666666598
2021-10-14,Consumer,16,0.2596,0.5625,0.0,0.4375,0.2595877976190476
2021-10-14,Energy,9,0.15987777777777779,0.5555555555555556,0.1111111111111111,0.3333333333333333,0.185225
2021-10-14,Financials,55,0.25429999999999997,0.5636363636363636,0.0,0.43636363636363634,0.28640611904761903
2021-10-14,Healthcare,6,0.0,0.0,0.0,1.0,0.0
2021-10-14,Industrials,5,0.29486,0.6,0.0,0.4,0.24571666666666667
2021-10-14,Materials,3,-0.17020000000000002,0.0,0.3333333333333333,0.6666666666666666,-0.12765
2021-10-14,RealEstate,7,0.08875714285714285,0.5714285714285714,0.14285714285714285,0.2857142857142857,0.10780555555555556
2021-10-14,Tech,11,0.0923181818181818,0.2727272727272727,0.18181818181818182,0.5454545454545454,0.066945
2021-10-14,Utilities,2,-0.042899999999999994,0.5,0.5,0.0,-0.042899999999999994
2021-10-15,Comm,5,0.3877,0.8,0.0,0.2,0.40364999999999995
2021-10-15,Consumer,6,0.3982333333333334,0.6666666666666666,0.0,0.3333333333333333,0.43391111111111114
2021-10-15,Energy,13,0.20596153846153847,0.46153846153846156,0.0,0.5384615384615384,0.173063
2021-10-15,Financials,36,0.2568694444444445,0.5277777777777778,0.027777777777777776,0.4444444444444444,0.2152540873015873
2021-10-15,Healthcare,9,0.13997777777777778,0.5555555555555556,0.3333333333333333,0.1111111111111111,0.13325
2021-10-15,Industrials,5,0.32362,0.8,0.0,0.2,0.2022625
2021-10-15,Materials,2,0.148,0.5,0.0,0.5,0.148
2021-10-15,RealEstate,7,0.1297714285714286,0.2857142857142857,0.0,0.7142857142857143,0.1514
2021-10-15,Tech,8,0.1517,0.375,0.0,0.625,0.160025
2021-10-15,Utilities,3,0.2772,0.3333333333333333,0.0,0.6666666666666666,0.2772
2021-10-18,Comm,7,0.22171428571428572,0.5714285714285714,0.2857142857142857,0.14285714285714285,0.28504999999999997
2021-10-18,Consumer,30,0.08499666666666666,0.3333333333333333,0.23333333333333334,0.43333333333333335,0.06883617424242423
2021-10-18,Energy,18,0.029383333333333317,0.4444444444444444,0.4444444444444444,0.1111111111111111,0.09308
2021-10-18,Financials,29,0.041989655172413785,0.41379310344827586,0.13793103448275862,0.4482758620689655,0.03196966666666666
2021-10-18,Healthcare,22,0.19915454545454547,0.5909090909090909,0.13636363636363635,0.2727272727272727,0.23418085714285714
2021-10-18,Industrials,7,0.15065714285714285,0.42857142857142855,0.0,0.5714285714285714,0.15556666666666666
2021-10-18,Materials,3,0.2083,0.3333333333333333,0.0,0.6666666666666666,0.31245
2021-10-18,RealEstate,1,0.0,0.0,0.0,1.0,0.0
2021-10-18,Tech,37,0.08319189189189188,0.40540540540540543,0.24324324324324326,0.35135135135135137,0.07923111904761904
2021-10-18,Utilities,3,0.22633333333333336,0.6666666666666666,0.0,0.3333333333333333,0.16975
2021-10-19,Comm,6,0.12186666666666666,0.5,0.3333333333333333,0.16666666666666666,0.08238333333333334
2021-10-19,Consumer,29,0.0734,0.2413793103448276,0.10344827586206896,0.6551724137931034,0.044297395833333336
2021-10-19,Energy,10,0.15458,0.6,0.2,0.2,0.23352599999999998
2021-10-19,Financials,4,-0.19595,0.0,0.5,0.5,-0.21573333333333333
2021-10-19,Healthcare,14,0.07110714285714285,0.21428571428571427,0.14285714285714285,0.6428571428571429,-0.03730357142857143
2021-10-19,Industrials,8,0.127025,0.25,0.0,0.75,0.11291111111111111
2021-10-19,Materials,1,0.0,0.0,0.0,1.0,0.0
2021-10-19,RealEstate,2,0.1909,0.5,0.0,0.5,0.1909
2021-10-19,Tech,16,0.226775,0.5,0.0,0.5,0.2747116666666667
2021-10-19,Utilities,6,0.060200000000000004,0.16666666666666666,0.0,0.8333333333333334,0.03612
2021-10-20,Comm,6,0.10126666666666667,0.3333333333333333,0.16666666666666666,0.5,0.10126666666666667
2021-10-20,Consumer,8,0.14775,0.25,0.0,0.75,0.228825
2021-10-20,Energy,9,0.1150111111111111,0.5555555555555556,0.2222222222222222,0.2222222222222222,0.14030277777777778
2021-10-20,Financials,9,-0.0154,0.2222222222222222,0.1111111111111111,0.6666666666666666,-0.0380875
2021-10-20,Healthcare,21,0.11546666666666666,0.38095238095238093,0.19047619047619047,0.42857142857142855,0.06966399999999999
2021-10-20,Industrials,5,-0.00019999999999998909,0.4,0.4,0.2,0.03675000000000001
2021-10-20,Materials,5,-0.03558,0.0,0.2,0.8,-0.0222375
2021-10-20,RealEstate,2,0.125,0.5,0.0,0.5,0.125
2021-10-20,Tech,9,0.12113333333333334,0.3333333333333333,0.4444444444444444,0.2222222222222222,0.13825333333333334
2021-10-20,Utilities,7,0.32670000000000005,1.0,0.0,0.0,0.30424666666666667
2021-10-21,Comm,25,0.033308,0.2,0.16,0.64,-0.01299357142857142
2021-10-21,Consumer,29,0.048317241379310344,0.3448275862068966,0.2413793103448276,0.41379310344827586,0.003927
2021-10-21,Energy,10,0.08070999999999999,0.5,0.2,0.3,0.09862708333333334
2021-10-21,Financials,16,0.02505625,0.3125,0.125,0.5625,0.024579285714285713
2021-10-21,Healthcare,11,0.23254545454545458,0.5454545454545454,0.0,0.45454545454545453,0.24110499999999999
2021-10-21,Industrials,11,-0.02567272727272727,0.18181818181818182,0.2727272727272727,0.5454545454545454,0.06555
2021-10-21,Materials,13,0.05654615384615385,0.38461538461538464,0.23076923076923078,0.38461538461538464,0.11114791666666668
2021-10-21,RealEstate,4,0.123,0.5,0.0,0.5,0.164
2021-10-21,Tech,27,0.06701851851851852,0.14814814814814814,0.0,0.8518518518518519,0.087662
2021-10-22,Comm,10,0.12614999999999998,0.5,0.1,0.4,0.24459166666666668
2021-10-22,Consumer,15,0.09938,0.4666666666666667,0.06666666666666667,0.4666666666666667,0.08992666666666668
2021-10-22,Energy,19,0.12299473684210527,0.5263157894736842,0.05263157894736842,0.42105263157894735,0.1351022857142857
2021-10-22,Financials,10,-0.011270000000000002,0.3,0.3,0.4,-0.12394166666666667
2021-10-22,Healthcare,8,0.11023749999999999,0.25,0.0,0.75,0.044094999999999995
2021-10-22,Industrials,4,0.156225,0.25,0.0,0.75,0.10415
2021-10-22,Materials,3,0.13396666666666665,0.3333333333333333,0.0,0.6666666666666666,0.13396666666666665
2021-10-22,RealEstate,1,0.7184,1.0,0.0,0.0,0.7184
2021-10-22,Tech,26,0.11618846153846155,0.38461538461538464,0.15384615384615385,0.46153846153846156,0.25826777777777776
2021-10-22,Utilities,2,0.3538,1.0,0.0,0.0,0.3538
2021-10-25,Comm,8,0.3033625,0.75,0.125,0.125,0.46004500000000004
2021-10-25,Consumer,23,0.15457826086956522,0.4782608695652174,0.13043478260869565,0.391304347826087,0.11121433333333333
2021-10-25,Energy,18,0.1584111111111111,0.4444444444444444,0.0,0.5555555555555556,0.18172430555555555
2021-10-25,Financials,18,0.06474444444444444,0.2777777777777778,0.16666666666666666,0.5555555555555556,0.008700833333333335
2021-10-25,Healthcare,16,0.05696875,0.25,0.125,0.625,0.041537500000000005
2021-10-25,Industrials,11,0.03492727272727273,0.18181818181818182,0.2727272727272727,0.5454545454545454,0.03767916666666668
2021-10-25,Materials,4,0.11887500000000001,0.5,0.0,0.5,0.12478333333333334
2021-10-25,RealEstate,2,0.10115,0.5,0.0,0.5,0.10115
2021-10-25,Tech,15,-0.05300666666666666,0.06666666666666667,0.26666666666666666,0.6666666666666666,-0.028914583333333327
2021-10-25,Utilities,4,0.26215,0.5,0.0,0.5,0.3654
2021-10-26,Comm,12,0.22230833333333333,0.5833333333333334,0.0,0.4166666666666667,0.2707571428571428
2021-10-26,Consumer,17,0.03435882352941176,0.11764705882352941,0.0,0.8823529411764706,0.023364
2021-10-26,Energy,12,0.157,0.3333333333333333,0.08333333333333333,0.5833333333333334,0.25594285714285714
2021-10-26,Financials,15,0.17583333333333334,0.4666666666666667,0.0,0.5333333333333333,0.16320416666666665
2021-10-26,Healthcare,6,-0.01731666666666667,0.3333333333333333,0.3333333333333333,0.3333333333333333,-0.07435833333333335
2021-10-26,Industrials,37,0.11756486486486487,0.24324324324324326,0.02702702702702703,0.7297297297297297,0.06929833333333332
2021-10-26,Materials,3,-0.05103333333333334,0.0,0.3333333333333333,0.6666666666666666,-0.038275
2021-10-26,RealEstate,2,0.1957,0.5,0.5,0.0,0.1957
2021-10-26,Tech,31,0.12513870967741936,0.41935483870967744,0.12903225806451613,0.45161290322580644,0.09469119047619048
2021-10-26,Utilities,2,0.1366,0.5,0.0,0.5,0.1366
2021-10-27,Comm,3,0.23916666666666667,0.6666666666666666,0.0,0.3333333333333333,0.28475
2021-10-27,Consumer,16,0.14150000000000001,0.4375,0.125,0.4375,0.20314083333333333
2021-10-27,Energy,16,0.0053374999999999985,0.1875,0.125,0.6875,0.021904285714285716
2021-10-27,Financials,23,0.06714347826086957,0.21739130434782608,0.08695652173913043,0.6956521739130435,0.049947023809523816
2021-10-27,Healthcare,12,0.13755833333333334,0.4166666666666667,0.08333333333333333,0.5,0.1569267857142857
2021-10-27,Industrials,12,0.01379166666666666,0.08333333333333333,0.08333333333333333,0.8333333333333334,0.01379166666666666
2021-10-27,Materials,2,0.26335,0.5,0.0,0.5,0.26335
2021-10-27,RealEstate,3,0.13486666666666666,0.6666666666666666,0.0,0.3333333333333333,0.151725
2021-10-27,Tech,22,0.057522727272727274,0.2727272727272727,0.09090909090909091,0.6363636363636364,0.040735654761904765
2021-10-27,Utilities,4,0.1101,0.25,0.0,0.75,0.0734
2021-10-28,Comm,11,0.09859090909090909,0.36363636363636365,0.0,0.6363636363636364,0.0930125
2021-10-28,Consumer,19,0.0176,0.21052631578947367,0.10526315789473684,0.6842105263157895,-0.0008145833333333338
2021-10-28,Energy,19,0.11841052631578948,0.3684210526315789,0.15789473684210525,0.47368421052631576,0.10378541666666666
2021-10-28,Financials,6,0.22246666666666667,0.5,0.0,0.5,0.2464625
2021-10-28,Healthcare,26,0.08925,0.34615384615384615,0.19230769230769232,0.46153846153846156,0.10892876923076922
2021-10-28,Industrials,22,0.16116818181818182,0.5909090909090909,0.13636363636363635,0.2727272727272727,0.1777822727272727
2021-10-28,Materials,5,0.028880000000000006,0.2,0.2,0.6,0.02406666666666667
2021-10-28,RealEstate,6,0.04563333333333333,0.3333333333333333,0.16666666666666666,0.5,0.17081666666666664
2021-10-28,Tech,12,0.2736166666666667,0.75,0.08333333333333333,0.16666666666666666,0.25319
2021-10-28,Utilities,4,-0.13874999999999998,0.0,0.5,0.5,-0.13874999999999998
2021-10-29,Comm,12,0.18046666666666666,0.4166666666666667,0.0,0.5833333333333334,0.230325
2021-10-29,Consumer,28,0.07875357142857142,0.32142857142857145,0.10714285714285714,0.5714285714285714,0.07475479166666665
2021-10-29,Energy,24,0.21632916666666668,0.625,0.125,0.25,0.34194722222222224
2021-10-29,Financials,14,0.15447857142857144,0.42857142857142855,0.0,0.5714285714285714,0.21810916666666666
2021-10-29,Healthcare,30,0.046253333333333334,0.3333333333333333,0.16666666666666666,0.5,0.011125787815126046
2021-10-29,Industrials,11,0.03113636363636364,0.2727272727272727,0.18181818181818182,0.5454545454545454,0.021016666666666666
2021-10-29,Materials,1,0.0,0.0,0.0,1.0,0.0
2021-10-29,RealEstate,6,0.17951666666666666,0.6666666666666666,0.0,0.3333333333333333,0.16892222222222222
2021-10-29,Tech,13,0.10056153846153845,0.3076923076923077,0.0,0.6923076923076923,0.075685
2021-10-29,Utilities,1,0.2732,1.0,0.0,0.0,0.2732
2021-11-01,Comm,6,-0.0003499999999999985,0.3333333333333333,0.3333333333333333,0.3333333333333333,0.12747500000000003
2021-11-01,Consumer,17,0.08390588235294118,0.23529411764705882,0.0,0.7647058823529411,0.10802833333333335
2021-11-01,Energy,20,0.09587999999999999,0.4,0.05,0.55,0.10728645833333333
2021-11-01,Financials,14,0.17695,0.35714285714285715,0.07142857142857142,0.5714285714285714,0.23003625
2021-11-01,Healthcare,11,0.29411818181818183,0.7272727272727273,0.2727272727272727,0.0,0.2846013333333334
2021-11-01,Industrials,3,0.21230000000000002,0.3333333333333333,0.0,0.6666666666666666,0.21230000000000002
2021-11-01,Materials,4,0.0,0.0,0.0,1.0,0.0
2021-11-01,RealEstate,5,0.0,0.0,0.0,1.0,0.0
2021-11-01,Tech,15,0.18818666666666667,0.4666666666666667,0.13333333333333333,0.4,0.25267833333333334
2021-11-01,Utilities,3,0.2936,0.6666666666666666,0.0,0.3333333333333333,0.2936
2021-11-02,Comm,15,0.18253333333333333,0.3333333333333333,0.06666666666666667,0.6,0.23997000000000002
2021-11-02,Consumer,24,0.1912125,0.4583333333333333,0.041666666666666664,0.5,0.18696400000000002
2021-11-02,Energy,21,-0.014338095238095242,0.14285714285714285,0.23809523809523808,0.6190476190476191,0.0015111111111111113
2021-11-02,Financials,15,0.004066666666666666,0.06666666666666667,0.2,0.7333333333333333,0.037452678571428574
2021-11-02,Healthcare,14,0.14586428571428572,0.2857142857142857,0.0,0.7142857142857143,0.13781666666666667
2021-11-02,Industrials,4,0.125475,0.25,0.5,0.25,0.04098333333333334
2021-11-02,Materials,15,-0.015266666666666666,0.2,0.26666666666666666,0.5333333333333333,-0.14806704545454544
2021-11-02,RealEstate,4,0.050575,0.25,0.0,0.75,0.033716666666666666
2021-11-02,Tech,19,0.06867894736842105,0.2631578947368421,0.05263157894736842,0.6842105263157895,0.15081666666666665
2021-11-02,Utilities,3,0.0,0.0,0.0,1.0,0.0
2021-11-03,Comm,26,0.12933461538461538,0.3076923076923077,0.07692307692307693,0.6153846153846154,0.1210305
2021-11-03,Consumer,20,0.14319,0.35,0.1,0.55,0.17677380952380953
2021-11-03,Energy,8,0.009599999999999997,0.125,0.25,0.625,0.033133333333333334
2021-11-03,Financials,9,0.13712222222222226,0.5555555555555556,0.2222222222222222,0.2222222222222222,0.166075
2021-11-03,Healthcare,10,0.11947999999999999,0.3,0.2,0.5,0.09956666666666665
2021-11-03,Industrials,6,0.09038333333333333,0.16666666666666666,0.0,0.8333333333333334,0.09038333333333333
2021-11-03,RealEstate,2,0.0,0.0,0.0,1.0,0.0
2021-11-03,Tech,20,0.189345,0.5,0.15,0.35,0.20185400000000003
2021-11-03,Utilities,4,0.02717500000000002,0.25,0.25,0.5,0.01811666666666668
2021-11-04,Comm,20,0.12439,0.3,0.1,0.6,0.13950533333333331
2021-11-04,Consumer,11,0.1478818181818182,0.36363636363636365,0.0,0.6363636363636364,0.10844666666666666
2021-11-04,Energy,13,0.20292307692307693,0.6153846153846154,0.07692307692307693,0.3076923076923077,0.19084791666666667
2021-11-04,Financials,13,0.24116923076923077,0.46153846153846156,0.07692307692307693,0.46153846153846156,0.22290000000000001
2021-11-04,Healthcare,16,0.21830625,0.5,0.0,0.5,0.13043257575757575
2021-11-04,Industrials,3,0.05183333333333334,0.3333333333333333,0.3333333333333333,0.3333333333333333,-0.06159999999999999
2021-11-04,Materials,2,0.0,0.0,0.0,1.0,0.0
2021-11-04,RealEstate,5,0.22949999999999998,0.4,0.0,0.6,0.1275
2021-11-04,Tech,43,0.17265116279069767,0.4186046511627907,0.06976744186046512,0.5116279069767442,0.2003686944634313
2021-11-04,Utilities,8,0.1341375,0.375,0.0,0.625,0.08942499999999999
2021-11-05,Comm,8,0.2194875,0.5,0.0,0.5,0.201925
2021-11-05,Consumer,13,0.1966,0.38461538461538464,0.07692307692307693,0.5384615384615384,0.27509
2021-11-05,Energy,10,0.24251999999999999,0.5,0.1,0.4,0.2259972222222222
2021-11-05,Financials,7,0.10532857142857142,0.2857142857142857,0.0,0.7142857142857143,0.12763333333333335
2021-11-05,Healthcare,21,0.2584238095238095,0.47619047619047616,0.047619047619047616,0.47619047619047616,0.35311111111111115
2021-11-05,Industrials,4,0.21635,0.5,0.25,0.25,0.39923333333333333
2021-11-05,Materials,4,0.105375,0.25,0.0,0.75,0.07024999999999999
2021-11-05,Tech,12,-0.01984166666666666,0.25,0.16666666666666666,0.5833333333333334,-0.023136666666666656
2021-11-05,Utilities,4,0.279575,0.75,0.0,0.25,0.18638333333333335
2021-11-08,Comm,7,-0.2661428571428572,0.2857142857142857,0.7142857142857143,0.0,-0.15794666666666668
2021-11-08,Consumer,20,0.09247999999999999,0.3,0.1,0.6,0.09303066666666666
2021-11-08,Energy,17,0.16028823529411765,0.47058823529411764,0.0,0.5294117647058824,0.14157866666666669
2021-11-08,Financials,23,-0.02069130434782609,0.21739130434782608,0.2608695652173913,0.5217391304347826,-0.0173375
2021-11-08,Healthcare,23,0.1336304347826087,0.391304347826087,0.043478260869565216,0.5652173913043478,0.14769092307692305
2021-11-08,Industrials,13,0.02156923076923077,0.38461538461538464,0.15384615384615385,0.46153846153846156,0.01187083333333333
2021-11-08,Materials,6,0.09913333333333334,0.5,0.0,0.5,0.23564000000000002
2021-11-08,RealEstate,5,0.01992,0.2,0.2,0.6,0.0166
2021-11-08,Tech,29,0.04961034482758621,0.20689655172413793,0.10344827586206896,0.6896551724137931,0.063098
2021-11-08,Utilities,4,0.1366,0.5,0.0,0.5,0.09106666666666667
2021-11-09,Comm,8,0.0658375,0.125,0.0,0.875,0.131675
2021-11-09,Consumer,9,0.1703,0.3333333333333333,0.0,0.6666666666666666,0.12772499999999998
2021-11-09,Energy,11,0.07015454545454546,0.18181818181818182,0.09090909090909091,0.7272727272727273,0.072735
2021-11-09,Financials,13,-0.002115384615384617,0.15384615384615385,0.23076923076923078,0.6153846153846154,0.017341666666666665
2021-11-09,Healthcare,11,0.1393727272727273,0.36363636363636365,0.09090909090909091,0.5454545454545454,0.11892916666666668
2021-11-09,Industrials,22,0.10804090909090909,0.36363636363636365,0.18181818181818182,0.45454545454545453,0.0876828125
2021-11-09,Materials,1,0.296,1.0,0.0,0.0,0.296
2021-11-09,RealEstate,3,0.3028333333333333,0.6666666666666666,0.0,0.3333333333333333,0.32257499999999995
2021-11-09,Tech,16,0.06584375,0.25,0.0625,0.6875,0.10620833333333335
2021-11-09,Utilities,5,0.014720000000000006,0.4,0.2,0.4,-0.015749999999999993
2021-11-10,Comm,5,-0.1125,0.2,0.4,0.4,-0.10265555555555557
2021-11-10,Consumer,26,0.06147692307692309,0.38461538461538464,0.23076923076923078,0.38461538461538464,0.13460717948717948
2021-11-10,Energy,11,-0.06896363636363637,0.09090909090909091,0.18181818181818182,0.7272727272727273,-0.069
2021-11-10,Financials,17,0.00011764705882351646,0.23529411764705882,0.17647058823529413,0.5882352941176471,-0.012511666666666671
2021-11-10,Healthcare,8,-0.07735,0.125,0.25,0.625,-0.0815
2021-11-10,Industrials,16,-0.00508125000000002,0.3125,0.3125,0.375,-0.12043958333333338
2021-11-10,Materials,3,0.4514666666666667,1.0,0.0,0.0,0.4514666666666667
2021-11-10,Tech,21,0.10250000000000001,0.3333333333333333,0.14285714285714285,0.5238095238095238,0.09087277777777779
2021-11-10,Utilities,3,0.0,0.0,0.0,1.0,0.0
2021-11-11,Comm,9,0.1152,0.3333333333333333,0.0,0.6666666666666666,0.13193333333333335
2021-11-11,Consumer,35,0.062137142857142856,0.2571428571428571,0.11428571428571428,0.6285714285714286,0.030333600000000006
2021-11-11,Energy,8,0.06838749999999999,0.25,0.125,0.625,0.045579999999999996
2021-11-11,Financials,14,0.021178571428571432,0.35714285714285715,0.14285714285714285,0.5,0.036383000000000006
2021-11-11,Healthcare,10,0.17486,0.5,0.1,0.4,0.19598666666666667
2021-11-11,Industrials,8,0.183825,0.5,0.0,0.5,0.16726875
2021-11-11,Materials,2,-0.10115,0.0,0.5,0.5,-0.10115
2021-11-11,RealEstate,4,0.30524999999999997,0.75,0.0,0.25,0.26713333333333333
2021-11-11,Tech,16,0.25900625,0.5,0.0625,0.4375,0.23189924242424242
2021-11-11,Utilities,4,-0.00645,0.0,0.0,1.0,-0.0043
2021-11-12,Comm,9,0.07004444444444445,0.3333333333333333,0.2222222222222222,0.4444444444444444,0.041150000000000006
2021-11-12,Consumer,17,0.05344117647058824,0.35294117647058826,0.23529411764705882,0.4117647058823529,-0.015451428571428566
2021-11-12,Financials,3,0.0,0.0,0.0,1.0,0.0
2021-11-12,Healthcare,8,0.172125,0.5,0.125,0.375,0.14674375
2021-11-12,Industrials,5,0.38117999999999996,0.6,0.0,0.4,0.3410125
2021-11-12,Materials,5,0.24476,0.4,0.0,0.6,0.13597777777777778
2021-11-12,RealEstate,2,0.2294,0.5,0.0,0.5,0.2294
2021-11-12,Tech,9,-0.019166666666666665,0.3333333333333333,0.2222222222222222,0.4444444444444444,0.093175
2021-11-12,Utilities,1,0.4215,1.0,0.0,0.0,0.4215
2021-11-15,Comm,12,0.15978333333333333,0.3333333333333333,0.0,0.6666666666666666,0.129412
2021-11-15,Consumer,32,0.055890625,0.34375,0.09375,0.5625,-0.02384780701754386
2021-11-15,Energy,12,0.08834166666666667,0.4166666666666667,0.4166666666666667,0.16666666666666666,0.02198958333333334
2021-11-15,Financials,15,0.3039733333333333,0.6666666666666666,0.0,0.3333333333333333,0.26399285714285714
2021-11-15,Healthcare,14,0.09496428571428572,0.42857142857142855,0.21428571428571427,0.35714285714285715,0.12512083333333335
2021-11-15,Industrials,9,0.2534555555555556,0.5555555555555556,0.0,0.4444444444444444,0.28321875
2021-11-15,Materials,2,0.31845,0.5,0.0,0.5,0.31845
2021-11-15,RealEstate,15,0.09644666666666665,0.4,0.06666666666666667,0.5333333333333333,0.13039777777777775
2021-11-15,Tech,19,0.1251842105263158,0.42105263157894735,0.05263157894736842,0.5263157894736842,0.16868333333333332
2021-11-15,Utilities,4,0.53445,1.0,0.0,0.0,0.5260833333333333
2021-11-16,Comm,11,0.06459090909090909,0.36363636363636365,0.2727272727272727,0.36363636363636365,0.025374999999999998
2021-11-16,Consumer,34,0.2219764705882353,0.5,0.08823529411764706,0.4117647058823529,0.14176942934782608
2021-11-16,Energy,9,-0.038833333333333345,0.2222222222222222,0.5555555555555556,0.2222222222222222,-0.028440000000000014
2021-11-16,Financials,13,0.16341538461538463,0.46153846153846156,0.07692307692307693,0.46153846153846156,0.144544
2021-11-16,Healthcare,8,0.2196625,0.625,0.125,0.25,0.14749333333333334
2021-11-16,Industrials,11,0.19672727272727275,0.45454545454545453,0.2727272727272727,0.2727272727272727,0.08808125
2021-11-16,Materials,6,0.1047,0.5,0.3333333333333333,0.16666666666666666,0.09209999999999999
2021-11-16,RealEstate,2,0.0,0.0,0.0,1.0,0.0
2021-11-16,Tech,23,0.21848260869565217,0.4782608695652174,0.08695652173913043,0.43478260869565216,0.2203723484848485
2021-11-16,Utilities,2,0.11315,0.5,0.0,0.5,0.11315
2021-11-17,Comm,8,-0.002999999999999999,0.125,0.125,0.75,-0.003999999999999999
2021-11-17,Consumer,30,0.14127333333333333,0.43333333333333335,0.16666666666666666,0.4,0.2867257142857143
2021-11-17,Energy,13,0.029038461538461537,0.15384615384615385,0.15384615384615385,0.6923076923076923,0.026964285714285715
2021-11-17,Financials,30,0.03970333333333333,0.36666666666666664,0.13333333333333333,0.5,0.005269323308270675
2021-11-17,Healthcare,10,0.30673,0.5,0.0,0.5,0.30110833333333337
2021-11-17,Industrials,10,0.10889,0.3,0.1,0.6,0.09074166666666666
2021-11-17,Materials,3,-0.025466666666666665,0.3333333333333333,0.3333333333333333,0.3333333333333333,-0.0511
2021-11-17,RealEstate,4,0.050575,0.25,0.0,0.75,0.050575
2021-11-17,Tech,23,0.032386956521739126,0.2608695652173913,0.17391304347826086,0.5652173913043478,0.04954183006535948
2021-11-17,Utilities,2,0.31845,0.5,0.0,0.5,0.31845
2021-11-18,Comm,13,0.1009153846153846,0.38461538461538464,0.07692307692307693,0.5384615384615384,0.09115
2021-11-18,Consumer,29,0.15244827586206897,0.5172413793103449,0.10344827586206896,0.3793103448275862,0.13585857142857144
2021-11-18,Energy,8,0.008637499999999996,0.125,0.125,0.75,-0.02236666666666667
2021-11-18,Financials,14,0.27784285714285717,0.6428571428571429,0.0,0.35714285714285715,0.2992
2021-11-18,Healthcare,10,-0.03739000000000001,0.1,0.2,0.7,-0.045325000000000004
2021-11-18,Industrials,3,0.041833333333333333,0.3333333333333333,0.3333333333333333,0.3333333333333333,0.13674999999999998
2021-11-18,Materials,1,0.0,0.0,0.0,1.0,0.0
2021-11-18,RealEstate,4,0.43032499999999996,0.75,0.0,0.25,0.3968333333333333
2021-11-18,Tech,37,0.08828108108108108,0.40540540540540543,0.16216216216216217,0.43243243243243246,0.0751326765188834
2021-11-18,Utilities,3,0.09866666666666667,0.3333333333333333,0.0,0.6666666666666666,0.09866666666666667
2021-11-19,Comm,9,0.13575555555555555,0.4444444444444444,0.2222222222222222,0.3333333333333333,0.0540625
2021-11-19,Consumer,21,0.07466190476190476,0.19047619047619047,0.047619047619047616,0.7619047619047619,0.086488
2021-11-19,Energy,14,0.06583571428571429,0.35714285714285715,0.35714285714285715,0.2857142857142857,-0.06586746031746032
2021-11-19,Financials,21,0.12701904761904761,0.42857142857142855,0.09523809523809523,0.47619047619047616,0.18721866666666664
2021-11-19,Healthcare,7,0.22334285714285712,0.5714285714285714,0.0,0.42857142857142855,0.1625125
2021-11-19,Industrials,3,-0.11036666666666667,0.3333333333333333,0.3333333333333333,0.3333333333333333,-0.22212500000000002
2021-11-19,Materials,2,0.0,0.0,0.0,1.0,0.0
2021-11-19,Tech,26,0.1434576923076923,0.46153846153846156,0.19230769230769232,0.34615384615384615,0.11994342105263157
2021-11-19,Utilities,2,0.29295,0.5,0.0,0.5,0.29295
2021-11-22,Comm,7,0.15822857142857144,0.42857142857142855,0.14285714285714285,0.42857142857142855,0.16104583333333333
2021-11-22,Consumer,26,0.11001538461538461,0.34615384615384615,0.15384615384615385,0.5,0.11859752380952382
2021-11-22,Energy,7,0.0239,0.5714285714285714,0.42857142857142855,0.0,0.0018916666666666665
2021-11-22,Financials,18,0.2770166666666667,0.7222222222222222,0.1111111111111111,0.16666666666666666,0.30622499999999997
2021-11-22,Healthcare,14,0.02397142857142858,0.35714285714285715,0.21428571428571427,0.42857142857142855,-0.11719017857142856
2021-11-22,Industrials,7,0.048685714285714284,0.14285714285714285,0.14285714285714285,0.7142857142857143,0.11390625
2021-11-22,Materials,9,0.23664444444444444,0.7777777777777778,0.0,0.2222222222222222,0.25709499999999996
2021-11-22,RealEstate,8,0.3243625,0.625,0.0,0.375,0.24995833333333334
2021-11-22,Tech,31,0.24228387096774193,0.5483870967741935,0.0967741935483871,0.3548387096774194,0.18750116666666666
2021-11-22,Utilities,6,0.22753333333333334,0.5,0.0,0.5,0.17057777777777774
2021-11-23,Comm,11,0.07023636363636364,0.2727272727272727,0.2727272727272727,0.45454545454545453,0.13581400000000002
2021-11-23,Consumer,13,0.14661538461538462,0.46153846153846156,0.15384615384615385,0.38461538461538464,0.15613958333333333
2021-11-23,Energy,13,0.3643,0.7692307692307693,0.0,0.23076923076923078,0.291305
2021-11-23,Financials,17,0.017099999999999994,0.47058823529411764,0.23529411764705882,0.29411764705882354,0.03496125
2021-11-23,Healthcare,10,0.14487,0.4,0.0,0.6,0.18705
2021-11-23,Industrials,3,0.15253333333333333,0.3333333333333333,0.0,0.6666666666666666,0.1144
2021-11-23,Materials,2,0.12695,1.0,0.0,0.0,0.12695
2021-11-23,Tech,11,0.3593090909090909,0.6363636363636364,0.0,0.36363636363636365,0.33617600000000003
2021-11-23,Utilities,1,0.0,0.0,0.0,1.0,0.0
2021-11-24,Comm,7,0.2413857142857143,0.5714285714285714,0.14285714285714285,0.2857142857142857,0.16170625
2021-11-24,Consumer,9,0.0893111111111111,0.3333333333333333,0.1111111111111111,0.5555555555555556,0.06698333333333333
2021-11-24,Energy,5,0.05464,0.2,0.0,0.8,0.030355555555555556
2021-11-24,Financials,13,0.01823076923076923,0.3076923076923077,0.15384615384615385,0.5384615384615384,0.08745
2021-11-24,Healthcare,4,-0.05077499999999997,0.25,0.5,0.25,-0.1931333333333333
2021-11-24,Industrials,4,0.0,0.0,0.0,1.0,0.0
2021-11-24,Materials,3,0.0,0.0,0.0,1.0,0.0
2021-11-24,RealEstate,1,0.296,1.0,0.0,0.0,0.296
2021-11-24,Tech,21,-0.0009809523809523734,0.19047619047619047,0.19047619047619047,0.6190476190476191,-0.031169444444444437
2021-11-24,Utilities,1,0.34,1.0,0.0,0.0,0.34
2021-11-26,Comm,7,0.21807142857142855,0.7142857142857143,0.2857142857142857,0.0,0.08984666666666666
2021-11-26,Consumer,18,0.22021666666666664,0.6111111111111112,0.2222222222222222,0.16666666666666666,0.27336733333333335
2021-11-26,Energy,14,-0.13979285714285714,0.07142857142857142,0.42857142857142855,0.5,-0.044425000000000006
2021-11-26,Financials,15,-0.06121333333333333,0.26666666666666666,0.4,0.3333333333333333,-0.07245966666666667
2021-11-26,Healthcare,5,-0.07578000000000001,0.4,0.4,0.2,-0.11765555555555557
2021-11-26,Industrials,5,-0.05738000000000001,0.2,0.4,0.4,0.04
2021-11-26,Materials,2,0.0,0.0,0.0,1.0,0.0
2021-11-26,RealEstate,2,0.31845,0.5,0.0,0.5,0.31845
2021-11-26,Tech,8,0.0463875,0.25,0.25,0.5,-0.037750000000000006
2021-11-29,Comm,5,-0.17558,0.0,0.6,0.4,-0.22576666666666667
2021-11-29,Consumer,23,0.010330434782608693,0.17391304347826086,0.17391304347826086,0.6521739130434783,0.04122575757575757
2021-11-29,Energy,10,0.07369,0.4,0.1,0.5,-0.0668
2021-11-29,Financials,16,0.021025000000000002,0.25,0.1875,0.5625,0.018380416666666666
2021-11-29,Healthcare,19,0.1161578947368421,0.3157894736842105,0.05263157894736842,0.631578947368421,0.12617147435897436
2021-11-29,Industrials,5,0.02026,0.2,0.2,0.6,0.025325
2021-11-29,Materials,3,0.0,0.0,0.0,1.0,0.0
2021-11-29,RealEstate,6,0.10415,0.16666666666666666,0.0,0.8333333333333334,0.052075
2021-11-29,Tech,31,0.15621290322580644,0.45161290322580644,0.16129032258064516,0.3870967741935484,0.12805257142857143
2021-11-29,Utilities,4,0.23775000000000002,0.5,0.0,0.5,0.23775000000000002
2021-11-30,Comm,14,0.07558571428571428,0.2857142857142857,0.14285714285714285,0.5714285714285714,0.10051666666666666
2021-11-30,Consumer,17,0.11346470588235294,0.35294117647058826,0.17647058823529413,0.47058823529411764,0.23822583333333333
2021-11-30,Energy,11,-0.02596363636363636,0.36363636363636365,0.36363636363636365,0.2727272727272727,-0.029681250000000034
2021-11-30,Financials,13,0.20725384615384618,0.46153846153846156,0.0,0.5384615384615384,0.18396833333333334
2021-11-30,Healthcare,10,0.09176000000000002,0.4,0.1,0.5,0.09612380952380954
2021-11-30,Industrials,5,0.12854000000000002,0.4,0.0,0.6,0.10711666666666668
2021-11-30,Materials,3,0.2014,0.6666666666666666,0.0,0.3333333333333333,0.201625
2021-11-30,RealEstate,5,0.0,0.0,0.0,1.0,0.0
2021-11-30,Tech,23,0.08245217391304348,0.21739130434782608,0.13043478260869565,0.6521739130434783,0.02141722222222222
2021-11-30,Utilities,4,0.292825,0.75,0.0,0.25,0.292825
2021-12-01,Comm,8,0.23505,0.625,0.0,0.375,0.24037916666666667
2021-12-01,Consumer,21,-0.09623809523809523,0.14285714285714285,0.3333333333333333,0.5238095238095238,-0.080848
2021-12-01,Energy,11,0.14965454545454546,0.45454545454545453,0.0,0.5454545454545454,0.21672333333333332
2021-12-01,Financials,8,-0.0596375,0.125,0.25,0.625,-0.029818749999999998
2021-12-01,Healthcare,17,-0.008182352941176474,0.23529411764705882,0.29411764705882354,0.47058823529411764,-0.11163333333333333
2021-12-01,Industrials,4,-0.16142499999999999,0.0,0.5,0.5,-0.14498333333333333
2021-12-01,Materials,3,-0.1998,0.0,0.3333333333333333,0.6666666666666666,-0.1998
2021-12-01,RealEstate,2,0.10115,0.5,0.0,0.5,0.10115
2021-12-01,Tech,8,-0.016074999999999992,0.375,0.25,0.375,-0.06669999999999998
2021-12-01,Utilities,4,0.0683,0.25,0.0,0.75,0.045533333333333335
2021-12-02,Comm,6,-0.064,0.0,0.5,0.5,-0.064
2021-12-02,Consumer,17,0.16022941176470587,0.47058823529411764,0.11764705882352941,0.4117647058823529,0.20355446428571428
2021-12-02,Energy,25,0.12337999999999999,0.44,0.04,0.52,0.11395873015873015
2021-12-02,Financials,17,0.12992941176470588,0.47058823529411764,0.17647058823529413,0.35294117647058826,-0.008119166666666655
2021-12-02,Healthcare,12,-0.027766666666666665,0.08333333333333333,0.08333333333333333,0.8333333333333334,-0.15028333333333332
2021-12-02,Industrials,5,-0.005099999999999999,0.2,0.2,0.6,-0.0042499999999999994
2021-12-02,Materials,5,-0.10578000000000001,0.2,0.2,0.6,-0.23701111111111114
2021-12-02,RealEstate,4,0.4454,0.75,0.25,0.0,0.47250000000000003
2021-12-02,Tech,24,0.16842916666666666,0.4166666666666667,0.08333333333333333,0.5,0.17711696969696972
2021-12-02,Utilities,1,0.0,0.0,0.0,1.0,0.0
2021-12-03,Comm,6,-0.022783333333333333,0.16666666666666666,0.16666666666666666,0.6666666666666666,-0.022783333333333336
2021-12-03,Consumer,16,0.2336,0.5625,0.0,0.4375,0.25743142857142853
2021-12-03,Energy,7,-0.004242857142857144,0.14285714285714285,0.2857142857142857,0.5714285714285714,-0.009045833333333333
2021-12-03,Financials,10,0.13615000000000002,0.4,0.1,0.5,0.00906499999999999
2021-12-03,Healthcare,8,0.241825,0.625,0.125,0.25,0.23316875
2021-12-03,Industrials,4,0.159225,0.25,0.0,0.75,0.21230000000000002
2021-12-03,Materials,7,-0.02761428571428571,0.14285714285714285,0.14285714285714285,0.7142857142857143,-0.016108333333333332
2021-12-03,RealEstate,4,-0.0683,0.25,0.5,0.25,-0.1404
2021-12-03,Tech,28,0.08574642857142857,0.39285714285714285,0.25,0.35714285714285715,0.1792810267857143
2021-12-03,Utilities,3,0.40693333333333337,1.0,0.0,0.0,0.4153
2021-12-06,Comm,12,0.18908333333333335,0.4166666666666667,0.08333333333333333,0.5,0.06302777777777778
2021-12-06,Consumer,27,0.11952222222222222,0.37037037037037035,0.1111111111111111,0.5185185185185185,0.07901809523809526
2021-12-06,Energy,24,0.057362500000000004,0.2916666666666667,0.16666666666666666,0.5416666666666666,0.03752988095238095
2021-12-06,Financials,21,0.056499999999999995,0.42857142857142855,0.14285714285714285,0.42857142857142855,0.03826166666666667
2021-12-06,Healthcare,19,0.06186315789473684,0.2631578947368421,0.15789473684210525,0.5789473684210527,0.17400722222222223
2021-12-06,Industrials,8,0.3057625,0.75,0.0,0.25,0.2990433333333333
2021-12-06,Materials,3,0.1589,0.3333333333333333,0.0,0.6666666666666666,0.119175
2021-12-06,RealEstate,4,0.050575,0.25,0.0,0.75,0.033716666666666666
2021-12-06,Tech,44,0.15005227272727273,0.5681818181818182,0.20454545454545456,0.22727272727272727,0.15547971212121212
2021-12-06,Utilities,3,0.2612333333333333,0.6666666666666666,0.0,0.3333333333333333,0.2612333333333333
2021-12-07,Comm,9,0.14671111111111113,0.3333333333333333,0.1111111111111111,0.5555555555555556,0.19829166666666667
2021-12-07,Consumer,14,-0.023585714285714293,0.21428571428571427,0.21428571428571427,0.5714285714285714,-0.027633333333333343
2021-12-07,Energy,14,0.13238571428571427,0.5714285714285714,0.07142857142857142,0.35714285714285715,0.12199041666666666
2021-12-07,Financials,21,0.03890952380952381,0.19047619047619047,0.14285714285714285,0.6666666666666666,0.06895055555555556
2021-12-07,Healthcare,13,0.03203076923076924,0.15384615384615385,0.07692307692307693,0.7692307692307693,0.015422222222222224
2021-12-07,Industrials,6,0.2259,0.5,0.16666666666666666,0.3333333333333333,0.169425
2021-12-07,Materials,2,0.0,0.0,0.0,1.0,0.0
2021-12-07,RealEstate,4,0.0,0.0,0.0,1.0,0.0
2021-12-07,Tech,43,0.1316046511627907,0.46511627906976744,0.09302325581395349,0.4418604651162791,0.18975738687782806
2021-12-07,Utilities,3,0.4058333333333333,0.6666666666666666,0.0,0.3333333333333333,0.424975
2021-12-08,Comm,9,0.3012222222222222,0.6666666666666666,0.0,0.3333333333333333,0.2553625
2021-12-08,Consumer,14,0.03345,0.35714285714285715,0.21428571428571427,0.42857142857142855,0.04672916666666667
2021-12-08,Energy,16,0.07008125,0.375,0.125,0.5,0.16977083333333332
2021-12-08,Financials,13,0.06731538461538461,0.3076923076923077,0.07692307692307693,0.6153846153846154,-0.045172000000000004
2021-12-08,Healthcare,5,0.12152,0.4,0.2,0.4,0.10704444444444446
2021-12-08,Industrials,6,0.05725,0.3333333333333333,0.16666666666666666,0.5,-0.033874999999999995
2021-12-08,Materials,2,0.2202,0.5,0.0,0.5,0.2202
2021-12-08,RealEstate,5,0.009199999999999996,0.2,0.2,0.6,0.011499999999999996
2021-12-08,Tech,15,0.03956666666666667,0.26666666666666666,0.2,0.5333333333333333,0.05381041666666666
2021-12-08,Utilities,1,-0.2732,0.0,1.0,0.0,-0.2732
2021-12-09,Comm,7,0.007028571428571427,0.14285714285714285,0.14285714285714285,0.7142857142857143,0.020958333333333332
2021-12-09,Consumer,20,0.13345,0.35,0.1,0.55,0.119395
2021-12-09,Energy,11,0.026054545454545455,0.2727272727272727,0.2727272727272727,0.45454545454545453,0.006031250000000002
2021-12-09,Financials,19,0.21781052631578945,0.47368421052631576,0.0,0.5263157894736842,0.19018666666666667
2021-12-09,Healthcare,6,0.018099999999999995,0.16666666666666666,0.16666666666666666,0.6666666666666666,0.013574999999999997
2021-12-09,Industrials,4,0.20584999999999998,0.5,0.0,0.5,0.20421666666666663
2021-12-09,Materials,7,0.16765714285714287,0.2857142857142857,0.0,0.7142857142857143,0.19453
2021-12-09,RealEstate,2,0.3243,0.5,0.0,0.5,0.3243
2021-12-09,Tech,27,0.1003185185185185,0.4444444444444444,0.37037037037037035,0.18518518518518517,0.13742472727272725
2021-12-10,Comm,9,0.13153333333333334,0.2222222222222222,0.1111111111111111,0.6666666666666666,0.15510666666666667
2021-12-10,Consumer,8,0.048725,0.375,0.25,0.375,0.026437499999999996
2021-12-10,Energy,8,0.1888125,0.375,0.0,0.625,0.26400666666666667
2021-12-10,Financials,10,0.03935,0.2,0.1,0.7,0.0696775
2021-12-10,Healthcare,13,0.005223076923076912,0.23076923076923078,0.15384615384615385,0.6153846153846154,0.05132166666666667
2021-12-10,Industrials,4,0.174875,0.75,0.0,0.25,0.1676166666666667
2021-12-10,Materials,1,0.34,1.0,0.0,0.0,0.34
2021-12-10,RealEstate,4,0.18130000000000002,0.5,0.25,0.25,0.18130000000000002
2021-12-10,Tech,16,0.09124375,0.25,0.0625,0.6875,0.06850606060606061
2021-12-10,Utilities,1,0.296,1.0,0.0,0.0,0.296
2021-12-13,Comm,9,0.03907777777777778,0.2222222222222222,0.1111111111111111,0.6666666666666666,0.040465
2021-12-13,Consumer,21,0.053799999999999994,0.19047619047619047,0.047619047619047616,0.7619047619047619,0.05103
2021-12-13,Energy,12,0.10438333333333333,0.5,0.0,0.5,0.0707547619047619
2021-12-13,Financials,19,0.2934842105263158,0.5789473684210527,0.0,0.42105263157894735,0.292502
2021-12-13,Healthcare,18,0.18554444444444443,0.4444444444444444,0.0,0.5555555555555556,0.21109166666666668
2021-12-13,Industrials,10,-0.02744,0.1,0.1,0.8,-0.03610833333333333
2021-12-13,Materials,2,0.0,0.0,0.0,1.0,0.0
2021-12-13,RealEstate,10,0.02023,0.1,0.0,0.9,0.013486666666666666
2021-12-13,Tech,35,0.09332,0.34285714285714286,0.02857142857142857,0.6285714285714286,0.08031590909090909
2021-12-13,Utilities,4,0.298075,0.75,0.25,0.0,0.35165
2021-12-14,Comm,5,0.13198000000000001,0.4,0.0,0.6,0.07332222222222222
2021-12-14,Consumer,20,0.11431,0.35,0.1,0.55,0.10391733333333333
2021-12-14,Energy,4,0.29710000000000003,0.75,0.0,0.25,0.3198666666666667
2021-12-14,Financials,11,0.1238909090909091,0.36363636363636365,0.18181818181818182,0.45454545454545453,0.060083333333333336
2021-12-14,Healthcare,12,0.08293333333333335,0.25,0.08333333333333333,0.6666666666666666,0.049760000000000006
2021-12-14,Industrials,9,0.17517777777777777,0.4444444444444444,0.0,0.5555555555555556,0.1726625
2021-12-14,Materials,6,0.20636666666666667,0.3333333333333333,0.0,0.6666666666666666,0.24253333333333335
2021-12-14,RealEstate,4,0.42855,0.75,0.0,0.25,0.46525
2021-12-14,Tech,19,0.011273684210526316,0.15789473684210525,0.05263157894736842,0.7894736842105263,0.02925833333333333
2021-12-14,Utilities,3,0.1815,0.6666666666666666,0.0,0.3333333333333333,0.1815
2021-12-15,Comm,8,0.08445000000000001,0.625,0.125,0.25,0.12249
2021-12-15,Consumer,18,0.2989,0.6666666666666666,0.05555555555555555,0.2777777777777778,0.30734500000000003
2021-12-15,Energy,5,0.30694,0.8,0.2,0.0,0.17346666666666666
2021-12-15,Financials,14,0.06307142857142857,0.2857142857142857,0.21428571428571427,0.5,0.06062
2021-12-15,Healthcare,9,0.019811111111111113,0.2222222222222222,0.1111111111111111,0.6666666666666666,-0.018643749999999994
2021-12-15,Industrials,14,0.003250000000000003,0.14285714285714285,0.14285714285714285,0.7142857142857143,0.04408055555555556
2021-12-15,Materials,6,0.20218333333333335,0.6666666666666666,0.0,0.3333333333333333,0.22596666666666665
2021-12-15,RealEstate,4,0.151725,0.75,0.0,0.25,0.16858333333333334
2021-12-15,Tech,25,0.16195199999999998,0.44,0.04,0.52,0.20407466666666668
2021-12-15,Utilities,3,0.09106666666666667,0.3333333333333333,0.0,0.6666666666666666,0.09106666666666667
2021-12-16,Comm,13,0.1306692307692308,0.5384615384615384,0.07692307692307693,0.38461538461538464,0.19804
2021-12-16,Consumer,10,0.25865,0.5,0.0,0.5,0.3029625
2021-12-16,Energy,5,0.07024,0.4,0.4,0.2,0.11608749999999998
2021-12-16,Financials,24,-0.05255833333333334,0.25,0.3333333333333333,0.4166666666666667,-0.07125375
2021-12-16,Healthcare,14,0.09277857142857142,0.35714285714285715,0.21428571428571427,0.42857142857142855,0.011853999999999998
2021-12-16,Industrials,19,-0.029252631578947374,0.15789473684210525,0.21052631578947367,0.631578947368421,-0.027255
2021-12-16,Materials,5,0.03704,0.4,0.2,0.4,0.05363333333333333
2021-12-16,RealEstate,5,0.12248,0.2,0.0,0.8,0.07655
2021-12-16,Tech,30,0.08346333333333335,0.3,0.13333333333333333,0.5666666666666667,0.08213541666666667
2021-12-16,Utilities,2,0.0,0.0,0.0,1.0,0.0
2021-12-17,Comm,11,0.051809090909090916,0.45454545454545453,0.36363636363636365,0.18181818181818182,-0.08777499999999999
2021-12-17,Consumer,29,0.10277241379310345,0.3448275862068966,0.10344827586206896,0.5517241379310345,0.10430390476190476
2021-12-17,Energy,11,0.14701818181818183,0.5454545454545454,0.09090909090909091,0.36363636363636365,0.15038666666666667
2021-12-17,Financials,13,0.10075384615384617,0.38461538461538464,0.15384615384615385,0.46153846153846156,0.11059133333333335
2021-12-17,Healthcare,8,0.39405,0.625,0.0,0.375,0.33908999999999995
2021-12-17,Industrials,14,0.008514285714285716,0.21428571428571427,0.21428571428571427,0.5714285714285714,0.04993285714285715
2021-12-17,Materials,1,0.0,0.0,0.0,1.0,0.0
2021-12-17,RealEstate,3,0.23786666666666667,0.6666666666666666,0.3333333333333333,0.0,0.11009999999999998
2021-12-17,Tech,16,-0.11429375,0.25,0.4375,0.3125,-0.12269000000000001
2021-12-17,Utilities,4,0.0,0.0,0.0,1.0,0.0
2021-12-20,Comm,13,0.14784615384615385,0.5384615384615384,0.23076923076923078,0.23076923076923078,0.19402
2021-12-20,Consumer,38,0.09310526315789473,0.2631578947368421,0.21052631578947367,0.5263157894736842,0.12491312217194572
2021-12-20,Energy,7,0.001185714285714282,0.42857142857142855,0.2857142857142857,0.2857142857142857,0.0009222222222222317
2021-12-20,Financials,19,-0.055578947368421054,0.2631578947368421,0.3157894736842105,0.42105263157894735,-0.07525454545454545
2021-12-20,Healthcare,14,0.12989285714285714,0.5714285714285714,0.07142857142857142,0.35714285714285715,0.11151933333333333
2021-12-20,Industrials,17,-0.009976470588235293,0.23529411764705882,0.23529411764705882,0.5294117647058824,0.019167499999999983
2021-12-20,Materials,3,0.054266666666666664,0.3333333333333333,0.3333333333333333,0.3333333333333333,0.054266666666666664
2021-12-20,RealEstate,3,0.1761,0.6666666666666666,0.0,0.3333333333333333,0.144975
2021-12-20,Tech,26,0.14765769230769232,0.4230769230769231,0.15384615384615385,0.4230769230769231,0.022605000000000007
2021-12-20,Utilities,4,0.3581,0.75,0.0,0.25,0.2880666666666667
2021-12-21,Comm,13,0.022769230769230767,0.07692307692307693,0.0,0.9230769230769231,0.074
2021-12-21,Consumer,31,0.18047096774193547,0.4838709677419355,0.0967741935483871,0.41935483870967744,0.11262368421052632
2021-12-21,Energy,1,0.0,0.0,0.0,1.0,0.0
2021-12-21,Financials,12,0.17470833333333333,0.5,0.0,0.5,0.14662
2021-12-21,Healthcare,16,0.20880625,0.5,0.1875,0.3125,0.16676285714285713
2021-12-21,Industrials,15,0.14348,0.4666666666666667,0.06666666666666667,0.4666666666666667,0.14756916666666667
2021-12-21,RealEstate,4,0.3446,1.0,0.0,0.0,0.3446
2021-12-21,Tech,18,0.18810000000000002,0.5,0.0,0.5,0.1621288888888889
2021-12-21,Utilities,2,0.5794,1.0,0.0,0.0,0.5794
2021-12-22,Comm,7,0.29868571428571433,0.5714285714285714,0.0,0.42857142857142855,0.3649
2021-12-22,Consumer,14,-0.019028571428571422,0.2857142857142857,0.21428571428571427,0.5,0.020054166666666675
2021-12-22,Energy,4,0.100475,0.25,0.0,0.75,0.06698333333333333
2021-12-22,Financials,7,0.13172857142857142,0.42857142857142855,0.0,0.5714285714285714,0.16549999999999998
2021-12-22,Healthcare,14,0.036585714285714284,0.35714285714285715,0.2857142857142857,0.35714285714285715,0.08831562500000001
2021-12-22,Industrials,6,0.30051666666666665,0.6666666666666666,0.16666666666666666,0.16666666666666666,0.335775
2021-12-22,RealEstate,4,0.0,0.0,0.0,1.0,0.0
2021-12-22,Tech,18,0.42734444444444447,0.7222222222222222,0.0,0.2777777777777778,0.5457966666666667
2021-12-22,Utilities,1,0.0,0.0,0.0,1.0,0.0
2021-12-23,Comm,10,0.15122,0.3,0.0,0.7,0.12422222222222222
2021-12-23,Consumer,16,0.12638749999999999,0.4375,0.0625,0.5,0.0744225
2021-12-23,Energy,11,-0.04180000000000001,0.18181818181818182,0.2727272727272727,0.5454545454545454,-0.015326666666666669
2021-12-23,Financials,16,0.07258125,0.25,0.125,0.625,0.09492999999999999
2021-12-23,Healthcare,23,0.15782173913043476,0.4782608695652174,0.2608695652173913,0.2608695652173913,0.21105372549019608
2021-12-23,Industrials,7,0.07118571428571428,0.2857142857142857,0.0,0.7142857142857143,0.03322
2021-12-23,Materials,7,0.17502857142857145,0.42857142857142855,0.0,0.5714285714285714,0.16787000000000002
2021-12-23,RealEstate,1,0.0,0.0,0.0,1.0,0.0
2021-12-23,Tech,19,0.11680526315789475,0.42105263157894735,0.15789473684210525,0.42105263157894735,0.12270833333333334
2021-12-23,Utilities,1,0.4576,1.0,0.0,0.0,0.4576
2021-12-27,Comm,8,0.2967625,0.75,0.0,0.25,0.2967625
2021-12-27,Consumer,24,0.18220833333333333,0.5,0.08333333333333333,0.4166666666666667,0.060158333333333314
2021-12-27,Energy,11,0.26807272727272724,0.7272727272727273,0.09090909090909091,0.18181818181818182,0.23013541666666665
2021-12-27,Financials,15,0.15480666666666665,0.4666666666666667,0.06666666666666667,0.4666666666666667,0.19610999999999998
2021-12-27,Healthcare,18,0.2081277777777778,0.6111111111111112,0.1111111111111111,0.2777777777777778,0.22869291666666666
2021-12-27,Industrials,11,0.22231818181818183,0.45454545454545453,0.0,0.5454545454545454,0.268165
2021-12-27,Materials,1,-0.1027,0.0,1.0,0.0,-0.1027
2021-12-27,RealEstate,6,0.028416666666666663,0.3333333333333333,0.16666666666666666,0.5,-0.031375
2021-12-27,Tech,21,0.1319095238095238,0.38095238095238093,0.047619047619047616,0.5714285714285714,0.163495625
2021-12-27,Utilities,2,-0.10115,0.0,0.5,0.5,-0.10115
2021-12-28,Comm,9,0.12933333333333333,0.3333333333333333,0.1111111111111111,0.5555555555555556,0.07275
2021-12-28,Consumer,18,0.04991666666666666,0.2222222222222222,0.1111111111111111,0.6666666666666666,0.10820125
2021-12-28,Energy,8,-0.04221250000000001,0.125,0.375,0.5,-0.05641111111111111
2021-12-28,Financials,3,0.12040000000000001,0.3333333333333333,0.0,0.6666666666666666,0.12040000000000001
2021-12-28,Healthcare,8,0.12066249999999999,0.5,0.25,0.25,0.12369999999999999
2021-12-28,Industrials,10,-0.14401999999999998,0.1,0.4,0.5,-0.06000833333333333
2021-12-28,Materials,10,0.13871,0.6,0.0,0.4,0.1360125
2021-12-28,RealEstate,2,0.21075,0.5,0.0,0.5,0.21075
2021-12-28,Tech,30,0.19536333333333333,0.4,0.03333333333333333,0.5666666666666667,0.18943031818181819
2021-12-28,Utilities,3,-0.01056666666666665,0.3333333333333333,0.3333333333333333,0.3333333333333333,-0.01056666666666665
2021-12-29,Comm,4,0.050575,0.5,0.25,0.25,0.033716666666666666
2021-12-29,Consumer,15,0.06711333333333333,0.3333333333333333,0.2,0.4666666666666667,0.07973645833333333
2021-12-29,Energy,6,0.2147,0.5,0.0,0.5,0.22915
2021-12-29,Financials,9,-0.025144444444444445,0.1111111111111111,0.2222222222222222,0.6666666666666666,-0.05865666666666667
2021-12-29,Healthcare,2,0.36819999999999997,1.0,0.0,0.0,0.36819999999999997
2021-12-29,Industrials,8,0.0796125,0.25,0.125,0.625,0.13081666666666666
2021-12-29,Materials,1,0.6369,1.0,0.0,0.0,0.6369
2021-12-29,RealEstate,5,0.18639999999999998,0.6,0.0,0.4,0.15533333333333332
2021-12-29,Tech,12,0.13024166666666667,0.3333333333333333,0.16666666666666666,0.5,0.12633944444444442
2021-12-29,Utilities,4,0.252925,0.75,0.25,0.0,0.2197166666666667
2021-12-30,Comm,15,0.19270666666666666,0.5333333333333333,0.06666666666666667,0.4,0.1517133333333333
2021-12-30,Consumer,19,0.09172631578947368,0.21052631578947367,0.10526315789473684,0.6842105263157895,0.07742833333333334
2021-12-30,Energy,7,0.07367142857142857,0.2857142857142857,0.14285714285714285,0.5714285714285714,0.032231249999999996
2021-12-30,Financials,11,0.30121818181818183,0.7272727272727273,0.09090909090909091,0.18181818181818182,0.347375
2021-12-30,Healthcare,15,0.1635,0.3333333333333333,0.06666666666666667,0.6,0.1717922619047619
2021-12-30,Industrials,4,0.105375,0.25,0.0,0.75,0.105375
2021-12-30,Materials,3,0.13396666666666665,0.3333333333333333,0.0,0.6666666666666666,0.100475
2021-12-30,RealEstate,4,0.23004999999999998,0.75,0.0,0.25,0.2364833333333333
2021-12-30,Tech,20,0.196055,0.45,0.0,0.55,0.15874000000000002
2021-12-30,Utilities,3,0.4381333333333333,1.0,0.0,0.0,0.429075
2021-12-31,Comm,7,0.08607142857142856,0.42857142857142855,0.2857142857142857,0.2857142857142857,0.02198888888888889
2021-12-31,Consumer,12,0.027308333333333334,0.25,0.16666666666666666,0.5833333333333334,0.05556333333333334
2021-12-31,Energy,8,0.2904,0.625,0.0,0.375,0.34495000000000003
2021-12-31,Financials,15,0.10033333333333333,0.3333333333333333,0.06666666666666667,0.6,0.08067300000000001
2021-12-31,Healthcare,5,0.1662,0.6,0.0,0.4,0.15055
2021-12-31,Industrials,2,0.0,0.0,0.0,1.0,0.0
2021-12-31,RealEstate,2,0.04684999999999999,0.5,0.5,0.0,0.04684999999999999
2021-12-31,Tech,18,0.15764999999999998,0.2777777777777778,0.0,0.7222222222222222,0.2338704285714286
2021-12-31,Utilities,3,0.18213333333333334,0.6666666666666666,0.0,0.3333333333333333,0.1366
2022-01-03,Comm,14,-0.01376428571428572,0.35714285714285715,0.2857142857142857,0.35714285714285715,0.20378846153846153
2022-01-03,Consumer,22,0.07183181818181818,0.22727272727272727,0.13636363636363635,0.6363636363636364,0.0528665
2022-01-03,Energy,20,0.09090000000000001,0.4,0.15,0.45,0.07005714285714286
2022-01-03,Financials,16,0.10250625,0.3125,0.0625,0.625,0.08370214285714285
2022-01-03,Healthcare,20,0.2069,0.55,0.0,0.45,0.17695504761904762
2022-01-03,Industrials,10,0.16304000000000002,0.3,0.0,0.7,0.24409
2022-01-03,Materials,2,0.10115,0.5,0.0,0.5,0.10115
2022-01-03,RealEstate,5,0.12738,0.2,0.0,0.8,0.10615000000000001
2022-01-03,Tech,23,0.23773043478260872,0.5217391304347826,0.043478260869565216,0.43478260869565216,0.33599940476190476
2022-01-03,Utilities,5,0.0359,0.4,0.2,0.4,0.07545
2022-01-04,Comm,9,0.12213333333333336,0.5555555555555556,0.3333333333333333,0.1111111111111111,0.26890000000000003
2022-01-04,Consumer,7,0.0,0.0,0.0,1.0,0.0
2022-01-04,Energy,6,0.11269999999999998,0.3333333333333333,0.16666666666666666,0.5,0.04521666666666667
2022-01-04,Financials,22,0.09119545454545454,0.36363636363636365,0.13636363636363635,0.5,0.08620244444444444
2022-01-04,Healthcare,10,0.06352,0.2,0.1,0.7,0.04162666666666667
2022-01-04,Industrials,10,0.17431000000000002,0.3,0.0,0.7,0.164325
2022-01-04,Materials,3,0.0,0.0,0.0,1.0,0.0
2022-01-04,RealEstate,3,0.31096666666666667,0.6666666666666666,0.0,0.3333333333333333,0.30722499999999997
2022-01-04,Tech,43,0.04773953488372093,0.13953488372093023,0.06976744186046512,0.7906976744186046,0.061587843137254905
2022-01-04,Utilities,5,0.20779999999999998,0.4,0.0,0.6,0.20779999999999998
2022-01-05,Comm,15,0.14561333333333334,0.3333333333333333,0.0,0.6666666666666666,0.22081666666666666
2022-01-05,Consumer,22,0.0575,0.3181818181818182,0.09090909090909091,0.5909090909090909,0.05369055555555556
2022-01-05,Energy,14,0.1095142857142857,0.42857142857142855,0.07142857142857142,0.5,0.15812222222222222
2022-01-05,Financials,12,0.13391666666666668,0.3333333333333333,0.0,0.6666666666666666,0.16203250000000002
2022-01-05,Healthcare,6,-0.06763333333333332,0.3333333333333333,0.16666666666666666,0.5,-0.02543749999999999
2022-01-05,Industrials,8,0.1252375,0.375,0.0,0.625,0.11132222222222223
2022-01-05,Materials,3,0.09106666666666667,0.3333333333333333,0.0,0.6666666666666666,0.09106666666666667
2022-01-05,RealEstate,4,0.1101,0.25,0.0,0.75,0.1468
2022-01-05,Tech,38,0.13247105263157896,0.39473684210526316,0.05263157894736842,0.5526315789473685,0.13513872727272727
2022-01-05,Utilities,2,0.20395000000000002,0.5,0.5,0.0,0.20395000000000002
2022-01-06,Comm,18,0.17765555555555557,0.5555555555555556,0.1111111111111111,0.3333333333333333,0.259594
2022-01-06,Consumer,17,0.15514705882352942,0.47058823529411764,0.11764705882352941,0.4117647058823529,0.15405466666666667
2022-01-06,Energy,14,0.010464285714285723,0.2857142857142857,0.2857142857142857,0.42857142857142855,-0.03813999999999999
2022-01-06,Financials,15,0.10856,0.3333333333333333,0.0,0.6666666666666666,0.07243
2022-01-06,Healthcare,8,0.2601625,0.5,0.0,0.5,0.31234
2022-01-06,Industrials,10,0.02023,0.1,0.0,0.9,0.033716666666666666
2022-01-06,Materials,5,0.16784000000000002,0.4,0.0,0.6,0.23477777777777778
2022-01-06,RealEstate,5,0.17759999999999998,0.6,0.0,0.4,0.19733333333333333
2022-01-06,Tech,14,0.12199285714285714,0.2857142857142857,0.0,0.7142857142857143,0.15982
2022-01-06,Utilities,1,0.296,1.0,0.0,0.0,0.296
2022-01-07,Comm,20,0.144255,0.45,0.1,0.45,0.133331
2022-01-07,Consumer,18,0.042122222222222214,0.2777777777777778,0.2777777777777778,0.4444444444444444,0.007654999999999995
2022-01-07,Energy,12,0.18009166666666668,0.4166666666666667,0.08333333333333333,0.5,0.19563999999999998
2022-01-07,Financials,15,0.05716666666666667,0.26666666666666666,0.06666666666666667,0.6666666666666666,0.08587916666666667
2022-01-07,Healthcare,9,0.13243333333333332,0.6666666666666666,0.2222222222222222,0.1111111111111111,0.1480388888888889
2022-01-07,Industrials,13,0.11126923076923076,0.5384615384615384,0.15384615384615385,0.3076923076923077,0.07914625
2022-01-07,Materials,2,0.20095,0.5,0.0,0.5,0.20095
2022-01-07,RealEstate,2,0.0,0.0,0.0,1.0,0.0
2022-01-07,Tech,19,-0.04083684210526316,0.15789473684210525,0.2631578947368421,0.5789473684210527,-0.05661
2022-01-07,Utilities,3,0.14880000000000002,0.6666666666666666,0.3333333333333333,0.0,0.14880000000000002
2022-01-10,Comm,27,0.06213333333333334,0.3333333333333333,0.07407407407407407,0.5925925925925926,0.11034857142857142
2022-01-10,Consumer,25,0.101128,0.44,0.24,0.32,0.08441433333333333
2022-01-10,Energy,18,0.21592777777777777,0.7222222222222222,0.2222222222222222,0.05555555555555555,0.22921222222222223
2022-01-10,Financials,37,0.15908108108108107,0.40540540540540543,0.13513513513513514,0.4594594594594595,0.1865315714285714
2022-01-10,Healthcare,16,0.22949375,0.5625,0.0,0.4375,0.22336666666666666
2022-01-10,Industrials,16,0.1634625,0.4375,0.125,0.4375,0.1759342857142857
2022-01-10,Materials,2,0.148,0.5,0.0,0.5,0.148
2022-01-10,RealEstate,2,0.31845,0.5,0.0,0.5,0.31845
2022-01-10,Tech,27,0.05468148148148148,0.3333333333333333,0.2222222222222222,0.4444444444444444,0.0809375
2022-01-10,Utilities,8,0.42955,1.0,0.0,0.0,0.4137375
2022-01-11,Comm,14,0.0831642857142857,0.2857142857142857,0.14285714285714285,0.5714285714285714,0.080425
2022-01-11,Consumer,9,0.06780000000000001,0.3333333333333333,0.1111111111111111,0.5555555555555556,0.13477333333333336
2022-01-11,Energy,11,0.1696,0.36363636363636365,0.09090909090909091,0.5454545454545454,0.15405079365079363
2022-01-11,Financials,12,0.10383333333333333,0.3333333333333333,0.0,0.6666666666666666,0.11200333333333332
2022-01-11,Healthcare,7,0.13001428571428572,0.2857142857142857,0.0,0.7142857142857143,0.10112222222222222
2022-01-11,Industrials,14,0.034935714285714285,0.14285714285714285,0.14285714285714285,0.7142857142857143,0.088235
2022-01-11,Materials,1,0.0,0.0,0.0,1.0,0.0
2022-01-11,RealEstate,5,-0.09248000000000002,0.4,0.4,0.2,-0.1769666666666667
2022-01-11,Tech,27,0.14757407407407408,0.37037037037037035,0.0,0.6296296296296297,0.11937288888888889
2022-01-11,Utilities,2,0.148,0.5,0.0,0.5,0.148
2022-01-12,Comm,14,0.1668285714285714,0.35714285714285715,0.0,0.6428571428571429,0.15800533333333333
2022-01-12,Consumer,20,0.06069,0.35,0.1,0.55,0.11597333333333334
2022-01-12,Energy,23,0.23845652173913046,0.6521739130434783,0.08695652173913043,0.2608695652173913,0.24929479166666665
2022-01-12,Financials,33,0.20503030303030303,0.3939393939393939,0.06060606060606061,0.5454545454545454,0.20444772727272728
2022-01-12,Healthcare,16,0.11873750000000001,0.3125,0.0,0.6875,0.10244666666666666
2022-01-12,Industrials,10,0.23193000000000003,0.7,0.1,0.2,0.3119604166666667
2022-01-12,Materials,2,0.0,0.0,0.0,1.0,0.0
2022-01-12,RealEstate,7,0.004328571428571427,0.14285714285714285,0.14285714285714285,0.7142857142857143,-0.06778125
2022-01-12,Tech,27,0.156,0.4444444444444444,0.07407407407407407,0.48148148148148145,0.14554
2022-01-12,Utilities,1,0.0,0.0,0.0,1.0,0.0
2022-01-13,Comm,17,0.1603058823529412,0.47058823529411764,0.058823529411764705,0.47058823529411764,0.17099999999999999
2022-01-13,Consumer,12,0.23220833333333335,0.6666666666666666,0.08333333333333333,0.25,0.255645
2022-01-13,Energy,25,0.18416,0.6,0.04,0.36,0.14125766666666667
2022-01-13,Financials,44,0.14502727272727273,0.38636363636363635,0.022727272727272728,0.5909090909090909,0.13047952380952382
2022-01-13,Healthcare,14,0.12877857142857144,0.35714285714285715,0.0,0.6428571428571429,0.11591100000000001
2022-01-13,Industrials,12,-0.033041666666666664,0.16666666666666666,0.16666666666666666,0.6666666666666666,0.021233333333333326
2022-01-13,Materials,4,0.24422500000000003,0.5,0.0,0.5,0.27615
2022-01-13,RealEstate,3,0.11333333333333334,0.3333333333333333,0.0,0.6666666666666666,0.11333333333333334
2022-01-13,Tech,32,0.20360625000000002,0.40625,0.03125,0.5625,0.22538711111111112
2022-01-13,Utilities,4,0.26015,0.75,0.0,0.25,0.26381666666666664
2022-01-14,Comm,18,0.03777777777777778,0.1111111111111111,0.0,0.8888888888888888,0.0408
2022-01-14,Consumer,24,-0.02512500000000001,0.20833333333333334,0.2916666666666667,0.5,-0.029882500000000013
2022-01-14,Energy,20,0.101415,0.4,0.25,0.35,0.15531750000000002
2022-01-14,Financials,52,0.06667500000000001,0.38461538461538464,0.23076923076923078,0.38461538461538464,0.09833298534798535
2022-01-14,Healthcare,13,0.23234615384615387,0.6153846153846154,0.07692307692307693,0.3076923076923077,0.20001000000000002
2022-01-14,Industrials,16,0.1386625,0.3125,0.0,0.6875,0.23939444444444447
2022-01-14,Materials,4,0.159,0.5,0.0,0.5,0.20466666666666666
2022-01-14,RealEstate,4,0.1365,0.5,0.0,0.5,0.09100000000000001
2022-01-14,Tech,17,0.21459411764705882,0.5882352941176471,0.11764705882352941,0.29411764705882354,0.20481952380952378
2022-01-14,Utilities,6,0.1723,0.5,0.0,0.5,0.129225
2022-01-18,Comm,43,-0.060739534883720935,0.18604651162790697,0.3488372093023256,0.46511627906976744,-0.048118081232493
2022-01-18,Consumer,39,0.041438461538461535,0.3076923076923077,0.15384615384615385,0.5384615384615384,0.032895820512820514
2022-01-18,Energy,35,0.18181999999999998,0.6285714285714286,0.05714285714285714,0.3142857142857143,0.21999
2022-01-18,Financials,94,0.10122765957446808,0.39361702127659576,0.1595744680851064,0.44680851063829785,0.152250417794971
2022-01-18,Healthcare,29,0.12982413793103448,0.3793103448275862,0.0,0.6206896551724138,0.14133233333333334
2022-01-18,Industrials,22,0.031022727272727278,0.45454545454545453,0.22727272727272727,0.3181818181818182,0.06635179487179486
2022-01-18,Materials,9,0.09314444444444445,0.4444444444444444,0.1111111111111111,0.4444444444444444,0.018375555555555555
2022-01-18,RealEstate,6,-0.06698333333333333,0.0,0.16666666666666666,0.8333333333333334,-0.0502375
2022-01-18,Tech,38,0.17045263157894736,0.4473684210526316,0.10526315789473684,0.4473684210526316,0.18140290476190474
2022-01-18,Utilities,9,0.37714444444444445,0.7777777777777778,0.0,0.2222222222222222,0.38975333333333334
2022-01-19,Comm,21,0.06755238095238096,0.2857142857142857,0.047619047619047616,0.6666666666666666,0.06328333333333333
2022-01-19,Consumer,24,0.0964875,0.25,0.041666666666666664,0.7083333333333334,0.064398
2022-01-19,Energy,11,0.1093,0.36363636363636365,0.09090909090909091,0.5454545454545454,0.13234666666666667
2022-01-19,Financials,62,0.09355,0.3387096774193548,0.11290322580645161,0.5483870967741935,0.12486406679594915
2022-01-19,Healthcare,16,0.056025000000000005,0.25,0.0625,0.6875,0.049434000000000006
2022-01-19,Industrials,15,0.09833333333333334,0.3333333333333333,0.0,0.6666666666666666,0.13188
2022-01-19,Materials,7,0.13872857142857142,0.42857142857142855,0.0,0.5714285714285714,0.13952222222222221
2022-01-19,RealEstate,6,0.2372,0.5,0.0,0.5,0.296
2022-01-19,Tech,47,0.16381276595744682,0.46808510638297873,0.0851063829787234,0.44680851063829785,0.17442541666666667
2022-01-19,Utilities,9,0.17635555555555557,0.3333333333333333,0.0,0.6666666666666666,0.1315366666666667
2022-01-20,Comm,15,0.37224666666666667,0.8,0.0,0.2,0.42268585858585855
2022-01-20,Consumer,27,0.11567777777777778,0.4074074074074074,0.14814814814814814,0.4444444444444444,0.10373746031746034
2022-01-20,Energy,17,0.22639411764705883,0.5882352941176471,0.0,0.4117647058823529,0.13698020833333335
2022-01-20,Financials,22,0.1295090909090909,0.3181818181818182,0.18181818181818182,0.5,0.13082880952380954
2022-01-20,Healthcare,15,0.022280000000000005,0.2,0.06666666666666667,0.7333333333333333,0.03701533333333333
2022-01-20,Industrials,16,0.165675,0.4375,0.125,0.4375,0.16089933333333334
2022-01-20,Materials,8,0.0885,0.25,0.125,0.625,0.04425
2022-01-20,RealEstate,9,0.25068888888888885,0.4444444444444444,0.0,0.5555555555555556,0.27708
2022-01-20,Tech,48,0.18644166666666664,0.4791666666666667,0.0625,0.4583333333333333,0.22160061904761905
2022-01-20,Utilities,5,0.39976,1.0,0.0,0.0,0.3859375
2022-01-21,Comm,14,0.2083357142857143,0.6428571428571429,0.07142857142857142,0.2857142857142857,0.24227500000000002
2022-01-21,Consumer,32,0.056553124999999996,0.40625,0.15625,0.4375,0.17677039215686274
2022-01-21,Energy,25,0.117668,0.28,0.04,0.68,0.09697625000000001
2022-01-21,Financials,27,0.18262962962962964,0.48148148148148145,0.07407407407407407,0.4444444444444444,0.2109495238095238
2022-01-21,Healthcare,13,-0.08576923076923076,0.07692307692307693,0.23076923076923078,0.6923076923076923,-0.07991866666666667
2022-01-21,Industrials,15,0.02936,0.06666666666666667,0.0,0.9333333333333333,0.02202
2022-01-21,Materials,7,0.039028571428571426,0.14285714285714285,0.0,0.8571428571428571,0.022766666666666668
2022-01-21,RealEstate,5,0.25132,0.8,0.0,0.2,0.2862125
2022-01-21,Tech,30,0.10721666666666667,0.3333333333333333,0.1,0.5666666666666667,0.10918674242424242
2022-01-21,Utilities,9,0.2282,0.5555555555555556,0.1111111111111111,0.3333333333333333,0.20318
2022-01-24,Comm,22,0.0904590909090909,0.2727272727272727,0.18181818181818182,0.5454545454545454,0.13162333333333334
2022-01-24,Consumer,30,0.09417999999999999,0.3333333333333333,0.06666666666666667,0.6,0.08680333333333333
2022-01-24,Energy,22,0.06789545454545455,0.36363636363636365,0.18181818181818182,0.45454545454545453,0.04217333333333334
2022-01-24,Financials,19,0.22257368421052634,0.5789473684210527,0.05263157894736842,0.3684210526315789,0.23237916666666666
2022-01-24,Healthcare,28,0.017900000000000003,0.25,0.10714285714285714,0.6428571428571429,0.006001944444444447
2022-01-24,Industrials,25,0.129324,0.32,0.04,0.64,0.149028
2022-01-24,Materials,15,0.12704666666666667,0.4666666666666667,0.13333333333333333,0.4,0.13701999999999998
2022-01-24,RealEstate,15,0.07366,0.26666666666666666,0.13333333333333333,0.6,0.16029
2022-01-24,Tech,40,0.13698749999999998,0.5,0.125,0.375,0.15312506604506604
2022-01-24,Utilities,6,0.09638333333333332,0.3333333333333333,0.0,0.6666666666666666,0.06109166666666666
2022-01-25,Comm,19,0.012168421052631577,0.10526315789473684,0.15789473684210525,0.7368421052631579,-0.0034541666666666644
2022-01-25,Consumer,20,0.059805,0.4,0.25,0.35,0.07974366666666666
2022-01-25,Energy,16,0.13729375,0.625,0.1875,0.1875,0.1787725
2022-01-25,Financials,25,0.19192,0.44,0.08,0.48,0.16253628571428572
2022-01-25,Healthcare,18,-0.06694444444444443,0.05555555555555555,0.2777777777777778,0.6666666666666666,-0.07249583333333334
2022-01-25,Industrials,43,0.1117720930232558,0.3023255813953488,0.13953488372093023,0.5581395348837209,0.10481539969834089
2022-01-25,Materials,5,0.08038,0.2,0.0,0.8,0.0502375
2022-01-25,RealEstate,4,0.3447,0.75,0.0,0.25,0.35345000000000004
2022-01-25,Tech,36,0.07751944444444445,0.3611111111111111,0.19444444444444445,0.4444444444444444,0.030626333333333332
2022-01-25,Utilities,16,0.308225,0.6875,0.0,0.3125,0.32624166666666665
2022-01-26,Comm,26,0.26386923076923074,0.6153846153846154,0.038461538461538464,0.34615384615384615,0.28685617647058825
2022-01-26,Consumer,26,0.06561923076923076,0.3076923076923077,0.15384615384615385,0.5384615384615384,0.11051176470588235
2022-01-26,Energy,27,0.14751481481481482,0.4074074074074074,0.0,0.5925925925925926,0.16246611111111112
2022-01-26,Financials,16,0.10518125,0.375,0.1875,0.4375,0.08993333333333334
2022-01-26,Healthcare,20,0.11399999999999999,0.35,0.2,0.45,0.08167321428571428
2022-01-26,Industrials,31,0.036164516129032265,0.2903225806451613,0.2903225806451613,0.41935483870967744,0.0781668115942029
2022-01-26,Materials,4,0.050575,0.25,0.0,0.75,0.033716666666666666
2022-01-26,RealEstate,3,0.1468,0.3333333333333333,0.0,0.6666666666666666,0.1468
2022-01-26,Tech,73,0.0706890410958904,0.273972602739726,0.136986301369863,0.589041095890411,0.06644259968102073
2022-01-26,Utilities,4,0.25055,0.75,0.0,0.25,0.30034999999999995
2022-01-27,Comm,22,0.09893636363636364,0.3181818181818182,0.09090909090909091,0.5909090909090909,0.11984389880952381
2022-01-27,Consumer,18,0.045033333333333335,0.2222222222222222,0.1111111111111111,0.6666666666666666,0.01929738095238095
2022-01-27,Energy,35,0.13323428571428572,0.4,0.11428571428571428,0.4857142857142857,0.08199115384615384
2022-01-27,Financials,26,0.1755307692307692,0.46153846153846156,0.0,0.5384615384615384,0.1779895
2022-01-27,Healthcare,19,0.18589473684210525,0.42105263157894735,0.0,0.5789473684210527,0.18564833333333336
2022-01-27,Industrials,20,0.13907,0.45,0.1,0.45,0.21377374999999998
2022-01-27,Materials,19,0.15473157894736844,0.3684210526315789,0.05263157894736842,0.5789473684210527,0.11991749999999998
2022-01-27,RealEstate,11,0.25220909090909094,0.45454545454545453,0.0,0.5454545454545454,0.30445
2022-01-27,Tech,56,0.1266232142857143,0.39285714285714285,0.10714285714285714,0.5,0.12878164772727274
2022-01-27,Utilities,7,0.29924285714285714,0.8571428571428571,0.0,0.14285714285714285,0.2808083333333333
2022-01-28,Comm,19,-0.04041052631578947,0.3157894736842105,0.2631578947368421,0.42105263157894735,-0.142852
2022-01-28,Consumer,10,0.0010199999999999988,0.1,0.1,0.8,0.0005099999999999994
2022-01-28,Energy,42,0.15644285714285713,0.5476190476190477,0.16666666666666666,0.2857142857142857,0.18732934027777778
2022-01-28,Financials,43,0.10993953488372094,0.3488372093023256,0.16279069767441862,0.4883720930232558,0.10907421245421245
2022-01-28,Healthcare,17,0.0840529411764706,0.35294117647058826,0.11764705882352941,0.5294117647058824,0.10758000000000001
2022-01-28,Industrials,33,0.12090303030303029,0.3333333333333333,0.09090909090909091,0.5757575757575758,0.1273485
2022-01-28,Materials,1,0.0,0.0,0.0,1.0,0.0
2022-01-28,RealEstate,6,-0.03683333333333335,0.16666666666666666,0.3333333333333333,0.5,0.013487499999999986
2022-01-28,Tech,32,0.18028750000000002,0.53125,0.03125,0.4375,0.1749627619047619
2022-01-28,Utilities,7,0.24961428571428573,0.7142857142857143,0.14285714285714285,0.14285714285714285,0.22712666666666664
2022-01-31,Comm,25,0.086424,0.24,0.0,0.76,0.093698
2022-01-31,Consumer,31,0.14369032258064515,0.45161290322580644,0.03225806451612903,0.5161290322580645,0.13369066666666668
2022-01-31,Energy,19,0.13951578947368423,0.42105263157894735,0.05263157894736842,0.5263157894736842,0.145155
2022-01-31,Financials,15,0.0555,0.26666666666666666,0.0,0.7333333333333333,0.05790333333333333
2022-01-31,Healthcare,26,0.13327307692307694,0.46153846153846156,0.038461538461538464,0.5,0.13813385714285714
2022-01-31,Industrials,24,0.08342083333333333,0.4166666666666667,0.16666666666666666,0.4166666666666667,0.16099541666666667
2022-01-31,Materials,3,-0.05643333333333333,0.3333333333333333,0.3333333333333333,0.3333333333333333,-0.05643333333333333
2022-01-31,RealEstate,7,0.40195714285714285,1.0,0.0,0.0,0.42042999999999997
2022-01-31,Tech,51,0.1239372549019608,0.35294117647058826,0.0392156862745098,0.6078431372549019,0.09670966666666667
2022-01-31,Utilities,11,0.18472727272727274,0.6363636363636364,0.09090909090909091,0.2727272727272727,0.17562499999999998
2022-02-01,Comm,31,0.0900032258064516,0.3548387096774194,0.16129032258064516,0.4838709677419355,0.03691142857142857
2022-02-01,Consumer,31,-0.047890322580645156,0.1935483870967742,0.2903225806451613,0.5161290322580645,-0.07741499999999998
2022-02-01,Energy,30,0.11937333333333333,0.4,0.13333333333333333,0.4666666666666667,0.09360695652173914
2022-02-01,Financials,21,0.08115238095238096,0.42857142857142855,0.19047619047619047,0.38095238095238093,0.07575704761904761
2022-02-01,Healthcare,26,0.06881538461538461,0.46153846153846156,0.15384615384615385,0.38461538461538464,0.08748273504273504
2022-02-01,Industrials,28,0.11977499999999999,0.39285714285714285,0.21428571428571427,0.39285714285714285,-0.008865131578947368
2022-02-01,Materials,5,0.18250000000000002,0.4,0.0,0.6,0.1013888888888889
2022-02-01,RealEstate,2,0.28595,0.5,0.0,0.5,0.28595
2022-02-01,Tech,53,0.13194528301886793,0.4339622641509434,0.07547169811320754,0.49056603773584906,0.12699370370370372
2022-02-01,Utilities,9,0.32861111111111113,0.7777777777777778,0.0,0.2222222222222222,0.3771
2022-02-02,Comm,17,0.12033529411764707,0.5294117647058824,0.11764705882352941,0.35294117647058826,0.13944238095238096
2022-02-02,Consumer,18,-0.05637777777777778,0.3888888888888889,0.3333333333333333,0.2777777777777778,-0.04913452380952379
2022-02-02,Energy,29,0.1763310344827586,0.5517241379310345,0.034482758620689655,0.41379310344827586,0.13313799999999998
2022-02-02,Financials,13,0.23635384615384616,0.6153846153846154,0.15384615384615385,0.23076923076923078,0.252546
2022-02-02,Healthcare,31,0.06701612903225806,0.25806451612903225,0.1935483870967742,0.5483870967741935,0.03654304761904763
2022-02-02,Industrials,12,0.10095,0.25,0.0,0.75,0.10822291666666667
2022-02-02,Materials,5,0.08218,0.4,0.2,0.4,0.11401666666666667
2022-02-02,RealEstate,7,0.06728571428571428,0.2857142857142857,0.2857142857142857,0.42857142857142855,0.1490875
2022-02-02,Tech,102,0.2409372549019608,0.5882352941176471,0.049019607843137254,0.3627450980392157,0.18780171179883945
2022-02-02,Utilities,5,0.31808000000000003,0.8,0.0,0.2,0.2650666666666667
2022-02-03,Comm,24,0.1531375,0.4166666666666667,0.041666666666666664,0.5416666666666666,0.20904238095238098
2022-02-03,Consumer,11,0.18425454545454542,0.5454545454545454,0.09090909090909091,0.36363636363636365,0.2271516666666667
2022-02-03,Energy,28,0.021992857142857147,0.2857142857142857,0.14285714285714285,0.5714285714285714,0.075375
2022-02-03,Financials,12,0.1191,0.3333333333333333,0.08333333333333333,0.5833333333333334,0.17485333333333333
2022-02-03,Healthcare,17,0.09622352941176471,0.29411764705882354,0.17647058823529413,0.5294117647058824,0.10934499999999998
2022-02-03,Industrials,9,0.1570111111111111,0.4444444444444444,0.1111111111111111,0.4444444444444444,0.1491925
2022-02-03,Materials,3,-0.1468,0.0,0.3333333333333333,0.6666666666666666,-0.1468
2022-02-03,RealEstate,3,0.19733333333333333,0.6666666666666666,0.0,0.3333333333333333,0.148
2022-02-03,Tech,37,0.04161351351351351,0.24324324324324326,0.1891891891891892,0.5675675675675675,0.14016726984126984
2022-02-03,Utilities,6,0.40635,1.0,0.0,0.0,0.40759999999999996
2022-02-04,Comm,13,0.07081538461538463,0.3076923076923077,0.15384615384615385,0.5384615384615384,0.037856
2022-02-04,Consumer,15,0.09973333333333333,0.2,0.0,0.8,0.08700666666666665
2022-02-04,Energy,11,0.09277272727272727,0.2727272727272727,0.18181818181818182,0.5454545454545454,0.10103499999999999
2022-02-04,Financials,17,0.11572352941176471,0.29411764705882354,0.11764705882352941,0.5882352941176471,0.09772142857142857
2022-02-04,Healthcare,10,-0.08055000000000001,0.1,0.3,0.6,-0.15523333333333333
2022-02-04,Industrials,5,0.34922,0.8,0.0,0.2,0.3951666666666667
2022-02-04,Materials,4,0.085,0.25,0.0,0.75,0.085
2022-02-04,RealEstate,1,0.0,0.0,0.0,1.0,0.0
2022-02-04,Tech,18,0.09641111111111111,0.3333333333333333,0.05555555555555555,0.6111111111111112,0.04717638888888889
2022-02-04,Utilities,10,0.25042,0.8,0.0,0.2,0.262725
2022-02-07,Comm,23,0.1787304347826087,0.43478260869565216,0.0,0.5652173913043478,0.18579466666666666
2022-02-07,Consumer,43,0.04504883720930233,0.20930232558139536,0.16279069767441862,0.627906976744186,0.07478772727272727
2022-02-07,Energy,24,0.0958875,0.4583333333333333,0.20833333333333334,0.3333333333333333,0.1113692857142857
2022-02-07,Financials,16,0.010412500000000005,0.25,0.1875,0.5625,-0.0002858333333333324
2022-02-07,Healthcare,21,0.18755238095238097,0.42857142857142855,0.047619047619047616,0.5238095238095238,0.3094904761904762
2022-02-07,Industrials,12,0.14220833333333333,0.4166666666666667,0.08333333333333333,0.5,0.269025
2022-02-07,Materials,3,0.10606666666666666,0.3333333333333333,0.0,0.6666666666666666,0.1591
2022-02-07,RealEstate,6,0.10415,0.16666666666666666,0.0,0.8333333333333334,0.0781125
2022-02-07,Tech,29,0.06472413793103449,0.3448275862068966,0.3103448275862069,0.3448275862068966,0.08864738095238094
2022-02-07,Utilities,11,0.15132727272727273,0.36363636363636365,0.0,0.6363636363636364,0.14033333333333334
2022-02-08,Comm,14,0.09285714285714286,0.2857142857142857,0.07142857142857142,0.6428571428571429,0.084515
2022-02-08,Consumer,31,0.12828709677419353,0.3225806451612903,0.0967741935483871,0.5806451612903226,0.15476884848484848
2022-02-08,Energy,30,0.24870333333333333,0.6333333333333333,0.06666666666666667,0.3,0.24149749999999998
2022-02-08,Financials,17,0.19701764705882355,0.6470588235294118,0.0,0.35294117647058826,0.15966466666666665
2022-02-08,Healthcare,22,0.12065909090909091,0.45454545454545453,0.09090909090909091,0.45454545454545453,0.16426607142857141
2022-02-08,Industrials,19,0.0359578947368421,0.21052631578947367,0.21052631578947367,0.5789473684210527,0.016624999999999994
2022-02-08,Materials,15,0.14587333333333333,0.4,0.13333333333333333,0.4666666666666667,0.015787500000000003
2022-02-08,RealEstate,5,0.17646,0.6,0.0,0.4,0.14705000000000001
2022-02-08,Tech,51,0.22655882352941176,0.6470588235294118,0.11764705882352941,0.23529411764705882,0.2332439285714286
2022-02-08,Utilities,7,0.22322857142857142,0.5714285714285714,0.0,0.42857142857142855,0.26043333333333335
2022-02-09,Comm,10,0.14644,0.6,0.2,0.2,0.256076
2022-02-09,Consumer,34,0.1384,0.3235294117647059,0.029411764705882353,0.6470588235294118,0.07301061904761905
2022-02-09,Energy,17,0.2008,0.5882352941176471,0.0,0.4117647058823529,0.18821
2022-02-09,Financials,14,0.18297857142857143,0.5,0.14285714285714285,0.35714285714285715,0.20102083333333334
2022-02-09,Healthcare,18,0.2525555555555556,0.5,0.0,0.5,0.23379333333333335
2022-02-09,Industrials,3,0.06743333333333333,0.3333333333333333,0.0,0.6666666666666666,0.10115
2022-02-09,Materials,2,0.20095,0.5,0.0,0.5,0.20095
2022-02-09,RealEstate,10,0.04078999999999999,0.3,0.1,0.6,0.06493
2022-02-09,Tech,25,0.101492,0.36,0.12,0.52,0.14765569230769232
2022-02-09,Utilities,6,0.29525,0.5,0.0,0.5,0.34496666666666664
2022-02-10,Comm,9,0.42581111111111114,0.7777777777777778,0.0,0.2222222222222222,0.44101666666666667
2022-02-10,Consumer,49,0.06833877551020408,0.2857142857142857,0.10204081632653061,0.6122448979591837,0.14308610559006213
2022-02-10,Energy,15,0.038253333333333334,0.13333333333333333,0.3333333333333333,0.5333333333333333,0.040017142857142855
2022-02-10,Financials,16,0.017925,0.3125,0.25,0.4375,0.015039583333333335
2022-02-10,Healthcare,16,-0.024399999999999998,0.125,0.1875,0.6875,0.006826666666666664
2022-02-10,Industrials,14,0.003399999999999998,0.14285714285714285,0.21428571428571427,0.6428571428571429,0.022134
2022-02-10,Materials,4,-0.0903,0.0,0.25,0.75,-0.060200000000000004
2022-02-10,RealEstate,7,0.21111428571428573,0.5714285714285714,0.14285714285714285,0.2857142857142857,0.184725
2022-02-10,Tech,19,0.1547578947368421,0.42105263157894735,0.05263157894736842,0.5263157894736842,0.07350999999999999
2022-02-10,Utilities,13,0.19193846153846156,0.5384615384615384,0.0,0.46153846153846156,0.22026399999999996
2022-02-11,Comm,12,0.02489166666666667,0.25,0.4166666666666667,0.3333333333333333,0.014603333333333334
2022-02-11,Consumer,28,0.00901428571428571,0.25,0.2857142857142857,0.4642857142857143,-0.003965000000000003
2022-02-11,Energy,17,0.1828529411764706,0.5294117647058824,0.11764705882352941,0.35294117647058826,0.19086999999999998
2022-02-11,Financials,12,0.001358333333333341,0.3333333333333333,0.4166666666666667,0.25,0.05312133333333333
2022-02-11,Healthcare,10,0.23332000000000003,0.5,0.0,0.5,0.24928333333333336
2022-02-11,Industrials,9,0.10951111111111111,0.2222222222222222,0.1111111111111111,0.6666666666666666,0.08159666666666668
2022-02-11,Materials,3,0.31916666666666665,0.6666666666666666,0.0,0.3333333333333333,0.38584999999999997
2022-02-11,RealEstate,3,0.06743333333333333,0.3333333333333333,0.0,0.6666666666666666,0.050575
2022-02-11,Tech,30,0.025789999999999993,0.3,0.16666666666666666,0.5333333333333333,0.04092277777777777
2022-02-11,Utilities,9,0.21407777777777778,0.6666666666666666,0.0,0.3333333333333333,0.147532
2022-02-14,Comm,14,0.19326428571428572,0.5,0.07142857142857142,0.42857142857142855,0.18856933333333334
2022-02-14,Consumer,49,0.08626734693877551,0.3673469387755102,0.22448979591836735,0.40816326530612246,0.10104091269841271
2022-02-14,Energy,38,0.15713157894736843,0.47368421052631576,0.15789473684210525,0.3684210526315789,0.10457031746031746
2022-02-14,Financials,25,-0.054176,0.16,0.32,0.52,-0.03953460317460318
2022-02-14,Healthcare,16,-0.046043749999999994,0.1875,0.25,0.5625,-0.011488095238095238
2022-02-14,Industrials,17,-0.11302941176470588,0.11764705882352941,0.29411764705882354,0.5882352941176471,-0.09982291666666666
2022-02-14,Materials,2,0.17,0.5,0.0,0.5,0.17
2022-02-14,RealEstate,7,0.42479999999999996,0.7142857142857143,0.0,0.2857142857142857,0.4689875
2022-02-14,Tech,59,0.030611864406779658,0.22033898305084745,0.1694915254237288,0.6101694915254238,0.053582275641025634
2022-02-14,Utilities,10,0.25855,0.7,0.1,0.2,0.24826
2022-02-15,Comm,10,0.17094,0.3,0.0,0.7,0.22755000000000003
2022-02-15,Consumer,22,0.11403636363636363,0.3181818181818182,0.09090909090909091,0.5909090909090909,0.1757313888888889
2022-02-15,Energy,20,0.116955,0.4,0.2,0.4,0.097322
2022-02-15,Financials,15,0.10584666666666666,0.3333333333333333,0.06666666666666667,0.6,0.10678266666666666
2022-02-15,Healthcare,10,0.08552000000000001,0.3,0.1,0.6,0.02982916666666667
2022-02-15,Industrials,12,0.03385833333333333,0.08333333333333333,0.16666666666666666,0.75,0.1789277777777778
2022-02-15,Materials,3,0.0,0.0,0.0,1.0,0.0
2022-02-15,RealEstate,4,0.20847500000000002,0.5,0.0,0.5,0.22130000000000002
2022-02-15,Tech,55,0.11871636363636363,0.34545454545454546,0.12727272727272726,0.5272727272727272,0.1272938823529412
2022-02-15,Utilities,7,0.28121428571428575,0.5714285714285714,0.0,0.42857142857142855,0.2973
2022-02-16,Comm,4,0.10115,0.5,0.0,0.5,0.10115
2022-02-16,Consumer,24,0.199875,0.5833333333333334,0.125,0.2916666666666667,0.16758466666666666
2022-02-16,Energy,22,0.21489090909090908,0.5,0.09090909090909091,0.4090909090909091,0.15267
2022-02-16,Financials,21,0.052457142857142855,0.3333333333333333,0.09523809523809523,0.5714285714285714,0.04498333333333333
2022-02-16,Healthcare,14,0.18387857142857142,0.5714285714285714,0.07142857142857142,0.35714285714285715,0.16764
2022-02-16,Industrials,13,0.005676923076923079,0.3076923076923077,0.23076923076923078,0.46153846153846156,0.06117857142857143
2022-02-16,Materials,3,-0.0065333333333333354,0.3333333333333333,0.3333333333333333,0.3333333333333333,-0.0065333333333333354
2022-02-16,RealEstate,4,0.3456,0.75,0.0,0.25,0.31550000000000006
2022-02-16,Tech,34,0.15255,0.35294117647058826,0.08823529411764706,0.5588235294117647,0.14363227450980393
2022-02-16,Utilities,6,0.11963333333333333,0.3333333333333333,0.16666666666666666,0.5,0.15103333333333332
2022-02-17,Comm,13,0.11601538461538462,0.3076923076923077,0.0,0.6923076923076923,0.17063285714285711
2022-02-17,Consumer,37,0.04046486486486487,0.2702702702702703,0.13513513513513514,0.5945945945945946,0.049109275362318836
2022-02-17,Energy,18,0.04602222222222222,0.2222222222222222,0.2222222222222222,0.5555555555555556,0.054404999999999995
2022-02-17,Financials,28,-0.11075357142857142,0.21428571428571427,0.4642857142857143,0.32142857142857145,-0.04827509090909091
2022-02-17,Healthcare,14,0.12319285714285713,0.35714285714285715,0.07142857142857142,0.5714285714285714,0.09250714285714284
2022-02-17,Industrials,16,0.08456875,0.3125,0.125,0.5625,0.058735
2022-02-17,Materials,6,0.0,0.0,0.0,1.0,0.0
2022-02-17,RealEstate,12,0.052075,0.08333333333333333,0.0,0.9166666666666666,0.04166
2022-02-17,Tech,44,0.037106818181818185,0.25,0.1590909090909091,0.5909090909090909,0.1114956
2022-02-17,Utilities,12,0.17011666666666667,0.5,0.08333333333333333,0.4166666666666667,0.17450333333333334
2022-02-18,Comm,4,0.0,0.0,0.0,1.0,0.0
2022-02-18,Consumer,21,0.015880952380952384,0.23809523809523808,0.2857142857142857,0.47619047619047616,0.02026083333333334
2022-02-18,Energy,11,-0.027263636363636354,0.36363636363636365,0.45454545454545453,0.18181818181818182,0.12747916666666667
2022-02-18,Financials,18,0.06444444444444446,0.16666666666666666,0.0,0.8333333333333334,0.05961333333333334
2022-02-18,Healthcare,16,0.17295625,0.5,0.125,0.375,0.16795666666666667
2022-02-18,Industrials,12,0.0021,0.16666666666666666,0.25,0.5833333333333334,0.030375000000000003
2022-02-18,Materials,10,-0.10615999999999999,0.2,0.4,0.4,-0.15641599999999997
2022-02-18,RealEstate,4,-0.044475,0.0,0.25,0.75,-0.02965
2022-02-18,Tech,35,0.07664857142857141,0.3142857142857143,0.17142857142857143,0.5142857142857142,0.14117266666666667
2022-02-18,Utilities,8,0.015012499999999998,0.125,0.125,0.75,0.007506249999999999
2022-02-22,Comm,12,-0.03290833333333333,0.25,0.3333333333333333,0.4166666666666667,-0.10366428571428571
2022-02-22,Consumer,26,0.14022307692307692,0.46153846153846156,0.11538461538461539,0.4230769230769231,0.10521680952380952
2022-02-22,Energy,31,0.08217741935483872,0.41935483870967744,0.22580645161290322,0.3548387096774194,0.026125000000000002
2022-02-22,Financials,18,-0.07188333333333335,0.2777777777777778,0.3888888888888889,0.3333333333333333,0.07883392857142857
2022-02-22,Healthcare,21,0.06761428571428571,0.2857142857142857,0.2857142857142857,0.42857142857142855,0.12414047619047619
2022-02-22,Industrials,15,0.07952000000000001,0.13333333333333333,0.06666666666666667,0.8,0.057178125
2022-02-22,Materials,10,0.25365000000000004,0.7,0.0,0.3,0.2714958333333334
2022-02-22,RealEstate,12,0.19375833333333334,0.5,0.0,0.5,0.13342125
2022-02-22,Tech,40,0.1690625,0.475,0.075,0.45,0.14458807142857144
2022-02-22,Utilities,19,0.061284210526315795,0.2631578947368421,0.05263157894736842,0.6842105263157895,0.03414133333333334
2022-02-23,Comm,4,-0.164925,0.0,0.25,0.75,-0.164925
2022-02-23,Consumer,11,0.005572727272727285,0.2727272727272727,0.2727272727272727,0.45454545454545453,-0.010833333333333316
2022-02-23,Energy,23,0.11602173913043477,0.4782608695652174,0.13043478260869565,0.391304347826087,0.12198883333333335
2022-02-23,Financials,17,-0.005517647058823536,0.4117647058823529,0.35294117647058826,0.23529411764705882,-0.06017291666666666
2022-02-23,Healthcare,6,0.045533333333333335,0.16666666666666666,0.0,0.8333333333333334,0.0683
2022-02-23,Industrials,9,-0.02521111111111111,0.2222222222222222,0.2222222222222222,0.5555555555555556,-0.08688749999999999
2022-02-23,Materials,4,0.1702,0.25,0.0,0.75,0.1702
2022-02-23,RealEstate,11,0.09283636363636365,0.18181818181818182,0.0,0.8181818181818182,0.05957000000000001
2022-02-23,Tech,22,0.1646909090909091,0.5454545454545454,0.18181818181818182,0.2727272727272727,0.21207666666666664
2022-02-23,Utilities,10,0.08196,0.3,0.0,0.7,0.0758888888888889
2022-02-24,Comm,5,-0.040059999999999985,0.4,0.4,0.2,0.04001666666666668
2022-02-24,Consumer,23,0.03822608695652174,0.30434782608695654,0.21739130434782608,0.4782608695652174,0.013923333333333333
2022-02-24,Energy,27,-0.07278518518518517,0.1111111111111111,0.25925925925925924,0.6296296296296297,-0.03851633333333333
2022-02-24,Financials,19,0.012805263157894738,0.3684210526315789,0.3157894736842105,0.3157894736842105,0.025797142857142852
2022-02-24,Healthcare,6,0.2720666666666667,0.6666666666666666,0.0,0.3333333333333333,0.2552083333333333
2022-02-24,Industrials,11,0.04602727272727272,0.2727272727272727,0.2727272727272727,0.45454545454545453,0.05779583333333334
2022-02-24,Materials,4,-0.074,0.0,0.25,0.75,-0.074
2022-02-24,RealEstate,8,0.18905,0.5,0.25,0.25,0.3482133333333333
2022-02-24,Tech,19,0.11767368421052633,0.3684210526315789,0.15789473684210525,0.47368421052631576,0.06595333333333335
2022-02-24,Utilities,8,0.081925,0.25,0.25,0.5,0.04601666666666666
2022-02-25,Comm,7,0.05741428571428571,0.14285714285714285,0.0,0.8571428571428571,0.100475
2022-02-25,Consumer,14,0.10134285714285714,0.5,0.2857142857142857,0.21428571428571427,0.09116333333333332
2022-02-25,Energy,35,0.10082,0.4857142857142857,0.17142857142857143,0.34285714285714286,0.10720096153846154
2022-02-25,Financials,16,-0.003318750000000009,0.1875,0.125,0.6875,0.011669999999999993
2022-02-25,Healthcare,10,-0.03182,0.0,0.1,0.9,-0.03182
2022-02-25,Industrials,14,0.02407857142857143,0.14285714285714285,0.21428571428571427,0.6428571428571429,0.038463333333333335
2022-02-25,Materials,4,0.0,0.0,0.0,1.0,0.0
2022-02-25,RealEstate,7,0.0867,0.42857142857142855,0.0,0.5714285714285714,0.09272083333333334
2022-02-25,Tech,16,0.06684375000000001,0.25,0.125,0.625,-0.052860714285714275
2022-02-25,Utilities,2,0.1591,0.5,0.0,0.5,0.1591
2022-02-28,Comm,16,0.161,0.4375,0.125,0.4375,0.24214861111111113
2022-02-28,Consumer,34,0.15257352941176472,0.35294117647058826,0.058823529411764705,0.5882352941176471,0.18484591208791207
2022-02-28,Energy,38,0.08387105263157894,0.5526315789473685,0.2631578947368421,0.18421052631578946,0.07023499999999999
2022-02-28,Financials,35,-0.08195428571428572,0.22857142857142856,0.4,0.37142857142857144,-0.04892388392857143
2022-02-28,Healthcare,14,0.16816428571428574,0.42857142857142855,0.14285714285714285,0.42857142857142855,0.16766388888888892
2022-02-28,Industrials,10,0.06663,0.4,0.1,0.5,0.18222
2022-02-28,Materials,3,0.0,0.0,0.0,1.0,0.0
2022-02-28,RealEstate,5,0.03026,0.2,0.0,0.8,0.025216666666666665
2022-02-28,Tech,24,0.14049166666666665,0.4166666666666667,0.041666666666666664,0.5416666666666666,0.14586272727272726
2022-02-28,Utilities,8,0.20735,0.625,0.125,0.25,0.2690722222222222
2022-03-01,Comm,5,0.14312,0.6,0.4,0.0,0.05462499999999999
2022-03-01,Consumer,22,-0.006890909090909089,0.18181818181818182,0.2727272727272727,0.5454545454545454,0.011299285714285715
2022-03-01,Energy,49,-0.03826938775510204,0.3673469387755102,0.32653061224489793,0.30612244897959184,0.055955870927318296
2022-03-01,Financials,29,-0.09956551724137931,0.3448275862068966,0.41379310344827586,0.2413793103448276,-0.12119779761904763
2022-03-01,Healthcare,11,0.062336363636363634,0.18181818181818182,0.0,0.8181818181818182,0.10758666666666668
2022-03-01,Industrials,16,0.0854125,0.4375,0.1875,0.375,0.1485591666666667
2022-03-01,Materials,3,0.17020000000000002,0.3333333333333333,0.0,0.6666666666666666,0.17020000000000002
2022-03-01,RealEstate,5,0.04046,0.2,0.0,0.8,0.050575
2022-03-01,Tech,13,0.11865384615384615,0.5384615384615384,0.15384615384615385,0.3076923076923077,0.1823533333333333
2022-03-01,Utilities,7,0.17229999999999998,0.42857142857142855,0.0,0.5714285714285714,0.11189166666666667
2022-03-02,Comm,6,0.22655,0.5,0.0,0.5,0.21821
2022-03-02,Consumer,22,0.1328227272727273,0.3181818181818182,0.045454545454545456,0.6363636363636364,0.1420520634920635
2022-03-02,Energy,42,0.11799047619047617,0.35714285714285715,0.16666666666666666,0.47619047619047616,0.1656017857142857
2022-03-02,Financials,13,0.16823846153846153,0.6153846153846154,0.15384615384615385,0.23076923076923078,0.11041309523809523
2022-03-02,Healthcare,10,0.09695000000000001,0.3,0.1,0.6,0.08635
2022-03-02,Industrials,21,0.04557142857142857,0.3333333333333333,0.2857142857142857,0.38095238095238093,0.12981916666666665
2022-03-02,Materials,2,0.39994999999999997,1.0,0.0,0.0,0.39994999999999997
2022-03-02,RealEstate,7,0.09424285714285714,0.14285714285714285,0.0,0.8571428571428571,0.06597
2022-03-02,Tech,21,0.10418095238095239,0.38095238095238093,0.19047619047619047,0.42857142857142855,0.18203000000000003
2022-03-02,Utilities,2,0.0,0.0,0.0,1.0,0.0
2022-03-03,Comm,11,0.046690909090909095,0.45454545454545453,0.18181818181818182,0.36363636363636365,-0.039318
2022-03-03,Consumer,17,0.11029411764705882,0.23529411764705882,0.11764705882352941,0.6470588235294118,0.07471171428571428
2022-03-03,Energy,31,0.12257096774193549,0.45161290322580644,0.0967741935483871,0.45161290322580644,0.06556373626373627
2022-03-03,Financials,11,0.2265181818181818,0.7272727272727273,0.18181818181818182,0.09090909090909091,0.2712375
2022-03-03,Healthcare,10,-0.030939999999999995,0.3,0.2,0.5,0.006225000000000001
2022-03-03,Industrials,20,0.19897,0.45,0.05,0.5,0.17447083333333332
2022-03-03,Materials,1,0.0,0.0,0.0,1.0,0.0
2022-03-03,RealEstate,8,0.158225,0.625,0.125,0.25,0.21821875000000002
2022-03-03,Tech,27,0.047540740740740745,0.37037037037037035,0.2222222222222222,0.4074074074074074,0.06495651515151515
2022-03-03,Utilities,2,-0.1591,0.0,0.5,0.5,-0.1591
2022-03-04,Comm,11,0.05067272727272727,0.09090909090909091,0.0,0.9090909090909091,0.0348375
2022-03-04,Consumer,26,0.07335384615384616,0.3076923076923077,0.11538461538461539,0.5769230769230769,0.07359085714285715
2022-03-04,Energy,26,0.09027692307692309,0.34615384615384615,0.15384615384615385,0.5,0.09467458333333334
2022-03-04,Financials,14,0.10241428571428571,0.35714285714285715,0.21428571428571427,0.42857142857142855,0.12038333333333334
2022-03-04,Healthcare,8,0.15008749999999998,0.375,0.0,0.625,0.12006999999999998
2022-03-04,Industrials,11,0.1365818181818182,0.36363636363636365,0.0,0.6363636363636364,0.13381666666666664
2022-03-04,Materials,6,-0.006966666666666658,0.16666666666666666,0.16666666666666666,0.6666666666666666,-0.0052249999999999935
2022-03-04,RealEstate,5,0.44106000000000006,1.0,0.0,0.0,0.42413333333333336
2022-03-04,Tech,26,0.05445769230769231,0.38461538461538464,0.19230769230769232,0.4230769230769231,0.05196861904761905
2022-03-04,Utilities,7,0.16237142857142858,0.42857142857142855,0.0,0.5714285714285714,0.19538333333333335
2022-03-07,Comm,13,0.03824615384615385,0.23076923076923078,0.07692307692307693,0.6923076923076923,0.06970416666666666
2022-03-07,Consumer,24,0.12396666666666667,0.375,0.08333333333333333,0.5416666666666666,0.1106945238095238
2022-03-07,Energy,52,0.053371153846153846,0.40384615384615385,0.11538461538461539,0.4807692307692308,0.053553879120879125
2022-03-07,Financials,30,-0.013606666666666673,0.23333333333333334,0.3333333333333333,0.43333333333333335,-0.007406538461538464
2022-03-07,Healthcare,14,0.14492857142857146,0.42857142857142855,0.07142857142857142,0.5,0.20492166666666667
2022-03-07,Industrials,15,0.13332,0.4,0.06666666666666667,0.5333333333333333,0.1820041666666667
2022-03-07,Materials,4,0.056575,0.25,0.0,0.75,0.056575
2022-03-07,RealEstate,6,0.12958333333333336,0.3333333333333333,0.0,0.6666666666666666,0.09067777777777779
2022-03-07,Tech,37,0.05084594594594595,0.32432432432432434,0.2702702702702703,0.40540540540540543,0.018420619047619054
2022-03-07,Utilities,6,0.16501666666666667,0.6666666666666666,0.16666666666666666,0.16666666666666666,0.21910833333333332
2022-03-08,Comm,5,0.08225999999999999,0.4,0.4,0.2,0.07745555555555554
2022-03-08,Consumer,20,0.153965,0.5,0.1,0.4,0.17687952380952382
2022-03-08,Energy,39,0.1131923076923077,0.48717948717948717,0.1282051282051282,0.38461538461538464,0.12523977777777778
2022-03-08,Financials,13,0.1602923076923077,0.46153846153846156,0.15384615384615385,0.38461538461538464,0.08512499999999999
2022-03-08,Healthcare,11,-0.020036363636363626,0.2727272727272727,0.18181818181818182,0.5454545454545454,-0.085295
2022-03-08,Industrials,13,-0.032284615384615384,0.07692307692307693,0.15384615384615385,0.7692307692307693,-0.0048099999999999974
2022-03-08,Materials,6,0.26108333333333333,0.3333333333333333,0.0,0.6666666666666666,0.13054166666666667
2022-03-08,RealEstate,2,0.17,0.5,0.0,0.5,0.17
2022-03-08,Tech,29,0.20671379310344828,0.5862068965517241,0.034482758620689655,0.3793103448275862,0.15661666666666668
2022-03-08,Utilities,3,-0.021733333333333344,0.3333333333333333,0.3333333333333333,0.3333333333333333,0.05769999999999999
2022-03-09,Comm,13,0.09222307692307694,0.38461538461538464,0.0,0.6153846153846154,0.10213000000000001
2022-03-09,Consumer,32,0.047900000000000005,0.375,0.25,0.375,0.041648214285714295
2022-03-09,Energy,35,0.15442285714285714,0.42857142857142855,0.11428571428571428,0.45714285714285713,0.10806633333333333
2022-03-09,Financials,16,0.1278375,0.5,0.125,0.375,0.11169633333333333
2022-03-09,Healthcare,13,0.10663846153846154,0.3076923076923077,0.07692307692307693,0.6153846153846154,0.05889
2022-03-09,Industrials,18,0.1484222222222222,0.5,0.1111111111111111,0.3888888888888889,0.1468838095238095
2022-03-09,Materials,3,0.09316666666666668,0.6666666666666666,0.0,0.3333333333333333,0.09316666666666668
2022-03-09,RealEstate,3,-0.05643333333333333,0.3333333333333333,0.3333333333333333,0.3333333333333333,-0.05643333333333333
2022-03-09,Tech,37,0.10399459459459459,0.3783783783783784,0.16216216216216217,0.4594594594594595,0.07840942857142856
2022-03-09,Utilities,2,0.035449999999999995,0.5,0.5,0.0,0.035449999999999995
2022-03-10,Comm,9,0.16164444444444445,0.4444444444444444,0.0,0.5555555555555556,0.09800833333333334
2022-03-10,Consumer,21,0.054109523809523816,0.2857142857142857,0.3333333333333333,0.38095238095238093,0.07316199999999999
2022-03-10,Energy,30,0.14958666666666667,0.5333333333333333,0.16666666666666666,0.3,0.11546928571428569
2022-03-10,Financials,21,0.012138095238095236,0.23809523809523808,0.19047619047619047,0.5714285714285714,-0.019381428571428567
2022-03-10,Healthcare,15,0.0884,0.2,0.0,0.8,0.05525
2022-03-10,Industrials,19,0.010542105263157896,0.21052631578947367,0.3157894736842105,0.47368421052631576,-0.03280285714285714
2022-03-10,Materials,8,0.0843875,0.25,0.0,0.75,0.09483
2022-03-10,RealEstate,10,0.034,0.1,0.0,0.9,0.0425
2022-03-10,Tech,36,0.2621277777777778,0.6666666666666666,0.027777777777777776,0.3055555555555556,0.2778336923076923
2022-03-10,Utilities,7,0.050057142857142856,0.2857142857142857,0.0,0.7142857142857143,0.062360000000000006
2022-03-11,Comm,11,0.14107272727272727,0.36363636363636365,0.0,0.6363636363636364,0.06465833333333333
2022-03-11,Consumer,23,0.08010869565217392,0.21739130434782608,0.08695652173913043,0.6956521739130435,0.07675266666666666
2022-03-11,Energy,27,0.16528518518518517,0.6296296296296297,0.14814814814814814,0.2222222222222222,0.13963555555555557
2022-03-11,Financials,11,0.0968090909090909,0.45454545454545453,0.09090909090909091,0.45454545454545453,0.10621785714285713
2022-03-11,Healthcare,16,0.109525,0.25,0.0,0.75,0.1535975
2022-03-11,Industrials,10,0.08866,0.3,0.0,0.7,0.11408
2022-03-11,Materials,5,0.17646,0.6,0.0,0.4,0.1735888888888889
2022-03-11,RealEstate,4,0.2841,0.5,0.0,0.5,0.2841
2022-03-11,Tech,21,0.07192380952380953,0.42857142857142855,0.19047619047619047,0.38095238095238093,0.07941400000000001
2022-03-11,Utilities,1,0.5574,1.0,0.0,0.0,0.5574
2022-03-14,Comm,13,0.1825923076923077,0.38461538461538464,0.07692307692307693,0.5384615384615384,0.1797654761904762
2022-03-14,Consumer,28,0.0688,0.2857142857142857,0.10714285714285714,0.6071428571428571,0.060792857142857135
2022-03-14,Energy,32,0.159975,0.4375,0.15625,0.40625,0.1908568333333333
2022-03-14,Financials,23,0.18622608695652174,0.43478260869565216,0.043478260869565216,0.5217391304347826,0.17312
2022-03-14,Healthcare,8,0.1804625,0.375,0.0,0.625,0.22134583333333335
2022-03-14,Industrials,12,0.26825000000000004,0.6666666666666666,0.0,0.3333333333333333,0.27364
2022-03-14,Materials,3,0.08333333333333333,0.3333333333333333,0.0,0.6666666666666666,0.125
2022-03-14,RealEstate,8,0.1534625,0.625,0.125,0.25,0.12754000000000001
2022-03-14,Tech,26,0.22544230769230772,0.5,0.038461538461538464,0.46153846153846156,0.26458244444444445
2022-03-14,Utilities,7,0.13168571428571427,0.2857142857142857,0.0,0.7142857142857143,0.07681666666666666
2022-03-15,Comm,9,0.08083333333333334,0.3333333333333333,0.2222222222222222,0.4444444444444444,0.1897825
2022-03-15,Consumer,28,0.17172857142857142,0.5357142857142857,0.07142857142857142,0.39285714285714285,0.14180444444444446
2022-03-15,Energy,33,0.10187878787878789,0.42424242424242425,0.18181818181818182,0.3939393939393939,0.18263992857142858
2022-03-15,Financials,20,0.027570000000000004,0.4,0.3,0.3,0.004542666666666672
2022-03-15,Healthcare,10,-0.10178000000000001,0.2,0.3,0.5,-0.07027000000000001
2022-03-15,Industrials,12,0.18135,0.5,0.08333333333333333,0.4166666666666667,0.17776666666666668
2022-03-15,Materials,3,0.2601333333333333,0.6666666666666666,0.0,0.3333333333333333,0.2801
2022-03-15,RealEstate,9,0.25997777777777775,0.4444444444444444,0.0,0.5555555555555556,0.33696666666666664
2022-03-15,Tech,36,0.10495,0.25,0.05555555555555555,0.6944444444444444,0.09321386868686868
2022-03-15,Utilities,2,0.23775000000000002,1.0,0.0,0.0,0.23775000000000002
2022-03-16,Comm,3,0.09106666666666667,0.3333333333333333,0.0,0.6666666666666666,0.0683
2022-03-16,Consumer,25,0.107888,0.32,0.08,0.6,0.08664166666666666
2022-03-16,Energy,29,0.11906551724137932,0.4482758620689655,0.20689655172413793,0.3448275862068966,0.18090438311688312
2022-03-16,Financials,14,0.20940714285714288,0.5,0.0,0.5,0.19683714285714285
2022-03-16,Healthcare,16,0.027331249999999998,0.3125,0.1875,0.5,0.09095785714285715
2022-03-16,Industrials,18,0.028211111111111114,0.2777777777777778,0.1111111111111111,0.6111111111111112,0.014843650793650793
2022-03-16,Materials,3,0.33113333333333334,0.6666666666666666,0.0,0.3333333333333333,0.35372499999999996
2022-03-16,RealEstate,4,0.14305,0.25,0.25,0.5,0.09536666666666667
2022-03-16,Tech,31,0.22418709677419354,0.5161290322580645,0.0,0.4838709677419355,0.17171030844155843
2022-03-16,Utilities,6,0.12660000000000002,0.5,0.16666666666666666,0.3333333333333333,0.15
2022-03-17,Comm,6,0.017650000000000006,0.3333333333333333,0.3333333333333333,0.3333333333333333,-0.11934166666666665
2022-03-17,Consumer,25,0.071604,0.32,0.12,0.56,0.01987111111111112
2022-03-17,Energy,32,0.138134375,0.46875,0.125,0.40625,0.13679772727272727
2022-03-17,Financials,16,0.09586875,0.375,0.125,0.5,0.19133303571428573
2022-03-17,Healthcare,13,-0.021853846153846154,0.3076923076923077,0.15384615384615385,0.5384615384615384,0.04258555555555557
2022-03-17,Industrials,18,0.13280555555555554,0.3888888888888889,0.16666666666666666,0.4444444444444444,0.21150454545454545
2022-03-17,Materials,6,0.05666666666666667,0.16666666666666666,0.0,0.8333333333333334,0.0425
2022-03-17,RealEstate,1,0.0,0.0,0.0,1.0,0.0
2022-03-17,Tech,26,0.07365384615384615,0.2692307692307692,0.11538461538461539,0.6153846153846154,0.07387716666666666
2022-03-17,Utilities,5,0.12264,0.4,0.0,0.6,0.07665
2022-03-18,Comm,7,0.20967142857142856,0.5714285714285714,0.0,0.42857142857142855,0.28582
2022-03-18,Consumer,19,0.11668421052631579,0.47368421052631576,0.10526315789473684,0.42105263157894735,0.11450876190476192
2022-03-18,Energy,11,0.16053636363636364,0.5454545454545454,0.2727272727272727,0.18181818181818182,0.07074333333333332
2022-03-18,Financials,8,0.118,0.375,0.25,0.375,0.13341333333333333
2022-03-18,Healthcare,6,0.23785,0.5,0.0,0.5,0.19258888888888892
2022-03-18,Industrials,18,-0.013122222222222209,0.2222222222222222,0.3333333333333333,0.4444444444444444,-0.02675470085470084
2022-03-18,Materials,6,0.08848333333333336,0.3333333333333333,0.16666666666666666,0.5,0.01367500000000002
2022-03-18,RealEstate,10,0.07003000000000001,0.1,0.0,0.9,0.07003000000000001
2022-03-18,Tech,24,0.187075,0.3333333333333333,0.0,0.6666666666666666,0.1473853333333333
2022-03-18,Utilities,1,0.4019,1.0,0.0,0.0,0.4019
2022-03-21,Comm,9,0.09580000000000001,0.4444444444444444,0.1111111111111111,0.4444444444444444,0.11884750000000001
2022-03-21,Consumer,36,0.16970000000000002,0.4444444444444444,0.08333333333333333,0.4722222222222222,0.30715233333333336
2022-03-21,Energy,35,0.05899142857142856,0.34285714285714286,0.2,0.45714285714285713,0.0998901948051948
2022-03-21,Financials,17,0.04358235294117646,0.23529411764705882,0.11764705882352941,0.6470588235294118,0.05901466666666666
2022-03-21,Healthcare,16,0.20235625000000002,0.5625,0.0,0.4375,0.18445333333333333
2022-03-21,Industrials,42,-0.11648809523809524,0.16666666666666666,0.35714285714285715,0.47619047619047616,0.030477999999999995
2022-03-21,Materials,10,0.14892,0.6,0.0,0.4,0.16121666666666667
2022-03-21,RealEstate,13,0.10757692307692308,0.38461538461538464,0.07692307692307693,0.5384615384615384,0.09498666666666666
2022-03-21,Tech,31,0.13098064516129032,0.41935483870967744,0.12903225806451613,0.45161290322580644,0.10049066666666664
2022-03-21,Utilities,9,-0.005733333333333333,0.0,0.1111111111111111,0.8888888888888888,-0.00516
2022-03-22,Comm,9,-0.03455555555555554,0.3333333333333333,0.3333333333333333,0.3333333333333333,-0.19626666666666667
2022-03-22,Consumer,25,0.24099600000000002,0.56,0.08,0.36,0.15524583333333336
2022-03-22,Energy,35,0.14562,0.42857142857142855,0.05714285714285714,0.5142857142857142,0.13208666666666669
2022-03-22,Financials,8,0.1496,0.5,0.125,0.375,0.14959999999999998
2022-03-22,Healthcare,11,-0.08335454545454545,0.2727272727272727,0.36363636363636365,0.36363636363636365,-0.06053833333333332
2022-03-22,Industrials,9,-0.21531111111111112,0.1111111111111111,0.5555555555555556,0.3333333333333333,-0.15815833333333335
2022-03-22,Materials,3,0.14049999999999999,0.3333333333333333,0.0,0.6666666666666666,0.14049999999999999
2022-03-22,RealEstate,6,-0.00526666666666666,0.16666666666666666,0.16666666666666666,0.6666666666666666,0.03855000000000001
2022-03-22,Tech,25,0.11328399999999998,0.32,0.08,0.6,0.12455219047619046
2022-03-22,Utilities,3,0.4955,1.0,0.0,0.0,0.47209999999999996
2022-03-23,Comm,8,0.1650375,0.625,0.125,0.25,0.11251875
2022-03-23,Consumer,15,0.19625333333333334,0.4666666666666667,0.0,0.5333333333333333,0.13150937499999998
2022-03-23,Energy,24,0.028133333333333333,0.2916666666666667,0.125,0.5833333333333334,0.04383416666666667
2022-03-23,Financials,9,0.36433333333333334,0.6666666666666666,0.0,0.3333333333333333,0.37477916666666666
2022-03-23,Healthcare,7,0.16504285714285713,0.2857142857142857,0.14285714285714285,0.5714285714285714,0.04570000000000001
2022-03-23,Industrials,10,0.01622,0.2,0.1,0.7,0.00901111111111111
2022-03-23,Materials,1,0.0,0.0,0.0,1.0,0.0
2022-03-23,RealEstate,1,0.4404,1.0,0.0,0.0,0.4404
2022-03-23,Tech,50,0.023644000000000002,0.3,0.14,0.56,0.06218736363636364
2022-03-23,Utilities,1,0.2732,1.0,0.0,0.0,0.2732
2022-03-24,Comm,9,0.20303333333333332,0.4444444444444444,0.1111111111111111,0.4444444444444444,0.13151875
2022-03-24,Consumer,21,-0.04512857142857143,0.23809523809523808,0.2857142857142857,0.47619047619047616,-0.04295523809523809
2022-03-24,Energy,33,0.1804909090909091,0.3939393939393939,0.12121212121212122,0.48484848484848486,0.10499238461538463
2022-03-24,Financials,19,-0.013605263157894735,0.15789473684210525,0.21052631578947367,0.631578947368421,0.004567142857142861
2022-03-24,Healthcare,10,0.05341,0.3,0.2,0.5,0.20134375
2022-03-24,Industrials,9,-0.027977777777777768,0.1111111111111111,0.2222222222222222,0.6666666666666666,-0.059276190476190475
2022-03-24,Materials,4,0.16592500000000002,0.5,0.0,0.5,0.16592500000000002
2022-03-24,RealEstate,5,0.11148,0.2,0.0,0.8,0.06193333333333333
2022-03-24,Tech,56,0.09470535714285713,0.3392857142857143,0.10714285714285714,0.5535714285714286,0.11436908158508156
2022-03-24,Utilities,2,0.2732,1.0,0.0,0.0,0.2732
2022-03-25,Comm,1,-0.4215,0.0,1.0,0.0,-0.4215
2022-03-25,Consumer,22,0.17096818181818182,0.5,0.13636363636363635,0.36363636363636365,0.11713083333333334
2022-03-25,Energy,31,0.18259032258064517,0.6774193548387096,0.06451612903225806,0.25806451612903225,0.30355533333333334
2022-03-25,Financials,16,0.12200625,0.375,0.1875,0.4375,0.20247199999999999
2022-03-25,Healthcare,7,-0.001514285714285706,0.42857142857142855,0.2857142857142857,0.2857142857142857,0.09735
2022-03-25,Industrials,17,0.11592941176470588,0.47058823529411764,0.17647058823529413,0.35294117647058826,0.24655
2022-03-25,Materials,4,0.3008,0.75,0.0,0.25,0.3138666666666667
2022-03-25,RealEstate,5,0.12456,0.4,0.2,0.4,0.16046666666666667
2022-03-25,Tech,33,0.14412121212121212,0.45454545454545453,0.030303030303030304,0.5151515151515151,0.13006791666666667
2022-03-25,Utilities,2,0.06589999999999999,0.5,0.5,0.0,0.06589999999999999
2022-03-28,Comm,14,0.16639999999999996,0.5,0.14285714285714285,0.35714285714285715,0.12987666666666667
2022-03-28,Consumer,37,0.15078918918918918,0.4864864864864865,0.21621621621621623,0.2972972972972973,0.15206422619047616
2022-03-28,Energy,29,0.24374827586206896,0.6551724137931034,0.13793103448275862,0.20689655172413793,0.2789433333333334
2022-03-28,Financials,25,0.026596,0.4,0.2,0.4,0.021341428571428574
2022-03-28,Healthcare,12,-0.0069833333333333275,0.25,0.25,0.5,-0.07836874999999999
2022-03-28,Industrials,16,0.13826875,0.6875,0.0625,0.25,0.21774166666666667
2022-03-28,Materials,3,0.18076666666666666,0.6666666666666666,0.0,0.3333333333333333,0.18076666666666666
2022-03-28,RealEstate,8,0.09050000000000001,0.375,0.125,0.5,0.09233333333333334
2022-03-28,Tech,35,0.24212571428571428,0.45714285714285713,0.0,0.5428571428571428,0.26842
2022-03-28,Utilities,7,0.3411142857142857,0.8571428571428571,0.14285714285714285,0.0,0.37665333333333334
2022-03-29,Comm,11,0.07984545454545455,0.36363636363636365,0.09090909090909091,0.5454545454545454,0.06619166666666668
2022-03-29,Consumer,24,0.08728333333333332,0.3333333333333333,0.16666666666666666,0.5,0.10560083333333334
2022-03-29,Energy,28,0.21673928571428572,0.5357142857142857,0.07142857142857142,0.39285714285714285,0.11205909090909091
2022-03-29,Financials,15,-0.0020000000000000018,0.4,0.4,0.2,-0.049535
2022-03-29,Healthcare,10,0.14445000000000002,0.4,0.2,0.4,0.040900000000000006
2022-03-29,Industrials,14,0.11329285714285715,0.5,0.14285714285714285,0.35714285714285715,0.12603266666666668
2022-03-29,Materials,4,-0.0929,0.0,0.25,0.75,-0.06193333333333333
2022-03-29,RealEstate,6,0.22643333333333335,0.5,0.0,0.5,0.21713333333333332
2022-03-29,Tech,28,0.07680714285714285,0.35714285714285715,0.17857142857142858,0.4642857142857143,0.08175369047619048
2022-03-29,Utilities,7,0.1459857142857143,0.5714285714285714,0.0,0.42857142857142855,0.06812666666666667
2022-03-30,Comm,5,0.12248,0.2,0.0,0.8,0.10206666666666668
2022-03-30,Consumer,12,0.07615000000000001,0.3333333333333333,0.08333333333333333,0.5833333333333334,0.1481047619047619
2022-03-30,Energy,13,0.4040076923076923,0.7692307692307693,0.0,0.23076923076923078,0.36841666666666667
2022-03-30,Financials,12,0.130875,0.3333333333333333,0.08333333333333333,0.5833333333333334,0.13244444444444445
2022-03-30,Healthcare,8,0.0767875,0.25,0.125,0.625,0.05119166666666667
2022-03-30,Industrials,16,0.210625,0.5625,0.125,0.3125,0.3782277777777778
2022-03-30,Materials,4,0.085,0.25,0.0,0.75,0.11333333333333334
2022-03-30,RealEstate,6,0.3188166666666667,0.5,0.0,0.5,0.3933166666666666
2022-03-30,Tech,22,0.14771363636363638,0.45454545454545453,0.09090909090909091,0.45454545454545453,0.14768283333333335
2022-03-30,Utilities,4,0.5105999999999999,0.75,0.0,0.25,0.5673333333333334
2022-03-31,Comm,10,0.23326000000000002,0.6,0.0,0.4,0.181775
2022-03-31,Consumer,26,0.05046153846153846,0.2692307692307692,0.07692307692307693,0.6538461538461539,0.051818333333333334
2022-03-31,Energy,23,0.001608695652173924,0.391304347826087,0.21739130434782608,0.391304347826087,0.01515666666666667
2022-03-31,Financials,15,0.00956666666666666,0.2,0.26666666666666666,0.5333333333333333,0.01479166666666666
2022-03-31,Healthcare,9,0.05842222222222223,0.5555555555555556,0.2222222222222222,0.2222222222222222,0.14492500000000003
2022-03-31,Industrials,9,0.18423333333333333,0.5555555555555556,0.1111111111111111,0.3333333333333333,0.20839333333333335
2022-03-31,Materials,4,0.408225,0.75,0.0,0.25,0.39965
2022-03-31,RealEstate,6,-0.022783333333333333,0.16666666666666666,0.16666666666666666,0.6666666666666666,0.025412500000000005
2022-03-31,Tech,35,0.09596285714285714,0.4,0.17142857142857143,0.42857142857142855,0.1397956349206349
2022-03-31,Utilities,6,0.2834333333333333,1.0,0.0,0.0,0.2969625
2022-04-01,Comm,5,0.061119999999999994,0.4,0.2,0.4,0.05093333333333334
2022-04-01,Consumer,23,0.024799999999999996,0.17391304347826086,0.17391304347826086,0.6521739130434783,0.02364095238095238
2022-04-01,Energy,14,0.17895,0.5,0.21428571428571427,0.2857142857142857,0.173538
2022-04-01,Financials,29,0.10756206896551725,0.3448275862068966,0.1724137931034483,0.4827586206896552,0.14733805555555557
2022-04-01,Healthcare,6,0.3523,0.8333333333333334,0.0,0.16666666666666666,0.3144625
2022-04-01,Industrials,11,0.04141818181818182,0.2727272727272727,0.2727272727272727,0.45454545454545453,-0.054279999999999995
2022-04-01,Materials,3,0.31806666666666666,1.0,0.0,0.0,0.31806666666666666
2022-04-01,RealEstate,3,0.27973333333333333,0.6666666666666666,0.0,0.3333333333333333,0.369025
2022-04-01,Tech,42,0.08472857142857143,0.4523809523809524,0.09523809523809523,0.4523809523809524,0.09031396736596738
2022-04-01,Utilities,3,0.38966666666666666,1.0,0.0,0.0,0.38966666666666666
2022-04-04,Comm,16,0.17854375,0.5625,0.0625,0.375,0.18476875
2022-04-04,Consumer,39,0.1174923076923077,0.3333333333333333,0.1282051282051282,0.5384615384615384,0.08438292016806723
2022-04-04,Energy,26,0.12055,0.4230769230769231,0.19230769230769232,0.38461538461538464,0.046625666666666676
2022-04-04,Financials,24,-0.007845833333333337,0.16666666666666666,0.3333333333333333,0.5,-0.0071642307692307665
2022-04-04,Healthcare,20,0.103555,0.5,0.2,0.3,0.07585700000000002
2022-04-04,Industrials,15,0.13065333333333334,0.4666666666666667,0.13333333333333333,0.4,0.150995
2022-04-04,Materials,4,-0.012299999999999998,0.25,0.25,0.5,-0.041916666666666665
2022-04-04,RealEstate,7,0.2420857142857143,0.7142857142857143,0.14285714285714285,0.14285714285714285,0.13173125000000002
2022-04-04,Tech,57,0.13262456140350876,0.45614035087719296,0.07017543859649122,0.47368421052631576,0.11491586466165413
2022-04-04,Utilities,3,0.1858,0.3333333333333333,0.0,0.6666666666666666,0.1858
2022-04-05,Comm,12,-0.02644166666666667,0.08333333333333333,0.25,0.6666666666666666,-0.069578
2022-04-05,Consumer,17,0.02677647058823529,0.23529411764705882,0.17647058823529413,0.5882352941176471,0.08657761904761904
2022-04-05,Energy,16,0.08082500000000001,0.4375,0.1875,0.375,0.086984
2022-04-05,Financials,18,0.17221666666666666,0.5,0.05555555555555555,0.4444444444444444,0.189116
2022-04-05,Healthcare,13,0.20088461538461538,0.38461538461538464,0.0,0.6153846153846154,0.161048
2022-04-05,Industrials,17,0.051199999999999996,0.47058823529411764,0.17647058823529413,0.35294117647058826,0.025967619047619052
2022-04-05,Materials,8,0.1926,0.5,0.0,0.5,0.15108749999999999
2022-04-05,RealEstate,10,0.18468,0.6,0.0,0.4,0.15486
2022-04-05,Tech,37,0.034172972972972976,0.2702702702702703,0.1891891891891892,0.5405405405405406,0.036602932692307695
2022-04-05,Utilities,2,0.27115,0.5,0.0,0.5,0.27115
2022-04-06,Comm,4,0.032,0.25,0.0,0.75,0.021333333333333333
2022-04-06,Consumer,15,0.08796666666666668,0.4666666666666667,0.06666666666666667,0.4666666666666667,0.07396133333333335
2022-04-06,Energy,11,0.18111818181818184,0.5454545454545454,0.0,0.45454545454545453,0.17956875
2022-04-06,Financials,13,0.13216153846153847,0.46153846153846156,0.15384615384615385,0.38461538461538464,0.10738124999999998
2022-04-06,Healthcare,7,0.057800000000000004,0.2857142857142857,0.0,0.7142857142857143,0.050575
2022-04-06,Industrials,19,0.1414421052631579,0.42105263157894735,0.15789473684210525,0.42105263157894735,0.1346275
2022-04-06,Materials,7,0.1915,0.5714285714285714,0.0,0.42857142857142855,0.20806666666666668
2022-04-06,RealEstate,6,0.16098333333333334,0.5,0.0,0.5,0.1285333333333333
2022-04-06,Tech,33,0.166730303030303,0.5151515151515151,0.09090909090909091,0.3939393939393939,0.1552212857142857
2022-04-06,Utilities,4,0.3688,0.75,0.0,0.25,0.38558333333333333
2022-04-07,Comm,12,-0.0012916666666666632,0.16666666666666666,0.16666666666666666,0.6666666666666666,0.002922916666666664
2022-04-07,Consumer,29,0.027410344827586204,0.41379310344827586,0.27586206896551724,0.3103448275862069,0.014387444444444447
2022-04-07,Energy,17,0.1690470588235294,0.4117647058823529,0.058823529411764705,0.5294117647058824,0.1738325
2022-04-07,Financials,22,0.08766818181818183,0.4090909090909091,0.13636363636363635,0.45454545454545453,0.06855766666666667
2022-04-07,Healthcare,5,0.15566,0.2,0.0,0.8,0.0972875
2022-04-07,Industrials,11,0.02487272727272728,0.45454545454545453,0.36363636363636365,0.18181818181818182,0.06450357142857142
2022-04-07,Materials,2,0.148,0.5,0.0,0.5,0.148
2022-04-07,RealEstate,6,0.07506666666666666,0.5,0.0,0.5,0.08236
2022-04-07,Tech,22,0.24035909090909094,0.6818181818181818,0.045454545454545456,0.2727272727272727,0.2936221428571429
2022-04-07,Utilities,5,0.0693,0.8,0.2,0.0,0.17498888888888886
2022-04-08,Comm,9,0.14915555555555557,0.2222222222222222,0.0,0.7777777777777778,0.0839
2022-04-08,Consumer,17,0.1419529411764706,0.5294117647058824,0.23529411764705882,0.23529411764705882,0.14961166666666664
2022-04-08,Energy,20,0.239345,0.5,0.05,0.45,0.24698035714285713
2022-04-08,Financials,31,0.05430967741935483,0.3548387096774194,0.16129032258064516,0.4838709677419355,0.03279450980392156
2022-04-08,Healthcare,14,0.3821928571428571,0.7142857142857143,0.0,0.2857142857142857,0.358438
2022-04-08,Industrials,8,0.1212,0.5,0.25,0.25,0.12462499999999999
2022-04-08,Materials,5,0.03558,0.2,0.0,0.8,0.02965
2022-04-08,RealEstate,3,0.09866666666666667,0.3333333333333333,0.0,0.6666666666666666,0.09866666666666667
2022-04-08,Tech,25,0.28724,0.6,0.08,0.32,0.38193333333333335
2022-04-11,Comm,20,0.209385,0.65,0.15,0.2,0.08110294117647059
2022-04-11,Consumer,33,0.1873939393939394,0.48484848484848486,0.030303030303030304,0.48484848484848486,0.1837059285714286
2022-04-11,Energy,20,0.298245,0.75,0.05,0.2,0.34190729166666667
2022-04-11,Financials,40,-0.007175000000000003,0.225,0.15,0.625,0.004413142857142854
2022-04-11,Healthcare,14,0.11962857142857143,0.35714285714285715,0.14285714285714285,0.5,0.09281966666666666
2022-04-11,Industrials,17,0.03618823529411765,0.29411764705882354,0.17647058823529413,0.5294117647058824,0.02846527777777778
2022-04-11,Materials,4,0.46752499999999997,1.0,0.0,0.0,0.44565
2022-04-11,RealEstate,9,-0.010533333333333339,0.2222222222222222,0.2222222222222222,0.5555555555555556,-0.001720833333333338
2022-04-11,Tech,55,0.1849981818181818,0.5636363636363636,0.10909090909090909,0.32727272727272727,0.234682331002331
2022-04-11,Utilities,4,0.2553,0.5,0.0,0.5,0.2553
2022-04-12,Comm,9,0.2502333333333333,0.5555555555555556,0.0,0.4444444444444444,0.3481
2022-04-12,Consumer,13,0.08026153846153847,0.38461538461538464,0.0,0.6153846153846154,0.09016190476190478
2022-04-12,Energy,21,0.15585714285714286,0.47619047619047616,0.047619047619047616,0.47619047619047616,0.18135844444444443
2022-04-12,Financials,26,0.05006923076923077,0.23076923076923078,0.19230769230769232,0.5769230769230769,0.07365602272727273
2022-04-12,Healthcare,16,0.0996375,0.3125,0.125,0.5625,0.09319999999999999
2022-04-12,Industrials,10,-0.007450000000000007,0.4,0.3,0.3,0.08248833333333333
2022-04-12,Materials,14,0.24569285714285713,0.5,0.0,0.5,0.19122625
2022-04-12,RealEstate,9,0.27566666666666667,0.4444444444444444,0.0,0.5555555555555556,0.28442
2022-04-12,Tech,15,0.07539333333333334,0.3333333333333333,0.2,0.4666666666666667,0.12285428571428572
2022-04-12,Utilities,4,0.284875,0.5,0.0,0.5,0.284875
2022-04-13,Comm,10,0.27446000000000004,0.7,0.0,0.3,0.23527708333333336
2022-04-13,Consumer,16,0.0012312499999999997,0.3125,0.375,0.3125,0.012541999999999998
2022-04-13,Energy,28,0.22195357142857144,0.6785714285714286,0.10714285714285714,0.21428571428571427,0.22979993055555556
2022-04-13,Financials,36,0.17810555555555554,0.5277777777777778,0.05555555555555555,0.4166666666666667,0.1319242222222222
2022-04-13,Healthcare,12,0.057675000000000004,0.3333333333333333,0.16666666666666666,0.5,0.08409666666666668
2022-04-13,Industrials,5,0.05498000000000001,0.2,0.2,0.6,0.018233333333333334
2022-04-13,Materials,9,0.26674444444444445,0.8888888888888888,0.0,0.1111111111111111,0.35048958333333335
2022-04-13,RealEstate,5,-0.0017999999999999878,0.4,0.4,0.2,0.038125000000000006
2022-04-13,Tech,26,0.15086538461538462,0.46153846153846156,0.07692307692307693,0.46153846153846156,0.12568166666666664
2022-04-13,Utilities,1,0.0,0.0,0.0,1.0,0.0
2022-04-14,Comm,10,0.005860000000000004,0.1,0.1,0.8,-0.07343
2022-04-14,Consumer,21,0.07535238095238095,0.23809523809523808,0.09523809523809523,0.6666666666666666,0.10697214285714285
2022-04-14,Energy,8,0.26811250000000003,0.75,0.0,0.25,0.28245000000000003
2022-04-14,Financials,83,0.12910722891566265,0.4578313253012048,0.08433734939759036,0.4578313253012048,0.16878082857142856
2022-04-14,Healthcare,15,-0.001699999999999996,0.2,0.26666666666666666,0.5333333333333333,0.08461678571428571
2022-04-14,Industrials,4,0.16455,0.5,0.0,0.5,0.1097
2022-04-14,Materials,11,0.11386363636363636,0.2727272727272727,0.0,0.7272727272727273,0.071135
2022-04-14,RealEstate,8,0.3051875,0.5,0.0,0.5,0.31415
2022-04-14,Tech,25,0.028048000000000003,0.16,0.12,0.72,0.006591666666666667
2022-04-14,Utilities,2,0.22555,1.0,0.0,0.0,0.22555
2022-04-18,Comm,17,-0.005023529411764708,0.29411764705882354,0.17647058823529413,0.5294117647058824,0.035902857142857146
2022-04-18,Consumer,30,0.10368666666666666,0.36666666666666664,0.13333333333333333,0.5,0.180084
2022-04-18,Energy,15,0.20062666666666665,0.5333333333333333,0.06666666666666667,0.4,0.25916805555555555
2022-04-18,Financials,27,0.17052592592592594,0.5555555555555556,0.25925925925925924,0.18518518518518517,0.24753025974025972
2022-04-18,Healthcare,9,0.044955555555555554,0.2222222222222222,0.0,0.7777777777777778,0.05619444444444444
2022-04-18,Industrials,8,0.0601875,0.125,0.125,0.75,0.040125
2022-04-18,Materials,8,0.1725375,0.5,0.0,0.5,0.12001500000000001
2022-04-18,RealEstate,6,0.13101666666666667,0.3333333333333333,0.0,0.6666666666666666,0.08480833333333333
2022-04-18,Tech,24,0.162525,0.5416666666666666,0.125,0.3333333333333333,0.09197
2022-04-18,Utilities,5,0.21856,0.8,0.0,0.2,0.23904999999999998
2022-04-19,Comm,16,0.006456249999999997,0.25,0.3125,0.4375,-0.03867466666666666
2022-04-19,Consumer,25,0.094744,0.36,0.2,0.44,0.10732969047619045
2022-04-19,Energy,13,0.18864615384615385,0.6153846153846154,0.0,0.38461538461538464,0.21925599999999998
2022-04-19,Financials,23,0.21717391304347827,0.6086956521739131,0.08695652173913043,0.30434782608695654,0.19647561904761907
2022-04-19,Healthcare,19,0.10620526315789473,0.42105263157894735,0.21052631578947367,0.3684210526315789,-0.007743523809523811
2022-04-19,Industrials,10,0.11343,0.4,0.1,0.5,0.06418499999999999
2022-04-19,Materials,12,0.07744999999999999,0.3333333333333333,0.16666666666666666,0.5,0.06429999999999998
2022-04-19,RealEstate,11,-0.027527272727272723,0.09090909090909091,0.18181818181818182,0.7272727272727273,-0.09386399999999999
2022-04-19,Tech,24,0.13455833333333334,0.4166666666666667,0.041666666666666664,0.5416666666666666,0.17060755555555557
2022-04-19,Utilities,3,0.2612666666666667,0.6666666666666666,0.0,0.3333333333333333,0.2612666666666667
2022-04-20,Comm,12,0.11349166666666666,0.4166666666666667,0.0,0.5833333333333334,0.12171388888888889
2022-04-20,Consumer,28,0.01465714285714286,0.32142857142857145,0.21428571428571427,0.4642857142857143,-0.014678333333333324
2022-04-20,Energy,10,0.26781,0.6,0.0,0.4,0.19884000000000002
2022-04-20,Financials,11,0.07442727272727273,0.2727272727272727,0.09090909090909091,0.6363636363636364,0.04578
2022-04-20,Healthcare,16,0.26539375,0.5625,0.0625,0.375,0.29898437499999997
2022-04-20,Industrials,14,0.008685714285714293,0.2857142857142857,0.21428571428571427,0.5,0.10845400000000001
2022-04-20,Materials,15,0.11816,0.26666666666666666,0.0,0.7333333333333333,0.11568555555555556
2022-04-20,RealEstate,7,0.006385714285714288,0.14285714285714285,0.14285714285714285,0.7142857142857143,-0.10165
2022-04-20,Tech,17,0.17574705882352942,0.4117647058823529,0.0,0.5882352941176471,0.17537625
2022-04-20,Utilities,2,0.0129,0.0,0.0,1.0,0.0129
2022-04-21,Comm,27,0.19695925925925925,0.4074074074074074,0.0,0.5925925925925926,0.19545618421052632
2022-04-21,Consumer,25,0.163232,0.44,0.08,0.48,0.14994066666666667
2022-04-21,Energy,23,0.16615652173913045,0.391304347826087,0.13043478260869565,0.4782608695652174,0.17409083333333333
2022-04-21,Financials,14,-0.08120000000000001,0.07142857142857142,0.35714285714285715,0.5714285714285714,-0.08960666666666668
2022-04-21,Healthcare,17,0.1209,0.35294117647058826,0.23529411764705882,0.4117647058823529,0.12141666666666669
2022-04-21,Industrials,12,0.173825,0.4166666666666667,0.0,0.5833333333333334,0.2278
2022-04-21,Materials,20,0.12241500000000001,0.3,0.0,0.7,0.06708044444444444
2022-04-21,RealEstate,11,0.09304545454545456,0.18181818181818182,0.09090909090909091,0.7272727272727273,0.027645000000000003
2022-04-21,Tech,23,0.05389999999999999,0.2608695652173913,0.13043478260869565,0.6086956521739131,0.04024880952380951
2022-04-21,Utilities,18,0.14268333333333333,0.5555555555555556,0.2222222222222222,0.2222222222222222,0.094915
2022-04-22,Comm,12,0.05239166666666667,0.25,0.16666666666666666,0.5833333333333334,0.05221071428571429
2022-04-22,Consumer,24,0.12024583333333333,0.4583333333333333,0.08333333333333333,0.4583333333333333,0.15205190476190475
2022-04-22,Energy,28,0.013717857142857146,0.2857142857142857,0.17857142857142858,0.5357142857142857,0.07542666666666667
2022-04-22,Financials,19,0.13670000000000002,0.3684210526315789,0.10526315789473684,0.5263157894736842,0.138025
2022-04-22,Healthcare,9,0.11888888888888889,0.2222222222222222,0.0,0.7777777777777778,0.10515000000000001
2022-04-22,Industrials,11,-0.0959181818181818,0.0,0.2727272727272727,0.7272727272727273,-0.08736000000000001
2022-04-22,Materials,20,0.016180000000000007,0.2,0.25,0.55,0.00821111111111111
2022-04-22,RealEstate,3,0.06743333333333333,0.3333333333333333,0.0,0.6666666666666666,0.10115
2022-04-22,Tech,9,0.0468888888888889,0.2222222222222222,0.2222222222222222,0.5555555555555556,0.027360000000000002
2022-04-22,Utilities,13,0.12444615384615385,0.38461538461538464,0.0,0.6153846153846154,0.13824533333333333
2022-04-25,Comm,17,0.1000529411764706,0.29411764705882354,0.058823529411764705,0.6470588235294118,0.11344333333333334
2022-04-25,Consumer,58,0.0647293103448276,0.41379310344827586,0.27586206896551724,0.3103448275862069,0.07431406666666666
2022-04-25,Energy,48,0.12923958333333332,0.5,0.10416666666666667,0.3958333333333333,0.11920595093795094
2022-04-25,Financials,30,0.12482333333333333,0.36666666666666664,0.1,0.5333333333333333,0.14123233333333335
2022-04-25,Healthcare,26,0.2185076923076923,0.5769230769230769,0.07692307692307693,0.34615384615384615,0.23023733333333332
2022-04-25,Industrials,24,0.1447166666666667,0.4583333333333333,0.20833333333333334,0.3333333333333333,0.16140285714285713
2022-04-25,Materials,15,0.23455333333333334,0.6,0.2,0.2,0.19062083333333335
2022-04-25,RealEstate,7,0.13027142857142857,0.2857142857142857,0.0,0.7142857142857143,0.13704666666666668
2022-04-25,Tech,39,0.1444025641025641,0.5384615384615384,0.20512820512820512,0.2564102564102564,0.1535740238095238
2022-04-25,Utilities,13,0.22556923076923077,0.7692307692307693,0.07692307692307693,0.15384615384615385,0.20026875
2022-04-26,Comm,13,0.18265384615384617,0.46153846153846156,0.15384615384615385,0.38461538461538464,0.35237583333333333
2022-04-26,Consumer,17,0.11499411764705883,0.35294117647058826,0.11764705882352941,0.5294117647058824,0.07064
2022-04-26,Energy,25,0.110684,0.32,0.24,0.44,0.13223154761904762
2022-04-26,Financials,28,0.18392857142857144,0.42857142857142855,0.07142857142857142,0.5,0.15742644444444445
2022-04-26,Healthcare,25,-0.00916,0.16,0.16,0.68,-0.04502071428571428
2022-04-26,Industrials,60,-0.023899999999999994,0.26666666666666666,0.31666666666666665,0.4166666666666667,-0.02389881385281385
2022-04-26,Materials,13,0.1460076923076923,0.46153846153846156,0.0,0.5384615384615384,0.1393125
2022-04-26,RealEstate,5,0.0,0.0,0.0,1.0,0.0
2022-04-26,Tech,22,0.1478227272727273,0.5454545454545454,0.18181818181818182,0.2727272727272727,0.135942
2022-04-26,Utilities,4,0.3597,1.0,0.0,0.0,0.3597
2022-04-27,Comm,18,0.032749999999999994,0.2222222222222222,0.2777777777777778,0.5,0.09126339285714286
2022-04-27,Consumer,28,0.04378928571428571,0.2857142857142857,0.17857142857142858,0.5357142857142857,0.05156588888888889
2022-04-27,Energy,28,0.23679642857142857,0.5,0.07142857142857142,0.42857142857142855,0.2651357777777778
2022-04-27,Financials,26,0.13654230769230769,0.4230769230769231,0.15384615384615385,0.4230769230769231,0.013807222222222235
2022-04-27,Healthcare,20,0.10202499999999999,0.35,0.0,0.65,0.08906333333333334
2022-04-27,Industrials,31,0.063,0.41935483870967744,0.25806451612903225,0.3225806451612903,0.05259499999999999
2022-04-27,Materials,3,0.0,0.0,0.0,1.0,0.0
2022-04-27,RealEstate,15,0.07118000000000001,0.2,0.06666666666666667,0.7333333333333333,0.05755625
2022-04-27,Tech,32,0.10692499999999999,0.34375,0.125,0.53125,0.12966955555555554
2022-04-27,Utilities,6,0.01908333333333333,0.16666666666666666,0.3333333333333333,0.5,0.11397222222222221
2022-04-28,Comm,14,0.10967142857142857,0.2857142857142857,0.07142857142857142,0.6428571428571429,0.02522
2022-04-28,Consumer,13,0.12783076923076922,0.38461538461538464,0.15384615384615385,0.46153846153846156,0.17100166666666666
2022-04-28,Energy,33,0.26973939393939395,0.7272727272727273,0.09090909090909091,0.18181818181818182,0.2515092857142857
2022-04-28,Financials,18,0.06315,0.3888888888888889,0.16666666666666666,0.4444444444444444,-0.01419095238095237
2022-04-28,Healthcare,31,0.0724741935483871,0.2903225806451613,0.12903225806451613,0.5806451612903226,0.10540552380952381
2022-04-28,Industrials,23,0.010073913043478261,0.30434782608695654,0.21739130434782608,0.4782608695652174,0.043520714285714274
2022-04-28,Materials,6,-0.045533333333333335,0.0,0.16666666666666666,0.8333333333333334,-0.030355555555555556
2022-04-28,RealEstate,4,0.32335,0.75,0.0,0.25,0.32335
2022-04-28,Tech,46,0.029434782608695653,0.30434782608695654,0.2608695652173913,0.43478260869565216,0.02582428977272727
2022-04-28,Utilities,23,0.12779565217391306,0.5652173913043478,0.13043478260869565,0.30434782608695654,0.11132666666666666
2022-04-29,Comm,12,0.14560833333333334,0.4166666666666667,0.08333333333333333,0.5,0.09257625
2022-04-29,Consumer,32,0.067953125,0.40625,0.21875,0.375,0.08041375324675325
2022-04-29,Energy,58,-0.005006896551724142,0.3103448275862069,0.3103448275862069,0.3793103448275862,-0.08109881481481482
2022-04-29,Financials,5,0.2873,0.6,0.0,0.4,0.26130000000000003
2022-04-29,Healthcare,23,0.09709999999999999,0.34782608695652173,0.17391304347826086,0.4782608695652174,0.09682833333333334
2022-04-29,Industrials,18,0.14687777777777777,0.5,0.2777777777777778,0.2222222222222222,0.2221973333333333
2022-04-29,Materials,1,0.0,0.0,0.0,1.0,0.0
2022-04-29,RealEstate,9,0.16356666666666667,0.5555555555555556,0.0,0.4444444444444444,0.17865
2022-04-29,Tech,27,0.02457777777777777,0.25925925925925924,0.18518518518518517,0.5555555555555556,0.0014425108225108194
2022-04-29,Utilities,9,0.1975111111111111,0.6666666666666666,0.0,0.3333333333333333,0.3003777777777778
2022-05-02,Comm,12,0.11622500000000001,0.3333333333333333,0.08333333333333333,0.5833333333333334,0.121806
2022-05-02,Consumer,25,0.06396,0.28,0.12,0.6,0.11714738095238095
2022-05-02,Energy,35,0.15697142857142857,0.42857142857142855,0.08571428571428572,0.4857142857142857,0.1836975
2022-05-02,Financials,14,0.1639142857142857,0.5714285714285714,0.0,0.42857142857142855,0.1687125
2022-05-02,Healthcare,13,0.23284615384615387,0.6153846153846154,0.0,0.38461538461538464,0.226363
2022-05-02,Industrials,14,0.05693571428571428,0.21428571428571427,0.21428571428571427,0.5714285714285714,0.06344066666666666
2022-05-02,Materials,3,0.0,0.0,0.0,1.0,0.0
2022-05-02,RealEstate,5,0.10212000000000002,0.2,0.0,0.8,0.17020000000000002
2022-05-02,Tech,33,0.05032121212121212,0.30303030303030304,0.15151515151515152,0.5454545454545454,0.04577086580086581
2022-05-02,Utilities,12,0.16951666666666668,0.5833333333333334,0.08333333333333333,0.3333333333333333,0.19405777777777777
2022-05-03,Comm,7,0.01454285714285715,0.2857142857142857,0.14285714285714285,0.5714285714285714,-0.02558333333333333
2022-05-03,Consumer,25,0.136496,0.36,0.12,0.52,0.11965
2022-05-03,Energy,31,0.21007741935483873,0.5483870967741935,0.1935483870967742,0.25806451612903225,0.1915303333333333
2022-05-03,Financials,13,0.2380307692307692,0.7692307692307693,0.0,0.23076923076923078,0.21465666666666666
2022-05-03,Healthcare,3,-0.05103333333333334,0.0,0.3333333333333333,0.6666666666666666,-0.038275
2022-05-03,Industrials,7,0.17639999999999997,0.42857142857142855,0.2857142857142857,0.2857142857142857,0.2925
2022-05-03,Materials,9,-0.07086666666666666,0.2222222222222222,0.3333333333333333,0.4444444444444444,-0.07086666666666666
2022-05-03,RealEstate,4,0.12765,0.25,0.0,0.75,0.08510000000000001
2022-05-03,Tech,41,0.0899390243902439,0.34146341463414637,0.04878048780487805,0.6097560975609756,-0.014621587301587297
2022-05-03,Utilities,10,0.29235,0.7,0.0,0.3,0.24270999999999998
2022-05-04,Comm,5,0.026439999999999998,0.6,0.2,0.2,-0.013600000000000001
2022-05-04,Consumer,31,0.11121935483870968,0.41935483870967744,0.12903225806451613,0.45161290322580644,0.0771423188405797
2022-05-04,Energy,20,0.04284,0.25,0.15,0.6,0.05974888888888889
2022-05-04,Financials,7,0.0,0.0,0.0,1.0,0.0
2022-05-04,Healthcare,6,0.033716666666666666,0.16666666666666666,0.0,0.8333333333333334,0.050575
2022-05-04,Industrials,8,0.032462500000000005,0.25,0.25,0.5,0.11836666666666666
2022-05-04,Materials,3,0.22950000000000004,0.6666666666666666,0.0,0.3333333333333333,0.21660000000000001
2022-05-04,RealEstate,7,0.08214285714285716,0.2857142857142857,0.0,0.7142857142857143,0.06919166666666668
2022-05-04,Tech,45,-0.021259999999999998,0.37777777777777777,0.28888888888888886,0.3333333333333333,-0.028433573717948718
2022-05-04,Utilities,11,-0.01180909090909091,0.09090909090909091,0.18181818181818182,0.7272727272727273,-0.022058730158730156
2022-05-05,Comm,9,-0.02679999999999999,0.2222222222222222,0.3333333333333333,0.4444444444444444,-0.03416666666666666
2022-05-05,Consumer,21,0.004052380952380954,0.19047619047619047,0.23809523809523808,0.5714285714285714,-0.09383695238095237
2022-05-05,Energy,40,0.2601625,0.625,0.025,0.35,0.2955449047619048
2022-05-05,Financials,13,0.0872,0.3076923076923077,0.23076923076923078,0.46153846153846156,0.127162
2022-05-05,Healthcare,14,0.11195714285714287,0.42857142857142855,0.14285714285714285,0.42857142857142855,0.05953333333333334
2022-05-05,Industrials,18,-0.04919444444444444,0.1111111111111111,0.2222222222222222,0.6666666666666666,0.0011606666666666653
2022-05-05,Materials,3,0.25756666666666667,0.6666666666666666,0.0,0.3333333333333333,0.31235
2022-05-05,RealEstate,4,0.0929,0.25,0.0,0.75,0.06193333333333333
2022-05-05,Tech,25,0.130128,0.6,0.2,0.2,0.27581316666666666
2022-05-05,Utilities,19,0.07526842105263158,0.47368421052631576,0.21052631578947367,0.3157894736842105,0.03735333333333333
2022-05-06,Comm,14,0.2180357142857143,0.5,0.0,0.5,0.2111406666666667
2022-05-06,Consumer,30,0.06695666666666668,0.3333333333333333,0.13333333333333333,0.5333333333333333,0.035270571428571436
2022-05-06,Energy,27,0.18520370370370373,0.6296296296296297,0.14814814814814814,0.2222222222222222,0.16832407142857142
2022-05-06,Financials,20,-0.10498500000000002,0.2,0.4,0.4,-0.13598333333333334
2022-05-06,Healthcare,8,0.0284125,0.25,0.25,0.5,0.01825
2022-05-06,Industrials,3,0.1623333333333333,0.6666666666666666,0.3333333333333333,0.0,0.1623333333333333
2022-05-06,Materials,5,0.06608,0.2,0.2,0.6,0.0020333333333333314
2022-05-06,RealEstate,6,0.03733333333333333,0.16666666666666666,0.16666666666666666,0.6666666666666666,0.03733333333333333
2022-05-06,Tech,23,0.10216521739130435,0.43478260869565216,0.08695652173913043,0.4782608695652174,0.07282428571428572
2022-05-06,Utilities,14,0.08225,0.5,0.14285714285714285,0.35714285714285715,0.108155
2022-05-09,Comm,14,-0.054828571428571435,0.0,0.21428571428571427,0.7857142857142857,-0.024980000000000002
2022-05-09,Consumer,29,0.1310689655172414,0.3448275862068966,0.10344827586206896,0.5517241379310345,0.12882402597402595
2022-05-09,Energy,34,0.13423529411764706,0.35294117647058826,0.11764705882352941,0.5294117647058824,0.11587069264069265
2022-05-09,Financials,13,0.05966923076923077,0.46153846153846156,0.23076923076923078,0.3076923076923077,0.031316666666666666
2022-05-09,Healthcare,4,0.131675,0.25,0.0,0.75,0.08778333333333332
2022-05-09,Industrials,17,0.07361764705882354,0.29411764705882354,0.17647058823529413,0.5294117647058824,0.1487765
2022-05-09,Materials,2,0.0,0.0,0.0,1.0,0.0
2022-05-09,RealEstate,7,0.19361428571428574,0.2857142857142857,0.0,0.7142857142857143,0.13553
2022-05-09,Tech,33,0.11955454545454546,0.42424242424242425,0.15151515151515152,0.42424242424242425,0.08908256410256411
2022-05-09,Utilities,12,0.16570833333333332,0.6666666666666666,0.25,0.08333333333333333,0.061818749999999985
2022-05-10,Comm,11,0.017481818181818178,0.2727272727272727,0.2727272727272727,0.45454545454545453,0.05671607142857142
2022-05-10,Consumer,24,0.10772083333333334,0.375,0.08333333333333333,0.5416666666666666,0.09924055555555555
2022-05-10,Energy,19,0.1704,0.47368421052631576,0.10526315789473684,0.42105263157894735,0.13113142857142857
2022-05-10,Financials,13,0.07749999999999999,0.3076923076923077,0.07692307692307693,0.6153846153846154,0.1761
2022-05-10,Healthcare,13,0.09364615384615385,0.3076923076923077,0.15384615384615385,0.5384615384615384,0.14197200000000001
2022-05-10,Industrials,12,0.08392499999999999,0.3333333333333333,0.08333333333333333,0.5833333333333334,0.05308958333333333
2022-05-10,Materials,8,0.171075,0.375,0.0,0.625,0.302375
2022-05-10,RealEstate,15,0.03717333333333334,0.26666666666666666,0.2,0.5333333333333333,0.04052000000000001
2022-05-10,Tech,25,0.212052,0.48,0.0,0.52,0.19980564102564102
2022-05-10,Utilities,1,0.0,0.0,0.0,1.0,0.0
2022-05-11,Comm,14,0.08920714285714285,0.35714285714285715,0.14285714285714285,0.5,0.07184333333333334
2022-05-11,Consumer,26,0.04027692307692307,0.3076923076923077,0.15384615384615385,0.5384615384615384,-0.023896000000000008
2022-05-11,Energy,23,0.2836086956521739,0.6521739130434783,0.13043478260869565,0.21739130434782608,0.29024652777777776
2022-05-11,Financials,14,0.07052142857142857,0.21428571428571427,0.07142857142857142,0.7142857142857143,0.08363833333333333
2022-05-11,Healthcare,15,-0.05098666666666666,0.26666666666666666,0.3333333333333333,0.4,0.021426666666666677
2022-05-11,Industrials,16,-0.0013250000000000033,0.375,0.375,0.25,0.0881952380952381
2022-05-11,Materials,1,0.0,0.0,0.0,1.0,0.0
2022-05-11,RealEstate,5,0.020179999999999997,0.6,0.2,0.2,0.02968333333333334
2022-05-11,Tech,21,0.11014285714285713,0.2857142857142857,0.0,0.7142857142857143,0.10732678571428571
2022-05-11,Utilities,5,0.10533999999999999,0.2,0.0,0.8,0.17556666666666665
2022-05-12,Comm,11,0.010263636363636358,0.18181818181818182,0.2727272727272727,0.5454545454545454,0.015794999999999997
2022-05-12,Consumer,33,-0.030412121212121213,0.24242424242424243,0.30303030303030304,0.45454545454545453,0.05801480392156864
2022-05-12,Energy,31,0.09032580645161291,0.3548387096774194,0.06451612903225806,0.5806451612903226,0.10331690476190476
2022-05-12,Financials,11,0.09854545454545455,0.45454545454545453,0.09090909090909091,0.45454545454545453,0.11983541666666667
2022-05-12,Healthcare,14,0.019964285714285723,0.35714285714285715,0.21428571428571427,0.42857142857142855,-0.005173333333333319
2022-05-12,Industrials,11,0.034027272727272725,0.2727272727272727,0.2727272727272727,0.45454545454545453,0.14164166666666667
2022-05-12,Materials,8,0.2840125,0.625,0.0,0.375,0.3370083333333333
2022-05-12,RealEstate,5,0.23584,0.6,0.0,0.4,0.31751111111111113
2022-05-12,Tech,34,0.0719470588235294,0.38235294117647056,0.17647058823529413,0.4411764705882353,0.03639452380952381
2022-05-12,Utilities,6,0.015616666666666676,0.3333333333333333,0.16666666666666666,0.5,0.007808333333333338
2022-05-13,Comm,7,0.13490000000000002,0.42857142857142855,0.14285714285714285,0.42857142857142855,0.12901666666666667
2022-05-13,Consumer,22,0.04477727272727273,0.36363636363636365,0.18181818181818182,0.45454545454545453,0.06429476190476191
2022-05-13,Energy,34,0.15375882352941178,0.6176470588235294,0.23529411764705882,0.14705882352941177,0.12327222222222223
2022-05-13,Financials,21,0.0747142857142857,0.38095238095238093,0.23809523809523808,0.38095238095238093,0.11499199999999998
2022-05-13,Healthcare,12,-0.025116666666666666,0.0,0.16666666666666666,0.8333333333333334,-0.0188375
2022-05-13,Industrials,11,0.040318181818181816,0.36363636363636365,0.09090909090909091,0.5454545454545454,0.058140833333333336
2022-05-13,Materials,3,0.21230000000000002,0.3333333333333333,0.0,0.6666666666666666,0.159225
2022-05-13,RealEstate,5,0.16184,0.8,0.0,0.2,0.17701250000000002
2022-05-13,Tech,24,0.10252083333333332,0.4166666666666667,0.16666666666666666,0.4166666666666667,0.09926212121212122
2022-05-13,Utilities,4,0.331775,0.75,0.0,0.25,0.331775
2022-05-16,Comm,10,-0.027179999999999992,0.3,0.2,0.5,0.07973333333333334
2022-05-16,Consumer,60,0.035203333333333336,0.26666666666666666,0.15,0.5833333333333334,0.019957333333333334
2022-05-16,Energy,48,0.15653333333333333,0.4583333333333333,0.2708333333333333,0.2708333333333333,0.08721899145299146
2022-05-16,Financials,22,0.015954545454545447,0.4090909090909091,0.22727272727272727,0.36363636363636365,0.03664714285714284
2022-05-16,Healthcare,20,0.075475,0.3,0.2,0.5,0.048321666666666666
2022-05-16,Industrials,9,0.09324444444444445,0.3333333333333333,0.1111111111111111,0.5555555555555556,0.137495
2022-05-16,Materials,4,0.0903,0.25,0.0,0.75,0.0903
2022-05-16,RealEstate,9,0.17446666666666666,0.4444444444444444,0.1111111111111111,0.4444444444444444,0.12654583333333333
2022-05-16,Tech,22,0.022218181818181817,0.36363636363636365,0.2727272727272727,0.36363636363636365,0.017866
2022-05-16,Utilities,2,0.2732,1.0,0.0,0.0,0.2732
2022-05-17,Comm,22,0.051727272727272726,0.2727272727272727,0.09090909090909091,0.6363636363636364,0.009181333333333333
2022-05-17,Consumer,47,0.09890638297872341,0.3404255319148936,0.06382978723404255,0.5957446808510638,0.09659656862745097
2022-05-17,Energy,24,0.13159166666666666,0.4166666666666667,0.20833333333333334,0.375,0.10922719696969697
2022-05-17,Financials,19,0.05733157894736842,0.47368421052631576,0.3684210526315789,0.15789473684210525,0.050210333333333336
2022-05-17,Healthcare,14,-0.04549285714285715,0.14285714285714285,0.2857142857142857,0.5714285714285714,-0.021684375000000002
2022-05-17,Industrials,14,0.04410714285714285,0.14285714285714285,0.14285714285714285,0.7142857142857143,0.11529199999999999
2022-05-17,Materials,10,0.11656,0.4,0.1,0.5,0.08958958333333333
2022-05-17,RealEstate,9,0.3026111111111111,0.6666666666666666,0.0,0.3333333333333333,0.3404375
2022-05-17,Tech,35,0.2376142857142857,0.5428571428571428,0.02857142857142857,0.42857142857142855,0.16402091575091576
2022-05-17,Utilities,5,0.31206,0.6,0.4,0.0,0.31206
2022-05-18,Comm,11,-0.038318181818181814,0.0,0.09090909090909091,0.9090909090909091,-0.021075
2022-05-18,Consumer,41,0.04535121951219512,0.34146341463414637,0.1951219512195122,0.4634146341463415,0.01716661290322581
2022-05-18,Energy,29,0.11277241379310345,0.3793103448275862,0.13793103448275862,0.4827586206896552,0.09223620512820511
2022-05-18,Financials,12,0.09826666666666668,0.4166666666666667,0.25,0.3333333333333333,0.10264333333333335
2022-05-18,Healthcare,11,0.1751090909090909,0.36363636363636365,0.0,0.6363636363636364,0.17670999999999998
2022-05-18,Industrials,16,-0.03575625,0.0625,0.3125,0.625,0.00029333333333333436
2022-05-18,Materials,1,0.296,1.0,0.0,0.0,0.296
2022-05-18,RealEstate,5,-0.07372,0.2,0.4,0.4,-0.06143333333333333
2022-05-18,Tech,20,0.20656,0.55,0.0,0.45,0.269345
2022-05-18,Utilities,2,0.0,0.0,0.0,1.0,0.0
2022-05-19,Comm,10,0.03457000000000001,0.3,0.2,0.5,0.07331666666666668
2022-05-19,Consumer,39,0.046810256410256414,0.3076923076923077,0.28205128205128205,0.41025641025641024,0.15134
2022-05-19,Energy,21,0.14853809523809525,0.42857142857142855,0.14285714285714285,0.42857142857142855,0.1486772619047619
2022-05-19,Financials,18,0.1308888888888889,0.5555555555555556,0.16666666666666666,0.2777777777777778,0.14355400000000001
2022-05-19,Healthcare,11,0.13583636363636364,0.36363636363636365,0.0,0.6363636363636364,0.11850625000000001
2022-05-19,Industrials,9,0.13404444444444444,0.3333333333333333,0.2222222222222222,0.4444444444444444,0.3299611111111111
2022-05-19,Materials,5,0.15697999999999998,0.4,0.2,0.4,0.2174111111111111
2022-05-19,RealEstate,8,0.0730125,0.25,0.0,0.75,0.03650625
2022-05-19,Tech,25,0.14120000000000002,0.44,0.2,0.36,0.18032017045454546
2022-05-19,Utilities,3,0.3687666666666667,0.6666666666666666,0.0,0.3333333333333333,0.276575
2022-05-20,Comm,7,0.13265714285714286,0.5714285714285714,0.0,0.42857142857142855,0.16309
2022-05-20,Consumer,43,0.08921627906976744,0.3488372093023256,0.20930232558139536,0.4418604651162791,0.13630524844720496
2022-05-20,Energy,19,0.27063157894736845,0.5789473684210527,0.05263157894736842,0.3684210526315789,0.2707125
2022-05-20,Financials,10,0.14121,0.6,0.2,0.2,0.28287083333333335
2022-05-20,Healthcare,13,-0.030915384615384615,0.23076923076923078,0.3076923076923077,0.46153846153846156,-0.03602333333333334
2022-05-20,Industrials,16,0.13566875,0.375,0.125,0.5,0.1420435185185185
2022-05-20,Materials,4,0.195925,0.5,0.0,0.5,0.19425
2022-05-20,RealEstate,11,0.04346363636363635,0.45454545454545453,0.2727272727272727,0.2727272727272727,0.07935999999999999
2022-05-20,Tech,21,0.2358333333333333,0.5714285714285714,0.0,0.42857142857142855,0.2797958333333333
2022-05-20,Utilities,9,0.07754444444444444,0.2222222222222222,0.0,0.7777777777777778,0.06638055555555555
2022-05-23,Comm,9,0.11968888888888889,0.4444444444444444,0.1111111111111111,0.4444444444444444,-0.007769999999999999
2022-05-23,Consumer,45,0.07185333333333334,0.35555555555555557,0.2,0.4444444444444444,0.06651283540372671
2022-05-23,Energy,19,0.14134736842105264,0.3157894736842105,0.0,0.6842105263157895,0.10954800000000002
2022-05-23,Financials,21,0.023000000000000003,0.2857142857142857,0.19047619047619047,0.5238095238095238,-0.02240766666666666
2022-05-23,Healthcare,17,0.16873529411764707,0.35294117647058826,0.058823529411764705,0.5882352941176471,0.18671
2022-05-23,Industrials,10,0.053620000000000015,0.3,0.4,0.3,0.16016458333333333
2022-05-23,Materials,6,0.20865,0.5,0.0,0.5,0.281725
2022-05-23,RealEstate,14,0.16227142857142857,0.5,0.14285714285714285,0.35714285714285715,0.098474
2022-05-23,Tech,37,0.13415135135135137,0.40540540540540543,0.08108108108108109,0.5135135135135135,0.1603996591478697
2022-05-23,Utilities,8,0.1938625,0.625,0.0,0.375,0.1938625
2022-05-24,Comm,11,0.14809090909090908,0.2727272727272727,0.09090909090909091,0.6363636363636364,0.09552799999999999
2022-05-24,Consumer,28,0.10837500000000001,0.35714285714285715,0.17857142857142858,0.4642857142857143,0.19893866666666668
2022-05-24,Energy,22,0.15931818181818183,0.5,0.18181818181818182,0.3181818181818182,0.17849844444444446
2022-05-24,Financials,13,0.2154153846153846,0.46153846153846156,0.0,0.5384615384615384,0.32992
2022-05-24,Healthcare,12,0.01660833333333334,0.4166666666666667,0.4166666666666667,0.16666666666666666,0.01715500000000001
2022-05-24,Industrials,7,0.26704285714285714,0.7142857142857143,0.0,0.2857142857142857,0.42611333333333334
2022-05-24,Materials,2,-0.14200000000000002,0.5,0.5,0.0,-0.14200000000000002
2022-05-24,RealEstate,4,0.29962500000000003,0.75,0.0,0.25,0.32005
2022-05-24,Tech,14,0.19630714285714285,0.5714285714285714,0.07142857142857142,0.35714285714285715,0.24001999999999998
2022-05-24,Utilities,5,0.33638,0.8,0.0,0.2,0.21023750000000002
2022-05-25,Comm,11,0.1492090909090909,0.45454545454545453,0.18181818181818182,0.36363636363636365,0.20104285714285713
2022-05-25,Consumer,28,0.03476785714285714,0.21428571428571427,0.21428571428571427,0.5714285714285714,0.023675047619047616
2022-05-25,Energy,26,0.1675,0.5769230769230769,0.11538461538461539,0.3076923076923077,0.19254166666666667
2022-05-25,Financials,5,0.05,0.2,0.0,0.8,0.027777777777777776
2022-05-25,Healthcare,16,-0.1493125,0.0625,0.4375,0.5,-0.12983125
2022-05-25,Industrials,11,0.16055454545454545,0.2727272727272727,0.0,0.7272727272727273,0.2593816666666667
2022-05-25,Materials,5,0.09430000000000001,0.4,0.2,0.4,0.1618777777777778
2022-05-25,RealEstate,5,0.267,0.4,0.0,0.6,0.256675
2022-05-25,Tech,36,0.04853333333333333,0.2777777777777778,0.08333333333333333,0.6388888888888888,0.0241180808080808
2022-05-25,Utilities,4,0.2049,0.75,0.0,0.25,0.18213333333333334
2022-05-26,Comm,11,0.21867272727272724,0.45454545454545453,0.0,0.5454545454545454,0.21776
2022-05-26,Consumer,28,0.11897500000000001,0.39285714285714285,0.14285714285714285,0.4642857142857143,0.09165325
2022-05-26,Energy,23,0.12736956521739132,0.43478260869565216,0.08695652173913043,0.4782608695652174,0.1650985
2022-05-26,Financials,17,0.19228823529411765,0.4117647058823529,0.0,0.5882352941176471,0.177105
2022-05-26,Healthcare,24,0.16027083333333333,0.5,0.20833333333333334,0.2916666666666667,0.20277809523809526
2022-05-26,Industrials,14,0.1172,0.21428571428571427,0.07142857142857142,0.7142857142857143,0.07302916666666667
2022-05-26,Materials,7,0.10184285714285715,0.2857142857142857,0.0,0.7142857142857143,0.044556250000000006
2022-05-26,RealEstate,4,0.135575,0.5,0.0,0.5,0.14705000000000001
2022-05-26,Tech,31,0.11965483870967741,0.41935483870967744,0.06451612903225806,0.5161290322580645,0.2421684210526316
2022-05-26,Utilities,3,0.1585,0.6666666666666666,0.0,0.3333333333333333,0.16945
2022-05-27,Comm,9,0.09564444444444445,0.4444444444444444,0.1111111111111111,0.4444444444444444,0.09177916666666666
2022-05-27,Consumer,17,0.10012352941176471,0.4117647058823529,0.11764705882352941,0.47058823529411764,0.11223100000000001
2022-05-27,Energy,20,0.176155,0.45,0.05,0.5,0.25107380952380953
2022-05-27,Financials,7,0.09694285714285714,0.42857142857142855,0.0,0.5714285714285714,0.11309
2022-05-27,Healthcare,14,-0.023657142857142845,0.21428571428571427,0.21428571428571427,0.5714285714285714,-0.03215624999999999
2022-05-27,Industrials,9,0.17245555555555556,0.4444444444444444,0.0,0.5555555555555556,0.12723666666666666
2022-05-27,Materials,2,-0.1858,0.0,0.5,0.5,-0.1858
2022-05-27,RealEstate,5,0.17312,0.4,0.0,0.6,0.1334875
2022-05-27,Tech,17,0.058382352941176476,0.29411764705882354,0.23529411764705882,0.47058823529411764,-0.004007777777777782
2022-05-27,Utilities,1,0.3818,1.0,0.0,0.0,0.3818
2022-05-31,Comm,10,0.27149,0.6,0.2,0.2,0.1927488888888889
2022-05-31,Consumer,26,0.1195423076923077,0.4230769230769231,0.11538461538461539,0.46153846153846156,0.13059444444444446
2022-05-31,Energy,31,0.21983870967741934,0.4838709677419355,0.12903225806451613,0.3870967741935484,0.22741289377289378
2022-05-31,Financials,17,0.0768764705882353,0.29411764705882354,0.11764705882352941,0.5882352941176471,0.06108333333333334
2022-05-31,Healthcare,18,0.25979444444444444,0.5555555555555556,0.05555555555555555,0.3888888888888889,0.32664666666666664
2022-05-31,Industrials,11,0.2083363636363636,0.5454545454545454,0.09090909090909091,0.36363636363636365,0.372985
2022-05-31,Materials,4,0.071825,0.25,0.25,0.5,0.12128333333333334
2022-05-31,RealEstate,6,0.14705000000000001,0.5,0.0,0.5,0.158525
2022-05-31,Tech,27,0.2590925925925926,0.5185185185185185,0.07407407407407407,0.4074074074074074,0.2941422222222222
2022-05-31,Utilities,10,0.17717,0.6,0.0,0.4,0.21101166666666665
2022-06-01,Comm,5,0.13658,0.4,0.2,0.4,0.2012
2022-06-01,Consumer,28,-0.006132142857142856,0.39285714285714285,0.25,0.35714285714285715,-0.05751166666666667
2022-06-01,Energy,21,0.1577095238095238,0.3333333333333333,0.047619047619047616,0.6190476190476191,0.2107964285714286
2022-06-01,Financials,15,0.09420666666666667,0.2,0.06666666666666667,0.7333333333333333,0.13022499999999998
2022-06-01,Healthcare,9,0.13267777777777778,0.4444444444444444,0.1111111111111111,0.4444444444444444,0.07180208333333334
2022-06-01,Industrials,13,0.20005384615384614,0.46153846153846156,0.0,0.5384615384615384,0.238698
2022-06-01,Materials,8,0.1483125,0.25,0.0,0.75,0.098875
2022-06-01,RealEstate,3,0.1589,0.3333333333333333,0.0,0.6666666666666666,0.23835
2022-06-01,Tech,19,0.23778947368421052,0.5789473684210527,0.0,0.42105263157894735,0.1893076388888889
2022-06-01,Utilities,6,0.45631666666666665,0.8333333333333334,0.0,0.16666666666666666,0.4337125
2022-06-02,Comm,8,-0.018387500000000008,0.25,0.25,0.5,-0.07633000000000001
2022-06-02,Consumer,16,0.07592499999999999,0.1875,0.125,0.6875,0.17414066666666667
2022-06-02,Energy,21,0.2936714285714286,0.5714285714285714,0.047619047619047616,0.38095238095238093,0.32685400000000003
2022-06-02,Financials,11,0.008518181818181808,0.18181818181818182,0.2727272727272727,0.5454545454545454,0.07839999999999998
2022-06-02,Healthcare,11,0.04100909090909091,0.18181818181818182,0.18181818181818182,0.6363636363636364,-0.07786000000000001
2022-06-02,Industrials,14,0.15791428571428573,0.42857142857142855,0.14285714285714285,0.42857142857142855,0.048078333333333334
2022-06-02,Materials,3,0.0086,0.0,0.0,1.0,0.0086
2022-06-02,RealEstate,6,0.18545,0.5,0.0,0.5,0.1390875
2022-06-02,Tech,27,0.12257037037037037,0.4074074074074074,0.07407407407407407,0.5185185185185185,0.10932380952380952
2022-06-02,Utilities,3,0.47573333333333334,1.0,0.0,0.0,0.5295
2022-06-03,Comm,13,0.0689923076923077,0.38461538461538464,0.07692307692307693,0.5384615384615384,0.05561083333333334
2022-06-03,Consumer,14,0.03993571428571429,0.21428571428571427,0.14285714285714285,0.6428571428571429,0.03630208333333333
2022-06-03,Energy,18,0.21564444444444444,0.5,0.05555555555555555,0.4444444444444444,0.19836666666666666
2022-06-03,Financials,9,-0.10314444444444443,0.1111111111111111,0.3333333333333333,0.5555555555555556,-0.041575
2022-06-03,Healthcare,10,0.07898000000000001,0.2,0.1,0.7,0.06581666666666668
2022-06-03,Industrials,8,0.053225,0.25,0.125,0.625,0.14037777777777777
2022-06-03,Materials,2,0.10115,0.5,0.0,0.5,0.10115
2022-06-03,RealEstate,8,0.2366625,0.625,0.0,0.375,0.2366625
2022-06-03,Tech,23,0.14226521739130435,0.4782608695652174,0.08695652173913043,0.43478260869565216,0.11425733333333335
2022-06-03,Utilities,6,0.18145,0.5,0.0,0.5,0.18145
2022-06-06,Comm,8,-0.045500000000000006,0.25,0.25,0.5,-0.012226666666666669
2022-06-06,Consumer,36,0.10746388888888889,0.3055555555555556,0.1388888888888889,0.5555555555555556,0.10988083333333333
2022-06-06,Energy,24,0.13986666666666667,0.5833333333333334,0.125,0.2916666666666667,0.18590604395604396
2022-06-06,Financials,14,0.2535,0.7142857142857143,0.07142857142857142,0.21428571428571427,0.23270833333333335
2022-06-06,Healthcare,22,0.11544545454545457,0.5,0.13636363636363635,0.36363636363636365,0.09547209523809526
2022-06-06,Industrials,12,0.10789166666666668,0.3333333333333333,0.08333333333333333,0.5833333333333334,0.021065000000000007
2022-06-06,Materials,5,0.15132,0.6,0.2,0.2,0.07341249999999999
2022-06-06,RealEstate,9,0.11515555555555555,0.4444444444444444,0.1111111111111111,0.4444444444444444,0.07598666666666666
2022-06-06,Tech,17,0.07654705882352941,0.4117647058823529,0.23529411764705882,0.35294117647058826,0.06840833333333333
2022-06-06,Utilities,6,0.09873333333333334,0.5,0.16666666666666666,0.3333333333333333,0.1417111111111111
2022-06-07,Comm,6,0.10864999999999998,0.3333333333333333,0.0,0.6666666666666666,0.08148749999999999
2022-06-07,Consumer,30,0.10800000000000001,0.4,0.1,0.5,0.17995916666666667
2022-06-07,Energy,23,0.07518695652173914,0.391304347826087,0.13043478260869565,0.4782608695652174,0.095547
2022-06-07,Financials,13,0.14393076923076922,0.3076923076923077,0.15384615384615385,0.5384615384615384,0.13640666666666668
2022-06-07,Healthcare,5,0.321,0.8,0.0,0.2,0.3433583333333333
2022-06-07,Industrials,8,0.20022500000000001,0.375,0.0,0.625,0.32036000000000003
2022-06-07,Materials,5,0.031019999999999992,0.2,0.2,0.6,0.03877499999999999
2022-06-07,RealEstate,8,0.021337500000000006,0.25,0.125,0.625,0.04432666666666667
2022-06-07,Tech,22,0.10493181818181818,0.3181818181818182,0.13636363636363635,0.5454545454545454,0.06256533333333333
2022-06-07,Utilities,5,0.18816,0.4,0.0,0.6,0.20395
2022-06-08,Comm,9,0.22983333333333336,0.4444444444444444,0.1111111111111111,0.4444444444444444,0.31982
2022-06-08,Consumer,18,0.1444,0.4444444444444444,0.16666666666666666,0.3888888888888889,0.17570000000000002
2022-06-08,Energy,27,0.1871814814814815,0.5925925925925926,0.07407407407407407,0.3333333333333333,0.18043984126984128
2022-06-08,Financials,10,0.05544,0.2,0.2,0.6,0.05616190476190477
2022-06-08,Healthcare,6,0.3124166666666666,0.6666666666666666,0.0,0.3333333333333333,0.34175
2022-06-08,Industrials,7,0.005014285714285717,0.14285714285714285,0.2857142857142857,0.5714285714285714,0.0043875000000000025
2022-06-08,Materials,3,0.16463333333333333,0.3333333333333333,0.0,0.6666666666666666,0.123475
2022-06-08,RealEstate,7,0.1518,0.42857142857142855,0.0,0.5714285714285714,0.20451
2022-06-08,Tech,27,0.07662592592592593,0.3333333333333333,0.07407407407407407,0.5925925925925926,0.09099093750000001
2022-06-08,Utilities,3,0.3246666666666667,0.6666666666666666,0.0,0.3333333333333333,0.3246666666666667
2022-06-09,Comm,14,0.10497857142857143,0.35714285714285715,0.14285714285714285,0.5,0.08032133333333333
2022-06-09,Consumer,23,-0.016743478260869568,0.2608695652173913,0.21739130434782608,0.5217391304347826,0.004124714285714287
2022-06-09,Energy,10,0.28389,0.5,0.0,0.5,0.16317500000000001
2022-06-09,Financials,11,-0.0037090909090909145,0.09090909090909091,0.18181818181818182,0.7272727272727273,-0.01284444444444445
2022-06-09,Healthcare,7,0.028900000000000002,0.14285714285714285,0.0,0.8571428571428571,0.016858333333333333
2022-06-09,Industrials,19,0.2816526315789474,0.5789473684210527,0.0,0.42105263157894735,0.26386729166666667
2022-06-09,Materials,5,0.06139999999999999,0.4,0.2,0.4,0.029024999999999995
2022-06-09,RealEstate,4,0.217525,0.5,0.25,0.25,0.34031666666666666
2022-06-09,Tech,15,0.06705333333333335,0.4666666666666667,0.2,0.3333333333333333,0.065266
2022-06-09,Utilities,11,0.12154545454545454,0.2727272727272727,0.0,0.7272727272727273,0.10734666666666666
2022-06-10,Comm,10,-0.08126,0.2,0.4,0.4,-0.031369999999999995
2022-06-10,Consumer,24,0.035479166666666666,0.3333333333333333,0.25,0.4166666666666667,0.07040472727272726
2022-06-10,Energy,19,0.0788578947368421,0.3157894736842105,0.15789473684210525,0.5263157894736842,0.09383333333333334
2022-06-10,Financials,14,0.09725714285714285,0.14285714285714285,0.0,0.8571428571428571,0.09077333333333333
2022-06-10,Healthcare,12,-0.0024333333333333407,0.16666666666666666,0.16666666666666666,0.6666666666666666,-0.01185583333333334
2022-06-10,Industrials,10,0.05514,0.3,0.3,0.4,0.06280833333333334
2022-06-10,Materials,5,-0.09534000000000001,0.0,0.2,0.8,-0.1589
2022-06-10,RealEstate,9,0.16593333333333332,0.3333333333333333,0.2222222222222222,0.4444444444444444,0.16952499999999998
2022-06-10,Tech,18,0.09822222222222222,0.4444444444444444,0.1111111111111111,0.4444444444444444,0.04853750000000001
2022-06-10,Utilities,8,0.28226249999999997,0.75,0.0,0.25,0.2335375
2022-06-13,Comm,10,0.13171,0.4,0.0,0.6,0.09076999999999999
2022-06-13,Consumer,42,0.05308571428571428,0.30952380952380953,0.19047619047619047,0.5,0.11722030303030304
2022-06-13,Energy,28,0.12218928571428571,0.2857142857142857,0.10714285714285714,0.6071428571428571,0.1565974116161616
2022-06-13,Financials,14,0.07934285714285715,0.35714285714285715,0.14285714285714285,0.5,0.12708233333333332
2022-06-13,Healthcare,15,0.24288666666666667,0.5333333333333333,0.0,0.4666666666666667,0.2716294642857143
2022-06-13,Industrials,20,0.054369999999999995,0.3,0.1,0.6,-0.012410000000000004
2022-06-13,Materials,10,0.06962,0.2,0.0,0.8,0.05801666666666667
2022-06-13,RealEstate,12,0.11722500000000001,0.3333333333333333,0.0,0.6666666666666666,0.114735
2022-06-13,Tech,36,0.11136111111111112,0.3611111111111111,0.08333333333333333,0.5555555555555556,0.12153770634920633
2022-06-13,Utilities,11,0.08443636363636364,0.45454545454545453,0.09090909090909091,0.45454545454545453,0.10225
2022-06-14,Comm,11,0.1760818181818182,0.45454545454545453,0.09090909090909091,0.45454545454545453,0.269084375
2022-06-14,Consumer,20,0.012635000000000002,0.25,0.2,0.55,0.09382946428571429
2022-06-14,Energy,19,0.23086315789473685,0.6842105263157895,0.05263157894736842,0.2631578947368421,0.214009375
2022-06-14,Financials,23,-0.07461304347826088,0.17391304347826086,0.30434782608695654,0.5217391304347826,-0.09208476190476192
2022-06-14,Healthcare,11,-0.02802727272727273,0.09090909090909091,0.09090909090909091,0.8181818181818182,-0.030830000000000003
2022-06-14,Industrials,14,0.16130714285714287,0.5,0.0,0.5,0.18406466666666668
2022-06-14,Materials,7,0.11197142857142858,0.42857142857142855,0.14285714285714285,0.42857142857142855,0.1618
2022-06-14,RealEstate,8,0.10848749999999999,0.25,0.0,0.75,0.08678999999999999
2022-06-14,Tech,19,0.15487368421052633,0.5263157894736842,0.05263157894736842,0.42105263157894735,0.1344104761904762
2022-06-14,Utilities,8,0.21376250000000002,0.5,0.125,0.375,0.1557166666666667
2022-06-15,Comm,10,0.13899999999999998,0.5,0.1,0.4,0.040440000000000004
2022-06-15,Consumer,22,-0.03484090909090909,0.22727272727272727,0.22727272727272727,0.5454545454545454,-0.09682500000000001
2022-06-15,Energy,16,0.21503125,0.5625,0.125,0.3125,0.2154575
2022-06-15,Financials,15,0.06188666666666666,0.26666666666666666,0.06666666666666667,0.6666666666666666,0.058606666666666675
2022-06-15,Healthcare,15,0.045360000000000004,0.3333333333333333,0.26666666666666666,0.4,0.08589900000000002
2022-06-15,Industrials,18,0.12638888888888888,0.3333333333333333,0.05555555555555555,0.6111111111111112,0.17115181818181818
2022-06-15,Materials,10,0.16332,0.5,0.0,0.5,0.22115
2022-06-15,RealEstate,9,0.02826666666666667,0.3333333333333333,0.2222222222222222,0.4444444444444444,-0.03735
2022-06-15,Tech,20,0.213205,0.55,0.1,0.35,0.23473300000000002
2022-06-15,Utilities,4,0.0,0.0,0.0,1.0,0.0
2022-06-16,Comm,13,0.015653846153846154,0.23076923076923078,0.07692307692307693,0.6923076923076923,0.022036666666666666
2022-06-16,Consumer,22,0.041390909090909096,0.2727272727272727,0.09090909090909091,0.6363636363636364,0.08174111111111113
2022-06-16,Energy,10,0.06751,0.2,0.0,0.8,0.06751
2022-06-16,Financials,18,-0.07205555555555554,0.3333333333333333,0.3333333333333333,0.3333333333333333,-0.008701666666666672
2022-06-16,Healthcare,4,0.30465,0.75,0.0,0.25,0.30465
2022-06-16,Industrials,17,0.05355882352941178,0.23529411764705882,0.17647058823529413,0.5882352941176471,0.07423400000000001
2022-06-16,Materials,6,0.36035,0.6666666666666666,0.0,0.3333333333333333,0.21621
2022-06-16,RealEstate,5,0.17038,0.2,0.0,0.8,0.1064875
2022-06-16,Tech,30,0.05614,0.3333333333333333,0.13333333333333333,0.5333333333333333,0.08834822510822511
2022-06-16,Utilities,9,0.13712222222222223,0.4444444444444444,0.1111111111111111,0.4444444444444444,0.03946000000000001
2022-06-17,Comm,9,0.1513111111111111,0.6666666666666666,0.1111111111111111,0.2222222222222222,0.1711825
2022-06-17,Consumer,17,0.20487058823529414,0.5294117647058824,0.058823529411764705,0.4117647058823529,0.14481
2022-06-17,Energy,24,0.1242875,0.4166666666666667,0.08333333333333333,0.5,0.19483333333333333
2022-06-17,Financials,13,0.014469230769230781,0.38461538461538464,0.23076923076923078,0.38461538461538464,0.08931000000000001
2022-06-17,Healthcare,11,0.22171818181818184,0.5454545454545454,0.18181818181818182,0.2727272727272727,0.26004166666666667
2022-06-17,Industrials,9,0.2558333333333333,0.7777777777777778,0.1111111111111111,0.1111111111111111,0.23881666666666665
2022-06-17,Materials,6,0.010183333333333341,0.3333333333333333,0.16666666666666666,0.5,-0.027224999999999992
2022-06-17,RealEstate,8,0.4124375,0.875,0.0,0.125,0.38482333333333335
2022-06-17,Tech,19,0.07360526315789474,0.21052631578947367,0.05263157894736842,0.7368421052631579,0.11698958333333334
2022-06-17,Utilities,6,0.16378333333333334,0.3333333333333333,0.0,0.6666666666666666,0.1525
2022-06-21,Comm,12,0.1124,0.4166666666666667,0.08333333333333333,0.5,0.11949285714285714
2022-06-21,Consumer,48,0.025006249999999997,0.3125,0.22916666666666666,0.4583333333333333,0.03636007575757576
2022-06-21,Energy,39,0.06903076923076923,0.4358974358974359,0.20512820512820512,0.358974358974359,0.06591158088235294
2022-06-21,Financials,26,0.0007230769230769246,0.3076923076923077,0.19230769230769232,0.5,-0.02925466666666666
2022-06-21,Healthcare,18,0.2036111111111111,0.4444444444444444,0.1111111111111111,0.4444444444444444,0.3148949404761905
2022-06-21,Industrials,18,0.13743333333333332,0.4444444444444444,0.05555555555555555,0.5,0.18726833333333331
2022-06-21,Materials,5,0.13626,0.6,0.2,0.2,0.10650000000000001
2022-06-21,RealEstate,11,0.28464545454545453,0.6363636363636364,0.0,0.36363636363636365,0.28150416666666667
2022-06-21,Tech,33,0.1108090909090909,0.3939393939393939,0.15151515151515152,0.45454545454545453,0.11818778205128204
2022-06-21,Utilities,7,0.22238571428571427,0.5714285714285714,0.2857142857142857,0.14285714285714285,0.17663333333333334
2022-06-22,Comm,8,0.160175,0.5,0.125,0.375,0.137575
2022-06-22,Consumer,23,0.10235652173913044,0.391304347826087,0.17391304347826086,0.43478260869565216,0.15841818181818182
2022-06-22,Energy,38,-0.006742105263157889,0.34210526315789475,0.15789473684210525,0.5,0.042227777777777774
2022-06-22,Financials,8,0.17042500000000002,0.625,0.125,0.25,0.17926666666666669
2022-06-22,Healthcare,20,0.07103,0.4,0.15,0.45,0.018083333333333333
2022-06-22,Industrials,19,-0.04378421052631578,0.2631578947368421,0.3684210526315789,0.3684210526315789,-0.030042777777777797
2022-06-22,Materials,9,0.11173333333333331,0.4444444444444444,0.0,0.5555555555555556,0.09828888888888888
2022-06-22,RealEstate,4,0.355775,1.0,0.0,0.0,0.38398333333333334
2022-06-22,Tech,20,0.13749499999999998,0.4,0.0,0.6,0.18884190476190477
2022-06-22,Utilities,11,0.3727272727272727,0.9090909090909091,0.0,0.09090909090909091,0.3825033333333333
2022-06-23,Comm,9,0.00033333333333332747,0.2222222222222222,0.1111111111111111,0.6666666666666666,0.013355555555555553
2022-06-23,Consumer,29,0.1044103448275862,0.27586206896551724,0.06896551724137931,0.6551724137931034,0.1562095
2022-06-23,Energy,40,0.10820250000000001,0.4,0.075,0.525,0.08919472222222222
2022-06-23,Financials,25,0.0038360000000000017,0.52,0.32,0.16,0.049767166666666675
2022-06-23,Healthcare,15,-0.10815999999999999,0.13333333333333333,0.26666666666666666,0.6,-0.09467933333333332
2022-06-23,Industrials,17,0.16620588235294118,0.35294117647058826,0.0,0.6470588235294118,0.130004
2022-06-23,Materials,12,0.06684166666666667,0.25,0.16666666666666666,0.5833333333333334,0.11695666666666667
2022-06-23,RealEstate,6,0.2886,0.6666666666666666,0.0,0.3333333333333333,0.25239999999999996
2022-06-23,Tech,22,0.16413181818181818,0.4090909090909091,0.0,0.5909090909090909,0.1661
2022-06-23,Utilities,6,0.1275,0.16666666666666666,0.0,0.8333333333333334,0.255
2022-06-24,Comm,6,-0.06193333333333333,0.0,0.16666666666666666,0.8333333333333334,-0.03716
2022-06-24,Consumer,24,0.0577375,0.2916666666666667,0.16666666666666666,0.5416666666666666,0.022115000000000003
2022-06-24,Energy,18,-0.021061111111111114,0.2222222222222222,0.2222222222222222,0.5555555555555556,-0.08981416666666667
2022-06-24,Financials,22,0.1756,0.36363636363636365,0.045454545454545456,0.5909090909090909,0.3014328333333333
2022-06-24,Healthcare,11,0.2448181818181818,0.5454545454545454,0.09090909090909091,0.36363636363636365,0.36242142857142856
2022-06-24,Industrials,6,0.08203333333333333,0.3333333333333333,0.16666666666666666,0.5,0.0053888888888888875
2022-06-24,Materials,2,0.148,0.5,0.0,0.5,0.148
2022-06-24,RealEstate,4,-0.1858,0.0,0.5,0.5,-0.1858
2022-06-24,Tech,24,0.022512500000000005,0.3333333333333333,0.16666666666666666,0.5,-0.009807999999999994
2022-06-24,Utilities,2,0.1591,0.5,0.0,0.5,0.1591
2022-06-27,Comm,11,0.17750909090909092,0.45454545454545453,0.0,0.5454545454545454,0.12203750000000001
2022-06-27,Consumer,51,0.11443137254901961,0.35294117647058826,0.058823529411764705,0.5882352941176471,0.11678600000000001
2022-06-27,Energy,26,0.12774615384615384,0.38461538461538464,0.07692307692307693,0.5384615384615384,0.10657933333333333
2022-06-27,Financials,27,0.022251851851851856,0.3333333333333333,0.14814814814814814,0.5185185185185185,0.030147333333333342
2022-06-27,Healthcare,22,0.1605318181818182,0.45454545454545453,0.18181818181818182,0.36363636363636365,0.2411617857142857
2022-06-27,Industrials,24,0.15039583333333334,0.4166666666666667,0.041666666666666664,0.5416666666666666,0.12119071428571429
2022-06-27,Materials,10,0.22246000000000002,0.5,0.0,0.5,0.27268333333333333
2022-06-27,RealEstate,8,0.1103875,0.25,0.0,0.75,0.08831
2022-06-27,Tech,37,0.18730000000000002,0.4594594594594595,0.10810810810810811,0.43243243243243246,0.2142255238095238
2022-06-27,Utilities,9,0.12838888888888889,0.4444444444444444,0.0,0.5555555555555556,0.14325000000000002
2022-06-28,Comm,5,0.16333999999999999,0.4,0.0,0.6,0.1445875
2022-06-28,Consumer,37,0.03167837837837838,0.3783783783783784,0.21621621621621623,0.40540540540540543,0.13665487719298247
2022-06-28,Energy,32,0.16661875,0.6875,0.15625,0.15625,0.269013081232493
2022-06-28,Financials,26,0.12643076923076924,0.5,0.11538461538461539,0.38461538461538464,0.14524479166666665
2022-06-28,Healthcare,7,-0.15405714285714284,0.14285714285714285,0.42857142857142855,0.42857142857142855,-0.049111111111111105
2022-06-28,Industrials,13,0.11066153846153845,0.3076923076923077,0.07692307692307693,0.6153846153846154,0.046588571428571424
2022-06-28,Materials,4,0.43365,0.75,0.0,0.25,0.4088333333333334
2022-06-28,RealEstate,8,0.104475,0.625,0.0,0.375,0.0913
2022-06-28,Tech,27,0.10288888888888889,0.3333333333333333,0.14814814814814814,0.5185185185185185,0.07973964285714286
2022-06-28,Utilities,7,0.18404285714285715,0.5714285714285714,0.0,0.42857142857142855,0.19215416666666668
2022-06-29,Comm,7,0.014985714285714283,0.14285714285714285,0.2857142857142857,0.5714285714285714,0.013112499999999997
2022-06-29,Consumer,31,0.035103225806451616,0.25806451612903225,0.1935483870967742,0.5483870967741935,0.021086051948051944
2022-06-29,Energy,27,0.13155185185185184,0.4074074074074074,0.1111111111111111,0.48148148148148145,0.2327914285714286
2022-06-29,Financials,15,0.06311333333333334,0.4666666666666667,0.2,0.3333333333333333,0.06903541666666667
2022-06-29,Healthcare,16,0.3062875,0.625,0.0,0.375,0.32962142857142857
2022-06-29,Industrials,13,0.2354769230769231,0.46153846153846156,0.07692307692307693,0.46153846153846156,0.17250666666666667
2022-06-29,Materials,3,0.11333333333333334,0.3333333333333333,0.0,0.6666666666666666,0.085
2022-06-29,RealEstate,7,0.177,0.5714285714285714,0.14285714285714285,0.2857142857142857,0.1771625
2022-06-29,Tech,29,0.15563448275862068,0.5172413793103449,0.06896551724137931,0.41379310344827586,0.16612555555555555
2022-06-29,Utilities,8,0.17025,0.625,0.125,0.25,0.19032499999999997
2022-06-30,Comm,14,0.18277142857142858,0.5714285714285714,0.0,0.42857142857142855,0.1959216666666667
2022-06-30,Consumer,30,0.12488666666666666,0.3333333333333333,0.03333333333333333,0.6333333333333333,0.11716798534798537
2022-06-30,Energy,20,0.05798500000000001,0.3,0.05,0.65,-0.04983449999999999
2022-06-30,Financials,18,0.14423333333333332,0.4444444444444444,0.05555555555555555,0.5,0.1354057142857143
2022-06-30,Healthcare,8,0.0813,0.25,0.125,0.625,0.07456666666666667
2022-06-30,Industrials,10,0.26707000000000003,0.5,0.0,0.5,0.32361666666666666
2022-06-30,Materials,3,0.14756666666666665,0.3333333333333333,0.3333333333333333,0.3333333333333333,0.110675
2022-06-30,RealEstate,3,0.11333333333333334,0.3333333333333333,0.0,0.6666666666666666,0.085
2022-06-30,Tech,31,0.08924193548387097,0.41935483870967744,0.12903225806451613,0.45161290322580644,0.12980755555555554
2022-06-30,Utilities,6,0.14705000000000001,0.3333333333333333,0.0,0.6666666666666666,0.14246
2022-07-01,Comm,8,0.3057875,0.75,0.0,0.25,0.39085000000000003
2022-07-01,Consumer,18,0.1338222222222222,0.3333333333333333,0.1111111111111111,0.5555555555555556,0.0776611607142857
2022-07-01,Energy,21,0.2374333333333333,0.5714285714285714,0.23809523809523808,0.19047619047619047,0.22599
2022-07-01,Financials,10,0.06377999999999999,0.3,0.1,0.6,0.06918333333333333
2022-07-01,Healthcare,12,0.0536,0.25,0.16666666666666666,0.5833333333333334,0.05229625
2022-07-01,Industrials,8,0.08223749999999999,0.375,0.125,0.5,0.08596666666666668
2022-07-01,Materials,2,0.20095,0.5,0.0,0.5,0.20095
2022-07-01,RealEstate,6,0.10921666666666667,0.5,0.3333333333333333,0.16666666666666666,0.09706
2022-07-01,Tech,23,0.1035695652173913,0.43478260869565216,0.30434782608695654,0.2608695652173913,0.17648452380952379
2022-07-01,Utilities,4,0.06504999999999998,0.25,0.5,0.25,-0.055299999999999995
2022-07-05,Comm,17,0.1888235294117647,0.5882352941176471,0.23529411764705882,0.17647058823529413,0.14965416666666667
2022-07-05,Consumer,40,0.12365,0.375,0.125,0.5,0.11166799145299144
2022-07-05,Energy,55,0.09275636363636364,0.43636363636363634,0.2,0.36363636363636365,0.07907858682983684
2022-07-05,Financials,16,0.14538125000000002,0.4375,0.125,0.4375,0.12165976190476191
2022-07-05,Healthcare,24,0.13791666666666666,0.375,0.16666666666666666,0.4583333333333333,0.13635250000000002
2022-07-05,Industrials,17,0.23385294117647057,0.7058823529411765,0.0,0.29411764705882354,0.20935624999999997
2022-07-05,Materials,11,0.20355454545454546,0.5454545454545454,0.0,0.45454545454545453,0.19741250000000002
2022-07-05,RealEstate,9,0.21061111111111114,0.6666666666666666,0.2222222222222222,0.1111111111111111,0.21361666666666668
2022-07-05,Tech,32,0.16326875,0.53125,0.0625,0.40625,0.1578659722222222
2022-07-05,Utilities,7,0.22490000000000002,0.5714285714285714,0.2857142857142857,0.14285714285714285,0.27973333333333333
2022-07-06,Comm,8,0.011462500000000011,0.375,0.125,0.5,-0.18056388888888888
2022-07-06,Consumer,23,0.09655217391304348,0.43478260869565216,0.08695652173913043,0.4782608695652174,0.11930133333333334
2022-07-06,Energy,28,0.28623571428571426,0.6428571428571429,0.03571428571428571,0.32142857142857145,0.32752042857142855
2022-07-06,Financials,11,0.05830909090909091,0.45454545454545453,0.18181818181818182,0.36363636363636365,0.034421999999999994
2022-07-06,Healthcare,13,0.08690769230769232,0.3076923076923077,0.15384615384615385,0.5384615384615384,0.0004700000000000037
2022-07-06,Industrials,11,0.23225454545454546,0.5454545454545454,0.09090909090909091,0.36363636363636365,0.153915
2022-07-06,Materials,4,0.23322500000000002,0.5,0.0,0.5,0.23322500000000002
2022-07-06,RealEstate,6,-0.019849999999999996,0.16666666666666666,0.3333333333333333,0.5,-0.11352499999999999
2022-07-06,Tech,18,0.1832888888888889,0.5,0.1111111111111111,0.3888888888888889,0.131968
2022-07-06,Utilities,4,0.33365,0.75,0.0,0.25,0.4032
2022-07-07,Comm,1,0.0,0.0,0.0,1.0,0.0
2022-07-07,Consumer,17,0.08781176470588237,0.35294117647058826,0.23529411764705882,0.4117647058823529,0.010063333333333337
2022-07-07,Energy,21,0.21044761904761902,0.47619047619047616,0.047619047619047616,0.47619047619047616,0.26227666666666666
2022-07-07,Financials,17,0.14851764705882353,0.4117647058823529,0.11764705882352941,0.47058823529411764,0.18813266666666667
2022-07-07,Healthcare,13,0.20338461538461539,0.7692307692307693,0.23076923076923078,0.0,-0.01589107142857142
2022-07-07,Industrials,18,0.0647,0.4444444444444444,0.2222222222222222,0.3333333333333333,0.0772725
2022-07-07,Materials,6,-0.00526666666666666,0.16666666666666666,0.16666666666666666,0.6666666666666666,-0.05039999999999999
2022-07-07,RealEstate,8,0.17055,0.5,0.125,0.375,0.11005833333333334
2022-07-07,Tech,37,0.0629918918918919,0.32432432432432434,0.24324324324324326,0.43243243243243246,0.06432939682539682
2022-07-07,Utilities,4,0.496625,1.0,0.0,0.0,0.44795
2022-07-08,Comm,8,0.1108625,0.25,0.0,0.75,0.07390833333333334
2022-07-08,Consumer,12,-0.015333333333333332,0.16666666666666666,0.16666666666666666,0.6666666666666666,-0.0723725
2022-07-08,Energy,17,0.15754705882352943,0.6470588235294118,0.11764705882352941,0.23529411764705882,0.15276250000000002
2022-07-08,Financials,13,-0.04858461538461538,0.23076923076923078,0.3076923076923077,0.46153846153846156,0.02326333333333334
2022-07-08,Healthcare,9,0.24594444444444447,0.5555555555555556,0.0,0.4444444444444444,0.30364
2022-07-08,Industrials,10,0.12738,0.2,0.0,0.8,0.10615000000000001
2022-07-08,Materials,3,0.21989999999999998,0.3333333333333333,0.0,0.6666666666666666,0.164925
2022-07-08,RealEstate,4,0.254675,0.5,0.0,0.5,0.2759333333333333
2022-07-08,Tech,13,0.09091538461538463,0.3076923076923077,0.0,0.6923076923076923,0.09711866666666667
2022-07-08,Utilities,7,0.24095714285714287,0.42857142857142855,0.0,0.5714285714285714,0.16378333333333334
2022-07-11,Comm,19,0.1344842105263158,0.42105263157894735,0.15789473684210525,0.42105263157894735,0.18240933333333334
2022-07-11,Consumer,27,0.16925925925925928,0.4444444444444444,0.1111111111111111,0.4444444444444444,0.09311000000000001
2022-07-11,Energy,30,0.06323333333333334,0.2,0.13333333333333333,0.6666666666666666,0.05594416666666667
2022-07-11,Financials,36,0.05761388888888889,0.2777777777777778,0.2222222222222222,0.5,0.1806987728937729
2022-07-11,Healthcare,25,0.046924,0.28,0.12,0.6,0.038387142857142856
2022-07-11,Industrials,10,0.11905000000000002,0.4,0.0,0.6,0.15744583333333334
2022-07-11,Materials,6,0.043716666666666675,0.16666666666666666,0.16666666666666666,0.6666666666666666,-0.018499999999999996
2022-07-11,RealEstate,8,0.2896875,0.75,0.0,0.25,0.29322
2022-07-11,Tech,21,0.24296666666666664,0.5238095238095238,0.047619047619047616,0.42857142857142855,0.2371707142857143
2022-07-11,Utilities,7,0.18764285714285717,0.42857142857142855,0.0,0.5714285714285714,0.15499166666666667
2022-07-12,Comm,9,0.23574444444444445,0.5555555555555556,0.0,0.4444444444444444,0.16039333333333333
2022-07-12,Consumer,31,0.11912258064516129,0.3870967741935484,0.12903225806451613,0.4838709677419355,0.1937422077922078
2022-07-12,Energy,20,0.20952,0.45,0.0,0.55,0.23591047619047617
2022-07-12,Financials,22,-0.19137272727272728,0.22727272727272727,0.5454545454545454,0.22727272727272727,0.01926761904761906
2022-07-12,Healthcare,17,0.09737058823529411,0.47058823529411764,0.11764705882352941,0.4117647058823529,0.013692619047619047
2022-07-12,Industrials,14,-0.05658571428571428,0.21428571428571427,0.2857142857142857,0.5,0.08079499999999999
2022-07-12,Materials,1,0.0,0.0,0.0,1.0,0.0
2022-07-12,RealEstate,4,-0.00645,0.0,0.0,1.0,-0.00645
2022-07-12,Tech,22,0.08718181818181818,0.4090909090909091,0.13636363636363635,0.45454545454545453,0.1152452380952381
2022-07-13,Comm,7,-0.013557142857142863,0.2857142857142857,0.2857142857142857,0.42857142857142855,-0.07145000000000001
2022-07-13,Consumer,19,0.15848421052631578,0.3684210526315789,0.0,0.631578947368421,0.16275714285714288
2022-07-13,Energy,23,0.14240434782608696,0.43478260869565216,0.13043478260869565,0.43478260869565216,0.16536833333333334
2022-07-13,Financials,23,-0.05163913043478261,0.043478260869565216,0.21739130434782608,0.7391304347826086,-0.020761923076923077
2022-07-13,Healthcare,25,0.04860400000000001,0.32,0.16,0.52,0.1998071428571429
2022-07-13,Industrials,14,0.13645714285714286,0.35714285714285715,0.0,0.6428571428571429,0.18887666666666666
2022-07-13,Materials,4,0.09145,0.25,0.0,0.75,0.09145
2022-07-13,RealEstate,5,0.19654,0.6,0.0,0.4,0.23718333333333333
2022-07-13,Tech,22,0.03182727272727273,0.2727272727272727,0.22727272727272727,0.5,0.01983603174603175
2022-07-13,Utilities,3,0.13396666666666665,0.6666666666666666,0.3333333333333333,0.0,0.13396666666666665
2022-07-14,Comm,8,0.12376250000000003,0.625,0.25,0.125,0.06961666666666667
2022-07-14,Consumer,23,0.14296521739130436,0.391304347826087,0.0,0.6086956521739131,0.176815
2022-07-14,Energy,31,0.19771612903225808,0.4838709677419355,0.03225806451612903,0.4838709677419355,0.18075333333333335
2022-07-14,Financials,50,-0.048038,0.3,0.38,0.32,-0.0684649107142857
2022-07-14,Healthcare,13,-0.05076153846153845,0.23076923076923078,0.23076923076923078,0.5384615384615384,-0.10212249999999999
2022-07-14,Industrials,9,0.13327777777777777,0.3333333333333333,0.1111111111111111,0.5555555555555556,0.14362333333333333
2022-07-14,Materials,7,0.1571142857142857,0.42857142857142855,0.0,0.5714285714285714,0.10839583333333333
2022-07-14,RealEstate,5,0.19926000000000002,0.4,0.0,0.6,0.1107
2022-07-14,Tech,28,0.12536785714285714,0.32142857142857145,0.03571428571428571,0.6428571428571429,0.15716000000000002
2022-07-14,Utilities,6,0.10898333333333332,0.5,0.16666666666666666,0.3333333333333333,0.10898333333333333
2022-07-15,Comm,4,-0.0929,0.0,0.25,0.75,-0.12386666666666667
2022-07-15,Consumer,24,0.06950416666666666,0.375,0.125,0.5,0.05306621212121212
2022-07-15,Energy,19,0.2680263157894737,0.5263157894736842,0.0,0.47368421052631576,0.27465833333333334
2022-07-15,Financials,55,0.0652,0.45454545454545453,0.23636363636363636,0.3090909090909091,0.03811099999999999
2022-07-15,Healthcare,17,0.04854117647058824,0.17647058823529413,0.11764705882352941,0.7058823529411765,0.025687500000000002
2022-07-15,Industrials,13,-0.013723076923076914,0.15384615384615385,0.23076923076923078,0.6153846153846154,-0.02206666666666666
2022-07-15,Materials,1,-0.4215,0.0,1.0,0.0,-0.4215
2022-07-15,RealEstate,9,-0.09171111111111112,0.1111111111111111,0.4444444444444444,0.4444444444444444,-0.2455525
2022-07-15,Tech,17,0.14589999999999997,0.4117647058823529,0.0,0.5882352941176471,0.15673071428571428
2022-07-15,Utilities,8,0.306575,0.75,0.125,0.125,0.29412
2022-07-18,Comm,18,0.08168333333333333,0.2222222222222222,0.0,0.7777777777777778,0.04868883928571428
2022-07-18,Consumer,31,0.144358064516129,0.41935483870967744,0.0,0.5806451612903226,0.1495052857142857
2022-07-18,Energy,25,0.25936800000000004,0.56,0.04,0.4,0.26950738095238097
2022-07-18,Financials,55,0.08408727272727273,0.3090909090909091,0.05454545454545454,0.6363636363636364,0.12111054621848741
2022-07-18,Healthcare,21,0.14633333333333334,0.3333333333333333,0.09523809523809523,0.5714285714285714,0.100544
2022-07-18,Industrials,28,0.12566785714285716,0.2857142857142857,0.0,0.7142857142857143,0.15897333333333336
2022-07-18,Materials,5,0.22949999999999998,0.4,0.0,0.6,0.19125
2022-07-18,RealEstate,13,0.049146153846153846,0.23076923076923078,0.07692307692307693,0.6923076923076923,0.12016249999999999
2022-07-18,Tech,28,0.15043928571428572,0.4642857142857143,0.21428571428571427,0.32142857142857145,0.2379355714285714
2022-07-18,Utilities,13,0.2301923076923077,0.5384615384615384,0.0,0.46153846153846156,0.21922533333333333
2022-07-19,Comm,8,0.2507375,0.625,0.125,0.25,0.2507375
2022-07-19,Consumer,24,0.0999125,0.4166666666666667,0.20833333333333334,0.375,0.10810542857142857
2022-07-19,Energy,17,0.3026294117647059,0.6470588235294118,0.058823529411764705,0.29411764705882354,0.32101999999999997
2022-07-19,Financials,16,0.0028312500000000004,0.1875,0.25,0.5625,0.08478533333333332
2022-07-19,Healthcare,20,0.005945000000000001,0.15,0.15,0.7,0.029859285714285717
2022-07-19,Industrials,9,0.04171111111111111,0.2222222222222222,0.2222222222222222,0.5555555555555556,0.15259999999999999
2022-07-19,Materials,6,0.122,0.5,0.16666666666666666,0.3333333333333333,0.092775
2022-07-19,RealEstate,4,-0.06447499999999999,0.25,0.5,0.25,-0.10491666666666666
2022-07-19,Tech,20,0.019045000000000003,0.35,0.3,0.35,0.040014
2022-07-19,Utilities,7,0.22581428571428572,0.5714285714285714,0.14285714285714285,0.2857142857142857,0.24207916666666668
2022-07-20,Comm,10,-0.07161,0.3,0.4,0.3,-0.022791666666666665
2022-07-20,Consumer,22,-0.003131818181818175,0.2727272727272727,0.22727272727272727,0.5,0.013165000000000007
2022-07-20,Energy,23,0.15270434782608697,0.34782608695652173,0.08695652173913043,0.5652173913043478,0.17309214285714286
2022-07-20,Financials,10,0.10607,0.5,0.1,0.4,0.12118999999999999
2022-07-20,Healthcare,32,0.20273125,0.5625,0.09375,0.34375,0.25867927272727276
2022-07-20,Industrials,12,0.048483333333333344,0.4166666666666667,0.25,0.3333333333333333,0.08749285714285715
2022-07-20,Materials,11,0.10347272727272726,0.2727272727272727,0.0,0.7272727272727273,0.049575
2022-07-20,RealEstate,7,0.1688285714285714,0.42857142857142855,0.14285714285714285,0.42857142857142855,0.17764000000000002
2022-07-20,Tech,31,0.1393225806451613,0.2903225806451613,0.03225806451612903,0.6774193548387096,0.13325464285714286
2022-07-20,Utilities,6,0.06363333333333333,0.16666666666666666,0.0,0.8333333333333334,0.047725
2022-07-21,Comm,33,0.15273333333333336,0.3939393939393939,0.09090909090909091,0.5151515151515151,0.09383133333333334
2022-07-21,Consumer,19,0.07997368421052632,0.2631578947368421,0.10526315789473684,0.631578947368421,0.04345619047619048
2022-07-21,Energy,21,0.09718095238095238,0.2857142857142857,0.0,0.7142857142857143,0.112725
2022-07-21,Financials,8,0.12985,0.375,0.125,0.5,0.20520624999999998
2022-07-21,Healthcare,14,-0.07301428571428571,0.07142857142857142,0.2857142857142857,0.6428571428571429,-0.07563749999999998
2022-07-21,Industrials,7,0.021957142857142852,0.14285714285714285,0.2857142857142857,0.5714285714285714,-0.012761111111111117
2022-07-21,Materials,15,0.08607333333333332,0.26666666666666666,0.0,0.7333333333333333,0.05259166666666667
2022-07-21,RealEstate,7,0.21794285714285713,0.42857142857142855,0.0,0.5714285714285714,0.2966
2022-07-21,Tech,19,0.2324263157894737,0.5789473684210527,0.05263157894736842,0.3684210526315789,0.19003333333333333
2022-07-21,Utilities,5,0.11392,0.6,0.2,0.2,0.10825
2022-07-22,Comm,19,0.12343157894736843,0.3157894736842105,0.05263157894736842,0.631578947368421,0.10535333333333334
2022-07-22,Consumer,22,0.1340590909090909,0.45454545454545453,0.18181818181818182,0.36363636363636365,0.16752261904761903
2022-07-22,Energy,22,0.16598636363636363,0.5,0.045454545454545456,0.45454545454545453,0.18882181818181817
2022-07-22,Financials,16,-0.008675000000000002,0.1875,0.25,0.5625,-0.009238333333333335
2022-07-22,Healthcare,13,0.24006153846153847,0.6153846153846154,0.0,0.38461538461538464,0.278042
2022-07-22,Industrials,7,0.00045714285714285437,0.2857142857142857,0.2857142857142857,0.42857142857142855,0.0429
2022-07-22,Materials,5,-0.020139999999999998,0.0,0.2,0.8,-0.016783333333333334
2022-07-22,RealEstate,4,0.375775,0.75,0.0,0.25,0.44436666666666663
2022-07-22,Tech,23,0.23578695652173912,0.391304347826087,0.0,0.6086956521739131,0.20978
2022-07-22,Utilities,13,0.07646153846153846,0.23076923076923078,0.23076923076923078,0.5384615384615384,0.03426
2022-07-25,Comm,18,-0.05194444444444444,0.05555555555555555,0.2222222222222222,0.7222222222222222,-0.022425
2022-07-25,Consumer,43,0.08163720930232558,0.32558139534883723,0.13953488372093023,0.5348837209302325,0.09171264102564101
2022-07-25,Energy,35,0.29884285714285713,0.6,0.0,0.4,0.33997331601731606
2022-07-25,Financials,18,0.09576111111111112,0.3333333333333333,0.16666666666666666,0.5,0.128082
2022-07-25,Healthcare,15,0.05454666666666667,0.26666666666666666,0.2,0.5333333333333333,0.060343999999999995
2022-07-25,Industrials,16,0.0526875,0.125,0.0,0.875,0.04014285714285714
2022-07-25,Materials,25,0.069788,0.4,0.24,0.36,0.16135803921568628
2022-07-25,RealEstate,12,0.24486666666666668,0.5,0.16666666666666666,0.3333333333333333,0.21288
2022-07-25,Tech,33,0.08786060606060606,0.30303030303030304,0.09090909090909091,0.6060606060606061,0.07361013636363636
2022-07-25,Utilities,8,0.1783875,0.5,0.125,0.375,0.18688333333333332
2022-07-26,Comm,4,0.0,0.0,0.0,1.0,0.0
2022-07-26,Consumer,83,-0.06589759036144578,0.2891566265060241,0.39759036144578314,0.3132530120481928,0.006381675362318842
2022-07-26,Energy,16,0.0460125,0.3125,0.125,0.5625,0.071235
2022-07-26,Financials,10,0.05419,0.3,0.2,0.5,-0.07698333333333333
2022-07-26,Healthcare,10,0.16759,0.4,0.1,0.5,0.15696333333333334
2022-07-26,Industrials,44,0.03265909090909091,0.3181818181818182,0.29545454545454547,0.38636363636363635,0.15592435515873015
2022-07-26,Materials,7,-0.045457142857142856,0.0,0.14285714285714285,0.8571428571428571,-0.039775
2022-07-26,RealEstate,5,0.21168,0.4,0.0,0.6,0.1748
2022-07-26,Tech,12,0.024224999999999997,0.16666666666666666,0.08333333333333333,0.75,0.023094444444444442
2022-07-26,Utilities,12,0.14708333333333334,0.3333333333333333,0.0,0.6666666666666666,0.19828800000000002
2022-07-27,Comm,29,0.05015862068965516,0.20689655172413793,0.20689655172413793,0.5862068965517241,0.06653666666666666
2022-07-27,Consumer,30,0.10027666666666665,0.4666666666666667,0.13333333333333333,0.4,0.06693700980392157
2022-07-27,Energy,27,0.16818148148148152,0.5555555555555556,0.07407407407407407,0.37037037037037035,0.11778666666666666
2022-07-27,Financials,10,0.19718,0.4,0.0,0.6,0.21092500000000003
2022-07-27,Healthcare,22,0.04871818181818182,0.3181818181818182,0.09090909090909091,0.5909090909090909,0.04655
2022-07-27,Industrials,2,0.0,0.0,0.0,1.0,0.0
2022-07-27,Materials,8,-0.0019000000000000128,0.25,0.25,0.5,0.22464285714285712
2022-07-27,RealEstate,16,0.1864,0.4375,0.0,0.5625,0.24497866666666662
2022-07-27,Tech,28,0.08690357142857143,0.39285714285714285,0.10714285714285714,0.5,0.13333233766233765
2022-07-27,Utilities,10,0.21280000000000002,0.5,0.0,0.5,0.16386
2022-07-28,Comm,15,0.08749333333333333,0.26666666666666666,0.06666666666666667,0.6666666666666666,0.05283888888888889
2022-07-28,Consumer,24,0.010895833333333332,0.16666666666666666,0.08333333333333333,0.75,0.009316888888888895
2022-07-28,Energy,34,0.14687941176470587,0.35294117647058826,0.11764705882352941,0.5294117647058824,0.1399291818181818
2022-07-28,Financials,22,-0.0039727272727272745,0.22727272727272727,0.22727272727272727,0.5454545454545454,-0.0035026666666666665
2022-07-28,Healthcare,23,0.13813478260869563,0.391304347826087,0.13043478260869565,0.4782608695652174,0.151388
2022-07-28,Industrials,11,0.11610000000000001,0.36363636363636365,0.09090909090909091,0.5454545454545454,0.0796079365079365
2022-07-28,Materials,5,0.19234,0.6,0.0,0.4,0.16028333333333333
2022-07-28,RealEstate,16,0.0493625,0.3125,0.125,0.5625,0.05896875
2022-07-28,Tech,40,0.032462500000000005,0.225,0.15,0.625,0.04346784090909091
2022-07-28,Utilities,18,0.18979444444444446,0.7222222222222222,0.05555555555555555,0.2222222222222222,0.17211714285714286
2022-07-29,Comm,5,0.09152,0.2,0.0,0.8,0.0572
2022-07-29,Consumer,18,0.12382222222222222,0.5555555555555556,0.1111111111111111,0.3333333333333333,0.13318714285714287
2022-07-29,Energy,61,0.21765409836065572,0.5409836065573771,0.04918032786885246,0.4098360655737705,0.2862748717948718
2022-07-29,Financials,11,0.10705454545454546,0.45454545454545453,0.2727272727272727,0.2727272727272727,0.05444
2022-07-29,Healthcare,15,0.0991,0.26666666666666666,0.06666666666666667,0.6666666666666666,-0.017065833333333336
2022-07-29,Industrials,3,0.13396666666666665,0.3333333333333333,0.0,0.6666666666666666,0.20095
2022-07-29,Materials,2,0.0,0.0,0.0,1.0,0.0
2022-07-29,RealEstate,7,0.19190000000000002,0.2857142857142857,0.0,0.7142857142857143,0.26866
2022-07-29,Tech,37,0.21142432432432434,0.5405405405405406,0.05405405405405406,0.40540540540540543,0.22549713450292397
2022-07-29,Utilities,12,0.27095833333333336,0.6666666666666666,0.0,0.3333333333333333,0.27461
2022-08-01,Comm,22,0.05543636363636364,0.22727272727272727,0.045454545454545456,0.7272727272727273,0.05613541666666667
2022-08-01,Consumer,36,0.106275,0.3611111111111111,0.08333333333333333,0.5555555555555556,0.12408014285714286
2022-08-01,Energy,35,0.09926571428571429,0.37142857142857144,0.17142857142857143,0.45714285714285713,0.057070222222222224
2022-08-01,Financials,9,0.18765555555555555,0.5555555555555556,0.1111111111111111,0.3333333333333333,0.18658000000000002
2022-08-01,Healthcare,18,0.0955388888888889,0.2222222222222222,0.0,0.7777777777777778,0.10002133333333334
2022-08-01,Industrials,15,0.2139,0.5333333333333333,0.13333333333333333,0.3333333333333333,0.21866125
2022-08-01,Materials,1,0.0,0.0,0.0,1.0,0.0
2022-08-01,RealEstate,12,0.23915833333333333,0.75,0.08333333333333333,0.16666666666666666,0.2648625
2022-08-01,Tech,24,0.18707083333333333,0.4583333333333333,0.041666666666666664,0.5,0.20560694444444444
2022-08-01,Utilities,8,0.153025,0.625,0.0,0.375,0.1512
2022-08-02,Comm,14,0.011221428571428568,0.35714285714285715,0.14285714285714285,0.5,0.059490625000000005
2022-08-02,Consumer,21,0.005895238095238102,0.23809523809523808,0.3333333333333333,0.42857142857142855,0.0666237777777778
2022-08-02,Energy,31,0.12847741935483872,0.3870967741935484,0.0967741935483871,0.5161290322580645,0.13143303571428572
2022-08-02,Financials,12,0.10054166666666668,0.4166666666666667,0.25,0.3333333333333333,0.12099500000000002
2022-08-02,Healthcare,16,0.1539625,0.375,0.0,0.625,0.1607875
2022-08-02,Industrials,19,-0.044210526315789464,0.15789473684210525,0.3684210526315789,0.47368421052631576,-0.0008807692307692266
2022-08-02,Materials,13,0.10554615384615383,0.38461538461538464,0.23076923076923078,0.38461538461538464,0.11019
2022-08-02,RealEstate,8,0.1672625,0.375,0.0,0.625,0.1672625
2022-08-02,Tech,44,-0.057009090909090905,0.2727272727272727,0.38636363636363635,0.3409090909090909,-0.04006928571428571
2022-08-02,Utilities,6,0.251,0.5,0.16666666666666666,0.3333333333333333,0.22416250000000001
2022-08-03,Comm,12,0.07128333333333332,0.5,0.16666666666666666,0.3333333333333333,0.015399999999999987
2022-08-03,Consumer,28,0.08192142857142858,0.32142857142857145,0.17857142857142858,0.5,0.09748455086580086
2022-08-03,Energy,39,0.23504871794871796,0.5897435897435898,0.07692307692307693,0.3333333333333333,0.25675920855614975
2022-08-03,Financials,8,0.18003750000000002,0.5,0.0,0.5,0.10564375000000001
2022-08-03,Healthcare,18,0.13485555555555556,0.3888888888888889,0.1111111111111111,0.5,0.27491833333333326
2022-08-03,Industrials,4,0.1351,0.5,0.25,0.25,0.1887333333333333
2022-08-03,Materials,3,0.17596666666666663,0.6666666666666666,0.3333333333333333,0.0,0.17596666666666663
2022-08-03,RealEstate,8,-0.01585,0.125,0.125,0.75,-0.0021375000000000005
2022-08-03,Tech,32,0.134140625,0.53125,0.125,0.34375,0.13570142857142858
2022-08-03,Utilities,17,0.1110235294117647,0.5294117647058824,0.11764705882352941,0.35294117647058826,0.134932
2022-08-04,Comm,11,0.04611818181818181,0.2727272727272727,0.18181818181818182,0.5454545454545454,0.06394166666666665
2022-08-04,Consumer,18,0.08628888888888889,0.3333333333333333,0.1111111111111111,0.5555555555555556,0.07668541666666667
2022-08-04,Energy,27,0.16364444444444445,0.4444444444444444,0.037037037037037035,0.5185185185185185,0.13704785714285714
2022-08-04,Financials,9,0.05495555555555555,0.3333333333333333,0.2222222222222222,0.4444444444444444,0.06472249999999999
2022-08-04,Healthcare,17,-0.030935294117647054,0.058823529411764705,0.23529411764705882,0.7058823529411765,-0.03289277777777777
2022-08-04,Industrials,4,0.0,0.0,0.0,1.0,0.0
2022-08-04,Materials,6,0.09148333333333332,0.3333333333333333,0.16666666666666666,0.5,0.04609
2022-08-04,RealEstate,8,0.1428,0.375,0.0,0.625,0.1368666666666667
2022-08-04,Tech,24,0.04029583333333333,0.25,0.16666666666666666,0.5833333333333334,0.050596666666666665
2022-08-04,Utilities,19,0.24173157894736844,0.5263157894736842,0.05263157894736842,0.42105263157894735,0.2568114285714286
2022-08-05,Comm,7,0.19278571428571428,0.42857142857142855,0.0,0.5714285714285714,0.20050416666666665
2022-08-05,Consumer,10,0.03889000000000001,0.2,0.2,0.6,0.0008000000000000229
2022-08-05,Energy,21,0.1283,0.42857142857142855,0.14285714285714285,0.42857142857142855,0.24852749999999998
2022-08-05,Financials,6,0.29519999999999996,0.8333333333333334,0.0,0.16666666666666666,0.22312777777777773
2022-08-05,Healthcare,10,0.12014,0.2,0.3,0.5,0.22219791666666666
2022-08-05,Industrials,6,0.11881666666666668,0.3333333333333333,0.0,0.6666666666666666,0.05940833333333334
2022-08-05,Materials,2,0.23835,0.5,0.0,0.5,0.23835
2022-08-05,RealEstate,5,0.2806,0.6,0.0,0.4,0.2974666666666667
2022-08-05,Tech,12,0.113025,0.3333333333333333,0.16666666666666666,0.5,0.1328666666666667
2022-08-05,Utilities,16,0.0774875,0.4375,0.25,0.3125,0.07196250000000001
2022-08-08,Comm,16,-0.086775,0.1875,0.3125,0.5,-0.1625
2022-08-08,Consumer,35,0.07917714285714285,0.3142857142857143,0.05714285714285714,0.6285714285714286,0.0893464761904762
2022-08-08,Energy,29,0.1498896551724138,0.5172413793103449,0.06896551724137931,0.41379310344827586,0.15593126984126984
2022-08-08,Financials,16,0.09809999999999999,0.4375,0.1875,0.375,0.12589142857142857
2022-08-08,Healthcare,9,-0.09851111111111112,0.0,0.3333333333333333,0.6666666666666666,-0.09170666666666667
2022-08-08,Industrials,8,0.1112875,0.375,0.125,0.5,0.26183333333333336
2022-08-08,Materials,2,0.4144,1.0,0.0,0.0,0.4144
2022-08-08,RealEstate,10,0.13620000000000002,0.4,0.0,0.6,0.1282
2022-08-08,Tech,44,0.06058636363636363,0.2727272727272727,0.1590909090909091,0.5681818181818182,0.08761037037037037
2022-08-08,Utilities,14,0.07132857142857142,0.35714285714285715,0.07142857142857142,0.5714285714285714,0.07984250000000001
2022-08-09,Comm,6,0.08661666666666668,0.3333333333333333,0.16666666666666666,0.5,0.025187500000000015
2022-08-09,Consumer,21,0.06935714285714285,0.23809523809523808,0.14285714285714285,0.6190476190476191,0.08117031746031744
2022-08-09,Energy,21,0.060328571428571426,0.3333333333333333,0.09523809523809523,0.5714285714285714,0.05417322751322751
2022-08-09,Financials,6,0.1453,0.3333333333333333,0.0,0.6666666666666666,0.20030000000000003
2022-08-09,Healthcare,10,0.11267999999999997,0.3,0.2,0.5,0.09024444444444445
2022-08-09,Industrials,7,0.05001428571428572,0.2857142857142857,0.14285714285714285,0.5714285714285714,-0.024024999999999998
2022-08-09,Materials,1,0.0,0.0,0.0,1.0,0.0
2022-08-09,RealEstate,6,0.3048166666666667,0.8333333333333334,0.0,0.16666666666666666,0.29035
2022-08-09,Tech,44,0.008009090909090914,0.3409090909090909,0.4318181818181818,0.22727272727272727,0.0713476923076923
2022-08-09,Utilities,9,0.18697777777777777,0.6666666666666666,0.2222222222222222,0.1111111111111111,0.13548
2022-08-10,Comm,13,0.1452153846153846,0.46153846153846156,0.15384615384615385,0.38461538461538464,0.170978
2022-08-10,Consumer,22,0.08263181818181818,0.3181818181818182,0.22727272727272727,0.45454545454545453,0.11068348484848485
2022-08-10,Energy,23,0.11900000000000001,0.4782608695652174,0.08695652173913043,0.43478260869565216,0.16080609523809525
2022-08-10,Financials,16,0.07463125,0.5,0.5,0.0,0.279803125
2022-08-10,Healthcare,6,-0.014949999999999991,0.5,0.3333333333333333,0.16666666666666666,0.1532
2022-08-10,Industrials,8,0.15452500000000002,0.375,0.0,0.625,0.10863611111111111
2022-08-10,Materials,2,0.20095,0.5,0.0,0.5,0.20095
2022-08-10,RealEstate,3,0.12040000000000001,0.3333333333333333,0.0,0.6666666666666666,0.12040000000000001
2022-08-10,Tech,26,0.09082307692307692,0.2692307692307692,0.19230769230769232,0.5384615384615384,0.08451339682539682
2022-08-10,Utilities,10,0.25355999999999995,0.6,0.0,0.4,0.2230233333333333
2022-08-11,Comm,18,0.038850000000000016,0.3333333333333333,0.3333333333333333,0.3333333333333333,0.03246166666666668
2022-08-11,Consumer,41,0.05037804878048781,0.24390243902439024,0.07317073170731707,0.6829268292682927,0.06565648148148148
2022-08-11,Energy,15,0.12846,0.26666666666666666,0.06666666666666667,0.6666666666666666,0.16389199999999998
2022-08-11,Financials,8,0.0639625,0.5,0.125,0.375,-0.06210624999999999
2022-08-11,Healthcare,14,-0.004935714285714281,0.2857142857142857,0.14285714285714285,0.5714285714285714,0.027904000000000005
2022-08-11,Industrials,6,0.08121666666666667,0.3333333333333333,0.16666666666666666,0.5,0.08121666666666667
2022-08-11,RealEstate,9,0.32548888888888894,0.5555555555555556,0.0,0.4444444444444444,0.3131
2022-08-11,Tech,27,0.10524814814814816,0.37037037037037035,0.07407407407407407,0.5555555555555556,0.09493837662337663
2022-08-11,Utilities,5,-0.022160000000000013,0.4,0.4,0.2,-0.022133333333333345
2022-08-12,Comm,6,0.0028666666666666654,0.16666666666666666,0.16666666666666666,0.6666666666666666,0.11583333333333334
2022-08-12,Consumer,20,0.14724500000000001,0.4,0.05,0.55,0.22668885714285714
2022-08-12,Energy,15,0.17541333333333334,0.5333333333333333,0.0,0.4666666666666667,0.1958025
2022-08-12,Financials,10,0.23537,0.6,0.0,0.4,0.2482225
2022-08-12,Healthcare,10,-0.05486,0.2,0.3,0.5,-0.03657333333333333
2022-08-12,Industrials,7,0.2140571428571429,0.42857142857142855,0.0,0.5714285714285714,0.27624444444444446
2022-08-12,RealEstate,8,0.04515,0.125,0.0,0.875,0.022575
2022-08-12,Tech,21,0.3002619047619048,0.5238095238095238,0.0,0.47619047619047616,0.27806766666666666
2022-08-12,Utilities,2,0.4136,1.0,0.0,0.0,0.4136
2022-08-15,Comm,18,0.07211111111111111,0.3888888888888889,0.1111111111111111,0.5,0.08424833333333334
2022-08-15,Consumer,62,0.08728548387096775,0.4032258064516129,0.16129032258064516,0.43548387096774194,0.0570818484848485
2022-08-15,Energy,44,0.06560681818181818,0.38636363636363635,0.22727272727272727,0.38636363636363635,0.14137850505050506
2022-08-15,Financials,11,0.10563636363636363,0.2727272727272727,0.18181818181818182,0.5454545454545454,0.09562333333333332
2022-08-15,Healthcare,12,0.02579166666666666,0.25,0.25,0.5,0.013416666666666665
2022-08-15,Industrials,6,0.3357833333333333,0.6666666666666666,0.0,0.3333333333333333,0.33145
2022-08-15,Materials,4,0.135575,0.5,0.0,0.5,0.09038333333333333
2022-08-15,RealEstate,6,0.051983333333333305,0.3333333333333333,0.16666666666666666,0.5,-0.037562500000000026
2022-08-15,Tech,23,0.16329999999999997,0.6521739130434783,0.13043478260869565,0.21739130434782608,0.17435819047619047
2022-08-15,Utilities,7,0.2962714285714286,0.5714285714285714,0.14285714285714285,0.2857142857142857,0.2270625
2022-08-16,Comm,9,0.14655555555555555,0.3333333333333333,0.0,0.6666666666666666,0.12108055555555557
2022-08-16,Consumer,55,0.11744363636363636,0.2909090909090909,0.05454545454545454,0.6545454545454545,0.11442392857142858
2022-08-16,Energy,18,0.18542222222222224,0.6111111111111112,0.1111111111111111,0.2777777777777778,0.20020833333333332
2022-08-16,Financials,6,0.033716666666666666,0.16666666666666666,0.0,0.8333333333333334,0.033716666666666666
2022-08-16,Healthcare,10,0.10101,0.4,0.1,0.5,0.08214583333333333
2022-08-16,Industrials,4,-0.15630000000000002,0.0,0.5,0.5,-0.15630000000000002
2022-08-16,Materials,5,0.07224,0.2,0.0,0.8,0.04515
2022-08-16,RealEstate,5,0.28428,0.6,0.0,0.4,0.23690000000000003
2022-08-16,Tech,16,0.17206875,0.5,0.125,0.375,0.19299066666666667
2022-08-16,Utilities,11,0.14771818181818183,0.45454545454545453,0.0,0.5454545454545454,0.13069375
2022-08-17,Comm,6,-0.05505000000000001,0.0,0.3333333333333333,0.6666666666666666,-0.061241666666666666
2022-08-17,Consumer,42,0.026261904761904757,0.23809523809523808,0.23809523809523808,0.5238095238095238,0.0408883574879227
2022-08-17,Energy,15,0.3517533333333333,0.7333333333333333,0.0,0.26666666666666666,0.34341458333333336
2022-08-17,Financials,9,0.04217777777777779,0.3333333333333333,0.2222222222222222,0.4444444444444444,0.07847500000000002
2022-08-17,Healthcare,6,0.06363333333333333,0.16666666666666666,0.0,0.8333333333333334,0.03181666666666667
2022-08-17,Industrials,5,0.035140000000000005,0.2,0.2,0.6,0.02928333333333334
2022-08-17,Materials,3,0.1468,0.3333333333333333,0.0,0.6666666666666666,0.1101
2022-08-17,RealEstate,11,0.20005454545454546,0.5454545454545454,0.0,0.45454545454545453,0.21993125
2022-08-17,Tech,14,0.0595,0.35714285714285715,0.2857142857142857,0.35714285714285715,0.09979444444444445
2022-08-17,Utilities,3,0.3844,1.0,0.0,0.0,0.3844
2022-08-18,Comm,8,0.024162499999999996,0.125,0.125,0.75,0.005662499999999999
2022-08-18,Consumer,24,0.061254166666666665,0.2916666666666667,0.125,0.5833333333333334,0.03643533333333334
2022-08-18,Energy,22,-0.04485454545454545,0.2727272727272727,0.2727272727272727,0.45454545454545453,-0.03893566666666665
2022-08-18,Financials,14,0.20062857142857143,0.5,0.0,0.5,0.20482266666666665
2022-08-18,Healthcare,12,0.06743333333333333,0.3333333333333333,0.0,0.6666666666666666,0.05664400000000001
2022-08-18,Industrials,6,0.11806666666666667,0.5,0.16666666666666666,0.3333333333333333,0.016283333333333358
2022-08-18,Materials,6,0.03771666666666667,0.16666666666666666,0.0,0.8333333333333334,0.0282875
2022-08-18,RealEstate,2,0.05135,0.5,0.0,0.5,0.05135
2022-08-18,Tech,12,0.10004166666666668,0.3333333333333333,0.0,0.6666666666666666,0.10242
2022-08-18,Utilities,6,0.32965,0.8333333333333334,0.0,0.16666666666666666,0.32965
2022-08-19,Comm,7,-0.08297142857142857,0.2857142857142857,0.2857142857142857,0.42857142857142855,-0.23604375
2022-08-19,Consumer,31,0.1294483870967742,0.4838709677419355,0.16129032258064516,0.3548387096774194,0.03893066666666667
2022-08-19,Energy,16,0.17656875,0.5,0.0625,0.4375,0.17975444444444444
2022-08-19,Financials,10,0.011150000000000004,0.2,0.3,0.5,0.040983333333333344
2022-08-19,Healthcare,9,-0.0046222222222222316,0.1111111111111111,0.2222222222222222,0.6666666666666666,-0.028240000000000008
2022-08-19,Industrials,7,0.054542857142857136,0.14285714285714285,0.0,0.8571428571428571,0.06363333333333333
2022-08-19,RealEstate,5,0.3604,0.6,0.0,0.4,0.3654
2022-08-19,Tech,12,0.11055833333333333,0.3333333333333333,0.08333333333333333,0.5833333333333334,0.16227
2022-08-19,Utilities,6,0.11893333333333334,0.3333333333333333,0.0,0.6666666666666666,0.09446666666666666
2022-08-22,Comm,11,0.21685454545454544,0.45454545454545453,0.09090909090909091,0.45454545454545453,0.21372
2022-08-22,Consumer,29,0.12654827586206896,0.3448275862068966,0.034482758620689655,0.6206896551724138,0.13030733333333333
2022-08-22,Energy,23,0.1948826086956522,0.5217391304347826,0.043478260869565216,0.43478260869565216,0.2210671111111111
2022-08-22,Financials,16,0.042137499999999994,0.1875,0.125,0.6875,0.044505
2022-08-22,Healthcare,12,0.3039,0.5833333333333334,0.0,0.4166666666666667,0.21191333333333331
2022-08-22,Industrials,13,0.2529153846153846,0.6923076923076923,0.0,0.3076923076923077,0.19870119047619048
2022-08-22,Materials,5,0.10846,0.4,0.0,0.6,0.0677875
2022-08-22,RealEstate,11,0.31880000000000003,0.6363636363636364,0.09090909090909091,0.2727272727272727,0.3100275
2022-08-22,Tech,37,0.18997837837837836,0.5405405405405406,0.08108108108108109,0.3783783783783784,0.25741533333333333
2022-08-22,Utilities,6,0.3471166666666667,0.8333333333333334,0.0,0.16666666666666666,0.3041916666666667
2022-08-23,Comm,8,0.1352375,0.375,0.0,0.625,0.15714166666666668
2022-08-23,Consumer,17,0.14219411764705883,0.29411764705882354,0.058823529411764705,0.6470588235294118,0.07946685714285714
2022-08-23,Energy,25,0.11729200000000001,0.4,0.08,0.52,0.1240711111111111
2022-08-23,Financials,7,0.24894285714285713,0.7142857142857143,0.14285714285714285,0.14285714285714285,0.3550533333333334
2022-08-23,Healthcare,12,0.220125,0.4166666666666667,0.08333333333333333,0.5,0.15182666666666667
2022-08-23,Industrials,3,0.18076666666666666,0.3333333333333333,0.0,0.6666666666666666,0.18076666666666666
2022-08-23,Materials,7,0.014228571428571429,0.14285714285714285,0.14285714285714285,0.7142857142857143,0.011066666666666667
2022-08-23,RealEstate,4,0.100475,0.25,0.0,0.75,0.06698333333333333
2022-08-23,Tech,14,0.008807142857142855,0.21428571428571427,0.14285714285714285,0.6428571428571429,0.041184
2022-08-23,Utilities,5,0.10194,0.2,0.2,0.6,0.050875000000000004
2022-08-24,Comm,15,0.08122,0.4,0.06666666666666667,0.5333333333333333,0.13018666666666664
2022-08-24,Consumer,19,0.030521052631578952,0.3684210526315789,0.2631578947368421,0.3684210526315789,-0.04626866666666666
2022-08-24,Energy,26,0.025596153846153845,0.2692307692307692,0.15384615384615385,0.5769230769230769,0.012638
2022-08-24,Financials,10,0.06748,0.3,0.2,0.5,0.054753333333333334
2022-08-24,Healthcare,8,0.1701875,0.625,0.125,0.25,0.13091875
2022-08-24,Industrials,7,0.17135714285714285,0.42857142857142855,0.0,0.5714285714285714,0.132375
2022-08-24,Materials,2,0.0,0.0,0.0,1.0,0.0
2022-08-24,RealEstate,9,0.11658888888888891,0.3333333333333333,0.1111111111111111,0.5555555555555556,0.16047000000000003
2022-08-24,Tech,30,0.056453333333333335,0.3333333333333333,0.06666666666666667,0.6,0.14824991596638654
2022-08-24,Utilities,3,0.3718333333333333,1.0,0.0,0.0,0.388975
2022-08-25,Comm,9,0.05778888888888889,0.3333333333333333,0.1111111111111111,0.5555555555555556,0.04749722222222222
2022-08-25,Consumer,13,0.02384615384615385,0.38461538461538464,0.3076923076923077,0.3076923076923077,0.150502
2022-08-25,Energy,25,0.15932000000000002,0.36,0.0,0.64,0.1050217857142857
2022-08-25,Financials,14,0.11575,0.5,0.14285714285714285,0.35714285714285715,0.017446
2022-08-25,Healthcare,15,0.006666666666666677,0.26666666666666666,0.3333333333333333,0.4,0.13068333333333335
2022-08-25,Industrials,5,0.1981,0.6,0.0,0.4,0.1988
2022-08-25,Materials,5,0.00516,0.0,0.0,1.0,0.003225
2022-08-25,RealEstate,6,0.23621666666666666,0.5,0.0,0.5,0.2196625
2022-08-25,Tech,27,0.08845555555555557,0.6296296296296297,0.18518518518518517,0.18518518518518517,0.16537916666666666
2022-08-25,Utilities,6,0.22806666666666667,0.8333333333333334,0.16666666666666666,0.0,0.24612
2022-08-26,Comm,22,-0.07606818181818181,0.18181818181818182,0.22727272727272727,0.5909090909090909,-0.10375083333333335
2022-08-26,Consumer,16,-0.05330000000000001,0.25,0.25,0.5,0.0048238095238095245
2022-08-26,Energy,10,0.14074,0.4,0.2,0.4,0.1536388888888889
2022-08-26,Financials,9,0.027822222222222217,0.2222222222222222,0.3333333333333333,0.4444444444444444,0.12805833333333333
2022-08-26,Healthcare,10,0.17742,0.5,0.0,0.5,0.19003333333333333
2022-08-26,Industrials,7,-0.040242857142857136,0.14285714285714285,0.2857142857142857,0.5714285714285714,-0.039838888888888875
2022-08-26,Materials,4,0.059325,0.25,0.25,0.5,0.09621666666666667
2022-08-26,RealEstate,2,0.35150000000000003,1.0,0.0,0.0,0.35150000000000003
2022-08-26,Tech,26,0.1334153846153846,0.5,0.07692307692307693,0.4230769230769231,0.1917832380952381
2022-08-26,Utilities,3,0.18213333333333334,0.6666666666666666,0.0,0.3333333333333333,0.2049
2022-08-29,Comm,16,0.1864875,0.5625,0.0,0.4375,0.157895
2022-08-29,Consumer,27,0.1250037037037037,0.37037037037037035,0.1111111111111111,0.5185185185185185,0.12224952380952382
2022-08-29,Energy,21,0.17443809523809523,0.42857142857142855,0.047619047619047616,0.5238095238095238,0.22977718253968255
2022-08-29,Financials,13,0.06609230769230769,0.3076923076923077,0.07692307692307693,0.6153846153846154,0.10374375
2022-08-29,Healthcare,11,0.15919999999999998,0.36363636363636365,0.09090909090909091,0.5454545454545454,0.2640533333333333
2022-08-29,Industrials,11,0.07865454545454545,0.18181818181818182,0.0,0.8181818181818182,0.04326
2022-08-29,Materials,7,-0.0638857142857143,0.14285714285714285,0.2857142857142857,0.5714285714285714,0.0030166666666666584
2022-08-29,RealEstate,9,0.13670000000000002,0.4444444444444444,0.0,0.5555555555555556,0.08582291666666667
2022-08-29,Tech,32,0.07358437500000001,0.375,0.25,0.375,0.07502333333333333
2022-08-29,Utilities,5,0.31562,0.8,0.0,0.2,0.360375
2022-08-30,Comm,2,-0.26335,0.0,0.5,0.5,-0.26335
2022-08-30,Consumer,20,0.18167499999999998,0.45,0.05,0.5,0.14592999999999998
2022-08-30,Energy,24,0.09675000000000002,0.4583333333333333,0.08333333333333333,0.4583333333333333,0.09114714285714286
2022-08-30,Financials,10,-0.007259999999999994,0.4,0.3,0.3,-0.0204625
2022-08-30,Healthcare,6,0.12480000000000001,0.3333333333333333,0.16666666666666666,0.5,0.040912500000000004
2022-08-30,Industrials,11,0.21924545454545452,0.45454545454545453,0.09090909090909091,0.45454545454545453,0.17825625
2022-08-30,Materials,4,0.05695,0.25,0.0,0.75,0.03796666666666667
2022-08-30,RealEstate,3,0.18076666666666666,0.3333333333333333,0.0,0.6666666666666666,0.27115
2022-08-30,Tech,20,0.06449,0.4,0.1,0.5,0.11686649999999998
2022-08-30,Utilities,7,0.1728,0.7142857142857143,0.14285714285714285,0.14285714285714285,0.04425
2022-08-31,Comm,17,0.22659411764705883,0.47058823529411764,0.0,0.5294117647058824,0.15776333333333334
2022-08-31,Consumer,23,-0.039013043478260866,0.17391304347826086,0.17391304347826086,0.6521739130434783,0.0524675
2022-08-31,Energy,19,0.15206315789473684,0.3157894736842105,0.0,0.6842105263157895,0.24336318181818184
2022-08-31,Financials,13,0.07254615384615384,0.46153846153846156,0.07692307692307693,0.46153846153846156,0.061616666666666674
2022-08-31,Healthcare,11,-0.1635181818181818,0.0,0.36363636363636365,0.6363636363636364,-0.20458499999999996
2022-08-31,Industrials,6,0.14651666666666666,0.3333333333333333,0.0,0.6666666666666666,0.19134444444444443
2022-08-31,Materials,4,0.00645,0.0,0.0,1.0,0.0086
2022-08-31,RealEstate,7,0.2705,0.5714285714285714,0.0,0.42857142857142855,0.22335
2022-08-31,Tech,19,0.10543684210526318,0.3157894736842105,0.10526315789473684,0.5789473684210527,0.09135833333333333
2022-08-31,Utilities,5,0.22481999999999996,0.6,0.0,0.4,0.22106666666666666
2022-09-01,Comm,6,0.09531666666666666,0.16666666666666666,0.0,0.8333333333333334,0.04765833333333333
2022-09-01,Consumer,18,0.14392777777777777,0.3333333333333333,0.05555555555555555,0.6111111111111112,0.168611
2022-09-01,Energy,21,0.16733809523809523,0.47619047619047616,0.09523809523809523,0.42857142857142855,0.164953
2022-09-01,Financials,13,0.2987076923076923,0.6923076923076923,0.0,0.3076923076923077,0.277945
2022-09-01,Healthcare,14,0.12937857142857143,0.42857142857142855,0.07142857142857142,0.5,0.11460166666666667
2022-09-01,Industrials,11,0.16333636363636364,0.45454545454545453,0.09090909090909091,0.45454545454545453,0.22688125
2022-09-01,Materials,3,0.2865,0.6666666666666666,0.0,0.3333333333333333,0.21487499999999998
2022-09-01,RealEstate,1,0.34,1.0,0.0,0.0,0.34
2022-09-01,Tech,78,-0.037930769230769226,0.32051282051282054,0.358974358974359,0.32051282051282054,0.007841267507002809
2022-09-01,Utilities,8,0.071525,0.25,0.0,0.75,0.11444000000000001
2022-09-02,Comm,3,0.21230000000000002,0.3333333333333333,0.0,0.6666666666666666,0.159225
2022-09-02,Consumer,20,0.004590000000000002,0.2,0.3,0.5,0.039372000000000004
2022-09-02,Energy,29,0.2413241379310345,0.5517241379310345,0.034482758620689655,0.41379310344827586,0.19711547619047617
2022-09-02,Financials,15,0.048113333333333334,0.4,0.2,0.4,0.11016466666666666
2022-09-02,Healthcare,5,0.18328,0.4,0.0,0.6,0.19096666666666667
2022-09-02,Industrials,8,0.13797500000000001,0.375,0.125,0.5,0.11890833333333334
2022-09-02,Materials,2,0.2288,0.5,0.0,0.5,0.2288
2022-09-02,RealEstate,4,0.12765,0.25,0.0,0.75,0.08510000000000001
2022-09-02,Tech,26,0.15812692307692308,0.5,0.07692307692307693,0.4230769230769231,0.22613571428571427
2022-09-02,Utilities,5,0.13702,0.4,0.0,0.6,0.1264111111111111
2022-09-06,Comm,9,0.22724444444444444,0.5555555555555556,0.1111111111111111,0.3333333333333333,0.1666125
2022-09-06,Consumer,35,0.08607142857142858,0.4,0.17142857142857143,0.42857142857142855,0.18459799999999998
2022-09-06,Energy,23,0.1317913043478261,0.4782608695652174,0.13043478260869565,0.391304347826087,0.14941375
2022-09-06,Financials,19,0.09807894736842106,0.2631578947368421,0.0,0.7368421052631579,0.06870833333333334
2022-09-06,Healthcare,13,0.30330769230769233,0.6153846153846154,0.15384615384615385,0.23076923076923078,0.2569825
2022-09-06,Industrials,16,0.23896875,0.5625,0.0,0.4375,0.23642416666666666
2022-09-06,Materials,3,0.0,0.0,0.0,1.0,0.0
2022-09-06,RealEstate,7,0.2513571428571429,0.7142857142857143,0.0,0.2857142857142857,0.3640125
2022-09-06,Tech,49,0.061667346938775514,0.3877551020408163,0.20408163265306123,0.40816326530612246,0.10662194444444444
2022-09-06,Utilities,7,0.22434285714285712,0.42857142857142855,0.0,0.5714285714285714,0.2709875
2022-09-07,Comm,13,0.07191538461538462,0.23076923076923078,0.15384615384615385,0.6153846153846154,0.08758690476190478
2022-09-07,Consumer,31,0.12423225806451613,0.3870967741935484,0.06451612903225806,0.5483870967741935,0.1686029017857143
2022-09-07,Energy,22,0.17203181818181817,0.5,0.045454545454545456,0.45454545454545453,0.17913
2022-09-07,Financials,9,0.005544444444444445,0.1111111111111111,0.1111111111111111,0.7777777777777778,0.00998
2022-09-07,Healthcare,13,-0.025623076923076922,0.23076923076923078,0.3076923076923077,0.46153846153846156,0.06522333333333333
2022-09-07,Industrials,9,0.11488888888888889,0.3333333333333333,0.1111111111111111,0.5555555555555556,0.108
2022-09-07,Materials,4,0.06632500000000001,0.25,0.25,0.5,0.06632500000000001
2022-09-07,RealEstate,9,0.08444444444444445,0.4444444444444444,0.0,0.5555555555555556,0.06333333333333332
2022-09-07,Tech,18,0.12257222222222224,0.3888888888888889,0.1111111111111111,0.5,0.11469166666666668
2022-09-07,Utilities,9,0.23902222222222225,0.5555555555555556,0.0,0.4444444444444444,0.19389
2022-09-08,Comm,19,0.2113736842105263,0.5789473684210527,0.05263157894736842,0.3684210526315789,0.22610076190476192
2022-09-08,Consumer,18,0.1900222222222222,0.3888888888888889,0.05555555555555555,0.5555555555555556,0.07027000000000001
2022-09-08,Energy,16,0.16736875,0.4375,0.0625,0.5,0.27588999999999997
2022-09-08,Financials,8,0.1895875,0.5,0.0,0.5,0.19331500000000001
2022-09-08,Healthcare,22,0.18001818181818183,0.45454545454545453,0.13636363636363635,0.4090909090909091,0.17820533333333333
2022-09-08,Industrials,12,0.09063333333333334,0.3333333333333333,0.08333333333333333,0.5833333333333334,0.006420833333333348
2022-09-08,Materials,6,0.14085,0.5,0.16666666666666666,0.3333333333333333,0.2354875
2022-09-08,RealEstate,4,0.353175,0.75,0.0,0.25,0.39463333333333334
2022-09-08,Tech,19,0.09885263157894737,0.3684210526315789,0.15789473684210525,0.47368421052631576,0.02906000000000001
2022-09-08,Utilities,9,0.20046666666666668,0.4444444444444444,0.1111111111111111,0.4444444444444444,0.15284333333333336
2022-09-09,Comm,10,0.08078,0.4,0.2,0.4,-0.028329999999999987
2022-09-09,Consumer,18,0.26837222222222223,0.6666666666666666,0.0,0.3333333333333333,0.23171916666666664
2022-09-09,Energy,15,0.17114666666666664,0.5333333333333333,0.13333333333333333,0.3333333333333333,0.048162666666666666
2022-09-09,Financials,10,0.16965000000000002,0.6,0.2,0.2,0.2554716666666667
2022-09-09,Healthcare,11,0.05628181818181818,0.45454545454545453,0.2727272727272727,0.2727272727272727,-0.008273333333333322
2022-09-09,Industrials,7,0.05195714285714286,0.42857142857142855,0.14285714285714285,0.42857142857142855,0.020516666666666673
2022-09-09,Materials,2,0.26335,0.5,0.0,0.5,0.26335
2022-09-09,RealEstate,5,0.5907,0.8,0.0,0.2,0.5379
2022-09-09,Tech,17,0.17821176470588235,0.29411764705882354,0.0,0.7058823529411765,0.14664866666666668
2022-09-09,Utilities,8,0.1857625,0.5,0.125,0.375,0.3106875
2022-09-12,Comm,17,0.1414294117647059,0.35294117647058826,0.11764705882352941,0.5294117647058824,0.05897738095238095
2022-09-12,Consumer,27,0.17554074074074075,0.48148148148148145,0.1111111111111111,0.4074074074074074,0.15747616666666667
2022-09-12,Energy,21,0.24393333333333334,0.5714285714285714,0.0,0.42857142857142855,0.189109375
2022-09-12,Financials,16,0.013568749999999997,0.1875,0.25,0.5625,0.018554999999999995
2022-09-12,Healthcare,33,0.2675090909090909,0.6666666666666666,0.09090909090909091,0.24242424242424243,0.27932633333333334
2022-09-12,Industrials,9,0.1262888888888889,0.3333333333333333,0.0,0.6666666666666666,0.1297275
2022-09-12,Materials,6,-0.028216666666666664,0.16666666666666666,0.16666666666666666,0.6666666666666666,-0.06761249999999999
2022-09-12,RealEstate,10,0.29667,0.8,0.0,0.2,0.29308055555555557
2022-09-12,Tech,26,0.0665,0.15384615384615385,0.07692307692307693,0.7692307692307693,0.03785035714285714
2022-09-12,Utilities,11,0.2437909090909091,0.5454545454545454,0.0,0.45454545454545453,0.23996666666666666
2022-09-13,Comm,11,0.06673636363636364,0.2727272727272727,0.18181818181818182,0.5454545454545454,-0.003238333333333329
2022-09-13,Consumer,19,0.2075315789473684,0.5263157894736842,0.10526315789473684,0.3684210526315789,0.18866866666666665
2022-09-13,Energy,20,0.30345,0.6,0.05,0.35,0.26301147619047616
2022-09-13,Financials,11,0.13304545454545452,0.5454545454545454,0.18181818181818182,0.2727272727272727,0.1389625
2022-09-13,Healthcare,13,0.08956923076923078,0.23076923076923078,0.15384615384615385,0.6153846153846154,0.05998666666666667
2022-09-13,Industrials,10,0.20716,0.4,0.1,0.5,0.31264375
2022-09-13,Materials,1,0.128,1.0,0.0,0.0,0.128
2022-09-13,RealEstate,8,0.144675,0.375,0.0,0.625,0.1181375
2022-09-13,Tech,26,0.06728076923076923,0.2692307692307692,0.11538461538461539,0.6153846153846154,0.025618333333333333
2022-09-13,Utilities,3,0.0086,0.0,0.0,1.0,0.0086
2022-09-14,Comm,11,0.10023636363636364,0.2727272727272727,0.0,0.7272727272727273,0.09342500000000001
2022-09-14,Consumer,32,0.149215625,0.4375,0.15625,0.40625,0.19535309523809524
2022-09-14,Energy,26,0.1219923076923077,0.38461538461538464,0.038461538461538464,0.5769230769230769,0.11739687500000001
2022-09-14,Financials,21,-0.024999999999999984,0.2857142857142857,0.2857142857142857,0.42857142857142855,-0.008446666666666658
2022-09-14,Healthcare,8,0.107475,0.375,0.125,0.5,-0.028837500000000002
2022-09-14,Industrials,14,0.11199285714285714,0.42857142857142855,0.14285714285714285,0.42857142857142855,0.10716875000000001
2022-09-14,Materials,12,0.09548333333333332,0.3333333333333333,0.0,0.6666666666666666,0.18231111111111112
2022-09-14,RealEstate,7,0.2305857142857143,0.5714285714285714,0.0,0.42857142857142855,0.21225000000000002
2022-09-14,Tech,24,0.08218750000000001,0.375,0.08333333333333333,0.5416666666666666,0.09731583333333334
2022-09-14,Utilities,4,0.3825,0.75,0.0,0.25,0.3314666666666667
2022-09-15,Comm,14,0.2035642857142857,0.42857142857142855,0.0,0.5714285714285714,0.1273216666666667
2022-09-15,Consumer,15,0.04136,0.2,0.06666666666666667,0.7333333333333333,0.06301428571428572
2022-09-15,Energy,24,0.24774583333333333,0.5416666666666666,0.0,0.4583333333333333,0.22320444444444446
2022-09-15,Financials,14,0.12282857142857143,0.6428571428571429,0.2857142857142857,0.07142857142857142,0.2824767857142857
2022-09-15,Healthcare,15,0.012253333333333331,0.3333333333333333,0.2,0.4666666666666667,-0.008235000000000003
2022-09-15,Industrials,8,-0.0191375,0.0,0.125,0.875,-0.0191375
2022-09-15,Materials,6,0.026933333333333337,0.16666666666666666,0.16666666666666666,0.6666666666666666,0.04337777777777777
2022-09-15,RealEstate,6,0.37283333333333335,0.8333333333333334,0.0,0.16666666666666666,0.316625
2022-09-15,Tech,41,-0.017126829268292683,0.17073170731707318,0.21951219512195122,0.6097560975609756,-0.007140478260869566
2022-09-15,Utilities,14,0.31579999999999997,0.9285714285714286,0.0,0.07142857142857142,0.29800166666666666
2022-09-16,Comm,9,0.20735555555555557,0.5555555555555556,0.0,0.4444444444444444,0.17531944444444444
2022-09-16,Consumer,12,0.19670833333333335,0.4166666666666667,0.08333333333333333,0.5,0.13598533333333335
2022-09-16,Energy,15,0.45847333333333334,0.8,0.06666666666666667,0.13333333333333333,0.495585
2022-09-16,Financials,13,0.032869230769230776,0.23076923076923078,0.15384615384615385,0.6153846153846154,0.100016
2022-09-16,Healthcare,13,0.0723,0.38461538461538464,0.3076923076923077,0.3076923076923077,0.12002416666666668
2022-09-16,Industrials,18,-0.20705555555555558,0.2777777777777778,0.6111111111111112,0.1111111111111111,0.20082941176470584
2022-09-16,Materials,2,0.0,0.0,0.0,1.0,0.0
2022-09-16,RealEstate,10,0.29779999999999995,0.7,0.0,0.3,0.2793325
2022-09-16,Tech,20,0.028005000000000002,0.35,0.25,0.4,0.053075714285714296
2022-09-16,Utilities,8,0.3237375,0.75,0.0,0.25,0.3941733333333334
2022-09-19,Comm,20,0.00398000000000001,0.2,0.15,0.65,0.046237045454545454
2022-09-19,Consumer,33,0.23763333333333334,0.5454545454545454,0.06060606060606061,0.3939393939393939,0.31008199999999997
2022-09-19,Energy,22,0.10404999999999999,0.36363636363636365,0.045454545454545456,0.5909090909090909,0.09387814285714287
2022-09-19,Financials,14,0.06551428571428572,0.2857142857142857,0.21428571428571427,0.5,0.06296333333333333
2022-09-19,Healthcare,21,0.033490476190476196,0.2857142857142857,0.14285714285714285,0.5714285714285714,0.015823809523809525
2022-09-19,Industrials,14,0.2710571428571429,0.6428571428571429,0.14285714285714285,0.21428571428571427,0.29500198412698414
2022-09-19,Materials,6,-0.14613333333333334,0.16666666666666666,0.5,0.3333333333333333,-0.10345
2022-09-19,RealEstate,7,0.2062,0.5714285714285714,0.0,0.42857142857142855,0.25734666666666667
2022-09-19,Tech,27,0.08246666666666666,0.2962962962962963,0.18518518518518517,0.5185185185185185,0.09093066666666666
2022-09-19,Utilities,8,0.1881375,0.625,0.0,0.375,0.22746
2022-09-20,Comm,7,0.12414285714285714,0.42857142857142855,0.0,0.5714285714285714,0.09224375000000001
2022-09-20,Consumer,19,-0.010157894736842109,0.21052631578947367,0.2631578947368421,0.5263157894736842,0.027582857142857138
2022-09-20,Energy,9,0.2977333333333333,0.5555555555555556,0.0,0.4444444444444444,0.22261999999999998
2022-09-20,Financials,14,-0.017528571428571425,0.21428571428571427,0.35714285714285715,0.42857142857142855,0.010870416666666674
2022-09-20,Healthcare,12,-0.07704166666666667,0.25,0.4166666666666667,0.3333333333333333,0.03146785714285716
2022-09-20,Industrials,10,0.16541999999999998,0.4,0.0,0.6,0.13586666666666666
2022-09-20,RealEstate,7,0.2302,0.7142857142857143,0.0,0.2857142857142857,0.22997083333333335
2022-09-20,Tech,21,0.1057857142857143,0.38095238095238093,0.19047619047619047,0.42857142857142855,0.08809869047619048
2022-09-20,Utilities,6,0.11346666666666666,0.3333333333333333,0.0,0.6666666666666666,0.0851
2022-09-21,Comm,13,0.20746153846153847,0.46153846153846156,0.0,0.5384615384615384,0.14043199999999997
2022-09-21,Consumer,16,0.168225,0.5,0.0,0.5,0.14027777777777778
2022-09-21,Energy,14,0.2362,0.5714285714285714,0.07142857142857142,0.35714285714285715,0.30465625
2022-09-21,Financials,10,-0.01788,0.2,0.2,0.6,0.028435
2022-09-21,Healthcare,7,-0.0808857142857143,0.0,0.2857142857142857,0.7142857142857143,-0.08621999999999999
2022-09-21,Industrials,7,0.0677,0.2857142857142857,0.0,0.7142857142857143,0.07903333333333333
2022-09-21,Materials,6,0.05666666666666667,0.16666666666666666,0.0,0.8333333333333334,0.0425
2022-09-21,RealEstate,8,0.065825,0.25,0.125,0.625,0.065825
2022-09-21,Tech,23,0.0735304347826087,0.30434782608695654,0.13043478260869565,0.5652173913043478,0.03157551282051283
2022-09-21,Utilities,2,0.3902,1.0,0.0,0.0,0.3902
2022-09-22,Comm,9,0.1312111111111111,0.4444444444444444,0.2222222222222222,0.3333333333333333,0.05356000000000001
2022-09-22,Consumer,25,0.11331200000000001,0.36,0.2,0.44,0.17846171428571428
2022-09-22,Energy,10,0.17004000000000002,0.5,0.0,0.5,0.13821666666666665
2022-09-22,Financials,15,-0.03968,0.26666666666666666,0.4,0.3333333333333333,-0.043146666666666667
2022-09-22,Healthcare,15,0.15237333333333333,0.3333333333333333,0.13333333333333333,0.5333333333333333,0.16976666666666668
2022-09-22,Industrials,12,0.020250000000000008,0.16666666666666666,0.08333333333333333,0.75,-0.018159166666666657
2022-09-22,Materials,7,0.22314285714285712,0.42857142857142855,0.0,0.5714285714285714,0.21305833333333332
2022-09-22,RealEstate,6,-0.009633333333333327,0.16666666666666666,0.5,0.3333333333333333,-0.05183
2022-09-22,Tech,22,0.15648636363636365,0.5909090909090909,0.13636363636363635,0.2727272727272727,0.1434662857142857
2022-09-22,Utilities,14,0.09448571428571428,0.35714285714285715,0.07142857142857142,0.5714285714285714,0.14293958333333334
2022-09-23,Comm,13,0.23448461538461537,0.5384615384615384,0.0,0.46153846153846156,0.16743999999999998
2022-09-23,Consumer,19,-0.04885263157894737,0.05263157894736842,0.21052631578947367,0.7368421052631579,-0.04957666666666667
2022-09-23,Energy,18,-0.05507777777777778,0.2777777777777778,0.2777777777777778,0.4444444444444444,-0.07019312500000001
2022-09-23,Financials,12,0.14266666666666666,0.4166666666666667,0.08333333333333333,0.5,0.09322666666666665
2022-09-23,Healthcare,11,0.1429181818181818,0.36363636363636365,0.09090909090909091,0.5454545454545454,0.1109
2022-09-23,Industrials,7,0.1960714285714286,0.42857142857142855,0.0,0.5714285714285714,0.09150000000000001
2022-09-23,Materials,8,0.19595,0.375,0.0,0.625,0.17688333333333334
2022-09-23,RealEstate,5,0.1358,0.4,0.0,0.6,0.07544444444444445
2022-09-23,Tech,20,0.050249999999999996,0.25,0.15,0.6,0.02783228571428572
2022-09-23,Utilities,5,0.23782,0.8,0.0,0.2,0.19818333333333335
2022-09-26,Comm,14,0.10884285714285714,0.42857142857142855,0.07142857142857142,0.5,0.10272333333333335
2022-09-26,Consumer,27,0.18637407407407405,0.4444444444444444,0.037037037037037035,0.5185185185185185,0.19545261904761904
2022-09-26,Energy,17,0.09468823529411766,0.6470588235294118,0.23529411764705882,0.11764705882352941,0.09926041666666668
2022-09-26,Financials,16,0.1619,0.375,0.0625,0.5625,0.18393866666666664
2022-09-26,Healthcare,13,0.09397692307692308,0.38461538461538464,0.23076923076923078,0.38461538461538464,0.015480000000000002
2022-09-26,Industrials,10,-0.07342,0.3,0.3,0.4,-0.0005812499999999967
2022-09-26,Materials,5,0.16124,0.4,0.0,0.6,0.16513333333333335
2022-09-26,RealEstate,15,0.10628,0.3333333333333333,0.06666666666666667,0.6,0.07312142857142859
2022-09-26,Tech,26,0.07450384615384616,0.3076923076923077,0.11538461538461539,0.5769230769230769,0.08646011904761904
2022-09-26,Utilities,11,0.5173181818181818,1.0,0.0,0.0,0.57756
2022-09-27,Comm,13,0.2199307692307692,0.46153846153846156,0.0,0.5384615384615384,0.20731875
2022-09-27,Consumer,12,0.03893333333333333,0.16666666666666666,0.16666666666666666,0.6666666666666666,0.018224999999999998
2022-09-27,Energy,10,-0.11121,0.1,0.3,0.6,-0.05295714285714286
2022-09-27,Financials,20,-0.002974999999999994,0.2,0.25,0.55,0.0449426388888889
2022-09-27,Healthcare,11,0.1728909090909091,0.45454545454545453,0.0,0.5454545454545454,0.16542166666666666
2022-09-27,Industrials,6,0.008199999999999999,0.16666666666666666,0.16666666666666666,0.6666666666666666,0.054675
2022-09-27,Materials,2,0.0,0.0,0.0,1.0,0.0
2022-09-27,RealEstate,4,0.31210000000000004,0.5,0.0,0.5,0.31421666666666664
2022-09-27,Tech,29,0.17852068965517243,0.5172413793103449,0.06896551724137931,0.41379310344827586,0.18781806349206348
2022-09-27,Utilities,6,0.07925,0.3333333333333333,0.0,0.6666666666666666,0.12478333333333334
2022-09-28,Comm,15,0.15296,0.4,0.13333333333333333,0.4666666666666667,0.126195
2022-09-28,Consumer,21,0.020747619047619043,0.23809523809523808,0.23809523809523808,0.5238095238095238,0.060516190476190466
2022-09-28,Energy,20,0.27267,0.7,0.0,0.3,0.22659791666666665
2022-09-28,Financials,17,0.10387058823529412,0.4117647058823529,0.17647058823529413,0.4117647058823529,0.14922222222222223
2022-09-28,Healthcare,11,0.17445454545454545,0.5454545454545454,0.09090909090909091,0.36363636363636365,0.14720499999999997
2022-09-28,Industrials,5,0.04488,0.4,0.4,0.2,0.017911111111111124
2022-09-28,Materials,6,0.0817,0.16666666666666666,0.16666666666666666,0.6666666666666666,-0.016783333333333327
2022-09-28,RealEstate,7,-0.02612857142857142,0.2857142857142857,0.2857142857142857,0.42857142857142855,-0.08837916666666666
2022-09-28,Tech,38,0.0020421052631578933,0.3157894736842105,0.2631578947368421,0.42105263157894735,-0.012209844155844151
2022-09-28,Utilities,10,-0.08403999999999999,0.1,0.5,0.4,-0.04951666666666665
2022-09-29,Comm,11,0.16773636363636363,0.36363636363636365,0.18181818181818182,0.45454545454545453,0.06645416666666668
2022-09-29,Consumer,36,0.10903888888888888,0.2777777777777778,0.05555555555555555,0.6666666666666666,0.12367428571428571
2022-09-29,Energy,16,0.1700125,0.5,0.0,0.5,0.1811775
2022-09-29,Financials,23,0.05245652173913044,0.21739130434782608,0.13043478260869565,0.6521739130434783,0.10194055555555555
2022-09-29,Healthcare,5,0.16065999999999997,0.4,0.0,0.6,0.20082499999999998
2022-09-29,Industrials,6,0.07626666666666666,0.16666666666666666,0.0,0.8333333333333334,0.0572
2022-09-29,Materials,1,0.0,0.0,0.0,1.0,0.0
2022-09-29,RealEstate,1,0.0,0.0,0.0,1.0,0.0
2022-09-29,Tech,38,0.04643684210526315,0.21052631578947367,0.10526315789473684,0.6842105263157895,0.0904715
2022-09-29,Utilities,1,0.3818,1.0,0.0,0.0,0.3818
2022-09-30,Comm,6,0.05098333333333333,0.3333333333333333,0.0,0.6666666666666666,0.025491666666666666
2022-09-30,Consumer,37,0.07134054054054054,0.24324324324324326,0.21621621621621623,0.5405405405405406,0.18351712121212121
2022-09-30,Energy,12,0.23411666666666667,0.5833333333333334,0.0,0.4166666666666667,0.28570873015873016
2022-09-30,Financials,7,0.2699857142857143,0.42857142857142855,0.0,0.5714285714285714,0.3894111111111111
2022-09-30,Healthcare,6,0.0,0.0,0.0,1.0,0.0
2022-09-30,Industrials,3,0.1468,0.3333333333333333,0.0,0.6666666666666666,0.1468
2022-09-30,Materials,6,0.0,0.0,0.0,1.0,0.0
2022-09-30,RealEstate,3,0.3256333333333334,0.6666666666666666,0.0,0.3333333333333333,0.40345000000000003
2022-09-30,Tech,11,-0.09451818181818185,0.2727272727272727,0.36363636363636365,0.36363636363636365,-0.1387766666666667
2022-09-30,Utilities,3,0.0593,0.3333333333333333,0.0,0.6666666666666666,0.0593
2022-10-03,Comm,13,0.20339230769230768,0.46153846153846156,0.07692307692307693,0.46153846153846156,0.24489099999999997
2022-10-03,Consumer,30,0.11026666666666667,0.3333333333333333,0.06666666666666667,0.6,0.11644590476190478
2022-10-03,Energy,33,0.11441818181818182,0.2727272727272727,0.12121212121212122,0.6060606060606061,0.09041141025641025
2022-10-03,Financials,12,0.2685666666666667,0.6666666666666666,0.16666666666666666,0.16666666666666666,0.2817225
2022-10-03,Healthcare,16,0.05486250000000001,0.3125,0.25,0.4375,0.04760000000000001
2022-10-03,Industrials,8,0.1714625,0.5,0.0,0.5,0.2319
2022-10-03,Materials,5,0.08706,0.4,0.2,0.4,0.11808333333333333
2022-10-03,RealEstate,4,0.386425,1.0,0.0,0.0,0.386425
2022-10-03,Tech,27,0.3062037037037037,0.7777777777777778,0.037037037037037035,0.18518518518518517,0.30926488095238097
2022-10-03,Utilities,7,0.1231,0.2857142857142857,0.0,0.7142857142857143,0.08222499999999999
2022-10-04,Comm,6,0.0639,0.5,0.16666666666666666,0.3333333333333333,0.11383999999999998
2022-10-04,Consumer,15,-0.015753333333333328,0.26666666666666666,0.2,0.5333333333333333,-0.011166666666666668
2022-10-04,Energy,14,0.11922857142857143,0.2857142857142857,0.14285714285714285,0.5714285714285714,0.11354375000000001
2022-10-04,Financials,21,0.33864285714285713,0.6190476190476191,0.047619047619047616,0.3333333333333333,0.30048184523809524
2022-10-04,Healthcare,6,-0.07905,0.0,0.3333333333333333,0.6666666666666666,-0.08459
2022-10-04,Industrials,5,0.05676000000000001,0.6,0.2,0.2,0.0456625
2022-10-04,Materials,2,0.3825,0.5,0.0,0.5,0.3825
2022-10-04,RealEstate,8,0.240425,0.625,0.125,0.25,0.33353
2022-10-04,Tech,25,0.158664,0.4,0.08,0.52,0.1498364935064935
2022-10-04,Utilities,10,0.13498,0.4,0.1,0.5,0.11873124999999998
2022-10-05,Comm,5,0.23368000000000003,0.4,0.0,0.6,0.313
2022-10-05,Consumer,16,0.0838625,0.3125,0.0625,0.625,0.05573066666666667
2022-10-05,Energy,29,0.1775551724137931,0.5172413793103449,0.06896551724137931,0.41379310344827586,0.2191266666666667
2022-10-05,Financials,11,0.14754545454545454,0.45454545454545453,0.09090909090909091,0.45454545454545453,0.15582916666666666
2022-10-05,Healthcare,7,0.10311428571428571,0.2857142857142857,0.0,0.7142857142857143,0.09908888888888889
2022-10-05,Industrials,7,0.27740000000000004,0.5714285714285714,0.0,0.42857142857142855,0.3094222222222222
2022-10-05,Materials,4,0.069875,0.5,0.0,0.5,0.09316666666666668
2022-10-05,RealEstate,10,0.24042,0.5,0.0,0.5,0.27059999999999995
2022-10-05,Tech,27,0.10651111111111111,0.48148148148148145,0.18518518518518517,0.3333333333333333,0.11293427777777779
2022-10-05,Utilities,7,0.2774,0.8571428571428571,0.14285714285714285,0.0,0.22012
2022-10-06,Comm,11,0.1397909090909091,0.5454545454545454,0.18181818181818182,0.2727272727272727,0.09976875
2022-10-06,Consumer,24,0.13975833333333335,0.4583333333333333,0.041666666666666664,0.5,0.17427222222222222
2022-10-06,Energy,28,0.12091071428571429,0.2857142857142857,0.03571428571428571,0.6785714285714286,0.137495
2022-10-06,Financials,19,0.06455263157894736,0.3684210526315789,0.21052631578947367,0.42105263157894735,0.10615523809523811
2022-10-06,Healthcare,4,-0.2632,0.0,0.5,0.5,-0.37960000000000005
2022-10-06,Industrials,5,0.13502,0.4,0.0,0.6,0.15805
2022-10-06,Materials,5,-0.15272,0.0,0.4,0.6,-0.1909
2022-10-06,RealEstate,4,0.0,0.0,0.0,1.0,0.0
2022-10-06,Tech,24,-0.06509583333333334,0.25,0.3333333333333333,0.4166666666666667,-0.0929625
2022-10-06,Utilities,7,0.14232857142857142,0.2857142857142857,0.0,0.7142857142857143,0.1245375
2022-10-07,Comm,7,0.2044857142857143,0.42857142857142855,0.0,0.5714285714285714,0.15904444444444446
2022-10-07,Consumer,21,-0.021657142857142857,0.19047619047619047,0.23809523809523808,0.5714285714285714,0.01323333333333333
2022-10-07,Energy,20,0.217915,0.65,0.0,0.35,0.26992971428571433
2022-10-07,Financials,15,0.1307,0.4666666666666667,0.06666666666666667,0.4666666666666667,0.11608500000000002
2022-10-07,Healthcare,6,0.13193333333333332,0.3333333333333333,0.0,0.6666666666666666,0.09895
2022-10-07,Industrials,9,0.07146666666666666,0.3333333333333333,0.1111111111111111,0.5555555555555556,0.020768749999999996
2022-10-07,Materials,2,-0.11315,0.0,0.5,0.5,-0.11315
2022-10-07,RealEstate,10,0.08586999999999999,0.3,0.4,0.3,0.05740624999999999
2022-10-07,Tech,65,0.06722615384615384,0.38461538461538464,0.2923076923076923,0.3230769230769231,0.0563086842105263
2022-10-07,Utilities,8,0.24523749999999997,0.5,0.0,0.5,0.2694833333333333
2022-10-10,Comm,5,0.0,0.0,0.0,1.0,0.0
2022-10-10,Consumer,29,0.13162068965517243,0.41379310344827586,0.10344827586206896,0.4827586206896552,0.13132928571428573
2022-10-10,Energy,26,0.0959423076923077,0.5384615384615384,0.15384615384615385,0.3076923076923077,0.13325833333333334
2022-10-10,Financials,26,0.04836538461538461,0.2692307692307692,0.07692307692307693,0.6538461538461539,0.10799600000000001
2022-10-10,Healthcare,18,0.34629444444444446,0.7777777777777778,0.0,0.2222222222222222,0.326336
2022-10-10,Industrials,6,0.1628166666666667,0.3333333333333333,0.0,0.6666666666666666,0.138075
2022-10-10,Materials,6,0.1241,0.5,0.0,0.5,0.09469000000000001
2022-10-10,RealEstate,13,0.09285384615384616,0.3076923076923077,0.0,0.6923076923076923,0.10796999999999998
2022-10-10,Tech,38,0.06544473684210526,0.4473684210526316,0.13157894736842105,0.42105263157894735,0.07669666666666666
2022-10-10,Utilities,3,0.4289666666666667,1.0,0.0,0.0,0.45730000000000004
2022-10-11,Comm,10,0.09419000000000001,0.3,0.0,0.7,0.07178444444444444
2022-10-11,Consumer,9,0.25920000000000004,0.6666666666666666,0.0,0.3333333333333333,0.26193333333333335
2022-10-11,Energy,11,0.11309999999999999,0.6363636363636364,0.2727272727272727,0.09090909090909091,0.16493833333333335
2022-10-11,Financials,21,-0.27490476190476193,0.0,0.5714285714285714,0.42857142857142855,-0.283775
2022-10-11,Healthcare,26,0.16473846153846153,0.5,0.15384615384615385,0.34615384615384615,0.22581185714285718
2022-10-11,Industrials,5,0.28212000000000004,0.8,0.0,0.2,0.2917666666666667
2022-10-11,Materials,4,0.0,0.0,0.0,1.0,0.0
2022-10-11,RealEstate,3,-0.013233333333333338,0.3333333333333333,0.3333333333333333,0.3333333333333333,-0.013233333333333338
2022-10-11,Tech,20,-0.005499999999999998,0.2,0.3,0.5,-0.022358333333333334
2022-10-11,Utilities,3,0.2722333333333333,0.6666666666666666,0.0,0.3333333333333333,0.2722333333333333
2022-10-12,Comm,8,0.1382,0.625,0.0,0.375,0.13851
2022-10-12,Consumer,20,0.17721,0.45,0.0,0.55,0.1837997619047619
2022-10-12,Energy,20,0.129165,0.4,0.15,0.45,0.20330807692307692
2022-10-12,Financials,12,-0.06375,0.08333333333333333,0.25,0.6666666666666666,-0.024603333333333338
2022-10-12,Healthcare,21,0.11267619047619049,0.3333333333333333,0.09523809523809523,0.5714285714285714,0.10256145833333333
2022-10-12,Industrials,3,0.4334,0.6666666666666666,0.0,0.3333333333333333,0.4334
2022-10-12,Materials,1,0.34,1.0,0.0,0.0,0.34
2022-10-12,RealEstate,3,0.2083,0.3333333333333333,0.0,0.6666666666666666,0.156225
2022-10-12,Tech,34,-0.05774999999999999,0.2647058823529412,0.2647058823529412,0.47058823529411764,-0.029268888888888872
2022-10-12,Utilities,6,0.045533333333333335,0.16666666666666666,0.0,0.8333333333333334,0.022766666666666668
2022-10-13,Comm,8,-0.1495,0.125,0.375,0.5,-0.14465625
2022-10-13,Consumer,18,0.09868888888888888,0.3888888888888889,0.2222222222222222,0.3888888888888889,0.022599999999999988
2022-10-13,Energy,19,0.06403157894736843,0.47368421052631576,0.21052631578947367,0.3157894736842105,0.10111555555555556
2022-10-13,Financials,17,0.03291764705882354,0.23529411764705882,0.17647058823529413,0.5882352941176471,0.048717333333333335
2022-10-13,Healthcare,9,-0.19929999999999998,0.0,0.4444444444444444,0.5555555555555556,-0.23704999999999998
2022-10-13,Industrials,6,0.13205,0.3333333333333333,0.0,0.6666666666666666,0.0990375
2022-10-13,Materials,5,0.08038,0.2,0.0,0.8,0.0502375
2022-10-13,RealEstate,1,0.0,0.0,0.0,1.0,0.0
2022-10-13,Tech,29,0.007965517241379312,0.27586206896551724,0.20689655172413793,0.5172413793103449,0.002154999999999997
2022-10-13,Utilities,2,0.1366,0.5,0.0,0.5,0.1366
2022-10-14,Comm,4,0.0,0.0,0.0,1.0,0.0
2022-10-14,Consumer,19,0.013799999999999996,0.3157894736842105,0.2631578947368421,0.42105263157894735,-0.031166666666666676
2022-10-14,Energy,28,0.17625,0.35714285714285715,0.07142857142857142,0.5714285714285714,0.11390866666666666
2022-10-14,Financials,66,0.11383333333333333,0.3939393939393939,0.07575757575757576,0.5303030303030303,0.13777425787106448
2022-10-14,Healthcare,11,0.1488636363636364,0.5454545454545454,0.09090909090909091,0.36363636363636365,0.17491333333333334
2022-10-14,Industrials,8,0.0896875,0.25,0.0,0.75,0.16516666666666666
2022-10-14,Materials,2,0.0,0.0,0.0,1.0,0.0
2022-10-14,RealEstate,2,-0.020899999999999974,0.5,0.5,0.0,-0.020899999999999974
2022-10-14,Tech,17,0.07629411764705882,0.17647058823529413,0.0,0.8235294117647058,0.07374
2022-10-14,Utilities,6,0.19233333333333333,0.5,0.0,0.5,0.2151
2022-10-17,Comm,10,0.27795000000000003,0.7,0.0,0.3,0.25137
2022-10-17,Consumer,24,0.06767916666666667,0.25,0.16666666666666666,0.5833333333333334,0.09302980952380953
2022-10-17,Energy,20,0.069645,0.35,0.2,0.45,0.07120083333333334
2022-10-17,Financials,33,0.10611515151515152,0.36363636363636365,0.12121212121212122,0.5151515151515151,0.12281533333333335
2022-10-17,Healthcare,13,0.11683846153846153,0.46153846153846156,0.0,0.5384615384615384,0.120345
2022-10-17,Industrials,6,-0.06193333333333333,0.0,0.16666666666666666,0.8333333333333334,-0.0929
2022-10-17,Materials,5,0.013760000000000005,0.2,0.2,0.6,-0.13074999999999998
2022-10-17,RealEstate,9,0.2638666666666667,0.6666666666666666,0.1111111111111111,0.2222222222222222,0.06738500000000003
2022-10-17,Tech,24,0.059087499999999994,0.25,0.16666666666666666,0.5833333333333334,0.061792
2022-10-17,Utilities,9,-0.047466666666666664,0.1111111111111111,0.3333333333333333,0.5555555555555556,-0.09354
2022-10-18,Comm,15,0.1471,0.4,0.0,0.6,0.1565
2022-10-18,Consumer,19,0.07836315789473684,0.42105263157894735,0.21052631578947367,0.3684210526315789,0.06945333333333334
2022-10-18,Energy,17,-0.04814117647058823,0.29411764705882354,0.4117647058823529,0.29411764705882354,-0.016618749999999998
2022-10-18,Financials,40,0.1976925,0.425,0.075,0.5,0.10424
2022-10-18,Healthcare,13,0.05318461538461539,0.23076923076923078,0.07692307692307693,0.6923076923076923,0.01213000000000002
2022-10-18,Industrials,12,0.138725,0.4166666666666667,0.08333333333333333,0.5,0.11238124999999999
2022-10-18,Materials,6,0.13493333333333335,0.3333333333333333,0.0,0.6666666666666666,0.11086666666666667
2022-10-18,RealEstate,7,0.028900000000000002,0.14285714285714285,0.0,0.8571428571428571,0.016858333333333333
2022-10-18,Tech,32,0.123965625,0.40625,0.1875,0.40625,0.13744
2022-10-18,Utilities,3,0.4255,1.0,0.0,0.0,0.4255
2022-10-19,Comm,13,0.12511538461538463,0.46153846153846156,0.15384615384615385,0.38461538461538464,-0.07231666666666665
2022-10-19,Consumer,19,0.23653684210526316,0.5263157894736842,0.05263157894736842,0.42105263157894735,0.169599
2022-10-19,Energy,16,0.06076249999999999,0.25,0.3125,0.4375,0.15616066666666667
2022-10-19,Financials,27,0.033822222222222226,0.2962962962962963,0.2222222222222222,0.48148148148148145,0.07913333333333332
2022-10-19,Healthcare,22,0.050045454545454546,0.2727272727272727,0.13636363636363635,0.5909090909090909,0.05185714285714286
2022-10-19,Industrials,4,-0.14632499999999998,0.25,0.5,0.25,0.02971666666666667
2022-10-19,Materials,4,0.0,0.0,0.0,1.0,0.0
2022-10-19,RealEstate,12,0.12180000000000002,0.25,0.0,0.75,0.10345000000000001
2022-10-19,Tech,17,-0.061470588235294124,0.11764705882352941,0.29411764705882354,0.5882352941176471,-0.09869666666666668
2022-10-19,Utilities,6,0.05734999999999999,0.3333333333333333,0.16666666666666666,0.5,-0.0050416666666666665
2022-10-20,Comm,24,0.076425,0.3333333333333333,0.20833333333333334,0.4583333333333333,-0.004422222222222226
2022-10-20,Consumer,20,0.196385,0.5,0.1,0.4,0.19209266666666666
2022-10-20,Energy,19,0.05693684210526316,0.3684210526315789,0.10526315789473684,0.5263157894736842,0.130947
2022-10-20,Financials,11,0.07056363636363637,0.2727272727272727,0.09090909090909091,0.6363636363636364,0.04755416666666667
2022-10-20,Healthcare,16,0.0650375,0.25,0.125,0.625,0.05519533333333333
2022-10-20,Industrials,9,0.18213333333333334,0.4444444444444444,0.0,0.5555555555555556,0.16829166666666667
2022-10-20,Materials,14,0.056964285714285724,0.2857142857142857,0.14285714285714285,0.5714285714285714,0.022308333333333336
2022-10-20,RealEstate,6,0.13396666666666665,0.3333333333333333,0.0,0.6666666666666666,0.20095
2022-10-20,Tech,16,0.19240000000000002,0.375,0.0,0.625,0.20392000000000002
2022-10-20,Utilities,8,0.1305875,0.5,0.0,0.5,0.12504666666666667
2022-10-21,Comm,13,0.07823076923076924,0.46153846153846156,0.0,0.5384615384615384,0.14178055555555558
2022-10-21,Consumer,15,0.06076,0.3333333333333333,0.13333333333333333,0.5333333333333333,0.05063333333333333
2022-10-21,Energy,33,0.16580303030303029,0.48484848484848486,0.030303030303030304,0.48484848484848486,0.09009577777777777
2022-10-21,Financials,14,-0.04089285714285714,0.14285714285714285,0.21428571428571427,0.6428571428571429,-0.04770833333333334
2022-10-21,Healthcare,11,0.09743636363636363,0.5454545454545454,0.2727272727272727,0.18181818181818182,0.11581599999999999
2022-10-21,Industrials,6,0.25155,0.6666666666666666,0.0,0.3333333333333333,0.25155
2022-10-21,Materials,3,0.14636666666666667,0.3333333333333333,0.0,0.6666666666666666,0.21955
2022-10-21,RealEstate,10,0.35021,1.0,0.0,0.0,0.300555
2022-10-21,Tech,21,0.039357142857142854,0.23809523809523808,0.047619047619047616,0.7142857142857143,0.026856
2022-10-21,Utilities,12,0.1183,0.4166666666666667,0.08333333333333333,0.5,0.11818499999999998
2022-10-24,Comm,14,0.17791428571428572,0.42857142857142855,0.0,0.5714285714285714,0.17010625
2022-10-24,Consumer,28,0.12289642857142857,0.32142857142857145,0.03571428571428571,0.6428571428571429,0.120034
2022-10-24,Energy,32,0.13296875,0.4375,0.0625,0.5,0.08828255555555556
2022-10-24,Financials,14,0.022299999999999997,0.2857142857142857,0.07142857142857142,0.6428571428571429,-0.09863888888888889
2022-10-24,Healthcare,11,0.043736363636363636,0.18181818181818182,0.09090909090909091,0.7272727272727273,0.05149
2022-10-24,Industrials,20,0.17479499999999998,0.45,0.05,0.5,0.12465277777777778
2022-10-24,Materials,8,0.11028750000000001,0.375,0.0,0.625,0.14435833333333334
2022-10-24,RealEstate,12,0.21339166666666665,0.5833333333333334,0.0,0.4166666666666667,0.25793
2022-10-24,Tech,22,-0.0023636363636363633,0.18181818181818182,0.22727272727272727,0.5909090909090909,-0.0023473809523809524
2022-10-24,Utilities,8,0.2076375,0.625,0.25,0.125,0.22193999999999997
2022-10-25,Comm,19,0.13353157894736842,0.3157894736842105,0.0,0.6842105263157895,0.07677111111111111
2022-10-25,Consumer,33,0.06357878787878789,0.30303030303030304,0.09090909090909091,0.6060606060606061,0.05301
2022-10-25,Energy,9,0.06193333333333336,0.4444444444444444,0.2222222222222222,0.3333333333333333,0.12137000000000002
2022-10-25,Financials,18,0.19228333333333333,0.4444444444444444,0.05555555555555555,0.5,0.19183729166666666
2022-10-25,Healthcare,14,0.057114285714285715,0.21428571428571427,0.07142857142857142,0.7142857142857143,0.049883333333333335
2022-10-25,Industrials,37,0.0321972972972973,0.2972972972972973,0.2972972972972973,0.40540540540540543,0.04207161172161172
2022-10-25,Materials,5,0.14258,0.4,0.0,0.6,0.1926777777777778
2022-10-25,RealEstate,7,0.06537142857142857,0.14285714285714285,0.0,0.8571428571428571,0.09152
2022-10-25,Tech,17,-0.03109411764705882,0.4117647058823529,0.35294117647058826,0.23529411764705882,-0.02600249999999999
2022-10-25,Utilities,10,0.12496,0.5,0.1,0.4,0.10206666666666667
2022-10-26,Comm,6,0.02545,0.16666666666666666,0.16666666666666666,0.6666666666666666,0.02545
2022-10-26,Consumer,18,0.09587222222222222,0.2777777777777778,0.0,0.7222222222222222,0.06580916666666667
2022-10-26,Energy,16,0.07595625,0.375,0.125,0.5,0.02079
2022-10-26,Financials,17,0.08086470588235295,0.47058823529411764,0.17647058823529413,0.35294117647058826,0.13424242424242425
2022-10-26,Healthcare,12,0.07991666666666668,0.3333333333333333,0.08333333333333333,0.5833333333333334,0.08175277777777777
2022-10-26,Industrials,13,0.06452307692307692,0.3076923076923077,0.07692307692307693,0.6153846153846154,0.03804333333333333
2022-10-26,Materials,2,0.0,0.0,0.0,1.0,0.0
2022-10-26,RealEstate,10,0.11719000000000002,0.4,0.0,0.6,0.0858875
2022-10-26,Tech,13,0.2656230769230769,0.5384615384615384,0.07692307692307693,0.38461538461538464,0.27627999999999997
2022-10-26,Utilities,7,0.1781,0.42857142857142855,0.0,0.5714285714285714,0.16080833333333333
2022-10-27,Comm,20,0.17565,0.4,0.05,0.55,0.26376166666666667
2022-10-27,Consumer,20,0.090285,0.35,0.15,0.5,0.06421416666666666
2022-10-27,Energy,26,0.16336923076923077,0.38461538461538464,0.23076923076923078,0.38461538461538464,0.1154789090909091
2022-10-27,Financials,17,0.17120000000000002,0.47058823529411764,0.11764705882352941,0.4117647058823529,0.19666066666666668
2022-10-27,Healthcare,23,0.20995217391304347,0.5652173913043478,0.08695652173913043,0.34782608695652173,0.1951702922077922
2022-10-27,Industrials,22,0.19357727272727274,0.5909090909090909,0.13636363636363635,0.2727272727272727,0.2708027777777778
2022-10-27,Materials,5,0.08038,0.2,0.0,0.8,0.13396666666666665
2022-10-27,RealEstate,13,-0.002507692307692309,0.15384615384615385,0.23076923076923078,0.6153846153846154,-0.005024000000000001
2022-10-27,Tech,36,0.021041666666666667,0.19444444444444445,0.1388888888888889,0.6666666666666666,0.01415511111111111
2022-10-27,Utilities,15,0.12206,0.4666666666666667,0.13333333333333333,0.4,0.09596666666666667
2022-10-28,Comm,11,0.0737909090909091,0.2727272727272727,0.2727272727272727,0.45454545454545453,0.1270464285714286
2022-10-28,Consumer,18,0.09063333333333333,0.3333333333333333,0.1111111111111111,0.5555555555555556,0.044164
2022-10-28,Energy,47,0.2386872340425532,0.5957446808510638,0.0425531914893617,0.3617021276595745,0.12420655555555556
2022-10-28,Financials,9,-0.00013333333333333098,0.2222222222222222,0.2222222222222222,0.5555555555555556,0.029960000000000004
2022-10-28,Healthcare,24,0.11539166666666667,0.375,0.16666666666666666,0.4583333333333333,0.00938888888888888
2022-10-28,Industrials,5,0.17479999999999998,0.4,0.2,0.4,0.19216249999999999
2022-10-28,Materials,2,0.0,0.0,0.0,1.0,0.0
2022-10-28,RealEstate,3,0.0,0.0,0.0,1.0,0.0
2022-10-28,Tech,33,0.09733333333333334,0.45454545454545453,0.18181818181818182,0.36363636363636365,0.08755189393939393
2022-10-28,Utilities,12,0.28465,0.8333333333333334,0.16666666666666666,0.0,0.18228333333333332
2022-10-31,Comm,8,0.2394625,0.5,0.0,0.5,0.271605
2022-10-31,Consumer,30,0.12828,0.3333333333333333,0.13333333333333333,0.5333333333333333,0.06973016666666668
2022-10-31,Energy,40,0.1217175,0.375,0.125,0.5,0.11650491666666667
2022-10-31,Financials,15,0.15689333333333336,0.4,0.0,0.6,0.21303999999999998
2022-10-31,Healthcare,5,0.0,0.0,0.0,1.0,0.0
2022-10-31,Industrials,8,0.1754375,0.25,0.0,0.75,0.18771666666666667
2022-10-31,Materials,1,0.0,0.0,0.0,1.0,0.0
2022-10-31,RealEstate,13,0.21025384615384615,0.46153846153846156,0.07692307692307693,0.46153846153846156,0.19326714285714286
2022-10-31,Tech,25,0.100144,0.36,0.08,0.56,0.13955349999999997
2022-10-31,Utilities,8,0.3438375,0.75,0.0,0.25,0.3995866666666667
2022-11-01,Comm,13,0.06061538461538461,0.23076923076923078,0.15384615384615385,0.6153846153846154,0.14109687499999998
2022-11-01,Consumer,17,0.11568823529411765,0.47058823529411764,0.17647058823529413,0.35294117647058826,0.05618500000000002
2022-11-01,Energy,21,0.2278904761904762,0.47619047619047616,0.14285714285714285,0.38095238095238093,0.10613198051948053
2022-11-01,Financials,9,0.12175555555555556,0.7777777777777778,0.2222222222222222,0.0,0.04752916666666668
2022-11-01,Healthcare,13,0.19469999999999998,0.5384615384615384,0.15384615384615385,0.3076923076923077,0.13551666666666667
2022-11-01,Industrials,3,0.11333333333333334,0.3333333333333333,0.0,0.6666666666666666,0.11333333333333334
2022-11-01,Materials,6,-0.05271666666666667,0.16666666666666666,0.3333333333333333,0.5,-0.0395375
2022-11-01,RealEstate,7,0.057800000000000004,0.2857142857142857,0.0,0.7142857142857143,0.042145833333333334
2022-11-01,Tech,29,0.11281034482758621,0.5172413793103449,0.10344827586206896,0.3793103448275862,0.10052133333333332
2022-11-01,Utilities,2,0.4153,1.0,0.0,0.0,0.4153
2022-11-02,Comm,7,-0.010214285714285723,0.5714285714285714,0.2857142857142857,0.14285714285714285,0.0271375
2022-11-02,Consumer,19,0.27494736842105266,0.631578947368421,0.05263157894736842,0.3157894736842105,0.27115433333333333
2022-11-02,Energy,24,0.19863750000000002,0.5416666666666666,0.16666666666666666,0.2916666666666667,0.24664961904761906
2022-11-02,Financials,11,0.1843181818181818,0.5454545454545454,0.09090909090909091,0.36363636363636365,0.16895833333333335
2022-11-02,Healthcare,13,0.036761538461538464,0.23076923076923078,0.23076923076923078,0.5384615384615384,-0.098025
2022-11-02,Industrials,2,0.1909,0.5,0.0,0.5,0.1909
2022-11-02,Materials,4,-0.13105,0.0,0.5,0.5,-0.08736666666666666
2022-11-02,RealEstate,10,0.06069,0.3,0.0,0.7,0.07867222222222221
2022-11-02,Tech,38,0.11285263157894737,0.47368421052631576,0.10526315789473684,0.42105263157894735,0.13055866666666666
2022-11-02,Utilities,6,0.1859333333333333,0.6666666666666666,0.0,0.3333333333333333,0.20775
2022-11-03,Comm,14,0.09544285714285715,0.2857142857142857,0.0,0.7142857142857143,0.07632000000000001
2022-11-03,Consumer,19,0.021478947368421052,0.21052631578947367,0.21052631578947367,0.5789473684210527,-0.002811666666666668
2022-11-03,Energy,20,0.22393999999999997,0.45,0.05,0.5,0.30889
2022-11-03,Financials,9,-0.021477777777777776,0.1111111111111111,0.1111111111111111,0.7777777777777778,-0.009941666666666666
2022-11-03,Healthcare,11,-0.09567272727272727,0.2727272727272727,0.45454545454545453,0.2727272727272727,-0.15754125
2022-11-03,Industrials,12,0.03871666666666666,0.4166666666666667,0.3333333333333333,0.25,0.02967333333333333
2022-11-03,Materials,4,0.07955,0.25,0.0,0.75,0.05303333333333333
2022-11-03,RealEstate,9,-0.020077777777777788,0.2222222222222222,0.2222222222222222,0.5555555555555556,-0.008838888888888891
2022-11-03,Tech,30,-0.006963333333333336,0.2,0.26666666666666666,0.5333333333333333,0.03133273809523809
2022-11-03,Utilities,11,0.1479272727272727,0.36363636363636365,0.18181818181818182,0.45454545454545453,0.15884791666666667
2022-11-04,Comm,8,-0.002725000000000005,0.25,0.25,0.5,0.017556249999999995
2022-11-04,Consumer,31,0.01393548387096774,0.1935483870967742,0.1935483870967742,0.6129032258064516,-0.010599999999999997
2022-11-04,Energy,14,0.09335714285714285,0.2857142857142857,0.14285714285714285,0.5714285714285714,0.057296666666666676
2022-11-04,Financials,7,0.10542857142857143,0.42857142857142855,0.14285714285714285,0.42857142857142855,0.13373333333333332
2022-11-04,Healthcare,15,0.03948,0.3333333333333333,0.3333333333333333,0.3333333333333333,0.07681166666666668
2022-11-04,Industrials,4,0.1975,1.0,0.0,0.0,0.1975
2022-11-04,RealEstate,1,-0.2732,0.0,1.0,0.0,-0.2732
2022-11-04,Tech,9,0.1102111111111111,0.3333333333333333,0.0,0.6666666666666666,0.0695
2022-11-04,Utilities,16,0.18006250000000001,0.5625,0.1875,0.25,0.14405
2022-11-07,Comm,17,-0.020141176470588232,0.29411764705882354,0.29411764705882354,0.4117647058823529,-0.11038666666666666
2022-11-07,Consumer,35,0.06430571428571427,0.2857142857142857,0.14285714285714285,0.5714285714285714,0.08283149999999999
2022-11-07,Energy,34,0.08596470588235294,0.35294117647058826,0.14705882352941177,0.5,0.07273981818181818
2022-11-07,Financials,10,-0.016880000000000006,0.3,0.2,0.5,-0.02329333333333334
2022-11-07,Healthcare,16,0.05160000000000001,0.3125,0.1875,0.5,0.022810000000000007
2022-11-07,Industrials,7,0.0,0.0,0.0,1.0,0.0
2022-11-07,Materials,5,0.0,0.0,0.0,1.0,0.0
2022-11-07,RealEstate,13,0.11526923076923076,0.3076923076923077,0.15384615384615385,0.5384615384615384,0.12118125
2022-11-07,Tech,27,0.1525111111111111,0.7037037037037037,0.14814814814814814,0.14814814814814814,0.15052076190476188
2022-11-07,Utilities,12,-0.008766666666666667,0.25,0.16666666666666666,0.5833333333333334,-0.012233333333333332
2022-11-08,Comm,17,0.03218235294117647,0.17647058823529413,0.17647058823529413,0.6470588235294118,0.083775
2022-11-08,Consumer,31,0.04853548387096774,0.3870967741935484,0.1935483870967742,0.41935483870967744,0.03053
2022-11-08,Energy,21,0.20881428571428573,0.6190476190476191,0.19047619047619047,0.19047619047619047,0.16152395833333333
2022-11-08,Financials,7,0.03902857142857143,0.2857142857142857,0.14285714285714285,0.5714285714285714,0.06197777777777778
2022-11-08,Healthcare,20,0.014944999999999995,0.2,0.25,0.55,-0.052500000000000005
2022-11-08,Industrials,5,0.09462,0.4,0.0,0.6,0.06558749999999999
2022-11-08,Materials,12,0.10685833333333333,0.3333333333333333,0.08333333333333333,0.5833333333333334,0.03433214285714287
2022-11-08,RealEstate,2,0.3119,1.0,0.0,0.0,0.3119
2022-11-08,Tech,23,0.07044347826086957,0.30434782608695654,0.17391304347826086,0.5217391304347826,0.09983095238095238
2022-11-08,Utilities,3,0.1897333333333333,0.6666666666666666,0.0,0.3333333333333333,0.1897333333333333
2022-11-09,Comm,6,0.04146666666666666,0.16666666666666666,0.16666666666666666,0.6666666666666666,0.02073333333333333
2022-11-09,Consumer,33,0.04901818181818182,0.2727272727272727,0.24242424242424243,0.48484848484848486,0.05715416666666666
2022-11-09,Energy,14,-0.02288571428571429,0.21428571428571427,0.21428571428571427,0.5714285714285714,-0.049745833333333336
2022-11-09,Financials,6,0.13006666666666666,0.3333333333333333,0.0,0.6666666666666666,0.1217
2022-11-09,Healthcare,17,0.06434117647058823,0.17647058823529413,0.058823529411764705,0.7647058823529411,0.07585666666666667
2022-11-09,Industrials,4,0.105375,0.25,0.0,0.75,0.14049999999999999
2022-11-09,Materials,3,0.0,0.0,0.0,1.0,0.0
2022-11-09,RealEstate,3,0.06743333333333333,0.3333333333333333,0.0,0.6666666666666666,0.10115
2022-11-09,Tech,13,0.0704923076923077,0.15384615384615385,0.07692307692307693,0.7692307692307693,0.057275000000000006
2022-11-09,Utilities,5,0.030880000000000008,0.4,0.2,0.4,0.09595000000000001
2022-11-10,Comm,6,0.033716666666666666,0.16666666666666666,0.0,0.8333333333333334,0.04046
2022-11-10,Consumer,23,-0.03332608695652174,0.17391304347826086,0.17391304347826086,0.6521739130434783,-0.02396952380952381
2022-11-10,Energy,15,0.12187333333333333,0.26666666666666666,0.06666666666666667,0.6666666666666666,0.09074266666666667
2022-11-10,Financials,9,0.014222222222222223,0.2222222222222222,0.1111111111111111,0.6666666666666666,0.0256
2022-11-10,Healthcare,8,0.1250625,0.5,0.125,0.375,0.12435
2022-11-10,Industrials,6,0.07836666666666668,0.5,0.3333333333333333,0.16666666666666666,0.12166666666666666
2022-11-10,Materials,3,0.0,0.0,0.0,1.0,0.0
2022-11-10,RealEstate,7,0.2352857142857143,0.42857142857142855,0.0,0.5714285714285714,0.1029375
2022-11-10,Tech,28,0.08368571428571428,0.21428571428571427,0.03571428571428571,0.75,0.07427292307692308
2022-11-10,Utilities,4,0.395275,1.0,0.0,0.0,0.395275
2022-11-11,Comm,7,0.0,0.0,0.0,1.0,0.0
2022-11-11,Consumer,19,0.1371578947368421,0.3157894736842105,0.15789473684210525,0.5263157894736842,0.1656473333333333
2022-11-11,Energy,16,0.144975,0.4375,0.25,0.3125,0.060730571428571425
2022-11-11,Financials,8,0.050312499999999996,0.375,0.125,0.5,0.10765333333333334
2022-11-11,Healthcare,5,0.36906,0.8,0.0,0.2,0.3767444444444445
2022-11-11,Industrials,5,0.34438,0.6,0.0,0.4,0.3236833333333333
2022-11-11,Materials,5,0.153,0.2,0.0,0.8,0.19125
2022-11-11,RealEstate,3,0.5327999999999999,1.0,0.0,0.0,0.5327999999999999
2022-11-11,Tech,14,0.1583142857142857,0.35714285714285715,0.0,0.6428571428571429,0.1276092857142857
2022-11-11,Utilities,6,0.1956,0.3333333333333333,0.0,0.6666666666666666,0.11735999999999999
2022-11-14,Comm,17,0.27591764705882355,0.5294117647058824,0.0,0.47058823529411764,0.352572619047619
2022-11-14,Consumer,37,0.10927297297297298,0.35135135135135137,0.05405405405405406,0.5945945945945946,0.16784295900178253
2022-11-14,Energy,36,0.10508888888888888,0.4166666666666667,0.1388888888888889,0.4444444444444444,0.12069488344988347
2022-11-14,Financials,16,0.1562125,0.5,0.0625,0.4375,0.20764666666666667
2022-11-14,Healthcare,18,0.15493888888888888,0.5,0.1111111111111111,0.3888888888888889,0.15980500000000003
2022-11-14,Industrials,11,0.034818181818181804,0.36363636363636365,0.2727272727272727,0.36363636363636365,-0.04247500000000001
2022-11-14,Materials,4,0.03735000000000001,0.25,0.25,0.5,0.11000000000000003
2022-11-14,RealEstate,5,0.18438000000000002,0.8,0.0,0.2,0.15305555555555558
2022-11-14,Tech,32,0.08824375,0.28125,0.15625,0.5625,0.07508962148962149
2022-11-14,Utilities,12,0.06256666666666667,0.25,0.08333333333333333,0.6666666666666666,0.048155
2022-11-15,Comm,7,-0.04412857142857143,0.0,0.14285714285714285,0.8571428571428571,-0.077225
2022-11-15,Consumer,49,0.1212530612244898,0.3877551020408163,0.04081632653061224,0.5714285714285714,0.06878066666666667
2022-11-15,Energy,16,0.21665,0.5625,0.0625,0.375,0.3191528571428571
2022-11-15,Financials,7,0.10634285714285716,0.5714285714285714,0.0,0.42857142857142855,0.06761666666666667
2022-11-15,Healthcare,15,0.28432,0.6666666666666666,0.06666666666666667,0.26666666666666666,0.20067000000000004
2022-11-15,Industrials,4,0.12457499999999999,0.5,0.0,0.5,0.13238333333333333
2022-11-15,Materials,5,0.25054,0.6,0.0,0.4,0.28788749999999996
2022-11-15,RealEstate,1,0.4939,1.0,0.0,0.0,0.4939
2022-11-15,Tech,21,0.12644761904761906,0.42857142857142855,0.0,0.5714285714285714,0.13655250000000002
2022-11-15,Utilities,1,0.2755,1.0,0.0,0.0,0.2755
2022-11-16,Comm,5,0.1992,0.4,0.2,0.4,0.2467555555555556
2022-11-16,Consumer,36,0.04111944444444445,0.3333333333333333,0.2222222222222222,0.4444444444444444,0.07187133333333334
2022-11-16,Energy,12,0.27345,0.5,0.0,0.5,0.20551
2022-11-16,Financials,15,0.03266666666666666,0.26666666666666666,0.3333333333333333,0.4,-0.0038599999999999967
2022-11-16,Healthcare,8,0.112475,0.375,0.125,0.5,0.16213333333333335
2022-11-16,Industrials,8,0.014975000000000002,0.125,0.125,0.75,0.111025
2022-11-16,RealEstate,5,0.27764,0.6,0.0,0.4,0.27128888888888886
2022-11-16,Tech,40,-0.0091325,0.125,0.15,0.725,-0.01643138888888889
2022-11-16,Utilities,6,0.18735,0.5,0.0,0.5,0.2215875
2022-11-17,Comm,7,-0.021871428571428573,0.0,0.14285714285714285,0.8571428571428571,-0.012758333333333335
2022-11-17,Consumer,23,0.19061739130434782,0.5217391304347826,0.17391304347826086,0.30434782608695654,0.3145645
2022-11-17,Energy,19,0.0569421052631579,0.3157894736842105,0.05263157894736842,0.631578947368421,0.05206291666666667
2022-11-17,Financials,13,0.1612230769230769,0.46153846153846156,0.07692307692307693,0.46153846153846156,0.213385
2022-11-17,Healthcare,10,0.02023,0.1,0.0,0.9,0.013486666666666666
2022-11-17,Industrials,7,0.21821428571428572,0.42857142857142855,0.0,0.5714285714285714,0.15380833333333332
2022-11-17,Materials,1,0.7096,1.0,0.0,0.0,0.7096
2022-11-17,Tech,27,0.09989259259259259,0.3333333333333333,0.037037037037037035,0.6296296296296297,0.08650733333333334
2022-11-18,Comm,2,0.0,0.0,0.0,1.0,0.0
2022-11-18,Consumer,17,0.09051176470588235,0.35294117647058826,0.23529411764705882,0.4117647058823529,-0.057420000000000006
2022-11-18,Energy,12,0.09215000000000001,0.3333333333333333,0.08333333333333333,0.5833333333333334,0.08606000000000001
2022-11-18,Financials,8,0.1512,0.625,0.0,0.375,0.13849166666666668
2022-11-18,Healthcare,13,0.11296923076923077,0.46153846153846156,0.07692307692307693,0.46153846153846156,0.08378333333333333
2022-11-18,Industrials,3,-0.042666666666666665,0.0,0.3333333333333333,0.6666666666666666,-0.042666666666666665
2022-11-18,Materials,5,0.21373999999999999,0.6,0.0,0.4,0.22467777777777778
2022-11-18,RealEstate,3,-0.13486666666666666,0.0,0.6666666666666666,0.3333333333333333,-0.13486666666666666
2022-11-18,Tech,10,0.34498,0.6,0.0,0.4,0.28147500000000003
2022-11-18,Utilities,7,0.18,0.5714285714285714,0.0,0.42857142857142855,0.07875
2022-11-21,Comm,7,0.19387142857142856,0.42857142857142855,0.0,0.5714285714285714,0.2596625
2022-11-21,Consumer,48,0.16056875,0.3125,0.041666666666666664,0.6458333333333334,0.2542560740740741
2022-11-21,Energy,25,0.216092,0.48,0.0,0.52,0.1497365
2022-11-21,Financials,19,0.06458947368421052,0.3157894736842105,0.10526315789473684,0.5789473684210527,0.08662107142857142
2022-11-21,Healthcare,17,0.1990529411764706,0.5294117647058824,0.058823529411764705,0.4117647058823529,0.21254722222222222
2022-11-21,Industrials,7,0.12254285714285715,0.5714285714285714,0.14285714285714285,0.2857142857142857,0.10607777777777778
2022-11-21,Materials,6,0.11881666666666668,0.3333333333333333,0.0,0.6666666666666666,0.12416666666666669
2022-11-21,RealEstate,9,0.14515555555555557,0.4444444444444444,0.1111111111111111,0.4444444444444444,0.156525
2022-11-21,Tech,19,0.20202105263157896,0.42105263157894735,0.15789473684210525,0.42105263157894735,0.176582
2022-11-21,Utilities,9,0.12264444444444446,0.3333333333333333,0.0,0.6666666666666666,0.0860625
2022-11-22,Comm,3,0.3859666666666666,1.0,0.0,0.0,0.3859666666666666
2022-11-22,Consumer,24,0.08771250000000001,0.2916666666666667,0.16666666666666666,0.5416666666666666,0.013168666666666657
2022-11-22,Energy,12,-0.025725,0.16666666666666666,0.16666666666666666,0.6666666666666666,-0.09503166666666667
2022-11-22,Financials,10,0.08718000000000001,0.5,0.2,0.3,0.183745
2022-11-22,Healthcare,26,0.11349615384615384,0.38461538461538464,0.07692307692307693,0.5384615384615384,0.12752090476190475
2022-11-22,Industrials,11,0.21479090909090906,0.6363636363636364,0.18181818181818182,0.18181818181818182,0.18368416666666665
2022-11-22,Materials,1,0.0,0.0,0.0,1.0,0.0
2022-11-22,RealEstate,2,-0.41169999999999995,0.0,1.0,0.0,-0.41169999999999995
2022-11-22,Tech,12,-0.06414166666666667,0.16666666666666666,0.25,0.5833333333333334,0.004435
2022-11-22,Utilities,5,0.0,0.0,0.0,1.0,0.0
2022-11-23,Comm,4,0.00645,0.0,0.0,1.0,0.00645
2022-11-23,Consumer,26,0.17821923076923077,0.5769230769230769,0.15384615384615385,0.2692307692307692,0.3301688492063492
2022-11-23,Energy,23,0.23748260869565216,0.5652173913043478,0.08695652173913043,0.34782608695652173,0.24129490476190477
2022-11-23,Financials,7,0.08528571428571428,0.42857142857142855,0.14285714285714285,0.42857142857142855,0.06633333333333334
2022-11-23,Healthcare,16,0.15600624999999999,0.5625,0.0625,0.375,0.12200089285714286
2022-11-23,Industrials,2,0.0,0.0,0.0,1.0,0.0
2022-11-23,Materials,2,0.148,0.5,0.0,0.5,0.148
2022-11-23,RealEstate,4,0.2202,0.5,0.0,0.5,0.22020000000000003
2022-11-23,Tech,14,0.1945857142857143,0.5,0.14285714285714285,0.35714285714285715,0.21851875
2022-11-23,Utilities,5,0.28426,0.8,0.0,0.2,0.24009999999999998
2022-11-25,Comm,6,0.31233333333333335,0.6666666666666666,0.16666666666666666,0.16666666666666666,0.44874166666666665
2022-11-25,Consumer,37,0.2158189189189189,0.5675675675675675,0.05405405405405406,0.3783783783783784,0.18268244047619048
2022-11-25,Energy,13,0.22730769230769232,0.5384615384615384,0.0,0.46153846153846156,0.21078200000000002
2022-11-25,Financials,13,0.09436923076923076,0.38461538461538464,0.15384615384615385,0.46153846153846156,0.14007733333333333
2022-11-25,Healthcare,15,0.12767333333333333,0.26666666666666666,0.06666666666666667,0.6666666666666666,0.14032178571428572
2022-11-25,Industrials,3,0.0,0.0,0.0,1.0,0.0
2022-11-25,Materials,2,0.0,0.0,0.0,1.0,0.0
2022-11-25,RealEstate,4,0.32335,0.75,0.0,0.25,0.3744666666666667
2022-11-25,Tech,10,-0.025199999999999993,0.1,0.2,0.7,-0.003799999999999989
2022-11-25,Utilities,5,0.23899999999999996,0.6,0.0,0.4,0.217675
2022-11-28,Comm,4,0.29617499999999997,0.5,0.0,0.5,0.3620833333333333
2022-11-28,Consumer,27,0.10531481481481482,0.4074074074074074,0.07407407407407407,0.5185185185185185,0.05941810439560439
2022-11-28,Energy,32,0.015206250000000001,0.28125,0.15625,0.5625,0.007767250000000003
2022-11-28,Financials,12,0.07735833333333333,0.25,0.08333333333333333,0.6666666666666666,0.07735833333333332
2022-11-28,Healthcare,24,0.20151666666666668,0.5,0.0,0.5,0.2016811904761905
2022-11-28,Industrials,11,0.02408181818181818,0.36363636363636365,0.18181818181818182,0.45454545454545453,0.0073824999999999984
2022-11-28,Materials,1,0.2023,1.0,0.0,0.0,0.2023
2022-11-28,RealEstate,3,0.4619333333333333,0.6666666666666666,0.0,0.3333333333333333,0.47812499999999997
2022-11-28,Tech,33,0.10311818181818183,0.36363636363636365,0.15151515151515152,0.48484848484848486,0.11016784615384616
2022-11-28,Utilities,2,0.2553,0.5,0.0,0.5,0.2553
2022-11-29,Comm,7,0.1823857142857143,0.2857142857142857,0.0,0.7142857142857143,0.27205555555555555
2022-11-29,Consumer,23,0.1067,0.43478260869565216,0.21739130434782608,0.34782608695652173,0.144075
2022-11-29,Energy,29,0.07111724137931033,0.3448275862068966,0.13793103448275862,0.5172413793103449,0.04276863636363636
2022-11-29,Financials,8,0.427375,0.875,0.0,0.125,0.44982777777777777
2022-11-29,Healthcare,13,0.20703846153846153,0.46153846153846156,0.15384615384615385,0.38461538461538464,0.19279
2022-11-29,Industrials,5,0.11987999999999999,0.4,0.0,0.6,0.14984999999999998
2022-11-29,Materials,7,0.0,0.0,0.0,1.0,0.0
2022-11-29,Tech,15,-0.048479999999999995,0.2,0.2,0.6,-0.08916533333333333
2022-11-29,Utilities,5,0.17174,0.6,0.2,0.2,0.17276666666666665
2022-11-30,Comm,4,0.1144,0.25,0.0,0.75,0.07626666666666666
2022-11-30,Consumer,20,0.18352,0.5,0.0,0.5,0.12697999999999998
2022-11-30,Energy,19,0.15239473684210528,0.5789473684210527,0.10526315789473684,0.3157894736842105,0.2067204761904762
2022-11-30,Financials,10,0.048589999999999994,0.2,0.2,0.6,-0.03586666666666667
2022-11-30,Healthcare,17,0.1948294117647059,0.5294117647058824,0.0,0.47058823529411764,0.194033
2022-11-30,Industrials,14,0.09019285714285716,0.42857142857142855,0.21428571428571427,0.35714285714285715,0.12834166666666666
2022-11-30,Materials,5,0.22732000000000002,0.8,0.0,0.2,0.22732000000000002
2022-11-30,RealEstate,4,0.173375,0.5,0.25,0.25,0.14885
2022-11-30,Tech,16,0.0887375,0.25,0.1875,0.5625,0.09827666666666666
2022-11-30,Utilities,4,0.20387500000000003,0.75,0.0,0.25,0.16963333333333333
2022-12-01,Comm,7,0.10598571428571428,0.2857142857142857,0.0,0.7142857142857143,0.10304666666666666
2022-12-01,Consumer,18,0.1539222222222222,0.4444444444444444,0.1111111111111111,0.4444444444444444,0.16009666666666666
2022-12-01,Energy,12,0.18464999999999998,0.5833333333333334,0.08333333333333333,0.3333333333333333,0.20941666666666667
2022-12-01,Financials,16,-0.08841874999999999,0.0625,0.4375,0.5,-0.07454566666666666
2022-12-01,Healthcare,15,0.19382666666666667,0.5333333333333333,0.06666666666666667,0.4,0.13513666666666668
2022-12-01,Industrials,7,0.2529,0.5714285714285714,0.0,0.42857142857142855,0.2927666666666667
2022-12-01,Materials,7,0.048728571428571434,0.2857142857142857,0.14285714285714285,0.5714285714285714,0.09205833333333333
2022-12-01,RealEstate,9,0.19723333333333334,0.4444444444444444,0.0,0.5555555555555556,0.261275
2022-12-01,Tech,22,0.22039545454545453,0.6363636363636364,0.09090909090909091,0.2727272727272727,0.19348100000000001
2022-12-01,Utilities,5,0.22686,0.6,0.0,0.4,0.24657500000000002
2022-12-02,Comm,10,0.21183000000000002,0.5,0.1,0.4,0.25708000000000003
2022-12-02,Consumer,24,0.165875,0.5416666666666666,0.08333333333333333,0.375,0.15643863636363636
2022-12-02,Energy,8,0.4225,0.875,0.0,0.125,0.4195625
2022-12-02,Financials,16,0.16444999999999999,0.5,0.0625,0.4375,0.17621916666666665
2022-12-02,Healthcare,10,-0.12593,0.1,0.2,0.7,-0.09792999999999999
2022-12-02,Industrials,7,0.062028571428571426,0.2857142857142857,0.14285714285714285,0.5714285714285714,-0.061720000000000004
2022-12-02,Materials,2,-0.17,0.0,0.5,0.5,-0.17
2022-12-02,RealEstate,4,0.12457499999999999,0.5,0.0,0.5,0.1661
2022-12-02,Tech,27,0.09554074074074075,0.4444444444444444,0.037037037037037035,0.5185185185185185,0.06956190476190476
2022-12-02,Utilities,2,0.42545,1.0,0.0,0.0,0.42545
2022-12-05,Comm,15,0.08738666666666667,0.3333333333333333,0.13333333333333333,0.5333333333333333,0.09267285714285714
2022-12-05,Consumer,39,0.06527435897435897,0.38461538461538464,0.20512820512820512,0.41025641025641024,0.05085187301587302
2022-12-05,Energy,21,0.2255,0.5714285714285714,0.09523809523809523,0.3333333333333333,0.17767648809523812
2022-12-05,Financials,11,0.19261818181818183,0.5454545454545454,0.09090909090909091,0.36363636363636365,0.203775
2022-12-05,Healthcare,16,0.08974375,0.5,0.1875,0.3125,0.108255
2022-12-05,Industrials,10,0.07614000000000001,0.3,0.1,0.6,0.07052083333333334
2022-12-05,Materials,2,0.0,0.0,0.0,1.0,0.0
2022-12-05,RealEstate,3,0.21230000000000002,0.3333333333333333,0.0,0.6666666666666666,0.31845
2022-12-05,Tech,18,0.10132222222222223,0.2222222222222222,0.0,0.7777777777777778,0.06731428571428572
2022-12-05,Utilities,8,0.20745000000000002,0.5,0.25,0.25,0.20786875
2022-12-06,Comm,10,0.18955,0.6,0.0,0.4,0.149445
2022-12-06,Consumer,19,0.12394210526315788,0.3684210526315789,0.05263157894736842,0.5789473684210527,0.11515
2022-12-06,Energy,14,0.21264285714285716,0.5714285714285714,0.07142857142857142,0.35714285714285715,0.2555476666666667
2022-12-06,Financials,18,-0.1995388888888889,0.1111111111111111,0.6111111111111112,0.2777777777777778,-0.09375575757575756
2022-12-06,Healthcare,15,0.03517333333333334,0.26666666666666666,0.13333333333333333,0.6,0.019797000000000002
2022-12-06,Industrials,5,-0.20048,0.2,0.6,0.2,-0.25024444444444444
2022-12-06,Materials,4,0.27625,0.5,0.0,0.5,0.18416666666666667
2022-12-06,RealEstate,3,0.2718333333333333,1.0,0.0,0.0,0.25445
2022-12-06,Tech,15,0.04179333333333334,0.2,0.2,0.6,0.006490666666666675
2022-12-06,Utilities,3,-0.05103333333333334,0.0,0.3333333333333333,0.6666666666666666,-0.038275
2022-12-07,Comm,7,0.05077142857142858,0.2857142857142857,0.0,0.7142857142857143,0.044425000000000006
2022-12-07,Consumer,14,0.13335,0.35714285714285715,0.14285714285714285,0.5,0.17124833333333334
2022-12-07,Energy,19,0.09933684210526315,0.2631578947368421,0.0,0.7368421052631579,0.08345619047619048
2022-12-07,Financials,28,-0.18265714285714285,0.25,0.5,0.25,-0.0019999999999999935
2022-12-07,Healthcare,16,0.020037500000000007,0.3125,0.1875,0.5,-0.09834345238095236
2022-12-07,Industrials,2,0.2294,0.5,0.0,0.5,0.2294
2022-12-07,RealEstate,5,0.30404,0.6,0.0,0.4,0.33755
2022-12-07,Tech,25,0.20778000000000002,0.56,0.08,0.36,0.21540485714285715
2022-12-07,Utilities,3,0.3615333333333333,1.0,0.0,0.0,0.3615333333333333
2022-12-08,Comm,11,0.13452727272727272,0.45454545454545453,0.09090909090909091,0.45454545454545453,0.10396666666666667
2022-12-08,Consumer,28,0.12337857142857143,0.32142857142857145,0.03571428571428571,0.6428571428571429,0.10427266666666668
2022-12-08,Energy,28,0.09531071428571428,0.2857142857142857,0.10714285714285714,0.6071428571428571,0.22983543589743588
2022-12-08,Financials,13,0.06586923076923076,0.46153846153846156,0.23076923076923078,0.3076923076923077,0.11402799999999998
2022-12-08,Healthcare,12,0.021525000000000006,0.16666666666666666,0.25,0.5833333333333334,0.035644999999999996
2022-12-08,Industrials,10,0.22562,0.7,0.0,0.3,0.1554875
2022-12-08,Materials,2,0.17,0.5,0.0,0.5,0.17
2022-12-08,RealEstate,3,0.0,0.0,0.0,1.0,0.0
2022-12-08,Tech,15,0.12050000000000001,0.3333333333333333,0.13333333333333333,0.5333333333333333,0.097485
2022-12-08,Utilities,2,-0.11315,0.0,0.5,0.5,-0.11315
2022-12-09,Comm,9,-0.0048666666666666485,0.3333333333333333,0.4444444444444444,0.2222222222222222,-0.15739999999999998
2022-12-09,Consumer,24,0.22285833333333335,0.5,0.08333333333333333,0.4166666666666667,0.2669816666666667
2022-12-09,Energy,24,0.07866666666666666,0.25,0.08333333333333333,0.6666666666666666,0.08636095238095237
2022-12-09,Financials,11,0.0,0.0,0.0,1.0,0.0
2022-12-09,Healthcare,17,0.1036529411764706,0.23529411764705882,0.058823529411764705,0.7058823529411765,0.12998333333333334
2022-12-09,Industrials,5,0.14728,0.4,0.0,0.6,0.18409999999999999
2022-12-09,Materials,3,0.21230000000000002,0.3333333333333333,0.0,0.6666666666666666,0.159225
2022-12-09,RealEstate,4,0.397825,0.75,0.0,0.25,0.39794999999999997
2022-12-09,Tech,13,0.14611538461538462,0.3076923076923077,0.15384615384615385,0.5384615384615384,0.13170625000000002
2022-12-09,Utilities,7,0.16501428571428572,0.42857142857142855,0.0,0.5714285714285714,0.09625833333333333
2022-12-12,Comm,6,0.12616666666666668,0.3333333333333333,0.16666666666666666,0.5,0.06526666666666667
2022-12-12,Consumer,20,0.08695,0.3,0.2,0.5,0.1372908333333333
2022-12-12,Energy,19,0.19067894736842106,0.42105263157894735,0.10526315789473684,0.47368421052631576,0.2683230952380952
2022-12-12,Financials,23,0.049956521739130434,0.34782608695652173,0.34782608695652173,0.30434782608695654,0.07471611111111112
2022-12-12,Healthcare,33,0.049124242424242424,0.24242424242424243,0.12121212121212122,0.6363636363636364,0.00862671679197995
2022-12-12,Industrials,5,0.061239999999999996,0.4,0.2,0.4,-0.04855555555555555
2022-12-12,Materials,2,-0.1858,0.0,0.5,0.5,-0.1858
2022-12-12,RealEstate,3,0.06743333333333333,0.3333333333333333,0.0,0.6666666666666666,0.06743333333333333
2022-12-12,Tech,24,0.13646666666666665,0.4166666666666667,0.125,0.4583333333333333,0.10959714285714287
2022-12-12,Utilities,6,0.2597833333333333,0.6666666666666666,0.0,0.3333333333333333,0.300475
2022-12-13,Comm,7,0.053285714285714283,0.5714285714285714,0.2857142857142857,0.14285714285714285,-0.21001333333333336
2022-12-13,Consumer,24,0.10306666666666668,0.5,0.16666666666666666,0.3333333333333333,0.09141702380952381
2022-12-13,Energy,12,0.15108333333333335,0.5833333333333334,0.0,0.4166666666666667,0.149775
2022-12-13,Financials,8,0.10977500000000001,0.5,0.125,0.375,0.16308333333333336
2022-12-13,Healthcare,28,0.03171785714285715,0.25,0.14285714285714285,0.6071428571428571,0.11637752380952382
2022-12-13,Industrials,14,0.246,0.6428571428571429,0.0,0.35714285714285715,0.26115
2022-12-13,Materials,3,0.24093333333333333,1.0,0.0,0.0,0.231275
2022-12-13,RealEstate,2,-0.1591,0.0,0.5,0.5,-0.1591
2022-12-13,Tech,27,0.1678925925925926,0.5185185185185185,0.14814814814814814,0.3333333333333333,0.16212529761904762
2022-12-13,Utilities,7,0.1459857142857143,0.5714285714285714,0.2857142857142857,0.14285714285714285,0.17884375000000002
2022-12-14,Comm,8,0.08421250000000001,0.375,0.125,0.5,0.054172222222222226
2022-12-14,Consumer,17,0.0646470588235294,0.23529411764705882,0.11764705882352941,0.6470588235294118,0.11981354166666666
2022-12-14,Energy,17,-0.004835294117647049,0.23529411764705882,0.17647058823529413,0.5882352941176471,-0.048950666666666656
2022-12-14,Financials,11,0.03126363636363636,0.36363636363636365,0.2727272727272727,0.36363636363636365,-0.06908833333333335
2022-12-14,Healthcare,10,0.07120000000000001,0.4,0.2,0.4,0.1996666666666667
2022-12-14,Industrials,5,0.24986000000000003,0.4,0.0,0.6,0.312325
2022-12-14,Materials,4,0.09545,0.25,0.0,0.75,0.06363333333333333
2022-12-14,RealEstate,7,0.04857142857142858,0.14285714285714285,0.0,0.8571428571428571,0.05666666666666667
2022-12-14,Tech,11,0.012990909090909088,0.09090909090909091,0.09090909090909091,0.8181818181818182,0.004423333333333332
2022-12-14,Utilities,1,0.0,0.0,0.0,1.0,0.0
2022-12-15,Comm,12,0.11973333333333334,0.3333333333333333,0.08333333333333333,0.5833333333333334,0.063461
2022-12-15,Consumer,19,0.11247894736842104,0.3684210526315789,0.10526315789473684,0.5263157894736842,0.13934375
2022-12-15,Energy,20,0.07264,0.15,0.05,0.8,0.03632
2022-12-15,Financials,14,0.2833857142857143,0.5714285714285714,0.0,0.42857142857142855,0.3123166666666667
2022-12-15,Healthcare,19,0.21299473684210526,0.42105263157894735,0.10526315789473684,0.47368421052631576,0.16280466666666665
2022-12-15,Industrials,14,0.1721857142857143,0.42857142857142855,0.0,0.5714285714285714,0.16564
2022-12-15,Materials,3,0.0,0.0,0.0,1.0,0.0
2022-12-15,RealEstate,4,0.129475,0.5,0.0,0.5,0.08631666666666667
2022-12-15,Tech,30,-0.05317999999999999,0.1,0.16666666666666666,0.7333333333333333,-0.06620595238095237
2022-12-15,Utilities,5,0.43746,1.0,0.0,0.0,0.40754999999999997
2022-12-16,Comm,11,-0.026581818181818172,0.2727272727272727,0.18181818181818182,0.5454545454545454,-0.136945
2022-12-16,Consumer,21,0.15678571428571428,0.38095238095238093,0.0,0.6190476190476191,0.14439666666666667
2022-12-16,Energy,9,0.1692,0.4444444444444444,0.2222222222222222,0.3333333333333333,0.14259
2022-12-16,Financials,8,-0.17396249999999996,0.125,0.5,0.375,-0.1620625
2022-12-16,Healthcare,15,0.07100666666666668,0.26666666666666666,0.13333333333333333,0.6,0.16921666666666668
2022-12-16,Industrials,8,0.06315,0.25,0.25,0.5,0.040560000000000006
2022-12-16,Materials,1,-0.6249,0.0,1.0,0.0,-0.6249
2022-12-16,RealEstate,2,0.5194,1.0,0.0,0.0,0.5194
2022-12-16,Tech,27,0.024851851851851854,0.37037037037037035,0.2222222222222222,0.4074074074074074,0.13426104166666666
2022-12-16,Utilities,6,0.3042166666666667,0.8333333333333334,0.0,0.16666666666666666,0.31727500000000003
2022-12-19,Comm,11,0.15225454545454545,0.36363636363636365,0.09090909090909091,0.5454545454545454,0.18345625000000002
2022-12-19,Consumer,29,0.12969310344827586,0.3103448275862069,0.13793103448275862,0.5517241379310345,0.14827978021978022
2022-12-19,Energy,21,0.09397142857142857,0.3333333333333333,0.09523809523809523,0.5714285714285714,0.07206955555555555
2022-12-19,Financials,20,0.043789999999999996,0.3,0.15,0.55,0.034464952380952374
2022-12-19,Healthcare,20,0.07485,0.4,0.15,0.45,0.05440266666666667
2022-12-19,Industrials,11,0.19062727272727276,0.5454545454545454,0.0,0.45454545454545453,0.1978125
2022-12-19,Materials,4,0.123475,0.25,0.0,0.75,0.08231666666666666
2022-12-19,RealEstate,14,0.17975,0.5,0.0,0.5,0.16439499999999999
2022-12-19,Tech,24,0.029570833333333334,0.20833333333333334,0.20833333333333334,0.5833333333333334,0.012095333333333328
2022-12-19,Utilities,6,0.2607,0.8333333333333334,0.0,0.16666666666666666,0.27981666666666666
2022-12-20,Comm,4,0.27287500000000003,0.75,0.0,0.25,0.29685
2022-12-20,Consumer,22,0.12197272727272729,0.4090909090909091,0.045454545454545456,0.5454545454545454,0.08668246753246754
2022-12-20,Energy,17,0.2280294117647059,0.6470588235294118,0.0,0.35294117647058826,0.2606875
2022-12-20,Financials,17,0.16861764705882354,0.6470588235294118,0.058823529411764705,0.29411764705882354,0.25217757575757577
2022-12-20,Healthcare,18,0.16772222222222222,0.5,0.05555555555555555,0.4444444444444444,0.1853138888888889
2022-12-20,Industrials,13,0.09842307692307692,0.38461538461538464,0.23076923076923078,0.38461538461538464,0.14748124999999998
2022-12-20,Materials,7,0.19957142857142857,0.5714285714285714,0.0,0.42857142857142855,0.1973916666666667
2022-12-20,RealEstate,5,0.09046000000000001,0.4,0.0,0.6,0.056537500000000004
2022-12-20,Tech,15,0.20109333333333332,0.5333333333333333,0.06666666666666667,0.4,0.20069375
2022-12-20,Utilities,8,0.3709375,0.75,0.0,0.25,0.4362583333333333
2022-12-21,Comm,8,0.0765875,0.375,0.25,0.375,-0.06918333333333333
2022-12-21,Consumer,46,0.12557608695652175,0.43478260869565216,0.10869565217391304,0.45652173913043476,-0.06510560606060607
2022-12-21,Energy,10,0.05147,0.2,0.1,0.7,0.051320833333333336
2022-12-21,Financials,14,0.053185714285714294,0.2857142857142857,0.14285714285714285,0.5714285714285714,0.015274107142857148
2022-12-21,Healthcare,16,0.1968625,0.5625,0.1875,0.25,0.16837833333333335
2022-12-21,Industrials,14,0.44480714285714285,0.9285714285714286,0.0,0.07142857142857142,0.4428011904761905
2022-12-21,Materials,3,0.16973333333333332,0.6666666666666666,0.0,0.3333333333333333,0.16973333333333332
2022-12-21,RealEstate,5,0.07043999999999999,0.4,0.2,0.4,-0.043444444444444445
2022-12-21,Tech,20,0.13849499999999998,0.3,0.0,0.7,0.18500171428571427
2022-12-21,Utilities,2,0.45505,1.0,0.0,0.0,0.45505
2022-12-22,Comm,9,0.06424444444444442,0.3333333333333333,0.3333333333333333,0.3333333333333333,0.025533333333333314
2022-12-22,Consumer,23,0.06581304347826086,0.2608695652173913,0.08695652173913043,0.6521739130434783,0.05284166666666666
2022-12-22,Energy,12,0.38089166666666663,0.75,0.0,0.25,0.378585
2022-12-22,Financials,12,0.28870833333333334,0.5,0.0,0.5,0.293308
2022-12-22,Healthcare,13,0.05918461538461539,0.38461538461538464,0.15384615384615385,0.46153846153846156,0.04051041666666666
2022-12-22,Industrials,16,0.114725,0.375,0.125,0.5,0.15383333333333332
2022-12-22,Materials,2,0.0,0.0,0.0,1.0,0.0
2022-12-22,Tech,30,-0.15005333333333332,0.16666666666666666,0.5,0.3333333333333333,-0.11699016666666666
2022-12-22,Utilities,2,0.0,0.0,0.0,1.0,0.0
2022-12-23,Comm,4,0.233575,0.5,0.0,0.5,0.30825
2022-12-23,Consumer,13,0.1308923076923077,0.46153846153846156,0.15384615384615385,0.38461538461538464,0.12253750000000001
2022-12-23,Energy,9,0.05673333333333334,0.1111111111111111,0.0,0.8888888888888888,0.025530000000000004
2022-12-23,Financials,10,0.25407,0.8,0.1,0.1,0.225605
2022-12-23,Healthcare,7,0.0488,0.2857142857142857,0.14285714285714285,0.5714285714285714,-0.13645833333333332
2022-12-23,Industrials,7,0.07152857142857141,0.2857142857142857,0.14285714285714285,0.5714285714285714,0.06258749999999999
2022-12-23,Materials,1,0.0,0.0,0.0,1.0,0.0
2022-12-23,Tech,17,0.1096705882352941,0.29411764705882354,0.0,0.7058823529411765,0.09710083333333332
2022-12-23,Utilities,3,0.4082666666666667,0.6666666666666666,0.0,0.3333333333333333,0.45930000000000004
2022-12-27,Comm,11,0.28565454545454544,0.5454545454545454,0.09090909090909091,0.36363636363636365,0.2775666666666667
2022-12-27,Consumer,35,0.17366571428571428,0.42857142857142855,0.11428571428571428,0.45714285714285713,0.22051240981240983
2022-12-27,Energy,37,0.17744864864864865,0.5675675675675675,0.05405405405405406,0.3783783783783784,0.19149595604395606
2022-12-27,Financials,12,0.130025,0.4166666666666667,0.08333333333333333,0.5,0.14616
2022-12-27,Healthcare,20,0.12814,0.45,0.05,0.5,0.10937800000000002
2022-12-27,Industrials,20,0.13971,0.4,0.05,0.55,0.14013125
2022-12-27,Materials,2,0.4253,1.0,0.0,0.0,0.4253
2022-12-27,RealEstate,10,0.26397,0.6,0.0,0.4,0.276205
2022-12-27,Tech,28,-0.002353571428571427,0.21428571428571427,0.25,0.5357142857142857,-0.02400274458874459
2022-12-27,Utilities,9,0.1262,0.3333333333333333,0.1111111111111111,0.5555555555555556,0.13076444444444446
2022-12-28,Comm,10,0.25305,0.6,0.2,0.2,0.12911166666666668
2022-12-28,Consumer,8,0.082875,0.5,0.125,0.375,0.082875
2022-12-28,Energy,13,0.08363076923076924,0.38461538461538464,0.15384615384615385,0.46153846153846156,0.10542222222222224
2022-12-28,Financials,11,0.09520909090909092,0.36363636363636365,0.0,0.6363636363636364,0.09005
2022-12-28,Healthcare,12,0.17215,0.4166666666666667,0.0,0.5833333333333334,0.176088
2022-12-28,Industrials,9,0.07784444444444444,0.3333333333333333,0.0,0.6666666666666666,0.0808611111111111
2022-12-28,Materials,4,0.0683,0.25,0.0,0.75,0.045533333333333335
2022-12-28,RealEstate,4,0.35200000000000004,0.75,0.0,0.25,0.42046666666666666
2022-12-28,Tech,14,0.07722857142857144,0.35714285714285715,0.2857142857142857,0.35714285714285715,0.1082625
2022-12-28,Utilities,4,0.1366,0.5,0.0,0.5,0.1366
2022-12-29,Comm,4,0.081575,0.5,0.25,0.25,-0.007550000000000001
2022-12-29,Consumer,22,0.13699545454545456,0.5,0.09090909090909091,0.4090909090909091,0.1583688888888889
2022-12-29,Energy,16,0.06850625,0.4375,0.1875,0.375,0.04067232142857143
2022-12-29,Financials,12,0.028741666666666665,0.3333333333333333,0.25,0.4166666666666667,0.05306999999999999
2022-12-29,Healthcare,12,0.12771666666666667,0.5833333333333334,0.16666666666666666,0.25,0.145495
2022-12-29,Industrials,10,0.07315,0.3,0.1,0.6,0.06812708333333334
2022-12-29,Materials,4,0.05815,0.5,0.25,0.25,0.05815
2022-12-29,RealEstate,6,0.10115,0.5,0.0,0.5,0.10115
2022-12-29,Tech,13,0.2059923076923077,0.46153846153846156,0.15384615384615385,0.38461538461538464,0.17852666666666667
2022-12-29,Utilities,2,0.015149999999999997,0.5,0.5,0.0,0.015149999999999997
2022-12-30,Comm,8,0.0371625,0.375,0.5,0.125,0.004053333333333335
2022-12-30,Consumer,25,0.18644399999999997,0.44,0.08,0.48,0.11475514285714286
2022-12-30,Energy,14,0.16405714285714287,0.35714285714285715,0.0,0.6428571428571429,0.16362000000000002
2022-12-30,Financials,3,0.17020000000000002,0.3333333333333333,0.0,0.6666666666666666,0.12765
2022-12-30,Healthcare,7,0.12007142857142858,0.2857142857142857,0.0,0.7142857142857143,0.05603333333333333
2022-12-30,Industrials,5,0.18642,0.4,0.0,0.6,0.15535000000000002
2022-12-30,Materials,2,-0.1591,0.0,0.5,0.5,-0.1591
2022-12-30,RealEstate,3,0.10606666666666666,0.3333333333333333,0.0,0.6666666666666666,0.07955
2022-12-30,Tech,22,0.04646818181818182,0.4090909090909091,0.2727272727272727,0.3181818181818182,0.044517714285714285
2022-12-30,Utilities,5,0.07731999999999999,0.4,0.4,0.2,0.07731999999999999
2023-01-03,Comm,16,0.00523125,0.125,0.375,0.5,0.006189523809523807
2023-01-03,Consumer,34,0.07253529411764706,0.35294117647058826,0.11764705882352941,0.5294117647058824,0.09826857142857143
2023-01-03,Energy,32,0.24269375,0.59375,0.0625,0.34375,0.28271022222222225
2023-01-03,Financials,18,0.07197222222222223,0.3333333333333333,0.05555555555555555,0.6111111111111112,0.10186999999999999
2023-01-03,Healthcare,14,0.24755714285714286,0.6428571428571429,0.14285714285714285,0.21428571428571427,0.17174166666666668
2023-01-03,Industrials,13,0.09256923076923076,0.38461538461538464,0.07692307692307693,0.5384615384615384,0.07790666666666667
2023-01-03,Materials,4,0.12765,0.25,0.0,0.75,0.12765
2023-01-03,RealEstate,9,0.16810000000000003,0.6666666666666666,0.1111111111111111,0.2222222222222222,0.2181625
2023-01-03,Tech,51,0.11554313725490196,0.43137254901960786,0.0784313725490196,0.49019607843137253,0.0988496229260935
2023-01-03,Utilities,4,0.135575,0.25,0.0,0.75,0.135575
2023-01-04,Comm,6,0.20704999999999998,0.6666666666666666,0.3333333333333333,0.0,0.04757777777777781
2023-01-04,Consumer,24,0.09197916666666667,0.3333333333333333,0.125,0.5416666666666666,0.07606457142857143
2023-01-04,Energy,27,0.2538074074074074,0.5925925925925926,0.07407407407407407,0.3333333333333333,0.24394233333333332
2023-01-04,Financials,14,0.18345000000000003,0.42857142857142855,0.0,0.5714285714285714,0.20671166666666665
2023-01-04,Healthcare,13,0.18300769230769232,0.46153846153846156,0.07692307692307693,0.46153846153846156,0.13439375
2023-01-04,Industrials,13,0.10411538461538461,0.3076923076923077,0.0,0.6923076923076923,0.09634722222222224
2023-01-04,Materials,4,0.1101,0.25,0.0,0.75,0.1101
2023-01-04,RealEstate,2,0.1806,0.5,0.0,0.5,0.1806
2023-01-04,Tech,26,0.05114615384615385,0.23076923076923078,0.07692307692307693,0.6923076923076923,0.0344045
2023-01-04,Utilities,8,0.2923875,0.625,0.125,0.25,0.19968750000000002
2023-01-05,Comm,8,0.189625,0.5,0.0,0.5,0.13931333333333332
2023-01-05,Consumer,21,0.12521428571428572,0.42857142857142855,0.14285714285714285,0.42857142857142855,0.23768650793650795
2023-01-05,Energy,22,0.23237727272727274,0.5454545454545454,0.0,0.45454545454545453,0.24221202380952384
2023-01-05,Financials,15,0.13186666666666666,0.4,0.2,0.4,0.05521666666666666
2023-01-05,Healthcare,12,0.1359,0.3333333333333333,0.0,0.6666666666666666,0.157785
2023-01-05,Industrials,6,0.14869999999999997,0.3333333333333333,0.16666666666666666,0.5,0.16421249999999998
2023-01-05,Materials,7,0.0876,0.2857142857142857,0.0,0.7142857142857143,0.12264
2023-01-05,RealEstate,4,0.18615,0.5,0.0,0.5,0.19153333333333333
2023-01-05,Tech,27,0.23123703703703705,0.5555555555555556,0.037037037037037035,0.4074074074074074,0.22351533333333334
2023-01-05,Utilities,8,0.278975,0.5,0.0,0.5,0.18598333333333333
2023-01-06,Comm,9,0.2485777777777778,0.5555555555555556,0.0,0.4444444444444444,0.24178666666666668
2023-01-06,Consumer,10,0.18671,0.3,0.0,0.7,0.16846250000000002
2023-01-06,Energy,22,0.20108636363636362,0.45454545454545453,0.0,0.5454545454545454,0.15449438095238097
2023-01-06,Financials,13,0.03695384615384616,0.5384615384615384,0.3076923076923077,0.15384615384615385,0.09241666666666669
2023-01-06,Healthcare,9,0.0943888888888889,0.5555555555555556,0.1111111111111111,0.3333333333333333,0.06390333333333334
2023-01-06,Industrials,6,0.033716666666666666,0.16666666666666666,0.0,0.8333333333333334,0.0252875
2023-01-06,Materials,5,0.0,0.0,0.0,1.0,0.0
2023-01-06,RealEstate,4,0.063325,0.25,0.25,0.5,0.063325
2023-01-06,Tech,21,0.24500952380952382,0.5238095238095238,0.0,0.47619047619047616,0.2309652380952381
2023-01-06,Utilities,2,0.04500000000000001,0.5,0.5,0.0,0.04500000000000001
2023-01-09,Comm,9,0.27574444444444446,0.6666666666666666,0.0,0.3333333333333333,0.33028749999999996
2023-01-09,Consumer,25,0.168028,0.44,0.0,0.56,0.16822440476190476
2023-01-09,Energy,22,0.16902272727272727,0.4090909090909091,0.045454545454545456,0.5454545454545454,0.2865790476190476
2023-01-09,Financials,25,0.08128,0.28,0.12,0.6,0.06769607142857142
2023-01-09,Healthcare,14,0.18853571428571428,0.5714285714285714,0.07142857142857142,0.35714285714285715,0.17784791666666666
2023-01-09,Industrials,11,0.19474545454545453,0.5454545454545454,0.0,0.45454545454545453,0.21470625000000002
2023-01-09,Materials,10,0.04019,0.1,0.0,0.9,0.08038
2023-01-09,RealEstate,9,0.1005888888888889,0.4444444444444444,0.2222222222222222,0.3333333333333333,-0.02993333333333333
2023-01-09,Tech,24,0.018999999999999993,0.2916666666666667,0.20833333333333334,0.5,0.12115619047619046
2023-01-09,Utilities,8,0.1215125,0.375,0.125,0.5,0.07377666666666667
2023-01-10,Comm,7,0.3476571428571429,0.5714285714285714,0.0,0.42857142857142855,0.3496722222222222
2023-01-10,Consumer,13,0.14837692307692307,0.46153846153846156,0.23076923076923078,0.3076923076923077,0.10989238095238094
2023-01-10,Energy,16,0.1376375,0.5,0.125,0.375,0.04492685714285714
2023-01-10,Financials,25,0.11403599999999998,0.4,0.04,0.56,0.11789761904761906
2023-01-10,Healthcare,13,0.0535,0.3076923076923077,0.23076923076923078,0.46153846153846156,0.03880803571428571
2023-01-10,Industrials,11,0.15277272727272725,0.36363636363636365,0.0,0.6363636363636364,0.19649642857142857
2023-01-10,Materials,3,0.13396666666666665,0.3333333333333333,0.0,0.6666666666666666,0.13396666666666665
2023-01-10,RealEstate,5,0.068,0.2,0.0,0.8,0.085
2023-01-10,Tech,21,0.19832857142857144,0.5238095238095238,0.047619047619047616,0.42857142857142855,0.23811809523809524
2023-01-10,Utilities,2,-0.125,0.0,0.5,0.5,-0.125
2023-01-11,Comm,8,0.1771625,0.375,0.0,0.625,0.16299583333333334
2023-01-11,Consumer,21,0.03972857142857143,0.23809523809523808,0.19047619047619047,0.5714285714285714,0.03772633333333334
2023-01-11,Energy,9,0.1884222222222222,0.5555555555555556,0.0,0.4444444444444444,0.2263166666666667
2023-01-11,Financials,24,0.03115,0.3333333333333333,0.25,0.4166666666666667,0.0788484126984127
2023-01-11,Healthcare,13,0.057376923076923075,0.3076923076923077,0.07692307692307693,0.6153846153846154,0.031676666666666665
2023-01-11,Industrials,4,-0.042324999999999995,0.25,0.25,0.5,0.005500000000000005
2023-01-11,Materials,10,0.17018,0.6,0.0,0.4,0.19607708333333335
2023-01-11,RealEstate,5,0.07636,0.2,0.0,0.8,0.06363333333333333
2023-01-11,Tech,17,0.09478235294117648,0.29411764705882354,0.11764705882352941,0.5882352941176471,0.06118666666666667
2023-01-11,Utilities,4,0.15500000000000003,0.5,0.25,0.25,0.08693333333333335
2023-01-12,Comm,14,0.14347142857142856,0.35714285714285715,0.07142857142857142,0.5714285714285714,0.13344083333333334
2023-01-12,Consumer,28,0.07681785714285715,0.21428571428571427,0.07142857142857142,0.7142857142857143,0.06283569230769231
2023-01-12,Energy,20,0.039760000000000004,0.25,0.15,0.6,0.018649553571428574
2023-01-12,Financials,23,0.06258260869565217,0.17391304347826086,0.043478260869565216,0.782608695652174,0.10104057142857144
2023-01-12,Healthcare,7,0.10598571428571428,0.2857142857142857,0.0,0.7142857142857143,0.0927375
2023-01-12,Industrials,14,0.18304285714285712,0.5714285714285714,0.07142857142857142,0.35714285714285715,0.14440208333333332
2023-01-12,Materials,5,0.15642,0.6,0.2,0.2,0.158525
2023-01-12,RealEstate,5,0.09986,0.6,0.2,0.2,0.045325000000000004
2023-01-12,Tech,13,0.07735384615384613,0.38461538461538464,0.15384615384615385,0.46153846153846156,0.05665833333333333
2023-01-12,Utilities,7,0.2593714285714286,0.7142857142857143,0.14285714285714285,0.14285714285714285,0.16933333333333334
2023-01-13,Comm,2,0.43955,1.0,0.0,0.0,0.43955
2023-01-13,Consumer,17,0.16071764705882352,0.4117647058823529,0.11764705882352941,0.47058823529411764,0.19112266666666666
2023-01-13,Energy,14,0.19664285714285715,0.5,0.0,0.5,0.17236785714285716
2023-01-13,Financials,48,0.10211666666666668,0.5416666666666666,0.3125,0.14583333333333334,0.06712692640692641
2023-01-13,Healthcare,8,0.2725875,0.625,0.125,0.25,0.23456666666666667
2023-01-13,Industrials,11,0.11737272727272727,0.45454545454545453,0.18181818181818182,0.36363636363636365,0.047075000000000006
2023-01-13,Materials,10,0.33232999999999996,0.7,0.1,0.2,0.28611
2023-01-13,RealEstate,4,0.050575,0.25,0.0,0.75,0.033716666666666666
2023-01-13,Tech,14,0.14329285714285714,0.42857142857142855,0.14285714285714285,0.42857142857142855,0.100065
2023-01-13,Utilities,4,0.288875,0.75,0.0,0.25,0.29478333333333334
2023-01-17,Comm,13,0.19366153846153844,0.46153846153846156,0.0,0.5384615384615384,0.25457083333333336
2023-01-17,Consumer,51,0.21836470588235293,0.49019607843137253,0.0392156862745098,0.47058823529411764,0.23867834285714284
2023-01-17,Energy,40,0.0858625,0.35,0.175,0.475,0.06981882352941177
2023-01-17,Financials,100,0.076131,0.37,0.3,0.33,0.15807083006984537
2023-01-17,Healthcare,33,0.27607878787878787,0.6666666666666666,0.030303030303030304,0.30303030303030304,0.26210944444444445
2023-01-17,Industrials,13,0.26224615384615385,0.6923076923076923,0.0,0.3076923076923077,0.26986875
2023-01-17,Materials,7,0.1765857142857143,0.5714285714285714,0.0,0.42857142857142855,0.18230000000000002
2023-01-17,RealEstate,8,0.159225,0.375,0.125,0.5,0.1320625
2023-01-17,Tech,46,0.15664130434782608,0.45652173913043476,0.08695652173913043,0.45652173913043476,0.12548147619047617
2023-01-17,Utilities,8,0.2841125,0.625,0.0,0.375,0.21316249999999998
2023-01-18,Comm,3,0.0,0.0,0.0,1.0,0.0
2023-01-18,Consumer,27,0.17845185185185186,0.5185185185185185,0.037037037037037035,0.4444444444444444,0.17681855555555556
2023-01-18,Energy,21,0.23023333333333335,0.5238095238095238,0.09523809523809523,0.38095238095238093,0.24106333333333335
2023-01-18,Financials,26,0.16269230769230772,0.46153846153846156,0.07692307692307693,0.46153846153846156,0.18701063492063494
2023-01-18,Healthcare,10,0.10381999999999998,0.4,0.1,0.5,0.071075
2023-01-18,Industrials,8,-0.02651250000000001,0.25,0.375,0.375,-0.11969375000000002
2023-01-18,Materials,7,0.11831428571428572,0.42857142857142855,0.0,0.5714285714285714,0.16949166666666668
2023-01-18,RealEstate,8,0.004825000000000003,0.25,0.125,0.625,0.0021444444444444458
2023-01-18,Tech,18,0.15875,0.3888888888888889,0.05555555555555555,0.5555555555555556,0.18735714285714286
2023-01-18,Utilities,3,0.2732,1.0,0.0,0.0,0.2732
2023-01-19,Comm,11,0.0573,0.2727272727272727,0.18181818181818182,0.5454545454545454,0.06880000000000001
2023-01-19,Consumer,24,0.029037500000000004,0.375,0.25,0.375,-0.0029958571428571417
2023-01-19,Energy,14,0.04694285714285714,0.2857142857142857,0.14285714285714285,0.5714285714285714,0.11615
2023-01-19,Financials,22,0.0819090909090909,0.3181818181818182,0.13636363636363635,0.5454545454545454,0.0473235
2023-01-19,Healthcare,10,-0.07624,0.1,0.3,0.6,-0.056079166666666666
2023-01-19,Industrials,7,0.07247142857142856,0.14285714285714285,0.14285714285714285,0.7142857142857143,0.0634125
2023-01-19,Materials,11,0.12351818181818182,0.2727272727272727,0.0,0.7272727272727273,0.12913333333333335
2023-01-19,RealEstate,10,0.12170999999999998,0.2,0.0,0.8,0.10142499999999999
2023-01-19,Tech,12,0.0929,0.25,0.0,0.75,0.06193333333333333
2023-01-19,Utilities,5,0.16392,0.6,0.0,0.4,0.16392
2023-01-20,Comm,11,-0.07874545454545454,0.09090909090909091,0.36363636363636365,0.5454545454545454,-0.08024444444444444
2023-01-20,Consumer,18,0.03418333333333333,0.2777777777777778,0.16666666666666666,0.5555555555555556,0.013133333333333335
2023-01-20,Energy,31,0.18504193548387096,0.45161290322580644,0.03225806451612903,0.5161290322580645,0.18815427884615385
2023-01-20,Financials,24,0.08401666666666667,0.2916666666666667,0.08333333333333333,0.625,0.051685333333333326
2023-01-20,Healthcare,14,0.06385,0.2857142857142857,0.14285714285714285,0.5714285714285714,0.06612533333333334
2023-01-20,Industrials,5,-0.006319999999999992,0.2,0.2,0.6,-0.00526666666666666
2023-01-20,Materials,5,0.25804,0.8,0.2,0.0,0.16671111111111112
2023-01-20,RealEstate,8,0.1047875,0.375,0.0,0.625,0.07547777777777777
2023-01-20,Tech,26,0.05718846153846154,0.3076923076923077,0.2692307692307692,0.4230769230769231,0.06466866666666667
2023-01-20,Utilities,7,0.15494285714285713,0.2857142857142857,0.0,0.7142857142857143,0.15063888888888888
2023-01-23,Comm,10,0.13006,0.3,0.0,0.7,0.10135833333333333
2023-01-23,Consumer,31,0.21783548387096777,0.5806451612903226,0.12903225806451613,0.2903225806451613,0.21038928571428572
2023-01-23,Energy,31,0.14251290322580643,0.41935483870967744,0.06451612903225806,0.5161290322580645,0.03881306818181818
2023-01-23,Financials,21,0.06251428571428572,0.47619047619047616,0.14285714285714285,0.38095238095238093,-0.054972
2023-01-23,Healthcare,18,0.24318333333333333,0.6111111111111112,0.1111111111111111,0.2777777777777778,0.253675
2023-01-23,Industrials,23,0.19286086956521742,0.4782608695652174,0.0,0.5217391304347826,0.22932607142857145
2023-01-23,Materials,9,0.08953333333333334,0.4444444444444444,0.0,0.5555555555555556,0.09159722222222222
2023-01-23,RealEstate,13,0.1285923076923077,0.3076923076923077,0.07692307692307693,0.6153846153846154,0.07724666666666666
2023-01-23,Tech,54,0.11555555555555556,0.35185185185185186,0.09259259259259259,0.5555555555555556,0.04196040100250627
2023-01-23,Utilities,12,0.18675,0.5,0.0,0.5,0.20159666666666665
2023-01-24,Comm,9,0.017177777777777778,0.2222222222222222,0.1111111111111111,0.6666666666666666,0.038075000000000005
2023-01-24,Consumer,33,0.15957272727272728,0.45454545454545453,0.15151515151515152,0.3939393939393939,0.15604383333333333
2023-01-24,Energy,21,0.16137142857142855,0.42857142857142855,0.047619047619047616,0.5238095238095238,0.2233597619047619
2023-01-24,Financials,10,0.12803,0.4,0.0,0.6,0.10409500000000001
2023-01-24,Healthcare,8,0.074675,0.375,0.125,0.5,0.10296250000000001
2023-01-24,Industrials,52,-0.002865384615384614,0.19230769230769232,0.2692307692307692,0.5384615384615384,0.08187803030303031
2023-01-24,Materials,7,0.1601857142857143,0.2857142857142857,0.0,0.7142857142857143,0.09344166666666666
2023-01-24,RealEstate,5,0.32632,0.6,0.0,0.4,0.3297875
2023-01-24,Tech,32,0.10965625,0.34375,0.25,0.40625,0.111053125
2023-01-24,Utilities,12,0.23069166666666666,0.6666666666666666,0.08333333333333333,0.25,0.24128750000000002
2023-01-25,Comm,27,-0.017907407407407407,0.3333333333333333,0.25925925925925924,0.4074074074074074,0.0014257142857142858
2023-01-25,Consumer,21,0.13377142857142857,0.38095238095238093,0.09523809523809523,0.5238095238095238,0.12261899999999999
2023-01-25,Energy,29,0.16828620689655172,0.4827586206896552,0.13793103448275862,0.3793103448275862,0.19050666666666666
2023-01-25,Financials,22,0.051231818181818184,0.36363636363636365,0.18181818181818182,0.45454545454545453,0.05103166666666667
2023-01-25,Healthcare,29,-0.05305517241379311,0.3103448275862069,0.3103448275862069,0.3793103448275862,-0.034136274509803936
2023-01-25,Industrials,6,0.04933333333333333,0.16666666666666666,0.0,0.8333333333333334,0.09866666666666667
2023-01-25,Materials,11,-0.013709090909090903,0.18181818181818182,0.09090909090909091,0.7272727272727273,-0.09030399999999998
2023-01-25,RealEstate,5,0.14279999999999998,0.4,0.2,0.4,0.26082222222222223
2023-01-25,Tech,29,0.0762137931034483,0.3448275862068966,0.13793103448275862,0.5172413793103449,0.061449166666666666
2023-01-25,Utilities,14,0.2854857142857143,0.7857142857142857,0.0,0.21428571428571427,0.19643
2023-01-26,Comm,20,0.21866500000000003,0.45,0.05,0.5,0.28591950757575757
2023-01-26,Consumer,19,0.1476,0.3684210526315789,0.15789473684210525,0.47368421052631576,0.11155333333333335
2023-01-26,Energy,39,0.16324871794871795,0.38461538461538464,0.05128205128205128,0.5641025641025641,0.21641891025641025
2023-01-26,Financials,35,0.18361714285714287,0.5428571428571428,0.05714285714285714,0.4,0.17639711111111112
2023-01-26,Healthcare,18,0.116,0.3888888888888889,0.05555555555555555,0.5555555555555556,0.17704999999999999
2023-01-26,Industrials,19,0.007089473684210523,0.15789473684210525,0.15789473684210525,0.6842105263157895,0.03142321428571428
2023-01-26,Materials,26,0.04131923076923077,0.3076923076923077,0.2692307692307692,0.4230769230769231,0.075
2023-01-26,RealEstate,6,0.07128333333333332,0.16666666666666666,0.0,0.8333333333333334,0.05325555555555555
2023-01-26,Tech,37,0.0456108108108108,0.1891891891891892,0.16216216216216217,0.6486486486486487,0.09490663492063492
2023-01-26,Utilities,14,0.2653357142857143,0.7142857142857143,0.07142857142857142,0.21428571428571427,0.14764
2023-01-27,Comm,13,0.11396153846153843,0.46153846153846156,0.23076923076923078,0.3076923076923077,0.09685466666666664
2023-01-27,Consumer,19,0.13522105263157894,0.3684210526315789,0.10526315789473684,0.5263157894736842,0.04188190476190475
2023-01-27,Energy,46,0.13749565217391305,0.5652173913043478,0.2391304347826087,0.1956521739130435,0.11059071428571429
2023-01-27,Financials,29,0.19848620689655172,0.5172413793103449,0.06896551724137931,0.41379310344827586,0.1963025
2023-01-27,Healthcare,8,0.03370000000000001,0.5,0.25,0.25,0.13878333333333331
2023-01-27,Industrials,8,0.1912125,0.5,0.0,0.5,0.18764444444444442
2023-01-27,Materials,3,0.09866666666666667,0.3333333333333333,0.0,0.6666666666666666,0.148
2023-01-27,RealEstate,2,0.3066,1.0,0.0,0.0,0.3066
2023-01-27,Tech,51,-0.013752941176470582,0.3137254901960784,0.2549019607843137,0.43137254901960786,-0.0020923148148148125
2023-01-27,Utilities,6,0.19483333333333333,0.5,0.0,0.5,0.17973333333333333
2023-01-30,Comm,7,0.1237142857142857,0.42857142857142855,0.14285714285714285,0.42857142857142855,0.10398333333333332
2023-01-30,Consumer,30,0.08237333333333334,0.3,0.1,0.6,0.013520000000000004
2023-01-30,Energy,29,0.14076206896551727,0.3793103448275862,0.10344827586206896,0.5172413793103449,0.1395278787878788
2023-01-30,Financials,20,0.195435,0.6,0.1,0.3,0.15553333333333336
2023-01-30,Healthcare,19,0.09132105263157896,0.3157894736842105,0.10526315789473684,0.5789473684210527,0.14562716666666667
2023-01-30,Industrials,17,-0.007729411764705883,0.058823529411764705,0.11764705882352941,0.8235294117647058,-0.006570000000000001
2023-01-30,Materials,6,0.2073,0.5,0.0,0.5,0.23793749999999997
2023-01-30,RealEstate,10,0.27263000000000004,0.5,0.0,0.5,0.23276874999999997
2023-01-30,Tech,31,0.08663548387096774,0.45161290322580644,0.25806451612903225,0.2903225806451613,0.08135
2023-01-30,Utilities,6,0.12533333333333335,0.5,0.16666666666666666,0.3333333333333333,0.12533333333333335
2023-01-31,Comm,16,-0.049075,0.0,0.1875,0.8125,-0.01744888888888889
2023-01-31,Consumer,21,0.07093333333333333,0.2857142857142857,0.09523809523809523,0.6190476190476191,0.061749476190476195
2023-01-31,Energy,36,0.20947222222222223,0.5555555555555556,0.1111111111111111,0.3333333333333333,0.12339420512820513
2023-01-31,Financials,12,0.06366666666666666,0.4166666666666667,0.16666666666666666,0.4166666666666667,0.10100416666666667
2023-01-31,Healthcare,23,0.01444782608695652,0.17391304347826086,0.13043478260869565,0.6956521739130435,0.04195083333333333
2023-01-31,Industrials,39,0.21107435897435897,0.5384615384615384,0.15384615384615385,0.3076923076923077,0.1957298039215686
2023-01-31,Materials,4,0.109775,0.25,0.0,0.75,0.07318333333333334
2023-01-31,RealEstate,8,0.2124625,0.875,0.125,0.0,0.12202500000000001
2023-01-31,Tech,50,-0.00010399999999999659,0.26,0.2,0.54,-0.006035378787878785
2023-01-31,Utilities,8,0.2288875,0.75,0.0,0.25,0.23127083333333331
2023-02-01,Comm,24,0.019212499999999997,0.16666666666666666,0.25,0.5833333333333334,0.021679999999999994
2023-02-01,Consumer,22,0.12163636363636364,0.36363636363636365,0.09090909090909091,0.5454545454545454,0.1017551515151515
2023-02-01,Energy,22,-0.08192727272727272,0.13636363636363635,0.3181818181818182,0.5454545454545454,-0.12676177777777778
2023-02-01,Financials,6,0.0,0.0,0.0,1.0,0.0
2023-02-01,Healthcare,26,0.07900384615384616,0.3076923076923077,0.11538461538461539,0.5769230769230769,0.1283915873015873
2023-02-01,Industrials,8,0.09509999999999999,0.25,0.0,0.75,0.09509999999999999
2023-02-01,Materials,1,0.0,0.0,0.0,1.0,0.0
2023-02-01,RealEstate,6,0.27435000000000004,0.6666666666666666,0.0,0.3333333333333333,0.27355
2023-02-01,Tech,50,0.03735199999999999,0.3,0.28,0.42,-0.06427003813882533
2023-02-01,Utilities,7,0.0593,0.2857142857142857,0.2857142857142857,0.42857142857142855,-0.02065
2023-02-02,Comm,15,0.16428,0.4666666666666667,0.06666666666666667,0.4666666666666667,0.12570933333333334
2023-02-02,Consumer,20,0.168805,0.45,0.15,0.4,0.13993
2023-02-02,Energy,23,0.14250434782608695,0.5217391304347826,0.08695652173913043,0.391304347826087,0.18011523809523808
2023-02-02,Financials,21,0.1263857142857143,0.2857142857142857,0.09523809523809523,0.6190476190476191,0.13968644444444445
2023-02-02,Healthcare,29,0.20832758620689656,0.4482758620689655,0.10344827586206896,0.4482758620689655,0.21170416666666667
2023-02-02,Industrials,5,0.26142,0.8,0.2,0.0,0.22139999999999999
2023-02-02,Materials,6,0.04738333333333334,0.16666666666666666,0.16666666666666666,0.6666666666666666,0.02369166666666667
2023-02-02,RealEstate,5,0.13998000000000002,0.4,0.4,0.2,0.1418125
2023-02-02,Tech,31,0.16897096774193548,0.4838709677419355,0.03225806451612903,0.4838709677419355,0.21009666666666668
2023-02-02,Utilities,8,0.310825,0.875,0.0,0.125,0.29441666666666666
2023-02-03,Comm,6,0.22888333333333333,0.5,0.0,0.5,0.18137
2023-02-03,Consumer,19,0.16422105263157896,0.42105263157894735,0.10526315789473684,0.47368421052631576,0.16105171428571427
2023-02-03,Energy,13,0.03882307692307693,0.3076923076923077,0.3076923076923077,0.38461538461538464,-0.004061666666666658
2023-02-03,Financials,15,0.14710666666666666,0.4666666666666667,0.26666666666666666,0.26666666666666666,0.04166874999999999
2023-02-03,Healthcare,17,-0.04715882352941175,0.11764705882352941,0.11764705882352941,0.7647058823529411,-0.06745916666666667
2023-02-03,Industrials,8,0.2620375,0.625,0.0,0.375,0.28540625
2023-02-03,Materials,9,0.03486666666666667,0.3333333333333333,0.2222222222222222,0.4444444444444444,-0.017229999999999995
2023-02-03,RealEstate,6,0.14083333333333334,0.5,0.0,0.5,0.10512777777777778
2023-02-03,Tech,25,-0.047700000000000006,0.08,0.2,0.72,-0.045935833333333335
2023-02-03,Utilities,9,0.3453333333333333,0.7777777777777778,0.0,0.2222222222222222,0.33467083333333336
2023-02-06,Comm,20,-0.07579,0.05,0.25,0.7,-0.020167499999999988
2023-02-06,Consumer,38,0.02357894736842105,0.23684210526315788,0.13157894736842105,0.631578947368421,0.08302100000000001
2023-02-06,Energy,22,0.05557727272727273,0.36363636363636365,0.3181818181818182,0.3181818181818182,0.03663444444444445
2023-02-06,Financials,19,-0.022152631578947368,0.10526315789473684,0.2631578947368421,0.631578947368421,0.02421666666666667
2023-02-06,Healthcare,22,0.014281818181818184,0.22727272727272727,0.22727272727272727,0.5454545454545454,0.042994000000000004
2023-02-06,Industrials,12,0.08042500000000001,0.25,0.08333333333333333,0.6666666666666666,0.11857222222222223
2023-02-06,Materials,17,-0.11976470588235297,0.17647058823529413,0.29411764705882354,0.5294117647058824,0.08591249999999997
2023-02-06,RealEstate,19,0.12714210526315792,0.3684210526315789,0.21052631578947367,0.42105263157894735,0.17055904761904764
2023-02-06,Tech,31,0.25118709677419354,0.5161290322580645,0.06451612903225806,0.41935483870967744,0.20531083333333333
2023-02-06,Utilities,15,0.11909333333333333,0.4666666666666667,0.06666666666666667,0.4666666666666667,0.15076666666666666
2023-02-07,Comm,13,0.03737692307692308,0.15384615384615385,0.15384615384615385,0.6923076923076923,0.027477
2023-02-07,Consumer,14,0.15223571428571428,0.35714285714285715,0.0,0.6428571428571429,0.15190208333333333
2023-02-07,Energy,17,0.16170588235294117,0.4117647058823529,0.17647058823529413,0.4117647058823529,0.0007771428571428541
2023-02-07,Financials,19,0.19779473684210527,0.5263157894736842,0.15789473684210525,0.3157894736842105,0.24303333333333335
2023-02-07,Healthcare,13,0.13701538461538462,0.46153846153846156,0.07692307692307693,0.46153846153846156,0.12206666666666668
2023-02-07,Industrials,6,0.0019666666666666812,0.3333333333333333,0.3333333333333333,0.3333333333333333,-0.0682
2023-02-07,Materials,19,-0.02408947368421052,0.15789473684210525,0.2631578947368421,0.5789473684210527,-0.06531833333333334
2023-02-07,RealEstate,6,0.1153,0.3333333333333333,0.16666666666666666,0.5,0.06042222222222222
2023-02-07,Tech,17,0.18101764705882353,0.47058823529411764,0.0,0.5294117647058824,0.19244266666666668
2023-02-07,Utilities,10,0.29295,0.7,0.0,0.3,0.2514208333333333
2023-02-08,Comm,5,0.11798,0.2,0.2,0.6,0.0737375
2023-02-08,Consumer,39,0.1296923076923077,0.358974358974359,0.07692307692307693,0.5641025641025641,0.10050971428571429
2023-02-08,Energy,19,0.1593315789473684,0.42105263157894735,0.15789473684210525,0.42105263157894735,0.08533444444444445
2023-02-08,Financials,16,0.017625000000000002,0.1875,0.0625,0.75,0.0311
2023-02-08,Healthcare,15,0.12006666666666667,0.26666666666666666,0.06666666666666667,0.6666666666666666,0.050586
2023-02-08,Industrials,4,0.273175,0.5,0.0,0.5,0.3160833333333333
2023-02-08,Materials,3,0.13396666666666665,0.3333333333333333,0.0,0.6666666666666666,0.13396666666666665
2023-02-08,RealEstate,5,0.0,0.0,0.0,1.0,0.0
2023-02-08,Tech,17,0.02041176470588235,0.23529411764705882,0.11764705882352941,0.6470588235294118,0.10057160714285714
2023-02-08,Utilities,18,0.22492222222222225,0.7222222222222222,0.0,0.2777777777777778,0.238755303030303
2023-02-09,Comm,6,0.060200000000000004,0.16666666666666666,0.0,0.8333333333333334,0.030100000000000002
2023-02-09,Consumer,43,0.0698139534883721,0.37209302325581395,0.18604651162790697,0.4418604651162791,0.0712151724137931
2023-02-09,Energy,23,0.07513478260869565,0.34782608695652173,0.2608695652173913,0.391304347826087,0.11847390476190475
2023-02-09,Financials,15,-0.09060666666666667,0.2,0.3333333333333333,0.4666666666666667,-0.03314999999999998
2023-02-09,Healthcare,29,0.10916551724137931,0.5517241379310345,0.1724137931034483,0.27586206896551724,0.008086142857142865
2023-02-09,Industrials,9,0.16216666666666668,0.4444444444444444,0.1111111111111111,0.4444444444444444,0.13476666666666667
2023-02-09,Materials,8,0.024474999999999997,0.125,0.25,0.625,-0.060337499999999995
2023-02-09,RealEstate,8,0.08265,0.25,0.125,0.625,0.1639375
2023-02-09,Tech,19,0.2596157894736842,0.6842105263157895,0.10526315789473684,0.21052631578947367,0.21136499999999997
2023-02-09,Utilities,15,0.25842,0.8,0.0,0.2,0.21886
2023-02-10,Comm,5,0.1061,0.4,0.2,0.4,0.11038749999999999
2023-02-10,Consumer,18,0.16765,0.3333333333333333,0.0,0.6666666666666666,0.11233599999999999
2023-02-10,Energy,24,0.12988333333333335,0.2916666666666667,0.041666666666666664,0.6666666666666666,0.13065708333333334
2023-02-10,Financials,6,0.1862,0.3333333333333333,0.16666666666666666,0.5,0.13965
2023-02-10,Healthcare,5,0.11148,0.2,0.0,0.8,0.1858
2023-02-10,Industrials,5,0.0,0.0,0.0,1.0,0.0
2023-02-10,Materials,3,0.1468,0.3333333333333333,0.0,0.6666666666666666,0.1101
2023-02-10,RealEstate,4,0.46765,0.75,0.0,0.25,0.4179166666666667
2023-02-10,Tech,18,0.01830555555555556,0.3333333333333333,0.3888888888888889,0.2777777777777778,0.026444444444444444
2023-02-10,Utilities,4,0.0683,0.25,0.0,0.75,0.09106666666666667
2023-02-13,Comm,9,0.029844444444444437,0.2222222222222222,0.2222222222222222,0.5555555555555556,0.03994
2023-02-13,Consumer,41,0.13416829268292682,0.34146341463414637,0.0,0.6585365853658537,0.13103913636363634
2023-02-13,Energy,31,0.2510516129032258,0.6451612903225806,0.0,0.3548387096774194,0.27975944444444445
2023-02-13,Financials,9,0.13314444444444443,0.4444444444444444,0.0,0.5555555555555556,0.14683333333333334
2023-02-13,Healthcare,12,0.12078333333333334,0.25,0.0,0.75,0.10701000000000001
2023-02-13,Industrials,8,0.12316250000000001,0.375,0.125,0.5,0.14845000000000003
2023-02-13,Materials,8,-0.003225,0.0,0.0,1.0,-0.003225
2023-02-13,RealEstate,10,0.4176,0.7,0.1,0.2,0.44425
2023-02-13,Tech,39,0.1794948717948718,0.5128205128205128,0.1282051282051282,0.358974358974359,0.20688285714285715
2023-02-13,Utilities,9,0.23784444444444444,0.5555555555555556,0.1111111111111111,0.3333333333333333,0.22849583333333334
2023-02-14,Comm,4,0.0,0.0,0.0,1.0,0.0
2023-02-14,Consumer,37,0.1879,0.4864864864864865,0.08108108108108109,0.43243243243243246,0.263443393939394
2023-02-14,Energy,12,-0.07975833333333333,0.08333333333333333,0.25,0.6666666666666666,-0.06863
2023-02-14,Financials,20,0.08291,0.45,0.25,0.3,-0.02954066666666667
2023-02-14,Healthcare,12,0.24040833333333333,0.5833333333333334,0.08333333333333333,0.3333333333333333,0.26553375
2023-02-14,Industrials,9,0.15742222222222224,0.5555555555555556,0.0,0.4444444444444444,0.10818222222222222
2023-02-14,Materials,3,0.07543333333333334,0.3333333333333333,0.0,0.6666666666666666,0.07543333333333334
2023-02-14,RealEstate,8,0.161575,0.625,0.0,0.375,0.15886
2023-02-14,Tech,21,0.2537714285714286,0.5238095238095238,0.047619047619047616,0.42857142857142855,0.21975484848484847
2023-02-14,Utilities,11,0.10548181818181819,0.45454545454545453,0.09090909090909091,0.45454545454545453,0.12393000000000001
2023-02-15,Comm,9,0.15087777777777778,0.4444444444444444,0.2222222222222222,0.3333333333333333,0.18669666666666665
2023-02-15,Consumer,16,0.03314375,0.25,0.1875,0.5625,0.007505833333333323
2023-02-15,Energy,10,-0.02732,0.1,0.2,0.7,0.060711111111111105
2023-02-15,Financials,15,-0.013273333333333337,0.3333333333333333,0.3333333333333333,0.3333333333333333,-0.077684375
2023-02-15,Healthcare,7,0.06512857142857142,0.42857142857142855,0.14285714285714285,0.42857142857142855,0.06080555555555556
2023-02-15,Industrials,6,0.024716666666666665,0.16666666666666666,0.16666666666666666,0.6666666666666666,0.024716666666666665
2023-02-15,Materials,10,0.11745000000000001,0.5,0.1,0.4,0.08389285714285714
2023-02-15,RealEstate,5,0.01544,0.2,0.0,0.8,0.008577777777777778
2023-02-15,Tech,11,0.06459090909090909,0.36363636363636365,0.09090909090909091,0.5454545454545454,-0.009739999999999993
2023-02-15,Utilities,5,0.23655999999999996,0.8,0.0,0.2,0.221775
2023-02-16,Comm,7,0.0507,0.14285714285714285,0.14285714285714285,0.7142857142857143,0.02366
2023-02-16,Consumer,24,0.016925,0.16666666666666666,0.20833333333333334,0.625,0.006370666666666663
2023-02-16,Energy,21,0.12930952380952382,0.42857142857142855,0.14285714285714285,0.42857142857142855,0.13395955555555555
2023-02-16,Financials,15,0.06422666666666667,0.26666666666666666,0.2,0.5333333333333333,0.04416
2023-02-16,Healthcare,22,0.12256818181818181,0.3181818181818182,0.0,0.6818181818181818,0.12758466666666665
2023-02-16,Industrials,12,0.17954166666666663,0.5,0.08333333333333333,0.4166666666666667,0.17239374999999998
2023-02-16,Materials,7,0.10854285714285714,0.42857142857142855,0.14285714285714285,0.42857142857142855,0.09497499999999999
2023-02-16,RealEstate,6,0.007683333333333338,0.3333333333333333,0.3333333333333333,0.3333333333333333,0.022638888888888892
2023-02-16,Tech,27,0.16790740740740742,0.37037037037037035,0.037037037037037035,0.5925925925925926,0.17857883116883116
2023-02-16,Utilities,16,0.18653125,0.4375,0.0,0.5625,0.19308645833333332
2023-02-17,Comm,4,0.495425,1.0,0.0,0.0,0.44631666666666664
2023-02-17,Consumer,14,0.11043571428571429,0.35714285714285715,0.0,0.6428571428571429,0.11788571428571429
2023-02-17,Energy,14,0.017642857142857144,0.35714285714285715,0.2857142857142857,0.35714285714285715,0.13352410714285715
2023-02-17,Financials,14,0.11729285714285713,0.42857142857142855,0.14285714285714285,0.42857142857142855,0.22298999999999997
2023-02-17,Healthcare,14,0.11034285714285715,0.35714285714285715,0.14285714285714285,0.5,0.14122666666666667
2023-02-17,Industrials,9,0.03972222222222222,0.3333333333333333,0.3333333333333333,0.3333333333333333,0.03679166666666666
2023-02-17,Materials,6,-0.04846666666666668,0.16666666666666666,0.3333333333333333,0.5,-0.02423333333333334
2023-02-17,RealEstate,5,0.0,0.2,0.2,0.6,0.0
2023-02-17,Tech,23,0.11672173913043479,0.30434782608695654,0.043478260869565216,0.6521739130434783,0.09892727272727272
2023-02-17,Utilities,10,0.04903999999999999,0.3,0.2,0.5,0.04086666666666666
2023-02-21,Comm,20,0.13677,0.3,0.1,0.6,0.1004447619047619
2023-02-21,Consumer,91,0.06598791208791209,0.3626373626373626,0.21978021978021978,0.4175824175824176,0.11767893650793651
2023-02-21,Energy,34,0.08838823529411766,0.35294117647058826,0.08823529411764706,0.5588235294117647,0.1161750505050505
2023-02-21,Financials,18,-0.013005555555555553,0.2222222222222222,0.2777777777777778,0.5,0.0012510000000000021
2023-02-21,Healthcare,26,0.014276923076923076,0.3076923076923077,0.19230769230769232,0.5,0.023423000000000006
2023-02-21,Industrials,15,0.26553333333333334,0.5333333333333333,0.06666666666666667,0.4,0.24467125
2023-02-21,Materials,10,-0.05325,0.0,0.3,0.7,-0.044375
2023-02-21,RealEstate,18,0.10468333333333334,0.2222222222222222,0.05555555555555555,0.7222222222222222,0.057897222222222225
2023-02-21,Tech,39,0.1415717948717949,0.358974358974359,0.02564102564102564,0.6153846153846154,0.11084727272727272
2023-02-21,Utilities,18,0.17235,0.3888888888888889,0.05555555555555555,0.5555555555555556,0.04896111111111111
2023-02-22,Comm,9,0.1716777777777778,0.4444444444444444,0.0,0.5555555555555556,0.18483888888888889
2023-02-22,Consumer,29,0.09024827586206896,0.3103448275862069,0.1724137931034483,0.5172413793103449,0.08917590476190476
2023-02-22,Energy,17,0.1552235294117647,0.47058823529411764,0.0,0.5294117647058824,0.11466400000000002
2023-02-22,Financials,16,0.07934375,0.25,0.125,0.625,0.07277375
2023-02-22,Healthcare,20,0.10245000000000001,0.4,0.05,0.55,0.09284200000000001
2023-02-22,Industrials,5,0.0,0.0,0.0,1.0,0.0
2023-02-22,Materials,8,0.11637499999999999,0.25,0.25,0.5,0.11326666666666667
2023-02-22,RealEstate,11,0.10941818181818182,0.2727272727272727,0.0,0.7272727272727273,0.09192708333333333
2023-02-22,Tech,41,0.08893658536585365,0.24390243902439024,0.04878048780487805,0.7073170731707317,0.112917
2023-02-22,Utilities,7,0.15464285714285714,0.2857142857142857,0.0,0.7142857142857143,0.18041666666666667
2023-02-23,Comm,9,0.15784444444444443,0.3333333333333333,0.0,0.6666666666666666,0.12297
2023-02-23,Consumer,21,0.1192761904761905,0.38095238095238093,0.14285714285714285,0.47619047619047616,0.10625000000000002
2023-02-23,Energy,19,0.1724,0.5263157894736842,0.05263157894736842,0.42105263157894735,0.17188928571428572
2023-02-23,Financials,14,0.1579857142857143,0.5714285714285714,0.14285714285714285,0.2857142857142857,0.13172166666666668
2023-02-23,Healthcare,5,0.10144000000000002,0.4,0.2,0.4,0.039
2023-02-23,Industrials,7,0.06037142857142857,0.14285714285714285,0.14285714285714285,0.7142857142857143,0.061254166666666665
2023-02-23,Materials,13,-0.002946153846153855,0.23076923076923078,0.3076923076923077,0.46153846153846156,-0.003495833333333339
2023-02-23,RealEstate,20,0.051870000000000006,0.2,0.2,0.6,0.05041500000000001
2023-02-23,Tech,82,0.07973048780487806,0.3902439024390244,0.15853658536585366,0.45121951219512196,0.014443166666666674
2023-02-23,Utilities,12,0.10008333333333334,0.4166666666666667,0.08333333333333333,0.5,0.07072
2023-02-24,Comm,7,-0.0348,0.2857142857142857,0.2857142857142857,0.42857142857142855,0.03900000000000001
2023-02-24,Consumer,14,0.014907142857142857,0.14285714285714285,0.21428571428571427,0.6428571428571429,0.013912500000000003
2023-02-24,Energy,10,0.09521000000000002,0.3,0.1,0.6,0.056115000000000005
2023-02-24,Financials,15,0.06572666666666666,0.26666666666666666,0.06666666666666667,0.6666666666666666,0.10556066666666666
2023-02-24,Healthcare,9,0.18766666666666668,0.4444444444444444,0.1111111111111111,0.4444444444444444,0.14276666666666668
2023-02-24,Industrials,6,0.008316666666666667,0.16666666666666666,0.16666666666666666,0.6666666666666666,0.04507777777777778
2023-02-24,Materials,7,0.12021428571428572,0.42857142857142855,0.14285714285714285,0.42857142857142855,0.10415416666666666
2023-02-24,RealEstate,8,0.0,0.0,0.0,1.0,0.0
2023-02-24,Tech,31,-0.028658064516129032,0.22580645161290322,0.25806451612903225,0.5161290322580645,0.000439833333333331
2023-02-24,Utilities,10,0.10715,0.4,0.0,0.6,0.083665
2023-02-27,Comm,9,0.13425555555555557,0.3333333333333333,0.1111111111111111,0.5555555555555556,0.13425555555555557
2023-02-27,Consumer,28,0.05808214285714286,0.25,0.14285714285714285,0.6071428571428571,0.07535344444444445
2023-02-27,Energy,28,-0.032225,0.07142857142857142,0.14285714285714285,0.7857142857142857,-0.019697714285714284
2023-02-27,Financials,21,0.04153809523809524,0.14285714285714285,0.09523809523809523,0.7619047619047619,-0.011213928571428566
2023-02-27,Healthcare,23,0.09626521739130435,0.30434782608695654,0.08695652173913043,0.6086956521739131,0.08093285714285714
2023-02-27,Industrials,10,0.10127,0.4,0.0,0.6,0.08860625
2023-02-27,Materials,6,0.3266833333333334,0.6666666666666666,0.0,0.3333333333333333,0.30675
2023-02-27,RealEstate,12,0.10045,0.16666666666666666,0.0,0.8333333333333334,0.09504
2023-02-27,Tech,42,0.1355952380952381,0.30952380952380953,0.07142857142857142,0.6190476190476191,0.10289992063492064
2023-02-27,Utilities,12,0.25129166666666664,0.6666666666666666,0.08333333333333333,0.25,0.173532
2023-02-28,Comm,6,0.16405,0.3333333333333333,0.0,0.6666666666666666,0.1230375
2023-02-28,Consumer,13,0.14297692307692308,0.3076923076923077,0.07692307692307693,0.6153846153846154,0.11559833333333334
2023-02-28,Energy,18,0.1328888888888889,0.3333333333333333,0.1111111111111111,0.5555555555555556,0.205912962962963
2023-02-28,Financials,16,0.05784374999999999,0.25,0.1875,0.5625,0.21247020202020198
2023-02-28,Healthcare,11,0.07049090909090909,0.36363636363636365,0.18181818181818182,0.45454545454545453,0.04354666666666667
2023-02-28,Industrials,10,0.21983999999999998,0.7,0.1,0.2,0.2218611111111111
2023-02-28,Materials,1,0.5106,1.0,0.0,0.0,0.5106
2023-02-28,RealEstate,3,0.2194,0.6666666666666666,0.0,0.3333333333333333,0.16455
2023-02-28,Tech,20,0.22342,0.4,0.05,0.55,0.31204464285714284
2023-02-28,Utilities,5,0.23666,0.6,0.0,0.4,0.227525
2023-03-01,Comm,14,0.06545714285714285,0.35714285714285715,0.14285714285714285,0.5,-0.033397500000000004
2023-03-01,Consumer,28,0.08810714285714286,0.32142857142857145,0.03571428571428571,0.6428571428571429,0.09564033333333334
2023-03-01,Energy,14,0.0985357142857143,0.2857142857142857,0.14285714285714285,0.5714285714285714,0.07892708333333333
2023-03-01,Financials,19,0.04792105263157895,0.2631578947368421,0.10526315789473684,0.631578947368421,0.09284666666666666
2023-03-01,Healthcare,15,0.03066,0.2,0.26666666666666666,0.5333333333333333,0.028242000000000007
2023-03-01,Industrials,19,0.0072578947368421125,0.2631578947368421,0.21052631578947367,0.5263157894736842,0.055325
2023-03-01,Materials,8,0.1828125,0.625,0.125,0.25,0.15888666666666668
2023-03-01,RealEstate,5,0.02278,0.2,0.0,0.8,0.028475
2023-03-01,Tech,26,0.1679,0.46153846153846156,0.07692307692307693,0.46153846153846156,0.183314126984127
2023-03-01,Utilities,4,0.26525,0.5,0.0,0.5,0.35366666666666663
2023-03-02,Comm,13,0.2031,0.5384615384615384,0.07692307692307693,0.38461538461538464,0.23134666666666667
2023-03-02,Consumer,26,0.2112269230769231,0.6153846153846154,0.11538461538461539,0.2692307692307692,0.2024008658008658
2023-03-02,Energy,17,0.19341176470588237,0.47058823529411764,0.0,0.5294117647058824,0.27628833333333336
2023-03-02,Financials,14,0.14202142857142858,0.35714285714285715,0.0,0.6428571428571429,0.13739400000000002
2023-03-02,Healthcare,13,0.06605384615384616,0.38461538461538464,0.23076923076923078,0.38461538461538464,0.039298333333333345
2023-03-02,Industrials,4,0.30285,0.75,0.0,0.25,0.33355
2023-03-02,Materials,8,-0.06558749999999999,0.0,0.25,0.75,-0.043725
2023-03-02,RealEstate,6,0.23943333333333336,0.6666666666666666,0.16666666666666666,0.16666666666666666,0.23394444444444443
2023-03-02,Tech,30,0.10085000000000001,0.43333333333333335,0.2,0.36666666666666664,0.08108595238095237
2023-03-02,Utilities,3,0.09106666666666667,0.3333333333333333,0.0,0.6666666666666666,0.09106666666666667
2023-03-03,Comm,2,-0.1858,0.0,0.5,0.5,-0.1858
2023-03-03,Consumer,9,0.18843333333333334,0.4444444444444444,0.1111111111111111,0.4444444444444444,-0.024616666666666676
2023-03-03,Energy,11,0.16532727272727274,0.45454545454545453,0.09090909090909091,0.45454545454545453,0.15702291666666668
2023-03-03,Financials,15,0.06276666666666665,0.26666666666666666,0.13333333333333333,0.6,0.00871666666666666
2023-03-03,Healthcare,6,0.26543333333333335,0.5,0.0,0.5,0.26543333333333335
2023-03-03,Industrials,8,0.06797500000000001,0.25,0.125,0.625,0.14519583333333333
2023-03-03,Materials,8,0.0007749999999999979,0.125,0.25,0.625,0.0003099999999999992
2023-03-03,RealEstate,4,-0.0129,0.0,0.25,0.75,-0.0129
2023-03-03,Tech,24,0.19255,0.4166666666666667,0.041666666666666664,0.5416666666666666,0.2062848888888889
2023-03-03,Utilities,3,0.03463333333333334,0.6666666666666666,0.3333333333333333,0.0,0.03463333333333334
2023-03-06,Comm,7,0.028900000000000002,0.14285714285714285,0.0,0.8571428571428571,0.02023
2023-03-06,Consumer,28,0.042042857142857146,0.2857142857142857,0.14285714285714285,0.5714285714285714,-0.040311
2023-03-06,Energy,40,0.09298000000000001,0.4,0.2,0.4,0.05377766666666667
2023-03-06,Financials,17,0.10982352941176471,0.29411764705882354,0.058823529411764705,0.6470588235294118,0.10145654761904761
2023-03-06,Healthcare,23,0.07906086956521739,0.34782608695652173,0.08695652173913043,0.5652173913043478,0.06327033333333335
2023-03-06,Industrials,12,0.18991666666666665,0.5,0.0,0.5,0.20092500000000002
2023-03-06,Materials,6,0.05666666666666667,0.16666666666666666,0.0,0.8333333333333334,0.0425
2023-03-06,RealEstate,11,0.03370000000000001,0.36363636363636365,0.18181818181818182,0.45454545454545453,0.04136
2023-03-06,Tech,33,0.06906969696969698,0.21212121212121213,0.09090909090909091,0.696969696969697,0.07911199999999999
2023-03-06,Utilities,9,0.11736666666666667,0.4444444444444444,0.1111111111111111,0.4444444444444444,0.0440125
2023-03-07,Comm,5,0.15453999999999998,0.4,0.0,0.6,0.19317499999999999
2023-03-07,Consumer,21,0.1708714285714286,0.38095238095238093,0.0,0.6190476190476191,0.16452333333333333
2023-03-07,Energy,25,0.132556,0.28,0.16,0.56,0.12144666666666666
2023-03-07,Financials,15,0.21345333333333333,0.4666666666666667,0.06666666666666667,0.4666666666666667,0.24231166666666665
2023-03-07,Healthcare,8,0.2146625,0.625,0.0,0.375,0.1826875
2023-03-07,Industrials,5,0.25498,0.6,0.0,0.4,0.2940583333333333
2023-03-07,Materials,6,0.07945,0.16666666666666666,0.0,0.8333333333333334,0.0595875
2023-03-07,RealEstate,3,0.1468,0.3333333333333333,0.0,0.6666666666666666,0.1101
2023-03-07,Tech,28,0.06786428571428572,0.17857142857142858,0.14285714285714285,0.6785714285714286,0.11298444444444444
2023-03-07,Utilities,13,0.1092846153846154,0.23076923076923078,0.0,0.7692307692307693,0.08139666666666667
2023-03-08,Comm,3,0.035066666666666656,0.3333333333333333,0.3333333333333333,0.3333333333333333,-0.079075
2023-03-08,Consumer,11,0.2569909090909091,0.6363636363636364,0.09090909090909091,0.2727272727272727,0.25326166666666666
2023-03-08,Energy,31,0.14049354838709677,0.3870967741935484,0.06451612903225806,0.5483870967741935,0.14941619047619048
2023-03-08,Financials,23,0.05893478260869565,0.2608695652173913,0.13043478260869565,0.6086956521739131,0.06828730158730159
2023-03-08,Healthcare,17,0.08545294117647059,0.29411764705882354,0.058823529411764705,0.6470588235294118,0.056163
2023-03-08,Industrials,10,0.18822,0.6,0.1,0.3,0.18509166666666665
2023-03-08,Materials,7,0.13027142857142857,0.42857142857142855,0.14285714285714285,0.42857142857142855,0.123875
2023-03-08,RealEstate,5,0.19782,0.6,0.0,0.4,0.237625
2023-03-08,Tech,23,0.09958260869565218,0.391304347826087,0.13043478260869565,0.4782608695652174,0.08803611111111112
2023-03-08,Utilities,5,0.09197999999999999,0.6,0.4,0.0,-0.018375000000000016
2023-03-09,Comm,8,-0.04532499999999999,0.125,0.25,0.625,-0.030216666666666663
2023-03-09,Consumer,21,0.10677619047619048,0.38095238095238093,0.09523809523809523,0.5238095238095238,0.10084
2023-03-09,Energy,21,0.20579999999999998,0.5238095238095238,0.047619047619047616,0.42857142857142855,0.25682866666666665
2023-03-09,Financials,15,0.023833333333333328,0.3333333333333333,0.2,0.4666666666666667,0.047027
2023-03-09,Healthcare,17,0.1458235294117647,0.4117647058823529,0.058823529411764705,0.5294117647058824,0.12732333333333334
2023-03-09,Industrials,16,0.10308125,0.3125,0.0625,0.625,0.101525
2023-03-09,Materials,7,-0.021871428571428573,0.0,0.14285714285714285,0.8571428571428571,-0.02551666666666667
2023-03-09,RealEstate,9,0.05574444444444445,0.2222222222222222,0.0,0.7777777777777778,0.0627125
2023-03-09,Tech,29,0.15355172413793106,0.3448275862068966,0.034482758620689655,0.6206896551724138,0.1660287878787879
2023-03-09,Utilities,3,0.10606666666666666,0.3333333333333333,0.0,0.6666666666666666,0.07955
2023-03-10,Comm,8,0.0803375,0.25,0.0,0.75,0.04284666666666667
2023-03-10,Consumer,21,0.12322380952380951,0.3333333333333333,0.047619047619047616,0.6190476190476191,0.12061199999999998
2023-03-10,Energy,18,0.09818333333333334,0.2777777777777778,0.1111111111111111,0.6111111111111112,0.1443116666666667
2023-03-10,Financials,23,0.0329608695652174,0.34782608695652173,0.13043478260869565,0.5217391304347826,0.0075823333333333385
2023-03-10,Healthcare,9,0.14783333333333332,0.3333333333333333,0.0,0.6666666666666666,0.21540416666666665
2023-03-10,Industrials,14,0.14705714285714283,0.42857142857142855,0.07142857142857142,0.5,0.12855535714285715
2023-03-10,Materials,5,0.11800000000000002,0.4,0.0,0.6,0.10500000000000001
2023-03-10,RealEstate,9,0.30587777777777775,0.4444444444444444,0.1111111111111111,0.4444444444444444,0.26161999999999996
2023-03-10,Tech,25,0.102536,0.32,0.04,0.64,0.06640625
2023-03-10,Utilities,7,0.27878571428571425,0.5714285714285714,0.0,0.42857142857142855,0.27644583333333334
2023-03-13,Comm,10,0.08273,0.2,0.1,0.7,0.10773222222222223
2023-03-13,Consumer,41,0.1464878048780488,0.4146341463414634,0.0975609756097561,0.4878048780487805,0.053982190476190475
2023-03-13,Energy,30,0.15665,0.5333333333333333,0.16666666666666666,0.3,0.15785444444444444
2023-03-13,Financials,45,-0.1190088888888889,0.24444444444444444,0.4222222222222222,0.3333333333333333,-0.07964403030303031
2023-03-13,Healthcare,18,0.15185555555555555,0.3888888888888889,0.0,0.6111111111111112,0.1411257142857143
2023-03-13,Industrials,18,0.20361666666666667,0.4444444444444444,0.0,0.5555555555555556,0.165595
2023-03-13,Materials,8,0.1749,0.25,0.0,0.75,0.13992
2023-03-13,RealEstate,11,0.0439,0.18181818181818182,0.09090909090909091,0.7272727272727273,0.021646666666666665
2023-03-13,Tech,28,0.07417142857142857,0.25,0.07142857142857142,0.6785714285714286,0.058681000000000004
2023-03-13,Utilities,5,0.31917999999999996,0.8,0.0,0.2,0.3269875
2023-03-14,Comm,3,0.0,0.0,0.0,1.0,0.0
2023-03-14,Consumer,19,0.039726315789473686,0.15789473684210525,0.10526315789473684,0.7368421052631579,-0.04649666666666667
2023-03-14,Energy,24,0.212,0.625,0.08333333333333333,0.2916666666666667,0.21197166666666667
2023-03-14,Financials,27,0.0525,0.4074074074074074,0.18518518518518517,0.4074074074074074,0.17148380952380954
2023-03-14,Healthcare,15,0.024133333333333336,0.26666666666666666,0.13333333333333333,0.6,-0.015801333333333327
2023-03-14,Industrials,7,0.2444,0.7142857142857143,0.0,0.2857142857142857,0.26141666666666663
2023-03-14,Materials,13,0.0980923076923077,0.38461538461538464,0.07692307692307693,0.5384615384615384,0.07970000000000001
2023-03-14,RealEstate,7,0.1447857142857143,0.42857142857142855,0.0,0.5714285714285714,0.20270000000000002
2023-03-14,Tech,18,0.23081666666666667,0.4444444444444444,0.0,0.5555555555555556,0.19093854166666666
2023-03-14,Utilities,5,0.09272,0.4,0.2,0.4,-0.004044444444444443
2023-03-15,Comm,9,0.23617777777777776,0.5555555555555556,0.0,0.4444444444444444,0.22643333333333335
2023-03-15,Consumer,20,0.074985,0.25,0.1,0.65,0.06556166666666667
2023-03-15,Energy,28,0.15195714285714287,0.5,0.03571428571428571,0.4642857142857143,0.1294664285714286
2023-03-15,Financials,26,-0.029253846153846148,0.3076923076923077,0.19230769230769232,0.5,0.011017111111111116
2023-03-15,Healthcare,14,0.13205714285714285,0.5,0.14285714285714285,0.35714285714285715,0.08162666666666667
2023-03-15,Industrials,9,0.06784444444444444,0.2222222222222222,0.1111111111111111,0.6666666666666666,0.057975000000000006
2023-03-15,Materials,15,0.10972,0.3333333333333333,0.06666666666666667,0.6,0.08374181818181818
2023-03-15,RealEstate,10,0.15362,0.5,0.0,0.5,0.1579425
2023-03-15,Tech,19,0.04841578947368421,0.3157894736842105,0.15789473684210525,0.5263157894736842,-0.012914761904761905
2023-03-15,Utilities,9,0.31826666666666664,0.6666666666666666,0.1111111111111111,0.2222222222222222,0.29046875
2023-03-16,Comm,14,0.2031214285714286,0.5,0.0,0.5,0.11239785714285716
2023-03-16,Consumer,15,0.05087333333333333,0.4,0.26666666666666666,0.3333333333333333,0.029326666666666674
2023-03-16,Energy,15,-0.05372666666666666,0.26666666666666666,0.2,0.5333333333333333,-0.04001199999999999
2023-03-16,Financials,26,-0.06174615384615383,0.11538461538461539,0.3076923076923077,0.5769230769230769,-0.1286202777777778
2023-03-16,Healthcare,9,0.008555555555555558,0.2222222222222222,0.2222222222222222,0.5555555555555556,0.04588
2023-03-16,Industrials,6,0.1856,0.3333333333333333,0.0,0.6666666666666666,0.3712
2023-03-16,Materials,7,0.06842857142857144,0.2857142857142857,0.14285714285714285,0.5714285714285714,0.1287777777777778
2023-03-16,RealEstate,8,0.2008,0.5,0.0,0.5,0.23317500000000002
2023-03-16,Tech,49,0.07618571428571429,0.2857142857142857,0.061224489795918366,0.6530612244897959,0.11155481818181819
2023-03-16,Utilities,9,0.16211111111111112,0.5555555555555556,0.1111111111111111,0.3333333333333333,0.1459
2023-03-17,Comm,4,0.050575,0.25,0.0,0.75,0.10115
2023-03-17,Consumer,17,0.03260588235294118,0.35294117647058826,0.17647058823529413,0.47058823529411764,-0.02581300000000001
2023-03-17,Energy,11,0.052300000000000006,0.18181818181818182,0.09090909090909091,0.7272727272727273,0.06299166666666667
2023-03-17,Financials,28,-0.08700357142857143,0.2857142857142857,0.32142857142857145,0.39285714285714285,-0.04826114285714286
2023-03-17,Healthcare,8,0.0441,0.5,0.125,0.375,0.11496666666666666
2023-03-17,Industrials,6,0.07898333333333334,0.3333333333333333,0.0,0.6666666666666666,0.0691
2023-03-17,Materials,12,0.07368333333333334,0.3333333333333333,0.16666666666666666,0.5,0.02996190476190477
2023-03-17,RealEstate,6,0.26591666666666663,0.5,0.0,0.5,0.1994375
2023-03-17,Tech,37,0.08805405405405406,0.2702702702702703,0.0,0.7297297297297297,0.054474749999999995
2023-03-17,Utilities,11,0.2356909090909091,0.7272727272727273,0.0,0.2727272727272727,0.23022083333333332
2023-03-20,Comm,11,0.19788181818181816,0.5454545454545454,0.18181818181818182,0.2727272727272727,0.183634
2023-03-20,Consumer,26,0.06495384615384615,0.23076923076923078,0.038461538461538464,0.7307692307692307,0.042434285714285716
2023-03-20,Energy,29,0.24513103448275864,0.6206896551724138,0.10344827586206896,0.27586206896551724,0.26259466666666664
2023-03-20,Financials,40,0.12215500000000001,0.425,0.125,0.45,0.13583814285714285
2023-03-20,Healthcare,20,0.123285,0.4,0.1,0.5,0.08144933333333335
2023-03-20,Industrials,11,0.12605454545454545,0.2727272727272727,0.0,0.7272727272727273,0.09899583333333334
2023-03-20,Materials,8,0.2275625,0.625,0.125,0.25,0.23766111111111113
2023-03-20,RealEstate,8,0.050725000000000006,0.25,0.125,0.625,0.050725000000000006
2023-03-20,Tech,44,0.16192954545454546,0.38636363636363635,0.06818181818181818,0.5454545454545454,0.14129133333333332
2023-03-20,Utilities,10,0.2023,0.4,0.1,0.5,0.13736666666666666
2023-03-21,Comm,13,0.10478461538461539,0.3076923076923077,0.07692307692307693,0.6153846153846154,0.084422
2023-03-21,Consumer,21,0.1494285714285714,0.38095238095238093,0.047619047619047616,0.5714285714285714,0.17717777777777777
2023-03-21,Energy,16,-0.04735000000000001,0.125,0.375,0.5,-0.03979416666666667
2023-03-21,Financials,19,0.08803157894736842,0.3684210526315789,0.15789473684210525,0.47368421052631576,0.12551285714285715
2023-03-21,Healthcare,13,0.14226153846153847,0.38461538461538464,0.0,0.6153846153846154,0.157915
2023-03-21,Industrials,5,0.33026,0.8,0.2,0.0,0.32455000000000006
2023-03-21,Materials,12,0.04085833333333334,0.16666666666666666,0.0,0.8333333333333334,0.02734375
2023-03-21,RealEstate,8,0.46935,0.875,0.0,0.125,0.44950833333333334
2023-03-21,Tech,29,0.01422068965517242,0.2413793103448276,0.13793103448275862,0.6206896551724138,0.076383
2023-03-21,Utilities,5,0.27694,0.8,0.0,0.2,0.2442375
2023-03-22,Comm,6,0.13838333333333333,0.5,0.0,0.5,0.23682777777777778
2023-03-22,Consumer,30,-0.03430333333333334,0.16666666666666666,0.2,0.6333333333333333,-0.0445123076923077
2023-03-22,Energy,22,0.09809090909090909,0.36363636363636365,0.22727272727272727,0.4090909090909091,0.13186916666666665
2023-03-22,Financials,21,0.09237619047619047,0.3333333333333333,0.14285714285714285,0.5238095238095238,0.057744285714285706
2023-03-22,Healthcare,20,0.014959999999999998,0.05,0.05,0.9,0.011967999999999998
2023-03-22,Industrials,5,0.18238000000000001,0.4,0.0,0.6,0.20865
2023-03-22,Materials,6,0.08218333333333334,0.3333333333333333,0.0,0.6666666666666666,0.09775833333333334
2023-03-22,RealEstate,3,0.23206666666666667,0.6666666666666666,0.0,0.3333333333333333,0.23206666666666667
2023-03-22,Tech,39,0.10832820512820514,0.23076923076923078,0.02564102564102564,0.7435897435897436,0.0671015037593985
2023-03-22,Utilities,8,0.0683,0.25,0.0,0.75,0.045533333333333335
2023-03-23,Comm,9,0.1824111111111111,0.4444444444444444,0.0,0.5555555555555556,0.2340375
2023-03-23,Consumer,20,0.11595,0.4,0.15,0.45,0.05046666666666668
2023-03-23,Energy,17,0.1766235294117647,0.5294117647058824,0.0,0.47058823529411764,0.16982166666666668
2023-03-23,Financials,21,-0.002752380952380956,0.3333333333333333,0.2857142857142857,0.38095238095238093,-0.025778333333333337
2023-03-23,Healthcare,11,0.2206636363636364,0.5454545454545454,0.0,0.45454545454545453,0.22970000000000002
2023-03-23,Industrials,4,0.1951,0.5,0.0,0.5,0.13006666666666666
2023-03-23,Materials,9,0.10398888888888888,0.2222222222222222,0.0,0.7777777777777778,0.05849375
2023-03-23,RealEstate,4,0.1365,0.5,0.0,0.5,0.1365
2023-03-23,Tech,35,0.19302285714285713,0.5142857142857142,0.0,0.4857142857142857,0.1406757142857143
2023-03-23,Utilities,7,0.09714285714285716,0.2857142857142857,0.0,0.7142857142857143,0.10625000000000001
2023-03-24,Comm,2,0.31845,0.5,0.0,0.5,0.31845
2023-03-24,Consumer,15,0.10244,0.26666666666666666,0.06666666666666667,0.6666666666666666,0.157884
2023-03-24,Energy,11,0.1764272727272727,0.45454545454545453,0.09090909090909091,0.45454545454545453,0.194102
2023-03-24,Financials,24,-0.09083333333333334,0.20833333333333334,0.3333333333333333,0.4583333333333333,-0.10548969696969698
2023-03-24,Healthcare,11,0.06086363636363636,0.2727272727272727,0.09090909090909091,0.6363636363636364,0.03990166666666667
2023-03-24,Industrials,8,0.051100000000000007,0.25,0.125,0.625,0.09073333333333335
2023-03-24,Materials,1,0.0,0.0,0.0,1.0,0.0
2023-03-24,RealEstate,2,0.17,0.5,0.0,0.5,0.17
2023-03-24,Tech,29,0.04851379310344828,0.1724137931034483,0.06896551724137931,0.7586206896551724,0.04642119047619048
2023-03-24,Utilities,2,0.35015,0.5,0.0,0.5,0.35015
2023-03-27,Comm,13,0.11316153846153847,0.38461538461538464,0.07692307692307693,0.5384615384615384,0.16795714285714283
2023-03-27,Consumer,29,0.15350344827586207,0.4482758620689655,0.06896551724137931,0.4827586206896552,0.11142416666666666
2023-03-27,Energy,25,0.016303999999999996,0.24,0.2,0.56,0.061272499999999994
2023-03-27,Financials,29,0.11788275862068966,0.27586206896551724,0.034482758620689655,0.6896551724137931,0.09948515873015873
2023-03-27,Healthcare,22,0.1531909090909091,0.3181818181818182,0.045454545454545456,0.6363636363636364,0.13018666666666667
2023-03-27,Industrials,17,0.21794117647058825,0.5294117647058824,0.0,0.47058823529411764,0.18905
2023-03-27,Materials,5,0.03440000000000001,0.2,0.2,0.6,0.028666666666666674
2023-03-27,RealEstate,8,0.0981625,0.5,0.0,0.5,0.06766333333333334
2023-03-27,Tech,48,0.14934583333333332,0.4375,0.16666666666666666,0.3958333333333333,0.14500497435897436
2023-03-27,Utilities,7,0.09992857142857144,0.42857142857142855,0.0,0.5714285714285714,0.09494375
2023-03-28,Comm,7,0.1827,0.2857142857142857,0.14285714285714285,0.5714285714285714,0.21742916666666665
2023-03-28,Consumer,22,0.17429545454545456,0.5,0.13636363636363635,0.36363636363636365,0.15801928571428572
2023-03-28,Energy,15,0.030813333333333328,0.26666666666666666,0.06666666666666667,0.6666666666666666,0.08887333333333333
2023-03-28,Financials,16,0.21373125,0.5,0.0625,0.4375,0.22000999999999998
2023-03-28,Healthcare,13,0.20988461538461542,0.46153846153846156,0.07692307692307693,0.46153846153846156,0.19232833333333335
2023-03-28,Industrials,6,0.19818333333333335,0.6666666666666666,0.16666666666666666,0.16666666666666666,0.10886249999999999
2023-03-28,Materials,4,0.371025,0.75,0.0,0.25,0.371025
2023-03-28,RealEstate,2,0.148,0.5,0.0,0.5,0.148
2023-03-28,Tech,20,0.190395,0.45,0.05,0.5,0.12816
2023-03-28,Utilities,7,0.44395714285714283,0.8571428571428571,0.0,0.14285714285714285,0.39759374999999997
2023-03-29,Comm,7,0.1380857142857143,0.2857142857142857,0.0,0.7142857142857143,0.10665833333333334
2023-03-29,Consumer,24,0.17804166666666665,0.4166666666666667,0.08333333333333333,0.5,0.12297333333333334
2023-03-29,Energy,29,0.04978620689655172,0.2413793103448276,0.1724137931034483,0.5862068965517241,0.04028988888888889
2023-03-29,Financials,20,-0.031549999999999995,0.25,0.2,0.55,0.028922833333333335
2023-03-29,Healthcare,12,0.09710833333333334,0.25,0.08333333333333333,0.6666666666666666,0.055336666666666666
2023-03-29,Industrials,12,0.033391666666666674,0.3333333333333333,0.16666666666666666,0.5,0.062268750000000005
2023-03-29,Materials,8,0.3173,0.75,0.25,0.0,0.14385555555555554
2023-03-29,RealEstate,5,0.19362000000000001,0.8,0.0,0.2,0.2021888888888889
2023-03-29,Tech,26,0.10580384615384616,0.2692307692307692,0.038461538461538464,0.6923076923076923,0.10061
2023-03-29,Utilities,8,0.14345000000000002,0.375,0.125,0.5,0.07046250000000001
2023-03-30,Comm,6,0.19953333333333334,0.5,0.0,0.5,0.20591666666666666
2023-03-30,Consumer,26,0.13768846153846154,0.4230769230769231,0.11538461538461539,0.46153846153846156,0.11552115384615384
2023-03-30,Energy,16,0.136625,0.3125,0.0625,0.625,0.07989666666666667
2023-03-30,Financials,17,0.22996470588235293,0.47058823529411764,0.058823529411764705,0.47058823529411764,0.24606309523809522
2023-03-30,Healthcare,13,-0.016092307692307697,0.23076923076923078,0.23076923076923078,0.5384615384615384,0.0017062499999999994
2023-03-30,Industrials,6,0.31634999999999996,0.8333333333333334,0.0,0.16666666666666666,0.3257777777777778
2023-03-30,Materials,6,0.1057,0.6666666666666666,0.16666666666666666,0.16666666666666666,0.16655
2023-03-30,RealEstate,7,0.12295714285714286,0.2857142857142857,0.0,0.7142857142857143,0.11796111111111111
2023-03-30,Tech,31,0.1390032258064516,0.3870967741935484,0.03225806451612903,0.5806451612903226,0.16753085714285715
2023-03-30,Utilities,5,0.29097999999999996,0.6,0.0,0.4,0.2148625
2023-03-31,Comm,9,0.2453,0.6666666666666666,0.0,0.3333333333333333,0.3276422222222222
2023-03-31,Consumer,24,0.08901250000000001,0.4166666666666667,0.08333333333333333,0.5,0.07924142857142857
2023-03-31,Energy,14,0.11592857142857145,0.2857142857142857,0.0,0.7142857142857143,0.140608
2023-03-31,Financials,13,0.1295230769230769,0.38461538461538464,0.15384615384615385,0.46153846153846156,0.14908133333333334
2023-03-31,Healthcare,11,0.12392727272727275,0.45454545454545453,0.18181818181818182,0.36363636363636365,0.1334625
2023-03-31,Industrials,6,-0.045533333333333335,0.16666666666666666,0.3333333333333333,0.5,-0.049244444444444445
2023-03-31,Materials,5,0.047860000000000014,0.4,0.4,0.2,0.03988333333333335
2023-03-31,RealEstate,4,0.22587500000000002,0.75,0.0,0.25,0.24450000000000002
2023-03-31,Tech,22,0.21570909090909088,0.5454545454545454,0.045454545454545456,0.4090909090909091,0.17308566666666667
2023-03-31,Utilities,8,0.19115,0.5,0.0,0.5,0.1426111111111111
2023-04-03,Comm,18,0.21683888888888891,0.5555555555555556,0.05555555555555555,0.3888888888888889,0.16664107142857143
2023-04-03,Consumer,47,0.13317234042553192,0.40425531914893614,0.14893617021276595,0.44680851063829785,0.11564195488721804
2023-04-03,Energy,64,-0.05380625,0.34375,0.421875,0.234375,-0.04670276315789473
2023-04-03,Financials,28,0.11325357142857143,0.42857142857142855,0.17857142857142858,0.39285714285714285,0.1105602380952381
2023-04-03,Healthcare,16,-0.0023375000000000062,0.1875,0.1875,0.625,-0.04046466666666667
2023-04-03,Industrials,10,0.16504,0.4,0.0,0.6,0.11641875000000002
2023-04-03,Materials,5,-0.10533999999999999,0.0,0.2,0.8,-0.0658375
2023-04-03,RealEstate,9,0.09150000000000001,0.3333333333333333,0.1111111111111111,0.5555555555555556,0.08531000000000002
2023-04-03,Tech,64,0.1748203125,0.5,0.09375,0.40625,0.15019211060204163
2023-04-03,Utilities,8,0.33555,0.75,0.0,0.25,0.30360624999999997
2023-04-04,Comm,12,0.10116666666666667,0.25,0.08333333333333333,0.6666666666666666,0.059763
2023-04-04,Consumer,13,0.08286923076923078,0.23076923076923078,0.07692307692307693,0.6923076923076923,0.12417666666666667
2023-04-04,Energy,33,0.2795818181818182,0.5454545454545454,0.0,0.45454545454545453,0.2448036507936508
2023-04-04,Financials,29,-0.10221379310344827,0.3103448275862069,0.4827586206896552,0.20689655172413793,-0.06442299999999998
2023-04-04,Healthcare,15,0.12857333333333335,0.5333333333333333,0.06666666666666667,0.4,0.20949583333333333
2023-04-04,Industrials,16,0.05276249999999999,0.4375,0.1875,0.375,0.09211696428571428
2023-04-04,Materials,6,0.08325,0.3333333333333333,0.0,0.6666666666666666,0.11621111111111111
2023-04-04,RealEstate,7,0.22892857142857143,0.5714285714285714,0.0,0.42857142857142855,0.16390625
2023-04-04,Tech,33,0.10433333333333333,0.30303030303030304,0.06060606060606061,0.6363636363636364,0.13741923376623374
2023-04-04,Utilities,7,0.17461428571428575,0.42857142857142855,0.0,0.5714285714285714,0.18112083333333334
2023-04-05,Comm,8,0.088225,0.5,0.0,0.5,0.088225
2023-04-05,Consumer,20,0.079535,0.2,0.05,0.75,0.09757428571428571
2023-04-05,Energy,28,0.04091785714285715,0.32142857142857145,0.17857142857142858,0.5,0.044648961038961044
2023-04-05,Financials,19,-0.011131578947368416,0.2631578947368421,0.15789473684210525,0.5789473684210527,-0.006242857142857142
2023-04-05,Healthcare,15,0.029660000000000006,0.3333333333333333,0.2,0.4666666666666667,0.052146666666666674
2023-04-05,Industrials,11,-0.027436363636363634,0.2727272727272727,0.2727272727272727,0.45454545454545453,0.04348888888888889
2023-04-05,Materials,4,0.306825,0.5,0.0,0.5,0.28400000000000003
2023-04-05,RealEstate,7,0.10591428571428572,0.42857142857142855,0.14285714285714285,0.42857142857142855,0.10591428571428572
2023-04-05,Tech,31,-0.003309677419354832,0.3225806451612903,0.1935483870967742,0.4838709677419355,0.1010967105263158
2023-04-05,Utilities,5,0.10846,0.2,0.0,0.8,0.135575
2023-04-06,Comm,12,0.14165,0.3333333333333333,0.08333333333333333,0.5833333333333334,0.08838
2023-04-06,Consumer,26,0.08738461538461538,0.2692307692307692,0.11538461538461539,0.6153846153846154,0.10606711111111111
2023-04-06,Energy,20,0.169795,0.45,0.1,0.45,0.15520730769230767
2023-04-06,Financials,15,0.09032666666666667,0.26666666666666666,0.26666666666666666,0.4666666666666667,0.18461666666666665
2023-04-06,Healthcare,18,0.02703888888888889,0.2777777777777778,0.16666666666666666,0.5555555555555556,0.05140199999999999
2023-04-06,Industrials,15,0.07434,0.26666666666666666,0.13333333333333333,0.6,0.055755
2023-04-06,Materials,6,0.20896666666666666,0.5,0.0,0.5,0.1820125
2023-04-06,RealEstate,8,0.11836250000000001,0.5,0.0,0.5,0.11836250000000001
2023-04-06,Tech,19,0.15912105263157894,0.5263157894736842,0.15789473684210525,0.3157894736842105,0.3205784615384616
2023-04-06,Utilities,6,0.32421666666666665,1.0,0.0,0.0,0.349725
2023-04-10,Comm,10,0.06067,0.2,0.1,0.7,0.03769666666666667
2023-04-10,Consumer,35,0.11556857142857144,0.4,0.11428571428571428,0.4857142857142857,0.14880703296703296
2023-04-10,Energy,49,0.1447265306122449,0.3877551020408163,0.08163265306122448,0.5306122448979592,0.10547577357425184
2023-04-10,Financials,43,0.04792093023255814,0.2558139534883721,0.18604651162790697,0.5581395348837209,0.0722271590909091
2023-04-10,Healthcare,28,0.03238571428571429,0.25,0.21428571428571427,0.5357142857142857,0.1212428787878788
2023-04-10,Industrials,21,0.14452380952380953,0.38095238095238093,0.09523809523809523,0.5238095238095238,0.16179062500000002
2023-04-10,Materials,11,0.1955,0.36363636363636365,0.0,0.6363636363636364,0.15105357142857143
2023-04-10,RealEstate,16,0.13268125,0.5,0.125,0.375,0.07998166666666667
2023-04-10,Tech,56,0.159325,0.44642857142857145,0.07142857142857142,0.48214285714285715,0.1816367177559283
2023-04-10,Utilities,7,0.3399571428571429,0.7142857142857143,0.0,0.2857142857142857,0.31014
2023-04-11,Comm,9,0.049911111111111114,0.2222222222222222,0.1111111111111111,0.6666666666666666,0.05065
2023-04-11,Consumer,18,0.0796,0.2777777777777778,0.1111111111111111,0.6111111111111112,0.0599425
2023-04-11,Energy,18,0.11786666666666666,0.2777777777777778,0.05555555555555555,0.6666666666666666,0.12779444444444443
2023-04-11,Financials,28,0.06842142857142856,0.2857142857142857,0.03571428571428571,0.6785714285714286,0.024665824175824174
2023-04-11,Healthcare,13,0.001530769230769233,0.15384615384615385,0.15384615384615385,0.6923076923076923,-0.0077800000000000005
2023-04-11,Industrials,9,0.033188888888888886,0.1111111111111111,0.1111111111111111,0.7777777777777778,-0.02064166666666667
2023-04-11,Materials,12,0.149375,0.4166666666666667,0.0,0.5833333333333334,0.06401785714285714
2023-04-11,RealEstate,5,0.45014000000000004,0.8,0.0,0.2,0.4405625
2023-04-11,Tech,21,0.11239999999999999,0.2857142857142857,0.09523809523809523,0.6190476190476191,0.062146
2023-04-11,Utilities,7,0.11708571428571428,0.42857142857142855,0.0,0.5714285714285714,0.08196
2023-04-12,Comm,13,0.15183076923076924,0.38461538461538464,0.0,0.6153846153846154,0.14808
2023-04-12,Consumer,20,0.046895,0.3,0.15,0.55,0.0575652380952381
2023-04-12,Energy,19,0.07598421052631579,0.21052631578947367,0.05263157894736842,0.7368421052631579,0.04597833333333333
2023-04-12,Financials,29,0.06437931034482759,0.27586206896551724,0.2413793103448276,0.4827586206896552,0.11431438095238096
2023-04-12,Healthcare,20,0.065315,0.2,0.05,0.75,0.054188333333333324
2023-04-12,Industrials,16,0.057050000000000003,0.125,0.0625,0.8125,0.07866583333333332
2023-04-12,Materials,2,0.0,0.0,0.0,1.0,0.0
2023-04-12,RealEstate,5,0.23432000000000003,0.4,0.0,0.6,0.22360000000000002
2023-04-12,Tech,27,0.10389259259259259,0.2962962962962963,0.037037037037037035,0.6666666666666666,0.12446133333333334
2023-04-12,Utilities,5,0.32032,1.0,0.0,0.0,0.3095111111111111
2023-04-13,Comm,13,-0.007976923076923074,0.15384615384615385,0.15384615384615385,0.6923076923076923,0.0014371428571428578
2023-04-13,Consumer,23,0.024956521739130436,0.13043478260869565,0.08695652173913043,0.782608695652174,-0.014880000000000008
2023-04-13,Energy,20,0.128465,0.45,0.15,0.4,0.0994575
2023-04-13,Financials,36,0.07681388888888889,0.3055555555555556,0.1111111111111111,0.5833333333333334,0.05647070676691729
2023-04-13,Healthcare,11,-0.039881818181818164,0.2727272727272727,0.36363636363636365,0.36363636363636365,-0.12515714285714286
2023-04-13,Industrials,6,0.2192166666666667,0.5,0.0,0.5,0.2989
2023-04-13,Materials,5,-0.01629999999999999,0.2,0.2,0.6,-0.010187499999999995
2023-04-13,RealEstate,3,-0.03423333333333333,0.0,0.3333333333333333,0.6666666666666666,-0.025675
2023-04-13,Tech,45,0.05014666666666666,0.28888888888888886,0.1111111111111111,0.6,0.047861551587301585
2023-04-13,Utilities,9,0.1963111111111111,0.4444444444444444,0.1111111111111111,0.4444444444444444,0.1800225
2023-04-14,Comm,7,0.05114285714285714,0.2857142857142857,0.14285714285714285,0.5714285714285714,0.029833333333333333
2023-04-14,Consumer,16,0.0844625,0.3125,0.1875,0.5,0.124798
2023-04-14,Energy,24,0.15547916666666667,0.4166666666666667,0.041666666666666664,0.5416666666666666,0.17745000000000002
2023-04-14,Financials,55,0.0914109090909091,0.38181818181818183,0.2545454545454545,0.36363636363636365,0.05700509090909091
2023-04-14,Healthcare,17,0.006888235294117648,0.35294117647058826,0.23529411764705882,0.4117647058823529,0.008998999999999997
2023-04-14,Industrials,10,0.05317000000000001,0.3,0.2,0.5,0.15686458333333334
2023-04-14,Materials,4,0.07955,0.25,0.0,0.75,0.07955
2023-04-14,RealEstate,6,0.12273333333333332,0.3333333333333333,0.0,0.6666666666666666,0.12273333333333332
2023-04-14,Tech,36,0.21872777777777777,0.6111111111111112,0.027777777777777776,0.3611111111111111,0.1956424761904762
2023-04-14,Utilities,8,0.1612875,0.5,0.0,0.5,0.14492333333333335
2023-04-17,Comm,15,0.04454,0.2,0.13333333333333333,0.6666666666666666,0.014846666666666666
2023-04-17,Consumer,39,0.02914871794871795,0.23076923076923078,0.1794871794871795,0.5897435897435898,0.04868159663865546
2023-04-17,Energy,28,0.13063214285714286,0.5714285714285714,0.17857142857142858,0.25,0.12480233333333332
2023-04-17,Financials,71,0.11417323943661971,0.4225352112676056,0.07042253521126761,0.5070422535211268,0.11059273918128656
2023-04-17,Healthcare,30,0.10430666666666667,0.3333333333333333,0.1,0.5666666666666667,0.1287092857142857
2023-04-17,Industrials,17,0.14351764705882353,0.47058823529411764,0.058823529411764705,0.47058823529411764,0.1173525
2023-04-17,Materials,2,0.26335,0.5,0.0,0.5,0.26335
2023-04-17,RealEstate,8,0.0132375,0.125,0.125,0.75,0.0132375
2023-04-17,Tech,37,0.18476486486486485,0.4594594594594595,0.02702702702702703,0.5135135135135135,0.13280434523809523
2023-04-17,Utilities,10,0.14051,0.3,0.1,0.6,0.08781875
2023-04-18,Comm,13,0.034715384615384634,0.46153846153846156,0.23076923076923078,0.3076923076923077,0.03553511904761905
2023-04-18,Consumer,21,-0.037957142857142856,0.047619047619047616,0.09523809523809523,0.8571428571428571,-0.03344785714285714
2023-04-18,Energy,28,0.06505714285714286,0.35714285714285715,0.10714285714285714,0.5357142857142857,0.011318838383838386
2023-04-18,Financials,46,0.10018478260869566,0.3695652173913043,0.1956521739130435,0.43478260869565216,0.10402990476190477
2023-04-18,Healthcare,13,0.12564615384615385,0.3076923076923077,0.0,0.6923076923076923,0.10433666666666667
2023-04-18,Industrials,11,0.1065090909090909,0.2727272727272727,0.09090909090909091,0.6363636363636364,0.073225
2023-04-18,Materials,8,0.175325,0.375,0.0,0.625,0.175325
2023-04-18,RealEstate,20,0.10981,0.4,0.05,0.55,0.08707083333333333
2023-04-18,Tech,42,0.1987380952380952,0.47619047619047616,0.09523809523809523,0.42857142857142855,0.23545190476190475
2023-04-18,Utilities,14,0.13932857142857144,0.42857142857142855,0.14285714285714285,0.42857142857142855,0.08896066666666666
2023-04-19,Comm,12,0.136,0.4166666666666667,0.0,0.5833333333333334,0.1355011111111111
2023-04-19,Consumer,28,0.062975,0.2857142857142857,0.10714285714285714,0.6071428571428571,0.10089833333333334
2023-04-19,Energy,25,0.158368,0.48,0.04,0.48,0.18730750000000002
2023-04-19,Financials,62,0.1194516129032258,0.3548387096774194,0.06451612903225806,0.5806451612903226,0.11925920728291314
2023-04-19,Healthcare,33,0.17026060606060606,0.42424242424242425,0.06060606060606061,0.5151515151515151,0.10868396078431372
2023-04-19,Industrials,15,0.15134,0.4,0.0,0.6,0.12508750000000002
2023-04-19,Materials,8,0.008350000000000003,0.125,0.125,0.75,0.026311111111111115
2023-04-19,RealEstate,11,0.024427272727272742,0.36363636363636365,0.2727272727272727,0.36363636363636365,0.07776250000000001
2023-04-19,Tech,24,0.14875,0.5,0.0,0.5,0.14301999999999998
2023-04-19,Utilities,8,0.2483625,0.625,0.0,0.375,0.27201333333333333
2023-04-20,Comm,32,0.0002781249999999958,0.25,0.28125,0.46875,0.012538034188034187
2023-04-20,Consumer,22,0.16980454545454546,0.5454545454545454,0.09090909090909091,0.36363636363636365,0.14552822222222223
2023-04-20,Energy,20,0.1384,0.45,0.1,0.45,0.10873916666666665
2023-04-20,Financials,43,0.02875581395348837,0.20930232558139536,0.18604651162790697,0.6046511627906976,0.03713785714285714
2023-04-20,Healthcare,14,0.10802142857142857,0.35714285714285715,0.07142857142857142,0.5714285714285714,0.1595025
2023-04-20,Industrials,14,0.10065,0.2857142857142857,0.07142857142857142,0.6428571428571429,0.084505
2023-04-20,Materials,20,0.119855,0.25,0.0,0.75,0.10787242857142858
2023-04-20,RealEstate,9,0.0864,0.3333333333333333,0.1111111111111111,0.5555555555555556,0.11643125
2023-04-20,Tech,36,0.08941388888888889,0.4444444444444444,0.16666666666666666,0.3888888888888889,0.05578266666666667
2023-04-20,Utilities,12,0.13573333333333334,0.4166666666666667,0.08333333333333333,0.5,0.11793066666666667
2023-04-21,Comm,20,0.10261499999999998,0.3,0.05,0.65,0.21154227272727272
2023-04-21,Consumer,22,0.1386409090909091,0.3181818181818182,0.09090909090909091,0.5909090909090909,0.15017619047619046
2023-04-21,Energy,30,0.13097333333333333,0.36666666666666664,0.03333333333333333,0.6,0.16272232967032968
2023-04-21,Financials,8,0.11096250000000002,0.25,0.125,0.625,0.07968750000000002
2023-04-21,Healthcare,12,0.06924999999999999,0.25,0.0,0.75,0.054498000000000005
2023-04-21,Industrials,8,0.1591375,0.25,0.0,0.75,0.16451333333333332
2023-04-21,Materials,8,0.03415,0.125,0.0,0.875,0.03415
2023-04-21,RealEstate,7,0.14878571428571427,0.2857142857142857,0.0,0.7142857142857143,0.08679166666666666
2023-04-21,Tech,30,0.11258333333333333,0.3,0.03333333333333333,0.6666666666666666,0.11072671428571428
2023-04-21,Utilities,5,0.0,0.0,0.0,1.0,0.0
2023-04-24,Comm,27,-0.04504074074074074,0.14814814814814814,0.3333333333333333,0.5185185185185185,-0.02736109307359308
2023-04-24,Consumer,46,0.12188478260869565,0.3695652173913043,0.15217391304347827,0.4782608695652174,0.1776605
2023-04-24,Energy,31,0.14885483870967745,0.4838709677419355,0.06451612903225806,0.45161290322580644,0.10986303030303031
2023-04-24,Financials,34,0.07747352941176469,0.2647058823529412,0.08823529411764706,0.6470588235294118,0.08312648051948052
2023-04-24,Healthcare,25,0.15271200000000001,0.4,0.08,0.52,0.13476666666666667
2023-04-24,Industrials,16,0.127,0.3125,0.0,0.6875,0.07403645833333333
2023-04-24,Materials,6,0.06743333333333333,0.3333333333333333,0.0,0.6666666666666666,0.06069
2023-04-24,RealEstate,14,0.044657142857142854,0.21428571428571427,0.14285714285714285,0.6428571428571429,0.17015333333333332
2023-04-24,Tech,35,0.21698571428571428,0.5142857142857142,0.05714285714285714,0.42857142857142855,0.2665737777777778
2023-04-24,Utilities,18,0.06405,0.2777777777777778,0.1111111111111111,0.6111111111111112,0.07439423076923077
2023-04-25,Comm,11,0.02090909090909091,0.18181818181818182,0.45454545454545453,0.36363636363636365,-0.019941666666666667
2023-04-25,Consumer,30,0.09249333333333333,0.36666666666666664,0.13333333333333333,0.5,0.05359533333333334
2023-04-25,Energy,16,0.11565,0.3125,0.0,0.6875,0.08803928571428571
2023-04-25,Financials,27,0.02934814814814815,0.3333333333333333,0.14814814814814814,0.5185185185185185,-0.007580757575757569
2023-04-25,Healthcare,24,0.19542916666666665,0.4583333333333333,0.08333333333333333,0.4583333333333333,0.2130757142857143
2023-04-25,Industrials,47,0.023982978723404255,0.3404255319148936,0.19148936170212766,0.46808510638297873,0.06197989926739927
2023-04-25,Materials,16,0.05815,0.3125,0.125,0.5625,0.022217142857142862
2023-04-25,RealEstate,15,0.07139333333333334,0.2,0.0,0.8,0.07972666666666667
2023-04-25,Tech,36,0.08565277777777777,0.3055555555555556,0.1388888888888889,0.5555555555555556,0.2505552380952381
2023-04-25,Utilities,13,0.24985384615384615,0.6153846153846154,0.07692307692307693,0.3076923076923077,0.14902
2023-04-26,Comm,19,0.045368421052631586,0.3684210526315789,0.15789473684210525,0.47368421052631576,0.04264444444444444
2023-04-26,Consumer,38,0.07169736842105263,0.2894736842105263,0.13157894736842105,0.5789473684210527,0.11874577922077922
2023-04-26,Energy,16,0.1745625,0.375,0.0,0.625,0.15265250000000002
2023-04-26,Financials,33,0.17143939393939395,0.48484848484848486,0.06060606060606061,0.45454545454545453,0.16616322222222224
2023-04-26,Healthcare,17,0.014705882352941176,0.058823529411764705,0.0,0.9411764705882353,0.025
2023-04-26,Industrials,28,0.15915357142857145,0.4642857142857143,0.14285714285714285,0.39285714285714285,0.1509109375
2023-04-26,Materials,13,0.01985384615384616,0.07692307692307693,0.15384615384615385,0.7692307692307693,-0.005667499999999999
2023-04-26,RealEstate,11,-0.10357272727272727,0.18181818181818182,0.2727272727272727,0.5454545454545454,-0.09560833333333334
2023-04-26,Tech,25,0.141592,0.44,0.12,0.44,0.15250950000000002
2023-04-26,Utilities,13,0.182,0.5384615384615384,0.23076923076923078,0.23076923076923078,0.22783333333333333
2023-04-27,Comm,34,0.0641764705882353,0.38235294117647056,0.14705882352941177,0.47058823529411764,0.061578095238095244
2023-04-27,Consumer,25,0.046056,0.32,0.28,0.4,0.01228833333333334
2023-04-27,Energy,27,0.11233703703703704,0.4444444444444444,0.1111111111111111,0.4444444444444444,0.09951216666666667
2023-04-27,Financials,18,0.22986111111111113,0.6111111111111112,0.0,0.3888888888888889,0.2505325
2023-04-27,Healthcare,46,0.14577173913043479,0.4782608695652174,0.10869565217391304,0.41304347826086957,0.09690815476190476
2023-04-27,Industrials,21,0.034471428571428576,0.23809523809523808,0.09523809523809523,0.6666666666666666,0.049025000000000006
2023-04-27,Materials,12,0.11496666666666666,0.4166666666666667,0.16666666666666666,0.4166666666666667,0.06399333333333332
2023-04-27,RealEstate,5,0.05,0.2,0.0,0.8,0.03125
2023-04-27,Tech,49,0.040057142857142854,0.2857142857142857,0.1836734693877551,0.5306122448979592,0.08589166666666667
2023-04-27,Utilities,13,0.1448846153846154,0.6153846153846154,0.23076923076923078,0.15384615384615385,0.15072666666666665
2023-04-28,Comm,18,-0.02478888888888889,0.1111111111111111,0.16666666666666666,0.7222222222222222,-0.02245185185185185
2023-04-28,Consumer,28,0.09644285714285715,0.32142857142857145,0.07142857142857142,0.6071428571428571,0.22744999999999999
2023-04-28,Energy,57,0.13232105263157895,0.5614035087719298,0.12280701754385964,0.3157894736842105,0.2595610826001955
2023-04-28,Financials,17,0.013770588235294116,0.35294117647058826,0.23529411764705882,0.4117647058823529,0.0037038095238095202
2023-04-28,Healthcare,21,-0.09257142857142857,0.09523809523809523,0.2857142857142857,0.6190476190476191,-0.034622857142857136
2023-04-28,Industrials,13,0.037476923076923074,0.23076923076923078,0.15384615384615385,0.6153846153846154,0.050658333333333326
2023-04-28,Materials,8,0.13135,0.375,0.0,0.625,0.09989999999999999
2023-04-28,RealEstate,3,0.2121333333333333,0.6666666666666666,0.0,0.3333333333333333,0.2121333333333333
2023-04-28,Tech,45,0.08840444444444445,0.4,0.15555555555555556,0.4444444444444444,0.07181678571428571
2023-04-28,Utilities,14,0.12127857142857143,0.42857142857142855,0.14285714285714285,0.42857142857142855,0.08052333333333332
2023-05-01,Comm,17,-0.0023411764705882354,0.23529411764705882,0.29411764705882354,0.47058823529411764,-0.0007224999999999981
2023-05-01,Consumer,34,0.06977941176470588,0.29411764705882354,0.08823529411764706,0.6176470588235294,0.07340109523809525
2023-05-01,Energy,44,0.0740840909090909,0.3409090909090909,0.1590909090909091,0.5,0.05163315789473684
2023-05-01,Financials,25,-0.113784,0.12,0.36,0.52,-0.10192933333333334
2023-05-01,Healthcare,21,0.08058571428571429,0.2857142857142857,0.09523809523809523,0.6190476190476191,0.07224395238095237
2023-05-01,Industrials,21,0.1224095238095238,0.38095238095238093,0.09523809523809523,0.5238095238095238,0.13288124999999998
2023-05-01,Materials,6,0.12691666666666668,0.3333333333333333,0.0,0.6666666666666666,0.12691666666666668
2023-05-01,RealEstate,5,0.21086,0.6,0.2,0.2,0.12618888888888888
2023-05-01,Tech,49,0.11873265306122449,0.3469387755102041,0.08163265306122448,0.5714285714285714,0.11088849206349208
2023-05-01,Utilities,13,0.09603846153846153,0.38461538461538464,0.15384615384615385,0.46153846153846156,0.03741
2023-05-02,Comm,18,0.010505555555555558,0.2222222222222222,0.2777777777777778,0.5,0.05378166666666667
2023-05-02,Consumer,26,0.050896153846153855,0.3076923076923077,0.19230769230769232,0.5,0.056548
2023-05-02,Energy,25,0.028868000000000005,0.2,0.08,0.72,0.022053809523809528
2023-05-02,Financials,22,0.05918636363636363,0.3181818181818182,0.18181818181818182,0.5,0.06805161904761906
2023-05-02,Healthcare,14,0.004607142857142865,0.2857142857142857,0.21428571428571427,0.5,-0.041869333333333335
2023-05-02,Industrials,14,0.07135714285714287,0.2857142857142857,0.14285714285714285,0.5714285714285714,0.104525
2023-05-02,Materials,7,0.0,0.0,0.0,1.0,0.0
2023-05-02,RealEstate,12,0.07144166666666667,0.25,0.0,0.75,0.04447333333333333
2023-05-02,Tech,36,0.10884166666666667,0.3611111111111111,0.1111111111111111,0.5277777777777778,0.05433625000000001
2023-05-02,Utilities,9,0.2241111111111111,0.5555555555555556,0.1111111111111111,0.3333333333333333,0.21361666666666665
2023-05-03,Comm,7,0.15227142857142859,0.42857142857142855,0.14285714285714285,0.42857142857142855,0.07369583333333335
2023-05-03,Consumer,25,0.175348,0.4,0.08,0.52,0.121328125
2023-05-03,Energy,18,0.07447222222222222,0.3333333333333333,0.1111111111111111,0.5555555555555556,0.057907857142857136
2023-05-03,Financials,14,0.09376428571428572,0.2857142857142857,0.14285714285714285,0.5714285714285714,0.07866285714285715
2023-05-03,Healthcare,9,0.003233333333333335,0.2222222222222222,0.2222222222222222,0.5555555555555556,-0.010656249999999999
2023-05-03,Industrials,9,0.13431111111111113,0.2222222222222222,0.0,0.7777777777777778,0.12727083333333333
2023-05-03,Materials,6,-0.12548333333333334,0.0,0.3333333333333333,0.6666666666666666,-0.32525
2023-05-03,RealEstate,9,0.0049111111111111065,0.3333333333333333,0.2222222222222222,0.4444444444444444,0.0049111111111111065
2023-05-03,Tech,73,0.16695342465753424,0.4657534246575342,0.1095890410958904,0.4246575342465753,0.13492896280190397
2023-05-03,Utilities,10,0.11539999999999999,0.3,0.0,0.7,0.14476
2023-05-04,Comm,9,-0.016099999999999996,0.1111111111111111,0.1111111111111111,0.7777777777777778,-0.014489999999999998
2023-05-04,Consumer,24,-0.008174999999999998,0.16666666666666666,0.16666666666666666,0.6666666666666666,0.002100952380952384
2023-05-04,Energy,21,0.14113333333333333,0.38095238095238093,0.14285714285714285,0.47619047619047616,0.12415380952380951
2023-05-04,Financials,22,0.07901363636363637,0.36363636363636365,0.18181818181818182,0.45454545454545453,0.05794333333333335
2023-05-04,Healthcare,13,0.07281538461538463,0.23076923076923078,0.07692307692307693,0.6923076923076923,0.07443999999999999
2023-05-04,Industrials,9,0.3038222222222222,0.6666666666666666,0.0,0.3333333333333333,0.37652291666666665
2023-05-04,Materials,11,-0.020572727272727274,0.0,0.09090909090909091,0.9090909090909091,-0.0282875
2023-05-04,RealEstate,14,0.035878571428571426,0.21428571428571427,0.21428571428571427,0.5714285714285714,0.08319666666666667
2023-05-04,Tech,61,0.003957377049180329,0.36065573770491804,0.2786885245901639,0.36065573770491804,0.05870332539682539
2023-05-04,Utilities,13,0.05954615384615384,0.3076923076923077,0.23076923076923078,0.46153846153846156,0.053005555555555556
2023-05-05,Comm,4,0.30927499999999997,0.5,0.0,0.5,0.4123666666666666
2023-05-05,Consumer,14,0.08135,0.2857142857142857,0.14285714285714285,0.5714285714285714,0.07084933333333335
2023-05-05,Energy,19,0.07412631578947368,0.21052631578947367,0.0,0.7894736842105263,0.07042
2023-05-05,Financials,11,0.3446909090909091,0.7272727272727273,0.0,0.2727272727272727,0.3775666666666667
2023-05-05,Healthcare,7,0.12034285714285715,0.42857142857142855,0.0,0.5714285714285714,0.13888
2023-05-05,Industrials,4,-0.212675,0.0,0.5,0.5,-0.212675
2023-05-05,Materials,2,0.0,0.5,0.5,0.0,0.0
2023-05-05,RealEstate,8,0.17848750000000002,0.5,0.25,0.25,0.22796000000000002
2023-05-05,Tech,18,0.033888888888888885,0.2777777777777778,0.2222222222222222,0.5,0.019781904761904757
2023-05-05,Utilities,11,0.2198909090909091,0.6363636363636364,0.0,0.36363636363636365,0.11216666666666666
2023-05-08,Comm,15,0.048253333333333336,0.3333333333333333,0.3333333333333333,0.3333333333333333,0.06748666666666667
2023-05-08,Consumer,31,0.05152258064516129,0.3225806451612903,0.25806451612903225,0.41935483870967744,0.017195238095238104
2023-05-08,Energy,41,0.15216829268292684,0.3902439024390244,0.0,0.6097560975609756,0.13892006162464984
2023-05-08,Financials,18,0.08839444444444444,0.3888888888888889,0.2222222222222222,0.3888888888888889,0.048366666666666676
2023-05-08,Healthcare,14,0.16203571428571428,0.5,0.14285714285714285,0.35714285714285715,0.12084083333333334
2023-05-08,Industrials,10,0.12181000000000002,0.3,0.0,0.7,0.10258333333333333
2023-05-08,Materials,5,0.195,0.6,0.0,0.4,0.3006375
2023-05-08,RealEstate,9,0.12150000000000001,0.2222222222222222,0.0,0.7777777777777778,0.11322666666666667
2023-05-08,Tech,38,0.13686578947368422,0.3157894736842105,0.02631578947368421,0.6578947368421053,0.13794771428571428
2023-05-08,Utilities,7,0.21042857142857144,0.5714285714285714,0.14285714285714285,0.2857142857142857,0.2549166666666667
2023-05-09,Comm,14,-0.020142857142857146,0.07142857142857142,0.14285714285714285,0.7857142857142857,-0.004120000000000001
2023-05-09,Consumer,26,0.15400000000000003,0.46153846153846156,0.038461538461538464,0.5,0.14326366666666668
2023-05-09,Energy,20,0.175705,0.55,0.15,0.3,0.3369247619047619
2023-05-09,Financials,18,-0.08263333333333334,0.16666666666666666,0.3333333333333333,0.5,-0.14740777777777775
2023-05-09,Healthcare,7,0.18432857142857142,0.42857142857142855,0.14285714285714285,0.42857142857142855,0.15639166666666668
2023-05-09,Industrials,8,0.2205125,0.625,0.0,0.375,0.20725000000000002
2023-05-09,Materials,1,0.0,0.0,0.0,1.0,0.0
2023-05-09,RealEstate,1,0.2023,1.0,0.0,0.0,0.2023
2023-05-09,Tech,35,0.012088571428571428,0.34285714285714286,0.2571428571428571,0.4,0.001918910256410264
2023-05-09,Utilities,13,0.20977692307692308,0.6153846153846154,0.07692307692307693,0.3076923076923077,0.1557892857142857
2023-05-10,Comm,18,0.13441111111111112,0.3333333333333333,0.0,0.6666666666666666,0.10685333333333333
2023-05-10,Consumer,25,0.04300400000000001,0.28,0.12,0.6,-0.004055282051282048
2023-05-10,Energy,26,0.10180769230769232,0.5,0.15384615384615385,0.34615384615384615,0.06139833333333334
2023-05-10,Financials,15,0.025506666666666674,0.13333333333333333,0.13333333333333333,0.7333333333333333,0.02547619047619048
2023-05-10,Healthcare,18,0.04536111111111111,0.16666666666666666,0.05555555555555555,0.7777777777777778,0.061268333333333334
2023-05-10,Industrials,7,0.12455714285714284,0.2857142857142857,0.14285714285714285,0.5714285714285714,0.08935
2023-05-10,Materials,1,0.2023,1.0,0.0,0.0,0.2023
2023-05-10,RealEstate,6,-0.02551666666666667,0.0,0.16666666666666666,0.8333333333333334,-0.012758333333333335
2023-05-10,Tech,20,0.12723500000000001,0.4,0.05,0.55,0.108165
2023-05-10,Utilities,9,0.16806666666666667,0.4444444444444444,0.0,0.5555555555555556,0.19761333333333334
2023-05-11,Comm,14,0.2242714285714286,0.5714285714285714,0.0,0.42857142857142855,0.2863142857142857
2023-05-11,Consumer,38,0.12576315789473683,0.3684210526315789,0.21052631578947367,0.42105263157894735,0.1618175
2023-05-11,Energy,19,0.3088842105263158,0.5263157894736842,0.0,0.47368421052631576,0.2907571428571429
2023-05-11,Financials,11,-0.01747272727272727,0.18181818181818182,0.2727272727272727,0.5454545454545454,-0.04686666666666666
2023-05-11,Healthcare,6,0.34793333333333337,0.8333333333333334,0.0,0.16666666666666666,0.38562777777777785
2023-05-11,Industrials,7,0.0,0.0,0.0,1.0,0.0
2023-05-11,Materials,11,0.19310909090909092,0.6363636363636364,0.0,0.36363636363636365,0.19445666666666667
2023-05-11,RealEstate,8,0.05505,0.125,0.0,0.875,0.04404
2023-05-11,Tech,36,0.038941666666666666,0.19444444444444445,0.1111111111111111,0.6944444444444444,0.020914488636363634
2023-05-11,Utilities,9,0.2411,0.6666666666666666,0.0,0.3333333333333333,0.29835833333333334
2023-05-12,Comm,8,0.19211250000000002,0.375,0.0,0.625,0.17863125000000002
2023-05-12,Consumer,30,0.05432,0.23333333333333334,0.13333333333333333,0.6333333333333333,0.08773413636363638
2023-05-12,Energy,19,0.03580526315789474,0.15789473684210525,0.15789473684210525,0.6842105263157895,0.04727333333333334
2023-05-12,Financials,15,0.02468666666666667,0.2,0.06666666666666667,0.7333333333333333,-0.01715
2023-05-12,Healthcare,9,0.05673333333333334,0.1111111111111111,0.0,0.8888888888888888,0.08510000000000001
2023-05-12,Industrials,5,0.16632,0.2,0.0,0.8,0.0924
2023-05-12,Materials,4,0.148,0.5,0.0,0.5,0.148
2023-05-12,RealEstate,2,0.31845,0.5,0.0,0.5,0.31845
2023-05-12,Tech,20,0.108285,0.25,0.1,0.65,0.095375
2023-05-12,Utilities,7,0.1781,0.42857142857142855,0.0,0.5714285714285714,0.12914375
2023-05-15,Comm,17,0.028800000000000003,0.29411764705882354,0.17647058823529413,0.5294117647058824,0.02125566666666667
2023-05-15,Consumer,40,0.07933,0.35,0.125,0.525,0.0807376923076923
2023-05-15,Energy,35,0.12550285714285714,0.42857142857142855,0.08571428571428572,0.4857142857142857,0.09718464646464646
2023-05-15,Financials,28,-0.06888214285714285,0.21428571428571427,0.25,0.5357142857142857,-0.08124590476190477
2023-05-15,Healthcare,17,0.03668823529411764,0.29411764705882354,0.17647058823529413,0.5294117647058824,0.11460095238095239
2023-05-15,Industrials,16,0.1498,0.5,0.125,0.375,0.15685
2023-05-15,Materials,12,0.07293333333333334,0.3333333333333333,0.25,0.4166666666666667,0.10486964285714287
2023-05-15,RealEstate,7,0.23385714285714285,0.7142857142857143,0.0,0.2857142857142857,0.16914583333333333
2023-05-15,Tech,31,0.17892258064516128,0.3870967741935484,0.0,0.6129032258064516,0.17601240259740258
2023-05-15,Utilities,6,0.26043333333333335,0.6666666666666666,0.0,0.3333333333333333,0.2668166666666667
2023-05-16,Comm,17,0.05736470588235294,0.23529411764705882,0.058823529411764705,0.7058823529411765,0.07770833333333334
2023-05-16,Consumer,26,-0.004076923076923074,0.23076923076923078,0.23076923076923078,0.5384615384615384,0.07171818181818182
2023-05-16,Energy,12,0.0683,0.25,0.0,0.75,0.0683
2023-05-16,Financials,24,-0.0007083333333333386,0.25,0.2916666666666667,0.4583333333333333,0.03108590476190476
2023-05-16,Healthcare,25,-0.043632,0.16,0.32,0.52,0.0088725
2023-05-16,Industrials,5,0.09534000000000001,0.2,0.0,0.8,0.05296666666666667
2023-05-16,Materials,5,0.16392,0.6,0.0,0.4,0.1517777777777778
2023-05-16,RealEstate,4,0.11315,0.5,0.0,0.5,0.11315
2023-05-16,Tech,38,0.11746052631578947,0.39473684210526316,0.05263157894736842,0.5526315789473685,0.09343666666666667
2023-05-16,Utilities,5,0.29232,0.6,0.0,0.4,0.23775000000000002
2023-05-17,Comm,15,0.006846666666666667,0.06666666666666667,0.0,0.9333333333333333,0.008558333333333333
2023-05-17,Consumer,31,0.03748064516129032,0.2903225806451613,0.25806451612903225,0.45161290322580644,0.03990689393939394
2023-05-17,Energy,19,0.04151052631578947,0.3157894736842105,0.15789473684210525,0.5263157894736842,-0.03623933333333333
2023-05-17,Financials,21,0.06711428571428572,0.23809523809523808,0.047619047619047616,0.7142857142857143,0.077335
2023-05-17,Healthcare,18,-0.11089444444444445,0.2222222222222222,0.2777777777777778,0.5,-0.13154833333333332
2023-05-17,Industrials,7,0.09634285714285715,0.14285714285714285,0.0,0.8571428571428571,0.083225
2023-05-17,Materials,2,0.148,0.5,0.0,0.5,0.148
2023-05-17,RealEstate,3,0.11333333333333334,0.3333333333333333,0.0,0.6666666666666666,0.11333333333333334
2023-05-17,Tech,28,0.10225,0.32142857142857145,0.07142857142857142,0.6071428571428571,0.14877263636363636
2023-05-17,Utilities,5,0.19958,0.6,0.0,0.4,0.1247375
2023-05-18,Comm,30,0.045143333333333334,0.26666666666666666,0.13333333333333333,0.6,0.029830000000000002
2023-05-18,Consumer,45,0.15006444444444444,0.4666666666666667,0.08888888888888889,0.4444444444444444,0.2522140972222222
2023-05-18,Energy,17,0.03165882352941177,0.29411764705882354,0.11764705882352941,0.5882352941176471,0.03355208333333334
2023-05-18,Financials,12,0.16766666666666666,0.5,0.08333333333333333,0.4166666666666667,0.077354
2023-05-18,Healthcare,19,0.09048421052631579,0.47368421052631576,0.21052631578947367,0.3157894736842105,0.0412
2023-05-18,Industrials,10,0.029599999999999998,0.1,0.0,0.9,0.024666666666666667
2023-05-18,Materials,11,0.05954545454545455,0.18181818181818182,0.0,0.8181818181818182,0.0409375
2023-05-18,RealEstate,9,0.13485555555555553,0.3333333333333333,0.1111111111111111,0.5555555555555556,0.09217291666666666
2023-05-18,Tech,28,0.12518214285714285,0.2857142857142857,0.0,0.7142857142857143,0.11387083333333334
2023-05-18,Utilities,3,0.17556666666666665,0.3333333333333333,0.0,0.6666666666666666,0.17556666666666665
2023-05-19,Comm,12,0.18785833333333332,0.5,0.0,0.5,0.25138666666666665
2023-05-19,Consumer,43,0.02357906976744186,0.32558139534883723,0.16279069767441862,0.5116279069767442,0.0792261337355455
2023-05-19,Energy,18,0.07305555555555555,0.2777777777777778,0.1111111111111111,0.6111111111111112,0.05865833333333335
2023-05-19,Financials,24,0.042404166666666666,0.375,0.16666666666666666,0.4583333333333333,0.04697371794871795
2023-05-19,Healthcare,15,0.017160000000000005,0.26666666666666666,0.2,0.5333333333333333,0.028155000000000006
2023-05-19,Industrials,6,0.12626666666666667,0.3333333333333333,0.3333333333333333,0.3333333333333333,0.0947
2023-05-19,Materials,3,0.0,0.0,0.0,1.0,0.0
2023-05-19,RealEstate,3,0.0,0.3333333333333333,0.3333333333333333,0.3333333333333333,0.0
2023-05-19,Tech,32,0.1585,0.375,0.03125,0.59375,0.23859750000000002
2023-05-19,Utilities,3,0.2436,0.6666666666666666,0.0,0.3333333333333333,0.1827
2023-05-22,Comm,19,-0.015599999999999994,0.15789473684210525,0.2631578947368421,0.5789473684210527,-0.027434999999999994
2023-05-22,Consumer,46,0.045113043478260874,0.2391304347826087,0.10869565217391304,0.6521739130434783,0.044529469696969706
2023-05-22,Energy,38,0.17695526315789475,0.5526315789473685,0.10526315789473684,0.34210526315789475,0.17863541666666666
2023-05-22,Financials,23,0.06220869565217391,0.30434782608695654,0.08695652173913043,0.6086956521739131,0.05849142857142857
2023-05-22,Healthcare,19,0.09268947368421052,0.2631578947368421,0.10526315789473684,0.631578947368421,0.0658892857142857
2023-05-22,Industrials,16,0.20795,0.5625,0.0625,0.375,0.2014407738095238
2023-05-22,Materials,8,0.2539,0.75,0.0,0.25,0.15072333333333332
2023-05-22,RealEstate,9,0.13745555555555555,0.4444444444444444,0.1111111111111111,0.4444444444444444,0.159
2023-05-22,Tech,56,0.04644464285714286,0.25,0.16071428571428573,0.5892857142857143,0.02401346886446886
2023-05-22,Utilities,11,0.2238363636363636,0.6363636363636364,0.18181818181818182,0.18181818181818182,0.10899999999999999
2023-05-23,Comm,9,0.07212222222222223,0.2222222222222222,0.0,0.7777777777777778,0.04056875
2023-05-23,Consumer,19,-0.009878947368421053,0.10526315789473684,0.21052631578947367,0.6842105263157895,-0.020525238095238096
2023-05-23,Energy,17,0.04741764705882353,0.23529411764705882,0.058823529411764705,0.7058823529411765,0.04081375
2023-05-23,Financials,14,0.12453571428571429,0.2857142857142857,0.0,0.7142857142857143,0.15393666666666667
2023-05-23,Healthcare,11,0.10302727272727275,0.36363636363636365,0.18181818181818182,0.45454545454545453,0.1724541666666667
2023-05-23,Industrials,3,0.14049999999999999,0.3333333333333333,0.0,0.6666666666666666,0.21075
2023-05-23,Materials,7,0.14365714285714287,0.2857142857142857,0.0,0.7142857142857143,0.14597333333333332
2023-05-23,RealEstate,4,0.08045,0.25,0.0,0.75,0.08045
2023-05-23,Tech,25,0.16922399999999999,0.44,0.08,0.48,0.23763
2023-05-23,Utilities,1,-0.3612,0.0,1.0,0.0,-0.3612
2023-05-24,Comm,7,0.13831428571428572,0.2857142857142857,0.0,0.7142857142857143,0.08068333333333334
2023-05-24,Consumer,22,0.03425909090909091,0.22727272727272727,0.09090909090909091,0.6818181818181818,0.01727333333333333
2023-05-24,Energy,16,-0.014893750000000004,0.0625,0.0625,0.875,-0.029001785714285716
2023-05-24,Financials,16,0.027424999999999998,0.3125,0.125,0.5625,0.05431066666666666
2023-05-24,Healthcare,14,-0.05202142857142857,0.07142857142857142,0.14285714285714285,0.7857142857142857,-0.03794666666666667
2023-05-24,Industrials,12,0.06283333333333334,0.25,0.08333333333333333,0.6666666666666666,0.056196031746031744
2023-05-24,Materials,4,-0.074,0.0,0.25,0.75,-0.074
2023-05-24,RealEstate,2,0.2897,1.0,0.0,0.0,0.2897
2023-05-24,Tech,54,-0.003149999999999994,0.2777777777777778,0.2037037037037037,0.5185185185185185,0.035610555555555555
2023-05-24,Utilities,5,0.17436000000000001,0.4,0.0,0.6,0.1728
2023-05-25,Comm,5,0.25936000000000003,0.6,0.0,0.4,0.25936000000000003
2023-05-25,Consumer,14,0.09385,0.42857142857142855,0.21428571428571427,0.35714285714285715,0.076675
2023-05-25,Energy,30,0.08927,0.36666666666666664,0.16666666666666666,0.4666666666666667,0.021213222222222224
2023-05-25,Financials,15,0.10585333333333333,0.3333333333333333,0.0,0.6666666666666666,0.070185
2023-05-25,Healthcare,10,0.06452000000000001,0.4,0.1,0.5,0.110065
2023-05-25,Industrials,12,0.1388,0.4166666666666667,0.08333333333333333,0.5,0.1388
2023-05-25,Materials,13,0.08155384615384616,0.23076923076923078,0.0,0.7692307692307693,0.05147466666666667
2023-05-25,RealEstate,9,0.07555555555555556,0.2222222222222222,0.0,0.7777777777777778,0.059500000000000004
2023-05-25,Tech,132,0.039405303030303034,0.23484848484848486,0.11363636363636363,0.6515151515151515,0.20089055256799937
2023-05-25,Utilities,5,0.059199999999999996,0.2,0.0,0.8,0.04933333333333333
2023-05-26,Comm,10,0.25292000000000003,0.6,0.0,0.4,0.2987266666666667
2023-05-26,Consumer,16,0.11511874999999999,0.375,0.0625,0.5625,0.08024708333333333
2023-05-26,Energy,24,0.21217083333333334,0.625,0.041666666666666664,0.3333333333333333,0.20208666666666666
2023-05-26,Financials,13,0.08793076923076923,0.3076923076923077,0.07692307692307693,0.6153846153846154,0.06063500000000001
2023-05-26,Healthcare,14,0.1101,0.2857142857142857,0.14285714285714285,0.5714285714285714,0.12116500000000001
2023-05-26,Industrials,5,0.12498000000000001,0.2,0.0,0.8,0.156225
2023-05-26,Materials,8,0.052762500000000004,0.25,0.25,0.5,0.0657888888888889
2023-05-26,RealEstate,2,0.0,0.0,0.0,1.0,0.0
2023-05-26,Tech,55,0.1368890909090909,0.4727272727272727,0.12727272727272726,0.4,0.13152178861788616
2023-05-26,Utilities,4,0.168775,0.5,0.0,0.5,0.22503333333333334
2023-05-30,Comm,10,-0.0041799999999999945,0.1,0.1,0.8,0.004470833333333337
2023-05-30,Consumer,41,0.10406585365853659,0.34146341463414637,0.12195121951219512,0.5365853658536586,0.10615259740259742
2023-05-30,Energy,31,0.10373225806451612,0.3548387096774194,0.06451612903225806,0.5806451612903226,0.13275587301587302
2023-05-30,Financials,32,0.009890625,0.15625,0.125,0.71875,0.008882666666666667
2023-05-30,Healthcare,18,0.18886666666666665,0.4444444444444444,0.1111111111111111,0.4444444444444444,0.29069500000000004
2023-05-30,Industrials,18,0.08772777777777778,0.16666666666666666,0.05555555555555555,0.7777777777777778,0.08677916666666666
2023-05-30,Materials,9,0.13422222222222221,0.4444444444444444,0.1111111111111111,0.4444444444444444,0.22327111111111111
2023-05-30,RealEstate,8,0.184875,0.375,0.0,0.625,0.15797
2023-05-30,Tech,150,0.122012,0.37333333333333335,0.11333333333333333,0.5133333333333333,0.11756933572567782
2023-05-30,Utilities,12,0.13851666666666665,0.4166666666666667,0.0,0.5833333333333334,0.11341666666666667
2023-05-31,Comm,9,0.08837777777777776,0.3333333333333333,0.1111111111111111,0.5555555555555556,0.12067499999999999
2023-05-31,Consumer,24,0.08994999999999999,0.25,0.08333333333333333,0.6666666666666666,0.09165928571428572
2023-05-31,Energy,12,0.15331666666666668,0.5,0.08333333333333333,0.4166666666666667,0.21463000000000002
2023-05-31,Financials,24,0.05579583333333334,0.20833333333333334,0.16666666666666666,0.625,0.09111780952380952
2023-05-31,Healthcare,16,0.1365625,0.3125,0.0,0.6875,0.14073333333333332
2023-05-31,Industrials,13,0.08816153846153847,0.3076923076923077,0.0,0.6923076923076923,0.08707916666666667
2023-05-31,Materials,5,0.131,0.4,0.0,0.6,0.15469999999999998
2023-05-31,RealEstate,5,0.22122000000000003,0.8,0.0,0.2,0.2308
2023-05-31,Tech,80,0.08311,0.325,0.1375,0.5375,0.10126848049052398
2023-05-31,Utilities,3,0.3891,0.6666666666666666,0.0,0.3333333333333333,0.3891
2023-06-01,Comm,10,0.13181,0.4,0.0,0.6,0.13070833333333334
2023-06-01,Consumer,25,0.11016,0.36,0.08,0.56,0.1343916666666667
2023-06-01,Energy,22,0.2044272727272727,0.5,0.045454545454545456,0.45454545454545453,0.20107333333333335
2023-06-01,Financials,22,0.15261818181818182,0.4090909090909091,0.13636363636363635,0.45454545454545453,0.045123636363636366
2023-06-01,Healthcare,18,0.006316666666666671,0.16666666666666666,0.2222222222222222,0.6111111111111112,-0.06024047619047619
2023-06-01,Industrials,12,0.07065833333333334,0.3333333333333333,0.08333333333333333,0.5833333333333334,0.13343833333333333
2023-06-01,Materials,14,0.042100000000000005,0.21428571428571427,0.14285714285714285,0.6428571428571429,-0.026754999999999994
2023-06-01,RealEstate,7,0.10414285714285712,0.2857142857142857,0.14285714285714285,0.5714285714285714,0.15113333333333334
2023-06-01,Tech,62,0.143308064516129,0.45161290322580644,0.0967741935483871,0.45161290322580644,0.16287252252252254
2023-06-01,Utilities,11,0.17882727272727272,0.45454545454545453,0.0,0.5454545454545454,0.20077333333333333
2023-06-02,Comm,28,-0.012085714285714281,0.32142857142857145,0.32142857142857145,0.35714285714285715,-0.015148557692307689
2023-06-02,Consumer,17,-0.04017647058823529,0.23529411764705882,0.35294117647058826,0.4117647058823529,-0.037142499999999995
2023-06-02,Energy,24,0.0119125,0.2916666666666667,0.20833333333333334,0.5,0.005070454545454543
2023-06-02,Financials,22,-0.01733636363636364,0.2727272727272727,0.22727272727272727,0.5,-0.004618214285714288
2023-06-02,Healthcare,10,0.07088,0.4,0.2,0.4,0.11968571428571428
2023-06-02,Industrials,16,0.10030625,0.375,0.25,0.375,0.19516309523809525
2023-06-02,Materials,9,0.1618111111111111,0.3333333333333333,0.1111111111111111,0.5555555555555556,0.25546785714285714
2023-06-02,RealEstate,5,0.04128,0.6,0.0,0.4,0.043
2023-06-02,Tech,59,0.04989830508474576,0.2542372881355932,0.15254237288135594,0.5932203389830508,0.08822628571428573
2023-06-02,Utilities,3,0.2436,0.6666666666666666,0.0,0.3333333333333333,0.2436
2023-06-05,Comm,15,0.11279333333333333,0.3333333333333333,0.06666666666666667,0.6,0.10338833333333333
2023-06-05,Consumer,37,-0.010459459459459461,0.16216216216216217,0.2972972972972973,0.5405405405405406,0.009052641025641028
2023-06-05,Energy,31,0.09328709677419356,0.45161290322580644,0.03225806451612903,0.5161290322580645,0.082553
2023-06-05,Financials,29,0.05033793103448276,0.27586206896551724,0.06896551724137931,0.6551724137931034,0.06754666666666667
2023-06-05,Healthcare,16,0.04918750000000001,0.25,0.125,0.625,0.0538
2023-06-05,Industrials,19,0.12447368421052633,0.3684210526315789,0.05263157894736842,0.5789473684210527,0.09764285714285714
2023-06-05,Materials,6,0.2386,0.6666666666666666,0.0,0.3333333333333333,0.1798
2023-06-05,RealEstate,7,0.14150000000000001,0.42857142857142855,0.0,0.5714285714285714,0.11005555555555556
2023-06-05,Tech,75,0.11625333333333332,0.3333333333333333,0.12,0.5466666666666666,0.07863474025974027
2023-06-05,Utilities,11,0.07450909090909091,0.2727272727272727,0.0,0.7272727272727273,0.08196
2023-06-06,Comm,9,0.13132222222222223,0.4444444444444444,0.2222222222222222,0.3333333333333333,0.1333225
2023-06-06,Consumer,17,0.13958823529411765,0.35294117647058826,0.0,0.6470588235294118,0.1613516666666667
2023-06-06,Energy,25,-0.051148000000000006,0.16,0.28,0.56,0.011694222222222217
2023-06-06,Financials,18,0.12058888888888891,0.2777777777777778,0.05555555555555555,0.6666666666666666,0.15901933333333335
2023-06-06,Healthcare,14,0.1706857142857143,0.5,0.07142857142857142,0.42857142857142855,0.22018095238095237
2023-06-06,Industrials,5,0.25882,0.6,0.0,0.4,0.3511
2023-06-06,Materials,4,0.06020000000000002,0.25,0.25,0.5,0.14220000000000002
2023-06-06,RealEstate,3,0.13066666666666665,0.6666666666666666,0.3333333333333333,0.0,0.13066666666666665
2023-06-06,Tech,31,0.004503225806451607,0.1935483870967742,0.1935483870967742,0.6129032258064516,0.020368761904761903
2023-06-07,Comm,11,0.2219090909090909,0.7272727272727273,0.0,0.2727272727272727,0.25762833333333335
2023-06-07,Consumer,28,0.11929642857142857,0.42857142857142855,0.10714285714285714,0.4642857142857143,0.12403166666666668
2023-06-07,Energy,10,0.09971000000000001,0.3,0.1,0.6,0.10962916666666667
2023-06-07,Financials,20,0.099615,0.25,0.05,0.7,0.17646499999999998
2023-06-07,Healthcare,14,0.2865642857142857,0.42857142857142855,0.0,0.5714285714285714,0.2577716666666666
2023-06-07,Industrials,10,0.07591,0.4,0.1,0.5,0.13350833333333334
2023-06-07,Materials,2,0.16094999999999998,0.5,0.5,0.0,0.16094999999999998
2023-06-07,RealEstate,1,0.4215,1.0,0.0,0.0,0.4215
2023-06-07,Tech,36,0.1625,0.3333333333333333,0.027777777777777776,0.6388888888888888,0.16101533333333334
2023-06-07,Utilities,4,0.38075000000000003,0.75,0.0,0.25,0.4035166666666667
2023-06-08,Comm,9,-0.06606666666666666,0.1111111111111111,0.2222222222222222,0.6666666666666666,-0.07723055555555557
2023-06-08,Consumer,23,0.11670434782608696,0.43478260869565216,0.043478260869565216,0.5217391304347826,0.10710144444444444
2023-06-08,Energy,17,0.06629411764705882,0.29411764705882354,0.058823529411764705,0.6470588235294118,0.03468952380952381
2023-06-08,Financials,21,0.06435714285714286,0.2857142857142857,0.09523809523809523,0.6190476190476191,0.08072166666666666
2023-06-08,Healthcare,15,0.24054,0.6,0.0,0.4,0.277517
2023-06-08,Industrials,8,0.07427500000000001,0.375,0.125,0.5,0.11851666666666667
2023-06-08,Materials,10,0.034,0.1,0.0,0.9,0.028333333333333335
2023-06-08,RealEstate,10,0.09199,0.2,0.0,0.8,0.054165
2023-06-08,Tech,62,0.08571290322580645,0.3387096774193548,0.12903225806451613,0.532258064516129,0.11442140259740259
2023-06-08,Utilities,11,0.15244545454545455,0.5454545454545454,0.0,0.45454545454545453,0.15345999999999999
2023-06-09,Comm,12,0.18090833333333334,0.4166666666666667,0.0,0.5833333333333334,0.24594583333333336
2023-06-09,Consumer,20,0.08619,0.4,0.15,0.45,0.07775714285714286
2023-06-09,Energy,18,0.09887777777777777,0.3333333333333333,0.16666666666666666,0.5,0.09743857142857143
2023-06-09,Financials,21,-0.00973809523809524,0.14285714285714285,0.19047619047619047,0.6666666666666666,-0.008346590909090904
2023-06-09,Healthcare,13,0.020338461538461545,0.23076923076923078,0.07692307692307693,0.6923076923076923,0.035365
2023-06-09,Industrials,11,0.0445909090909091,0.2727272727272727,0.2727272727272727,0.45454545454545453,0.044430555555555556
2023-06-09,Materials,2,0.17,0.5,0.0,0.5,0.17
2023-06-09,RealEstate,5,0.21848,0.4,0.0,0.6,0.18206666666666668
2023-06-09,Tech,52,0.09368269230769231,0.34615384615384615,0.09615384615384616,0.5576923076923077,0.06031517543859649
2023-06-09,Utilities,10,0.12635000000000002,0.4,0.0,0.6,0.09582708333333334
2023-06-12,Comm,9,0.044955555555555554,0.2222222222222222,0.0,0.7777777777777778,0.022477777777777777
2023-06-12,Consumer,32,0.088465625,0.28125,0.09375,0.625,0.09070455555555557
2023-06-12,Energy,23,0.15019565217391304,0.43478260869565216,0.08695652173913043,0.4782608695652174,0.055564999999999996
2023-06-12,Financials,36,0.055344444444444446,0.3333333333333333,0.1388888888888889,0.5277777777777778,0.05951555555555556
2023-06-12,Healthcare,20,0.178755,0.55,0.1,0.35,0.19989666666666667
2023-06-12,Industrials,11,0.1824727272727273,0.36363636363636365,0.09090909090909091,0.5454545454545454,0.15180625
2023-06-12,Materials,4,0.016700000000000007,0.25,0.25,0.5,0.016700000000000007
2023-06-12,RealEstate,7,0.18317142857142857,0.7142857142857143,0.14285714285714285,0.14285714285714285,0.224
2023-06-12,Tech,75,0.12368533333333334,0.37333333333333335,0.06666666666666667,0.56,0.117506
2023-06-12,Utilities,7,0.1525,0.5714285714285714,0.14285714285714285,0.2857142857142857,0.16839166666666666
2023-06-13,Comm,12,0.13095,0.4166666666666667,0.08333333333333333,0.5,0.12368541666666666
2023-06-13,Consumer,15,0.04860666666666667,0.3333333333333333,0.06666666666666667,0.6,0.08649333333333334
2023-06-13,Energy,16,0.2193,0.5625,0.125,0.3125,0.11525333333333335
2023-06-13,Financials,27,0.25356666666666666,0.6666666666666666,0.037037037037037035,0.2962962962962963,0.19952090909090908
2023-06-13,Healthcare,8,0.07892500000000002,0.5,0.25,0.25,0.04371666666666668
2023-06-13,Industrials,11,0.10431818181818181,0.18181818181818182,0.0,0.8181818181818182,0.095625
2023-06-13,Materials,8,0.249275,0.5,0.0,0.5,0.286275
2023-06-13,RealEstate,4,0.0,0.0,0.0,1.0,0.0
2023-06-13,Tech,72,0.16337777777777776,0.4444444444444444,0.0,0.5555555555555556,0.12919062184873947
2023-06-13,Utilities,10,0.036320000000000005,0.2,0.1,0.7,0.07782666666666668
2023-06-14,Comm,8,0.2258125,0.5,0.0,0.5,0.2643833333333333
2023-06-14,Consumer,30,0.030050000000000004,0.23333333333333334,0.16666666666666666,0.6,0.04352277777777778
2023-06-14,Energy,14,0.09819285714285715,0.2857142857142857,0.07142857142857142,0.6428571428571429,0.03523666666666667
2023-06-14,Financials,25,0.106204,0.4,0.2,0.4,0.08405666666666667
2023-06-14,Healthcare,5,0.29582,0.6,0.0,0.4,0.30043333333333333
2023-06-14,Industrials,13,0.2088846153846154,0.5384615384615384,0.15384615384615385,0.3076923076923077,0.19939500000000002
2023-06-14,Materials,3,0.3727666666666667,0.6666666666666666,0.0,0.3333333333333333,0.3727666666666667
2023-06-14,RealEstate,4,0.204175,0.5,0.0,0.5,0.204175
2023-06-14,Tech,52,0.22779038461538462,0.5192307692307693,0.0,0.4807692307692308,0.22483330384785494
2023-06-14,Utilities,7,0.3882857142857143,0.8571428571428571,0.0,0.14285714285714285,0.4089583333333333
2023-06-15,Comm,10,0.12367000000000002,0.3,0.1,0.6,0.09067833333333335
2023-06-15,Consumer,25,0.077816,0.36,0.16,0.48,0.07783428571428572
2023-06-15,Energy,16,0.0885625,0.25,0.0,0.75,0.07012933333333334
2023-06-15,Financials,15,0.16659333333333332,0.3333333333333333,0.06666666666666667,0.6,0.23430333333333336
2023-06-15,Healthcare,7,-0.0605142857142857,0.14285714285714285,0.2857142857142857,0.5714285714285714,-0.06827777777777777
2023-06-15,Industrials,10,0.019739999999999997,0.2,0.1,0.7,0.09799791666666666
2023-06-15,Materials,11,0.10748181818181819,0.2727272727272727,0.0,0.7272727272727273,0.09620999999999999
2023-06-15,RealEstate,5,0.11988000000000001,0.2,0.0,0.8,0.14985
2023-06-15,Tech,61,0.14268196721311474,0.32786885245901637,0.08196721311475409,0.5901639344262295,0.13358736908253038
2023-06-15,Utilities,4,-0.0625,0.0,0.25,0.75,-0.041666666666666664
2023-06-16,Comm,15,0.13912,0.4,0.13333333333333333,0.4666666666666667,0.13058666666666666
2023-06-16,Consumer,14,-0.0067785714285714315,0.07142857142857142,0.07142857142857142,0.8571428571428571,-0.009490000000000004
2023-06-16,Energy,12,0.05815,0.25,0.08333333333333333,0.6666666666666666,0.09272
2023-06-16,Financials,20,0.073155,0.4,0.1,0.5,0.12568380952380953
2023-06-16,Healthcare,13,0.04270000000000001,0.3076923076923077,0.07692307692307693,0.6153846153846154,0.05470166666666667
2023-06-16,Industrials,12,0.18965,0.5833333333333334,0.3333333333333333,0.08333333333333333,0.150125
2023-06-16,Materials,4,0.3534,0.5,0.0,0.5,0.2356
2023-06-16,RealEstate,4,-0.13979999999999998,0.25,0.5,0.25,-0.24613333333333332
2023-06-16,Tech,53,0.10173396226415093,0.2830188679245283,0.1509433962264151,0.5660377358490566,0.1324245543478261
2023-06-16,Utilities,4,0.296425,0.75,0.0,0.25,0.34970000000000007
2023-06-20,Comm,21,0.1618,0.3333333333333333,0.0,0.6666666666666666,0.10486200000000001
2023-06-20,Consumer,42,0.008726190476190472,0.23809523809523808,0.19047619047619047,0.5714285714285714,0.02933919047619047
2023-06-20,Energy,30,0.10563333333333333,0.23333333333333334,0.06666666666666667,0.7,0.085532
2023-06-20,Financials,34,0.10930294117647059,0.38235294117647056,0.029411764705882353,0.5882352941176471,0.10127937878787878
2023-06-20,Healthcare,21,0.07415238095238094,0.38095238095238093,0.14285714285714285,0.47619047619047616,0.09210357142857142
2023-06-20,Industrials,32,0.1420625,0.375,0.0625,0.5625,0.12289155844155844
2023-06-20,Materials,6,0.05304999999999999,0.3333333333333333,0.3333333333333333,0.3333333333333333,0.07100000000000001
2023-06-20,RealEstate,5,0.0,0.0,0.0,1.0,0.0
2023-06-20,Tech,109,0.10961559633027523,0.3302752293577982,0.07339449541284404,0.5963302752293578,0.08854297872340426
2023-06-20,Utilities,5,-0.019319999999999997,0.2,0.4,0.4,-0.1314
2023-06-21,Comm,5,0.23588,0.6,0.0,0.4,0.19656666666666667
2023-06-21,Consumer,26,0.11025384615384616,0.3076923076923077,0.038461538461538464,0.6538461538461539,0.12768600000000002
2023-06-21,Energy,20,0.029745,0.25,0.15,0.6,0.03936
2023-06-21,Financials,25,0.006596000000000008,0.24,0.2,0.56,0.11222750000000001
2023-06-21,Healthcare,17,0.10905882352941176,0.47058823529411764,0.17647058823529413,0.35294117647058826,0.16984933333333332
2023-06-21,Industrials,17,-0.09350588235294117,0.29411764705882354,0.4117647058823529,0.29411764705882354,-0.10361869047619046
2023-06-21,Materials,6,0.22408333333333333,0.5,0.0,0.5,0.1680625
2023-06-21,RealEstate,1,0.0,0.0,0.0,1.0,0.0
2023-06-21,Tech,58,0.06483448275862069,0.3620689655172414,0.1896551724137931,0.4482758620689655,0.0010769000000000028
2023-06-21,Utilities,8,0.1693375,0.5,0.125,0.375,0.21825555555555556
2023-06-22,Comm,8,0.2449875,0.5,0.0,0.5,0.32592
2023-06-22,Consumer,33,0.06486666666666667,0.3333333333333333,0.18181818181818182,0.48484848484848486,0.04313142857142858
2023-06-22,Energy,29,0.012713793103448279,0.2413793103448276,0.3103448275862069,0.4482758620689655,0.03054459595959596
2023-06-22,Financials,15,0.10902666666666666,0.4666666666666667,0.26666666666666666,0.26666666666666666,0.20255238095238093
2023-06-22,Healthcare,13,0.04575384615384615,0.15384615384615385,0.07692307692307693,0.7692307692307693,0.07414000000000001
2023-06-22,Industrials,10,0.04502000000000001,0.4,0.2,0.4,0.037312500000000005
2023-06-22,Materials,4,0.11337499999999999,0.5,0.0,0.5,0.07558333333333332
2023-06-22,RealEstate,11,0.020672727272727273,0.2727272727272727,0.18181818181818182,0.5454545454545454,0.046345000000000004
2023-06-22,Tech,44,0.0986409090909091,0.29545454545454547,0.045454545454545456,0.6590909090909091,0.09655476190476191
2023-06-22,Utilities,8,0.340325,0.625,0.0,0.375,0.289875
2023-06-23,Comm,5,0.18838000000000002,0.6,0.2,0.2,0.07922499999999999
2023-06-23,Consumer,33,0.023072727272727276,0.30303030303030304,0.21212121212121213,0.48484848484848486,0.04139742857142857
2023-06-23,Energy,16,0.0861625,0.1875,0.125,0.6875,0.08087
2023-06-23,Financials,13,-0.019415384615384612,0.15384615384615385,0.23076923076923078,0.6153846153846154,-0.014856666666666666
2023-06-23,Healthcare,11,0.22490909090909092,0.45454545454545453,0.09090909090909091,0.45454545454545453,0.17212333333333332
2023-06-23,Industrials,20,0.02772,0.35,0.25,0.4,0.08075
2023-06-23,Materials,7,0.04228571428571428,0.14285714285714285,0.0,0.8571428571428571,0.024666666666666667
2023-06-23,RealEstate,9,0.09004444444444444,0.3333333333333333,0.0,0.6666666666666666,0.11247666666666664
2023-06-23,Tech,44,0.1537931818181818,0.38636363636363635,0.045454545454545456,0.5681818181818182,0.144575873015873
2023-06-23,Utilities,5,0.19373999999999997,0.6,0.2,0.2,0.19664166666666666
2023-06-26,Comm,23,0.0933217391304348,0.34782608695652173,0.08695652173913043,0.5652173913043478,0.12835722222222223
2023-06-26,Consumer,35,0.1360742857142857,0.34285714285714286,0.08571428571428572,0.5714285714285714,0.15391238095238097
2023-06-26,Energy,18,0.06136666666666667,0.3888888888888889,0.2222222222222222,0.3888888888888889,0.05300933333333333
2023-06-26,Financials,37,0.10306756756756756,0.3783783783783784,0.10810810810810811,0.5135135135135135,0.11246169696969696
2023-06-26,Healthcare,26,0.10699615384615384,0.23076923076923078,0.038461538461538464,0.7307692307692307,0.11287116666666666
2023-06-26,Industrials,11,0.20355454545454546,0.45454545454545453,0.0,0.5454545454545454,0.21286190476190478
2023-06-26,Materials,3,0.12040000000000001,0.3333333333333333,0.0,0.6666666666666666,0.0903
2023-06-26,RealEstate,9,0.17418888888888887,0.4444444444444444,0.0,0.5555555555555556,0.19596249999999998
2023-06-26,Tech,49,0.16101836734693878,0.4897959183673469,0.061224489795918366,0.4489795918367347,0.16265189898989899
2023-06-26,Utilities,9,0.3035555555555555,0.8888888888888888,0.0,0.1111111111111111,0.31494666666666665
2023-06-27,Comm,10,0.18197999999999998,0.4,0.0,0.6,0.176568
2023-06-27,Consumer,19,0.1392157894736842,0.47368421052631576,0.10526315789473684,0.42105263157894735,0.11427333333333331
2023-06-27,Energy,17,0.17615882352941176,0.47058823529411764,0.058823529411764705,0.47058823529411764,0.10251777777777778
2023-06-27,Financials,18,0.22865555555555556,0.6111111111111112,0.0,0.3888888888888889,0.231605
2023-06-27,Healthcare,14,0.20562857142857144,0.5714285714285714,0.07142857142857142,0.35714285714285715,0.16084166666666666
2023-06-27,Industrials,9,0.05716666666666667,0.2222222222222222,0.1111111111111111,0.6666666666666666,0.03852777777777778
2023-06-27,Materials,7,0.0876,0.2857142857142857,0.0,0.7142857142857143,0.12264
2023-06-27,RealEstate,8,0.345125,1.0,0.0,0.0,0.33015
2023-06-27,Tech,52,0.1204173076923077,0.38461538461538464,0.09615384615384616,0.5192307692307693,0.1872056666666667
2023-06-27,Utilities,12,0.1628666666666667,0.4166666666666667,0.08333333333333333,0.5,0.23006500000000002
2023-06-28,Comm,11,0.07805454545454546,0.36363636363636365,0.18181818181818182,0.45454545454545453,0.03368750000000001
2023-06-28,Consumer,18,0.12124444444444446,0.2777777777777778,0.05555555555555555,0.6666666666666666,0.10723866666666668
2023-06-28,Energy,14,0.15304285714285712,0.6428571428571429,0.14285714285714285,0.21428571428571427,0.14015
2023-06-28,Financials,25,-0.0010440000000000026,0.36,0.36,0.28,-0.10867057575757574
2023-06-28,Healthcare,8,0.07655,0.125,0.0,0.875,0.12248
2023-06-28,Industrials,5,0.11326,0.4,0.0,0.6,0.09438333333333333
2023-06-28,Materials,6,0.25881666666666664,0.8333333333333334,0.0,0.16666666666666666,0.2566125
2023-06-28,RealEstate,10,0.19859,0.6,0.0,0.4,0.14466666666666667
2023-06-28,Tech,86,0.056369767441860466,0.27906976744186046,0.16279069767441862,0.5581395348837209,0.06356904034272758
2023-06-28,Utilities,3,0.09106666666666667,0.3333333333333333,0.0,0.6666666666666666,0.09106666666666667
2023-06-29,Comm,12,0.07321666666666667,0.16666666666666666,0.0,0.8333333333333334,0.05051666666666666
2023-06-29,Consumer,32,0.014200000000000004,0.3125,0.21875,0.46875,0.0024686666666666754
2023-06-29,Energy,21,0.07649047619047619,0.38095238095238093,0.047619047619047616,0.5714285714285714,0.08233920454545454
2023-06-29,Financials,46,0.06524130434782609,0.32608695652173914,0.13043478260869565,0.5434782608695652,0.06394684537684538
2023-06-29,Healthcare,17,0.16888823529411767,0.5882352941176471,0.11764705882352941,0.29411764705882354,0.24358250000000004
2023-06-29,Industrials,8,0.0595875,0.125,0.0,0.875,0.0595875
2023-06-29,Materials,10,-0.015389999999999997,0.1,0.1,0.8,0.03507333333333334
2023-06-29,RealEstate,10,0.13053,0.4,0.1,0.5,0.23190000000000002
2023-06-29,Tech,58,0.07906551724137932,0.3103448275862069,0.06896551724137931,0.6206896551724138,0.08187301785714288
2023-06-29,Utilities,7,0.16144285714285717,0.42857142857142855,0.0,0.5714285714285714,0.20905
2023-06-30,Comm,7,-0.07282857142857144,0.0,0.2857142857142857,0.7142857142857143,-0.05664444444444444
2023-06-30,Consumer,49,0.08368571428571428,0.30612244897959184,0.1836734693877551,0.5102040816326531,0.09908491758241758
2023-06-30,Energy,16,0.029018750000000003,0.25,0.1875,0.5625,0.017703000000000003
2023-06-30,Financials,21,0.005833333333333327,0.2857142857142857,0.2857142857142857,0.42857142857142855,-0.004591666666666672
2023-06-30,Healthcare,18,0.04308888888888889,0.16666666666666666,0.05555555555555555,0.7777777777777778,0.009564166666666669
2023-06-30,Industrials,7,0.0899,0.42857142857142855,0.14285714285714285,0.42857142857142855,0.1541875
2023-06-30,Materials,2,-0.1858,0.0,0.5,0.5,-0.1858
2023-06-30,RealEstate,4,0.018575,0.25,0.25,0.5,0.018575
2023-06-30,Tech,52,0.10874807692307692,0.2692307692307692,0.07692307692307693,0.6538461538461539,0.051834301075268804
2023-06-30,Utilities,9,0.23392222222222225,0.4444444444444444,0.0,0.5555555555555556,0.16813
2023-07-03,Comm,14,0.14652857142857142,0.35714285714285715,0.07142857142857142,0.5714285714285714,0.14625333333333332
2023-07-03,Consumer,30,0.06819666666666667,0.26666666666666666,0.13333333333333333,0.6,0.07753571428571429
2023-07-03,Energy,32,0.10728125000000001,0.46875,0.0,0.53125,0.10649
2023-07-03,Financials,34,0.05080882352941177,0.3235294117647059,0.20588235294117646,0.47058823529411764,0.06760329581529581
2023-07-03,Healthcare,25,0.16258000000000003,0.36,0.08,0.56,0.16950533333333334
2023-07-03,Industrials,15,0.11460000000000001,0.4,0.13333333333333333,0.4666666666666667,0.11665541666666666
2023-07-03,Materials,7,0.04857142857142858,0.14285714285714285,0.0,0.8571428571428571,0.03777777777777778
2023-07-03,RealEstate,9,0.19074444444444444,0.3333333333333333,0.0,0.6666666666666666,0.19841499999999998
2023-07-03,Tech,46,0.2678478260869565,0.5434782608695652,0.021739130434782608,0.43478260869565216,0.30290447619047617
2023-07-03,Utilities,6,0.0947,0.3333333333333333,0.16666666666666666,0.5,0.18412777777777778
2023-07-05,Comm,13,0.20262307692307693,0.46153846153846156,0.0,0.5384615384615384,0.27427291666666664
2023-07-05,Consumer,29,0.10402068965517242,0.3448275862068966,0.13793103448275862,0.5172413793103449,0.093782
2023-07-05,Energy,29,0.10392758620689657,0.27586206896551724,0.13793103448275862,0.5862068965517241,0.05684890109890111
2023-07-05,Financials,36,0.1435,0.3611111111111111,0.05555555555555555,0.5833333333333334,0.14094055555555557
2023-07-05,Healthcare,16,0.166325,0.4375,0.125,0.4375,0.24311333333333335
2023-07-05,Industrials,24,0.11997916666666668,0.4583333333333333,0.25,0.2916666666666667,0.25317673076923075
2023-07-05,Materials,5,0.28176,0.6,0.0,0.4,0.15653333333333333
2023-07-05,RealEstate,6,0.35881666666666673,0.6666666666666666,0.0,0.3333333333333333,0.28352222222222223
2023-07-05,Tech,63,0.12146190476190476,0.36507936507936506,0.12698412698412698,0.5079365079365079,0.14558209523809523
2023-07-05,Utilities,4,0.26932500000000004,0.5,0.0,0.5,0.32635000000000003
2023-07-06,Comm,12,0.097925,0.4166666666666667,0.0,0.5833333333333334,0.12168000000000001
2023-07-06,Consumer,20,0.08317,0.35,0.15,0.5,0.05473309523809524
2023-07-06,Energy,27,0.04871111111111111,0.37037037037037035,0.18518518518518517,0.4444444444444444,0.16027809523809525
2023-07-06,Financials,26,0.08758846153846153,0.38461538461538464,0.15384615384615385,0.46153846153846156,0.11442809523809523
2023-07-06,Healthcare,13,0.312,0.6153846153846154,0.0,0.38461538461538464,0.3386541666666667
2023-07-06,Industrials,10,0.12638,0.3,0.0,0.7,0.06319
2023-07-06,Materials,9,0.06577777777777777,0.2222222222222222,0.0,0.7777777777777778,0.074
2023-07-06,RealEstate,11,0.12824545454545452,0.45454545454545453,0.0,0.5454545454545454,0.09404666666666665
2023-07-06,Tech,56,0.042983928571428576,0.21428571428571427,0.14285714285714285,0.6428571428571429,0.02953605838605839
2023-07-06,Utilities,13,0.2732769230769231,0.6153846153846154,0.0,0.38461538461538464,0.17359733333333333
2023-07-07,Comm,11,0.12153636363636364,0.45454545454545453,0.09090909090909091,0.45454545454545453,0.14504083333333334
2023-07-07,Consumer,17,0.0917235294117647,0.35294117647058826,0.17647058823529413,0.47058823529411764,0.11410333333333333
2023-07-07,Energy,22,0.013640909090909098,0.22727272727272727,0.22727272727272727,0.5454545454545454,-0.005559047619047611
2023-07-07,Financials,29,0.06406896551724138,0.20689655172413793,0.10344827586206896,0.6896551724137931,0.04714533333333334
2023-07-07,Healthcare,12,0.16256666666666666,0.4166666666666667,0.08333333333333333,0.5,0.10098
2023-07-07,Industrials,9,0.03583333333333335,0.3333333333333333,0.3333333333333333,0.3333333333333333,-0.04826874999999999
2023-07-07,Materials,7,0.1512,0.2857142857142857,0.0,0.7142857142857143,0.07056
2023-07-07,RealEstate,5,0.04046,0.2,0.0,0.8,0.0252875
2023-07-07,Tech,40,0.0426225,0.3,0.15,0.55,0.010512500000000003
2023-07-07,Utilities,6,0.22766666666666668,0.8333333333333334,0.0,0.16666666666666666,0.24284444444444445
2023-07-10,Comm,10,0.07586,0.2,0.0,0.8,0.047412499999999996
2023-07-10,Consumer,27,0.021240740740740744,0.14814814814814814,0.07407407407407407,0.7777777777777778,0.03842547619047619
2023-07-10,Energy,21,0.12156666666666667,0.47619047619047616,0.19047619047619047,0.3333333333333333,0.07794799999999999
2023-07-10,Financials,43,-0.03878372093023256,0.18604651162790697,0.18604651162790697,0.627906976744186,0.010548666666666668
2023-07-10,Healthcare,20,0.09307000000000001,0.3,0.05,0.65,0.09408571428571429
2023-07-10,Industrials,17,0.10047647058823529,0.35294117647058826,0.058823529411764705,0.5882352941176471,0.06498095238095239
2023-07-10,Materials,3,0.3281,0.6666666666666666,0.0,0.3333333333333333,0.3281
2023-07-10,RealEstate,5,0.23258,0.6,0.0,0.4,0.2540166666666667
2023-07-10,Tech,53,0.06496037735849057,0.22641509433962265,0.11320754716981132,0.660377358490566,0.12032349282296653
2023-07-10,Utilities,7,0.2569857142857143,0.7142857142857143,0.0,0.2857142857142857,0.19278000000000003
2023-07-11,Comm,12,0.12293333333333334,0.25,0.0,0.75,0.115675
2023-07-11,Consumer,29,0.17050689655172413,0.4482758620689655,0.13793103448275862,0.41379310344827586,0.1483045
2023-07-11,Energy,20,-0.032379999999999985,0.15,0.2,0.65,-0.04340309523809523
2023-07-11,Financials,31,0.10108064516129031,0.3870967741935484,0.12903225806451613,0.4838709677419355,0.10374166666666666
2023-07-11,Healthcare,15,-0.034193333333333326,0.2,0.26666666666666666,0.5333333333333333,-0.019299999999999998
2023-07-11,Industrials,9,0.14385555555555554,0.3333333333333333,0.0,0.6666666666666666,0.1396375
2023-07-11,Materials,9,0.06382222222222222,0.2222222222222222,0.0,0.7777777777777778,0.057440000000000005
2023-07-11,RealEstate,2,0.1909,0.5,0.0,0.5,0.1909
2023-07-11,Tech,52,0.12375192307692308,0.38461538461538464,0.07692307692307693,0.5384615384615384,0.1353016446886447
2023-07-11,Utilities,11,0.1934090909090909,0.6363636363636364,0.0,0.36363636363636365,0.22027166666666664
2023-07-12,Comm,24,0.10395416666666667,0.4166666666666667,0.20833333333333334,0.375,0.10722533333333333
2023-07-12,Consumer,29,0.11066206896551724,0.41379310344827586,0.10344827586206896,0.4827586206896552,0.17792113636363638
2023-07-12,Energy,27,0.07514814814814816,0.2962962962962963,0.1111111111111111,0.5925925925925926,0.06690533333333334
2023-07-12,Financials,29,0.08292413793103448,0.3448275862068966,0.20689655172413793,0.4482758620689655,0.05455066666666666
2023-07-12,Healthcare,14,0.27222142857142856,0.6428571428571429,0.0,0.35714285714285715,0.29226833333333335
2023-07-12,Industrials,4,0.050074999999999995,0.25,0.25,0.5,0.03338333333333333
2023-07-12,Materials,8,0.12940000000000002,0.5,0.125,0.375,0.10863
2023-07-12,RealEstate,8,0.12045,0.375,0.0,0.625,0.1755
2023-07-12,Tech,46,0.13771521739130435,0.391304347826087,0.043478260869565216,0.5652173913043478,0.12270209523809524
2023-07-12,Utilities,5,0.10928,0.4,0.0,0.6,0.09106666666666667
2023-07-13,Comm,14,0.06827857142857142,0.35714285714285715,0.2857142857142857,0.35714285714285715,0.10935833333333334
2023-07-13,Consumer,31,0.14531612903225807,0.41935483870967744,0.16129032258064516,0.41935483870967744,0.1847499010989011
2023-07-13,Energy,25,0.1403,0.36,0.0,0.64,0.15996761904761905
2023-07-13,Financials,33,0.013178787878787875,0.18181818181818182,0.12121212121212122,0.696969696969697,-0.008363055555555554
2023-07-13,Healthcare,14,0.12074285714285715,0.42857142857142855,0.14285714285714285,0.42857142857142855,0.10664166666666668
2023-07-13,Industrials,9,0.09438888888888888,0.3333333333333333,0.2222222222222222,0.4444444444444444,0.10622916666666667
2023-07-13,Materials,6,0.0,0.0,0.0,1.0,0.0
2023-07-13,RealEstate,13,0.19834615384615384,0.46153846153846156,0.07692307692307693,0.46153846153846156,0.15039583333333334
2023-07-13,Tech,40,0.1955325,0.5,0.025,0.475,0.17219555555555557
2023-07-13,Utilities,8,0.0843,0.125,0.0,0.875,0.0562
2023-07-14,Comm,22,0.19229545454545455,0.45454545454545453,0.13636363636363635,0.4090909090909091,0.09681127450980392
2023-07-14,Consumer,23,0.1282695652173913,0.43478260869565216,0.043478260869565216,0.5217391304347826,0.16024290909090907
2023-07-14,Energy,27,0.13586666666666666,0.37037037037037035,0.037037037037037035,0.5925925925925926,0.10779676923076922
2023-07-14,Financials,60,0.17143833333333333,0.5,0.18333333333333332,0.31666666666666665,0.0233518888888889
2023-07-14,Healthcare,14,0.11025,0.21428571428571427,0.0,0.7857142857142857,0.09642
2023-07-14,Industrials,7,0.03951428571428572,0.2857142857142857,0.14285714285714285,0.5714285714285714,0.09048333333333335
2023-07-14,Materials,1,0.0,0.0,0.0,1.0,0.0
2023-07-14,RealEstate,5,0.06670000000000001,0.2,0.0,0.8,0.0416875
2023-07-14,Tech,50,0.180612,0.42,0.04,0.54,0.13538973076923078
2023-07-14,Utilities,8,0.175025,0.625,0.125,0.25,0.19321666666666668
2023-07-17,Comm,39,0.05068205128205128,0.2564102564102564,0.1794871794871795,0.5641025641025641,-0.0886042735042735
2023-07-17,Consumer,32,0.037134375,0.25,0.0625,0.6875,0.04559927272727273
2023-07-17,Energy,25,0.21627200000000002,0.52,0.04,0.44,0.17288583333333332
2023-07-17,Financials,66,0.034295454545454546,0.3484848484848485,0.21212121212121213,0.4393939393939394,0.04880962656641604
2023-07-17,Healthcare,15,0.12610666666666667,0.4,0.06666666666666667,0.5333333333333333,0.08543200000000001
2023-07-17,Industrials,16,0.013412500000000004,0.0625,0.0625,0.875,0.013412500000000004
2023-07-17,Materials,5,0.06376000000000001,0.4,0.2,0.4,0.03720000000000001
2023-07-17,RealEstate,18,0.18055000000000002,0.5,0.0,0.5,0.20958133333333331
2023-07-17,Tech,56,0.1529875,0.4107142857142857,0.05357142857142857,0.5357142857142857,0.12574874725274726
2023-07-17,Utilities,5,0.14998,0.4,0.0,0.6,0.0937375
2023-07-18,Comm,24,0.047337500000000005,0.4166666666666667,0.16666666666666666,0.4166666666666667,0.06873212121212122
2023-07-18,Consumer,30,0.031196666666666675,0.4,0.2,0.4,0.04977095238095239
2023-07-18,Energy,20,-0.028625,0.1,0.2,0.7,-0.024509333333333334
2023-07-18,Financials,72,0.11221527777777777,0.4027777777777778,0.1388888888888889,0.4583333333333333,0.15342591991341992
2023-07-18,Healthcare,13,0.1218,0.46153846153846156,0.15384615384615385,0.38461538461538464,0.12676
2023-07-18,Industrials,9,0.2969,0.5555555555555556,0.0,0.4444444444444444,0.27757916666666665
2023-07-18,Materials,7,0.05465714285714286,0.14285714285714285,0.14285714285714285,0.7142857142857143,0.025460000000000003
2023-07-18,RealEstate,16,0.08030625,0.375,0.0625,0.5625,0.07444333333333333
2023-07-18,Tech,44,0.26391590909090906,0.5454545454545454,0.045454545454545456,0.4090909090909091,0.27812781159420286
2023-07-18,Utilities,7,0.2063142857142857,0.5714285714285714,0.14285714285714285,0.2857142857142857,0.26611999999999997
2023-07-19,Comm,25,0.150752,0.36,0.12,0.52,0.17794411764705884
2023-07-19,Consumer,20,0.16512,0.35,0.05,0.6,0.168018
2023-07-19,Energy,13,0.036000000000000004,0.15384615384615385,0.0,0.8461538461538461,0.0264
2023-07-19,Financials,71,0.11775492957746479,0.39436619718309857,0.16901408450704225,0.43661971830985913,0.1226672103174603
2023-07-19,Healthcare,12,0.0071416666666666755,0.08333333333333333,0.08333333333333333,0.8333333333333334,-0.011843333333333322
2023-07-19,Industrials,19,0.1344315789473684,0.3684210526315789,0.05263157894736842,0.5789473684210527,0.19642232142857144
2023-07-19,Materials,6,0.0,0.0,0.0,1.0,0.0
2023-07-19,RealEstate,11,0.15803636363636364,0.36363636363636365,0.0,0.6363636363636364,0.19180000000000003
2023-07-19,Tech,29,0.17213793103448277,0.5172413793103449,0.06896551724137931,0.41379310344827586,0.20007999999999998
2023-07-19,Utilities,5,0.03874,0.4,0.4,0.2,-0.0143
2023-07-20,Comm,21,-0.011080952380952375,0.19047619047619047,0.2857142857142857,0.5238095238095238,-0.002319999999999997
2023-07-20,Consumer,22,0.11716363636363636,0.36363636363636365,0.18181818181818182,0.45454545454545453,0.08856657142857141
2023-07-20,Energy,20,0.11487,0.4,0.1,0.5,0.10256666666666667
2023-07-20,Financials,37,0.10927567567567567,0.32432432432432434,0.05405405405405406,0.6216216216216216,0.11344249999999997
2023-07-20,Healthcare,29,0.0852448275862069,0.3448275862068966,0.10344827586206896,0.5517241379310345,0.005414999999999992
2023-07-20,Industrials,4,0.04820000000000001,0.5,0.25,0.25,-0.03149999999999999
2023-07-20,Materials,11,0.08205454545454545,0.2727272727272727,0.09090909090909091,0.6363636363636364,0.17839166666666664
2023-07-20,RealEstate,23,-0.018321739130434785,0.08695652173913043,0.13043478260869565,0.782608695652174,-0.016860952380952386
2023-07-20,Tech,53,0.0654188679245283,0.32075471698113206,0.1320754716981132,0.5471698113207547,0.0767508986013986
2023-07-20,Utilities,5,0.36142,0.8,0.0,0.2,0.38201111111111113
2023-07-21,Comm,17,0.04627058823529412,0.29411764705882354,0.11764705882352941,0.5882352941176471,0.09856333333333334
2023-07-21,Consumer,19,0.03256315789473684,0.21052631578947367,0.15789473684210525,0.631578947368421,0.024183333333333334
2023-07-21,Energy,38,0.038239473684210525,0.2894736842105263,0.18421052631578946,0.5263157894736842,0.04346671014492754
2023-07-21,Financials,24,0.11499999999999999,0.3333333333333333,0.041666666666666664,0.625,0.10890333333333332
2023-07-21,Healthcare,20,0.0007300000000000084,0.35,0.25,0.4,-0.04343878787878787
2023-07-21,Industrials,10,0.10945,0.2,0.0,0.8,0.09700625
2023-07-21,Materials,7,-0.06291428571428571,0.0,0.14285714285714285,0.8571428571428571,-0.04404
2023-07-21,RealEstate,5,0.12854000000000002,0.4,0.0,0.6,0.18051666666666666
2023-07-21,Tech,47,0.05691489361702128,0.2127659574468085,0.10638297872340426,0.6808510638297872,0.05638270707070707
2023-07-21,Utilities,8,0.1255,0.375,0.0,0.625,0.0969
2023-07-24,Comm,29,0.0776,0.2413793103448276,0.10344827586206896,0.6551724137931034,0.049916666666666665
2023-07-24,Consumer,34,0.10924411764705882,0.4117647058823529,0.17647058823529413,0.4117647058823529,0.09733621428571429
2023-07-24,Energy,50,0.14914,0.4,0.06,0.54,0.17202599999999998
2023-07-24,Financials,30,0.09983000000000002,0.3333333333333333,0.13333333333333333,0.5333333333333333,0.09809236363636364
2023-07-24,Healthcare,28,0.12803928571428572,0.35714285714285715,0.10714285714285714,0.5357142857142857,0.08833566666666667
2023-07-24,Industrials,19,0.2470315789473684,0.5789473684210527,0.05263157894736842,0.3684210526315789,0.22409374999999998
2023-07-24,Materials,15,0.17018000000000003,0.4666666666666667,0.06666666666666667,0.4666666666666667,0.11122785714285714
2023-07-24,RealEstate,15,0.23006666666666667,0.4,0.0,0.6,0.25472333333333336
2023-07-24,Tech,61,0.156827868852459,0.36065573770491804,0.06557377049180328,0.5737704918032787,0.17272381818181817
2023-07-24,Utilities,11,0.07550909090909091,0.2727272727272727,0.18181818181818182,0.5454545454545454,0.06353333333333333
2023-07-25,Comm,18,0.019255555555555557,0.3333333333333333,0.2777777777777778,0.3888888888888889,-0.06716766666666668
2023-07-25,Consumer,26,0.06985769230769232,0.11538461538461539,0.038461538461538464,0.8461538461538461,0.06537314285714285
2023-07-25,Energy,26,0.010742307692307693,0.2692307692307692,0.19230769230769232,0.5384615384615384,0.05407333333333334
2023-07-25,Financials,31,0.0952451612903226,0.22580645161290322,0.03225806451612903,0.7419354838709677,0.11351977777777778
2023-07-25,Healthcare,21,0.033942857142857136,0.3333333333333333,0.14285714285714285,0.5238095238095238,0.041480333333333334
2023-07-25,Industrials,56,0.09543928571428571,0.30357142857142855,0.03571428571428571,0.6607142857142857,0.027682667876588032
2023-07-25,Materials,23,0.08158695652173913,0.34782608695652173,0.13043478260869565,0.5217391304347826,0.09776893939393938
2023-07-25,RealEstate,8,0.10902499999999998,0.375,0.125,0.5,0.08721999999999999
2023-07-25,Tech,45,0.029113333333333335,0.26666666666666666,0.17777777777777778,0.5555555555555556,0.019382809523809524
2023-07-25,Utilities,22,0.2615954545454545,0.7272727272727273,0.0,0.2727272727272727,0.173956
2023-07-26,Comm,31,0.20484193548387097,0.5161290322580645,0.06451612903225806,0.41935483870967744,0.202827
2023-07-26,Consumer,36,0.09543055555555555,0.3611111111111111,0.16666666666666666,0.4722222222222222,0.1706915087719298
2023-07-26,Energy,13,0.15330000000000002,0.23076923076923078,0.0,0.7692307692307693,0.07971600000000001
2023-07-26,Financials,40,0.08896000000000001,0.25,0.125,0.625,0.08693066666666667
2023-07-26,Healthcare,24,0.0275875,0.2916666666666667,0.20833333333333334,0.5,-0.052292000000000005
2023-07-26,Industrials,24,-0.09837083333333334,0.125,0.4166666666666667,0.4583333333333333,-0.07982020833333332
2023-07-26,Materials,16,0.0354625,0.1875,0.125,0.6875,0.0013850000000000008
2023-07-26,RealEstate,8,0.06285,0.375,0.125,0.5,0.06558666666666667
2023-07-26,Tech,58,0.08688965517241379,0.2413793103448276,0.10344827586206896,0.6551724137931034,0.07270494755244755
2023-07-26,Utilities,4,0.351075,0.75,0.0,0.25,0.43438333333333334
2023-07-27,Comm,36,0.05626388888888889,0.3055555555555556,0.1388888888888889,0.5555555555555556,0.032108333333333336
2023-07-27,Consumer,22,0.1246090909090909,0.36363636363636365,0.13636363636363635,0.5,0.15885972222222222
2023-07-27,Energy,22,-0.0017636363636363663,0.18181818181818182,0.22727272727272727,0.5909090909090909,-0.030507777777777783
2023-07-27,Financials,26,0.1519923076923077,0.38461538461538464,0.11538461538461539,0.5,0.1327895238095238
2023-07-27,Healthcare,30,0.25007666666666667,0.5,0.06666666666666667,0.43333333333333335,0.2182039732142857
2023-07-27,Industrials,15,0.16107333333333335,0.4,0.06666666666666667,0.5333333333333333,0.2010175
2023-07-27,Materials,10,0.04019,0.1,0.0,0.9,0.02511875
2023-07-27,RealEstate,13,0.1509769230769231,0.46153846153846156,0.0,0.5384615384615384,0.15286
2023-07-27,Tech,76,0.13809736842105264,0.35526315789473684,0.05263157894736842,0.5921052631578947,0.07864740919867237
2023-07-27,Utilities,20,0.062015,0.4,0.2,0.4,0.03963714285714286
2023-07-28,Comm,14,0.24832857142857143,0.5714285714285714,0.2857142857142857,0.14285714285714285,0.18283333333333335
2023-07-28,Consumer,17,0.09696470588235295,0.4117647058823529,0.17647058823529413,0.4117647058823529,0.09444642857142857
2023-07-28,Energy,63,0.1886015873015873,0.4603174603174603,0.09523809523809523,0.4444444444444444,0.29128
2023-07-28,Financials,18,0.08887222222222223,0.3333333333333333,0.1111111111111111,0.5555555555555556,0.0746110119047619
2023-07-28,Healthcare,20,-0.05060999999999999,0.2,0.3,0.5,-0.029596666666666653
2023-07-28,Industrials,15,0.03164,0.2,0.2,0.6,-0.007356250000000002
2023-07-28,Materials,1,0.2732,1.0,0.0,0.0,0.2732
2023-07-28,RealEstate,9,0.1864888888888889,0.4444444444444444,0.0,0.5555555555555556,0.2247866666666667
2023-07-28,Tech,98,0.17435,0.3979591836734694,0.04081632653061224,0.5612244897959183,0.2580620996860282
2023-07-28,Utilities,7,0.057800000000000004,0.2857142857142857,0.0,0.7142857142857143,0.033716666666666666
2023-07-31,Comm,27,0.12593703703703704,0.37037037037037035,0.07407407407407407,0.5555555555555556,0.1464236931818182
2023-07-31,Consumer,50,0.094458,0.38,0.08,0.54,0.11187411111111109
2023-07-31,Energy,45,0.23711777777777776,0.6,0.044444444444444446,0.35555555555555557,0.29540176190476186
2023-07-31,Financials,30,0.10262666666666667,0.3333333333333333,0.13333333333333333,0.5333333333333333,0.04361562770562771
2023-07-31,Healthcare,26,0.15695,0.5,0.07692307692307693,0.4230769230769231,0.15817777777777778
2023-07-31,Industrials,32,0.100553125,0.34375,0.0625,0.59375,0.08997673913043477
2023-07-31,RealEstate,8,0.1218,0.5,0.125,0.375,0.12699375000000002
2023-07-31,Tech,117,0.19094529914529917,0.5042735042735043,0.07692307692307693,0.4188034188034188,0.19268152777777778
2023-07-31,Utilities,7,0.3329,0.7142857142857143,0.0,0.2857142857142857,0.3491
2023-08-01,Comm,21,0.20548095238095238,0.5238095238095238,0.047619047619047616,0.42857142857142855,0.30484485714285714
2023-08-01,Consumer,27,0.09484814814814815,0.37037037037037035,0.14814814814814814,0.48148148148148145,0.118555
2023-08-01,Energy,20,0.163465,0.6,0.0,0.4,0.186396
2023-08-01,Financials,22,0.04701363636363636,0.2727272727272727,0.2727272727272727,0.45454545454545453,0.049138333333333326
2023-08-01,Healthcare,30,0.07075000000000001,0.26666666666666666,0.16666666666666666,0.5666666666666667,0.3291913194444444
2023-08-01,Industrials,35,0.011434285714285718,0.2,0.2571428571428571,0.5428571428571428,0.08856634615384615
2023-08-01,Materials,5,0.22311999999999999,0.8,0.0,0.2,0.2106
2023-08-01,RealEstate,9,0.14173333333333335,0.2222222222222222,0.0,0.7777777777777778,0.08504
2023-08-01,Tech,59,0.1802694915254237,0.5084745762711864,0.06779661016949153,0.423728813559322,0.20948194117647062
2023-08-01,Utilities,6,0.16043333333333334,0.3333333333333333,0.0,0.6666666666666666,0.09626
2023-08-02,Comm,20,0.044164999999999996,0.3,0.1,0.6,0.10379333333333333
2023-08-02,Consumer,31,0.004054838709677415,0.16129032258064516,0.1935483870967742,0.6451612903225806,0.0003186904761904731
2023-08-02,Energy,15,0.06270666666666666,0.3333333333333333,0.13333333333333333,0.5333333333333333,0.06764
2023-08-02,Financials,16,0.0008875000000000063,0.125,0.25,0.625,0.08076857142857144
2023-08-02,Healthcare,16,0.1287625,0.375,0.125,0.5,0.17021339285714285
2023-08-02,Industrials,26,0.0768153846153846,0.3076923076923077,0.15384615384615385,0.5384615384615384,0.07438362745098039
2023-08-02,Materials,15,-0.0008266666666666608,0.26666666666666666,0.2,0.5333333333333333,0.05439333333333334
2023-08-02,RealEstate,10,0.17154,0.5,0.0,0.5,0.1345633333333333
2023-08-02,Tech,82,0.07313780487804879,0.34146341463414637,0.18292682926829268,0.47560975609756095,0.04898979823813584
2023-08-02,Utilities,7,0.017157142857142853,0.14285714285714285,0.14285714285714285,0.7142857142857143,0.012009999999999998
2023-08-03,Comm,17,0.07410588235294117,0.29411764705882354,0.058823529411764705,0.6470588235294118,0.05863476190476191
2023-08-03,Consumer,21,0.01920952380952381,0.14285714285714285,0.09523809523809523,0.7619047619047619,0.01407633333333333
2023-08-03,Energy,33,0.06491515151515151,0.2727272727272727,0.12121212121212122,0.6060606060606061,0.05658571428571428
2023-08-03,Financials,13,0.10997692307692307,0.46153846153846156,0.15384615384615385,0.38461538461538464,0.10448333333333333
2023-08-03,Healthcare,37,0.08694864864864865,0.35135135135135137,0.16216216216216217,0.4864864864864865,0.09409427777777779
2023-08-03,Industrials,8,0.06488750000000001,0.25,0.125,0.625,0.11938333333333334
2023-08-03,Materials,7,0.025414285714285716,0.14285714285714285,0.0,0.8571428571428571,0.044475
2023-08-03,RealEstate,15,0.06351333333333334,0.13333333333333333,0.06666666666666667,0.8,0.03721666666666666
2023-08-03,Tech,78,0.0613525641025641,0.28205128205128205,0.1794871794871795,0.5384615384615384,0.05921790043290043
2023-08-03,Utilities,19,0.09506315789473685,0.3684210526315789,0.21052631578947367,0.42105263157894735,0.07632333333333333
2023-08-04,Comm,13,0.00024615384615384896,0.23076923076923078,0.15384615384615385,0.6153846153846154,0.016595
2023-08-04,Consumer,22,0.06866363636363637,0.2727272727272727,0.13636363636363635,0.5909090909090909,0.07977000000000001
2023-08-04,Energy,13,0.030730769230769228,0.15384615384615385,0.15384615384615385,0.6923076923076923,-0.06289583333333333
2023-08-04,Financials,12,0.06980833333333333,0.25,0.0,0.75,0.05584666666666667
2023-08-04,Healthcare,31,-0.009093548387096776,0.1935483870967742,0.25806451612903225,0.5483870967741935,-0.03766533333333334
2023-08-04,Industrials,13,0.12101538461538462,0.46153846153846156,0.07692307692307693,0.46153846153846156,0.14387083333333334
2023-08-04,RealEstate,10,-0.003530000000000011,0.1,0.3,0.6,-0.08166000000000001
2023-08-04,Tech,41,0.1209268292682927,0.3170731707317073,0.0975609756097561,0.5853658536585366,0.06560716666666667
2023-08-04,Utilities,22,0.1381409090909091,0.45454545454545453,0.045454545454545456,0.5,0.100984
2023-08-07,Comm,14,0.07637142857142856,0.2857142857142857,0.07142857142857142,0.6428571428571429,0.08163000000000001
2023-08-07,Consumer,30,0.06848333333333331,0.4,0.1,0.5,0.075559
2023-08-07,Energy,26,0.14236153846153846,0.46153846153846156,0.07692307692307693,0.46153846153846156,0.10547083333333333
2023-08-07,Financials,25,-0.007223999999999995,0.2,0.2,0.6,-0.03905933333333332
2023-08-07,Healthcare,13,0.15314615384615385,0.46153846153846156,0.0,0.5384615384615384,0.11333333333333333
2023-08-07,Industrials,15,0.04096,0.26666666666666666,0.06666666666666667,0.6666666666666666,0.0734125
2023-08-07,Materials,1,0.0,0.0,0.0,1.0,0.0
2023-08-07,RealEstate,7,0.028314285714285712,0.2857142857142857,0.14285714285714285,0.5714285714285714,0.014333333333333333
2023-08-07,Tech,52,0.05674423076923077,0.17307692307692307,0.07692307692307693,0.75,0.04432166666666667
2023-08-07,Utilities,8,0.1268875,0.375,0.0,0.625,0.091735
2023-08-08,Comm,11,0.07431818181818182,0.18181818181818182,0.09090909090909091,0.7272727272727273,0.19585277777777776
2023-08-08,Consumer,29,0.11294482758620691,0.3103448275862069,0.13793103448275862,0.5517241379310345,0.11314619047619048
2023-08-08,Energy,9,0.22546666666666665,0.4444444444444444,0.2222222222222222,0.3333333333333333,0.27461041666666663
2023-08-08,Financials,38,-0.10617631578947369,0.10526315789473684,0.4473684210526316,0.4473684210526316,-0.06663933333333334
2023-08-08,Healthcare,13,0.18955384615384616,0.5384615384615384,0.07692307692307693,0.38461538461538464,0.19872
2023-08-08,Industrials,17,0.1450235294117647,0.47058823529411764,0.17647058823529413,0.35294117647058826,0.07704375
2023-08-08,Materials,3,0.0172,0.3333333333333333,0.0,0.6666666666666666,0.0258
2023-08-08,RealEstate,3,0.0,0.0,0.0,1.0,0.0
2023-08-08,Tech,39,0.1382974358974359,0.358974358974359,0.02564102564102564,0.6153846153846154,0.12280142857142858
2023-08-08,Utilities,11,0.04387272727272727,0.6363636363636364,0.18181818181818182,0.18181818181818182,0.051699999999999996
2023-08-09,Comm,16,-0.07781875,0.125,0.25,0.625,-0.036699166666666665
2023-08-09,Consumer,54,0.0003777777777777783,0.18518518518518517,0.2037037037037037,0.6111111111111112,0.04983663157894737
2023-08-09,Energy,21,0.0018857142857142842,0.19047619047619047,0.2857142857142857,0.5238095238095238,-0.019293333333333336
2023-08-09,Financials,19,0.06496315789473685,0.15789473684210525,0.10526315789473684,0.7368421052631579,0.08428552380952381
2023-08-09,Healthcare,18,0.22100555555555557,0.6111111111111112,0.1111111111111111,0.2777777777777778,0.2426286666666667
2023-08-09,Industrials,15,0.21339333333333332,0.6,0.06666666666666667,0.3333333333333333,0.15284555555555554
2023-08-09,Materials,4,0.265575,0.5,0.0,0.5,0.21476666666666666
2023-08-09,RealEstate,8,-0.0191375,0.0,0.125,0.875,-0.03062
2023-08-09,Tech,39,0.04144871794871795,0.20512820512820512,0.1794871794871795,0.6153846153846154,0.13290449999999998
2023-08-09,Utilities,3,0.21833333333333335,0.6666666666666666,0.0,0.3333333333333333,0.23204999999999998
2023-08-10,Comm,9,-0.0006444444444444475,0.2222222222222222,0.1111111111111111,0.6666666666666666,-0.0229375
2023-08-10,Consumer,38,0.12592368421052633,0.39473684210526316,0.05263157894736842,0.5526315789473685,0.06713083333333333
2023-08-10,Energy,18,0.20451111111111112,0.5,0.16666666666666666,0.3333333333333333,0.2552375
2023-08-10,Financials,14,0.153,0.5,0.14285714285714285,0.35714285714285715,0.130885
2023-08-10,Healthcare,10,0.1795,0.5,0.0,0.5,0.22905333333333333
2023-08-10,Industrials,7,-0.0516,0.0,0.14285714285714285,0.8571428571428571,-0.04013333333333333
2023-08-10,Materials,6,0.0734,0.16666666666666666,0.0,0.8333333333333334,0.04404
2023-08-10,RealEstate,9,0.30183333333333334,0.5555555555555556,0.0,0.4444444444444444,0.326865
2023-08-10,Tech,47,0.09993191489361701,0.425531914893617,0.0851063829787234,0.48936170212765956,0.05378964705882353
2023-08-10,Utilities,10,0.18652,0.4,0.0,0.6,0.09966
2023-08-11,Comm,11,0.20533636363636365,0.36363636363636365,0.09090909090909091,0.5454545454545454,0.1665333333333333
2023-08-11,Consumer,34,0.10484117647058823,0.3235294117647059,0.14705882352941177,0.5294117647058824,0.07658003418803419
2023-08-11,Energy,36,0.16406944444444446,0.5,0.1388888888888889,0.3611111111111111,0.14817305494505492
2023-08-11,Financials,10,0.17763,0.5,0.0,0.5,0.19431666666666667
2023-08-11,Healthcare,13,0.056938461538461535,0.15384615384615385,0.07692307692307693,0.7692307692307693,0.068855
2023-08-11,Industrials,11,0.11366363636363636,0.2727272727272727,0.0,0.7272727272727273,0.07416625
2023-08-11,Materials,3,0.29973333333333335,0.6666666666666666,0.0,0.3333333333333333,0.29973333333333335
2023-08-11,RealEstate,4,0.156225,0.25,0.0,0.75,0.156225
2023-08-11,Tech,39,0.14196666666666666,0.38461538461538464,0.10256410256410256,0.5128205128205128,0.1464437037037037
2023-08-11,Utilities,4,0.23707499999999998,0.75,0.0,0.25,0.20358333333333334
2023-08-14,Comm,10,0.06456,0.5,0.1,0.4,0.09028958333333334
2023-08-14,Consumer,52,0.0965903846153846,0.3269230769230769,0.11538461538461539,0.5576923076923077,0.05843190476190476
2023-08-14,Energy,29,0.14938620689655174,0.4482758620689655,0.27586206896551724,0.27586206896551724,0.1786311111111111
2023-08-14,Financials,27,0.05511851851851852,0.25925925925925924,0.1111111111111111,0.6296296296296297,0.08976938461538461
2023-08-14,Healthcare,20,0.178,0.5,0.05,0.45,0.188395
2023-08-14,Industrials,5,0.0951,0.4,0.0,0.6,0.07925
2023-08-14,Materials,6,0.23133333333333336,0.6666666666666666,0.16666666666666666,0.16666666666666666,0.21382222222222222
2023-08-14,RealEstate,7,0.10741428571428571,0.2857142857142857,0.14285714285714285,0.5714285714285714,0.06265833333333333
2023-08-14,Tech,63,0.15345238095238095,0.4444444444444444,0.12698412698412698,0.42857142857142855,0.13544012987012988
2023-08-14,Utilities,4,0.25405,0.5,0.0,0.5,0.4170333333333333
2023-08-15,Comm,12,0.05089166666666667,0.16666666666666666,0.0,0.8333333333333334,0.05727083333333333
2023-08-15,Consumer,32,0.092096875,0.25,0.0625,0.6875,0.06022467171717172
2023-08-15,Energy,20,0.092245,0.35,0.2,0.45,0.026050714285714288
2023-08-15,Financials,27,-0.11798148148148148,0.14814814814814814,0.4074074074074074,0.4444444444444444,-0.0680275641025641
2023-08-15,Healthcare,15,0.055166666666666676,0.2,0.06666666666666667,0.7333333333333333,0.033176666666666674
2023-08-15,Industrials,8,0.1826875,0.375,0.0,0.625,0.1572125
2023-08-15,Materials,10,0.040029999999999996,0.3,0.2,0.5,0.034815
2023-08-15,RealEstate,4,0.08895,0.5,0.0,0.5,0.08895
2023-08-15,Tech,60,0.07854333333333334,0.38333333333333336,0.15,0.4666666666666667,0.14408557142857142
2023-08-15,Utilities,8,0.03415,0.125,0.0,0.875,0.030355555555555556
2023-08-16,Comm,9,0.08915555555555556,0.3333333333333333,0.1111111111111111,0.5555555555555556,0.14273
2023-08-16,Consumer,35,0.13176571428571426,0.3142857142857143,0.08571428571428572,0.6,0.11619657142857143
2023-08-16,Energy,28,0.04844642857142857,0.21428571428571427,0.17857142857142858,0.6071428571428571,0.06837916666666666
2023-08-16,Financials,16,0.0012874999999999978,0.125,0.1875,0.6875,-0.020946666666666672
2023-08-16,Healthcare,7,-0.004499999999999996,0.2857142857142857,0.14285714285714285,0.5714285714285714,-0.030112499999999993
2023-08-16,Industrials,9,0.2655111111111111,0.6666666666666666,0.0,0.3333333333333333,0.22486874999999998
2023-08-16,RealEstate,5,0.18004,0.6,0.0,0.4,0.1997625
2023-08-16,Tech,52,0.09971538461538462,0.3269230769230769,0.11538461538461539,0.5576923076923077,0.1368229292929293
2023-08-16,Utilities,3,0.12726666666666667,0.3333333333333333,0.0,0.6666666666666666,0.1909
2023-08-17,Comm,11,0.0955,0.36363636363636365,0.0,0.6363636363636364,0.06904
2023-08-17,Consumer,51,0.06854509803921569,0.3137254901960784,0.13725490196078433,0.5490196078431373,0.031220909090909087
2023-08-17,Energy,36,0.06426944444444443,0.3611111111111111,0.2777777777777778,0.3611111111111111,0.05376665934065934
2023-08-17,Financials,18,0.11697777777777778,0.3333333333333333,0.1111111111111111,0.5555555555555556,0.0812525
2023-08-17,Healthcare,9,0.1395,0.4444444444444444,0.1111111111111111,0.4444444444444444,0.08139
2023-08-17,Industrials,10,0.050429999999999996,0.2,0.1,0.7,0.024014285714285714
2023-08-17,Materials,9,0.2129777777777778,0.4444444444444444,0.0,0.5555555555555556,0.133335
2023-08-17,RealEstate,14,0.09471428571428572,0.21428571428571427,0.0,0.7857142857142857,0.07299833333333332
2023-08-17,Tech,54,0.08285555555555556,0.37037037037037035,0.12962962962962962,0.5,0.06090689458689458
2023-08-17,Utilities,7,0.34972857142857144,0.7142857142857143,0.0,0.2857142857142857,0.3325166666666667
2023-08-18,Comm,10,0.15055000000000002,0.4,0.0,0.6,0.1669375
2023-08-18,Consumer,40,-0.007692500000000003,0.2,0.225,0.575,-0.0013881666666666639
2023-08-18,Energy,28,0.1700607142857143,0.42857142857142855,0.03571428571428571,0.5357142857142857,0.17154114285714286
2023-08-18,Financials,20,0.10457000000000001,0.3,0.05,0.65,0.08638466666666667
2023-08-18,Healthcare,7,0.17967142857142857,0.2857142857142857,0.0,0.7142857142857143,0.1804375
2023-08-18,Industrials,8,-0.0351375,0.0,0.25,0.75,-0.054275000000000004
2023-08-18,Materials,4,0.06535,0.25,0.25,0.5,0.06535
2023-08-18,RealEstate,7,0.16217142857142858,0.5714285714285714,0.14285714285714285,0.2857142857142857,0.16151666666666667
2023-08-18,Tech,46,0.18341521739130437,0.45652173913043476,0.08695652173913043,0.45652173913043476,0.21295125
2023-08-18,Utilities,6,0.1316166666666667,0.3333333333333333,0.0,0.6666666666666666,0.142075
2023-08-21,Comm,18,0.05512222222222222,0.16666666666666666,0.0,0.8333333333333334,0.028348571428571428
2023-08-21,Consumer,40,0.087225,0.3,0.075,0.625,0.07990866666666667
2023-08-21,Energy,27,0.05773333333333333,0.3333333333333333,0.25925925925925924,0.4074074074074074,0.164230625
2023-08-21,Financials,32,0.16463125,0.40625,0.0625,0.53125,0.14010809523809525
2023-08-21,Healthcare,25,0.05456799999999999,0.28,0.04,0.68,0.06427185714285713
2023-08-21,Industrials,9,0.15004444444444445,0.5555555555555556,0.0,0.4444444444444444,0.10876000000000001
2023-08-21,Materials,13,-0.012907692307692299,0.15384615384615385,0.15384615384615385,0.6923076923076923,0.025264285714285722
2023-08-21,RealEstate,6,0.17683333333333331,0.3333333333333333,0.0,0.6666666666666666,0.169625
2023-08-21,Tech,82,0.11709024390243902,0.3780487804878049,0.10975609756097561,0.5121951219512195,0.04861909814323608
2023-08-21,Utilities,10,-0.040479999999999995,0.2,0.2,0.6,-0.08815999999999999
2023-08-22,Comm,9,-0.050955555555555546,0.3333333333333333,0.4444444444444444,0.2222222222222222,-0.007084999999999994
2023-08-22,Consumer,24,0.11533333333333334,0.4166666666666667,0.125,0.4583333333333333,0.04668309523809523
2023-08-22,Energy,23,0.02154782608695652,0.43478260869565216,0.2608695652173913,0.30434782608695654,0.009210357142857145
2023-08-22,Financials,18,0.014255555555555556,0.2777777777777778,0.3333333333333333,0.3888888888888889,0.0003300000000000025
2023-08-22,Healthcare,8,-0.0561875,0.125,0.375,0.5,-0.02522916666666667
2023-08-22,Industrials,13,0.22153076923076925,0.5384615384615384,0.07692307692307693,0.38461538461538464,0.2086
2023-08-22,Materials,8,0.0282875,0.125,0.0,0.875,0.018858333333333335
2023-08-22,RealEstate,4,0.1727,0.25,0.0,0.75,0.11513333333333332
2023-08-22,Tech,84,0.1346642857142857,0.42857142857142855,0.09523809523809523,0.47619047619047616,0.09600395238095237
2023-08-22,Utilities,4,0.0,0.0,0.0,1.0,0.0
2023-08-23,Comm,19,0.11997368421052632,0.42105263157894735,0.10526315789473684,0.47368421052631576,0.12911574074074075
2023-08-23,Consumer,35,0.13222285714285714,0.37142857142857144,0.11428571428571428,0.5142857142857142,0.15126488095238094
2023-08-23,Energy,23,0.15145217391304347,0.43478260869565216,0.08695652173913043,0.4782608695652174,0.24480992063492063
2023-08-23,Financials,31,0.1122516129032258,0.3225806451612903,0.12903225806451613,0.5483870967741935,0.1773108333333333
2023-08-23,Healthcare,24,0.13036250000000002,0.375,0.041666666666666664,0.5833333333333334,0.13129238095238097
2023-08-23,Industrials,12,0.09025833333333333,0.3333333333333333,0.08333333333333333,0.5833333333333334,0.0905675
2023-08-23,Materials,2,0.0,0.0,0.0,1.0,0.0
2023-08-23,RealEstate,2,0.0,0.0,0.0,1.0,0.0
2023-08-23,Tech,86,0.15042906976744186,0.3488372093023256,0.046511627906976744,0.6046511627906976,0.17819881818181818
2023-08-23,Utilities,14,0.05579285714285714,0.35714285714285715,0.14285714285714285,0.5,0.081655
2023-08-24,Comm,15,0.13475333333333334,0.4,0.13333333333333333,0.4666666666666667,0.13493555555555556
2023-08-24,Consumer,42,0.03387142857142857,0.2857142857142857,0.2619047619047619,0.4523809523809524,0.06919654545454547
2023-08-24,Energy,14,0.13670714285714286,0.42857142857142855,0.07142857142857142,0.5,0.07053066666666666
2023-08-24,Financials,15,-0.019759999999999996,0.06666666666666667,0.13333333333333333,0.8,-0.014456666666666663
2023-08-24,Healthcare,9,0.06974444444444446,0.4444444444444444,0.1111111111111111,0.4444444444444444,0.16987333333333335
2023-08-24,Industrials,9,0.18423333333333333,0.4444444444444444,0.0,0.5555555555555556,0.16195
2023-08-24,Materials,5,0.07636,0.2,0.0,0.8,0.09545
2023-08-24,RealEstate,8,0.0863,0.375,0.0,0.625,0.06904
2023-08-24,Tech,141,0.09973900709219859,0.3404255319148936,0.10638297872340426,0.5531914893617021,0.13618988014722797
2023-08-24,Utilities,11,0.13323636363636363,0.5454545454545454,0.09090909090909091,0.36363636363636365,0.10653541666666667
2023-08-25,Comm,12,-0.06721666666666667,0.0,0.16666666666666666,0.8333333333333334,-0.03360833333333334
2023-08-25,Consumer,29,0.1298896551724138,0.41379310344827586,0.06896551724137931,0.5172413793103449,0.11228216666666666
2023-08-25,Energy,12,-0.027458333333333338,0.25,0.25,0.5,0.08052499999999999
2023-08-25,Financials,18,0.019783333333333333,0.1111111111111111,0.1111111111111111,0.7777777777777778,0.023236
2023-08-25,Healthcare,15,0.03169333333333334,0.2,0.06666666666666667,0.7333333333333333,0.073462
2023-08-25,Industrials,11,0.05441818181818182,0.2727272727272727,0.2727272727272727,0.45454545454545453,0.03430875
2023-08-25,Materials,5,0.31916,0.8,0.2,0.0,0.3084222222222222
2023-08-25,RealEstate,9,0.06851111111111112,0.2222222222222222,0.1111111111111111,0.6666666666666666,0.05138333333333333
2023-08-25,Tech,65,0.08809076923076924,0.2153846153846154,0.06153846153846154,0.7230769230769231,0.039431914893617026
2023-08-25,Utilities,7,0.22148571428571429,0.7142857142857143,0.0,0.2857142857142857,0.17226666666666668
2023-08-28,Comm,12,0.12925,0.5,0.25,0.25,0.12119
2023-08-28,Consumer,27,0.05474444444444444,0.3333333333333333,0.2222222222222222,0.4444444444444444,0.08646838095238096
2023-08-28,Energy,25,0.15617599999999998,0.52,0.2,0.28,0.21741363636363636
2023-08-28,Financials,34,0.15359117647058823,0.5294117647058824,0.14705882352941177,0.3235294117647059,0.1284199696969697
2023-08-28,Healthcare,23,0.16466521739130435,0.5652173913043478,0.13043478260869565,0.30434782608695654,0.058555929487179484
2023-08-28,Industrials,25,0.048944,0.28,0.24,0.48,-0.002314473684210526
2023-08-28,Materials,4,0.31175,0.75,0.0,0.25,0.28123333333333334
2023-08-28,RealEstate,10,0.12111000000000001,0.4,0.2,0.4,0.24765
2023-08-28,Tech,73,0.16105616438356163,0.4383561643835616,0.1095890410958904,0.4520547945205479,0.1928673464124528
2023-08-28,Utilities,11,0.09457272727272727,0.2727272727272727,0.0,0.7272727272727273,0.04334583333333333
2023-08-29,Comm,19,0.24208421052631576,0.631578947368421,0.05263157894736842,0.3157894736842105,0.1874375
2023-08-29,Consumer,26,0.15455384615384615,0.5384615384615384,0.23076923076923078,0.23076923076923078,0.1811878787878788
2023-08-29,Energy,19,-0.03346315789473684,0.2631578947368421,0.2631578947368421,0.47368421052631576,-0.03839954545454545
2023-08-29,Financials,13,-0.04926153846153847,0.23076923076923078,0.23076923076923078,0.5384615384615384,-0.059906666666666664
2023-08-29,Healthcare,25,0.095812,0.2,0.08,0.72,0.11434833333333332
2023-08-29,Industrials,20,0.10083,0.4,0.15,0.45,-0.020655952380952386
2023-08-29,Materials,1,0.0,0.0,0.0,1.0,0.0
2023-08-29,RealEstate,7,0.12572857142857144,0.42857142857142855,0.0,0.5714285714285714,0.16419999999999998
2023-08-29,Tech,56,0.23248928571428573,0.4642857142857143,0.017857142857142856,0.5178571428571429,0.15843557142857143
2023-08-29,Utilities,7,0.2339142857142857,0.7142857142857143,0.14285714285714285,0.14285714285714285,0.30974999999999997
2023-08-30,Comm,10,0.09713000000000001,0.5,0.1,0.4,0.10524555555555555
2023-08-30,Consumer,25,0.08290000000000002,0.4,0.12,0.48,0.10278399999999999
2023-08-30,Energy,17,0.07707058823529411,0.35294117647058826,0.11764705882352941,0.5294117647058824,0.17393544973544972
2023-08-30,Financials,17,0.03205882352941177,0.29411764705882354,0.17647058823529413,0.5294117647058824,0.07611700000000002
2023-08-30,Healthcare,10,0.06914000000000002,0.5,0.2,0.3,0.07639375000000001
2023-08-30,Industrials,11,0.14098181818181818,0.36363636363636365,0.18181818181818182,0.45454545454545453,0.09729166666666667
2023-08-30,Materials,6,0.27375,0.5,0.0,0.5,0.3404777777777778
2023-08-30,RealEstate,6,0.22353333333333336,0.6666666666666666,0.16666666666666666,0.16666666666666666,0.1784
2023-08-30,Tech,55,0.12222000000000001,0.4,0.07272727272727272,0.5272727272727272,0.13504923436041083
2023-08-30,Utilities,6,0.1930333333333333,0.6666666666666666,0.0,0.3333333333333333,0.19699166666666668
2023-08-31,Comm,18,0.18191666666666667,0.3333333333333333,0.0,0.6666666666666666,0.11901666666666669
2023-08-31,Consumer,24,0.21525833333333333,0.5416666666666666,0.041666666666666664,0.4166666666666667,0.2287150476190476
2023-08-31,Energy,13,0.09849230769230768,0.46153846153846156,0.07692307692307693,0.46153846153846156,0.0880625
2023-08-31,Financials,20,0.122225,0.35,0.05,0.6,0.09642952380952381
2023-08-31,Healthcare,13,0.17223846153846153,0.5384615384615384,0.07692307692307693,0.38461538461538464,0.15754791666666668
2023-08-31,Industrials,20,0.039945,0.25,0.1,0.65,0.07747583333333334
2023-08-31,Materials,8,0.2364625,0.625,0.0,0.375,0.22485
2023-08-31,RealEstate,9,0.26844444444444443,0.5555555555555556,0.0,0.4444444444444444,0.29594750000000003
2023-08-31,Tech,55,0.15728,0.4727272727272727,0.07272727272727272,0.45454545454545453,0.06660115873015873
2023-08-31,Utilities,9,0.16788888888888887,0.3333333333333333,0.0,0.6666666666666666,0.154555
2023-09-01,Comm,9,-0.017633333333333334,0.2222222222222222,0.2222222222222222,0.5555555555555556,0.023975
2023-09-01,Consumer,23,0.15290434782608694,0.43478260869565216,0.08695652173913043,0.4782608695652174,0.18400166666666667
2023-09-01,Energy,8,0.06612500000000002,0.5,0.25,0.25,0.2715555555555556
2023-09-01,Financials,13,0.03592307692307692,0.3076923076923077,0.23076923076923078,0.46153846153846156,0.01688333333333333
2023-09-01,Healthcare,19,0.025305263157894747,0.2631578947368421,0.15789473684210525,0.5789473684210527,0.10361400000000001
2023-09-01,Industrials,16,0.1916875,0.375,0.0625,0.5625,0.16385833333333333
2023-09-01,Materials,5,0.3129,0.6,0.0,0.4,0.2593875
2023-09-01,RealEstate,9,0.2794333333333333,0.5555555555555556,0.0,0.4444444444444444,0.29386
2023-09-01,Tech,46,0.13585869565217393,0.3695652173913043,0.06521739130434782,0.5652173913043478,0.19308714285714287
2023-09-01,Utilities,5,0.28574,1.0,0.0,0.0,0.2977375
2023-09-05,Comm,11,0.3514909090909091,0.7272727272727273,0.0,0.2727272727272727,0.40598999999999996
2023-09-05,Consumer,38,0.09297368421052632,0.3157894736842105,0.18421052631578946,0.5,0.09994464646464647
2023-09-05,Energy,36,0.004536111111111112,0.3888888888888889,0.3333333333333333,0.2777777777777778,-0.018475297619047627
2023-09-05,Financials,37,0.12644324324324324,0.35135135135135137,0.13513513513513514,0.5135135135135135,0.12507310897435897
2023-09-05,Healthcare,26,0.004723076923076922,0.19230769230769232,0.23076923076923078,0.5769230769230769,-0.03821192857142858
2023-09-05,Industrials,17,0.19173529411764706,0.47058823529411764,0.058823529411764705,0.47058823529411764,0.16022583333333335
2023-09-05,Materials,8,0.100825,0.25,0.0,0.75,0.07955000000000001
2023-09-05,RealEstate,13,0.13401538461538462,0.3076923076923077,0.07692307692307693,0.6153846153846154,0.12004333333333334
2023-09-05,Tech,103,0.20420873786407767,0.4854368932038835,0.038834951456310676,0.47572815533980584,0.2168468238095238
2023-09-05,Utilities,8,0.2193,0.5,0.0,0.5,0.1665
2023-09-06,Comm,12,0.11646666666666666,0.4166666666666667,0.08333333333333333,0.5,0.14157333333333333
2023-09-06,Consumer,27,0.08266296296296297,0.25925925925925924,0.07407407407407407,0.6666666666666666,0.04381500000000001
2023-09-06,Energy,15,0.15409333333333333,0.4666666666666667,0.3333333333333333,0.2,0.2502890476190476
2023-09-06,Financials,16,0.33201875000000003,0.8125,0.0625,0.125,0.36785357142857145
2023-09-06,Healthcare,10,0.19068000000000002,0.4,0.0,0.6,0.19297333333333333
2023-09-06,Industrials,14,0.12922857142857141,0.42857142857142855,0.0,0.5714285714285714,0.10459166666666667
2023-09-06,Materials,6,0.13413333333333333,0.3333333333333333,0.0,0.6666666666666666,0.12696000000000002
2023-09-06,RealEstate,3,0.32030000000000003,1.0,0.0,0.0,0.32030000000000003
2023-09-06,Tech,51,0.10018039215686274,0.39215686274509803,0.17647058823529413,0.43137254901960786,0.111524
2023-09-06,Utilities,15,0.11144666666666667,0.4666666666666667,0.13333333333333333,0.4,0.08006727272727272
2023-09-07,Comm,13,0.0979923076923077,0.3076923076923077,0.07692307692307693,0.6153846153846154,0.09237666666666666
2023-09-07,Consumer,26,0.08944230769230768,0.3076923076923077,0.11538461538461539,0.5769230769230769,0.08870972222222223
2023-09-07,Energy,16,0.05539375,0.4375,0.4375,0.125,0.222679375
2023-09-07,Financials,25,0.19991199999999998,0.44,0.08,0.48,0.2701097777777778
2023-09-07,Healthcare,7,-0.011314285714285706,0.42857142857142855,0.2857142857142857,0.2857142857142857,-0.18949333333333332
2023-09-07,Industrials,11,0.21042727272727274,0.5454545454545454,0.09090909090909091,0.36363636363636365,0.236175
2023-09-07,Materials,8,0.03440000000000001,0.25,0.25,0.5,0.058100000000000006
2023-09-07,RealEstate,8,0.0425,0.125,0.0,0.875,0.02266666666666667
2023-09-07,Tech,65,0.16509846153846156,0.46153846153846156,0.18461538461538463,0.35384615384615387,0.14306831944444445
2023-09-07,Utilities,11,0.2636,0.7272727272727273,0.09090909090909091,0.18181818181818182,0.27001
2023-09-08,Comm,13,0.15397692307692307,0.38461538461538464,0.0,0.6153846153846154,0.1408346666666667
2023-09-08,Consumer,26,0.10487692307692308,0.38461538461538464,0.11538461538461539,0.5,0.17325027777777777
2023-09-08,Energy,27,0.16238148148148146,0.5925925925925926,0.25925925925925924,0.14814814814814814,0.14171142857142857
2023-09-08,Financials,22,0.06256363636363636,0.3181818181818182,0.18181818181818182,0.5,0.09885690476190476
2023-09-08,Healthcare,18,0.3073444444444444,0.6666666666666666,0.0,0.3333333333333333,0.261324
2023-09-08,Industrials,9,0.11136666666666667,0.4444444444444444,0.1111111111111111,0.4444444444444444,0.09179444444444444
2023-09-08,Materials,7,0.05257142857142857,0.14285714285714285,0.0,0.8571428571428571,0.030666666666666665
2023-09-08,RealEstate,5,0.20400000000000001,0.6,0.0,0.4,0.255
2023-09-08,Tech,53,0.10093396226415094,0.37735849056603776,0.20754716981132076,0.41509433962264153,0.08128822066822068
2023-09-08,Utilities,11,0.20261818181818178,0.45454545454545453,0.0,0.5454545454545454,0.14417666666666668
2023-09-11,Comm,13,0.12340000000000001,0.46153846153846156,0.07692307692307693,0.46153846153846156,0.008622916666666681
2023-09-11,Consumer,38,0.1378921052631579,0.3684210526315789,0.10526315789473684,0.5263157894736842,0.08220611111111112
2023-09-11,Energy,29,0.06464827586206898,0.41379310344827586,0.3448275862068966,0.2413793103448276,0.10889055555555557
2023-09-11,Financials,32,0.0958,0.28125,0.03125,0.6875,0.11406051282051281
2023-09-11,Healthcare,19,0.12167368421052631,0.47368421052631576,0.2631578947368421,0.2631578947368421,0.12510300000000002
2023-09-11,Industrials,16,0.112825,0.3125,0.0625,0.625,0.11221125
2023-09-11,Materials,6,0.13396666666666665,0.3333333333333333,0.0,0.6666666666666666,0.16076
2023-09-11,RealEstate,11,0.3082636363636364,0.7272727272727273,0.0,0.2727272727272727,0.24696600000000002
2023-09-11,Tech,100,0.21652000000000002,0.5,0.07,0.43,0.21560957298136646
2023-09-11,Utilities,13,-0.018430769230769226,0.3076923076923077,0.46153846153846156,0.23076923076923078,-0.12352666666666665
2023-09-12,Comm,12,0.09386666666666667,0.3333333333333333,0.0,0.6666666666666666,0.046933333333333334
2023-09-12,Consumer,25,0.084824,0.36,0.12,0.52,0.07880044642857142
2023-09-12,Energy,35,0.1422942857142857,0.4857142857142857,0.17142857142857143,0.34285714285714286,0.10197066666666668
2023-09-12,Financials,20,0.25474,0.6,0.1,0.3,0.19236961904761904
2023-09-12,Healthcare,13,0.006707692307692303,0.23076923076923078,0.23076923076923078,0.5384615384615384,-0.027570000000000004
2023-09-12,Industrials,20,0.14655500000000002,0.6,0.2,0.2,0.14891958333333336
2023-09-12,Materials,5,0.08038,0.2,0.0,0.8,0.0502375
2023-09-12,RealEstate,4,-0.142975,0.0,0.25,0.75,-0.19063333333333332
2023-09-12,Tech,56,0.06476071428571428,0.21428571428571427,0.07142857142857142,0.7142857142857143,0.05696589999999999
2023-09-12,Utilities,4,-0.06185,0.0,0.25,0.75,-0.03693333333333333
2023-09-13,Comm,12,0.035166666666666666,0.16666666666666666,0.08333333333333333,0.75,0.02595625
2023-09-13,Consumer,22,0.12462727272727273,0.4090909090909091,0.045454545454545456,0.5454545454545454,0.1352597222222222
2023-09-13,Energy,23,0.05752608695652175,0.391304347826087,0.30434782608695654,0.30434782608695654,0.09829861111111111
2023-09-13,Financials,21,0.059576190476190484,0.2857142857142857,0.047619047619047616,0.6666666666666666,0.08673433333333333
2023-09-13,Healthcare,8,0.14271250000000002,0.375,0.0,0.625,0.14033333333333334
2023-09-13,Industrials,15,0.13148666666666667,0.4,0.0,0.6,0.07921357142857142
2023-09-13,Materials,3,0.0623,0.3333333333333333,0.3333333333333333,0.3333333333333333,0.046725
2023-09-13,RealEstate,6,0.13313333333333333,0.3333333333333333,0.0,0.6666666666666666,0.06656666666666666
2023-09-13,Tech,40,0.288045,0.65,0.0,0.35,0.3511223809523809
2023-09-13,Utilities,9,0.15385555555555555,0.4444444444444444,0.0,0.5555555555555556,0.13178
2023-09-14,Comm,11,0.17198181818181818,0.45454545454545453,0.18181818181818182,0.36363636363636365,0.17886666666666665
2023-09-14,Consumer,24,0.031045833333333328,0.25,0.125,0.625,0.031052380952380953
2023-09-14,Energy,16,0.13571249999999999,0.4375,0.0625,0.5,0.12299133333333331
2023-09-14,Financials,41,0.18762926829268292,0.43902439024390244,0.0,0.5609756097560976,0.20733000000000001
2023-09-14,Healthcare,12,0.08913333333333334,0.3333333333333333,0.16666666666666666,0.5,0.08180833333333333
2023-09-14,Industrials,13,0.14839999999999998,0.3076923076923077,0.0,0.6923076923076923,0.12057499999999999
2023-09-14,Materials,4,0.068475,0.25,0.25,0.5,0.068475
2023-09-14,RealEstate,8,0.0502375,0.25,0.125,0.625,0.0502375
2023-09-14,Tech,66,0.17602272727272728,0.3939393939393939,0.07575757575757576,0.5303030303030303,0.1817830462962963
2023-09-14,Utilities,7,0.19284285714285712,0.7142857142857143,0.14285714285714285,0.14285714285714285,0.21654
2023-09-15,Comm,7,-0.016471428571428564,0.2857142857142857,0.14285714285714285,0.5714285714285714,-0.025595833333333325
2023-09-15,Consumer,30,0.1804,0.5333333333333333,0.1,0.36666666666666664,0.2730741666666667
2023-09-15,Energy,16,-0.0326375,0.1875,0.375,0.4375,-0.018210000000000004
2023-09-15,Financials,21,0.058371428571428574,0.23809523809523808,0.14285714285714285,0.6190476190476191,0.027317619047619045
2023-09-15,Healthcare,16,0.0004375000000000004,0.1875,0.1875,0.625,-0.00022416666666666765
2023-09-15,Industrials,13,0.12008461538461537,0.3076923076923077,0.07692307692307693,0.6153846153846154,0.09773333333333332
2023-09-15,Materials,10,-0.17202,0.1,0.6,0.3,-0.1075125
2023-09-15,RealEstate,8,0.27545,0.5,0.0,0.5,0.2822766666666666
2023-09-15,Tech,84,0.02932738095238095,0.23809523809523808,0.20238095238095238,0.5595238095238095,-0.009784778225806447
2023-09-15,Utilities,5,0.32542,0.8,0.0,0.2,0.27118333333333333
2023-09-18,Comm,13,0.1485,0.38461538461538464,0.0,0.6153846153846154,0.11529166666666667
2023-09-18,Consumer,31,0.1086258064516129,0.45161290322580644,0.22580645161290322,0.3225806451612903,0.08809961038961038
2023-09-18,Energy,38,-0.008081578947368417,0.3157894736842105,0.2894736842105263,0.39473684210526316,0.05833422222222222
2023-09-18,Financials,21,0.21815714285714286,0.6190476190476191,0.047619047619047616,0.3333333333333333,0.28037377777777783
2023-09-18,Healthcare,14,0.08391428571428572,0.35714285714285715,0.07142857142857142,0.5714285714285714,0.08060133333333333
2023-09-18,Industrials,21,0.11465238095238096,0.38095238095238093,0.09523809523809523,0.5238095238095238,0.11624513888888889
2023-09-18,Materials,13,0.09456153846153846,0.46153846153846156,0.07692307692307693,0.46153846153846156,0.094495
2023-09-18,RealEstate,6,0.19453333333333334,0.5,0.0,0.5,0.18226666666666666
2023-09-18,Tech,64,0.1738671875,0.46875,0.078125,0.453125,0.16021608956560682
2023-09-18,Utilities,5,0.1276,0.6,0.2,0.2,0.11584444444444446
2023-09-19,Comm,5,0.13164,0.4,0.0,0.6,0.1097
2023-09-19,Consumer,36,0.06953888888888889,0.3055555555555556,0.1111111111111111,0.5833333333333334,0.11061783333333333
2023-09-19,Energy,29,0.001134482758620695,0.3448275862068966,0.20689655172413793,0.4482758620689655,0.04518965384615385
2023-09-19,Financials,16,0.04351875,0.3125,0.1875,0.5,0.08120178571428571
2023-09-19,Healthcare,8,0.0343875,0.375,0.125,0.5,0.04774
2023-09-19,Industrials,13,0.16884615384615384,0.46153846153846156,0.0,0.5384615384615384,0.15281488095238094
2023-09-19,Materials,4,0.0,0.0,0.0,1.0,0.0
2023-09-19,RealEstate,5,0.24904,0.6,0.0,0.4,0.2783
2023-09-19,Tech,57,0.08366491228070176,0.3508771929824561,0.05263157894736842,0.5964912280701754,0.10251416666666666
2023-09-19,Utilities,4,0.361775,1.0,0.0,0.0,0.3801666666666667
2023-09-20,Comm,4,0.20082499999999998,0.5,0.0,0.5,0.19751666666666665
2023-09-20,Consumer,31,-0.07133548387096775,0.1935483870967742,0.3225806451612903,0.4838709677419355,-0.08202899999999999
2023-09-20,Energy,21,-0.014704761904761906,0.23809523809523808,0.23809523809523808,0.5238095238095238,0.00011688311688311595
2023-09-20,Financials,18,0.06679444444444443,0.2777777777777778,0.0,0.7222222222222222,0.06515333333333334
2023-09-20,Healthcare,14,-0.10767857142857143,0.07142857142857142,0.2857142857142857,0.6428571428571429,-0.139545
2023-09-20,Industrials,13,0.10530769230769231,0.46153846153846156,0.15384615384615385,0.38461538461538464,0.07756111111111111
2023-09-20,Materials,4,0.050575,0.25,0.0,0.75,0.033716666666666666
2023-09-20,RealEstate,5,0.41251999999999994,0.8,0.0,0.2,0.4331875
2023-09-20,Tech,65,0.07398923076923078,0.2923076923076923,0.15384615384615385,0.5538461538461539,0.05181746031746032
2023-09-20,Utilities,5,0.15372,0.4,0.0,0.6,0.17329166666666668
2023-09-21,Comm,12,0.09919166666666666,0.3333333333333333,0.0,0.6666666666666666,0.039676666666666666
2023-09-21,Consumer,31,0.02186774193548387,0.1935483870967742,0.16129032258064516,0.6451612903225806,0.03788380952380952
2023-09-21,Energy,25,0.16802399999999998,0.52,0.08,0.4,0.1825041666666667
2023-09-21,Financials,21,0.03032857142857143,0.14285714285714285,0.047619047619047616,0.8095238095238095,0.07937
2023-09-21,Healthcare,10,0.19633,0.6,0.1,0.3,0.13232666666666665
2023-09-21,Industrials,22,0.159,0.4090909090909091,0.045454545454545456,0.5454545454545454,0.16030255952380953
2023-09-21,Materials,8,0.10292499999999999,0.25,0.0,0.75,0.1356
2023-09-21,RealEstate,13,0.1901,0.46153846153846156,0.0,0.5384615384615384,0.2136458333333333
2023-09-21,Tech,48,0.15487083333333335,0.4166666666666667,0.14583333333333334,0.4375,0.19356929166666664
2023-09-21,Utilities,12,0.08943333333333332,0.4166666666666667,0.08333333333333333,0.5,0.018453333333333318
2023-09-22,Comm,11,0.061599999999999995,0.18181818181818182,0.09090909090909091,0.7272727272727273,0.02184
2023-09-22,Consumer,23,0.09554347826086955,0.30434782608695654,0.043478260869565216,0.6521739130434783,0.14943766666666666
2023-09-22,Energy,24,0.26331666666666664,0.6666666666666666,0.0,0.3333333333333333,0.2148235
2023-09-22,Financials,14,-0.0182,0.14285714285714285,0.14285714285714285,0.7142857142857143,-0.002622000000000002
2023-09-22,Healthcare,12,-0.150675,0.08333333333333333,0.3333333333333333,0.5833333333333334,-0.088378125
2023-09-22,Industrials,7,0.20592857142857143,0.5714285714285714,0.0,0.42857142857142855,0.2612083333333334
2023-09-22,Materials,3,0.17020000000000002,0.3333333333333333,0.0,0.6666666666666666,0.12765
2023-09-22,RealEstate,5,0.13342,0.4,0.2,0.4,0.09035000000000001
2023-09-22,Tech,48,0.17365,0.3958333333333333,0.08333333333333333,0.5208333333333334,0.09927849206349207
2023-09-22,Utilities,3,-0.03423333333333333,0.0,0.3333333333333333,0.6666666666666666,-0.025675
2023-09-25,Comm,15,0.14018666666666668,0.4666666666666667,0.13333333333333333,0.4,-0.02976000000000002
2023-09-25,Consumer,60,0.06765,0.3,0.21666666666666667,0.48333333333333334,0.0775480119047619
2023-09-25,Energy,32,0.098740625,0.4375,0.15625,0.40625,0.19525133928571428
2023-09-25,Financials,21,0.09735714285714286,0.42857142857142855,0.23809523809523808,0.3333333333333333,0.09793866666666667
2023-09-25,Healthcare,15,0.06418,0.4,0.2,0.4,0.0905916666666667
2023-09-25,Industrials,17,0.15697058823529414,0.35294117647058826,0.058823529411764705,0.5882352941176471,0.18737916666666668
2023-09-25,Materials,10,-0.043349999999999986,0.3,0.5,0.2,-0.141
2023-09-25,RealEstate,11,0.08760909090909091,0.36363636363636365,0.18181818181818182,0.45454545454545453,0.08711666666666666
2023-09-25,Tech,62,0.10479677419354838,0.3548387096774194,0.20967741935483872,0.43548387096774194,0.07650407203907203
2023-09-25,Utilities,8,0.2601125,0.75,0.125,0.125,0.2463888888888889
2023-09-26,Comm,13,0.12347692307692307,0.3076923076923077,0.23076923076923078,0.46153846153846156,0.15773333333333334
2023-09-26,Consumer,34,0.13908529411764703,0.5,0.14705882352941177,0.35294117647058826,0.131094
2023-09-26,Energy,19,0.12782631578947368,0.3684210526315789,0.15789473684210525,0.47368421052631576,0.1580538095238095
2023-09-26,Financials,27,0.046781481481481486,0.37037037037037035,0.2222222222222222,0.4074074074074074,0.13594161904761903
2023-09-26,Healthcare,14,0.11489285714285714,0.35714285714285715,0.14285714285714285,0.5,0.17970833333333333
2023-09-26,Industrials,11,0.19221818181818182,0.45454545454545453,0.09090909090909091,0.45454545454545453,0.16012291666666667
2023-09-26,Materials,2,0.1366,0.5,0.0,0.5,0.1366
2023-09-26,RealEstate,5,0.2629,0.6,0.2,0.2,0.19356666666666666
2023-09-26,Tech,37,0.11329189189189189,0.3783783783783784,0.13513513513513514,0.4864864864864865,0.07229428571428573
2023-09-26,Utilities,8,0.24425000000000002,0.75,0.0,0.25,0.28165
2023-09-27,Comm,4,0.07955,0.25,0.0,0.75,0.10606666666666666
2023-09-27,Consumer,22,-0.001927272727272727,0.22727272727272727,0.18181818181818182,0.5909090909090909,-0.012613333333333334
2023-09-27,Energy,19,0.10221052631578949,0.47368421052631576,0.10526315789473684,0.42105263157894735,0.12195466666666668
2023-09-27,Financials,19,0.0981157894736842,0.3157894736842105,0.05263157894736842,0.631578947368421,0.09228857142857141
2023-09-27,Healthcare,7,0.24580000000000002,0.8571428571428571,0.0,0.14285714285714285,0.24019444444444446
2023-09-27,Industrials,14,0.21501428571428574,0.5714285714285714,0.07142857142857142,0.35714285714285715,0.23609416666666666
2023-09-27,Materials,7,0.03558571428571428,0.14285714285714285,0.14285714285714285,0.7142857142857143,0.11567333333333334
2023-09-27,RealEstate,11,0.12295454545454546,0.36363636363636365,0.0,0.6363636363636364,0.176875
2023-09-27,Tech,43,0.1314046511627907,0.4186046511627907,0.18604651162790697,0.3953488372093023,0.13169413333333332
2023-09-27,Utilities,18,0.16936666666666667,0.4444444444444444,0.1111111111111111,0.4444444444444444,-0.007531333333333334
2023-09-28,Comm,15,0.11122,0.4666666666666667,0.13333333333333333,0.4,0.10689892857142858
2023-09-28,Consumer,31,0.06930967741935484,0.3225806451612903,0.12903225806451613,0.5483870967741935,0.11186050366300368
2023-09-28,Energy,21,0.1339238095238095,0.5714285714285714,0.23809523809523808,0.19047619047619047,0.14097999999999997
2023-09-28,Financials,21,0.14726190476190476,0.42857142857142855,0.047619047619047616,0.5238095238095238,0.15560714285714286
2023-09-28,Healthcare,11,0.10673636363636363,0.5454545454545454,0.18181818181818182,0.2727272727272727,0.1254
2023-09-28,Industrials,14,0.08827142857142857,0.35714285714285715,0.07142857142857142,0.5714285714285714,0.06306428571428571
2023-09-28,Materials,6,0.15745,0.6666666666666666,0.3333333333333333,0.0,0.1918375
2023-09-28,RealEstate,7,0.37517142857142854,0.8571428571428571,0.0,0.14285714285714285,0.4616
2023-09-28,Tech,40,0.15303499999999998,0.45,0.125,0.425,0.01473066666666667
2023-09-28,Utilities,13,0.16273076923076923,0.7692307692307693,0.07692307692307693,0.15384615384615385,0.11423055555555556
2023-09-29,Comm,10,0.36985,0.8,0.0,0.2,0.4074125
2023-09-29,Consumer,57,0.17467368421052631,0.40350877192982454,0.17543859649122806,0.42105263157894735,0.16852887719298246
2023-09-29,Energy,23,0.22279999999999997,0.6521739130434783,0.17391304347826086,0.17391304347826086,0.21495066666666665
2023-09-29,Financials,12,0.1602083333333333,0.5,0.08333333333333333,0.4166666666666667,0.20885166666666666
2023-09-29,Healthcare,16,0.029012500000000004,0.375,0.25,0.375,0.12640500000000002
2023-09-29,Industrials,9,0.2021111111111111,0.5555555555555556,0.4444444444444444,0.0,0.21971944444444447
2023-09-29,Materials,1,0.0,0.0,0.0,1.0,0.0
2023-09-29,RealEstate,4,0.159225,0.25,0.0,0.75,0.21230000000000002
2023-09-29,Tech,54,0.14775555555555556,0.3333333333333333,0.037037037037037035,0.6296296296296297,0.08306324675324675
2023-09-29,Utilities,10,0.4315300000000001,1.0,0.0,0.0,0.490372
2023-10-02,Comm,12,0.20609166666666667,0.6666666666666666,0.08333333333333333,0.25,0.264206
2023-10-02,Consumer,47,0.12126170212765958,0.40425531914893614,0.23404255319148937,0.3617021276595745,0.14163088311688313
2023-10-02,Energy,27,0.20265555555555556,0.6666666666666666,0.18518518518518517,0.14814814814814814,0.21752761904761905
2023-10-02,Financials,31,0.0728774193548387,0.3548387096774194,0.16129032258064516,0.4838709677419355,0.17364866666666665
2023-10-02,Healthcare,28,0.044360714285714295,0.2857142857142857,0.21428571428571427,0.5,0.05876333333333335
2023-10-02,Industrials,22,0.18509090909090908,0.5,0.09090909090909091,0.4090909090909091,0.1732149404761905
2023-10-02,Materials,9,0.13906666666666667,0.3333333333333333,0.1111111111111111,0.5555555555555556,0.18959
2023-10-02,RealEstate,7,0.34221428571428575,0.8571428571428571,0.0,0.14285714285714285,0.3861375
2023-10-02,Tech,74,0.19570405405405406,0.44594594594594594,0.10810810810810811,0.44594594594594594,0.2007124855144855
2023-10-02,Utilities,25,0.263268,0.64,0.08,0.28,0.21872904761904763
2023-10-03,Comm,4,0.005700000000000011,0.5,0.25,0.25,0.03751666666666668
2023-10-03,Consumer,16,0.23574375,0.625,0.125,0.25,0.368542
2023-10-03,Energy,13,0.22636923076923077,0.6923076923076923,0.07692307692307693,0.23076923076923078,0.235757
2023-10-03,Financials,25,0.198136,0.48,0.12,0.4,0.18897506944444445
2023-10-03,Healthcare,7,0.19897142857142858,0.7142857142857143,0.14285714285714285,0.14285714285714285,0.2412125
2023-10-03,Industrials,26,0.10891923076923077,0.34615384615384615,0.11538461538461539,0.5384615384615384,0.10146866666666665
2023-10-03,Materials,11,0.09647272727272727,0.2727272727272727,0.0,0.7272727272727273,0.19711428571428571
2023-10-03,RealEstate,9,0.16560000000000002,0.6666666666666666,0.0,0.3333333333333333,0.16413000000000003
2023-10-03,Tech,45,0.16963333333333333,0.4222222222222222,0.1111111111111111,0.4666666666666667,0.2419584188034188
2023-10-03,Utilities,10,0.21695000000000003,0.6,0.0,0.4,0.18224500000000002
2023-10-04,Comm,11,0.1626,0.2727272727272727,0.0,0.7272727272727273,0.1532547619047619
2023-10-04,Consumer,23,0.11715652173913045,0.4782608695652174,0.17391304347826086,0.34782608695652173,0.11470916666666668
2023-10-04,Energy,33,0.17043030303030304,0.42424242424242425,0.09090909090909091,0.48484848484848486,0.19136745454545454
2023-10-04,Financials,10,0.17351,0.6,0.1,0.3,0.13839444444444446
2023-10-04,Healthcare,9,0.16665555555555556,0.5555555555555556,0.1111111111111111,0.3333333333333333,0.1531
2023-10-04,Industrials,12,0.05281666666666667,0.3333333333333333,0.16666666666666666,0.5,0.06546041666666666
2023-10-04,Materials,6,0.03468333333333334,0.16666666666666666,0.16666666666666666,0.6666666666666666,-0.010900000000000002
2023-10-04,RealEstate,6,0.14405,0.3333333333333333,0.16666666666666666,0.5,0.169775
2023-10-04,Tech,43,0.10309534883720929,0.3953488372093023,0.11627906976744186,0.4883720930232558,0.08288796923076923
2023-10-04,Utilities,8,0.1251375,0.375,0.125,0.5,0.10316666666666667
2023-10-05,Comm,7,0.06252857142857143,0.2857142857142857,0.14285714285714285,0.5714285714285714,0.045283333333333335
2023-10-05,Consumer,22,0.11926818181818181,0.5,0.18181818181818182,0.3181818181818182,0.16242583333333332
2023-10-05,Energy,39,0.1689025641025641,0.5897435897435898,0.20512820512820512,0.20512820512820512,0.20503251282051282
2023-10-05,Financials,20,0.08254999999999998,0.2,0.05,0.75,0.08971971428571428
2023-10-05,Healthcare,8,-0.03415,0.0,0.125,0.875,-0.02732
2023-10-05,Industrials,16,0.04176874999999999,0.25,0.25,0.5,0.099449
2023-10-05,Materials,8,0.0654875,0.25,0.125,0.625,0.12105833333333332
2023-10-05,RealEstate,5,0.2886,0.8,0.2,0.0,0.2085125
2023-10-05,Tech,52,0.19473461538461537,0.46153846153846156,0.057692307692307696,0.4807692307692308,0.19214897435897432
2023-10-05,Utilities,15,0.14854,0.5333333333333333,0.13333333333333333,0.3333333333333333,0.17467166666666667
2023-10-06,Comm,14,0.07022142857142857,0.35714285714285715,0.14285714285714285,0.5,0.13007500000000002
2023-10-06,Consumer,34,0.07381764705882353,0.4117647058823529,0.14705882352941177,0.4411764705882353,0.06947696969696969
2023-10-06,Energy,42,0.04339761904761905,0.38095238095238093,0.2619047619047619,0.35714285714285715,0.08675807692307692
2023-10-06,Financials,20,0.12395999999999999,0.45,0.15,0.4,0.1367983333333333
2023-10-06,Healthcare,12,0.050708333333333334,0.25,0.16666666666666666,0.5833333333333334,0.14291833333333331
2023-10-06,Industrials,7,0.06861428571428572,0.2857142857142857,0.42857142857142855,0.2857142857142857,0.00724583333333334
2023-10-06,Materials,3,0.20653333333333332,0.6666666666666666,0.3333333333333333,0.0,0.2289
2023-10-06,RealEstate,5,0.20090000000000002,0.4,0.0,0.6,0.18730000000000002
2023-10-06,Tech,39,0.14622051282051282,0.5384615384615384,0.15384615384615385,0.3076923076923077,0.055070769230769236
2023-10-06,Utilities,13,0.15494615384615384,0.6153846153846154,0.0,0.38461538461538464,0.17071
2023-10-09,Comm,18,0.20588333333333333,0.6111111111111112,0.16666666666666666,0.2222222222222222,0.16567333333333334
2023-10-09,Consumer,49,0.03190408163265306,0.32653061224489793,0.20408163265306123,0.46938775510204084,0.05832021428571429
2023-10-09,Energy,62,-0.07993709677419356,0.3064516129032258,0.532258064516129,0.16129032258064516,-0.1429298831168831
2023-10-09,Financials,28,0.08186785714285714,0.4642857142857143,0.17857142857142858,0.35714285714285715,0.14637065934065935
2023-10-09,Healthcare,13,0.33783846153846153,0.46153846153846156,0.07692307692307693,0.46153846153846156,0.3487233333333334
2023-10-09,Industrials,14,0.02020714285714285,0.35714285714285715,0.21428571428571427,0.42857142857142855,-0.03181133333333334
2023-10-09,Materials,3,0.035066666666666656,0.3333333333333333,0.3333333333333333,0.3333333333333333,0.02629999999999999
2023-10-09,RealEstate,8,0.01965,0.25,0.25,0.5,0.21775
2023-10-09,Tech,65,0.05048153846153847,0.4153846153846154,0.24615384615384617,0.3384615384615385,0.1259139681020734
2023-10-09,Utilities,8,0.013700000000000004,0.375,0.25,0.375,0.007808333333333336
2023-10-10,Comm,9,0.24647777777777774,0.6666666666666666,0.0,0.3333333333333333,0.1622075
2023-10-10,Consumer,31,0.14694193548387097,0.45161290322580644,0.16129032258064516,0.3870967741935484,0.1836093650793651
2023-10-10,Energy,32,0.057609375000000004,0.375,0.15625,0.46875,0.10431422222222222
2023-10-10,Financials,21,-0.04949047619047618,0.42857142857142855,0.2857142857142857,0.2857142857142857,-0.03778273809523809
2023-10-10,Healthcare,15,-0.01984,0.13333333333333333,0.26666666666666666,0.6,-5.6000000000000494e-05
2023-10-10,Industrials,23,0.10824782608695652,0.391304347826087,0.2608695652173913,0.34782608695652173,0.11699650793650793
2023-10-10,Materials,3,0.0,0.0,0.0,1.0,0.0
2023-10-10,RealEstate,6,0.18413333333333334,0.5,0.16666666666666666,0.3333333333333333,0.15531250000000002
2023-10-10,Tech,53,0.14366603773584904,0.49056603773584906,0.09433962264150944,0.41509433962264153,0.13123307692307692
2023-10-10,Utilities,7,0.11264285714285714,0.5714285714285714,0.42857142857142855,0.0,0.28176666666666667
2023-10-11,Comm,5,0.18597999999999998,0.6,0.2,0.2,0.1162375
2023-10-11,Consumer,29,0.049624137931034484,0.20689655172413793,0.13793103448275862,0.6551724137931034,0.058203500000000005
2023-10-11,Energy,31,0.2349516129032258,0.6774193548387096,0.0967741935483871,0.22580645161290322,0.15029589371980676
2023-10-11,Financials,21,0.02183333333333333,0.38095238095238093,0.23809523809523808,0.38095238095238093,0.02082371428571429
2023-10-11,Healthcare,19,0.034563157894736844,0.15789473684210525,0.10526315789473684,0.7368421052631579,0.03917785714285714
2023-10-11,Industrials,20,0.10842,0.4,0.2,0.4,0.1873086666666667
2023-10-11,Materials,7,0.21208571428571427,0.5714285714285714,0.14285714285714285,0.2857142857142857,0.20277777777777775
2023-10-11,RealEstate,4,0.0,0.0,0.0,1.0,0.0
2023-10-11,Tech,58,0.2093793103448276,0.5,0.10344827586206896,0.39655172413793105,0.18174037614237615
2023-10-11,Utilities,5,0.12972,0.2,0.0,0.8,0.07206666666666665
2023-10-12,Comm,13,0.1338153846153846,0.46153846153846156,0.07692307692307693,0.46153846153846156,0.08808333333333333
2023-10-12,Consumer,26,0.05741538461538461,0.2692307692307692,0.19230769230769232,0.5384615384615384,0.09606790476190476
2023-10-12,Energy,21,0.1523904761904762,0.42857142857142855,0.14285714285714285,0.42857142857142855,0.264472
2023-10-12,Financials,38,0.07364473684210526,0.2631578947368421,0.02631578947368421,0.7105263157894737,0.07636921212121213
2023-10-12,Healthcare,13,0.028430769230769228,0.3076923076923077,0.23076923076923078,0.46153846153846156,0.08368571428571431
2023-10-12,Industrials,19,0.1643315789473684,0.5263157894736842,0.05263157894736842,0.42105263157894735,0.18486979166666667
2023-10-12,Materials,9,0.13705555555555557,0.2222222222222222,0.0,0.7777777777777778,0.1541875
2023-10-12,RealEstate,9,0.33853333333333335,0.6666666666666666,0.0,0.3333333333333333,0.33874666666666664
2023-10-12,Tech,42,0.1616547619047619,0.40476190476190477,0.023809523809523808,0.5714285714285714,0.11349491666666667
2023-10-12,Utilities,7,0.20694285714285712,0.42857142857142855,0.0,0.5714285714285714,0.09213125
2023-10-13,Comm,11,0.022727272727272728,0.09090909090909091,0.0,0.9090909090909091,0.015625
2023-10-13,Consumer,17,0.04544117647058824,0.23529411764705882,0.058823529411764705,0.7058823529411765,0.05699309523809524
2023-10-13,Energy,26,-0.015057692307692319,0.4230769230769231,0.3076923076923077,0.2692307692307692,-0.013828333333333345
2023-10-13,Financials,51,0.07338235294117647,0.45098039215686275,0.27450980392156865,0.27450980392156865,-0.018406725490196073
2023-10-13,Healthcare,14,0.034892857142857156,0.21428571428571427,0.14285714285714285,0.6428571428571429,0.04866250000000001
2023-10-13,Industrials,18,0.07708888888888889,0.3333333333333333,0.2222222222222222,0.4444444444444444,0.0393875
2023-10-13,Materials,6,0.14563333333333334,0.5,0.0,0.5,0.1760611111111111
2023-10-13,RealEstate,2,0.26335,0.5,0.0,0.5,0.26335
2023-10-13,Tech,45,0.1488377777777778,0.35555555555555557,0.044444444444444446,0.6,0.16645828571428573
2023-10-13,Utilities,8,0.458575,1.0,0.0,0.0,0.44453333333333334
2023-10-16,Comm,11,-0.0019636363636363658,0.45454545454545453,0.2727272727272727,0.2727272727272727,0.020191666666666663
2023-10-16,Consumer,36,0.1379027777777778,0.3888888888888889,0.08333333333333333,0.5277777777777778,0.16078211111111113
2023-10-16,Energy,12,0.23424999999999999,0.5833333333333334,0.16666666666666666,0.25,0.2676203703703704
2023-10-16,Financials,54,0.04382962962962963,0.2962962962962963,0.2037037037037037,0.5,0.0419316
2023-10-16,Healthcare,16,-0.016687499999999994,0.3125,0.3125,0.375,0.03101200000000002
2023-10-16,Industrials,18,-0.0006055555555555536,0.3333333333333333,0.2222222222222222,0.4444444444444444,0.07817066666666667
2023-10-16,Materials,6,0.16233333333333333,0.3333333333333333,0.0,0.6666666666666666,0.21284166666666662
2023-10-16,RealEstate,17,0.14230588235294117,0.35294117647058826,0.058823529411764705,0.5882352941176471,0.13651125
2023-10-16,Tech,60,0.146545,0.4666666666666667,0.08333333333333333,0.45,0.14096538095238093
2023-10-16,Utilities,12,0.12689999999999999,0.5,0.0,0.5,0.07195
2023-10-17,Comm,4,-0.032,0.0,0.25,0.75,-0.042666666666666665
2023-10-17,Consumer,24,0.08096666666666667,0.375,0.125,0.5,0.0683311111111111
2023-10-17,Energy,22,0.1568409090909091,0.36363636363636365,0.045454545454545456,0.5909090909090909,0.14296714285714285
2023-10-17,Financials,45,0.11745111111111112,0.37777777777777777,0.15555555555555556,0.4666666666666667,0.15135962962962962
2023-10-17,Healthcare,19,0.1614578947368421,0.3684210526315789,0.10526315789473684,0.5263157894736842,0.138425
2023-10-17,Industrials,9,0.013788888888888887,0.2222222222222222,0.2222222222222222,0.5555555555555556,0.04931666666666667
2023-10-17,Materials,8,0.1320875,0.375,0.125,0.5,0.09689166666666667
2023-10-17,RealEstate,15,-0.005193333333333339,0.2,0.26666666666666666,0.5333333333333333,-0.07978750000000001
2023-10-17,Tech,89,0.10292696629213484,0.42696629213483145,0.15730337078651685,0.4157303370786517,0.07524467210807768
2023-10-17,Utilities,9,0.2529222222222222,0.5555555555555556,0.0,0.4444444444444444,0.20010833333333333
2023-10-18,Comm,13,0.08709999999999998,0.23076923076923078,0.0,0.7692307692307693,0.07049444444444444
2023-10-18,Consumer,26,0.1388653846153846,0.38461538461538464,0.038461538461538464,0.5769230769230769,0.09116303030303029
2023-10-18,Energy,39,-0.0931846153846154,0.23076923076923078,0.46153846153846156,0.3076923076923077,-0.04752713675213676
2023-10-18,Financials,64,-0.027178125,0.265625,0.3125,0.421875,0.023192812107247586
2023-10-18,Healthcare,33,0.015899999999999994,0.24242424242424243,0.30303030303030304,0.45454545454545453,0.10263045454545454
2023-10-18,Industrials,22,0.11020909090909091,0.4090909090909091,0.18181818181818182,0.4090909090909091,0.04653035714285715
2023-10-18,Materials,11,-0.10167272727272728,0.18181818181818182,0.36363636363636365,0.45454545454545453,-0.09784666666666667
2023-10-18,RealEstate,12,0.13531666666666667,0.3333333333333333,0.08333333333333333,0.5833333333333334,0.1412875
2023-10-18,Tech,75,0.014695999999999997,0.38666666666666666,0.29333333333333333,0.32,0.04115320810971974
2023-10-18,Utilities,6,0.12765,0.3333333333333333,0.0,0.6666666666666666,0.1298875
2023-10-19,Comm,32,0.165146875,0.40625,0.125,0.46875,0.28119537037037035
2023-10-19,Consumer,27,0.07098518518518518,0.2962962962962963,0.14814814814814814,0.5555555555555556,0.04785849206349206
2023-10-19,Energy,27,0.16658888888888887,0.5185185185185185,0.037037037037037035,0.4444444444444444,0.18488886363636364
2023-10-19,Financials,33,0.05290000000000001,0.24242424242424243,0.12121212121212122,0.6363636363636364,0.07192066666666667
2023-10-19,Healthcare,25,0.14999600000000002,0.28,0.04,0.68,0.21859714285714285
2023-10-19,Industrials,26,0.11139615384615385,0.4230769230769231,0.038461538461538464,0.5384615384615384,0.08238035714285716
2023-10-19,Materials,9,0.07718888888888889,0.2222222222222222,0.0,0.7777777777777778,0.048395
2023-10-19,RealEstate,22,0.02419545454545454,0.3181818181818182,0.2727272727272727,0.4090909090909091,0.00418642857142857
2023-10-19,Tech,30,0.17253333333333334,0.36666666666666664,0.06666666666666667,0.5666666666666667,0.11662679487179486
2023-10-19,Utilities,3,0.1417,0.6666666666666666,0.3333333333333333,0.0,0.1417
2023-10-20,Comm,20,0.011229999999999995,0.3,0.25,0.45,0.07577939393939394
2023-10-20,Consumer,11,0.1316818181818182,0.2727272727272727,0.0,0.7272727272727273,0.12070833333333333
2023-10-20,Energy,36,0.024844444444444443,0.3055555555555556,0.2222222222222222,0.4722222222222222,0.04193107769423559
2023-10-20,Financials,20,0.102275,0.4,0.15,0.45,0.09365933333333334
2023-10-20,Healthcare,18,0.04832777777777778,0.2222222222222222,0.05555555555555555,0.7222222222222222,0.10597214285714285
2023-10-20,Industrials,21,-0.0854952380952381,0.14285714285714285,0.23809523809523808,0.6190476190476191,-0.0023103333333333365
2023-10-20,Materials,6,-0.06698333333333333,0.0,0.16666666666666666,0.8333333333333334,-0.100475
2023-10-20,RealEstate,10,0.20563000000000003,0.6,0.0,0.4,0.23720999999999998
2023-10-20,Tech,49,0.09536326530612246,0.3673469387755102,0.10204081632653061,0.5306122448979592,0.12302640096618359
2023-10-20,Utilities,3,0.24996666666666667,0.6666666666666666,0.0,0.3333333333333333,0.187475
2023-10-23,Comm,17,0.025394117647058824,0.11764705882352941,0.058823529411764705,0.8235294117647058,0.0210375
2023-10-23,Consumer,43,0.1818093023255814,0.4418604651162791,0.06976744186046512,0.4883720930232558,0.1480585576923077
2023-10-23,Energy,67,0.06041492537313434,0.34328358208955223,0.13432835820895522,0.5223880597014925,0.015654545454545456
2023-10-23,Financials,21,0.03996666666666667,0.19047619047619047,0.047619047619047616,0.7619047619047619,0.03823482142857143
2023-10-23,Healthcare,24,0.042954166666666675,0.2916666666666667,0.20833333333333334,0.5,0.08866900000000001
2023-10-23,Industrials,27,0.12894444444444444,0.3333333333333333,0.1111111111111111,0.5555555555555556,0.18046871794871794
2023-10-23,Materials,20,0.090915,0.45,0.1,0.45,0.09567333333333335
2023-10-23,RealEstate,9,0.20255555555555554,0.3333333333333333,0.0,0.6666666666666666,0.20670000000000002
2023-10-23,Tech,80,0.098615,0.4,0.1375,0.4625,0.13968819444444444
2023-10-23,Utilities,8,-0.046224999999999995,0.0,0.25,0.75,-0.082775
2023-10-24,Comm,15,0.13914666666666667,0.4,0.06666666666666667,0.5333333333333333,0.1102468253968254
2023-10-24,Consumer,50,0.16710799999999998,0.4,0.06,0.54,0.07639683333333333
2023-10-24,Energy,37,0.11881891891891892,0.5135135135135135,0.08108108108108109,0.40540540540540543,0.1611207142857143
2023-10-24,Financials,16,0.09541250000000001,0.375,0.125,0.5,0.1741
2023-10-24,Healthcare,17,0.1190294117647059,0.29411764705882354,0.058823529411764705,0.6470588235294118,0.118175
2023-10-24,Industrials,51,0.2239078431372549,0.5098039215686274,0.0,0.49019607843137253,0.21054608695652174
2023-10-24,Materials,17,0.1647470588235294,0.4117647058823529,0.0,0.5882352941176471,0.12107916666666667
2023-10-24,RealEstate,7,0.16765714285714287,0.42857142857142855,0.14285714285714285,0.42857142857142855,0.21791999999999997
2023-10-24,Tech,61,0.185055737704918,0.5081967213114754,0.08196721311475409,0.4098360655737705,0.17183583416583417
2023-10-24,Utilities,13,0.05952307692307693,0.3076923076923077,0.3076923076923077,0.38461538461538464,-0.00249166666666667
2023-10-25,Comm,27,0.1719222222222222,0.37037037037037035,0.037037037037037035,0.5925925925925926,0.10521004761904762
2023-10-25,Consumer,35,0.0070114285714285825,0.17142857142857143,0.2,0.6285714285714286,-0.01866833333333332
2023-10-25,Energy,25,0.12756,0.32,0.08,0.6,0.18598358585858588
2023-10-25,Financials,20,0.14297500000000002,0.35,0.2,0.45,0.16595833333333332
2023-10-25,Healthcare,22,0.10089999999999999,0.2727272727272727,0.045454545454545456,0.6818181818181818,0.06387666666666666
2023-10-25,Industrials,41,-0.020321951219512194,0.24390243902439024,0.21951219512195122,0.5365853658536586,0.07482166666666666
2023-10-25,Materials,8,0.10041249999999999,0.25,0.0,0.75,0.15309999999999999
2023-10-25,RealEstate,14,0.17842857142857144,0.35714285714285715,0.0,0.6428571428571429,0.16055
2023-10-25,Tech,45,0.1840111111111111,0.4666666666666667,0.022222222222222223,0.5111111111111111,0.15566983918128657
2023-10-25,Utilities,11,0.18892727272727272,0.45454545454545453,0.0,0.5454545454545454,0.14581111111111114
2023-10-26,Comm,26,0.16290384615384615,0.38461538461538464,0.0,0.6153846153846154,0.1792505341880342
2023-10-26,Consumer,28,0.04843214285714286,0.25,0.14285714285714285,0.6071428571428571,0.05937633333333333
2023-10-26,Energy,41,0.08682439024390244,0.2926829268292683,0.07317073170731707,0.6341463414634146,0.059366886446886445
2023-10-26,Financials,16,0.2081625,0.5,0.0,0.5,0.17618400000000004
2023-10-26,Healthcare,25,0.21071600000000001,0.48,0.12,0.4,0.18496666666666667
2023-10-26,Industrials,42,0.07405714285714286,0.30952380952380953,0.14285714285714285,0.5476190476190477,0.0673647619047619
2023-10-26,Materials,17,0.12538823529411763,0.35294117647058826,0.0,0.6470588235294118,0.1316025
2023-10-26,RealEstate,13,0.031123076923076923,0.15384615384615385,0.0,0.8461538461538461,0.031609375
2023-10-26,Tech,46,0.09625217391304348,0.3695652173913043,0.15217391304347827,0.4782608695652174,0.11379068907563025
2023-10-26,Utilities,18,0.15887222222222222,0.5555555555555556,0.1111111111111111,0.3333333333333333,0.2806598571428571
2023-10-27,Comm,12,-0.1447166666666667,0.08333333333333333,0.3333333333333333,0.5833333333333334,-0.14565111111111112
2023-10-27,Consumer,27,0.10047777777777779,0.25925925925925924,0.037037037037037035,0.7037037037037037,0.11859000000000001
2023-10-27,Energy,62,0.14465645161290322,0.46774193548387094,0.0967741935483871,0.43548387096774194,0.10430258620689656
2023-10-27,Financials,13,0.07736153846153847,0.23076923076923078,0.07692307692307693,0.6923076923076923,0.07959375
2023-10-27,Healthcare,23,0.13821739130434782,0.391304347826087,0.0,0.6086956521739131,0.12304936363636362
2023-10-27,Industrials,14,-0.13649285714285714,0.07142857142857142,0.2857142857142857,0.6428571428571429,-0.08440133333333333
2023-10-27,Materials,5,0.01544,0.2,0.0,0.8,0.0193
2023-10-27,RealEstate,8,0.12341250000000001,0.25,0.0,0.75,0.124825
2023-10-27,Tech,67,0.18804626865671642,0.47761194029850745,0.014925373134328358,0.5074626865671642,0.18725419017763845
2023-10-27,Utilities,11,0.2575090909090909,0.8181818181818182,0.09090909090909091,0.09090909090909091,0.3041682539682539
2023-10-30,Comm,13,0.09787692307692307,0.3076923076923077,0.0,0.6923076923076923,0.07349333333333333
2023-10-30,Consumer,47,0.14594042553191489,0.3829787234042553,0.0425531914893617,0.574468085106383,0.10734427350427352
2023-10-30,Energy,33,0.07360303030303031,0.3333333333333333,0.09090909090909091,0.5757575757575758,0.07017108585858586
2023-10-30,Financials,15,0.08115333333333333,0.3333333333333333,0.13333333333333333,0.5333333333333333,0.10280416666666667
2023-10-30,Healthcare,21,0.061609523809523815,0.23809523809523808,0.09523809523809523,0.6666666666666666,0.04355733333333334
2023-10-30,Industrials,21,0.13543333333333335,0.3333333333333333,0.0,0.6666666666666666,0.17276153846153847
2023-10-30,Materials,5,0.16892000000000001,0.6,0.0,0.4,0.16892000000000001
2023-10-30,RealEstate,20,0.215225,0.55,0.0,0.45,0.23247672727272728
2023-10-30,Tech,76,0.0642513157894737,0.3026315789473684,0.13157894736842105,0.5657894736842105,0.03933752980352981
2023-10-30,Utilities,4,0.168775,0.5,0.0,0.5,0.168775
2023-10-31,Comm,11,0.08665454545454546,0.2727272727272727,0.0,0.7272727272727273,0.10324799999999998
2023-10-31,Consumer,19,0.13781052631578947,0.3157894736842105,0.0,0.6842105263157895,0.13327566666666665
2023-10-31,Energy,22,0.1638090909090909,0.4090909090909091,0.045454545454545456,0.5454545454545454,0.10854921428571429
2023-10-31,Financials,15,0.08125999999999999,0.26666666666666666,0.06666666666666667,0.6666666666666666,0.08234791666666666
2023-10-31,Healthcare,38,0.10963421052631579,0.3684210526315789,0.07894736842105263,0.5526315789473685,0.0925577456140351
2023-10-31,Industrials,28,0.10875714285714286,0.39285714285714285,0.03571428571428571,0.5714285714285714,0.09792190476190477
2023-10-31,Materials,3,0.0,0.0,0.0,1.0,0.0
2023-10-31,RealEstate,10,0.15648,0.5,0.2,0.3,0.14568333333333333
2023-10-31,Tech,61,0.18605245901639345,0.45901639344262296,0.04918032786885246,0.4918032786885246,0.11477004174573055
2023-10-31,Utilities,9,0.14645555555555556,0.3333333333333333,0.0,0.6666666666666666,0.065905
2023-11-01,Comm,14,0.10956428571428571,0.2857142857142857,0.14285714285714285,0.5714285714285714,0.06275333333333334
2023-11-01,Consumer,33,0.16762424242424243,0.42424242424242425,0.0,0.5757575757575758,0.15182860317460317
2023-11-01,Energy,27,0.20222962962962962,0.48148148148148145,0.0,0.5185185185185185,0.18084055555555553
2023-11-01,Financials,11,0.13135454545454547,0.36363636363636365,0.0,0.6363636363636364,0.10302500000000002
2023-11-01,Healthcare,10,0.07768,0.3,0.1,0.6,0.06818111111111112
2023-11-01,Industrials,14,0.13115000000000002,0.5,0.14285714285714285,0.35714285714285715,0.12493000000000001
2023-11-01,Materials,14,0.17239285714285715,0.42857142857142855,0.07142857142857142,0.5,0.221952
2023-11-01,RealEstate,5,0.12248,0.2,0.0,0.8,0.06804444444444445
2023-11-01,Tech,67,0.1046820895522388,0.3582089552238806,0.13432835820895522,0.5074626865671642,0.09540184265010351
2023-11-01,Utilities,12,0.033433333333333336,0.16666666666666666,0.0,0.8333333333333334,0.035853333333333334
2023-11-02,Comm,18,0.08402222222222222,0.2777777777777778,0.05555555555555555,0.6666666666666666,0.04729833333333333
2023-11-02,Consumer,41,0.12453414634146341,0.34146341463414637,0.07317073170731707,0.5853658536585366,0.1063071111111111
2023-11-02,Energy,40,0.09427749999999999,0.35,0.1,0.55,0.06592258823529411
2023-11-02,Financials,17,0.16371176470588236,0.5294117647058824,0.11764705882352941,0.35294117647058826,0.182036
2023-11-02,Healthcare,25,0.139732,0.44,0.12,0.44,0.10259695512820513
2023-11-02,Industrials,19,0.20274736842105262,0.3684210526315789,0.0,0.631578947368421,0.18584833333333334
2023-11-02,Materials,6,0.13061666666666666,0.3333333333333333,0.0,0.6666666666666666,0.0979625
2023-11-02,RealEstate,14,0.12285714285714286,0.42857142857142855,0.21428571428571427,0.35714285714285715,0.19801666666666667
2023-11-02,Tech,64,0.1560328125,0.390625,0.0625,0.546875,0.1831495111111111
2023-11-02,Utilities,29,0.16944482758620688,0.5172413793103449,0.10344827586206896,0.3793103448275862,0.1673585396825397
2023-11-03,Comm,9,0.13175555555555554,0.5555555555555556,0.2222222222222222,0.2222222222222222,0.17583333333333337
2023-11-03,Consumer,24,0.12105416666666667,0.375,0.125,0.5,0.07733019047619047
2023-11-03,Energy,10,0.18652,0.3,0.0,0.7,0.17216874999999998
2023-11-03,Financials,9,0.23924444444444445,0.5555555555555556,0.0,0.4444444444444444,0.20951
2023-11-03,Healthcare,10,0.1216,0.3,0.1,0.6,0.10335714285714286
2023-11-03,Industrials,6,-0.10844999999999999,0.16666666666666666,0.5,0.3333333333333333,-0.02734444444444444
2023-11-03,Materials,4,0.27285,0.5,0.0,0.5,0.18189999999999998
2023-11-03,RealEstate,7,0.05107142857142858,0.14285714285714285,0.14285714285714285,0.7142857142857143,0.035750000000000004
2023-11-03,Tech,45,0.12211111111111111,0.35555555555555557,0.15555555555555556,0.4888888888888889,0.1469646666666667
2023-11-03,Utilities,16,0.17863125,0.625,0.125,0.25,0.02921785714285715
2023-11-06,Comm,17,0.05398823529411764,0.17647058823529413,0.058823529411764705,0.7647058823529411,0.053104
2023-11-06,Consumer,47,0.08113617021276597,0.3191489361702128,0.10638297872340426,0.574468085106383,0.05247298412698413
2023-11-06,Energy,27,0.14386666666666667,0.37037037037037035,0.037037037037037035,0.5925925925925926,0.14513076190476187
2023-11-06,Financials,23,0.054626086956521734,0.2608695652173913,0.13043478260869565,0.6086956521739131,0.033971111111111105
2023-11-06,Healthcare,21,0.1325714285714286,0.2857142857142857,0.0,0.7142857142857143,0.11913733333333332
2023-11-06,Industrials,28,0.1206607142857143,0.2857142857142857,0.07142857142857142,0.6428571428571429,0.13376266666666667
2023-11-06,Materials,4,0.239475,0.5,0.0,0.5,0.22640000000000002
2023-11-06,RealEstate,16,0.106,0.3125,0.125,0.5625,0.08673750000000001
2023-11-06,Tech,43,0.1878906976744186,0.46511627906976744,0.023255813953488372,0.5116279069767442,0.17298536363636363
2023-11-06,Utilities,14,0.23880714285714283,0.5,0.14285714285714285,0.35714285714285715,0.20941875000000001
2023-11-07,Comm,10,0.21776,0.5,0.0,0.5,0.18705
2023-11-07,Consumer,36,0.1885777777777778,0.4722222222222222,0.027777777777777776,0.5,0.18668244444444443
2023-11-07,Energy,29,0.16203793103448277,0.5172413793103449,0.10344827586206896,0.3793103448275862,0.18816583333333334
2023-11-07,Financials,8,0.097275,0.5,0.25,0.25,0.15867222222222221
2023-11-07,Healthcare,20,0.20163000000000003,0.5,0.15,0.35,0.08648444444444445
2023-11-07,Industrials,11,0.1713818181818182,0.5454545454545454,0.09090909090909091,0.36363636363636365,0.08329666666666667
2023-11-07,Materials,10,0.0513,0.2,0.1,0.7,0.021375
2023-11-07,RealEstate,5,0.17112,0.4,0.0,0.6,0.2852
2023-11-07,Tech,47,0.22080425531914896,0.5319148936170213,0.10638297872340426,0.3617021276595745,0.3440489898989899
2023-11-07,Utilities,5,0.22798,0.6,0.0,0.4,0.242475
2023-11-08,Comm,21,0.07852380952380951,0.19047619047619047,0.047619047619047616,0.7619047619047619,0.11595466666666668
2023-11-08,Consumer,34,0.053682352941176466,0.29411764705882354,0.20588235294117646,0.5,0.019635641025641023
2023-11-08,Energy,22,0.10814090909090908,0.3181818181818182,0.09090909090909091,0.5909090909090909,0.129900625
2023-11-08,Financials,11,0.03751818181818181,0.2727272727272727,0.18181818181818182,0.5454545454545454,0.04031607142857143
2023-11-08,Healthcare,17,0.0899529411764706,0.29411764705882354,0.058823529411764705,0.6470588235294118,0.04333
2023-11-08,Industrials,13,0.10394615384615385,0.3076923076923077,0.07692307692307693,0.6153846153846154,0.09008666666666668
2023-11-08,Materials,2,0.0129,0.0,0.0,1.0,0.0129
2023-11-08,RealEstate,7,0.038400000000000004,0.42857142857142855,0.2857142857142857,0.2857142857142857,-0.0784
2023-11-08,Tech,38,0.04957631578947369,0.34210526315789475,0.13157894736842105,0.5263157894736842,0.04945816666666667
2023-11-08,Utilities,7,0.15975714285714288,0.42857142857142855,0.0,0.5714285714285714,0.14740666666666666
2023-11-09,Comm,17,0.2343470588235294,0.5294117647058824,0.058823529411764705,0.4117647058823529,0.2809704761904762
2023-11-09,Consumer,38,0.09659999999999999,0.39473684210526316,0.10526315789473684,0.5,0.13325179824561403
2023-11-09,Energy,25,0.100548,0.28,0.12,0.6,0.08788975757575758
2023-11-09,Financials,24,0.06632916666666666,0.20833333333333334,0.08333333333333333,0.7083333333333334,0.031095555555555553
2023-11-09,Healthcare,23,0.2246608695652174,0.5217391304347826,0.043478260869565216,0.43478260869565216,0.14543830303030303
2023-11-09,Industrials,8,0.1715625,0.375,0.0,0.625,0.2266125
2023-11-09,Materials,10,0.00258,0.0,0.0,1.0,0.0016125
2023-11-09,RealEstate,8,0.17745,0.5,0.0,0.5,0.18625625
2023-11-09,Tech,39,0.21756410256410255,0.5128205128205128,0.05128205128205128,0.4358974358974359,0.23585066666666665
2023-11-09,Utilities,6,0.3513,0.6666666666666666,0.0,0.3333333333333333,0.318625
2023-11-10,Comm,8,0.1706625,0.5,0.0,0.5,0.11834
2023-11-10,Consumer,29,0.15334137931034483,0.41379310344827586,0.10344827586206896,0.4827586206896552,0.1389518787878788
2023-11-10,Energy,19,0.1241842105263158,0.3684210526315789,0.0,0.631578947368421,0.09194380952380951
2023-11-10,Financials,11,0.07854545454545456,0.36363636363636365,0.09090909090909091,0.5454545454545454,0.12510833333333332
2023-11-10,Healthcare,13,0.0873846153846154,0.38461538461538464,0.15384615384615385,0.46153846153846156,-0.01416166666666667
2023-11-10,Industrials,14,0.02552857142857143,0.2857142857142857,0.21428571428571427,0.5,0.0669125
2023-11-10,Materials,4,-0.013250000000000012,0.25,0.25,0.5,-0.01766666666666668
2023-11-10,RealEstate,5,-0.06604,0.2,0.2,0.6,-0.11866666666666666
2023-11-10,Tech,43,0.24646976744186047,0.5581395348837209,0.023255813953488372,0.4186046511627907,0.24779168840579713
2023-11-10,Utilities,5,0.19163999999999998,0.4,0.2,0.4,0.3923625
2023-11-13,Comm,10,0.15552000000000002,0.4,0.0,0.6,0.16025
2023-11-13,Consumer,54,0.12057592592592592,0.3148148148148148,0.07407407407407407,0.6111111111111112,0.1575281739130435
2023-11-13,Energy,30,0.14912,0.3333333333333333,0.06666666666666667,0.6,0.18756133333333333
2023-11-13,Financials,27,0.00018148148148148206,0.25925925925925924,0.2222222222222222,0.5185185185185185,-0.13721968831168832
2023-11-13,Healthcare,19,0.15311052631578947,0.3684210526315789,0.10526315789473684,0.5263157894736842,0.12200555555555556
2023-11-13,Industrials,37,0.01781081081081081,0.1891891891891892,0.10810810810810811,0.7027027027027027,0.0125175
2023-11-13,Materials,6,0.08056666666666666,0.16666666666666666,0.0,0.8333333333333334,0.04028333333333333
2023-11-13,RealEstate,11,0.13354545454545452,0.36363636363636365,0.0,0.6363636363636364,0.127965
2023-11-13,Tech,50,0.167956,0.42,0.06,0.52,0.16490440211640212
2023-11-13,Utilities,8,0.1415375,0.5,0.0,0.5,0.09435833333333334
2023-11-14,Comm,5,0.0,0.0,0.0,1.0,0.0
2023-11-14,Consumer,33,0.09206969696969697,0.30303030303030304,0.030303030303030304,0.6666666666666666,0.08768266666666666
2023-11-14,Energy,27,0.14007777777777777,0.3333333333333333,0.07407407407407407,0.5925925925925926,0.297255
2023-11-14,Financials,24,0.09610833333333334,0.25,0.041666666666666664,0.7083333333333334,0.09372428571428572
2023-11-14,Healthcare,15,0.07396666666666667,0.4,0.13333333333333333,0.4666666666666667,0.10007375
2023-11-14,Industrials,19,0.09917894736842106,0.3684210526315789,0.15789473684210525,0.47368421052631576,0.07244125
2023-11-14,Materials,7,0.2692,0.5714285714285714,0.0,0.42857142857142855,0.20937777777777777
2023-11-14,RealEstate,4,0.1806,0.5,0.0,0.5,0.24080000000000001
2023-11-14,Tech,61,0.264083606557377,0.5901639344262295,0.08196721311475409,0.32786885245901637,0.26826717554858936
2023-11-14,Utilities,5,0.33054,0.8,0.0,0.2,0.39180000000000004
2023-11-15,Comm,6,0.18089999999999998,0.5,0.16666666666666666,0.3333333333333333,0.20750000000000002
2023-11-15,Consumer,44,0.17542954545454545,0.45454545454545453,0.06818181818181818,0.4772727272727273,0.1546471794871795
2023-11-15,Energy,13,0.11200769230769231,0.38461538461538464,0.0,0.6153846153846154,0.1020125
2023-11-15,Financials,9,0.18785555555555555,0.5555555555555556,0.0,0.4444444444444444,0.16519444444444445
2023-11-15,Healthcare,10,0.11783999999999999,0.4,0.1,0.5,0.15714
2023-11-15,Industrials,12,0.22355833333333333,0.4166666666666667,0.0,0.5833333333333334,0.13190119047619048
2023-11-15,Materials,6,0.3349,0.8333333333333334,0.0,0.16666666666666666,0.367
2023-11-15,RealEstate,2,0.3395,1.0,0.0,0.0,0.3395
2023-11-15,Tech,45,0.11580222222222222,0.28888888888888886,0.06666666666666667,0.6444444444444445,0.07499481962481963
2023-11-15,Utilities,2,0.0,0.0,0.0,1.0,0.0
2023-11-16,Comm,6,0.011133333333333337,0.16666666666666666,0.16666666666666666,0.6666666666666666,0.007422222222222225
2023-11-16,Consumer,50,0.085204,0.32,0.18,0.5,0.02141885714285714
2023-11-16,Energy,15,-0.0009066666666666557,0.26666666666666666,0.26666666666666666,0.4666666666666667,-0.10828437499999999
2023-11-16,Financials,14,0.042707142857142846,0.21428571428571427,0.14285714285714285,0.6428571428571429,0.04119166666666666
2023-11-16,Healthcare,9,0.011411111111111113,0.2222222222222222,0.1111111111111111,0.6666666666666666,0.02616
2023-11-16,Industrials,14,0.13658571428571428,0.42857142857142855,0.0,0.5714285714285714,0.13330599999999998
2023-11-16,Materials,6,0.06698333333333333,0.16666666666666666,0.0,0.8333333333333334,0.0502375
2023-11-16,RealEstate,6,0.26035,0.3333333333333333,0.0,0.6666666666666666,0.15621000000000002
2023-11-16,Tech,46,0.08307826086956523,0.32608695652173914,0.08695652173913043,0.5869565217391305,0.11446924603174605
2023-11-16,Utilities,11,0.20554545454545456,0.36363636363636365,0.0,0.6363636363636364,0.27993999999999997
2023-11-17,Comm,3,0.0,0.0,0.0,1.0,0.0
2023-11-17,Consumer,21,0.06914285714285714,0.23809523809523808,0.047619047619047616,0.7142857142857143,0.08490333333333333
2023-11-17,Energy,14,0.1674,0.5,0.07142857142857142,0.42857142857142855,0.18450238095238095
2023-11-17,Financials,13,0.10456153846153847,0.3076923076923077,0.07692307692307693,0.6153846153846154,0.117218
2023-11-17,Healthcare,13,0.11624615384615386,0.3076923076923077,0.07692307692307693,0.6153846153846154,0.08282916666666668
2023-11-17,Industrials,23,0.25032608695652175,0.4782608695652174,0.043478260869565216,0.4782608695652174,0.21380249999999998
2023-11-17,Materials,4,0.24135,0.75,0.0,0.25,0.24135
2023-11-17,RealEstate,5,-0.014179999999999998,0.2,0.2,0.6,-0.008862499999999999
2023-11-17,Tech,41,0.14884146341463414,0.43902439024390244,0.12195121951219512,0.43902439024390244,0.1392056
2023-11-17,Utilities,7,0.12967142857142858,0.42857142857142855,0.14285714285714285,0.42857142857142855,0.14132499999999998
2023-11-20,Comm,12,0.07780833333333333,0.25,0.08333333333333333,0.6666666666666666,0.046685000000000004
2023-11-20,Consumer,31,0.0486967741935484,0.3548387096774194,0.22580645161290322,0.41935483870967744,0.042926337662337666
2023-11-20,Energy,11,0.06806363636363637,0.36363636363636365,0.09090909090909091,0.5454545454545454,0.04679375
2023-11-20,Financials,21,0.038747619047619045,0.2857142857142857,0.047619047619047616,0.6666666666666666,0.02975
2023-11-20,Healthcare,13,0.18164615384615385,0.5384615384615384,0.07692307692307693,0.38461538461538464,0.171025
2023-11-20,Industrials,19,0.09351578947368422,0.3157894736842105,0.10526315789473684,0.5789473684210527,-0.002245833333333336
2023-11-20,Materials,5,0.37370000000000003,0.6,0.2,0.2,0.3876833333333334
2023-11-20,RealEstate,10,0.11578,0.2,0.0,0.8,0.09648333333333334
2023-11-20,Tech,66,0.18133030303030304,0.48484848484848486,0.07575757575757576,0.4393939393939394,0.20629570921985815
2023-11-20,Utilities,2,0.1366,0.5,0.0,0.5,0.1366
2023-11-21,Comm,8,0.15175,0.625,0.25,0.125,0.07035000000000001
2023-11-21,Consumer,25,0.112752,0.4,0.2,0.4,0.04037770833333333
2023-11-21,Energy,20,0.165025,0.4,0.1,0.5,0.14326642857142857
2023-11-21,Financials,12,0.059625000000000004,0.25,0.08333333333333333,0.6666666666666666,0.09396
2023-11-21,Healthcare,12,0.08192500000000001,0.4166666666666667,0.08333333333333333,0.5,0.09735750000000001
2023-11-21,Industrials,17,0.13690000000000002,0.29411764705882354,0.0,0.7058823529411765,0.08501333333333334
2023-11-21,Materials,6,0.0,0.0,0.0,1.0,0.0
2023-11-21,RealEstate,5,0.15144000000000002,0.6,0.0,0.4,0.18286666666666665
2023-11-21,Tech,84,0.09957380952380952,0.39285714285714285,0.15476190476190477,0.4523809523809524,0.13417788011695905
2023-11-21,Utilities,10,0.022160000000000003,0.1,0.2,0.7,0.026019999999999998
2023-11-22,Comm,11,0.060509090909090915,0.2727272727272727,0.18181818181818182,0.5454545454545454,-0.030606666666666657
2023-11-22,Consumer,23,0.021117391304347827,0.17391304347826086,0.17391304347826086,0.6521739130434783,0.011287272727272729
2023-11-22,Energy,12,0.08533333333333333,0.3333333333333333,0.08333333333333333,0.5833333333333334,0.12154285714285715
2023-11-22,Financials,19,0.013889473684210528,0.3157894736842105,0.21052631578947367,0.47368421052631576,-0.08744933333333334
2023-11-22,Healthcare,8,0.157725,0.25,0.0,0.75,0.12618000000000001
2023-11-22,Industrials,24,0.16370416666666668,0.4166666666666667,0.125,0.4583333333333333,0.15327833333333332
2023-11-22,Materials,5,0.26349999999999996,0.6,0.2,0.2,0.27741666666666664
2023-11-22,RealEstate,5,-0.04384,0.2,0.2,0.6,-0.02435555555555555
2023-11-22,Tech,78,0.1116974358974359,0.3333333333333333,0.11538461538461539,0.5512820512820513,0.09295460784313726
2023-11-22,Utilities,7,0.14435714285714285,0.5714285714285714,0.14285714285714285,0.2857142857142857,0.21307333333333334
2023-11-24,Comm,17,0.08554117647058823,0.29411764705882354,0.0,0.7058823529411765,0.07722666666666667
2023-11-24,Consumer,34,0.08848529411764706,0.38235294117647056,0.11764705882352941,0.5,-0.06559355555555554
2023-11-24,Energy,18,0.17116666666666666,0.4444444444444444,0.05555555555555555,0.5,0.151
2023-11-24,Financials,25,0.11142800000000001,0.36,0.12,0.52,0.059392847222222225
2023-11-24,Healthcare,13,0.07183846153846153,0.3076923076923077,0.07692307692307693,0.6153846153846154,0.038858
2023-11-24,Industrials,19,0.20971052631578946,0.5789473684210527,0.0,0.42105263157894735,0.18858465909090907
2023-11-24,Materials,8,0.0658375,0.125,0.0,0.875,0.03291875
2023-11-24,RealEstate,7,0.028900000000000002,0.14285714285714285,0.0,0.8571428571428571,0.033716666666666666
2023-11-24,Tech,86,0.1815988372093023,0.45348837209302323,0.08139534883720931,0.46511627906976744,0.10754170033670034
2023-11-24,Utilities,10,0.09964999999999999,0.4,0.1,0.5,0.17715
2023-11-27,Comm,13,0.008107692307692316,0.23076923076923078,0.15384615384615385,0.6153846153846154,0.00035416666666667276
2023-11-27,Consumer,54,0.08389999999999999,0.35185185185185186,0.16666666666666666,0.48148148148148145,0.13043235714285714
2023-11-27,Energy,15,0.18918666666666667,0.4666666666666667,0.0,0.5333333333333333,0.15175666666666668
2023-11-27,Financials,24,0.08418750000000001,0.25,0.08333333333333333,0.6666666666666666,0.0899925
2023-11-27,Healthcare,11,0.24546363636363636,0.45454545454545453,0.0,0.5454545454545454,0.19468666666666667
2023-11-27,Industrials,19,0.035063157894736845,0.21052631578947367,0.10526315789473684,0.6842105263157895,0.03903
2023-11-27,Materials,7,0.07542857142857141,0.2857142857142857,0.14285714285714285,0.5714285714285714,0.02488333333333334
2023-11-27,RealEstate,23,0.03750434782608695,0.2608695652173913,0.21739130434782608,0.5217391304347826,0.07268782051282052
2023-11-27,Tech,65,0.2141846153846154,0.49230769230769234,0.06153846153846154,0.4461538461538462,0.17230810457516338
2023-11-27,Utilities,6,0.23673333333333332,0.5,0.0,0.5,0.2371375
2023-11-28,Comm,8,0.1610375,0.5,0.0,0.5,0.12607666666666664
2023-11-28,Consumer,19,0.12073157894736841,0.3684210526315789,0.05263157894736842,0.5789473684210527,0.0994195
2023-11-28,Energy,18,-0.017638888888888885,0.2222222222222222,0.3333333333333333,0.4444444444444444,-0.025393
2023-11-28,Financials,11,0.1494,0.36363636363636365,0.0,0.6363636363636364,0.14340444444444445
2023-11-28,Healthcare,9,0.10907777777777777,0.3333333333333333,0.0,0.6666666666666666,0.11145833333333333
2023-11-28,Industrials,20,0.049475000000000005,0.25,0.15,0.6,0.026967187499999996
2023-11-28,Materials,6,0.19446666666666665,0.6666666666666666,0.0,0.3333333333333333,0.19914444444444443
2023-11-28,RealEstate,5,0.19186,0.4,0.0,0.6,0.2063333333333333
2023-11-28,Tech,45,0.15431999999999998,0.4666666666666667,0.06666666666666667,0.4666666666666667,0.16176678571428574
2023-11-28,Utilities,5,0.05464,0.2,0.0,0.8,0.0683
2023-11-29,Comm,13,0.06385384615384616,0.23076923076923078,0.15384615384615385,0.6153846153846154,0.038913333333333334
2023-11-29,Consumer,28,0.10651785714285714,0.25,0.10714285714285714,0.6428571428571429,0.0798332142857143
2023-11-29,Energy,24,0.07934583333333334,0.3333333333333333,0.125,0.5416666666666666,0.055535833333333326
2023-11-29,Financials,18,0.046450000000000005,0.16666666666666666,0.05555555555555555,0.7777777777777778,0.0975975
2023-11-29,Healthcare,15,0.1157,0.26666666666666666,0.0,0.7333333333333333,0.09941833333333334
2023-11-29,Industrials,21,0.08547142857142857,0.23809523809523808,0.047619047619047616,0.7142857142857143,0.11957333333333335
2023-11-29,Materials,7,0.1139,0.42857142857142855,0.0,0.5714285714285714,0.13288333333333333
2023-11-29,RealEstate,12,0.16195833333333334,0.5,0.0,0.5,0.12497833333333333
2023-11-29,Tech,50,0.19738,0.44,0.04,0.52,0.20310357142857144
2023-11-29,Utilities,7,0.21298571428571428,0.42857142857142855,0.0,0.5714285714285714,0.17829166666666665
2023-11-30,Comm,13,0.22883076923076923,0.5384615384615384,0.07692307692307693,0.38461538461538464,0.2383
2023-11-30,Consumer,27,0.058440740740740744,0.2962962962962963,0.14814814814814814,0.5555555555555556,0.024959444444444454
2023-11-30,Energy,18,0.16204444444444444,0.4444444444444444,0.05555555555555555,0.5,0.16881666666666667
2023-11-30,Financials,16,0.2099875,0.4375,0.0,0.5625,0.13476333333333335
2023-11-30,Healthcare,22,0.11087272727272728,0.36363636363636365,0.13636363636363635,0.5,0.08356166666666667
2023-11-30,Industrials,14,0.08982857142857144,0.21428571428571427,0.0,0.7857142857142857,0.08169
2023-11-30,Materials,4,0.100475,0.25,0.0,0.75,0.100475
2023-11-30,RealEstate,6,0.13648333333333335,0.3333333333333333,0.0,0.6666666666666666,0.10236250000000001
2023-11-30,Tech,49,0.1658714285714286,0.46938775510204084,0.14285714285714285,0.3877551020408163,0.082137
2023-11-30,Utilities,7,0.26604285714285714,0.7142857142857143,0.0,0.2857142857142857,0.3484555555555556
2023-12-01,Comm,8,0.1222625,0.375,0.0,0.625,0.108025
2023-12-01,Consumer,18,0.13714444444444443,0.4444444444444444,0.05555555555555555,0.5,0.18700535714285715
2023-12-01,Energy,9,0.0,0.0,0.0,1.0,0.0
2023-12-01,Financials,18,0.04080555555555555,0.2777777777777778,0.2222222222222222,0.5,-0.026845
2023-12-01,Healthcare,8,0.0,0.0,0.0,1.0,0.0
2023-12-01,Industrials,16,-0.004706249999999995,0.0625,0.0625,0.875,0.0364125
2023-12-01,Materials,6,0.20604999999999998,0.3333333333333333,0.0,0.6666666666666666,0.1545375
2023-12-01,RealEstate,9,0.1652,0.4444444444444444,0.0,0.5555555555555556,0.09654
2023-12-01,Tech,32,0.121990625,0.3125,0.03125,0.65625,0.07004760784313727
2023-12-01,Utilities,5,0.23182,0.6,0.0,0.4,0.27263333333333334
2023-12-04,Comm,23,0.09886521739130434,0.30434782608695654,0.08695652173913043,0.6086956521739131,0.10443666666666666
2023-12-04,Consumer,34,0.055591176470588234,0.20588235294117646,0.11764705882352941,0.6764705882352942,0.08154409090909091
2023-12-04,Energy,17,0.043647058823529414,0.23529411764705882,0.058823529411764705,0.7058823529411765,0.022403333333333334
2023-12-04,Financials,28,0.09154642857142857,0.35714285714285715,0.14285714285714285,0.5,0.09586576388888887
2023-12-04,Healthcare,15,0.08464666666666668,0.3333333333333333,0.06666666666666667,0.6,0.063808
2023-12-04,Industrials,18,0.1299722222222222,0.2777777777777778,0.0,0.7222222222222222,0.1330738095238095
2023-12-04,Materials,1,0.0,0.0,0.0,1.0,0.0
2023-12-04,RealEstate,10,0.19083999999999998,0.4,0.0,0.6,0.2098
2023-12-04,Tech,68,0.17685294117647057,0.5,0.07352941176470588,0.4264705882352941,0.17558411764705883
2023-12-04,Utilities,6,0.3016666666666667,0.6666666666666666,0.0,0.3333333333333333,0.3710333333333333
2023-12-05,Comm,33,0.062442424242424244,0.30303030303030304,0.12121212121212122,0.5757575757575758,0.10700608974358976
2023-12-05,Consumer,16,0.10515,0.375,0.1875,0.4375,0.13501333333333335
2023-12-05,Energy,17,0.008570588235294115,0.23529411764705882,0.23529411764705882,0.5294117647058824,-0.002125555555555559
2023-12-05,Financials,20,0.13081,0.45,0.25,0.3,0.13080729166666666
2023-12-05,Healthcare,7,0.16187142857142858,0.5714285714285714,0.14285714285714285,0.2857142857142857,0.23183333333333334
2023-12-05,Industrials,11,-0.001472727272727272,0.36363636363636365,0.2727272727272727,0.36363636363636365,-0.06629
2023-12-05,Materials,1,0.0,0.0,0.0,1.0,0.0
2023-12-05,RealEstate,6,0.16576666666666667,0.6666666666666666,0.0,0.3333333333333333,0.1496125
2023-12-05,Tech,52,0.1868769230769231,0.4230769230769231,0.057692307692307696,0.5192307692307693,0.15453813725490198
2023-12-05,Utilities,5,0.12248,0.2,0.0,0.8,0.1531
2023-12-06,Comm,16,0.0725375,0.4375,0.1875,0.375,0.051855000000000005
2023-12-06,Consumer,26,0.06852692307692308,0.23076923076923078,0.19230769230769232,0.5769230769230769,0.06846177777777777
2023-12-06,Energy,30,0.19262333333333334,0.43333333333333335,0.03333333333333333,0.5333333333333333,0.23260824175824174
2023-12-06,Financials,16,-0.028262500000000003,0.1875,0.3125,0.5,-0.01888958333333333
2023-12-06,Healthcare,15,0.17996666666666666,0.4,0.0,0.6,0.2232822916666667
2023-12-06,Industrials,24,0.07570416666666667,0.25,0.16666666666666666,0.5833333333333334,0.08270666666666668
2023-12-06,Materials,4,0.100475,0.25,0.0,0.75,0.100475
2023-12-06,RealEstate,12,0.16696666666666668,0.5,0.08333333333333333,0.4166666666666667,0.14734583333333334
2023-12-06,Tech,50,0.21634,0.48,0.02,0.5,0.1846508888888889
2023-12-06,Utilities,5,0.20724,0.4,0.0,0.6,0.23564444444444443
2023-12-07,Comm,12,0.08868333333333334,0.25,0.0,0.75,0.05658166666666666
2023-12-07,Consumer,19,0.2505578947368421,0.631578947368421,0.0,0.3684210526315789,0.27937333333333336
2023-12-07,Energy,21,0.03411904761904762,0.23809523809523808,0.19047619047619047,0.5714285714285714,-0.049162000000000004
2023-12-07,Financials,10,0.10185,0.4,0.1,0.5,0.12261111111111112
2023-12-07,Healthcare,27,0.11607407407407407,0.4074074074074074,0.1111111111111111,0.48148148148148145,0.17038545454545456
2023-12-07,Industrials,18,0.059750000000000004,0.3333333333333333,0.2222222222222222,0.4444444444444444,-0.054916666666666655
2023-12-07,Materials,14,0.01537857142857142,0.2857142857142857,0.21428571428571427,0.5,0.01587499999999999
2023-12-07,RealEstate,14,0.1903142857142857,0.5,0.07142857142857142,0.42857142857142855,0.11
2023-12-07,Tech,61,0.10631475409836065,0.36065573770491804,0.04918032786885246,0.5901639344262295,0.10266650476190475
2023-12-07,Utilities,14,0.1617714285714286,0.5714285714285714,0.0,0.42857142857142855,0.16547499999999998
2023-12-08,Comm,14,0.08969999999999999,0.14285714285714285,0.0,0.8571428571428571,0.06278999999999998
2023-12-08,Consumer,23,-0.027569565217391304,0.08695652173913043,0.17391304347826086,0.7391304347826086,-0.015177000000000001
2023-12-08,Energy,32,0.09034062500000001,0.5,0.15625,0.34375,0.11883714285714286
2023-12-08,Financials,12,0.07054166666666667,0.3333333333333333,0.08333333333333333,0.5833333333333334,0.06434500000000001
2023-12-08,Healthcare,16,-0.019875000000000007,0.3125,0.25,0.4375,0.04376733333333334
2023-12-08,Industrials,12,0.027591666666666667,0.08333333333333333,0.08333333333333333,0.8333333333333334,0.027591666666666667
2023-12-08,Materials,4,0.217175,0.5,0.0,0.5,0.2895666666666667
2023-12-08,RealEstate,8,0.037,0.125,0.0,0.875,0.074
2023-12-08,Tech,67,0.178755223880597,0.417910447761194,0.04477611940298507,0.5373134328358209,0.18113311813992458
2023-12-08,Utilities,5,0.05464,0.2,0.0,0.8,0.03415
2023-12-11,Comm,19,0.10476315789473684,0.2631578947368421,0.05263157894736842,0.6842105263157895,0.08932571428571429
2023-12-11,Consumer,41,0.12141951219512195,0.34146341463414637,0.07317073170731707,0.5853658536585366,0.1371493145743146
2023-12-11,Energy,65,0.11033692307692308,0.35384615384615387,0.12307692307692308,0.5230769230769231,0.11960247631975866
2023-12-11,Financials,42,0.08512619047619048,0.30952380952380953,0.16666666666666666,0.5238095238095238,0.09806392857142857
2023-12-11,Healthcare,35,0.18672,0.45714285714285713,0.02857142857142857,0.5142857142857142,0.17471797979797982
2023-12-11,Industrials,33,0.018693939393939395,0.18181818181818182,0.15151515151515152,0.6666666666666666,0.08081247619047618
2023-12-11,Materials,9,0.18554444444444446,0.4444444444444444,0.0,0.5555555555555556,0.14307333333333333
2023-12-11,RealEstate,11,0.06462727272727273,0.36363636363636365,0.18181818181818182,0.45454545454545453,0.06682333333333333
2023-12-11,Tech,125,0.1177224,0.36,0.12,0.52,0.12338530612244898
2023-12-11,Utilities,14,0.14727857142857143,0.35714285714285715,0.07142857142857142,0.5714285714285714,0.10922799999999999
2023-12-12,Comm,20,0.21949000000000002,0.55,0.0,0.45,0.2326798941798942
2023-12-12,Consumer,20,0.09031,0.4,0.1,0.5,0.06663666666666666
2023-12-12,Energy,40,0.053270000000000005,0.25,0.2,0.55,0.040976923076923084
2023-12-12,Financials,28,0.18535714285714286,0.4642857142857143,0.07142857142857142,0.4642857142857143,0.17618836363636364
2023-12-12,Healthcare,22,0.06061818181818182,0.18181818181818182,0.045454545454545456,0.7727272727272727,0.062725
2023-12-12,Industrials,27,0.20404814814814815,0.48148148148148145,0.1111111111111111,0.4074074074074074,0.24736833333333333
2023-12-12,Materials,3,-0.08146666666666666,0.3333333333333333,0.3333333333333333,0.3333333333333333,-0.08146666666666666
2023-12-12,RealEstate,15,0.15106000000000003,0.4,0.13333333333333333,0.4666666666666667,0.08254333333333333
2023-12-12,Tech,81,0.13051728395061726,0.37037037037037035,0.09876543209876543,0.5308641975308642,0.0967335
2023-12-12,Utilities,8,0.07491249999999999,0.375,0.25,0.375,0.06729
2023-12-13,Comm,13,0.186,0.46153846153846156,0.0,0.5384615384615384,0.21792250000000002
2023-12-13,Consumer,24,0.0848875,0.2916666666666667,0.041666666666666664,0.6666666666666666,0.06228600000000001
2023-12-13,Energy,26,0.15573461538461536,0.4230769230769231,0.038461538461538464,0.5384615384615384,0.13694
2023-12-13,Financials,22,0.03510454545454545,0.18181818181818182,0.13636363636363635,0.6818181818181818,0.11768944444444444
2023-12-13,Healthcare,17,0.08258235294117648,0.29411764705882354,0.17647058823529413,0.5294117647058824,0.023511666666666674
2023-12-13,Industrials,24,0.14845416666666666,0.3333333333333333,0.041666666666666664,0.625,0.14791819047619048
2023-12-13,Materials,10,0.29651,0.6,0.0,0.4,0.2891666666666667
2023-12-13,RealEstate,15,0.23493999999999998,0.4666666666666667,0.0,0.5333333333333333,0.23891
2023-12-13,Tech,45,0.16552222222222224,0.4222222222222222,0.022222222222222223,0.5555555555555556,0.1724762745098039
2023-12-13,Utilities,8,0.2214875,0.625,0.125,0.25,0.14765833333333334
2023-12-14,Comm,9,0.1864777777777778,0.4444444444444444,0.1111111111111111,0.4444444444444444,0.31698888888888893
2023-12-14,Consumer,22,0.07074090909090909,0.22727272727272727,0.09090909090909091,0.6818181818181818,0.07650533333333334
2023-12-14,Energy,12,0.14343333333333333,0.3333333333333333,0.16666666666666666,0.5,0.11932083333333333
2023-12-14,Financials,9,-0.0001777777777777767,0.1111111111111111,0.1111111111111111,0.7777777777777778,0.011964444444444446
2023-12-14,Healthcare,4,0.144675,0.5,0.25,0.25,0.15918333333333334
2023-12-14,Industrials,7,0.07669999999999999,0.2857142857142857,0.14285714285714285,0.5714285714285714,0.11304166666666667
2023-12-14,Materials,5,0.0,0.0,0.0,1.0,0.0
2023-12-14,RealEstate,8,0.1727125,0.625,0.125,0.25,0.063965
2023-12-14,Tech,35,0.17207142857142857,0.45714285714285713,0.08571428571428572,0.45714285714285713,0.144896
2023-12-14,Utilities,9,0.2262777777777778,0.5555555555555556,0.1111111111111111,0.3333333333333333,0.23744666666666667
2023-12-15,Comm,7,-0.021871428571428573,0.0,0.14285714285714285,0.8571428571428571,-0.012758333333333335
2023-12-15,Consumer,18,0.11110555555555555,0.3333333333333333,0.16666666666666666,0.5,0.10830833333333334
2023-12-15,Energy,18,0.05157222222222223,0.2222222222222222,0.2222222222222222,0.5555555555555556,0.003450769230769235
2023-12-15,Financials,17,0.21041176470588235,0.47058823529411764,0.11764705882352941,0.4117647058823529,0.22471809523809524
2023-12-15,Healthcare,1,0.0,0.0,0.0,1.0,0.0
2023-12-15,Industrials,3,0.09866666666666667,0.3333333333333333,0.0,0.6666666666666666,0.074
2023-12-15,Materials,1,-0.2732,0.0,1.0,0.0,-0.2732
2023-12-15,RealEstate,8,0.0964375,0.5,0.125,0.375,0.040225
2023-12-15,Tech,30,0.14267,0.36666666666666664,0.0,0.6333333333333333,0.10970402020202022
2023-12-15,Utilities,5,0.15152000000000002,0.4,0.2,0.4,0.08417777777777778
2023-12-18,Comm,22,0.23895,0.5454545454545454,0.045454545454545456,0.4090909090909091,0.23851742857142857
2023-12-18,Consumer,22,0.06874999999999999,0.22727272727272727,0.09090909090909091,0.6818181818181818,0.06994533333333333
2023-12-18,Energy,34,0.10070588235294117,0.29411764705882354,0.14705882352941177,0.5588235294117647,0.13235892857142859
2023-12-18,Financials,25,0.08958,0.36,0.16,0.48,0.107925
2023-12-18,Healthcare,34,0.15268529411764706,0.35294117647058826,0.08823529411764706,0.5588235294117647,0.16035694871794873
2023-12-18,Industrials,29,0.2583448275862069,0.5862068965517241,0.034482758620689655,0.3793103448275862,0.23579380952380954
2023-12-18,Materials,5,-0.07972,0.2,0.2,0.6,-0.1279375
2023-12-18,RealEstate,10,0.2479,0.7,0.0,0.3,0.24529166666666666
2023-12-18,Tech,102,0.11999803921568628,0.3627450980392157,0.0784313725490196,0.5588235294117647,0.11164903061224489
2023-12-18,Utilities,5,0.10928,0.4,0.0,0.6,0.10245
2023-12-19,Tech,6,0.14781666666666668,0.3333333333333333,0.0,0.6666666666666666,0.14781666666666668
2023-12-20,Tech,5,-0.012939999999999997,0.2,0.4,0.4,-0.012939999999999997
2023-12-21,Tech,8,0.1073375,0.25,0.0,0.75,0.1073375
2023-12-22,Tech,5,0.09534000000000001,0.4,0.2,0.4,0.09534000000000001
2023-12-26,Tech,10,0.21273,0.3,0.0,0.7,0.21273
2023-12-27,Tech,4,0.181675,0.5,0.0,0.5,0.181675
2023-12-28,Tech,10,0.08514999999999999,0.3,0.1,0.6,0.08514999999999999
2023-12-29,Tech,8,0.1398375,0.375,0.0,0.625,0.1398375
