date,sector,sentiment_index,lagged_sentiment_index,rolling_lagged_sentiment
2020-01-03,Comm,0.08685714285714285,0.0,0.0
2020-01-03,Consumer,-0.1025132727272727,0.0,0.0
2020-01-03,Energy,0.055450035087719285,0.0,0.0
2020-01-03,Financials,0.09007809523809525,0.0,0.0
2020-01-03,Healthcare,0.22046571428571432,0.0,0.0
2020-01-03,Industrials,-0.017023333333333335,0.0,0.0
2020-01-03,Materials,0.13148125,0.0,0.0
2020-01-03,RealEstate,-0.027414999999999995,0.0,0.0
2020-01-03,Tech,0.08076517857142856,0.0,0.0
2020-01-03,Utilities,0.18525,0.0,0.0
2020-01-06,Comm,0.1738097222222222,0.08685714285714285,0.04342857142857143
2020-01-06,Consumer,0.10678931372549019,-0.1025132727272727,-0.05125663636363635
2020-01-06,Energy,0.08543969696969697,0.055450035087719285,0.027725017543859642
2020-01-06,Financials,0.284306,0.09007809523809525,0.045039047619047624
2020-01-06,Healthcare,0.32718,0.22046571428571432,0.11023285714285716
2020-01-06,Industrials,0.0735287037037037,-0.017023333333333335,-0.008511666666666667
2020-01-06,Materials,-0.069765,0.13148125,0.065740625
2020-01-06,RealEstate,0.148,-0.027414999999999995,-0.013707499999999997
2020-01-06,Tech,-0.013116666666666676,0.08076517857142856,0.04038258928571428
2020-01-06,Utilities,0.011312500000000003,0.18525,0.092625
2020-01-07,Comm,0.29263333333333336,0.1738097222222222,0.08688895502645504
2020-01-07,Consumer,0.1472385,0.10678931372549019,0.0014253469994058299
2020-01-07,Energy,0.07934999999999999,0.08543969696969697,0.046963244019138754
2020-01-07,Financials,0.140525,0.284306,0.12479469841269841
2020-01-07,Healthcare,0.10863733333333334,0.32718,0.18254857142857142
2020-01-07,Industrials,0.030057142857142855,0.0735287037037037,0.01883512345679012
2020-01-07,Materials,0.12726666666666667,-0.069765,0.020572083333333335
2020-01-07,RealEstate,0.0,0.148,0.040195
2020-01-07,Tech,0.00910267857142857,-0.013116666666666676,0.02254950396825396
2020-01-07,Utilities,0.6369,0.011312500000000003,0.06552083333333333
2020-01-08,Comm,0.1929775,0.29263333333333336,0.1383250496031746
2020-01-08,Consumer,0.0717625,0.1472385,0.03787863524955437
2020-01-08,Energy,-0.018874999999999986,0.07934999999999999,0.055059933014354065
2020-01-08,Financials,0.4676833333333333,0.140525,0.1287272738095238
2020-01-08,Healthcare,0.25715185185185185,0.10863733333333334,0.1640707619047619
2020-01-08,Industrials,0.020342857142857138,0.030057142857142855,0.021640628306878303
2020-01-08,Materials,-0.09959999999999998,0.12726666666666667,0.04724572916666667
2020-01-08,RealEstate,-0.10079999999999999,0.0,0.03014625
2020-01-08,Tech,0.087443125,0.00910267857142857,0.019187797619047615
2020-01-08,Utilities,0.27973333333333333,0.6369,0.208365625
2020-01-09,Comm,0.16018,0.1929775,0.14925553968253968
2020-01-09,Consumer,0.2834562698412698,0.0717625,0.0446554081996435
2020-01-09,Energy,0.10351000000000002,-0.018874999999999986,0.040272946411483254
2020-01-09,Financials,0.26152933333333334,0.4676833333333333,0.1965184857142857
2020-01-09,Healthcare,0.15904444444444446,0.25715185185185185,0.1826869798941799
2020-01-09,Industrials,0.033716666666666666,0.020342857142857138,0.02138107407407407
2020-01-09,Materials,0.04242222222222222,-0.09959999999999998,0.017876583333333338
2020-01-09,RealEstate,0.0,-0.10079999999999999,0.003957000000000002
2020-01-09,Tech,0.09154333333333334,0.087443125,0.03283886309523809
2020-01-09,Utilities,0.074,0.27973333333333333,0.22263916666666667
2020-01-10,Comm,0.03584583333333334,0.16018,0.15107628306878307
2020-01-10,Consumer,0.004144000000000004,0.2834562698412698,0.08445555180658122
2020-01-10,Energy,0.07396200000000001,0.10351000000000002,0.05081245534290271
2020-01-10,Financials,0.21935833333333332,0.26152933333333334,0.20735362698412696
2020-01-10,Healthcare,0.24778000000000003,0.15904444444444446,0.17874655731922398
2020-01-10,Industrials,0.09254999999999998,0.033716666666666666,0.023437006172839503
2020-01-10,Materials,-0.10715,0.04242222222222222,0.02196752314814815
2020-01-10,RealEstate,-0.08412,0.0,0.003297500000000002
2020-01-10,Tech,0.30686583333333334,0.09154333333333334,0.04262294146825396
2020-01-10,Utilities,0.15612083333333332,0.074,0.19786597222222221
2020-01-13,Comm,0.0015479166666666697,0.03584583333333334,0.1346147902494331
2020-01-13,Consumer,0.08908528571428571,0.004144000000000004,0.07298247297706961
2020-01-13,Energy,0.13454349999999998,0.07396200000000001,0.054119533151059475
2020-01-13,Financials,0.19619,0.21935833333333332,0.20906858503401363
2020-01-13,Healthcare,0.13385750000000002,0.24778000000000003,0.188608477702192
2020-01-13,Industrials,0.07404583333333334,0.09254999999999998,0.033310291005290996
2020-01-13,Materials,0.32985,-0.10715,0.003522162698412702
2020-01-13,RealEstate,0.2394666666666667,-0.08412,-0.009190714285714285
2020-01-13,Tech,0.20091575,0.30686583333333334,0.08037192602040817
2020-01-13,Utilities,0.006599999999999999,0.15612083333333332,0.19190238095238096
2020-01-14,Comm,0.0863,0.0015479166666666697,0.1179814310515873
2020-01-14,Consumer,0.042910000000000004,0.08908528571428571,0.07499532456922163
2020-01-14,Energy,0.2138183333333333,0.13454349999999998,0.06417252900717704
2020-01-14,Financials,0.035565476190476196,0.19619,0.2074587619047619
2020-01-14,Healthcare,0.32362499999999994,0.13385750000000002,0.181764605489418
2020-01-14,Industrials,0.14943833333333334,0.07404583333333334,0.038402233796296294
2020-01-14,Materials,0.041999999999999996,0.32985,0.04431314236111111
2020-01-14,RealEstate,0.148,0.2394666666666667,0.021891458333333336
2020-01-14,Tech,0.22985333333333333,0.20091575,0.09543990401785715
2020-01-14,Utilities,0.2927166666666667,0.006599999999999999,0.16873958333333333
2020-01-15,Comm,0.0006972222222222194,0.0863,0.11446127204585538
2020-01-15,Consumer,0.11932547619047619,0.042910000000000004,0.07143028850597478
2020-01-15,Energy,0.08600666666666665,0.2138183333333333,0.08079984059897218
2020-01-15,Financials,0.06089596825396826,0.035565476190476196,0.18835950793650794
2020-01-15,Healthcare,0.22993333333333332,0.32362499999999994,0.19752687154614934
2020-01-15,Industrials,-0.09173124999999997,0.14943833333333334,0.05073957818930041
2020-01-15,Materials,0.17298333333333335,0.041999999999999996,0.044056126543209874
2020-01-15,RealEstate,0.0252875,0.148,0.03590351851851852
2020-01-15,Tech,0.018463666666666666,0.22985333333333333,0.1103747294973545
2020-01-15,Utilities,0.11571250000000001,0.2927166666666667,0.18251481481481482
2020-01-16,Comm,0.1423625,0.0006972222222222194,0.10308486706349207
2020-01-16,Consumer,0.22151928571428572,0.11932547619047619,0.07621980727442493
2020-01-16,Energy,0.17142380952380953,0.08600666666666665,0.08132052320574162
2020-01-16,Financials,0.14342895726495727,0.06089596825396826,0.17561315396825397
2020-01-16,Healthcare,0.12518125000000002,0.22993333333333332,0.20076751772486773
2020-01-16,Industrials,0.2856666666666667,-0.09173124999999997,0.03649249537037037
2020-01-16,Materials,0.1101,0.17298333333333335,0.056948847222222224
2020-01-16,RealEstate,0.24766666666666667,0.0252875,0.034841916666666674
2020-01-16,Tech,0.22213055555555555,0.018463666666666666,0.10118362321428571
2020-01-16,Utilities,0.15306041666666667,0.11571250000000001,0.17583458333333332
2020-01-17,Comm,0.0634,0.1423625,0.10665556096681096
2020-01-17,Consumer,0.08010533333333332,0.22151928571428572,0.08942885076895772
2020-01-17,Energy,0.14109055555555555,0.17142380952380953,0.0895117310528387
2020-01-17,Financials,0.11717999999999999,0.14342895726495727,0.1726873179043179
2020-01-17,Healthcare,0.20040555555555553,0.12518125000000002,0.19389603884078885
2020-01-17,Industrials,0.23608333333333334,0.2856666666666667,0.05914469276094276
2020-01-17,Materials,0.31393333333333334,0.1101,0.06178077020202021
2020-01-17,RealEstate,0.18714999999999998,0.24766666666666667,0.054189621212121224
2020-01-17,Tech,0.07141555777555778,0.22213055555555555,0.11217879888167387
2020-01-17,Utilities,0.15105022222222222,0.15306041666666667,0.17376420454545455
2020-01-21,Comm,-0.027549999999999998,0.0634,0.10305093088624338
2020-01-21,Consumer,0.07009310606060606,0.08010533333333332,0.08865189098265569
2020-01-21,Energy,0.13746714285714287,0.14109055555555555,0.0938099664280651
2020-01-21,Financials,0.19930555555555557,0.11717999999999999,0.16806170807895807
2020-01-21,Healthcare,0.09057404761904761,0.20040555555555553,0.19443849856701942
2020-01-21,Industrials,0.1046862857142857,0.23608333333333334,0.07388957947530865
2020-01-21,Materials,0.012607499999999997,0.31393333333333334,0.0827934837962963
2020-01-21,RealEstate,0.08384444444444444,0.18714999999999998,0.06526965277777778
2020-01-21,Tech,0.017946666666666677,0.07141555777555778,0.10878186212283088
2020-01-21,Utilities,0.17614000000000002,0.15105022222222222,0.17187137268518518
2020-01-22,Comm,0.18275,-0.027549999999999998,0.09300470543345543
2020-01-22,Consumer,0.08442657142857143,0.07009310606060606,0.08722429214249802
2020-01-22,Energy,0.11271666666666667,0.13746714285714287,0.0971682107687634
2020-01-22,Financials,0.02551666666666667,0.19930555555555557,0.17046508096177326
2020-01-22,Healthcare,0.07055520833333334,0.09057404761904761,0.18644892541717542
2020-01-22,Industrials,-0.023519047619047617,0.1046862857142857,0.07625855687830688
2020-01-22,Materials,-0.09866666666666667,0.012607499999999997,0.07739456196581197
2020-01-22,RealEstate,0.017166666666666667,0.08384444444444444,0.0666984829059829
2020-01-22,Tech,0.185395,0.017946666666666677,0.10179453939543362
2020-01-22,Utilities,0.132628125,0.17614000000000002,0.17219972863247865
2020-01-23,Comm,0.17530257142857142,0.18275,0.09941508361678005
2020-01-23,Consumer,0.12958566666666668,0.08442657142857143,0.08702445494864612
2020-01-23,Energy,0.06157333333333333,0.11271666666666667,0.09827881476147078
2020-01-23,Financials,0.032470000000000006,0.02551666666666667,0.16011162279783706
2020-01-23,Healthcare,0.020309999999999998,0.07055520833333334,0.17817080276832956
2020-01-23,Industrials,0.03699404761904762,-0.023519047619047617,0.06913158512849585
2020-01-23,Materials,0.09407,-0.09866666666666667,0.06481875992063492
2020-01-23,RealEstate,0.314,0.017166666666666667,0.06316049603174603
2020-01-23,Tech,0.03489592592592593,0.185395,0.10776600086718836
2020-01-23,Utilities,-0.035124999999999997,0.132628125,0.16937318551587302
2020-01-24,Comm,0.13886280303030302,0.17530257142857142,0.10447424947089946
2020-01-24,Consumer,0.07866423076923076,0.12958566666666668,0.08986186906318082
2020-01-24,Energy,0.18136166666666667,0.06157333333333333,0.0958317826662616
2020-01-24,Financials,-0.044199999999999996,0.032470000000000006,0.15160218127798125
2020-01-24,Healthcare,0.2246453333333333,0.020309999999999998,0.1676467492504409
2020-01-24,Industrials,0.08224222222222223,0.03699404761904762,0.06698908262786597
2020-01-24,Materials,0.14948,0.09407,0.0667688425925926
2020-01-24,RealEstate,0.0903,0.314,0.07988312962962964
2020-01-24,Tech,0.06600430107526882,0.03489592592592593,0.1029079958711042
2020-01-24,Utilities,0.19892800000000002,-0.035124999999999997,0.15573997314814816
2020-01-27,Comm,-0.0454159090909091,0.13886280303030302,0.1066235340683622
2020-01-27,Consumer,0.03644111111111111,0.07866423076923076,0.08916201666980896
2020-01-27,Energy,0.04191166666666666,0.18136166666666667,0.10117740041628692
2020-01-27,Financials,-0.05713333333333332,-0.044199999999999996,0.13936454494810746
2020-01-27,Healthcare,0.2709377777777778,0.2246453333333333,0.1712091607556217
2020-01-27,Industrials,0.06335666666666666,0.08224222222222223,0.06794240385251323
2020-01-27,Materials,-0.0018416666666666685,0.14948,0.07193828993055555
2020-01-27,RealEstate,0.08510000000000001,0.0903,0.08053418402777777
2020-01-27,Tech,-0.17687049999999999,0.06600430107526882,0.10060151494636449
2020-01-27,Utilities,0.00028968253968254115,0.19892800000000002,0.1584392248263889
2020-01-28,Comm,0.04588500000000001,-0.0454159090909091,0.09768003741193447
2020-01-28,Consumer,0.04826642857142858,0.03644111111111111,0.086060786931062
2020-01-28,Energy,0.24658333333333335,0.04191166666666666,0.09769118078395633
2020-01-28,Financials,0.1616607142857143,-0.05713333333333332,0.12780584622566973
2020-01-28,Healthcare,0.18641166666666664,0.2709377777777778,0.1770755499922191
2020-01-28,Industrials,0.005048958333333332,0.06335666666666666,0.06767265460628696
2020-01-28,Materials,0.167525,-0.0018416666666666685,0.06759829248366013
2020-01-28,RealEstate,0.12631666666666666,0.08510000000000001,0.0808027614379085
2020-01-28,Tech,-0.010494230769230777,-0.17687049999999999,0.08427963171422541
2020-01-28,Utilities,0.019550000000000005,0.00028968253968254115,0.14913631057422969
2020-01-29,Comm,0.31587624999999997,0.04588500000000001,0.09480253533349366
2020-01-29,Consumer,0.009240761904761906,0.04826642857142858,0.08396110035552683
2020-01-29,Energy,0.013120833333333335,0.24658333333333335,0.1059629670366995
2020-01-29,Financials,0.19043125000000002,0.1616607142857143,0.12968667222900557
2020-01-29,Healthcare,0.141442,0.18641166666666664,0.17759422314079953
2020-01-29,Industrials,0.013074166666666668,0.005048958333333332,0.06419356036890064
2020-01-29,Materials,0.10520714285714287,0.167525,0.0731497762345679
2020-01-29,RealEstate,0.16463333333333333,0.12631666666666666,0.08333131172839507
2020-01-29,Tech,0.14640099206349208,-0.010494230769230777,0.07901441713181118
2020-01-29,Utilities,0.16526875000000002,0.019550000000000005,0.14193707109788362
2020-01-30,Comm,-0.013312499999999998,0.31587624999999997,0.1064379940001519
2020-01-30,Consumer,0.04419295238095238,0.009240761904761906,0.0800284509633813
2020-01-30,Energy,0.1346214285714286,0.013120833333333335,0.10107653894704864
2020-01-30,Financials,0.03456111111111111,0.19043125000000002,0.1328837552695842
2020-01-30,Healthcare,0.17040454545454545,0.141442,0.17569147455444165
2020-01-30,Industrials,0.13516666666666666,0.013074166666666668,0.06150306596351991
2020-01-30,Materials,-0.03300801282051283,0.10520714285714287,0.0748370060568087
2020-01-30,RealEstate,0.02408,0.16463333333333333,0.08761036549707601
2020-01-30,Tech,-0.04123333333333333,0.14640099206349208,0.0825610789703207
2020-01-30,Utilities,0.21473166666666665,0.16526875000000002,0.143165054197995
2020-01-31,Comm,-0.2358340909090909,-0.013312499999999998,0.1004504693001443
2020-01-31,Consumer,0.025244949494949494,0.04419295238095238,0.07823667603425985
2020-01-31,Energy,0.07983380952380953,0.1346214285714286,0.10275378342826764
2020-01-31,Financials,0.11693928571428572,0.03456111111111111,0.12796762306166057
2020-01-31,Healthcare,0.2794475,0.17040454545454545,0.17542712809944686
2020-01-31,Industrials,0.08330900000000001,0.13516666666666666,0.06518624599867726
2020-01-31,Materials,-0.004168333333333333,-0.03300801282051283,0.06944475511294261
2020-01-31,RealEstate,0.24126666666666666,0.02408,0.08443384722222222
2020-01-31,Tech,0.22208194444444446,-0.04123333333333333,0.076371358355138
2020-01-31,Utilities,0.14127499999999998,0.21473166666666665,0.14674338482142857
2020-02-03,Comm,0.1309225,-0.2358340909090909,0.08443691881399024
2020-02-03,Consumer,0.14832285714285715,0.025244949494949494,0.0757132604847689
2020-02-03,Energy,0.05148243589743588,0.07983380952380953,0.10166235609948393
2020-02-03,Financials,0.0962375,0.11693928571428572,0.127442464140357
2020-02-03,Healthcare,0.11825192780337941,0.2794475,0.18038047914233032
2020-02-03,Industrials,0.09446466666666667,0.08330900000000001,0.06604923428445453
2020-02-03,Materials,0.1773375,-0.004168333333333333,0.06593936994883423
2020-02-03,RealEstate,0.085,0.24126666666666666,0.09190207671957673
2020-02-03,Tech,0.09122777777777778,0.22208194444444446,0.08330995769272402
2020-02-03,Utilities,0.25201250000000003,0.14127499999999998,0.1464829855442177
2020-02-04,Comm,0.11257899999999998,0.1309225,0.090671323575895
2020-02-04,Consumer,0.1401240909090909,0.14832285714285715,0.0827762536820478
2020-02-04,Energy,0.1017411111111111,0.05148243589743588,0.10411390066602849
2020-02-04,Financials,0.3453875,0.0962375,0.1320252022355951
2020-02-04,Healthcare,0.22772440476190475,0.11825192780337941,0.18601152332344362
2020-02-04,Industrials,0.19714791666666667,0.09446466666666667,0.07054755174477198
2020-02-04,Materials,0.0676375,0.1773375,0.0743840128059771
2020-02-04,RealEstate,0.06497916666666667,0.085,0.09594969576719577
2020-02-04,Tech,0.07460800000000001,0.09122777777777778,0.08765413758690391
2020-02-04,Utilities,0.1489375,0.25201250000000003,0.15848358078231292
2020-02-05,Comm,-0.008172916666666662,0.11257899999999998,0.09189617391603105
2020-02-05,Consumer,0.018743749999999997,0.1401240909090909,0.09433041385520798
2020-02-05,Energy,0.504522857142857,0.1017411111111111,0.10631823761952333
2020-02-05,Financials,-0.24533333333333332,0.3453875,0.14418279293854294
2020-02-05,Healthcare,0.16506785714285713,0.22772440476190475,0.18635717525088125
2020-02-05,Industrials,0.08364833333333332,0.19714791666666667,0.08074618269715293
2020-02-05,Materials,0.08045,0.0676375,0.07134383423454851
2020-02-05,RealEstate,0.0,0.06497916666666667,0.100349417989418
2020-02-05,Tech,0.10227187500000001,0.07460800000000001,0.08736093860731207
2020-02-05,Utilities,0.03190333333333333,0.1489375,0.15675441411564628
2020-02-06,Comm,0.06914000000000001,-0.008172916666666662,0.08323033396894111
2020-02-06,Consumer,0.16325416666666664,0.018743749999999997,0.09013776796351795
2020-02-06,Energy,0.23407083333333334,0.504522857142857,0.12627457858015
2020-02-06,Financials,0.2713986666666667,-0.24533333333333332,0.11896187230362229
2020-02-06,Healthcare,0.22736007692307694,0.16506785714285713,0.17863754940054113
2020-02-06,Industrials,-0.012866666666666667,0.08364833333333332,0.08122806982237339
2020-02-06,Materials,0.06415138888888888,0.08045,0.07849692947264376
2020-02-06,RealEstate,0.308725,0.0,0.09330179894179895
2020-02-06,Tech,0.2868725,0.10227187500000001,0.09285563106762953
2020-02-06,Utilities,0.18895,0.03190333333333333,0.15773492998866212
2020-02-07,Comm,0.04096999999999999,0.06914000000000001,0.07258779428640143
2020-02-07,Consumer,0.19973125,0.16325416666666664,0.09090041875716875
2020-02-07,Energy,0.22275299999999998,0.23407083333333334,0.13364223731030872
2020-02-07,Financials,0.06998333333333333,0.2713986666666667,0.12519395166870165
2020-02-07,Healthcare,0.27210303030303035,0.22736007692307694,0.18429101338100512
2020-02-07,Industrials,-0.0022499999999999964,-0.012866666666666667,0.07918407889266818
2020-02-07,Materials,0.012288888888888886,0.06415138888888888,0.07549144005465434
2020-02-07,RealEstate,0.0,0.308725,0.10800298941798941
2020-02-07,Tech,0.1875942857142857,0.2868725,0.10608276542137103
2020-02-07,Utilities,0.17757291666666666,0.18895,0.13640397760770975
2020-02-10,Comm,0.11424999999999999,0.04096999999999999,0.06534934190544904
2020-02-10,Consumer,-0.006942857142857142,0.19973125,0.09699416875716875
2020-02-10,Energy,0.05099333333333335,0.22275299999999998,0.14514833254840398
2020-02-10,Financials,0.2404611111111111,0.06998333333333333,0.10625585643060645
2020-02-10,Healthcare,0.024887499999999996,0.27210303030303035,0.18500297425963266
2020-02-10,Industrials,0.10722916666666667,-0.0022499999999999964,0.07810822855253212
2020-02-10,Materials,0.23231333333333332,0.012288888888888886,0.08081948238269668
2020-02-10,RealEstate,0.10565833333333333,0.0,0.11280298941798941
2020-02-10,Tech,0.15818833333333335,0.1875942857142857,0.1108518683125275
2020-02-10,Utilities,0.14358125,0.17757291666666666,0.131539195861678
2020-02-11,Comm,-0.032639117647058805,0.11424999999999999,0.0631621990483062
2020-02-11,Consumer,0.04548616666666667,-0.006942857142857142,0.08316563890078175
2020-02-11,Energy,0.09527314285714285,0.05099333333333335,0.14264753889761034
2020-02-11,Financials,0.3256089285714286,0.2404611111111111,0.10525260775335778
2020-02-11,Healthcare,-0.006330555555555543,0.024887499999999996,0.1786145483337067
2020-02-11,Industrials,-0.008904166666666657,0.10722916666666667,0.08160882379062737
2020-02-11,Materials,0.11732800000000002,0.23231333333333332,0.08986191624513053
2020-02-11,RealEstate,0.07745555555555557,0.10565833333333333,0.11783433862433863
2020-02-11,Tech,0.04540538961038962,0.15818833333333335,0.11402543974109891
2020-02-11,Utilities,0.21769464285714285,0.14358125,0.13485258871882086
2020-02-12,Comm,0.15365222222222222,-0.032639117647058805,0.05990101090638275
2020-02-12,Consumer,0.05834264705882353,0.04548616666666667,0.08513431350395637
2020-02-12,Energy,0.03376749999999999,0.09527314285714285,0.14366235522414095
2020-02-12,Financials,0.06721666666666666,0.3256089285714286,0.11031215990755278
2020-02-12,Healthcare,0.20110104166666665,-0.006330555555555543,0.1665140456882041
2020-02-12,Industrials,0.07436000000000001,-0.008904166666666657,0.07677767299697658
2020-02-12,Materials,0.074,0.11732800000000002,0.1005513448165591
2020-02-12,RealEstate,0.31738333333333335,0.07745555555555557,0.1255284126984127
2020-02-12,Tech,0.0133675,0.04540538961038962,0.10157494242095876
2020-02-12,Utilities,0.34718194444444445,0.21769464285714285,0.13778467488662133
2020-02-13,Comm,0.09172261904761905,0.15365222222222222,0.06714407307569492
2020-02-13,Consumer,-0.013982245098039225,0.05834264705882353,0.08367037832988673
2020-02-13,Energy,0.121615625,0.03376749999999999,0.13886349808128381
2020-02-13,Financials,0.08528,0.06721666666666666,0.10417057260596546
2020-02-13,Healthcare,0.08153333333333333,0.20110104166666665,0.1697161191009025
2020-02-13,Industrials,0.0353375,0.07436000000000001,0.07679263331443689
2020-02-13,Materials,0.045804761904761904,0.074,0.08836801148322578
2020-02-13,RealEstate,0.138515,0.31738333333333335,0.1292387301587302
2020-02-13,Tech,-0.046186363636363637,0.0133675,0.09264407337333969
2020-02-13,Utilities,0.2005325,0.34718194444444445,0.15400286271730915
2020-02-14,Comm,0.6249,0.09172261904761905,0.06740229303034344
2020-02-14,Consumer,-0.05277816666666666,-0.013982245098039225,0.08096122380140869
2020-02-14,Energy,0.113125,0.121615625,0.13447289292255363
2020-02-14,Financials,0.2034,0.08528,0.10653793088260946
2020-02-14,Healthcare,0.3236875,0.08153333333333333,0.1581879444977279
2020-02-14,Industrials,0.19194499999999998,0.0353375,0.07135926029856388
2020-02-14,Materials,-0.027325,0.045804761904761904,0.08854919062154776
2020-02-14,RealEstate,0.11865,0.138515,0.1287870634920635
2020-02-14,Tech,0.024656586021505375,-0.046186363636363637,0.07949932589859222
2020-02-14,Utilities,0.158316875,0.2005325,0.14961314049508692
2020-02-18,Comm,0.04021809523809524,0.6249,0.09712623482928524
2020-02-18,Consumer,0.19439710317460318,-0.05277816666666666,0.07276581223678283
2020-02-18,Energy,0.14617833333333333,0.113125,0.13576424212890284
2020-02-18,Financials,-0.005482857142857142,0.2034,0.11332383715623003
2020-02-18,Healthcare,0.11268976715686274,0.3236875,0.16265242862471202
2020-02-18,Industrials,0.006366666666666666,0.19194499999999998,0.08486765315570673
2020-02-18,Materials,0.12242444444444445,-0.027325,0.0790106985580557
2020-02-18,RealEstate,0.1324125,0.11865,0.13323289682539682
2020-02-18,Tech,-0.04732047619047619,0.024656586021505375,0.07979422682025121
2020-02-18,Utilities,0.27051180555555554,0.158316875,0.1516419202569917
2020-02-19,Comm,0.18420416666666664,0.04021809523809524,0.09226221555490882
2020-02-19,Consumer,0.1574477142857143,0.19439710317460318,0.07147427973489318
2020-02-19,Energy,0.24769583333333334,0.14617833333333333,0.134562076596023
2020-02-19,Financials,0.04995,-0.005482857142857142,0.10623279837490551
2020-02-19,Healthcare,0.24066722222222223,0.11268976715686274,0.16205759610837217
2020-02-19,Industrials,0.22269166666666668,0.006366666666666666,0.07156765315570672
2020-02-19,Materials,0.024666666666666667,0.12242444444444445,0.079597576864934
2020-02-19,RealEstate,0.0,0.1324125,0.12774460317460318
2020-02-19,Tech,-0.012978253968253972,-0.04732047619047619,0.06696322530853542
2020-02-19,Utilities,0.17388181818181817,0.27051180555555554,0.15723484353741496
2020-02-20,Comm,0.06464166666666667,0.18420416666666664,0.09801479491998821
2020-02-20,Consumer,0.06387014285714285,0.1574477142857143,0.07515725025643513
2020-02-20,Energy,0.285525,0.24769583333333334,0.13963851839496483
2020-02-20,Financials,0.1831048611111111,0.04995,0.10303136980347695
2020-02-20,Healthcare,0.11158999999999998,0.24066722222222223,0.16397481833059438
2020-02-20,Industrials,0.08627083333333334,0.22269166666666668,0.07092995474300831
2020-02-20,Materials,0.07668787878787879,0.024666666666666667,0.06582297369033083
2020-02-20,RealEstate,0.05811708333333333,0.0,0.11883269841269842
2020-02-20,Tech,0.041481333333333335,-0.012978253968253972,0.0629444723683539
2020-02-20,Utilities,0.10578635897435898,0.17388181818181817,0.15832206239263383
2020-02-21,Comm,-0.06630555555555556,0.06464166666666667,0.10240487428506755
2020-02-21,Consumer,0.08548472222222223,0.06387014285714285,0.07486091867531783
2020-02-21,Energy,0.07205833333333334,0.285525,0.1466888925446247
2020-02-21,Financials,0.2816715,0.1831048611111111,0.1022599081632653
2020-02-21,Healthcare,0.07995625,0.11158999999999998,0.1649755779677826
2020-02-21,Industrials,0.11362999999999998,0.08627083333333334,0.07005302843915344
2020-02-21,Materials,0.14083333333333334,0.07668787878787879,0.06887442029927744
2020-02-21,RealEstate,0.024737500000000003,0.05811708333333333,0.11760758597883597
2020-02-21,Tech,-0.2589611428571429,0.041481333333333335,0.06406517078105231
2020-02-21,Utilities,0.39232,0.10578635897435898,0.1549718890104604
2020-02-24,Comm,0.04713888888888889,-0.06630555555555556,0.0905450859252792
2020-02-24,Consumer,-0.0021578571428571445,0.08548472222222223,0.07491130680834883
2020-02-24,Energy,-0.14663821428571427,0.07205833333333334,0.14475278143351356
2020-02-24,Financials,-0.001976666666666663,0.2816715,0.11445775736961454
2020-02-24,Healthcare,0.1128396638655462,0.07995625,0.16542324661857624
2020-02-24,Industrials,0.07081833333333334,0.11362999999999998,0.0765839354686319
2020-02-24,Materials,0.06621083333333334,0.14083333333333334,0.08027918220403935
2020-02-24,RealEstate,0.08034166666666666,0.024737500000000003,0.11796810185185186
2020-02-24,Tech,-0.009185303030303033,-0.2589611428571429,0.0429053544545217
2020-02-24,Utilities,0.056410666666666665,0.39232,0.1673381687723652
2020-02-25,Comm,0.20084444444444446,0.04713888888888889,0.08444205342338955
2020-02-25,Consumer,0.16376858974358974,-0.0021578571428571445,0.06863780567456199
2020-02-25,Energy,-0.033855,-0.14663821428571427,0.13483794583260655
2020-02-25,Financials,0.25816133333333335,-0.001976666666666663,0.11281743990929707
2020-02-25,Healthcare,0.19953,0.1128396638655462,0.16982942108836416
2020-02-25,Industrials,-0.0011000000000000038,0.07081833333333334,0.07819461574074074
2020-02-25,Materials,0.047772222222222216,0.06621083333333334,0.07895255521991236
2020-02-25,RealEstate,0.034115625000000004,0.08034166666666666,0.10684151455026455
2020-02-25,Tech,0.019905000000000006,-0.009185303030303033,0.04080624831374889
2020-02-25,Utilities,0.20475416666666665,0.056410666666666665,0.17169701004220647
2020-02-26,Comm,0.15698333333333334,0.20084444444444446,0.0873935601573963
2020-02-26,Consumer,0.09767285714285714,0.16376858974358974,0.0726903941971505
2020-02-26,Energy,0.2228217142857143,-0.033855,0.12458953313419385
2020-02-26,Financials,0.16362933333333335,0.25816133333333335,0.12721559863945578
2020-02-26,Healthcare,0.0448771568627451,0.19953,0.1686334528343959
2020-02-26,Industrials,0.0744388888888889,-0.0011000000000000038,0.07422593849206349
2020-02-26,Materials,0.0717,0.047772222222222216,0.07410932770668485
2020-02-26,RealEstate,0.023012999999999995,0.034115625000000004,0.10416606812169313
2020-02-26,Tech,0.2120025,0.019905000000000006,0.03861104350064085
2020-02-26,Utilities,0.15936666666666666,0.20475416666666665,0.171974446550143
2020-02-27,Comm,0.164925,0.15698333333333334,0.09703161932045547
2020-02-27,Consumer,0.09610866666666666,0.09767285714285714,0.07560619162723364
2020-02-27,Energy,0.08371033333333333,0.2228217142857143,0.13320429730652947
2020-02-27,Financials,0.07106000000000001,0.16362933333333335,0.13772810657596374
2020-02-27,Healthcare,0.03854799999999999,0.0448771568627451,0.1578686613622515
2020-02-27,Industrials,0.14307916666666665,0.0744388888888889,0.07475366335978835
2020-02-27,Materials,0.06768035714285714,0.0717,0.07761131183366897
2020-02-27,RealEstate,0.12939333333333333,0.023012999999999995,0.10120954431216932
2020-02-27,Tech,-0.090316,0.2120025,0.05712880540540276
2020-02-27,Utilities,0.29736583333333333,0.15936666666666666,0.17954954103238033
2020-02-28,Comm,-0.09630999999999999,0.164925,0.10270019074902689
2020-02-28,Consumer,-0.08106357142857142,0.09610866666666666,0.0778843934412926
2020-02-28,Energy,0.08607138888888889,0.08371033333333333,0.12544844016367232
2020-02-28,Financials,-0.044215625000000015,0.07106000000000001,0.13341378684807256
2020-02-28,Healthcare,-0.024808000000000004,0.03854799999999999,0.15082753437812452
2020-02-28,Industrials,0.10314374999999999,0.14307916666666665,0.08132653042328043
2020-02-28,Materials,0.12376944444444445,0.06768035714285714,0.0728568050309479
2020-02-28,RealEstate,-0.002707777777777781,0.12939333333333333,0.10135605224867723
2020-02-28,Tech,0.2863,-0.090316,0.05332776877536612
2020-02-28,Utilities,-0.049600000000000005,0.29736583333333333,0.19277886642920572
2020-03-02,Comm,0.12158333333333332,-0.09630999999999999,0.08307227408236022
2020-03-02,Consumer,0.05835970085470086,-0.08106357142857142,0.07358418709208625
2020-03-02,Energy,0.05180625,0.08607138888888889,0.12892227614250829
2020-03-02,Financials,0.15655833333333335,-0.044215625000000015,0.12224012613378685
2020-03-02,Healthcare,0.19403901785714286,-0.024808000000000004,0.14291086771145783
2020-03-02,Industrials,-0.00715,0.10314374999999999,0.08561555820105819
2020-03-02,Materials,0.031938333333333326,0.12376944444444445,0.07374072415415273
2020-03-02,RealEstate,0.15852444444444447,-0.002707777777777781,0.09338742791005292
2020-03-02,Tech,0.06786600000000001,0.2863,0.05998962629615222
2020-03-02,Utilities,0.22934666666666664,-0.049600000000000005,0.18254702119111046
2020-03-03,Comm,0.050289999999999994,0.12158333333333332,0.08949588519347132
2020-03-03,Consumer,0.18419,0.05835970085470086,0.07425879416226475
2020-03-03,Energy,0.05448088888888889,0.05180625,0.12497869621053548
2020-03-03,Financials,-0.08367833333333333,0.15655833333333335,0.12804951766817838
2020-03-03,Healthcare,0.37418615384615384,0.19403901785714286,0.1440363187782482
2020-03-03,Industrials,0.18,-0.00715,0.07883857407407407
2020-03-03,Materials,0.16643,0.031938333333333326,0.07683340730433588
2020-03-03,RealEstate,0.15634166666666668,0.15852444444444447,0.09978954431216931
2020-03-03,Tech,0.002538000000000001,0.06786600000000001,0.06518483264535856
2020-03-03,Utilities,0.0071874999999999994,0.22934666666666664,0.18324297357206287
2020-03-04,Comm,0.12637083333333332,0.050289999999999994,0.10312084190342803
2020-03-04,Consumer,0.13762444444444444,0.18419,0.08182760609107669
2020-03-04,Energy,0.22001666666666667,0.05448088888888889,0.12377141427553925
2020-03-04,Financials,0.10631766666666667,-0.08367833333333333,0.11849629771352985
2020-03-04,Healthcare,0.42545099999999997,0.37418615384615384,0.14854768324711265
2020-03-04,Industrials,0.14631361904761903,0.18,0.0834429074074074
2020-03-04,Materials,0.29361666666666664,0.16643,0.08495713746306603
2020-03-04,RealEstate,0.4655500000000001,0.15634166666666668,0.09574549669312168
2020-03-04,Tech,0.3957859523809524,0.002538000000000001,0.054730359100385026
2020-03-04,Utilities,0.5907116666666666,0.0071874999999999994,0.1768578545244438
2020-03-05,Comm,0.181035,0.12637083333333332,0.102904095871682
2020-03-05,Consumer,0.07891594805194804,0.13762444444444444,0.08131815786734274
2020-03-05,Energy,0.06623000000000001,0.22001666666666667,0.1317968538359788
2020-03-05,Financials,0.078685,0.10631766666666667,0.11897630565003778
2020-03-05,Healthcare,0.12682660256410255,0.42545099999999997,0.1631762104945708
2020-03-05,Industrials,0.15390083333333332,0.14631361904761903,0.08591190513983371
2020-03-05,Materials,0.07202222222222222,0.29361666666666664,0.0904942406376692
2020-03-05,RealEstate,0.3723666666666667,0.4655500000000001,0.11386692526455026
2020-03-05,Tech,0.14698033333333332,0.3957859523809524,0.06923312931958382
2020-03-05,Utilities,0.09324166666666667,0.5907116666666666,0.19298638627047557
2020-03-06,Comm,0.0698625,0.181035,0.10616390539549155
2020-03-06,Consumer,-0.03047081043956043,0.07891594805194804,0.07840348439795498
2020-03-06,Energy,-0.0073595238095238045,0.06623000000000001,0.13010584854497353
2020-03-06,Financials,-0.0004887499999999961,0.078685,0.10627618660241875
2020-03-06,Healthcare,0.11019090909090908,0.12682660256410255,0.15837155324705637
2020-03-06,Industrials,0.058158333333333326,0.15390083333333332,0.0838525202191988
2020-03-06,Materials,-0.018600000000000005,0.07202222222222222,0.0907030369339655
2020-03-06,RealEstate,0.050575,0.3723666666666667,0.12850442526455025
2020-03-06,Tech,0.04415753846153846,0.14698033333333332,0.0726794309068854
2020-03-06,Utilities,0.1729125,0.09324166666666667,0.190334203730793
2020-03-09,Comm,-0.013662499999999998,0.0698625,0.10987987761771374
2020-03-09,Consumer,0.05611935897435898,-0.03047081043956043,0.07605993390083306
2020-03-09,Energy,-0.09956684210526315,-0.0073595238095238045,0.10573049707105066
2020-03-09,Financials,0.20983133333333334,-0.0004887499999999961,0.11793545247543465
2020-03-09,Healthcare,0.11973799999999998,0.11019090909090908,0.1557583652445827
2020-03-09,Industrials,-0.098977,0.058158333333333326,0.08263871069538926
2020-03-09,Materials,0.06842916666666665,-0.018600000000000005,0.08598637026729883
2020-03-09,RealEstate,0.13368750000000001,0.050575,0.1309127585978836
2020-03-09,Tech,-0.11020666666666665,0.04415753846153846,0.06991208154791104
2020-03-09,Utilities,-0.21495416666666667,0.1729125,0.1970489259530152
2020-03-10,Comm,-0.044323999999999995,-0.013662499999999998,0.10593690142723758
2020-03-10,Consumer,-0.01024626262626262,0.05611935897435898,0.07095827639167555
2020-03-10,Energy,0.008469864734299514,-0.09956684210526315,0.08984298871683176
2020-03-10,Financials,0.11389333333333332,0.20983133333333334,0.11500367469765685
2020-03-10,Healthcare,0.16528125,0.11973799999999998,0.15063350443872187
2020-03-10,Industrials,-0.08950333333333334,-0.098977,0.0785382186318972
2020-03-10,Materials,0.07413541666666666,0.06842916666666665,0.08619007397100253
2020-03-10,RealEstate,0.09866666666666667,0.13368750000000001,0.12257763955026454
2020-03-10,Tech,0.272895,-0.11020666666666665,0.0510035498018793
2020-03-10,Utilities,0.27871250000000003,-0.21495416666666667,0.17781539420698347
2020-03-11,Comm,0.027750000000000004,-0.044323999999999995,0.10187528237961851
2020-03-11,Consumer,-0.039951071428571426,-0.01024626262626262,0.060959347218996374
2020-03-11,Energy,0.03261601190476191,0.008469864734299514,0.07963902989465554
2020-03-11,Financials,0.18409,0.11389333333333332,0.11709462707860922
2020-03-11,Healthcare,0.24613083333333333,0.16528125,0.14554675299572042
2020-03-11,Industrials,0.19348095238095242,-0.08950333333333334,0.07438329799697657
2020-03-11,Materials,0.1188277777777778,0.07413541666666666,0.0891351467223253
2020-03-11,RealEstate,0.30446,0.09866666666666667,0.12727605224867725
2020-03-11,Tech,0.07748833333333334,0.272895,0.05506548857738949
2020-03-11,Utilities,0.04209166666666667,0.27871250000000003,0.18263156484190413
2020-03-12,Comm,-0.00692,0.027750000000000004,0.0977562347605709
2020-03-12,Consumer,0.04935908888888889,-0.039951071428571426,0.05938752749110522
2020-03-12,Energy,0.06268815789473683,0.03261601190476191,0.07876391935043785
2020-03-12,Financials,0.00711619047619047,0.18409,0.11441028845427062
2020-03-12,Healthcare,-0.14734066666666668,0.24613083333333333,0.15608214982111726
2020-03-12,Industrials,-0.17304999999999998,0.19348095238095242,0.07849052588813303
2020-03-12,Materials,-0.08786000000000001,0.1188277777777778,0.08373107264825122
2020-03-12,RealEstate,0.024137499999999992,0.30446,0.13674279828042327
2020-03-12,Tech,-0.04570857142857144,0.07748833333333334,0.05122263143453235
2020-03-12,Utilities,0.0020351190476190426,0.04209166666666667,0.17779872754031684
2020-03-13,Comm,0.13042166666666666,-0.00692,0.09898095464852608
2020-03-13,Consumer,0.059662037037037034,0.04935908888888889,0.059571952358830095
2020-03-13,Energy,0.2084266106442577,0.06268815789473683,0.0772122533998471
2020-03-13,Financials,-0.1996966666666667,0.00711619047619047,0.09924396759259257
2020-03-13,Healthcare,0.009949999999999994,-0.14734066666666668,0.14936738262535007
2020-03-13,Industrials,0.04446,-0.17304999999999998,0.07067405763416479
2020-03-13,Materials,0.1404111111111111,-0.08786000000000001,0.07396021550539407
2020-03-13,RealEstate,0.148,0.024137499999999992,0.13420384325396825
2020-03-13,Tech,-0.011568928571428577,-0.04570857142857144,0.04688387138505802
2020-03-13,Utilities,0.1466625,0.0020351190476190426,0.16752922640652995
2020-03-16,Comm,-0.015389166666666662,0.13042166666666666,0.09787473771730915
2020-03-16,Consumer,-0.13602125724637681,0.059662037037037034,0.05963478045303073
2020-03-16,Energy,0.0006908431372549013,0.2084266106442577,0.08552935390671651
2020-03-16,Financials,-0.05933083333333333,-0.1996966666666667,0.08653380886243386
2020-03-16,Healthcare,0.00537166666666667,0.009949999999999994,0.1402649520697945
2020-03-16,Industrials,0.060704999999999995,0.04446,0.06925024811035525
2020-03-16,Materials,-0.004050000000000019,0.1404111111111111,0.07712264936782794
2020-03-16,RealEstate,0.06238229166666666,0.148,0.12613797023809525
2020-03-16,Tech,-0.10528666666666667,-0.011568928571428577,0.045696422405466175
2020-03-16,Utilities,0.24945047619047617,0.1466625,0.157980681432985
2020-03-17,Comm,0.06483249999999999,-0.015389166666666662,0.09277417649281934
2020-03-17,Consumer,0.051671619047619056,-0.13602125724637681,0.053823398922157505
2020-03-17,Energy,0.025996000000000002,0.0006908431372549013,0.07977103096087151
2020-03-17,Financials,-0.11708,-0.05933083333333333,0.0796475787037037
2020-03-17,Healthcare,0.31710000000000005,0.00537166666666667,0.13663820603804847
2020-03-17,Industrials,0.0031611111111111076,0.060704999999999995,0.07045822430083144
2020-03-17,Materials,0.17584722222222224,-0.004050000000000019,0.07474861308664879
2020-03-17,RealEstate,0.1837,0.06238229166666666,0.12251260317460319
2020-03-17,Tech,0.12160083333333334,-0.10528666666666667,0.042882122261166035
2020-03-17,Utilities,0.23060833333333336,0.24945047619047617,0.16031010887062674
2020-03-18,Comm,-0.03310499999999999,0.06483249999999999,0.0661042955404384
2020-03-18,Consumer,0.03006417027417029,0.051671619047619056,0.0587971982418854
2020-03-18,Energy,0.018742857142857148,0.025996000000000002,0.0756220309608715
2020-03-18,Financials,0.033416666666666664,-0.11708,0.06438662632275133
2020-03-18,Healthcare,0.09468541666666667,0.31710000000000005,0.13632451556185798
2020-03-18,Industrials,-0.004995238095238097,0.0031611111111111076,0.061468515306122455
2020-03-18,Materials,-0.039566666666666674,0.17584722222222224,0.08442348081151653
2020-03-18,RealEstate,0.0,0.1837,0.12561022222222223
2020-03-18,Tech,-0.10072952380952382,0.12160083333333334,0.0474985149903007
2020-03-18,Utilities,0.31138750000000004,0.23060833333333336,0.1637525592674521
2020-03-19,Comm,0.03651833333333333,-0.03310499999999999,0.06261271957671959
2020-03-19,Consumer,0.021880500000000004,0.03006417027417029,0.05097182048472194
2020-03-19,Energy,-0.058077500000000004,0.018742857142857148,0.0695536749518012
2020-03-19,Financials,-0.22874166666666665,0.033416666666666664,0.06623898459939531
2020-03-19,Healthcare,0.1559375,0.09468541666666667,0.13546716553851534
2020-03-19,Industrials,0.020477777777777775,-0.004995238095238097,0.06092747222222222
2020-03-19,Materials,0.14099333333333333,-0.039566666666666674,0.07670961837765408
2020-03-19,RealEstate,0.21692222222222224,0.0,0.11930486507936508
2020-03-19,Tech,-0.10737666666666665,-0.10072952380952382,0.04495522700844129
2020-03-19,Utilities,0.23957777777777778,0.31138750000000004,0.16569902090766378
2020-03-20,Comm,0.023291666666666665,0.03651833333333333,0.05558006084656084
2020-03-20,Consumer,0.046295396103896116,0.021880500000000004,0.04451623885206887
2020-03-20,Energy,-0.10680738461538461,-0.058077500000000004,0.05499304003116629
2020-03-20,Financials,-0.05972666666666667,-0.22874166666666665,0.05296795285336357
2020-03-20,Healthcare,0.07375416666666666,0.1559375,0.13143241686126667
2020-03-20,Industrials,0.13310619047619046,0.020477777777777775,0.051298239417989416
2020-03-20,Materials,0.10615000000000001,0.14099333333333333,0.08224898345701917
2020-03-20,RealEstate,0.082725,0.21692222222222224,0.1296344947089947
2020-03-20,Tech,0.19086,-0.10737666666666665,0.040460064498993066
2020-03-20,Utilities,0.11968958333333332,0.23957777777777778,0.1688273999360428
2020-03-23,Comm,0.16331284415584416,0.023291666666666665,0.05361101322751322
2020-03-23,Consumer,0.05063993281228574,0.046295396103896116,0.04367934614953332
2020-03-23,Energy,-0.13521555555555556,-0.10680738461538461,0.03631054552567179
2020-03-23,Financials,-0.02157,-0.05972666666666667,0.041404546768707494
2020-03-23,Healthcare,0.055805411255411254,0.07375416666666666,0.1296307105120603
2020-03-23,Industrials,0.012568333333333325,0.13310619047619046,0.05352849452003024
2020-03-23,Materials,0.17433285714285712,0.10615000000000001,0.08365194160997733
2020-03-23,RealEstate,0.05378749999999999,0.082725,0.13080630026455026
2020-03-23,Tech,0.18370166666666665,0.19086,0.04757333434026291
2020-03-23,Utilities,-0.018350357142857154,0.11968958333333332,0.1694894582388511
2020-03-24,Comm,0.2189259523809524,0.16331284415584416,0.06454522273757989
2020-03-24,Consumer,0.1969957326007326,0.05063993281228574,0.04202007046334586
2020-03-24,Energy,0.11338933333333331,-0.13521555555555556,0.0264403603404866
2020-03-24,Financials,0.39868000000000003,-0.02157,0.026964475340136056
2020-03-24,Healthcare,0.27379619047619047,0.055805411255411254,0.1284806705718418
2020-03-24,Industrials,0.2409971111111111,0.012568333333333325,0.04871603420256991
2020-03-24,Materials,0.31854,0.17433285714285712,0.08524715702947845
2020-03-24,RealEstate,0.06564375,0.05378749999999999,0.1321896335978836
2020-03-24,Tech,0.43833520833333334,0.18370166666666665,0.0686525157461586
2020-03-24,Utilities,0.38545,-0.018350357142857154,0.14993372694633408
2020-03-25,Comm,0.17759866666666665,0.2189259523809524,0.07272555909434482
2020-03-25,Consumer,0.17013257142857144,0.1969957326007326,0.05150357473685013
2020-03-25,Energy,0.21201111111111112,0.11338933333333331,0.0388226245128222
2020-03-25,Financials,0.021131250000000004,0.39868000000000003,0.04604336422902494
2020-03-25,Healthcare,0.18096380952380953,0.27379619047619047,0.13614526707711055
2020-03-25,Industrials,0.07593125,0.2409971111111111,0.05681978552532124
2020-03-25,Materials,0.123475,0.31854,0.09726283163265306
2020-03-25,RealEstate,0.07693333333333334,0.06564375,0.13148973280423282
2020-03-25,Tech,0.0363425,0.43833520833333334,0.08996301628728413
2020-03-25,Utilities,0.3668125,0.38545,0.16560226662887376
2020-03-26,Comm,0.12920166666666666,0.17759866666666665,0.071618617295403
2020-03-26,Consumer,0.0860754761904762,0.17013257142857144,0.05180662148375402
2020-03-26,Energy,0.175266,0.21201111111111112,0.050530534565732255
2020-03-26,Financials,0.21854800000000002,0.021131250000000004,0.03475621740362812
2020-03-26,Healthcare,0.26740909090909093,0.18096380952380953,0.13526116276872052
2020-03-26,Industrials,0.1879857142857143,0.07593125,0.060487940287226
2020-03-26,Materials,0.12073833333333332,0.123475,0.10086772581254723
2020-03-26,RealEstate,0.38674166666666665,0.07693333333333334,0.13352867129629628
2020-03-26,Tech,0.293434,0.0363425,0.09074575438252223
2020-03-26,Utilities,0.12445000000000002,0.3668125,0.17331933012093725
2020-03-27,Comm,0.18954888888888888,0.12920166666666666,0.07029568078746651
2020-03-27,Consumer,0.04583217948717948,0.0860754761904762,0.05125436524792636
2020-03-27,Energy,0.28984471428571423,0.175266,0.048265976742603
2020-03-27,Financials,0.15099666666666667,0.21854800000000002,0.03737139200680272
2020-03-27,Healthcare,0.2887766666666667,0.26740909090909093,0.14585792153283222
2020-03-27,Industrials,0.22001666666666667,0.1879857142857143,0.06589493197278912
2020-03-27,Materials,0.32342499999999996,0.12073833333333332,0.10320288454270597
2020-03-27,RealEstate,0.5041833333333333,0.38674166666666665,0.150849083994709
2020-03-27,Tech,0.3283,0.293434,0.09462344485871271
2020-03-27,Utilities,0.4932744444444444,0.12445000000000002,0.17165663170823886
2020-03-30,Comm,0.22887375000000001,0.18954888888888888,0.07146824692503263
2020-03-30,Consumer,0.06934949122807017,0.04583217948717948,0.04886024681080793
2020-03-30,Energy,0.12272133333333332,0.28984471428571423,0.058081899645097336
2020-03-30,Financials,-0.18326533333333334,0.15099666666666667,0.04117789994331066
2020-03-30,Healthcare,0.14428057142857142,0.2887766666666667,0.15777357232648304
2020-03-30,Industrials,0.01895561904761905,0.22001666666666667,0.06955862244897959
2020-03-30,Materials,0.03359833333333334,0.32342499999999996,0.11538120086923657
2020-03-30,RealEstate,0.33160625,0.5041833333333333,0.16869622685185187
2020-03-30,Tech,0.07616666666666666,0.3283,0.11455754009680795
2020-03-30,Utilities,0.16967232142857144,0.4932744444444444,0.18098561318972034
2020-03-31,Comm,0.20055555555555557,0.22887375000000001,0.08695318740122311
2020-03-31,Consumer,-0.023837333333333356,0.06934949122807017,0.056022773603981335
2020-03-31,Energy,0.006620833333333331,0.12272133333333332,0.059827135094832784
2020-03-31,Financials,0.030061111111111108,-0.18326533333333334,0.03455648526077098
2020-03-31,Healthcare,0.03811488095238096,0.14428057142857142,0.1658254090611769
2020-03-31,Industrials,0.04034666666666666,0.01895561904761905,0.06554966383219954
2020-03-31,Materials,0.224695,0.03359833333333334,0.11108733843537416
2020-03-31,RealEstate,-0.17301875,0.33160625,0.18461594246031746
2020-03-31,Tech,0.018877333333333322,0.07616666666666666,0.10455119089045872
2020-03-31,Utilities,-0.17609375,0.16967232142857144,0.1914271523053666
2020-04-01,Comm,0.07680833333333334,0.20055555555555557,0.09071376941180513
2020-04-01,Consumer,0.1795776666666667,-0.023837333333333356,0.05210862911883686
2020-04-01,Energy,-0.05197047619047618,0.006620833333333331,0.05767544858689628
2020-04-01,Financials,0.046317904761904755,0.030061111111111108,0.02853280801209373
2020-04-01,Healthcare,0.05775833333333334,0.03811488095238096,0.15840045016095014
2020-04-01,Industrials,-0.030884999999999982,0.04034666666666666,0.06781140986394558
2020-04-01,Materials,0.05939333333333333,0.224695,0.12026622732426304
2020-04-01,RealEstate,-0.04467777777777774,-0.17301875,0.1688281712962963
2020-04-01,Tech,0.11331000000000002,0.018877333333333322,0.1022183972396651
2020-04-01,Utilities,-0.05755833333333332,-0.17609375,0.17212046579743007
2020-04-02,Comm,-0.09556,0.07680833333333334,0.0919765471895829
2020-04-02,Consumer,0.0435275,0.1795776666666667,0.051888994198201935
2020-04-02,Energy,-0.044638179487179484,-0.05197047619047618,0.05260633596406937
2020-04-02,Financials,0.04325633333333333,0.046317904761904755,0.03472310506424793
2020-04-02,Healthcare,0.11523071428571427,0.05775833333333334,0.14333245870795872
2020-04-02,Industrials,-0.015741111111111112,-0.030884999999999982,0.057769267006802724
2020-04-02,Materials,0.06322777777777777,0.05939333333333333,0.11516924319727889
2020-04-02,RealEstate,-0.039025,-0.04467777777777774,0.1592558167989418
2020-04-02,Tech,0.17213125,0.11331000000000002,0.10749325438252223
2020-04-02,Utilities,0.07491666666666667,-0.05755833333333332,0.16903733087679518
2020-04-03,Comm,0.2131947619047619,-0.09556,0.08140841226894799
2020-04-03,Consumer,0.013900520833333332,0.0435275,0.04740818731989505
2020-04-03,Energy,-0.018312380952380948,-0.044638179487179484,0.04000372424245765
2020-04-03,Financials,0.09006214285714284,0.04325633333333333,0.03172018442932729
2020-04-03,Healthcare,0.24129722222222225,0.11523071428571427,0.12856006415013557
2020-04-03,Industrials,-0.2088713492063492,-0.015741111111111112,0.050052375094482245
2020-04-03,Materials,0.08589999999999999,0.06322777777777777,0.10419834372637944
2020-04-03,RealEstate,0.20847500000000002,-0.039025,0.13522843584656086
2020-04-03,Tech,-0.21993333333333337,0.17213125,0.09684303045961974
2020-04-03,Utilities,0.27299999999999996,0.07491666666666667,0.1444756642101285
2020-04-06,Comm,0.31067916666666673,0.2131947619047619,0.08293982950250808
2020-04-06,Consumer,0.19159549783549784,0.013900520833333332,0.044312214595199115
2020-04-06,Energy,0.11251055555555556,-0.018312380952380948,0.035977896578058555
2020-04-06,Financials,0.17170227272727273,0.09006214285714284,0.03226195313681028
2020-04-06,Healthcare,0.33347310344827585,0.24129722222222225,0.13401104603861747
2020-04-06,Industrials,0.10401600000000003,-0.2088713492063492,0.032777509259259256
2020-04-06,Materials,0.09356,0.08589999999999999,0.10485919028722598
2020-04-06,RealEstate,0.18343333333333334,0.20847500000000002,0.12742407076719578
2020-04-06,Tech,0.28716742424242425,-0.21993333333333337,0.07937095109454037
2020-04-06,Utilities,0.4456645833333333,0.27299999999999996,0.15303558484504912
2020-04-07,Comm,0.10203295454545455,0.31067916666666673,0.0944072898199684
2020-04-07,Consumer,0.24089971717171715,0.19159549783549784,0.05488680070353522
2020-04-07,Energy,0.3126607142857143,0.11251055555555556,0.04168599559544328
2020-04-07,Financials,0.14498366666666668,0.17170227272727273,0.04046152564763279
2020-04-07,Healthcare,0.04370877192982456,0.33347310344827585,0.14464353148420636
2020-04-07,Industrials,0.298147,0.10401600000000003,0.03496120767195767
2020-04-07,Materials,0.46621250000000003,0.09356,0.11020014266817837
2020-04-07,RealEstate,0.09467916666666668,0.18343333333333334,0.13375065806878306
2020-04-07,Tech,0.11083399999999999,0.28716742424242425,0.0909428504174397
2020-04-07,Utilities,0.23341583333333332,0.4456645833333333,0.16602377928949358
2020-04-08,Comm,0.046854999999999994,0.10203295454545455,0.09991659717927577
2020-04-08,Consumer,-0.01513541447368421,0.24089971717171715,0.0636858653795999
2020-04-08,Energy,0.301839619047619,0.3126607142857143,0.061315879233108876
2020-04-08,Financials,0.09422012987012987,0.14498366666666668,0.037373541520648666
2020-04-08,Healthcare,0.15656944444444443,0.04370877192982456,0.14102309205229324
2020-04-08,Industrials,0.15880619047619046,0.298147,0.05387187433862434
2020-04-08,Materials,0.22547666666666666,0.46621250000000003,0.12914220616024186
2020-04-08,RealEstate,0.556075,0.09467916666666668,0.1318931183862434
2020-04-08,Tech,0.23468,0.11083399999999999,0.10146859644918574
2020-04-08,Utilities,0.13875,0.23341583333333332,0.18737473167044597
2020-04-09,Comm,-0.02296333333333333,0.046854999999999994,0.1042584543221329
2020-04-09,Consumer,0.16850095238095236,-0.01513541447368421,0.06345304862496078
2020-04-09,Energy,0.1310592380952381,0.301839619047619,0.07528586753374314
2020-04-09,Financials,0.16522466666666666,0.09422012987012987,0.03643672230811517
2020-04-09,Healthcare,-0.002047916666666663,0.15656944444444443,0.14060824416869538
2020-04-09,Industrials,0.025403452380952363,0.15880619047619046,0.0656961373771731
2020-04-09,Materials,0.1181393650793651,0.22547666666666666,0.13634893235071807
2020-04-09,RealEstate,0.30530892857142855,0.556075,0.1536744675925926
2020-04-09,Tech,0.13129666666666667,0.23468,0.09964883454442382
2020-04-09,Utilities,0.48927499999999996,0.13875,0.180709850718065
2020-04-13,Comm,0.0727875,-0.02296333333333333,0.10184353368721226
2020-04-13,Consumer,-0.01324125407925408,0.16850095238095236,0.07337933547303332
2020-04-13,Energy,0.12250822710622711,0.1310592380952381,0.0799736402094801
2020-04-13,Financials,0.07874942424242423,0.16522466666666666,0.035538373101765955
2020-04-13,Healthcare,-0.004051999999999989,-0.002047916666666663,0.12879020845440964
2020-04-13,Industrials,0.019677474747474746,0.025403452380952363,0.057692446900982616
2020-04-13,Materials,0.06534738095238095,0.1181393650793651,0.1363161507936508
2020-04-13,RealEstate,-0.06017499999999999,0.30530892857142855,0.15371489276266062
2020-04-13,Tech,0.20702843137254903,0.13129666666666667,0.10221113613172542
2020-04-13,Utilities,-0.002799702380952382,0.48927499999999996,0.20200429516250942
2020-04-14,Comm,0.2614195238095238,0.0727875,0.10563912892530751
2020-04-14,Consumer,0.2220395,-0.01324125407925408,0.07039836676026463
2020-04-14,Energy,-0.016609374999999992,0.12250822710622711,0.08282221493383678
2020-04-14,Financials,0.12873828671328671,0.07874942424242423,0.03894947947158661
2020-04-14,Healthcare,0.20790595238095239,-0.004051999999999989,0.1356134782956795
2020-04-14,Industrials,0.2206103888888889,0.019677474747474746,0.06686994569848141
2020-04-14,Materials,-0.014166666666666666,0.06534738095238095,0.1436117403628118
2020-04-14,RealEstate,0.5639111111111111,-0.06017499999999999,0.14970001181027967
2020-04-14,Tech,0.570381619047619,0.20702843137254903,0.11424623150320734
2020-04-14,Utilities,0.22797999999999996,-0.002799702380952382,0.2017740655706727
2020-04-15,Comm,0.1547541666666667,0.2614195238095238,0.11187712212258642
2020-04-15,Consumer,0.09083093939393941,0.2220395,0.0781306269013581
2020-04-15,Energy,0.09343782051282051,-0.016609374999999992,0.07210621561744357
2020-04-15,Financials,0.10646266025641027,0.12873828671328671,0.0545892391563463
2020-04-15,Healthcare,-0.062183095238095246,0.20790595238095239,0.14503995221858199
2020-04-15,Industrials,0.00010999999999999899,0.2206103888888889,0.07525805945509517
2020-04-15,Materials,-0.06519325396825397,-0.014166666666666666,0.13625089380196523
2020-04-15,RealEstate,-0.149725,0.5639111111111111,0.16950530281557066
2020-04-15,Tech,0.123804,0.570381619047619,0.1419581623422096
2020-04-15,Utilities,0.05419625,0.22797999999999996,0.2056463274754346
2020-04-16,Comm,0.28593041666666663,0.1547541666666667,0.11997918561464992
2020-04-16,Consumer,0.14471721014492753,0.09083093939393941,0.08893311245565887
2020-04-16,Energy,-0.01728035064935064,0.09343782051282051,0.07652273834961335
2020-04-16,Financials,0.04272316666666666,0.10646266025641027,0.06248416742252457
2020-04-16,Healthcare,0.2999842355889724,-0.062183095238095246,0.1418230587945457
2020-04-16,Industrials,0.12975175757575758,0.00010999999999999899,0.07237258326461898
2020-04-16,Materials,0.08621000000000001,-0.06519325396825397,0.13333931027966742
2020-04-16,RealEstate,-0.0683,-0.149725,0.15940495559334844
2020-04-16,Tech,0.30889855555555557,0.123804,0.15286724170728896
2020-04-16,Utilities,0.260425,0.05419625,0.19634850718065006
2020-04-17,Comm,0.07999916666666666,0.28593041666666663,0.13050765783687213
2020-04-17,Consumer,0.21409866666666666,0.14471721014492753,0.09336385488886403
2020-04-17,Energy,-0.09465570370370371,-0.01728035064935064,0.07446195974726331
2020-04-17,Financials,0.07220504545454545,0.04272316666666666,0.07009384202569917
2020-04-17,Healthcare,0.2963773824593129,0.2999842355889724,0.1410080223940206
2020-04-17,Industrials,0.05769646464646464,0.12975175757575758,0.07840070928674499
2020-04-17,Materials,0.4074,0.08621000000000001,0.12907087112622828
2020-04-17,RealEstate,0.40508333333333335,-0.0683,0.14740495559334846
2020-04-17,Tech,0.09648407142857143,0.30889855555555557,0.16178618086072813
2020-04-17,Utilities,0.3832455357142857,0.260425,0.1977683484504913
2020-04-20,Comm,0.08840624999999999,0.07999916666666666,0.13589357053528484
2020-04-20,Consumer,0.0704515873015873,0.21409866666666666,0.10212740233612577
2020-04-20,Energy,-0.1435638316080055,-0.09465570370370371,0.06906202827837947
2020-04-20,Financials,0.18399761904761905,0.07220504545454545,0.07194090768226483
2020-04-20,Healthcare,-0.0469971914893617,0.2963773824593129,0.15061240171747992
2020-04-20,Industrials,0.06126666666666667,0.05769646464646464,0.08138602846492134
2020-04-20,Materials,0.21026666666666666,0.4074,0.15035499811035524
2020-04-20,RealEstate,0.02965,0.40508333333333335,0.16669463813303098
2020-04-20,Tech,0.24132791666666664,0.09648407142857143,0.17117730444349458
2020-04-20,Utilities,-0.02623933333333333,0.3832455357142857,0.20119015967498108
2020-04-21,Comm,0.08243333333333333,0.08840624999999999,0.138364423709888
2020-04-21,Consumer,0.012584288288288292,0.0704515873015873,0.10444031125524897
2020-04-21,Energy,-0.2257781904761905,-0.1435638316080055,0.06499125058276016
2020-04-21,Financials,-0.10992333333333333,0.18399761904761905,0.09159515938294509
2020-04-21,Healthcare,-0.017922476190476176,-0.0469971914893617,0.14094884497989127
2020-04-21,Industrials,-0.008876999999999996,0.06126666666666667,0.08332835650724937
2020-04-21,Materials,-0.1038888888888889,0.21026666666666666,0.1536537282690854
2020-04-21,RealEstate,0.03811875,0.02965,0.15777691326530613
2020-04-21,Tech,-0.33475,0.24132791666666664,0.18778228460222474
2020-04-21,Utilities,-0.07370000000000002,-0.02623933333333333,0.18853220200302342
2020-04-22,Comm,0.1592797619047619,0.08243333333333333,0.14118069355115784
2020-04-22,Consumer,0.1009368496732026,0.012584288288288292,0.1028350204068867
2020-04-22,Energy,-0.029024999999999995,-0.2257781904761905,0.059325974113197975
2020-04-22,Financials,0.09191500000000001,-0.10992333333333333,0.08920484192262763
2020-04-22,Healthcare,0.23577243589743588,-0.017922476190476176,0.13658329055812257
2020-04-22,Industrials,0.09578333333333335,-0.008876999999999996,0.07656725219885933
2020-04-22,Materials,0.17389375,-0.1038888888888889,0.14365187641723354
2020-04-22,RealEstate,0.21082499999999998,0.03811875,0.15565280612244897
2020-04-22,Tech,0.3060380952380952,-0.33475,0.1627532369831771
2020-04-22,Utilities,0.01610845588235293,-0.07370000000000002,0.17932317422524566
2020-04-23,Comm,0.10913402777777778,0.1592797619047619,0.14098864201539202
2020-04-23,Consumer,0.08177963636363636,0.1009368496732026,0.10523011168597798
2020-04-23,Energy,0.18642186363636365,-0.029024999999999995,0.0643826672348911
2020-04-23,Financials,0.13952,0.09191500000000001,0.09460888954167526
2020-04-23,Healthcare,0.15419,0.23577243589743588,0.14515314887440947
2020-04-23,Industrials,0.283292,0.09578333333333335,0.0805298712464784
2020-04-23,Materials,0.14747485714285716,0.17389375,0.143630966553288
2020-04-23,RealEstate,0.2083,0.21082499999999998,0.16313078231292516
2020-04-23,Tech,0.20845380952380954,0.3060380952380952,0.16857878120086417
2020-04-23,Utilities,0.1761375,0.01610845588235293,0.18096407008358897
2020-04-24,Comm,0.01891136363636364,0.10913402777777778,0.13576045512952656
2020-04-24,Consumer,-0.003549333333333335,0.08177963636363636,0.09974363091278292
2020-04-24,Energy,0.029020089285714284,0.18642186363636365,0.06786040677313064
2020-04-24,Financials,-0.03493541666666666,0.13952,0.08226793716072286
2020-04-24,Healthcare,0.026777321428571435,0.15419,0.13945761599459083
2020-04-24,Industrials,0.02275441176470588,0.283292,0.08254391357452072
2020-04-24,Materials,-0.08644444444444445,0.14747485714285716,0.13548500736961452
2020-04-24,RealEstate,0.05164375,0.2083,0.16992393707482994
2020-04-24,Tech,0.055976612903225795,0.20845380952380954,0.1576320479242202
2020-04-24,Utilities,-0.004883333333333332,0.1761375,0.17099680817882706
2020-04-27,Comm,0.08147666666666667,0.01891136363636364,0.1282039168899883
2020-04-27,Consumer,0.0866328888888889,-0.003549333333333335,0.09147306401935887
2020-04-27,Energy,-0.011834166666666665,0.029020089285714284,0.05914654859096888
2020-04-27,Financials,0.09725249999999999,-0.03493541666666666,0.0795980958908816
2020-04-27,Healthcare,-0.013337523809523796,0.026777321428571435,0.13211540227577
2020-04-27,Industrials,0.11695567676767678,0.02275441176470588,0.08001168318236386
2020-04-27,Materials,0.2466066666666667,-0.08644444444444445,0.1254888433484505
2020-04-27,RealEstate,0.05312333333333334,0.05164375,0.16871967120181405
2020-04-27,Tech,0.14598163636363637,0.055976612903225795,0.15856700568151666
2020-04-27,Utilities,0.2637951388888889,-0.004883333333333332,0.15329700659152548
2020-04-28,Comm,0.13426050505050505,0.08147666666666667,0.12593129784236928
2020-04-28,Consumer,0.10912445804195804,0.0866328888888889,0.09149960748118804
2020-04-28,Energy,0.030415972222222216,-0.011834166666666665,0.050237016844937143
2020-04-28,Financials,0.24410499999999996,0.09725249999999999,0.0738221197004054
2020-04-28,Healthcare,0.15199275384615385,-0.013337523809523796,0.11874651586059787
2020-04-28,Industrials,0.08195640350877194,0.11695567676767678,0.0766293004434097
2020-04-28,Materials,0.053927666666666665,0.2466066666666667,0.13148257350718065
2020-04-28,RealEstate,0.08616499999999999,0.05312333333333334,0.15283308390022676
2020-04-28,Tech,0.08751825396825397,0.14598163636363637,0.15154546455597553
2020-04-28,Utilities,0.2794166666666667,0.2637951388888889,0.1599324893957583
2020-04-29,Comm,0.10303333333333335,0.13426050505050505,0.1232985176595891
2020-04-29,Consumer,0.10723711721611721,0.10912445804195804,0.09451352550760607
2020-04-29,Energy,0.18179214285714285,0.030415972222222216,0.037883267222866085
2020-04-29,Financials,0.11755166666666668,0.24410499999999996,0.07825584985913557
2020-04-29,Healthcare,0.04273270114942528,0.15199275384615385,0.1122329962024782
2020-04-29,Industrials,0.09884649735449735,0.08195640350877194,0.07005500219779566
2020-04-29,Materials,0.29078,0.053927666666666665,0.11864936715797429
2020-04-29,RealEstate,0.07708106060606061,0.08616499999999999,0.13292744897959186
2020-04-29,Tech,0.1726877142857143,0.08751825396825397,0.14007966712589237
2020-04-29,Utilities,0.09706666666666668,0.2794166666666667,0.1497487856920546
2020-04-30,Comm,0.01556093750000001,0.10303333333333335,0.11730611686593831
2020-04-30,Consumer,0.004515166666666665,0.10723711721611721,0.09631769817370356
2020-04-30,Energy,0.04404221356421357,0.18179214285714285,0.04069616291447606
2020-04-30,Financials,0.07254076190476191,0.11755166666666668,0.09258046890675461
2020-04-30,Healthcare,0.15098261538461538,0.04273270114942528,0.10739738333204267
2020-04-30,Industrials,-0.04491717948717948,0.09884649735449735,0.07385932973621843
2020-04-30,Materials,0.088055,0.29078,0.13089611318972033
2020-04-30,RealEstate,0.01959166666666667,0.07708106060606061,0.12080720186559474
2020-04-30,Tech,0.077652,0.1726877142857143,0.14467590748870418
2020-04-30,Utilities,0.11175000000000002,0.09706666666666668,0.14629137356053531
2020-05-01,Comm,-0.08241208333333333,0.01556093750000001,0.10849684933948327
2020-05-01,Consumer,0.18047183333333333,0.004515166666666665,0.0976678172213226
2020-05-01,Energy,-0.12447247619047619,0.04404221356421357,0.04247813340166083
2020-05-01,Financials,-0.06349833333333334,0.07254076190476191,0.09460330942073798
2020-05-01,Healthcare,0.04070619463753724,0.15098261538461538,0.11277203735262528
2020-05-01,Industrials,-0.07810254761904763,-0.04491717948717948,0.06979914658603528
2020-05-01,Materials,0.17214166666666667,0.088055,0.12438944652305366
2020-05-01,RealEstate,0.032558333333333335,0.01959166666666667,0.12997912646876933
2020-05-01,Tech,-0.15798900000000002,0.077652,0.14747470113949784
2020-05-01,Utilities,0.144221875,0.11175000000000002,0.15999821879863058
2020-05-04,Comm,0.12881185185185184,-0.08241208333333333,0.10091492473630866
2020-05-04,Consumer,0.15703503296703297,0.18047183333333333,0.09771039658640197
2020-05-04,Energy,-0.006829685314685313,-0.12447247619047619,0.03902565721118464
2020-05-04,Financials,0.127824,-0.06349833333333334,0.08937396474953618
2020-05-04,Healthcare,0.05139512820512819,0.04070619463753724,0.11196003074806356
2020-05-04,Industrials,0.07113238095238095,-0.07810254761904763,0.0675506919375092
2020-05-04,Materials,0.029556666666666665,0.17214166666666667,0.12975841477702194
2020-05-04,RealEstate,0.038887500000000005,0.032558333333333335,0.13365703652167937
2020-05-04,Tech,0.3556464705882353,-0.15798900000000002,0.13455570113949783
2020-05-04,Utilities,0.18414,0.144221875,0.1696068001478369
2020-05-05,Comm,0.11926785714285715,0.12881185185185184,0.1115992986340159
2020-05-05,Consumer,0.14162709523809522,0.15703503296703297,0.10311551720387972
2020-05-05,Energy,0.09811813131313131,-0.006829685314685313,0.040826061695589125
2020-05-05,Financials,0.02016333333333333,0.127824,0.09340099649556792
2020-05-05,Healthcare,0.167238431372549,0.05139512820512819,0.10892024093470232
2020-05-05,Industrials,0.2982255555555556,0.07113238095238095,0.07168752489291358
2020-05-05,Materials,0.19739372549019607,0.029556666666666665,0.12815502853363567
2020-05-05,RealEstate,0.12011666666666666,0.038887500000000005,0.13736715556929843
2020-05-05,Tech,0.22584375,0.3556464705882353,0.14329452116750904
2020-05-05,Utilities,0.14397204545454545,0.18414,0.174807911258948
2020-05-06,Comm,-0.1024575,0.11926785714285715,0.10712658888344902
2020-05-06,Consumer,0.08990779411764707,0.14162709523809522,0.10919773503267793
2020-05-06,Energy,0.19066535714285715,0.09811813131313131,0.046370371803470666
2020-05-06,Financials,0.04762500000000001,0.02016333333333333,0.0900724817563389
2020-05-06,Healthcare,0.16397444444444442,0.167238431372549,0.10539363184662263
2020-05-06,Industrials,0.07561499999999999,0.2982255555555556,0.09583499654824237
2020-05-06,Materials,-0.026910714285714295,0.19739372549019607,0.13346425355697836
2020-05-06,RealEstate,-0.03181666666666667,0.12011666666666666,0.13315961588675873
2020-05-06,Tech,0.16321416666666666,0.22584375,0.16452200132623918
2020-05-06,Utilities,0.19748416666666666,0.14397204545454545,0.1686637229472597
2020-05-07,Comm,0.11492250000000001,-0.1024575,0.08745341428027441
2020-05-07,Consumer,0.09888166666666667,0.08990779411764707,0.10435546342706596
2020-05-07,Energy,0.1820947619047619,0.19066535714285715,0.0500920290219136
2020-05-07,Financials,-0.09306333333333335,0.04762500000000001,0.08416404019789733
2020-05-07,Healthcare,0.13613055555555556,0.16397444444444442,0.09732226713215447
2020-05-07,Industrials,0.029008333333333334,0.07561499999999999,0.09448256797681383
2020-05-07,Materials,0.16212000000000001,-0.026910714285714295,0.12772755287670623
2020-05-07,RealEstate,0.32705666666666666,-0.03181666666666667,0.12290961588675875
2020-05-07,Tech,0.24068199999999998,0.16321416666666666,0.1586194652512031
2020-05-07,Utilities,0.14364333333333335,0.19748416666666666,0.15684560786789462
2020-05-08,Comm,0.23475333333333334,0.11492250000000001,0.08806720215906229
2020-05-08,Consumer,0.06855406493506495,0.09888166666666667,0.09759269911730167
2020-05-08,Energy,0.19152833333333333,0.1820947619047619,0.04387460271805872
2020-05-08,Financials,0.05417266666666665,-0.09306333333333335,0.07282846876932592
2020-05-08,Healthcare,-0.024708472222222222,0.13613055555555556,0.10172330444766546
2020-05-08,Industrials,0.006621875000000013,0.029008333333333334,0.08166644099268683
2020-05-08,Materials,0.10613194444444445,0.16212000000000001,0.113246957638611
2020-05-08,RealEstate,0.18711666666666668,0.32705666666666666,0.13397521112485397
2020-05-08,Tech,0.5527614285714286,0.24068199999999998,0.1648027033464412
2020-05-08,Utilities,0.10359757575757576,0.14364333333333335,0.15257072691551365
2020-05-11,Comm,0.12894285714285716,0.23475333333333334,0.09701474184160196
2020-05-11,Consumer,0.08602495833333333,0.06855406493506495,0.1015779124224802
2020-05-11,Energy,-0.05607011111111111,0.19152833333333333,0.03862168435071178
2020-05-11,Financials,0.161149,0.05417266666666665,0.07092144671201814
2020-05-11,Healthcare,0.029247487922705317,-0.024708472222222222,0.09309102270163372
2020-05-11,Industrials,0.2866916666666667,0.006621875000000013,0.07441956882715395
2020-05-11,Materials,0.07112750000000001,0.10613194444444445,0.10756387562802898
2020-05-11,RealEstate,0.013816666666666663,0.18711666666666668,0.11640576668040954
2020-05-11,Tech,0.12826677777777779,0.5527614285714286,0.17994943804031877
2020-05-11,Utilities,0.23801458333333333,0.10359757575757576,0.15089680195158872
2020-05-12,Comm,0.068945,0.12894285714285716,0.1042483699595158
2020-05-12,Consumer,0.12524924999999998,0.08602495833333333,0.09765048413449834
2020-05-12,Energy,0.15184466666666666,-0.05607011111111111,0.029710762959933246
2020-05-12,Financials,-0.1478297142857143,0.161149,0.07072736734693878
2020-05-12,Healthcare,-0.07749873015873014,0.029247487922705317,0.09458128006303239
2020-05-12,Industrials,0.030972727272727277,0.2866916666666667,0.0868618647455213
2020-05-12,Materials,0.09328777777777779,0.07112750000000001,0.10532521538615444
2020-05-12,RealEstate,-0.3745875,0.013816666666666663,0.10252518278018277
2020-05-12,Tech,-0.04530033333333333,0.12826677777777779,0.17980515761703836
2020-05-12,Utilities,0.19939625,0.23801458333333333,0.13893202020555698
2020-05-13,Comm,0.02526666666666666,0.068945,0.1040653937690396
2020-05-13,Consumer,0.06879209523809524,0.12524924999999998,0.10424527004303423
2020-05-13,Energy,-0.06230467532467532,0.15184466666666666,0.031107736272335127
2020-05-13,Financials,0.15864920779220779,-0.1478297142857143,0.05993788455988456
2020-05-13,Healthcare,0.11921718259518259,-0.07749873015873014,0.09108381672214047
2020-05-13,Industrials,-0.014755555555555555,0.030972727272727277,0.08739973391339047
2020-05-13,Materials,0.12836466666666665,0.09328777777777779,0.10665571047307812
2020-05-13,RealEstate,0.27305,-0.3745875,0.08755315897065896
2020-05-13,Tech,0.14325277777777778,-0.04530033333333333,0.16778950215485347
2020-05-13,Utilities,0.37966666666666665,0.19939625,0.14856039889036424
2020-05-14,Comm,0.1712533333333333,0.02526666666666666,0.09282001961937975
2020-05-14,Consumer,0.129311931372549,0.06879209523809524,0.09694777457818164
2020-05-14,Energy,-0.07579,-0.06230467532467532,0.02893176959020774
2020-05-14,Financials,0.09045,0.15864920779220779,0.06136221413507127
2020-05-14,Healthcare,0.12298833333333332,0.11921718259518259,0.08686054197043716
2020-05-14,Industrials,0.05473819444444445,-0.014755555555555555,0.07619183179698835
2020-05-14,Materials,0.114235,0.12836466666666665,0.11344291682228447
2020-05-14,RealEstate,0.15836666666666668,0.27305,0.07370262987012988
2020-05-14,Tech,0.15429166666666666,0.14325277777777778,0.14745003352295627
2020-05-14,Utilities,0.172935,0.37966666666666665,0.15578357349353883
2020-05-15,Comm,0.09845666666666666,0.1712533333333333,0.09360569422255434
2020-05-15,Consumer,0.08250251851851853,0.129311931372549,0.09878020276763924
2020-05-15,Energy,0.1758016666666667,-0.07579,0.020873301946740093
2020-05-15,Financials,0.19764214285714285,0.09045,0.06059970650381365
2020-05-15,Healthcare,-0.007057727272727276,0.12298833333333332,0.09567822904526709
2020-05-15,Industrials,-0.03289466666666667,0.05473819444444445,0.07879317438958094
2020-05-15,Materials,0.24078472222222225,0.114235,0.1219871193922013
2020-05-15,RealEstate,-0.06106249999999999,0.15836666666666668,0.08837366161616163
2020-05-15,Tech,-0.012865142857142842,0.15429166666666666,0.14890182717374995
2020-05-15,Utilities,0.1668552380952381,0.172935,0.161437799684015
2020-05-18,Comm,0.14646866666666666,0.09845666666666666,0.08467837279398291
2020-05-18,Consumer,0.20182033333333335,0.08250251851851853,0.0958175984044769
2020-05-18,Energy,0.14312569841269843,0.1758016666666667,0.0300676837236933
2020-05-18,Financials,0.07014379365079365,0.19764214285714285,0.06797680060812203
2020-05-18,Healthcare,0.11098933333333334,-0.007057727272727276,0.08105718319470995
2020-05-18,Industrials,0.3855335454545455,-0.03289466666666667,0.07104810656851313
2020-05-18,Materials,0.1012875,0.24078472222222225,0.12934782045040238
2020-05-18,RealEstate,0.5519083333333333,-0.06106249999999999,0.08871830447330448
2020-05-18,Tech,0.015536666666666667,-0.012865142857142842,0.13357974629695477
2020-05-18,Utilities,0.32581666666666664,0.1668552380952381,0.15698209673616922
2020-05-19,Comm,0.12955733333333336,0.14646866666666666,0.0878435870796972
2020-05-19,Consumer,-0.07248620512820514,0.20182033333333335,0.09523291586479436
2020-05-19,Energy,0.15552,0.14312569841269843,0.04139060763399816
2020-05-19,Financials,0.05999728571428572,0.07014379365079365,0.06787864576032433
2020-05-19,Healthcare,0.2208736666666667,0.11098933333333334,0.07222918085537759
2020-05-19,Industrials,-0.12721249999999998,0.3855335454545455,0.08665939613080267
2020-05-19,Materials,0.04156111111111111,0.1012875,0.11477103473611666
2020-05-19,RealEstate,0.10423333333333333,0.5519083333333333,0.09570997113997114
2020-05-19,Tech,0.08420666666666667,0.015536666666666667,0.1297251079749593
2020-05-19,Utilities,0.2732,0.32581666666666664,0.1542473886862826
2020-05-20,Comm,-0.005675333333333333,0.12955733333333336,0.0898031624765226
2020-05-20,Consumer,-0.02694144957983192,-0.07248620512820514,0.08842635432051853
2020-05-20,Energy,-0.022844285714285713,0.15552,0.055632694853426985
2020-05-20,Financials,0.37486,0.05999728571428572,0.061973867982546546
2020-05-20,Healthcare,0.0244421855921856,0.2208736666666667,0.08498493600566466
2020-05-20,Industrials,0.1491583333333333,-0.12721249999999998,0.07768419771810427
2020-05-20,Materials,0.1886,0.04156111111111111,0.10673743685251878
2020-05-20,RealEstate,0.06369,0.10423333333333333,0.09926155844155844
2020-05-20,Tech,0.2370016666666667,0.08420666666666667,0.122243143689245
2020-05-20,Utilities,0.04406666666666666,0.2732,0.16850640455929847
2020-05-21,Comm,0.10847199999999999,-0.005675333333333333,0.08560751168287181
2020-05-21,Consumer,0.024796969696969696,-0.02694144957983192,0.08654417632679852
2020-05-21,Energy,-0.04973999999999999,-0.022844285714285713,0.06529621412780341
2020-05-21,Financials,0.08162500000000002,0.37486,0.0850587886174672
2020-05-21,Healthcare,0.093502,0.0244421855921856,0.08700230085245808
2020-05-21,Industrials,0.007520833333333333,0.1491583333333333,0.08520968978159635
2020-05-21,Materials,0.15098333333333333,0.1886,0.12066547918056113
2020-05-21,RealEstate,0.0,0.06369,0.100479237012987
2020-05-21,Tech,0.012136111111111115,0.2370016666666667,0.14946941353051485
2020-05-21,Utilities,0.3321525,0.04406666666666666,0.17411434106723497
2020-05-22,Comm,-0.05059,0.10847199999999999,0.08318809444931172
2020-05-22,Consumer,0.006037777777777771,0.024796969696969696,0.08291846775650172
2020-05-22,Energy,-0.04422533333333334,-0.04973999999999999,0.06430978555637484
2020-05-22,Financials,0.19921666666666668,0.08162500000000002,0.0845687886174672
2020-05-22,Healthcare,0.127765,0.093502,0.08022751819067542
2020-05-22,Industrials,0.11331666666666666,0.007520833333333333,0.08100671359112015
2020-05-22,Materials,0.0683,0.15098333333333333,0.1195745069583389
2020-05-22,RealEstate,0.07817083333333333,0.0,0.0904399512987013
2020-05-22,Tech,-0.17001400000000003,0.012136111111111115,0.13547408095303942
2020-05-22,Utilities,0.10415,0.3321525,0.1891640574537896
2020-05-26,Comm,0.13780466666666666,-0.05059,0.07558218836465562
2020-05-26,Consumer,0.20328895238095238,0.006037777777777771,0.07931171258574655
2020-05-26,Energy,0.10177142857142858,-0.04422533333333334,0.05332658570067499
2020-05-26,Financials,0.1617402380952381,0.19921666666666668,0.0874114870301656
2020-05-26,Healthcare,0.03672219047619048,0.127765,0.07896918485734208
2020-05-26,Industrials,0.3014,0.11331666666666666,0.07291265009905665
2020-05-26,Materials,0.19793055555555558,0.0683,0.11580427566582188
2020-05-26,RealEstate,0.1098111111111111,0.07817083333333333,0.08424332431457432
2020-05-26,Tech,0.06429245238095238,-0.17001400000000003,0.11745180430904847
2020-05-26,Utilities,0.32959999999999995,0.10415,0.1857360812633134
2020-05-27,Comm,0.15016333333333334,0.13780466666666666,0.0812437742232415
2020-05-27,Consumer,0.15308409090909092,0.20328895238095238,0.0891611547626173
2020-05-27,Energy,-0.07417,0.10177142857142858,0.056790935190470904
2020-05-27,Financials,0.2774827142857143,0.1617402380952381,0.09677699439978012
2020-05-27,Healthcare,-0.008835555555555548,0.03672219047619048,0.07944275005008586
2020-05-27,Industrials,0.35518857142857146,0.3014,0.08618148763407066
2020-05-27,Materials,0.0,0.19793055555555558,0.12934594233248856
2020-05-27,RealEstate,0.0,0.1098111111111111,0.08701319865319866
2020-05-27,Tech,0.15682333333333334,0.06429245238095238,0.11784779666513069
2020-05-27,Utilities,0.2149875,0.32959999999999995,0.2016638590410912
2020-05-28,Comm,0.09534436363636364,0.15016333333333334,0.08451456787403513
2020-05-28,Consumer,0.08792483333333333,0.15308409090909092,0.09232549771596026
2020-05-28,Energy,0.14303,-0.07417,0.053822562174597896
2020-05-28,Financials,0.0135845,0.2774827142857143,0.1053593855562427
2020-05-28,Healthcare,-0.06203166666666667,-0.008835555555555548,0.079657129490751
2020-05-28,Industrials,0.13117661904761907,0.35518857142857146,0.09752591118935136
2020-05-28,Materials,0.15875,0.0,0.11760276772931395
2020-05-28,RealEstate,0.20835,0.0,0.08448351611351612
2020-05-28,Tech,0.10204952380952381,0.15682333333333334,0.11836406794940199
2020-05-28,Utilities,0.12490000000000001,0.2149875,0.1993396857606679
2020-05-29,Comm,0.12601250000000003,0.09534436363636364,0.08266141828288556
2020-05-29,Consumer,0.08072742857142859,0.08792483333333333,0.09131599177745431
2020-05-29,Energy,0.13018000000000002,0.14303,0.05918513492592064
2020-05-29,Financials,0.041302000000000005,0.0135845,0.09438221888957604
2020-05-29,Healthcare,0.1979048611111111,-0.06203166666666667,0.06946549041871193
2020-05-29,Industrials,0.18829166666666666,0.13117661904761907,0.09986973097691551
2020-05-29,Materials,0.009000000000000003,0.15875,0.12259430741185365
2020-05-29,RealEstate,0.020066666666666667,0.20835,0.09030184944684945
2020-05-29,Tech,0.16978375,0.10204952380952381,0.11905603317993865
2020-05-29,Utilities,0.21371666666666667,0.12490000000000001,0.1919817492527314
2020-06-01,Comm,0.15972342857142857,0.12601250000000003,0.08375566431463158
2020-06-01,Consumer,0.08122420414673046,0.08072742857142859,0.09005362565151677
2020-06-01,Energy,-0.10234071969696969,0.13018000000000002,0.056727413837485266
2020-06-01,Financials,0.06342099999999999,0.041302000000000005,0.09075128238163953
2020-06-01,Healthcare,0.15230694444444445,0.1979048611111111,0.07685464089307793
2020-06-01,Industrials,0.11371499999999998,0.18829166666666666,0.10412902475368548
2020-06-01,Materials,0.09106666666666667,0.009000000000000003,0.10917621217375839
2020-06-01,RealEstate,-0.06100000000000001,0.020066666666666667,0.08758687830687831
2020-06-01,Tech,0.14087666666666665,0.16978375,0.11891774916633321
2020-06-01,Utilities,0.06806666666666666,0.21371666666666667,0.1975365111574933
2020-06-02,Comm,0.28929444444444447,0.15972342857142857,0.09062054484184247
2020-06-02,Consumer,-0.11654666666666666,0.08122420414673046,0.09370643696009122
2020-06-02,Energy,0.16811428571428572,-0.10234071969696969,0.049756797967905116
2020-06-02,Financials,0.0899891111111111,0.06342099999999999,0.0903170080052223
2020-06-02,Healthcare,0.021175151515151515,0.15230694444444445,0.07691770418164122
2020-06-02,Industrials,0.36593166666666666,0.11371499999999998,0.1116829380625988
2020-06-02,Materials,0.27470625,0.09106666666666667,0.1093196248721711
2020-06-02,RealEstate,0.14946666666666666,-0.06100000000000001,0.08374917989417989
2020-06-02,Tech,0.21934666666666666,0.14087666666666665,0.12192844757903161
2020-06-02,Utilities,0.21880833333333335,0.06806666666666666,0.19545635242733458
2020-06-03,Comm,-0.07269666666666666,0.28929444444444447,0.10832085568840333
2020-06-03,Consumer,0.1979542857142857,-0.11654666666666666,0.07956269886485313
2020-06-03,Energy,0.5271625,0.16811428571428572,0.06368950091575092
2020-06-03,Financials,0.21618428571428572,0.0899891111111111,0.09762593393114823
2020-06-03,Healthcare,0.25402650793650794,0.021175151515151515,0.07598765450914666
2020-06-03,Industrials,0.33503710144927534,0.36593166666666666,0.1328274244571566
2020-06-03,Materials,0.157975,0.27470625,0.11420365264994888
2020-06-03,RealEstate,0.0872,0.14946666666666666,0.08931624338624339
2020-06-03,Tech,0.42201,0.21934666666666666,0.1398968126583967
2020-06-03,Utilities,0.0,0.21880833333333335,0.19900808853844568
2020-06-04,Comm,0.160185,-0.07269666666666666,0.09872521194942624
2020-06-04,Consumer,0.20981249999999999,0.1979542857142857,0.0815112347099604
2020-06-04,Energy,0.07703600000000001,0.5271625,0.08911770021645021
2020-06-04,Financials,0.17758833333333332,0.21618428571428572,0.10183356658420946
2020-06-04,Healthcare,0.10282650793650794,0.25402650793650794,0.08563676782968854
2020-06-04,Industrials,0.10123273809523808,0.33503710144927534,0.14539431590938967
2020-06-04,Materials,-0.032,0.157975,0.12031881138010761
2020-06-04,RealEstate,0.148,0.0872,0.09161683862433863
2020-06-04,Tech,0.15314166666666668,0.42201,0.1430569807256236
2020-06-04,Utilities,-0.060719999999999996,0.0,0.19023951710987427
2020-06-05,Comm,0.11103666666666664,0.160185,0.1006736473235759
2020-06-05,Consumer,0.19735333333333335,0.20981249999999999,0.08475815874624157
2020-06-05,Energy,0.25553666666666663,0.07703600000000001,0.0881137892015392
2020-06-05,Financials,0.37302366666666664,0.17758833333333332,0.109329995155638
2020-06-05,Healthcare,0.16145833333333334,0.10282650793650794,0.08256953338035326
2020-06-05,Industrials,0.35077,0.10123273809523808,0.13601370555413647
2020-06-05,Materials,0.19980625000000002,-0.032,0.10939530064247921
2020-06-05,RealEstate,0.0,0.148,0.0929446164021164
2020-06-05,Tech,0.19154259259259257,0.15314166666666668,0.13959497675736962
2020-06-05,Utilities,0.1113875,-0.060719999999999996,0.18049227685013397
2020-06-08,Comm,-0.1130925,0.11103666666666664,0.11084003621246478
2020-06-08,Consumer,0.16258666666666666,0.19735333333333335,0.0898746129946076
2020-06-08,Energy,0.12971057142857145,0.25553666666666663,0.09120289917886346
2020-06-08,Financials,0.2058357142857143,0.37302366666666664,0.12482516975881262
2020-06-08,Healthcare,0.055461315789473685,0.16145833333333334,0.08244971856553844
2020-06-08,Industrials,0.07758941176470587,0.35077,0.1491163246017555
2020-06-08,Materials,0.2044,0.19980625000000002,0.12019134656084657
2020-06-08,RealEstate,0.2611,0.0,0.09445969576719578
2020-06-08,Tech,0.09585333333333333,0.19154259259259257,0.14094394942050897
2020-06-08,Utilities,0.7906,0.1113875,0.17639243558029274
2020-06-09,Comm,0.0,-0.1130925,0.09998217906960763
2020-06-09,Consumer,0.02538507936507937,0.16258666666666666,0.09290818442317902
2020-06-09,Energy,0.4114893333333334,0.12971057142857145,0.08870841391809249
2020-06-09,Financials,0.10131190476190477,0.2058357142857143,0.13905845774067205
2020-06-09,Healthcare,0.0015680555555555493,0.055461315789473685,0.07860832619572503
2020-06-09,Industrials,0.124685,0.07758941176470587,0.15142970928896374
2020-06-09,Materials,0.3753,0.2044,0.1222046798941799
2020-06-09,RealEstate,0.0129,0.2611,0.0913189021164021
2020-06-09,Tech,0.29664238095238094,0.09585333333333333,0.13404734624590578
2020-06-09,Utilities,0.32322500000000004,0.7906,0.20719989589775303
2020-06-10,Comm,0.011962500000000015,0.0,0.08880344891087748
2020-06-10,Consumer,-0.022498963636363632,0.02538507936507937,0.09085251844365591
2020-06-10,Energy,-0.15578888888888887,0.4114893333333334,0.09918274725142583
2020-06-10,Financials,0.17920297619047618,0.10131190476190477,0.1413031833642548
2020-06-10,Healthcare,0.09832222222222223,0.0015680555555555493,0.07985958942323824
2020-06-10,Industrials,0.05513333333333333,0.124685,0.1570517628603923
2020-06-10,Materials,0.0,0.3753,0.13502220634920634
2020-06-10,RealEstate,0.024575,0.0129,0.08302287037037037
2020-06-10,Tech,0.01658125,0.29664238095238094,0.1218512011211892
2020-06-10,Utilities,0.0,0.32322500000000004,0.21765834467120185
2020-06-11,Comm,0.006903809523809526,0.011962500000000015,0.08323295571359857
2020-06-11,Consumer,0.04995316017316017,-0.022498963636363632,0.08568471263557509
2020-06-11,Energy,-0.098045,-0.15578888888888887,0.09443423402391259
2020-06-11,Financials,0.07997088888888888,0.17920297619047618,0.14216289651618225
2020-06-11,Healthcare,0.21064,0.09832222222222223,0.08314886248512002
2020-06-11,Industrials,0.10845095238095237,0.05513333333333333,0.14602517555880498
2020-06-11,Materials,0.2338,0.0,0.13163518253968254
2020-06-11,RealEstate,0.24584999999999999,0.024575,0.08353517195767195
2020-06-11,Tech,0.21306458333333333,0.01658125,0.11653284265558075
2020-06-11,Utilities,0.3182,0.0,0.20632431689342406
2020-06-12,Comm,0.11055555555555556,0.006903809523809526,0.08027861330997046
2020-06-12,Consumer,0.07265361904761905,0.04995316017316017,0.08209918454858271
2020-06-12,Energy,0.027370000000000016,-0.098045,0.08253472608740467
2020-06-12,Financials,0.06428333333333335,0.07997088888888888,0.15301054428640143
2020-06-12,Healthcare,0.0239975,0.21064,0.0968697543974405
2020-06-12,Industrials,-0.07107749999999999,0.10845095238095237,0.14971461484967286
2020-06-12,Materials,0.010883333333333337,0.2338,0.13832624074074074
2020-06-12,RealEstate,0.296,0.24584999999999999,0.11307981481481481
2020-06-12,Tech,0.10682083333333334,0.21306458333333333,0.12883593392542203
2020-06-12,Utilities,0.2732,0.3182,0.21198163832199549
2020-06-15,Comm,0.022516666666666657,0.11055555555555556,0.08433998897134612
2020-06-15,Consumer,0.00854649350649351,0.07265361904761905,0.08228306663475052
2020-06-15,Energy,0.09615518518518519,0.027370000000000016,0.08680494872191302
2020-06-15,Financials,0.09054374999999999,0.06428333333333335,0.14851693121693121
2020-06-15,Healthcare,0.17032571428571427,0.0239975,0.09233548379766988
2020-06-15,Industrials,0.06475821428571428,-0.07107749999999999,0.1470326174951755
2020-06-15,Materials,0.2732,0.010883333333333337,0.13273189153439155
2020-06-15,RealEstate,0.20095,0.296,0.11417267195767196
2020-06-15,Tech,0.18420833333333334,0.10682083333333334,0.1271010794280675
2020-06-15,Utilities,0.54005,0.2732,0.20691179705215415
2020-06-16,Comm,0.09305,0.022516666666666657,0.0772572905586477
2020-06-16,Consumer,0.21815,0.00854649350649351,0.0765323314982717
2020-06-16,Energy,0.06768437499999999,0.09615518518518519,0.09499281468311231
2020-06-16,Financials,0.10154166666666667,0.09054374999999999,0.1485213955026455
2020-06-16,Healthcare,0.06888333333333331,0.17032571428571427,0.09458964479540233
2020-06-16,Industrials,0.13316625,0.06475821428571428,0.14750976129714072
2020-06-16,Materials,0.0,0.2732,0.14030165343915346
2020-06-16,RealEstate,0.263075,0.20095,0.11620044973544973
2020-06-16,Tech,0.1823875,0.18420833333333334,0.1285256826026707
2020-06-16,Utilities,0.41805000000000003,0.54005,0.22439346371882088
2020-06-17,Comm,0.12827833333333333,0.09305,0.07699983024118738
2020-06-17,Consumer,0.17689083333333333,0.21815,0.08299173537834223
2020-06-17,Energy,-0.0005199999999999996,0.06768437499999999,0.08984437222279486
2020-06-17,Financials,-0.03236,0.10154166666666667,0.14394518235071807
2020-06-17,Healthcare,-0.1274625,0.06888333333333331,0.09820588577664331
2020-06-17,Industrials,0.0,0.13316625,0.15541742399555342
2020-06-17,Materials,-0.6124,0.0,0.12883571428571428
2020-06-17,RealEstate,-0.02070000000000001,0.263075,0.13163556878306878
2020-06-17,Tech,0.053137500000000004,0.1823875,0.13782342750062987
2020-06-17,Utilities,0.0,0.41805000000000003,0.23635511904761908
2020-06-18,Comm,0.011561249999999999,0.12827833333333333,0.07613362389198104
2020-06-18,Consumer,0.06908252380952382,0.17689083333333333,0.08180461633072318
2020-06-18,Energy,0.019853333333333334,-0.0005199999999999996,0.08300410086980921
2020-06-18,Financials,-0.09981999999999999,-0.03236,0.1390640493197279
2020-06-18,Healthcare,0.3164416666666667,-0.1274625,0.08685103657029408
2020-06-18,Industrials,-0.06196833333333333,0.0,0.13705868373581317
2020-06-18,Materials,0.0,-0.6124,0.09485059523809525
2020-06-18,RealEstate,0.34626666666666667,-0.02070000000000001,0.10436850529100529
2020-06-18,Tech,0.209825,0.053137500000000004,0.13961394337364577
2020-06-18,Utilities,0.4316,0.0,0.2208400396825397
2020-06-19,Comm,0.15536666666666665,0.011561249999999999,0.07051476278086992
2020-06-19,Consumer,0.00780155555555555,0.06908252380952382,0.08854598437537695
2020-06-19,Energy,0.315981746031746,0.019853333333333334,0.07654378340949174
2020-06-19,Financials,-0.103975,-0.09981999999999999,0.1314537023809524
2020-06-19,Healthcare,0.16852916666666667,0.3164416666666667,0.09140189371315123
2020-06-19,Industrials,0.1101,-0.06196833333333333,0.14016554881517823
2020-06-19,Materials,-0.11315,0.0,0.09287149470899471
2020-06-19,RealEstate,0.0,0.34626666666666667,0.11589390211640212
2020-06-19,Tech,-0.12040000000000001,0.209825,0.14559576877047115
2020-06-19,Utilities,0.32135,0.4316,0.22838289682539684
2020-06-22,Comm,0.17502083333333332,0.15536666666666665,0.0781834294475366
2020-06-22,Consumer,0.04642333333333333,0.00780155555555555,0.09020041319134778
2020-06-22,Energy,0.22134166666666666,0.315981746031746,0.09267835634977897
2020-06-22,Financials,-0.064625,-0.103975,0.10865203571428571
2020-06-22,Healthcare,0.3400083333333333,0.16852916666666667,0.09826317852622177
2020-06-22,Industrials,0.12918888888888888,0.1101,0.13830562818025763
2020-06-22,Materials,0.10485,-0.11315,0.07850244708994708
2020-06-22,RealEstate,0.0,0.0,0.11286104497354496
2020-06-22,Tech,0.1924352380952381,-0.12040000000000001,0.12857664178634418
2020-06-22,Utilities,-0.11163888888888888,0.32135,0.24158686507936508
2020-06-23,Comm,0.1642972222222222,0.17502083333333332,0.08135242151102864
2020-06-23,Consumer,0.17650266666666667,0.04642333333333333,0.09123024003117461
2020-06-23,Energy,0.1816625,0.22134166666666666,0.10558700714342976
2020-06-23,Financials,0.1175875,-0.064625,0.10168775
2020-06-23,Healthcare,0.003990625000000001,0.3400083333333333,0.11000157535161857
2020-06-23,Industrials,0.17159799999999997,0.12918888888888888,0.14409934511147454
2020-06-23,Materials,0.07646666666666667,0.10485,0.07630562169312169
2020-06-23,RealEstate,0.0,0.0,0.11286104497354496
2020-06-23,Tech,0.07456666666666667,0.1924352380952381,0.137162314499874
2020-06-23,Utilities,0.0683,-0.11163888888888888,0.2204539417989418
2020-06-24,Comm,0.17123535353535355,0.1642972222222222,0.09158514637875352
2020-06-24,Consumer,0.015461000000000003,0.17650266666666667,0.09934761569255028
2020-06-24,Energy,-0.1898207142857143,0.1816625,0.11634357063549325
2020-06-24,Financials,0.08500333333333336,0.1175875,0.09780064682539681
2020-06-24,Healthcare,0.01970833333333333,0.003990625000000001,0.10410755749447571
2020-06-24,Industrials,-0.034453333333333336,0.17159799999999997,0.14687464669877612
2020-06-24,Materials,0.0,0.07646666666666667,0.07669451058201059
2020-06-24,RealEstate,-0.1806,0.0,0.10913862433862434
2020-06-24,Tech,-0.1557208333333333,0.07456666666666667,0.14880901291257245
2020-06-24,Utilities,-0.1027,0.0683,0.21874679894179896
2020-06-25,Comm,0.11716444444444445,0.17123535353535355,0.09317708384869099
2020-06-25,Consumer,0.0876294,0.015461000000000003,0.09040342748393349
2020-06-25,Energy,0.11410380952380952,-0.1898207142857143,0.10245823049943883
2020-06-25,Financials,-0.01028685714285715,0.08500333333333336,0.09414650850340137
2020-06-25,Healthcare,0.15567083333333334,0.01970833333333333,0.10329737382100633
2020-06-25,Industrials,-0.07478088235294118,-0.034453333333333336,0.13088163082576026
2020-06-25,Materials,0.4019,0.0,0.06726924603174604
2020-06-25,RealEstate,0.0,-0.1806,0.09530952380952382
2020-06-25,Tech,-0.42828333333333335,-0.1557208333333333,0.13833218978332074
2020-06-25,Utilities,0.0,-0.1027,0.19816108465608467
2020-06-26,Comm,0.36275,0.11716444444444445,0.09160570818731532
2020-06-26,Consumer,0.1670535294117647,0.0876294,0.08728653744064345
2020-06-26,Energy,0.08318888888888888,0.11410380952380952,0.11142365000057262
2020-06-26,Financials,0.013000595238095242,-0.01028685714285715,0.08044319557823129
2020-06-26,Healthcare,-0.061418333333333325,0.15567083333333334,0.1111310113871439
2020-06-26,Industrials,0.016998148148148148,-0.07478088235294118,0.1104068949314025
2020-06-26,Materials,0.34,0.4019,0.08640734126984127
2020-06-26,RealEstate,0.0191,0.0,0.09530952380952382
2020-06-26,Tech,-0.054025,-0.42828333333333335,0.1104699675610985
2020-06-26,Utilities,0.11333333333333334,0.0,0.18792358465608466
2020-06-29,Comm,0.020961025641025643,0.36275,0.10433930991891704
2020-06-29,Consumer,0.04655276923076923,0.1670535294117647,0.09105457058723543
2020-06-29,Energy,0.023400000000000008,0.08318888888888888,0.10857407328099589
2020-06-29,Financials,0.16995166666666667,0.013000595238095242,0.08041539058956916
2020-06-29,Healthcare,0.167875,-0.061418333333333325,0.11116021773635028
2020-06-29,Industrials,0.22736607142857143,0.016998148148148148,0.10496982488857055
2020-06-29,Materials,0.11315,0.34,0.09503829365079365
2020-06-29,RealEstate,0.0,0.0191,0.08629761904761904
2020-06-29,Tech,0.19183333333333333,-0.054025,0.10303784737969261
2020-06-29,Utilities,0.0,0.11333333333333334,0.187372791005291
2020-06-30,Comm,0.1538904761904762,0.020961025641025643,0.09933685875896592
2020-06-30,Consumer,0.057023333333333336,0.04655276923076923,0.08942720585672784
2020-06-30,Energy,0.12735583333333333,0.023400000000000008,0.103489311376234
2020-06-30,Financials,0.03491928571428572,0.16995166666666667,0.08654156519274377
2020-06-30,Healthcare,0.13658333333333336,0.167875,0.10973022435010689
2020-06-30,Industrials,0.04238000000000001,0.22736607142857143,0.10683051082961363
2020-06-30,Materials,0.06743333333333333,0.11315,0.09999781746031745
2020-06-30,RealEstate,0.3609,0.0,0.08534206349206348
2020-06-30,Tech,0.39919,0.19183333333333333,0.10408782753842277
2020-06-30,Utilities,0.17,0.0,0.17719580687830688
2020-07-01,Comm,-0.0343,0.1538904761904762,0.0990590991217777
2020-07-01,Consumer,-0.1007424025974026,0.057023333333333336,0.08827478343704226
2020-07-01,Energy,0.05932916666666667,0.12735583333333333,0.1144272424729151
2020-07-01,Financials,-0.31714166666666666,0.03491928571428572,0.08518434070294785
2020-07-01,Healthcare,0.2474236111111111,0.13658333333333336,0.10898148096386348
2020-07-01,Industrials,0.26006111111111113,0.04238000000000001,0.10343360606770888
2020-07-01,Materials,0.10115,0.06743333333333333,0.09887242063492062
2020-07-01,RealEstate,0.0,0.3609,0.10543253968253968
2020-07-01,Tech,0.18099999999999997,0.39919,0.11638846245905768
2020-07-01,Utilities,0.176,0.17,0.18204977513227513
2020-07-02,Comm,-0.014825,-0.0343,0.08364983986251844
2020-07-02,Consumer,0.16190600000000002,-0.1007424025974026,0.08902736744034054
2020-07-02,Energy,0.17867757575757576,0.05932916666666667,0.10924699870874276
2020-07-02,Financials,0.07885,-0.31714166666666666,0.06579716080876795
2020-07-02,Healthcare,0.16365833333333332,0.2474236111111111,0.11975521713509965
2020-07-02,Industrials,0.027878124999999997,0.26006111111111113,0.09839215104125387
2020-07-02,Materials,0.0,0.10115,0.0906078373015873
2020-07-02,RealEstate,-0.064,0.0,0.09831507936507937
2020-07-02,Tech,0.295125,0.18099999999999997,0.11456243071302594
2020-07-02,Utilities,0.8074,0.176,0.18001128306878306
2020-07-06,Comm,0.04434400000000001,-0.014825,0.08640563351331207
2020-07-06,Consumer,0.0012227619047619042,0.16190600000000002,0.08731078240632695
2020-07-06,Energy,0.12836380952380952,0.17867757575757576,0.09265247850672256
2020-07-06,Financials,0.0469425,0.07885,0.05925743291761149
2020-07-06,Healthcare,0.09275857142857143,0.16365833333333332,0.11545197072542465
2020-07-06,Industrials,0.008782727272727272,0.027878124999999997,0.08376553311509789
2020-07-06,Materials,-0.11442500000000001,0.0,0.08308521825396824
2020-07-06,RealEstate,-0.1591,-0.064,0.09111507936507936
2020-07-06,Tech,0.07276915584415584,0.295125,0.10852028785588311
2020-07-06,Utilities,0.23985845410628018,0.8074,0.21845890211640212
2020-07-07,Comm,0.08076000000000001,0.04434400000000001,0.08088939541807398
2020-07-07,Consumer,0.14487181818181818,0.0012227619047619042,0.07737793773512514
2020-07-07,Energy,-0.04622738095238096,0.12836380952380952,0.09509665991261824
2020-07-07,Financials,-0.13842500000000002,0.0469425,0.05303620275888134
2020-07-07,Healthcare,0.12016666666666667,0.09275857142857143,0.11497254517742769
2020-07-07,Industrials,-0.06824285714285715,0.008782727272727272,0.07936315164735928
2020-07-07,Materials,0.0,-0.11442500000000001,0.07916021825396824
2020-07-07,RealEstate,0.48385,-0.1591,0.07649126984126983
2020-07-07,Tech,0.35015,0.07276915584415584,0.10469302543576355
2020-07-07,Utilities,-0.1796,0.23985845410628018,0.23277216183574878
2020-07-08,Comm,-0.08660625,0.08076000000000001,0.07944764938632795
2020-07-08,Consumer,0.18475666666666668,0.14487181818181818,0.07487881796600536
2020-07-08,Energy,0.5859,-0.04622738095238096,0.08072694335933026
2020-07-08,Financials,0.25695,-0.13842500000000002,0.028681504346182923
2020-07-08,Healthcare,0.18671488095238095,0.12016666666666667,0.11300627533615784
2020-07-08,Industrials,0.134395,-0.06824285714285715,0.059410158450080366
2020-07-08,Materials,0.5719,0.0,0.06964563492063491
2020-07-08,RealEstate,-0.5994,0.48385,0.09953174603174604
2020-07-08,Tech,0.030240000000000003,0.35015,0.11224575912183055
2020-07-08,Utilities,-0.09633611111111111,-0.1796,0.21891561421670122
2020-07-09,Comm,0.21056249999999999,-0.08660625,0.08070889938632796
2020-07-09,Consumer,0.08616750000000001,0.18475666666666668,0.07593453225171964
2020-07-09,Energy,0.18226250000000002,0.5859,0.10245024948177923
2020-07-09,Financials,0.17742708333333335,0.25695,0.031115517951625097
2020-07-09,Healthcare,0.044638888888888895,0.18671488095238095,0.1192564451058201
2020-07-09,Industrials,0.018888888888888917,0.134395,0.06211518646128485
2020-07-09,Materials,0.0,0.5719,0.08714563492063492
2020-07-09,RealEstate,0.0,-0.5994,0.058555555555555555
2020-07-09,Tech,0.1812904761904762,0.030240000000000003,0.1091213146773861
2020-07-09,Utilities,0.17556666666666665,-0.09633611111111111,0.17668056130664828
2020-07-10,Comm,0.0,0.21056249999999999,0.09073568510061367
2020-07-10,Consumer,0.007357142857142847,0.08616750000000001,0.07882893323433492
2020-07-10,Energy,0.17794666666666667,0.18226250000000002,0.09153468598971576
2020-07-10,Financials,0.04296,0.17742708333333335,0.03474005026455027
2020-07-10,Healthcare,0.22027181818181818,0.044638888888888895,0.12130743716931218
2020-07-10,Industrials,-0.10286190476190477,0.018888888888888917,0.057077276408374795
2020-07-10,Materials,0.0,0.0,0.06927420634920635
2020-07-10,RealEstate,0.0772,0.0,0.057941269841269835
2020-07-10,Tech,0.0,0.1812904761904762,0.10362836683158112
2020-07-10,Utilities,0.36819999999999997,0.17556666666666665,0.16964921210029907
2020-07-13,Comm,0.041733333333333324,0.0,0.09016604224347081
2020-07-13,Consumer,0.16700771428571426,0.007357142857142847,0.08025065259116856
2020-07-13,Energy,0.44849999999999995,0.17794666666666667,0.10742685530188507
2020-07-13,Financials,0.03127666666666666,0.04296,0.028252289493575215
2020-07-13,Healthcare,0.05238,0.22027181818181818,0.1271145607864358
2020-07-13,Industrials,0.17143333333333333,-0.10286190476190477,0.04955369364193488
2020-07-13,Materials,0.0,0.0,0.06927420634920635
2020-07-13,RealEstate,0.0,0.0772,0.060447222222222215
2020-07-13,Tech,0.32982500000000003,0.0,0.10283878349824778
2020-07-13,Utilities,0.020249999999999997,0.36819999999999997,0.18718254543363239
2020-07-14,Comm,0.04039642857142857,0.041733333333333324,0.09182459099630529
2020-07-14,Consumer,0.08158119047619047,0.16700771428571426,0.08582467897748065
2020-07-14,Energy,-0.0258,0.44849999999999995,0.13345280768283743
2020-07-14,Financials,0.011402152777777773,0.03127666666666666,0.025933517006802728
2020-07-14,Healthcare,0.22698999999999997,0.05238,0.11957837031024532
2020-07-14,Industrials,0.09359300000000001,0.17143333333333333,0.052552854639667315
2020-07-14,Materials,0.0,0.0,0.05814087301587302
2020-07-14,RealEstate,0.0,0.0,0.04874007936507936
2020-07-14,Tech,0.10832,0.32982500000000003,0.10839880333951762
2020-07-14,Utilities,0.2732,0.020249999999999997,0.17299445019553716
2020-07-15,Comm,0.07219166666666665,0.04039642857142857,0.08848368018753733
2020-07-15,Consumer,0.12762828571428572,0.08158119047619047,0.08624980142646026
2020-07-15,Energy,-0.13835833333333333,-0.0258,0.1309209029209327
2020-07-15,Financials,0.29622365217391305,0.011402152777777773,0.023415365551776274
2020-07-15,Healthcare,0.399875,0.22698999999999997,0.12924467983405483
2020-07-15,Industrials,0.16625,0.09359300000000001,0.060394307020619695
2020-07-15,Materials,0.0,0.0,0.05762261904761905
2020-07-15,RealEstate,0.014283333333333334,0.0,0.03464484126984127
2020-07-15,Tech,0.078175,0.10832,0.10847019222840651
2020-07-15,Utilities,0.529,0.2732,0.17299445019553716
2020-07-16,Comm,0.16331666666666667,0.07219166666666665,0.09084915637801351
2020-07-16,Consumer,0.17396198412698413,0.12762828571428572,0.09192036296016463
2020-07-16,Energy,0.1645,-0.13835833333333333,0.11975359251528894
2020-07-16,Financials,-0.039508585858585854,0.29622365217391305,0.0332096466076769
2020-07-16,Healthcare,0.2455925,0.399875,0.14017559820140177
2020-07-16,Industrials,0.0036750000000000003,0.16625,0.06522724919749046
2020-07-16,Materials,0.0172,0.0,0.044613095238095236
2020-07-16,RealEstate,0.0,0.014283333333333334,0.02575595238095238
2020-07-16,Tech,-0.008471666666666655,0.078175,0.10342098587920018
2020-07-16,Utilities,0.142975,0.529,0.17246825971934668
2020-07-17,Comm,-0.4989,0.16331666666666667,0.09419518812404527
2020-07-17,Consumer,0.09583222222222224,0.17396198412698413,0.08981617172811626
2020-07-17,Energy,-0.019125000000000007,0.1645,0.12436386037243181
2020-07-17,Financials,-0.04675047619047619,-0.039508585858585854,0.0264929679159982
2020-07-17,Healthcare,-0.08089166666666667,0.2455925,0.148590320423624
2020-07-17,Industrials,0.1124625,0.0036750000000000003,0.05906099919749045
2020-07-17,Materials,0.0,0.0172,0.04543214285714285
2020-07-17,RealEstate,0.0,0.0,0.013228571428571426
2020-07-17,Tech,-0.05758,-0.008471666666666655,0.09433245413316842
2020-07-17,Utilities,0.3197,0.142975,0.15936945019553714
2020-07-20,Comm,0.06828333333333332,-0.4989,0.06432955320341034
2020-07-20,Consumer,0.06023041125541125,0.09583222222222224,0.0859562378656824
2020-07-20,Energy,0.08381055555555557,-0.019125000000000007,0.12347790799147941
2020-07-20,Financials,0.11649999999999999,-0.04675047619047619,0.025807707145023145
2020-07-20,Healthcare,0.25975833333333337,-0.08089166666666667,0.15080797915378272
2020-07-20,Industrials,0.2762636363636364,0.1124625,0.06441635634034759
2020-07-20,Materials,0.0,0.0,0.07459404761904762
2020-07-20,RealEstate,0.0,0.0,0.01421428571428571
2020-07-20,Tech,0.1277673076923077,-0.05758,0.08906019222840651
2020-07-20,Utilities,0.0131,0.3197,0.17459325971934667
2020-07-21,Comm,0.17599666666666666,0.06828333333333332,0.06703060479071193
2020-07-21,Consumer,0.21607577639751555,0.06023041125541125,0.08553470869643895
2020-07-21,Energy,0.24793843711843713,0.08381055555555557,0.12652349000206145
2020-07-21,Financials,0.16736190476190477,0.11649999999999999,0.03610865952597552
2020-07-21,Healthcare,0.2214125,0.25975833333333337,0.14810877280457638
2020-07-21,Industrials,0.13295714285714286,0.2762636363636364,0.08052264061163186
2020-07-21,Materials,0.0,0.0,0.07459404761904762
2020-07-21,RealEstate,0.08808,0.0,-0.0022746031746031787
2020-07-21,Tech,0.23766,0.1277673076923077,0.08515268307089736
2020-07-21,Utilities,0.1495,0.0131,0.15466468829077526
2020-07-22,Comm,0.09405,0.17599666666666666,0.06801298574309288
2020-07-22,Consumer,0.091004,0.21607577639751555,0.09545252873653229
2020-07-22,Energy,0.158025,0.24793843711843713,0.12328333243476101
2020-07-22,Financials,0.04424791666666666,0.16736190476190477,0.04902946451463767
2020-07-22,Healthcare,0.5211666666666667,0.2214125,0.15062702677283032
2020-07-22,Industrials,-0.003961111111111119,0.13295714285714286,0.08161107598578152
2020-07-22,Materials,0.1366,0.0,0.07998214285714285
2020-07-22,RealEstate,0.14934999999999998,0.08808,0.0019196825396825357
2020-07-22,Tech,0.2235722222222222,0.23766,0.10220315926137354
2020-07-22,Utilities,0.0,0.1495,0.14648135495744188
2020-07-23,Comm,-0.19804999999999998,0.09405,0.06415723177483892
2020-07-23,Consumer,0.048864294871794875,0.091004,0.09757541762542117
2020-07-23,Energy,0.027800000000000005,0.158025,0.12026825306968164
2020-07-23,Financials,0.010518333333333334,0.04424791666666666,0.054213889117812254
2020-07-23,Healthcare,-0.06659999999999998,0.5211666666666667,0.15925361407441765
2020-07-23,Industrials,0.2657075,-0.003961111111111119,0.07527059979530533
2020-07-23,Materials,0.00931750000000001,0.1366,0.08149404761904762
2020-07-23,RealEstate,0.148,0.14934999999999998,0.009031587301587297
2020-07-23,Tech,0.2287962962962963,0.2235722222222222,0.10368587279122994
2020-07-23,Utilities,0.15332500000000002,0.0,0.15179749252357946
2020-07-24,Comm,0.023815625000000003,-0.19804999999999998,0.046902602145209284
2020-07-24,Consumer,-0.008540833333333333,0.048864294871794875,0.09149739992090347
2020-07-24,Energy,0.21811153846153847,0.027800000000000005,0.11294146735539592
2020-07-24,Financials,-0.013712499999999997,0.010518333333333334,0.049115357371780514
2020-07-24,Healthcare,0.164015,-0.06659999999999998,0.1558921557410843
2020-07-24,Industrials,0.22818750000000002,0.2657075,0.0797520045572101
2020-07-24,Materials,0.13965000000000002,0.00931750000000001,0.07829646825396826
2020-07-24,RealEstate,0.0,0.148,0.016079206349206343
2020-07-24,Tech,0.19541746031746032,0.2287962962962963,0.11103014086883135
2020-07-24,Utilities,0.2648,0.15332500000000002,0.155846302047389
2020-07-27,Comm,0.1796,0.023815625000000003,0.03988261507209721
2020-07-27,Consumer,0.11259861111111111,-0.008540833333333333,0.09035445547645903
2020-07-27,Energy,0.03866,0.21811153846153847,0.13236681272431272
2020-07-27,Financials,0.16995208333333334,-0.013712499999999997,0.04441460340352655
2020-07-27,Healthcare,-0.004582142857142856,0.164015,0.16276390177283034
2020-07-27,Industrials,0.15834166666666666,0.22818750000000002,0.09225871090641644
2020-07-27,Materials,0.024695,0.13965000000000002,0.08494646825396826
2020-07-27,RealEstate,0.26125,0.0,0.024679206349206343
2020-07-27,Tech,0.16424583333333334,0.19541746031746032,0.12775101199505962
2020-07-27,Utilities,-0.013293749999999993,0.2648,0.17334630204738902
2020-07-28,Comm,0.172625,0.1796,0.04285573676521891
2020-07-28,Consumer,0.09230752380952381,0.11259861111111111,0.09154346552936908
2020-07-28,Energy,0.2023,0.03866,0.12877425036603607
2020-07-28,Financials,0.05495,0.16995208333333334,0.05299741009286896
2020-07-28,Healthcare,0.047625,-0.004582142857142856,0.15513280766852194
2020-07-28,Industrials,0.12604796052631578,0.15834166666666666,0.10335978466925491
2020-07-28,Materials,0.2832375,0.024695,0.06698432539682539
2020-07-28,RealEstate,0.0,0.26125,0.03711968253968253
2020-07-28,Tech,0.08935357142857142,0.16424583333333334,0.15596668659823423
2020-07-28,Utilities,0.2202,-0.013293749999999993,0.17271326633310327
2020-07-29,Comm,0.024543750000000003,0.172625,0.033802165336647476
2020-07-29,Consumer,0.04226472222222223,0.09230752380952381,0.08798413192926237
2020-07-29,Energy,0.3002125,0.2023,0.13444620803799376
2020-07-29,Financials,0.08430476190476191,0.05495,0.05499500079581679
2020-07-29,Healthcare,0.138288,0.047625,0.16032534735106163
2020-07-29,Industrials,0.06423157051282052,0.12604796052631578,0.10855263287773909
2020-07-29,Materials,0.06363333333333333,0.2832375,0.06428134920634922
2020-07-29,RealEstate,0.10452999999999998,0.0,0.036210158730158724
2020-07-29,Tech,0.23283190464426878,0.08935357142857142,0.16279423761864237
2020-07-29,Utilities,0.17923333333333333,0.2202,0.17780215522199216
2020-07-30,Comm,0.06398833333333334,0.024543750000000003,0.033972771258503405
2020-07-30,Consumer,0.10741133333333334,0.04226472222222223,0.08777993921456965
2020-07-30,Energy,0.058042666666666666,0.3002125,0.14762775565704137
2020-07-30,Financials,0.27354666666666666,0.08430476190476191,0.05091657675953561
2020-07-30,Healthcare,-0.014190625,0.138288,0.15891644258915688
2020-07-30,Industrials,0.0753268376068376,0.06423157051282052,0.10078432331032237
2020-07-30,Materials,0.0039000000000000033,0.06363333333333333,0.06192341269841269
2020-07-30,RealEstate,-0.119175,0.10452999999999998,0.04118777777777777
2020-07-30,Tech,0.040823611111111116,0.23283190464426878,0.16474655053821075
2020-07-30,Utilities,0.08778333333333332,0.17923333333333333,0.1863370758569128
2020-07-31,Comm,0.20481666666666665,0.06398833333333334,0.0296917168367347
2020-07-31,Consumer,0.029280285714285714,0.10741133333333334,0.09017936778599822
2020-07-31,Energy,-0.027899523809523805,0.058042666666666666,0.1443271286729144
2020-07-31,Financials,-0.08325,0.27354666666666666,0.062279785376315656
2020-07-31,Healthcare,0.07349145299145299,-0.014190625,0.15173673028756957
2020-07-31,Industrials,-0.010027999999999999,0.0753268376068376,0.1023532203392194
2020-07-31,Materials,0.2732,0.0039000000000000033,0.05889801587301587
2020-07-31,RealEstate,0.29295,-0.119175,0.018327063492063485
2020-07-31,Tech,0.26335,0.040823611111111116,0.1476814844006446
2020-07-31,Utilities,0.173875,0.08778333333333332,0.18242199649183344
2020-08-03,Comm,0.24238400000000002,0.20481666666666665,0.04107822477324263
2020-08-03,Consumer,0.050337607843137254,0.029280285714285714,0.09637092437226909
2020-08-03,Energy,0.10191750000000002,-0.027899523809523805,0.1401733815073815
2020-08-03,Financials,0.05421,-0.08325,0.07341748378901407
2020-08-03,Healthcare,0.05058619047619047,0.07349145299145299,0.14345424656758587
2020-08-03,Industrials,-0.11562018181818183,-0.010027999999999999,0.08949183409583315
2020-08-03,Materials,0.63375,0.2732,0.067090873015873
2020-08-03,RealEstate,-0.0258,0.29295,0.03227706349206348
2020-08-03,Tech,0.15939222222222224,0.26335,0.15160291297207318
2020-08-03,Utilities,0.3444666666666667,0.173875,0.18232080601564296
2020-08-04,Comm,0.08877538461538462,0.24238400000000002,0.05332627239229025
2020-08-04,Consumer,0.20537616161616162,0.050337607843137254,0.09105814379337086
2020-08-04,Energy,-0.014212499999999996,0.10191750000000002,0.1365181398046398
2020-08-04,Financials,0.028711666666666656,0.05421,0.07224415045568074
2020-08-04,Healthcare,0.0016916666666666677,0.05058619047619047,0.13806985881248382
2020-08-04,Industrials,0.07183333333333332,-0.11562018181818183,0.08265858139020546
2020-08-04,Materials,0.148,0.63375,0.09726944444444444
2020-08-04,RealEstate,-0.2997,-0.0258,0.034096111111111105
2020-08-04,Tech,0.14003060606060605,0.15939222222222224,0.14513944736360757
2020-08-04,Utilities,0.3929666666666667,0.3444666666666667,0.16027636157119854
2020-08-05,Comm,0.1688125,0.08877538461538462,0.05544205261207047
2020-08-05,Consumer,0.020249411764705884,0.20537616161616162,0.10077973425581847
2020-08-05,Energy,0.15685833333333332,-0.014212499999999996,0.12972879173207744
2020-08-05,Financials,0.132305,0.028711666666666656,0.07137601553504583
2020-08-05,Healthcare,-0.023299999999999987,0.0016916666666666677,0.1337333395381074
2020-08-05,Industrials,0.12022249999999998,0.07183333333333332,0.08566099120261526
2020-08-05,Materials,-0.017116666666666665,0.148,0.10976587301587303
2020-08-05,RealEstate,0.074,-0.2997,0.027400873015873007
2020-08-05,Tech,0.08502410714285716,0.14003060606060605,0.1483423735643909
2020-08-05,Utilities,-0.03423333333333333,0.3929666666666667,0.16756722883597883
2020-08-06,Comm,0.2236301587301587,0.1688125,0.059635028802546654
2020-08-06,Consumer,0.060406,0.020249411764705884,0.0948453339502417
2020-08-06,Energy,0.19343333333333332,0.15685833333333332,0.13939954003139718
2020-08-06,Financials,0.0031250000000000062,0.132305,0.08426792029695059
2020-08-06,Healthcare,0.30344166666666667,-0.023299999999999987,0.12690159350636138
2020-08-06,Industrials,0.30506666666666665,0.12022249999999998,0.09463553201894179
2020-08-06,Materials,0.34626666666666667,-0.017116666666666665,0.10895079365079366
2020-08-06,RealEstate,0.0,0.074,0.00788420634920634
2020-08-06,Tech,0.03765833333333333,0.08502410714285716,0.13571733104738412
2020-08-06,Utilities,0.067925,-0.03423333333333333,0.17448945105820104
2020-08-07,Comm,0.0760128205128205,0.2236301587301587,0.0744081911230304
2020-08-07,Consumer,0.14675666666666665,0.060406,0.08892387363278138
2020-08-07,Energy,0.04856888888888889,0.19343333333333332,0.1207106511425083
2020-08-07,Financials,0.05669166666666667,0.0031250000000000062,0.07218101553504581
2020-08-07,Healthcare,0.2503357142857143,0.30344166666666667,0.13246001187370832
2020-08-07,Industrials,-5.416666666667458e-05,0.30506666666666665,0.10276275424116402
2020-08-07,Materials,0.0,0.34626666666666667,0.0982063492063492
2020-08-07,RealEstate,0.33947499999999997,0.0,0.03642706349206349
2020-08-07,Tech,0.31845,0.03765833333333333,0.13607058501563807
2020-08-07,Utilities,0.0,0.067925,0.18231140873015872
2020-08-10,Comm,0.23690333333333333,0.0760128205128205,0.06800106352840281
2020-08-10,Consumer,0.09989385281385281,0.14675666666666665,0.09180907204547979
2020-08-10,Energy,0.19686977777777778,0.04856888888888889,0.11434428870864585
2020-08-10,Financials,0.26968333333333333,0.05669166666666667,0.06643170997949026
2020-08-10,Healthcare,0.16973888888888888,0.2503357142857143,0.14225509879736664
2020-08-10,Industrials,0.15898333333333334,-5.416666666667458e-05,0.10186070397661376
2020-08-10,Materials,0.15057777777777778,0.0,0.0982063492063492
2020-08-10,RealEstate,0.0,0.33947499999999997,0.05259253968253968
2020-08-10,Tech,0.12135,0.31845,0.1426019909113297
2020-08-10,Utilities,0.03229444444444445,0.0,0.17395109126984126
2020-08-11,Comm,0.13919444444444445,0.23690333333333333,0.07928217463951392
2020-08-11,Consumer,0.06640854166666668,0.09989385281385281,0.09621558204341836
2020-08-11,Energy,0.2246669642857143,0.19686977777777778,0.11524538923774638
2020-08-11,Financials,0.13545000000000001,0.26968333333333333,0.07722805918583947
2020-08-11,Healthcare,0.11333333333333334,0.16973888888888888,0.13984876883103667
2020-08-11,Industrials,0.03422037037037037,0.15898333333333334,0.11432952483829177
2020-08-11,Materials,0.0,0.15057777777777778,0.10537671957671957
2020-08-11,RealEstate,0.4019,0.0,0.048916349206349206
2020-08-11,Tech,0.24845166666666665,0.12135,0.14838056233990113
2020-08-11,Utilities,0.3568,0.03229444444444445,0.15795558862433862
2020-08-12,Comm,0.13904999999999998,0.13919444444444445,0.08392317993051922
2020-08-12,Consumer,0.00948645833333333,0.06640854166666668,0.09142514525203514
2020-08-12,Energy,0.16271333333333332,0.2246669642857143,0.10458667325135182
2020-08-12,Financials,0.035188888888888895,0.13545000000000001,0.08218869410647438
2020-08-12,Healthcare,0.06743333333333333,0.11333333333333334,0.14275130851357637
2020-08-12,Industrials,0.015781249999999997,0.03422037037037037,0.10779557422100781
2020-08-12,Materials,0.0,0.0,0.10537671957671957
2020-08-12,RealEstate,0.0,0.4019,0.06805444444444445
2020-08-12,Tech,-0.07413869047619048,0.24845166666666665,0.14450564170498048
2020-08-12,Utilities,0.02732,0.3568,0.17398177910052912
2020-08-13,Comm,0.074,0.13904999999999998,0.08862096904616548
2020-08-13,Consumer,0.053421666666666645,0.00948645833333333,0.08799206276904195
2020-08-13,Energy,0.1366,0.16271333333333332,0.11356349864817725
2020-08-13,Financials,-0.09380333333333332,0.035188888888888895,0.08332139582605111
2020-08-13,Healthcare,-0.13394,0.06743333333333333,0.13515337200563987
2020-08-13,Industrials,-0.11723333333333334,0.015781249999999997,0.10409025279243636
2020-08-13,Materials,0.0,0.0,0.10537671957671957
2020-08-13,RealEstate,0.0,0.0,0.06805444444444445
2020-08-13,Tech,0.07164761904761903,-0.07413869047619048,0.1358171326346857
2020-08-13,Utilities,0.0,0.02732,0.1622732076719577
2020-08-14,Comm,-0.07955,0.074,0.08870708015727657
2020-08-14,Consumer,0.058534375,0.053421666666666645,0.08445841424296485
2020-08-14,Energy,0.29510833333333336,0.1366,0.1266567526164312
2020-08-14,Financials,0.10020833333333333,-0.09380333333333332,0.06474868223046795
2020-08-14,Healthcare,0.0,-0.13394,0.10973361010087795
2020-08-14,Industrials,0.008364999999999989,-0.11723333333333334,0.09059104644323003
2020-08-14,Materials,0.0,0.0,0.10537671957671957
2020-08-14,RealEstate,0.12726666666666667,0.0,0.0673742857142857
2020-08-14,Tech,0.27919583333333337,0.07164761904761903,0.13550630497028657
2020-08-14,Utilities,0.6369,0.0,0.13708273148148148
2020-08-17,Comm,0.12658666666666668,-0.07955,0.07714200079219721
2020-08-17,Consumer,0.18120333333333336,0.058534375,0.07896186142739417
2020-08-17,Energy,-0.0774,0.29510833333333336,0.13287619706087567
2020-08-17,Financials,0.07636666666666668,0.10020833333333333,0.07140186885865457
2020-08-17,Healthcare,0.28033,0.0,0.09803872914849701
2020-08-17,Industrials,0.15366666666666665,0.008364999999999989,0.09081437977656336
2020-08-17,Materials,0.31083333333333335,0.0,0.10455767195767196
2020-08-17,RealEstate,0.31845,0.12726666666666667,0.07343460317460317
2020-08-17,Tech,-0.0011175000000000074,0.27919583333333337,0.14920475735123898
2020-08-17,Utilities,0.473775,0.6369,0.16060296957671957
2020-08-18,Comm,0.12132666666666667,0.12658666666666668,0.10692708015727659
2020-08-18,Consumer,0.08419410714285715,0.18120333333333336,0.08302715243268517
2020-08-18,Energy,0.014091666666666662,-0.0774,0.13010119706087564
2020-08-18,Financials,0.08570208333333333,0.07636666666666668,0.07726458994708996
2020-08-18,Healthcare,-0.14966666666666667,0.28033,0.11523976089452875
2020-08-18,Industrials,0.39005,0.15366666666666665,0.09277648295116653
2020-08-18,Materials,0.09866666666666667,0.31083333333333335,0.11935925925925928
2020-08-18,RealEstate,0.5594,0.31845,0.08859888888888887
2020-08-18,Tech,0.04107083333333334,-0.0011175000000000074,0.15189344782742945
2020-08-18,Utilities,0.4576,0.473775,0.16793987433862434
2020-08-19,Comm,0.0,0.12132666666666667,0.1094529531731496
2020-08-19,Consumer,0.15142939393939395,0.08419410714285715,0.08416828080827783
2020-08-19,Energy,0.08835555555555556,0.014091666666666662,0.12678124997092854
2020-08-19,Financials,0.09297,0.08570208333333333,0.07579802248677249
2020-08-19,Healthcare,0.11181458333333334,-0.14966666666666667,0.0957433323231002
2020-08-19,Industrials,0.15887,0.39005,0.09819488121956481
2020-08-19,Materials,0.0,0.09866666666666667,0.12405767195767196
2020-08-19,RealEstate,0.0,0.5594,0.11523698412698412
2020-08-19,Tech,0.09380833333333333,0.04107083333333334,0.14776504428652593
2020-08-19,Utilities,0.0,0.4576,0.189106541005291
2020-08-20,Comm,0.0064,0.0,0.10107215952235596
2020-08-20,Consumer,0.072577,0.15142939393939395,0.0810898816436054
2020-08-20,Energy,0.05986999999999999,0.08835555555555556,0.11918206513460085
2020-08-20,Financials,0.1723692857142857,0.09297,0.07225555083144368
2020-08-20,Healthcare,0.044259999999999994,0.11181458333333334,0.09052438391040177
2020-08-20,Industrials,0.149125,0.15887,0.0994288267977961
2020-08-20,Materials,0.0,0.0,0.12405767195767196
2020-08-20,RealEstate,0.0,0.0,0.1110426984126984
2020-08-20,Tech,-0.1585777777777778,0.09380833333333333,0.14091496492144653
2020-08-20,Utilities,0.18508,0.0,0.1819874933862434
2020-08-21,Comm,0.05934444444444444,0.0064,0.09689834999854643
2020-08-21,Consumer,0.23626966666666668,0.072577,0.08021240545312919
2020-08-21,Energy,0.11383333333333334,0.05986999999999999,0.11450801751555321
2020-08-21,Financials,0.19959166666666667,0.1723692857142857,0.07835656840513984
2020-08-21,Healthcare,0.192025,0.044259999999999994,0.0678145426405605
2020-08-21,Industrials,-0.03522,0.149125,0.10671864161261091
2020-08-21,Materials,-0.128,0.0,0.11755291005291005
2020-08-21,RealEstate,0.08436666666666666,0.0,0.10393079365079365
2020-08-21,Tech,0.06362333333333334,-0.1585777777777778,0.1227173458738275
2020-08-21,Utilities,0.32785,0.18508,0.19080082671957674
2020-08-24,Comm,-0.03465000000000001,0.05934444444444444,0.10915522830542472
2020-08-24,Consumer,0.07899285714285714,0.23626966666666668,0.08913647077669452
2020-08-24,Energy,0.1332925925925926,0.11383333333333334,0.11860484291237862
2020-08-24,Financials,0.36158666666666667,0.19959166666666667,0.0873600604686319
2020-08-24,Healthcare,0.2267125,0.192025,0.08013001883103668
2020-08-24,Industrials,0.32083125,-0.03522,0.09238876066022995
2020-08-24,Materials,0.06743333333333333,-0.128,0.1110139814814815
2020-08-24,RealEstate,-0.025675,0.08436666666666666,0.1009006349206349
2020-08-24,Tech,0.01808611111111111,0.06362333333333334,0.11485196668511496
2020-08-24,Utilities,-0.03001666666666669,0.32785,0.19911154100529102
2020-08-25,Comm,0.041666666666666664,-0.03465000000000001,0.10637115092447236
2020-08-25,Consumer,0.14037083333333333,0.07899285714285714,0.09330474175175121
2020-08-25,Energy,0.011683333333333335,0.1332925925925926,0.11456584549004788
2020-08-25,Financials,0.23946666666666663,0.36158666666666667,0.10523144935752078
2020-08-25,Healthcare,0.1871462962962963,0.2267125,0.08311561406913193
2020-08-25,Industrials,0.1547,0.32083125,0.0968003678030871
2020-08-25,Materials,-0.1779,0.06743333333333333,0.10757509259259261
2020-08-25,RealEstate,0.125,-0.025675,0.09967801587301588
2020-08-25,Tech,0.05148625,0.01808611111111111,0.10640761672290788
2020-08-25,Utilities,0.1806,-0.03001666666666669,0.18507265211640211
2020-08-26,Comm,0.12346499999999999,0.041666666666666664,0.09980289695621838
2020-08-26,Consumer,0.08245238095238096,0.14037083333333333,0.09462722852423798
2020-08-26,Energy,0.19125238095238095,0.011683333333333335,0.1132812423154447
2020-08-26,Financials,0.1111875,0.23946666666666663,0.10854166761148905
2020-08-26,Healthcare,0.117564,0.1871462962962963,0.09224553974310522
2020-08-26,Industrials,-0.13220625,0.1547,0.0966269551046744
2020-08-26,Materials,0.296,-0.1779,0.09792771164021165
2020-08-26,RealEstate,0.15293333333333334,0.125,0.09318992063492063
2020-08-26,Tech,0.15337777777777775,0.05148625,0.10103811275465391
2020-08-26,Utilities,0.35112999999999994,0.1806,0.19430568783068786
2020-08-27,Comm,0.10115,0.12346499999999999,0.097461944575266
2020-08-27,Consumer,-0.02580105263157894,0.08245238095238096,0.09415793600723117
2020-08-27,Energy,0.02362514285714285,0.19125238095238095,0.11275516521793903
2020-08-27,Financials,-0.06466666666666666,0.1111875,0.11121964380196522
2020-08-27,Healthcare,0.11295866666666665,0.117564,0.0955759683145338
2020-08-27,Industrials,0.07160333333333332,-0.13220625,0.08432913555580221
2020-08-27,Materials,0.0,0.296,0.09853544973544973
2020-08-27,RealEstate,0.32425,0.15293333333333334,0.10047246031746032
2020-08-27,Tech,0.09855208333333333,0.15337777777777775,0.10408688448556849
2020-08-27,Utilities,0.0,0.35112999999999994,0.2005404497354497
2020-08-28,Comm,0.11327916666666665,0.10115,0.10110986124193268
2020-08-28,Consumer,0.032819658119658125,-0.02580105263157894,0.09091670863324064
2020-08-28,Energy,0.003908333333333333,0.02362514285714285,0.09958433868732679
2020-08-28,Financials,-0.11062500000000001,-0.06466666666666666,0.10412576625094483
2020-08-28,Healthcare,-0.014042666666666665,0.11295866666666665,0.09436980958437506
2020-08-28,Industrials,0.0593,0.07160333333333332,0.08468017188058855
2020-08-28,Materials,-0.03771666666666667,0.0,0.09550529100529102
2020-08-28,RealEstate,0.0,0.32425,0.11093531746031744
2020-08-28,Tech,0.49533333333333335,0.09855208333333333,0.09769260728028584
2020-08-28,Utilities,0.0,0.0,0.1920055291005291
2020-08-31,Comm,0.1672111111111111,0.11327916666666665,0.1034570437816152
2020-08-31,Consumer,0.03242941176470589,0.032819658119658125,0.08736472409925611
2020-08-31,Energy,-0.007902857142857139,0.003908333333333333,0.09700651329050138
2020-08-31,Financials,0.08676999999999999,-0.11062500000000001,0.08583187736205593
2020-08-31,Healthcare,0.2247888888888889,-0.014042666666666665,0.0943768552192957
2020-08-31,Industrials,0.319384,0.0593,0.08391698913740579
2020-08-31,Materials,0.0,-0.03771666666666667,0.09352354497354497
2020-08-31,RealEstate,0.6044,0.0,0.11661031746031746
2020-08-31,Tech,0.12472738095238096,0.49533333333333335,0.11933592738610595
2020-08-31,Utilities,0.03904333333333333,0.0,0.18782537037037036
2020-09-01,Comm,0.14038333333333333,0.1672111111111111,0.10166630304087447
2020-09-01,Consumer,0.10565595238095238,0.03242941176470589,0.08751468248260946
2020-09-01,Energy,0.04569999999999999,-0.007902857142857139,0.09795873551272362
2020-09-01,Financials,0.13754666666666665,0.08676999999999999,0.0939280678382464
2020-09-01,Healthcare,0.08634404761904763,0.2247888888888889,0.1015814950239355
2020-09-01,Industrials,0.07876666666666667,0.319384,0.09960327485169153
2020-09-01,Materials,0.0,0.0,0.08051402116402118
2020-09-01,RealEstate,0.04148333333333334,0.6044,0.13144126984126983
2020-09-01,Tech,0.019481250000000006,0.12472738095238096,0.11273485028860028
2020-09-01,Utilities,0.0,0.03904333333333333,0.18140481481481482
2020-09-02,Comm,0.2509888888888889,0.14038333333333333,0.09680912843769987
2020-09-02,Consumer,0.2,0.10565595238095238,0.09014888936536256
2020-09-02,Energy,-0.0921,0.04569999999999999,0.0952817117031998
2020-09-02,Financials,0.12542444444444442,0.13754666666666665,0.0978964805366591
2020-09-02,Healthcare,-0.20051875,0.08634404761904763,0.10328425012597633
2020-09-02,Industrials,0.2347888888888889,0.07876666666666667,0.10885979144620811
2020-09-02,Materials,0.0,0.0,0.05033544973544975
2020-09-02,RealEstate,0.0,0.04148333333333334,0.1346452380952381
2020-09-02,Tech,0.1919206349206349,0.019481250000000006,0.10607242303992302
2020-09-02,Utilities,0.5934666666666667,0.0,0.1650016402116402
2020-09-03,Comm,0.09808095238095238,0.2509888888888889,0.10453358102215245
2020-09-03,Consumer,0.21571607142857144,0.2,0.08989288166935486
2020-09-03,Energy,0.17512666666666665,-0.0921,0.09157278313177122
2020-09-03,Financials,0.13491666666666666,0.12542444444444442,0.10250185090702948
2020-09-03,Healthcare,0.0424,-0.20051875,0.09365518266565885
2020-09-03,Industrials,0.10002916666666667,0.2347888888888889,0.11661957980599647
2020-09-03,Materials,0.05735,0.0,0.043287830687830695
2020-09-03,RealEstate,0.0,0.0,0.14891666666666664
2020-09-03,Tech,0.11674166666666665,0.1919206349206349,0.10854337679516249
2020-09-03,Utilities,0.49135,0.5934666666666667,0.17454925925925927
2020-09-04,Comm,0.2715916666666667,0.09808095238095238,0.10116541208791208
2020-09-04,Consumer,0.052898,0.21571607142857144,0.09920081784382465
2020-09-04,Energy,0.03389375,0.17512666666666665,0.09244270376669186
2020-09-04,Financials,-0.06926,0.13491666666666666,0.10262621598639454
2020-09-04,Healthcare,0.007103571428571445,0.0424,0.09678375409423029
2020-09-04,Industrials,0.0,0.10002916666666667,0.11565799250440917
2020-09-04,Materials,0.04933333333333333,0.05735,0.046833862433862436
2020-09-04,RealEstate,0.15568888888888888,0.0,0.14539285714285713
2020-09-04,Tech,0.2797875,0.11674166666666665,0.11005373677248678
2020-09-04,Utilities,0.2023,0.49135,0.19957703703703703
2020-09-08,Comm,0.17447000000000001,0.2715916666666667,0.10344929341822198
2020-09-08,Consumer,0.10680690909090909,0.052898,0.09884329403430084
2020-09-08,Energy,-0.1019097142857143,0.03389375,0.08484558075081886
2020-09-08,Financials,0.09639499999999998,-0.06926,0.0991793112244898
2020-09-08,Healthcare,0.047805,0.007103571428571445,0.08267241622574957
2020-09-08,Industrials,-0.039342,0.0,0.10113100837742503
2020-09-08,Materials,0.125,0.04933333333333333,0.0326941798941799
2020-09-08,RealEstate,0.13975,0.15568888888888888,0.15280661375661375
2020-09-08,Tech,0.15348125,0.2797875,0.12158369708994708
2020-09-08,Utilities,-0.16006857142857142,0.2023,0.20597584656084655
2020-09-09,Comm,0.19863333333333333,0.17447000000000001,0.10813773053665912
2020-09-09,Consumer,0.1361318181818182,0.10680690909090909,0.09694092462593143
2020-09-09,Energy,0.2294,-0.1019097142857143,0.07767993298059965
2020-09-09,Financials,-0.141225,0.09639499999999998,0.10106994614512473
2020-09-09,Healthcare,0.22290833333333335,0.047805,0.07302809649785841
2020-09-09,Industrials,0.18708888888888886,-0.039342,0.09926015917107583
2020-09-09,Materials,0.0,0.125,0.038646560846560846
2020-09-09,RealEstate,-0.6249,0.13975,0.1432958994708995
2020-09-09,Tech,0.09683125000000001,0.15348125,0.11372804232804233
2020-09-09,Utilities,0.743,-0.16006857142857142,0.1983535336356765
2020-09-10,Comm,0.03242500000000001,0.19863333333333333,0.10631534958427816
2020-09-10,Consumer,0.213934375,0.1361318181818182,0.09866654202440597
2020-09-10,Energy,0.1366,0.2294,0.07922899118165784
2020-09-10,Financials,-0.003908333333333333,-0.141225,0.08150288265306121
2020-09-10,Healthcare,0.6369,0.22290833333333335,0.07555997480473671
2020-09-10,Industrials,0.026699999999999998,0.18708888888888886,0.10059851895943564
2020-09-10,Materials,0.16455,0.0,0.03147619047619048
2020-09-10,RealEstate,0.0,-0.6249,0.11353875661375659
2020-09-10,Tech,0.15872222222222224,0.09683125000000001,0.11256048280423281
2020-09-10,Utilities,0.0,0.743,0.23219665532879816
2020-09-11,Comm,-0.007366666666666667,0.03242500000000001,0.1012310903250189
2020-09-11,Consumer,0.12886458333333334,0.213934375,0.10569158170694565
2020-09-11,Energy,0.11800000000000001,0.1366,0.07503532621567145
2020-09-11,Financials,-0.0999,-0.003908333333333333,0.07486677154195011
2020-09-11,Healthcare,-0.05620666666666667,0.6369,0.10049172083648275
2020-09-11,Industrials,0.03738666666666667,0.026699999999999998,0.10024040608465609
2020-09-11,Materials,-0.296,0.16455,0.03931190476190477
2020-09-11,RealEstate,0.0,0.0,0.09440066137566137
2020-09-11,Tech,0.14094444444444443,0.15872222222222224,0.10828765211640212
2020-09-11,Utilities,0.0,0.0,0.21520617913832196
2020-09-14,Comm,0.03878611111111112,-0.007366666666666667,0.09425886810279667
2020-09-14,Consumer,0.06580914285714287,0.12886458333333334,0.11137625432599327
2020-09-14,Energy,-0.06573392857142857,0.11800000000000001,0.0729061198664651
2020-09-14,Financials,-0.0279625,-0.0999,0.06843396730914589
2020-09-14,Healthcare,0.12028834782608695,-0.05620666666666667,0.0946041017888637
2020-09-14,Industrials,0.06623333333333332,0.03738666666666667,0.10126923544973543
2020-09-14,Materials,0.0526875,-0.296,0.025216666666666672
2020-09-14,RealEstate,0.31845,0.0,0.09440066137566137
2020-09-14,Tech,0.07650625,0.14094444444444443,0.11852970616024187
2020-09-14,Utilities,0.11473749999999999,0.0,0.21390522675736962
2020-09-15,Comm,0.047488888888888886,0.03878611111111112,0.09258201625094482
2020-09-15,Consumer,0.1706672619047619,0.06580914285714287,0.11196613414458738
2020-09-15,Energy,-0.2610166666666667,-0.06573392857142857,0.06327117088687327
2020-09-15,Financials,0.31862500000000005,-0.0279625,0.07156924508692365
2020-09-15,Healthcare,0.16348666666666667,0.12028834782608695,0.10671021359010593
2020-09-15,Industrials,0.12875333333333333,0.06623333333333332,0.11000574338624339
2020-09-15,Materials,0.0,0.0526875,0.02772559523809524
2020-09-15,RealEstate,0.08231666666666666,0.31845,0.10956494708994709
2020-09-15,Tech,-0.13607833333333333,0.07650625,0.11876106953892669
2020-09-15,Utilities,0.03600833333333333,0.11473749999999999,0.2193689172335601
2020-09-16,Comm,0.08045,0.047488888888888886,0.09863148715041573
2020-09-16,Consumer,0.14793611111111113,0.1706672619047619,0.11730579542576651
2020-09-16,Energy,0.18400416666666666,-0.2610166666666667,0.036789028029730414
2020-09-16,Financials,-0.019540000000000002,0.31862500000000005,0.0819700387377173
2020-09-16,Healthcare,0.0,0.16348666666666667,0.1144952929551853
2020-09-16,Industrials,0.2909151515151515,0.12875333333333333,0.11573852116402117
2020-09-16,Materials,0.0,0.0,0.02772559523809524
2020-09-16,RealEstate,0.0,0.08231666666666666,0.1074244708994709
2020-09-16,Tech,0.4053999999999999,-0.13607833333333333,0.09898610922146636
2020-09-16,Utilities,0.1192125,0.03600833333333333,0.19075502834467117
2020-09-17,Comm,0.2514111111111111,0.08045,0.0964345030234316
2020-09-17,Consumer,0.27589541666666667,0.14793611111111113,0.11572164198661307
2020-09-17,Energy,0.23710833333333334,0.18400416666666666,0.04923684549004787
2020-09-17,Financials,0.07329,-0.019540000000000002,0.07740305461073319
2020-09-17,Healthcare,0.081785,0.0,0.10114624533613767
2020-09-17,Industrials,0.15977113636363635,0.2909151515151515,0.12227416329966331
2020-09-17,Materials,0.16239166666666666,0.0,0.012924007936507937
2020-09-17,RealEstate,-0.3062,0.0,0.09226018518518518
2020-09-17,Tech,0.1552825396825397,0.4053999999999999,0.11834408541194254
2020-09-17,Utilities,0.0,0.1192125,0.17387109977324264
2020-09-18,Comm,0.03440625,0.2514111111111111,0.10262900037792895
2020-09-18,Consumer,0.002136298701298711,0.27589541666666667,0.12485027577346115
2020-09-18,Energy,0.12377500000000001,0.23710833333333334,0.059856686759889144
2020-09-18,Financials,0.10297500000000001,0.07329,0.0768120030234316
2020-09-18,Healthcare,-0.048317499999999985,0.081785,0.11216775327264561
2020-09-18,Industrials,0.25960833333333333,0.15977113636363635,0.11130850312650314
2020-09-18,Materials,0.0,0.16239166666666666,0.015958531746031745
2020-09-18,RealEstate,0.2202,-0.3062,0.05104113756613756
2020-09-18,Tech,0.0,0.1552825396825397,0.12378273809523807
2020-09-18,Utilities,0.0,0.0,0.15208062358276644
2020-09-21,Comm,0.098096875,0.03440625,0.10426739323507181
2020-09-21,Consumer,0.11099733333333334,0.002136298701298711,0.11774108076212328
2020-09-21,Energy,-0.08015555555555558,0.12377500000000001,0.06154332697152935
2020-09-21,Financials,-0.0514775,0.10297500000000001,0.07728843159486017
2020-09-21,Healthcare,-0.29955750000000003,-0.048317499999999985,0.10454241597105832
2020-09-21,Industrials,0.02266416666666668,0.25960833333333333,0.11610556661856661
2020-09-21,Materials,0.21901666666666667,0.0,0.015958531746031745
2020-09-21,RealEstate,0.0,0.2202,0.06152685185185184
2020-09-21,Tech,0.10605555555555556,0.0,0.1193156746031746
2020-09-21,Utilities,0.5574,0.0,0.15208062358276644
2020-09-22,Comm,0.30411666666666665,0.098096875,0.10863391109221465
2020-09-22,Consumer,0.18445739316239315,0.11099733333333334,0.11957062044466296
2020-09-22,Energy,0.4325666666666666,-0.08015555555555558,0.05487544337364575
2020-09-22,Financials,0.17146250000000002,-0.0514775,0.06662906084656084
2020-09-22,Healthcare,0.5032375,-0.29955750000000003,0.08817015406629641
2020-09-22,Industrials,0.13790333333333332,0.02266416666666668,0.11008362217412218
2020-09-22,Materials,0.0,0.21901666666666667,0.026387896825396825
2020-09-22,RealEstate,0.0,0.0,0.06152685185185185
2020-09-22,Tech,0.10902222222222223,0.10605555555555556,0.13191726190476188
2020-09-22,Utilities,0.4404,0.5574,0.16981014739229025
2020-09-23,Comm,0.187175,0.30411666666666665,0.12028973119803477
2020-09-23,Consumer,0.11866083333333334,0.18445739316239315,0.11710336932541185
2020-09-23,Energy,0.09602500000000003,0.4325666666666666,0.07005322115142353
2020-09-23,Financials,0.168595,0.17146250000000002,0.06528957671957672
2020-09-23,Healthcare,0.17148333333333332,0.5032375,0.10298979692343926
2020-09-23,Industrials,0.2731,0.13790333333333332,0.11832759042809042
2020-09-23,Materials,0.0,0.0,0.03248313492063492
2020-09-23,RealEstate,0.0,0.0,0.05750939153439153
2020-09-23,Tech,-0.05135,0.10902222222222223,0.13407911375661374
2020-09-23,Utilities,0.0,0.4404,0.17516967120181406
2020-09-24,Comm,0.19109500000000001,0.187175,0.13085282643613003
2020-09-24,Consumer,0.08161488095238095,0.11866083333333334,0.11899232057257739
2020-09-24,Energy,0.19579583333333334,0.09602500000000003,0.06827857388510959
2020-09-24,Financials,0.178278125,0.168595,0.056099497354497346
2020-09-24,Healthcare,-0.17168333333333333,0.17148333333333332,0.10035983660597896
2020-09-24,Industrials,0.07370555555555554,0.2731,0.11605467376142377
2020-09-24,Materials,0.6369,0.0,0.02927202380952381
2020-09-24,RealEstate,0.0,0.0,0.05873201058201057
2020-09-24,Tech,0.15489375,-0.05135,0.13077263227513228
2020-09-24,Utilities,0.0,0.0,0.17659903628117912
2020-09-25,Comm,-0.145725,0.19109500000000001,0.1379684613567649
2020-09-25,Consumer,0.02822916666666666,0.08161488095238095,0.1161944180782463
2020-09-25,Energy,0.0411875,0.19579583333333334,0.0770458357898715
2020-09-25,Financials,0.13396666666666665,0.178278125,0.05318575727513227
2020-09-25,Healthcare,0.27418333333333333,-0.17168333333333333,0.08327271138552039
2020-09-25,Industrials,0.1986263888888889,0.07370555555555554,0.11219779545454545
2020-09-25,Materials,0.0,0.6369,0.0680720238095238
2020-09-25,RealEstate,0.0,0.0,0.05277962962962962
2020-09-25,Tech,-0.038233333333333334,0.15489375,0.13569679894179892
2020-09-25,Utilities,0.0,0.0,0.16799903628117913
2020-09-28,Comm,0.192781875,-0.145725,0.1251498899281935
2020-09-28,Consumer,0.06900727272727272,0.02822916666666666,0.11361236025511705
2020-09-28,Energy,0.16526666666666667,0.0411875,0.06989988907785336
2020-09-28,Financials,0.22749333333333333,0.13396666666666665,0.054270479497354494
2020-09-28,Healthcare,0.025585833333333342,0.27418333333333333,0.09073077487758388
2020-09-28,Industrials,0.12848799019607843,0.1986263888888889,0.12795173063973064
2020-09-28,Materials,-0.024949999999999996,0.0,0.05397678571428572
2020-09-28,RealEstate,0.10115,0.0,0.04549708994708994
2020-09-28,Tech,0.24196041666666665,-0.038233333333333334,0.1265724603174603
2020-09-28,Utilities,0.10927333333333333,0.0,0.15127856009070295
2020-09-29,Comm,0.0593,0.192781875,0.1295133125472411
2020-09-29,Consumer,0.21098349206349204,0.06900727272727272,0.11812704241506237
2020-09-29,Energy,0.25221,0.16526666666666667,0.07664472354497354
2020-09-29,Financials,-0.0678,0.22749333333333333,0.06818286044973546
2020-09-29,Healthcare,0.264775,0.025585833333333342,0.08657016376647277
2020-09-29,Industrials,0.11299999999999999,0.12848799019607843,0.13066052382367088
2020-09-29,Materials,0.0,-0.024949999999999996,0.05278869047619048
2020-09-29,RealEstate,0.0,0.10115,0.03487328042328042
2020-09-29,Tech,0.24405,0.24196041666666665,0.13340142857142856
2020-09-29,Utilities,0.1366,0.10927333333333333,0.15648205215419503
2020-09-30,Comm,0.22197499999999998,0.0593,0.12694287603930463
2020-09-30,Consumer,0.22516666666666665,0.21098349206349204,0.1266110345076259
2020-09-30,Energy,0.013961111111111113,0.25221,0.08846861243386243
2020-09-30,Financials,-0.006782380952380947,-0.0678,0.07022214616402116
2020-09-30,Healthcare,0.18468125,0.264775,0.09984719551250451
2020-09-30,Industrials,0.20257966666666666,0.11299999999999999,0.13321766668081375
2020-09-30,Materials,0.0,0.0,0.05458472222222223
2020-09-30,RealEstate,0.3818,0.0,0.03487328042328042
2020-09-30,Tech,0.1002,0.24405,0.12143555555555555
2020-09-30,Utilities,0.35623999999999995,0.1366,0.16298681405895693
2020-10-01,Comm,-0.01597222222222222,0.22197499999999998,0.12955068027210884
2020-10-01,Consumer,0.09567333333333333,0.22516666666666665,0.1357889990267669
2020-10-01,Energy,0.06487111111111112,0.013961111111111113,0.08950975377928949
2020-10-01,Financials,0.222435,-0.006782380952380947,0.06576727088057445
2020-10-01,Healthcare,0.12868958333333333,0.18468125,0.09793730794636694
2020-10-01,Industrials,0.3683609375,0.20257966666666666,0.12765555556970262
2020-10-01,Materials,0.0,0.0,0.05458472222222223
2020-10-01,RealEstate,0.0,0.3818,0.024273280423280415
2020-10-01,Tech,0.0,0.1002,0.12026758503401361
2020-10-01,Utilities,0.4404,0.35623999999999995,0.1780914172335601
2020-10-02,Comm,-0.16215,-0.01597222222222222,0.12210517762660619
2020-10-02,Consumer,0.08105238095238096,0.09567333333333333,0.1353136362149755
2020-10-02,Energy,0.27778184523809524,0.06487111111111112,0.09042266383219955
2020-10-02,Financials,0.22500370370370368,0.222435,0.06980957246787604
2020-10-02,Healthcare,-0.10145000000000001,0.12868958333333333,0.09995376202799962
2020-10-02,Industrials,0.057825,0.3683609375,0.1414457589427185
2020-10-02,Materials,0.0,0.0,0.05458472222222223
2020-10-02,RealEstate,0.0,0.0,0.02229788359788359
2020-10-02,Tech,0.16598666666666667,0.0,0.11933990646258504
2020-10-02,Utilities,0.5106,0.4404,0.19906284580498865
2020-10-05,Comm,0.12981250000000003,-0.16215,0.10243189720332578
2020-10-05,Consumer,0.12436752380952383,0.08105238095238096,0.1296494638793746
2020-10-05,Energy,0.16151645833333333,0.27778184523809524,0.1080360850340136
2020-10-05,Financials,0.18571866666666664,0.22500370370370368,0.0745514419564122
2020-10-05,Healthcare,0.08913222222222222,-0.10145000000000001,0.10467132155180912
2020-10-05,Industrials,0.15010619047619045,0.057825,0.13301890709086664
2020-10-05,Materials,0.14465,0.0,0.05458472222222223
2020-10-05,RealEstate,0.28595,0.0,0.02229788359788359
2020-10-05,Tech,0.1720866666666667,0.16598666666666667,0.11810495559334845
2020-10-05,Utilities,0.6166375,0.5106,0.19511681405895692
2020-10-06,Comm,0.09443750000000001,0.12981250000000003,0.10394292328042327
2020-10-06,Consumer,0.17313444444444442,0.12436752380952383,0.12529953304037234
2020-10-06,Energy,-0.015250000000000001,0.16151645833333333,0.10738797987528342
2020-10-06,Financials,0.25777083333333334,0.18571866666666664,0.07697058481355505
2020-10-06,Healthcare,0.09261666666666667,0.08913222222222222,0.10689666546715303
2020-10-06,Industrials,-0.010366666666666663,0.15010619047619045,0.13540352727227253
2020-10-06,Materials,0.0,0.14465,0.05874186507936508
2020-10-06,RealEstate,0.4404,0.28595,0.03591455026455025
2020-10-06,Tech,-0.06944444444444443,0.1720866666666667,0.12074043178382464
2020-10-06,Utilities,0.34676666666666667,0.6166375,0.20108288548752834
2020-10-07,Comm,0.3819,0.09443750000000001,0.09550701058201058
2020-10-07,Consumer,0.07307357142857143,0.17313444444444442,0.1310250780139173
2020-10-07,Energy,0.05786000000000001,-0.015250000000000001,0.10504780130385487
2020-10-07,Financials,0.16040666666666667,0.25777083333333334,0.09254348163895187
2020-10-07,Healthcare,0.20815595238095239,0.09261666666666667,0.11096871762134805
2020-10-07,Industrials,0.04018888888888887,-0.010366666666666663,0.13490987647862174
2020-10-07,Materials,0.0,0.0,0.05639265873015872
2020-10-07,RealEstate,0.0,0.4404,0.049472222222222216
2020-10-07,Tech,0.33195,-0.06944444444444443,0.10411033919123204
2020-10-07,Utilities,0.22766666666666668,0.34676666666666667,0.2079622505668934
2020-10-08,Comm,-0.14352333333333334,0.3819,0.10538462962962962
2020-10-08,Consumer,0.10740821428571427,0.07307357142857143,0.12941872860142503
2020-10-08,Energy,0.25436031746031745,0.05786000000000001,0.11265588293650793
2020-10-08,Financials,0.17011302083333332,0.16040666666666667,0.09559165624212647
2020-10-08,Healthcare,0.01854791666666667,0.20815595238095239,0.11860447725853626
2020-10-08,Industrials,0.16759999999999997,0.04018888888888887,0.13869706166380694
2020-10-08,Materials,0.0,0.0,0.05044027777777777
2020-10-08,RealEstate,0.0,0.0,0.04281746031746031
2020-10-08,Tech,0.1166031746031746,0.33195,0.11260885109599394
2020-10-08,Utilities,0.0,0.22766666666666668,0.2264258333333333
2020-10-09,Comm,0.14572232142857144,-0.14352333333333334,0.08909145502645502
2020-10-09,Consumer,0.04635571428571428,0.10740821428571427,0.1280509379397058
2020-10-09,Energy,0.0,0.25436031746031745,0.11384446948223732
2020-10-09,Financials,0.26195,0.17011302083333332,0.11041727628180902
2020-10-09,Healthcare,-0.15622666666666665,0.01854791666666667,0.10887302884583784
2020-10-09,Industrials,0.24649666666666667,0.16759999999999997,0.1377690193357646
2020-10-09,Materials,0.0,0.0,0.05044027777777777
2020-10-09,RealEstate,0.0,0.0,0.07257460317460317
2020-10-09,Tech,0.19190166666666666,0.1166031746031746,0.11355037131519273
2020-10-09,Utilities,0.2023,0.0,0.19104488095238095
2020-10-12,Comm,-0.03122020202020202,0.14572232142857144,0.09448656557067271
2020-10-12,Consumer,0.27188425641025643,0.04635571428571428,0.120071001715216
2020-10-12,Energy,0.22340937500000002,0.0,0.10733970757747544
2020-10-12,Financials,0.2058668192918193,0.26195,0.12307719691672964
2020-10-12,Healthcare,0.060365625000000006,-0.15622666666666665,0.07110509233790134
2020-10-12,Industrials,0.1533261904761905,0.24649666666666667,0.14823552727227254
2020-10-12,Materials,0.10115,0.0,0.04260456349206349
2020-10-12,RealEstate,0.0,0.0,0.07257460317460317
2020-10-12,Tech,0.18307916666666668,0.19190166666666666,0.1151303448601663
2020-10-12,Utilities,0.4767,0.2023,0.20067821428571428
2020-10-13,Comm,-0.11343571428571429,-0.03122020202020202,0.09335068293479008
2020-10-13,Consumer,-0.08431622807017544,0.27188425641025643,0.12688146233792663
2020-10-13,Energy,-0.1591,0.22340937500000002,0.11235920162509447
2020-10-13,Financials,0.06127583333333334,0.2058668192918193,0.13763752164491153
2020-10-13,Healthcare,-0.06497499999999999,0.060365625000000006,0.07665615384583785
2020-10-13,Industrials,0.2329775,0.1533261904761905,0.15375645697748797
2020-10-13,Materials,0.0,0.10115,0.061516468253968254
2020-10-13,RealEstate,0.0,0.0,0.07257460317460317
2020-10-13,Tech,-0.05082222222222221,0.18307916666666668,0.11713676020408162
2020-10-13,Utilities,-0.022499999999999992,0.4767,0.2233782142857143
2020-10-14,Comm,0.22808200000000003,-0.11343571428571429,0.0861020245825603
2020-10-14,Consumer,0.158640625,-0.08431622807017544,0.11973263515091148
2020-10-14,Energy,0.045533333333333335,-0.1591,0.10791319822373395
2020-10-14,Financials,0.16603804347826087,0.06127583333333334,0.14188696608935597
2020-10-14,Healthcare,0.138605,-0.06497499999999999,0.06783408966364324
2020-10-14,Industrials,0.1843375,0.2329775,0.16169665539018638
2020-10-14,Materials,0.5859,0.0,0.059007539682539696
2020-10-14,RealEstate,0.26335,0.0,0.057410317460317446
2020-10-14,Tech,0.007166666666666666,-0.05082222222222221,0.11107349962207105
2020-10-14,Utilities,0.2732,-0.022499999999999992,0.21684309523809522
2020-10-15,Comm,0.36173333333333335,0.22808200000000003,0.09470169654023225
2020-10-15,Consumer,0.05007136363636363,0.158640625,0.11915993815544661
2020-10-15,Energy,0.3333625,0.045533333333333335,0.12251081727135298
2020-10-15,Financials,0.16293033333333334,0.16603804347826087,0.1346209205407017
2020-10-15,Healthcare,0.18227333333333334,0.138605,0.06664924839380196
2020-10-15,Industrials,0.14697333333333334,0.1843375,0.16434352046955145
2020-10-15,Materials,0.2997,0.5859,0.08690753968253968
2020-10-15,RealEstate,0.0,0.26335,0.06603095238095237
2020-10-15,Tech,0.18224583333333333,0.007166666666666666,0.11789469009826152
2020-10-15,Utilities,0.5719,0.2732,0.2281379365079365
2020-10-16,Comm,0.016958333333333315,0.36173333333333335,0.1080961409846767
2020-10-16,Consumer,0.28934166666666666,0.05007136363636363,0.11449971208522054
2020-10-16,Energy,-0.03196458333333333,0.3333625,0.12962311885865457
2020-10-16,Financials,0.56552,0.16293033333333334,0.1433099840327652
2020-10-16,Healthcare,0.00424102564102564,0.18227333333333334,0.0753289309334845
2020-10-16,Industrials,0.1785837606837607,0.14697333333333334,0.15748914817517914
2020-10-16,Materials,0.5562,0.2997,0.10117896825396826
2020-10-16,RealEstate,0.0,0.0,0.06603095238095237
2020-10-16,Tech,0.13092222222222225,0.18224583333333333,0.10726830120937264
2020-10-16,Utilities,0.0,0.5719,0.2496944841269841
2020-10-19,Comm,0.2748366666666667,0.016958333333333315,0.09693172299525872
2020-10-19,Consumer,0.24128,0.28934166666666666,0.11514000970426815
2020-10-19,Energy,0.0239189696969697,-0.03196458333333333,0.11681012282690853
2020-10-19,Financials,0.17970666666666665,0.56552,0.16674950784228904
2020-10-19,Healthcare,0.17096166666666665,0.00424102564102564,0.0716363607259143
2020-10-19,Industrials,0.26793125,0.1785837606837607,0.15838498742851842
2020-10-19,Materials,0.60605,0.5562,0.11993174603174603
2020-10-19,RealEstate,0.0,0.0,0.08061190476190475
2020-10-19,Tech,0.026003124999999995,0.13092222222222225,0.10610828609221468
2020-10-19,Utilities,0.39605,0.0,0.2496944841269841
2020-10-20,Comm,0.0,0.2748366666666667,0.10838079045557618
2020-10-20,Consumer,0.22990625,0.24128,0.12652780500420632
2020-10-20,Energy,0.18765555555555558,0.0239189696969697,0.11205507376485947
2020-10-20,Financials,0.17468958333333334,0.17970666666666665,0.17040339673117794
2020-10-20,Healthcare,0.27718750000000003,0.17096166666666665,0.08207822580527938
2020-10-20,Industrials,0.10388333333333333,0.26793125,0.15878131679359778
2020-10-20,Materials,0.0,0.60605,0.14879126984126984
2020-10-20,RealEstate,0.36345,0.0,0.07012619047619047
2020-10-20,Tech,0.05096250000000001,0.026003124999999995,0.10734653013983372
2020-10-20,Utilities,0.0,0.39605,0.26855400793650797
2020-10-21,Comm,0.05586666666666666,0.0,0.10370951069367142
2020-10-21,Consumer,0.2267122619047619,0.22990625,0.13219013436928567
2020-10-21,Energy,-0.030614999999999983,0.18765555555555558,0.12480798381776952
2020-10-21,Financials,0.007572500000000003,0.17468958333333334,0.18117325784228905
2020-10-21,Healthcare,0.2668266666666667,0.27718750000000003,0.10954227342432701
2020-10-21,Industrials,0.13165,0.10388333333333333,0.16264889615867714
2020-10-21,Materials,0.17,0.0,0.13836190476190477
2020-10-21,RealEstate,0.148,0.36345,0.08743333333333332
2020-10-21,Tech,0.17803750000000002,0.05096250000000001,0.10472305130385487
2020-10-21,Utilities,0.09961666666666667,0.0,0.2420111507936508
2020-10-22,Comm,0.022529166666666666,0.05586666666666666,0.09188808212224284
2020-10-22,Consumer,0.016974727272727273,0.2267122619047619,0.13420227097606516
2020-10-22,Energy,0.2000638888888889,-0.030614999999999983,0.1027517139764997
2020-10-22,Financials,0.13011666666666666,0.007572500000000003,0.1733689721280033
2020-10-22,Healthcare,-0.05663499999999999,0.2668266666666667,0.09828461469416828
2020-10-22,Industrials,-0.06998571428571429,0.13165,0.16235111838089938
2020-10-22,Materials,0.14663333333333334,0.17,0.14645714285714287
2020-10-22,RealEstate,-0.2997,0.148,0.09448095238095237
2020-10-22,Tech,0.27489375,0.17803750000000002,0.10800949310279669
2020-10-22,Utilities,0.16886666666666664,0.09961666666666667,0.225783373015873
2020-10-23,Comm,0.3454375,0.022529166666666666,0.08404780434446506
2020-10-23,Consumer,0.285165,0.016974727272727273,0.12936007544936962
2020-10-23,Energy,0.25895833333333335,0.2000638888888889,0.10770594678073249
2020-10-23,Financials,0.45730000000000004,0.13011666666666666,0.17153667054070174
2020-10-23,Healthcare,0.050960000000000005,-0.05663499999999999,0.0874218369163905
2020-10-23,Industrials,0.41064999999999996,-0.06998571428571429,0.14601370341491296
2020-10-23,Materials,0.0,0.14663333333333334,0.15343968253968254
2020-10-23,RealEstate,0.0,-0.2997,0.0802095238095238
2020-10-23,Tech,0.14285454545454546,0.27489375,0.12354490976946335
2020-10-23,Utilities,0.204175,0.16886666666666664,0.23382464285714288
2020-10-26,Comm,0.09944857142857141,0.3454375,0.09139744720160792
2020-10-26,Consumer,0.05901955555555555,0.285165,0.13905293826116102
2020-10-26,Energy,0.06980433333333333,0.25895833333333335,0.11071368487597058
2020-10-26,Financials,0.005045000000000001,0.45730000000000004,0.18482342649308267
2020-10-26,Healthcare,0.02107222222222222,0.050960000000000005,0.09802390040845399
2020-10-26,Industrials,0.22682555555555556,0.41064999999999996,0.16205867695988652
2020-10-26,Materials,0.0,0.0,0.1231111111111111
2020-10-26,RealEstate,0.26663333333333333,0.0,0.0802095238095238
2020-10-26,Tech,0.03721250000000001,0.14285454545454546,0.12297161431491789
2020-10-26,Utilities,0.0643875,0.204175,0.2435472619047619
2020-10-27,Comm,0.0,0.09944857142857141,0.10307237917439703
2020-10-27,Consumer,0.06558499999999999,0.05901955555555555,0.14051914725587
2020-10-27,Energy,-0.000844444444444444,0.06980433333333333,0.11207639122517693
2020-10-27,Financials,0.057675000000000004,0.005045000000000001,0.1786842995089557
2020-10-27,Healthcare,0.06143714285714286,0.02107222222222222,0.08597099035554392
2020-10-27,Industrials,-0.021290256410256413,0.22682555555555556,0.16340149442020396
2020-10-27,Materials,0.0,0.0,0.1231111111111111
2020-10-27,RealEstate,0.0,0.26663333333333333,0.0929063492063492
2020-10-27,Tech,0.18401135714285716,0.03721250000000001,0.12656427304507664
2020-10-27,Utilities,0.08895,0.0643875,0.24661333333333335
2020-10-28,Comm,0.12582333333333331,0.0,0.09389228988868274
2020-10-28,Consumer,0.08780750000000001,0.06558499999999999,0.14035618188790464
2020-10-28,Energy,0.058988571428571425,-0.000844444444444444,0.10416633831512404
2020-10-28,Financials,0.03187761904761905,0.057675000000000004,0.17059771220736838
2020-10-28,Healthcare,-0.008314666666666665,0.06143714285714286,0.08767819557096344
2020-10-28,Industrials,0.13525713636363637,-0.021290256410256413,0.15626919696275948
2020-10-28,Materials,0.0,0.0,0.12429920634920635
2020-10-28,RealEstate,0.2288,0.0,0.08808968253968252
2020-10-28,Tech,0.08401428571428571,0.18401135714285716,0.12380479402013332
2020-10-28,Utilities,0.0,0.08895,0.24564555555555556
2020-10-29,Comm,0.17301,0.12582333333333331,0.09706006766646053
2020-10-29,Consumer,0.04581916666666666,0.08780750000000001,0.13449065845630978
2020-10-29,Energy,-0.24387321428571426,0.058988571428571425,0.09496531790696076
2020-10-29,Financials,0.13111250000000002,0.03187761904761905,0.17534426549535023
2020-10-29,Healthcare,0.20504466666666668,-0.008314666666666665,0.0746739257296936
2020-10-29,Industrials,-0.063477,0.13525713636363637,0.1573290605991231
2020-10-29,Materials,0.06733666666666667,0.0,0.12429920634920635
2020-10-29,RealEstate,0.0,0.2288,0.09898492063492063
2020-10-29,Tech,0.1512,0.08401428571428571,0.11618404572081359
2020-10-29,Utilities,0.10744999999999999,0.0,0.23914079365079363
2020-10-30,Comm,0.18485,0.17301,0.09472840099979385
2020-10-30,Consumer,0.17318155555555556,0.04581916666666666,0.12595030131345264
2020-10-30,Energy,0.042110833333333327,-0.24387321428571426,0.08268749288806433
2020-10-30,Financials,0.08553200000000001,0.13111250000000002,0.18191068839784458
2020-10-30,Healthcare,0.04546931818181818,0.20504466666666668,0.0756436122376301
2020-10-30,Industrials,0.07447107142857143,-0.063477,0.14465969551975802
2020-10-30,Materials,0.0,0.06733666666666667,0.12750571428571428
2020-10-30,RealEstate,0.0,0.0,0.08080396825396824
2020-10-30,Tech,0.0929,0.1512,0.11861261714938501
2020-10-30,Utilities,0.1366,0.10744999999999999,0.2272936507936508
2020-11-02,Comm,0.06413833333333332,0.18485,0.10429136396275682
2020-11-02,Consumer,0.09203722222222223,0.17318155555555556,0.12964116903832035
2020-11-02,Energy,-0.08184083333333333,0.042110833333333327,0.08160367013674158
2020-11-02,Financials,0.11753749999999999,0.08553200000000001,0.17539149792165412
2020-11-02,Healthcare,0.08140694444444445,0.04546931818181818,0.07168074246851033
2020-11-02,Industrials,0.15164687500000001,0.07447107142857143,0.13066493999254714
2020-11-02,Materials,0.26025,0.0,0.12750571428571428
2020-11-02,RealEstate,0.0,0.0,0.08080396825396824
2020-11-02,Tech,0.039889375,0.0929,0.12303642667319455
2020-11-02,Utilities,-0.02381666666666667,0.1366,0.21282698412698414
2020-11-03,Comm,-0.06955933333333333,0.06413833333333332,0.11506699888339175
2020-11-03,Consumer,0.14961866666666665,0.09203722222222223,0.1301642567178366
2020-11-03,Energy,0.21637499999999998,-0.08184083333333333,0.06447878068095926
2020-11-03,Financials,0.08376220238095239,0.11753749999999999,0.17027405965004916
2020-11-03,Healthcare,0.12984666666666667,0.08140694444444445,0.08038821601348388
2020-11-03,Industrials,0.20369833333333331,0.15164687500000001,0.13513264832588048
2020-11-03,Materials,0.4576,0.26025,0.13989857142857143
2020-11-03,RealEstate,0.0,0.0,0.08080396825396824
2020-11-03,Tech,0.19940000000000002,0.039889375,0.11703179373668661
2020-11-03,Utilities,0.28595,-0.02381666666666667,0.18737857142857142
2020-11-04,Comm,0.11277666666666665,-0.06955933333333333,0.10557310205799492
2020-11-04,Consumer,0.04240190476190475,0.14961866666666665,0.13136669209198626
2020-11-04,Energy,0.11541749999999999,0.21637499999999998,0.06709109218889577
2020-11-04,Financials,0.1607625,0.08376220238095239,0.165418989922158
2020-11-04,Healthcare,0.3139296296296296,0.12984666666666667,0.08232699908226696
2020-11-04,Industrials,0.22710833333333333,0.20369833333333331,0.13768465512860156
2020-11-04,Materials,0.0,0.4576,0.15480095238095237
2020-11-04,RealEstate,0.0,0.0,0.06718730158730157
2020-11-04,Tech,0.10698333333333333,0.19940000000000002,0.1183324286573215
2020-11-04,Utilities,0.016541666666666666,0.28595,0.17163154761904764
2020-11-05,Comm,-0.031197000000000003,0.11277666666666665,0.10644639570878857
2020-11-05,Consumer,0.15840928571428572,0.04240190476190475,0.12514133305948438
2020-11-05,Energy,0.04858666666666666,0.11541749999999999,0.07331335409365766
2020-11-05,Financials,0.12442,0.1607625,0.16079954547771358
2020-11-05,Healthcare,0.058937500000000004,0.3139296296296296,0.0928657116043128
2020-11-05,Industrials,0.09215666666666666,0.22710833333333333,0.1489929884619349
2020-11-05,Materials,0.0,0.0,0.15480095238095237
2020-11-05,RealEstate,0.13396666666666665,0.0,0.046215873015873
2020-11-05,Tech,0.1146,0.10698333333333333,0.12673375140864426
2020-11-05,Utilities,0.326075,0.016541666666666666,0.15590654761904763
2020-11-06,Comm,0.09671144607843138,-0.031197000000000003,0.08677510999450286
2020-11-06,Consumer,0.05510857142857143,0.15840928571428572,0.12920493850166123
2020-11-06,Energy,0.134475,0.04858666666666666,0.07287176679207036
2020-11-06,Financials,0.17475000000000002,0.12442,0.15908589468406278
2020-11-06,Healthcare,0.0,0.058937500000000004,0.08576007101474363
2020-11-06,Industrials,-0.015676190476190472,0.09215666666666666,0.15146764454659095
2020-11-06,Materials,0.13053333333333333,0.0,0.15480095238095237
2020-11-06,RealEstate,0.124575,0.13396666666666665,0.052595238095238084
2020-11-06,Tech,0.21091666666666667,0.1146,0.11638375140864426
2020-11-06,Utilities,0.14980000000000002,0.326075,0.16059265873015877
2020-11-09,Comm,0.2057085714285714,0.09671144607843138,0.09821486139506307
2020-11-09,Consumer,0.03587714285714285,0.05510857142857143,0.1267144793179878
2020-11-09,Energy,0.16904728205128206,0.134475,0.06716294215110287
2020-11-09,Financials,0.05833303571428571,0.17475000000000002,0.1593067032158088
2020-11-09,Healthcare,0.20935333333333334,0.0,0.08487683688775952
2020-11-09,Industrials,0.2142726666666667,-0.015676190476190472,0.14274020690486763
2020-11-09,Materials,0.0,0.13053333333333333,0.16101682539682538
2020-11-09,RealEstate,0.24126666666666666,0.124575,0.058527380952380935
2020-11-09,Tech,-0.019691666666666663,0.21091666666666667,0.12087487007833438
2020-11-09,Utilities,0.15142857142857144,0.14980000000000002,0.1677259920634921
2020-11-10,Comm,0.02692500000000001,0.2057085714285714,0.10107134949030117
2020-11-10,Consumer,0.12225611111111111,0.03587714285714285,0.12621549972615104
2020-11-10,Energy,0.026431000000000017,0.16904728205128206,0.07521281272497345
2020-11-10,Financials,0.17024999999999998,0.05833303571428571,0.14961065729744144
2020-11-10,Healthcare,0.212596,0.20935333333333334,0.10228540831633094
2020-11-10,Industrials,0.14972791666666668,0.2142726666666667,0.1412057307143914
2020-11-10,Materials,-0.17,0.0,0.16101682539682538
2020-11-10,RealEstate,0.0,0.24126666666666666,0.07001626984126982
2020-11-10,Tech,-0.02779666666666667,-0.019691666666666663,0.11079899706246135
2020-11-10,Utilities,0.2732,0.15142857142857144,0.16530354308390022
2020-11-11,Comm,-0.12654375,0.02692500000000001,0.10384016863412031
2020-11-11,Consumer,0.11122833333333335,0.12225611111111111,0.11909034995000126
2020-11-11,Energy,0.29773333333333335,0.026431000000000017,0.06583289010592581
2020-11-11,Financials,0.18479190476190477,0.17024999999999998,0.1479146182835453
2020-11-11,Healthcare,0.0,0.212596,0.1095344737925214
2020-11-11,Industrials,0.039290000000000005,0.14972791666666668,0.14103438434250934
2020-11-11,Materials,0.12333333333333332,-0.17,0.14810492063492062
2020-11-11,RealEstate,0.3062,0.0,0.07001626984126982
2020-11-11,Tech,0.21576031746031746,-0.02779666666666667,0.10075729071325501
2020-11-11,Utilities,0.14784999999999998,0.2732,0.15561306689342405
2020-11-12,Comm,0.090725,-0.12654375,0.10321597645724957
2020-11-12,Consumer,0.10528225108225107,0.11122833333333335,0.12840199573112074
2020-11-12,Energy,0.3424666666666667,0.29773333333333335,0.08758685835989408
2020-11-12,Financials,0.21160532051282052,0.18479190476190477,0.15379633597062015
2020-11-12,Healthcare,-0.038275,0.0,0.11262852141156902
2020-11-12,Industrials,0.03413333333333333,0.039290000000000005,0.13181117005679507
2020-11-12,Materials,0.05505,0.12333333333333332,0.1539779365079365
2020-11-12,RealEstate,0.0,0.3062,0.08459722222222221
2020-11-12,Tech,0.23108333333333334,0.21576031746031746,0.11345169736480451
2020-11-12,Utilities,0.3165166666666667,0.14784999999999998,0.1637249716553288
2020-11-13,Comm,0.14494166666666666,0.090725,0.09667516693344004
2020-11-13,Consumer,0.2118008281573499,0.10528225108225107,0.1258611207826565
2020-11-13,Energy,0.27973333333333333,0.3424666666666667,0.10172654089957661
2020-11-13,Financials,0.14314166666666667,0.21160532051282052,0.15596620630559915
2020-11-13,Healthcare,0.28600000000000003,-0.038275,0.10420566426871188
2020-11-13,Industrials,0.09176,0.03413333333333333,0.12465859069171567
2020-11-13,Materials,0.185475,0.05505,0.1286993650793651
2020-11-13,RealEstate,0.26335,0.0,0.07205674603174603
2020-11-13,Tech,-0.011291111111111104,0.23108333333333334,0.12411439577750294
2020-11-13,Utilities,0.0,0.3165166666666667,0.16578767006802722
2020-11-16,Comm,0.125346,0.14494166666666666,0.08635175423502733
2020-11-16,Consumer,0.18227977777777776,0.2118008281573499,0.1335625238550844
2020-11-16,Energy,0.261840625,0.27973333333333333,0.09917277105830677
2020-11-16,Financials,0.15623,0.14314166666666667,0.1550238888452817
2020-11-16,Healthcare,0.029619000000000006,0.28600000000000003,0.10914502934807696
2020-11-16,Industrials,0.13956785714285713,0.09176,0.12202938434250936
2020-11-16,Materials,0.24695,0.185475,0.12326007936507938
2020-11-16,RealEstate,0.0,0.26335,0.08459722222222221
2020-11-16,Tech,0.35775833333333334,-0.011291111111111104,0.11489835080395794
2020-11-16,Utilities,-0.11735,0.0,0.1385543367346939
2020-11-17,Comm,0.14484,0.125346,0.0915130716953448
2020-11-17,Consumer,0.2666457894736842,0.18227977777777776,0.12846433866989923
2020-11-17,Energy,0.0,0.261840625,0.113163495264656
2020-11-17,Financials,-0.03925,0.15623,0.13553388884528172
2020-11-17,Healthcare,0.032456250000000006,0.029619000000000006,0.11035350431755193
2020-11-17,Industrials,0.14673750000000002,0.13956785714285713,0.1201714841738949
2020-11-17,Materials,0.2202,0.24695,0.1085338888888889
2020-11-17,RealEstate,0.0,0.0,0.08459722222222221
2020-11-17,Tech,0.32852777777777775,0.35775833333333334,0.12570007038067751
2020-11-17,Utilities,0.0,-0.11735,0.13296624149659864
2020-11-18,Comm,0.008979999999999998,0.14484,0.08532275423502735
2020-11-18,Consumer,0.1346277777777778,0.2666457894736842,0.12967223340674133
2020-11-18,Energy,0.09908888888888889,0.0,0.11202449670765742
2020-11-18,Financials,0.14673541666666665,-0.03925,0.12510738090877377
2020-11-18,Healthcare,0.18796666666666667,0.032456250000000006,0.1037580082858059
2020-11-18,Industrials,-0.02584111111111111,0.14673750000000002,0.11440035322151394
2020-11-18,Materials,0.0,0.2202,0.09016007936507936
2020-11-18,RealEstate,0.4404,0.0,0.08459722222222221
2020-11-18,Tech,0.25051875,0.32852777777777775,0.14010600622723837
2020-11-18,Utilities,0.2083,0.0,0.11410671768707482
2020-11-19,Comm,0.11743095238095237,0.008979999999999998,0.08575037328264638
2020-11-19,Consumer,-0.03740416666666666,0.1346277777777778,0.12513516330092123
2020-11-19,Energy,0.20095,0.09908888888888889,0.10780703639019709
2020-11-19,Financials,0.19852933333333334,0.14673541666666665,0.12377623011512297
2020-11-19,Healthcare,0.07025416666666667,0.18796666666666667,0.0995093971746948
2020-11-19,Industrials,0.03207619047619047,-0.02584111111111111,0.10822299872415944
2020-11-19,Materials,0.13753333333333334,0.0,0.09016007936507936
2020-11-19,RealEstate,0.0,0.4404,0.08826150793650792
2020-11-19,Tech,-0.026587499999999993,0.25051875,0.14960868479866696
2020-11-19,Utilities,-0.039775,0.2083,0.12402576530612244
2020-11-20,Comm,-0.036219999999999995,0.11743095238095237,0.08868200593570762
2020-11-20,Consumer,0.1130546130952381,-0.03740416666666666,0.11255819051180559
2020-11-20,Energy,0.0,0.20095,0.11883394115210187
2020-11-20,Financials,0.10204666666666666,0.19852933333333334,0.1328694126548055
2020-11-20,Healthcare,0.043996875,0.07025416666666667,0.09014880193659956
2020-11-20,Industrials,0.09988222222222222,0.03207619047619047,0.10348138874683517
2020-11-20,Materials,0.0,0.13753333333333334,0.08861404761904763
2020-11-20,RealEstate,0.0,0.0,0.08121388888888888
2020-11-20,Tech,0.23048888888888888,-0.026587499999999993,0.13986463717961933
2020-11-20,Utilities,0.05303333333333333,-0.039775,0.11738806689342403
2020-11-23,Comm,0.057544444444444454,-0.036219999999999995,0.08588442657062825
2020-11-23,Consumer,0.17166674725274725,0.1130546130952381,0.1171334231700204
2020-11-23,Energy,-0.030297321428571437,0.0,0.10930708930025002
2020-11-23,Financials,0.0361675,0.10204666666666666,0.13153274598813885
2020-11-23,Healthcare,0.1924425238095238,0.043996875,0.0949407959842186
2020-11-23,Industrials,0.12892571428571428,0.09988222222222222,0.11157033810435597
2020-11-23,Materials,0.04046,0.0,0.08163150793650795
2020-11-23,RealEstate,0.0,0.0,0.09548531746031746
2020-11-23,Tech,0.08877499999999999,0.23048888888888888,0.13775011998385212
2020-11-23,Utilities,0.3072166666666667,0.05303333333333333,0.11187219387755103
2020-11-24,Comm,0.12386666666666668,0.057544444444444454,0.07217523344893512
2020-11-24,Consumer,0.04016875,0.17166674725274725,0.11172874446777024
2020-11-24,Energy,-0.14315,-0.030297321428571437,0.09553301050206407
2020-11-24,Financials,0.135245,0.0361675,0.11147881741671026
2020-11-24,Healthcare,0.119175,0.1924425238095238,0.10167805902276736
2020-11-24,Industrials,0.045141190476190474,0.12892571428571428,0.09815489592748523
2020-11-24,Materials,0.4404,0.04046,0.0835581746031746
2020-11-24,RealEstate,0.10711666666666668,0.0,0.09548531746031746
2020-11-24,Tech,0.0,0.08877499999999999,0.13517490353363568
2020-11-24,Utilities,0.2023,0.3072166666666667,0.11677893990929707
2020-11-25,Comm,0.10638,0.12386666666666668,0.07333799988884443
2020-11-25,Consumer,0.19735833333333333,0.04016875,0.11083108706036285
2020-11-25,Energy,0.153265625,-0.14315,0.08539232796238154
2020-11-25,Financials,0.0006441666666666679,0.135245,0.11767881741671025
2020-11-25,Healthcare,0.0502375,0.119175,0.1063496198693282
2020-11-25,Industrials,0.22318666666666664,0.045141190476190474,0.08950325949513449
2020-11-25,Materials,0.2679333333333333,0.4404,0.10452960317460318
2020-11-25,RealEstate,0.0,0.10711666666666668,0.08788928571428571
2020-11-25,Tech,0.12424444444444445,0.0,0.13340287972411186
2020-11-25,Utilities,0.37870000000000004,0.2023,0.12334620181405898
2020-11-27,Comm,0.2934333333333333,0.10638,0.07840371417455871
2020-11-27,Consumer,0.11065,0.19735833333333333,0.11710600769528348
2020-11-27,Energy,0.14935625000000002,0.153265625,0.09273090269783128
2020-11-27,Financials,0.34355555555555556,0.0006441666666666679,0.11496306344845632
2020-11-27,Healthcare,-0.052155555555555566,0.0502375,0.1058163035427976
2020-11-27,Industrials,0.1753095238095238,0.22318666666666664,0.10114501773689274
2020-11-27,Materials,0.0,0.2679333333333333,0.11728833333333333
2020-11-27,RealEstate,0.012650000000000002,0.0,0.08788928571428571
2020-11-27,Tech,0.27925,0.12424444444444445,0.13055683626228268
2020-11-27,Utilities,0.5267,0.37870000000000004,0.137143820861678
2020-11-30,Comm,0.10057777777777778,0.2934333333333333,0.08638514274598728
2020-11-30,Consumer,0.14,0.11065,0.11819374579052158
2020-11-30,Energy,0.2151790476190476,0.14935625000000002,0.09703412548694693
2020-11-30,Financials,0.028531250000000015,0.34355555555555556,0.12980486994883425
2020-11-30,Healthcare,0.16828333333333334,-0.052155555555555566,0.10372864216713622
2020-11-30,Industrials,0.09554457142857144,0.1753095238095238,0.10305227428193499
2020-11-30,Materials,0.10115,0.0,0.11728833333333333
2020-11-30,RealEstate,0.25806666666666667,0.012650000000000002,0.07759642857142857
2020-11-30,Tech,0.03912708333333333,0.27925,0.1398537750377929
2020-11-30,Utilities,0.1361125,0.5267,0.16222477324263038
2020-12-01,Comm,0.1101,0.10057777777777778,0.08293598930683384
2020-12-01,Consumer,0.24098333333333333,0.14,0.12267854737782316
2020-12-01,Energy,0.10927,0.2151790476190476,0.1188937570062213
2020-12-01,Financials,0.5256166666666666,0.028531250000000015,0.12492004852026281
2020-12-01,Healthcare,0.06698333333333333,0.16828333333333334,0.10197810248459654
2020-12-01,Industrials,0.0427625,0.09554457142857144,0.1106247300642479
2020-12-01,Materials,0.3062,0.10115,0.11889849206349205
2020-12-01,RealEstate,0.34,0.25806666666666667,0.08988531746031746
2020-12-01,Tech,0.03347083333333333,0.03912708333333333,0.13451696948223735
2020-12-01,Utilities,0.2732,0.1361125,0.16358965419501134
2020-12-02,Comm,-0.24695,0.1101,0.07937646549731003
2020-12-02,Consumer,0.015388222222222223,0.24098333333333333,0.12590720346247924
2020-12-02,Energy,0.18616416666666666,0.10927,0.12209181256177686
2020-12-02,Financials,0.1470625,0.5256166666666666,0.1458764612186755
2020-12-02,Healthcare,0.25959375,0.06698333333333333,0.10300257939657345
2020-12-02,Industrials,-0.002611111111111115,0.0427625,0.1091147980914588
2020-12-02,Materials,0.15253333333333333,0.3062,0.13347944444444443
2020-12-02,RealEstate,0.1909,0.34,0.10607579365079364
2020-12-02,Tech,0.20024375,0.03347083333333333,0.13168700916477702
2020-12-02,Utilities,0.2823875,0.2732,0.17009441609977324
2020-12-03,Comm,0.06958571428571429,-0.24695,0.06456273533857988
2020-12-03,Consumer,0.1222375,0.015388222222222223,0.12225725108152685
2020-12-03,Energy,0.021483333333333337,0.18616416666666666,0.1348539554189197
2020-12-03,Financials,0.122975,0.1470625,0.14728241359962788
2020-12-03,Healthcare,0.30622499999999997,0.25959375,0.11148766537540941
2020-12-03,Industrials,0.11542369747899159,-0.002611111111111115,0.1017691797052154
2020-12-03,Materials,0.0,0.15253333333333333,0.12835007936507936
2020-12-03,RealEstate,0.33926666666666666,0.1909,0.11516626984126985
2020-12-03,Tech,0.07207222222222222,0.20024375,0.13932293178382466
2020-12-03,Utilities,0.0,0.2823875,0.18467556689342404
2020-12-04,Comm,0.16751666666666667,0.06958571428571429,0.07118868998710595
2020-12-04,Consumer,0.09833333333333333,0.1222375,0.1209533860021618
2020-12-04,Energy,0.003914126984126978,0.021483333333333337,0.12557339986336413
2020-12-04,Financials,-0.026450000000000008,0.122975,0.1491496896767254
2020-12-04,Healthcare,0.11248055555555557,0.30622499999999997,0.11988663362937768
2020-12-04,Industrials,0.08516,0.11542369747899159,0.09756562561691344
2020-12-04,Materials,0.0,0.0,0.10655960317460317
2020-12-04,RealEstate,0.0,0.33926666666666666,0.1313218253968254
2020-12-04,Tech,0.1880625,0.07207222222222222,0.13325970427059713
2020-12-04,Utilities,0.22615000000000002,0.0,0.17105890022675738
2020-12-07,Comm,0.0659037037037037,0.16751666666666667,0.07379535665377263
2020-12-07,Consumer,0.09896714285714285,0.09833333333333333,0.123616787362706
2020-12-07,Energy,0.10040611111111111,0.003914126984126978,0.12026371543403687
2020-12-07,Financials,0.060675833333333325,-0.026450000000000008,0.14023480872434443
2020-12-07,Healthcare,-0.1004,0.11248055555555557,0.11029382057823131
2020-12-07,Industrials,0.08424583333333333,0.08516,0.09080618117246898
2020-12-07,Materials,0.0,0.0,0.10655960317460317
2020-12-07,RealEstate,0.4767,0.0,0.1313218253968254
2020-12-07,Tech,0.08750972222222222,0.1880625,0.13712061696900982
2020-12-07,Utilities,0.2732,0.22615000000000002,0.1810402494331066
2020-12-08,Comm,0.10193636363636364,0.0659037037037037,0.07841919968728232
2020-12-08,Consumer,0.06071333333333334,0.09896714285714285,0.12078620913141348
2020-12-08,Energy,0.09189166666666666,0.10040611111111111,0.12273130802662946
2020-12-08,Financials,0.047122,0.060675833333333325,0.13719937221640793
2020-12-08,Healthcare,0.1829222222222222,-0.1004,0.10270632057823129
2020-12-08,Industrials,-0.002047222222222228,0.08424583333333333,0.09042947482326263
2020-12-08,Materials,-0.042666666666666665,0.0,0.10655960317460317
2020-12-08,RealEstate,0.0,0.4767,0.1476424603174603
2020-12-08,Tech,0.13448749999999998,0.08750972222222222,0.1358306037414966
2020-12-08,Utilities,0.33873333333333333,0.2732,0.17852239229024947
2020-12-09,Comm,0.26174375,0.10193636363636364,0.07866800528527909
2020-12-09,Consumer,-0.0017501515151515205,0.06071333333333334,0.12105310255544977
2020-12-09,Energy,0.06654666666666667,0.09189166666666666,0.12070353024885168
2020-12-09,Financials,0.08054333333333333,0.047122,0.13112184840688412
2020-12-09,Healthcare,-0.123475,0.1829222222222222,0.11141690258881329
2020-12-09,Industrials,-0.04326555555555555,-0.002047222222222228,0.09107847331154685
2020-12-09,Materials,0.12593333333333334,-0.042666666666666665,0.09831198412698414
2020-12-09,RealEstate,0.00645,0.0,0.14171031746031745
2020-12-09,Tech,0.27175916666666666,0.13448749999999998,0.13219111961451246
2020-12-09,Utilities,0.57375,0.33873333333333333,0.18751921768707483
2020-12-10,Comm,0.19042187500000002,0.26174375,0.08133634712201379
2020-12-10,Consumer,0.21859968253968254,-0.0017501515151515205,0.11926132663295956
2020-12-10,Energy,0.346355,0.06654666666666667,0.11582254856387
2020-12-10,Financials,0.140775,0.08054333333333333,0.1321794816268388
2020-12-10,Healthcare,0.07891875000000001,-0.123475,0.09556793433484505
2020-12-10,Industrials,0.00019066666666667578,-0.04326555555555555,0.07881474844382197
2020-12-10,Materials,0.296,0.12593333333333334,0.10430880952380954
2020-12-10,RealEstate,0.0,0.00645,0.1305285714285714
2020-12-10,Tech,0.2950479166666667,0.27175916666666666,0.14606973072562357
2020-12-10,Utilities,0.12511666666666665,0.57375,0.2076297619047619
2020-12-11,Comm,0.06066428571428571,0.19042187500000002,0.08912191259820428
2020-12-11,Consumer,0.14347326315789474,0.21859968253968254,0.12384911574860584
2020-12-11,Energy,-0.233304,0.346355,0.1310570247543462
2020-12-11,Financials,0.09013499999999999,0.140775,0.13077591019826734
2020-12-11,Healthcare,0.301453,0.07891875000000001,0.08920235100151172
2020-12-11,Industrials,-0.07586066666666669,0.00019066666666667578,0.07169392701525054
2020-12-11,Materials,0.0,0.296,0.1264992857142857
2020-12-11,RealEstate,0.0,0.0,0.1305285714285714
2020-12-11,Tech,0.056598749999999996,0.2950479166666667,0.16144328231292518
2020-12-11,Utilities,0.14049999999999999,0.12511666666666665,0.2005781746031746
2020-12-14,Comm,0.060334374999999996,0.06066428571428571,0.0980365809655512
2020-12-14,Consumer,0.04732166666666667,0.14347326315789474,0.12538458859739446
2020-12-14,Energy,0.09768750000000001,-0.233304,0.10576953269085412
2020-12-14,Financials,0.15008333333333335,0.09013499999999999,0.12626843854293854
2020-12-14,Healthcare,0.14211500000000002,0.301453,0.10355725576341648
2020-12-14,Industrials,0.11666622023809524,-0.07586066666666669,0.06621056193588545
2020-12-14,Materials,0.0,0.0,0.12062626984126983
2020-12-14,RealEstate,0.03818,0.0,0.11594761904761904
2020-12-14,Tech,0.09489500000000001,0.056598749999999996,0.15386416005291007
2020-12-14,Utilities,0.13331666666666667,0.14049999999999999,0.2002281746031746
2020-12-15,Comm,0.2356892857142857,0.060334374999999996,0.0965894083465036
2020-12-15,Consumer,0.18401190476190477,0.04732166666666667,0.12262456076808093
2020-12-15,Energy,0.33522222222222225,0.09768750000000001,0.09411338189720334
2020-12-15,Financials,0.26395625,0.15008333333333335,0.12333882010582012
2020-12-15,Healthcare,0.3786777777777777,0.14211500000000002,0.11214725576341648
2020-12-15,Industrials,0.24858750000000002,0.11666622023809524,0.0701406994075408
2020-12-15,Materials,0.0,0.0,0.11800484126984126
2020-12-15,RealEstate,0.1053,0.03818,0.11776571428571428
2020-12-15,Tech,0.10724333333333334,0.09489500000000001,0.1473790013227513
2020-12-15,Utilities,0.0,0.13331666666666667,0.19150436507936508
2020-12-16,Comm,0.0,0.2356892857142857,0.10091072353924735
2020-12-16,Consumer,0.27887399999999996,0.18401190476190477,0.12130127870163115
2020-12-16,Energy,0.02231666666666668,0.33522222222222225,0.09675570993953136
2020-12-16,Financials,0.3079866666666667,0.26395625,0.12909189550264552
2020-12-16,Healthcare,0.2831875,0.3786777777777777,0.116560483276644
2020-12-16,Industrials,0.15357500000000002,0.24858750000000002,0.07760867559801699
2020-12-16,Materials,0.0,0.0,0.10917269841269842
2020-12-16,RealEstate,0.2526333333333333,0.1053,0.11023952380952382
2020-12-16,Tech,0.06743333333333333,0.10724333333333334,0.15302349867724868
2020-12-16,Utilities,0.0,0.0,0.19150436507936508
2020-12-17,Comm,0.0856625,0.0,0.09494186639639021
2020-12-17,Consumer,0.17273999999999998,0.27887399999999996,0.12590100356935602
2020-12-17,Energy,0.11717999999999999,0.02231666666666668,0.08534980716175358
2020-12-17,Financials,0.32857416666666667,0.3079866666666667,0.13631840343915344
2020-12-17,Healthcare,0.05570533333333333,0.2831875,0.12863517375283445
2020-12-17,Industrials,0.23560416666666664,0.15357500000000002,0.07827568240073808
2020-12-17,Materials,0.1468,0.0,0.0974131746031746
2020-12-17,RealEstate,0.0,0.2526333333333333,0.12226968253968254
2020-12-17,Tech,0.2908928571428571,0.06743333333333333,0.13919849867724868
2020-12-17,Utilities,0.20631666666666668,0.0,0.19709246031746033
2020-12-18,Comm,0.00801,0.0856625,0.09212389020591402
2020-12-18,Consumer,0.2572413333333333,0.17273999999999998,0.12142929930870439
2020-12-18,Energy,0.06116666666666667,0.11717999999999999,0.09092980716175358
2020-12-18,Financials,0.0,0.32857416666666667,0.15383383994708993
2020-12-18,Healthcare,0.29175,0.05570533333333333,0.12974227295918367
2020-12-18,Industrials,0.033405624999999994,0.23560416666666664,0.08250742843248411
2020-12-18,Materials,0.11337499999999999,0.1468,0.0939179365079365
2020-12-18,RealEstate,0.18185,0.0,0.12226968253968254
2020-12-18,Tech,0.24072500000000002,0.2908928571428571,0.13740635959939532
2020-12-18,Utilities,0.2732,0.20631666666666668,0.20691706349206346
2020-12-21,Comm,0.07763416666666667,0.00801,0.09207769972972354
2020-12-21,Consumer,0.12752141125541125,0.2572413333333333,0.1272680400494451
2020-12-21,Energy,0.13405733333333333,0.06116666666666667,0.08912398705593348
2020-12-21,Financials,-0.029942657894736845,0.0,0.14684643915343915
2020-12-21,Healthcare,0.27162,0.29175,0.13468433645124717
2020-12-21,Industrials,0.22704149999999998,0.033405624999999994,0.08532870158063226
2020-12-21,Materials,0.1916625,0.11337499999999999,0.09931674603174603
2020-12-21,RealEstate,0.03415,0.18185,0.10995777777777778
2020-12-21,Tech,0.1041352380952381,0.24072500000000002,0.13693999055177627
2020-12-21,Utilities,0.211175,0.2732,0.21000753968253966
2020-12-22,Comm,-0.007149999999999994,0.07763416666666667,0.09018261469570994
2020-12-22,Consumer,0.086088,0.12752141125541125,0.1351216389981155
2020-12-22,Energy,-0.018831999999999995,0.13405733333333333,0.08593862197656842
2020-12-22,Financials,0.24913333333333335,-0.029942657894736845,0.13596682052353107
2020-12-22,Healthcare,0.05066999999999999,0.27162,0.14427318565759636
2020-12-22,Industrials,0.14149166666666668,0.22704149999999998,0.0946127639389089
2020-12-22,Materials,0.0,0.1916625,0.1018943253968254
2020-12-22,RealEstate,0.0,0.03415,0.11158396825396825
2020-12-22,Tech,0.20185,0.1041352380952381,0.1431648828420257
2020-12-22,Utilities,0.148,0.211175,0.22195753968253967
2020-12-23,Comm,0.0677875,-0.007149999999999994,0.09156690040999566
2020-12-23,Consumer,0.13125683333333332,0.086088,0.13383751456500892
2020-12-23,Energy,0.1589,-0.018831999999999995,0.0850418600718065
2020-12-23,Financials,0.210475,0.24913333333333335,0.142970947507658
2020-12-23,Healthcare,0.08902037037037036,0.05066999999999999,0.14459095351473922
2020-12-23,Industrials,0.3579833333333333,0.14149166666666668,0.09659416605531101
2020-12-23,Materials,0.0,0.0,0.1018943253968254
2020-12-23,RealEstate,0.0,0.0,0.11158396825396825
2020-12-23,Tech,0.2049,0.20185,0.1418011262282691
2020-12-23,Utilities,0.1366,0.148,0.2264797619047619
2020-12-24,Comm,0.08195000000000001,0.0677875,0.0920546649602602
2020-12-24,Consumer,0.24358892857142858,0.13125683333333332,0.13191323294979873
2020-12-24,Energy,0.07594444444444444,0.1589,0.0940512563303099
2020-12-24,Financials,0.24587499999999998,0.210475,0.1512713046505152
2020-12-24,Healthcare,0.35910000000000003,0.08902037037037036,0.13966608906525574
2020-12-24,Industrials,0.306025,0.3579833333333333,0.10750167172424525
2020-12-24,Materials,0.0,0.0,0.09996765873015874
2020-12-24,RealEstate,0.2202,0.0,0.11158396825396825
2020-12-24,Tech,0.17547222222222222,0.2049,0.147330888133031
2020-12-24,Utilities,0.0,0.1366,0.21835515873015873
2020-12-28,Comm,0.30003749999999996,0.08195000000000001,0.09005863321422845
2020-12-28,Consumer,0.24526172727272727,0.24358892857142858,0.14159990811986675
2020-12-28,Energy,0.06247499999999999,0.07594444444444444,0.10448432511337868
2020-12-28,Financials,0.10080111111111112,0.24587499999999998,0.1565393998886104
2020-12-28,Healthcare,0.18648749999999997,0.35910000000000003,0.15109108906525576
2020-12-28,Industrials,0.2449357142857143,0.306025,0.11992471027299809
2020-12-28,Materials,0.0,0.0,0.07899623015873017
2020-12-28,RealEstate,-0.1027,0.2202,0.11696888888888889
2020-12-28,Tech,0.24318194444444444,0.17547222222222222,0.1556867082388511
2020-12-28,Utilities,0.45315,0.0,0.2087218253968254
2020-12-29,Comm,0.16933333333333334,0.30003749999999996,0.09928041892851416
2020-12-29,Consumer,0.16010577777777776,0.24526172727272727,0.14388102211698076
2020-12-29,Energy,0.143175,0.06247499999999999,0.10016096201814059
2020-12-29,Financials,-0.41355,0.10080111111111112,0.16130877819548872
2020-12-29,Healthcare,0.022477777777777777,0.18648749999999997,0.15757918430335097
2020-12-29,Industrials,0.199215,0.2449357142857143,0.12096037920723844
2020-12-29,Materials,0.23835,0.0,0.0662375
2020-12-29,RealEstate,0.0,-0.1027,0.1120784126984127
2020-12-29,Tech,-0.09947999999999999,0.24318194444444444,0.1613503987150416
2020-12-29,Utilities,0.0,0.45315,0.21226706349206348
2020-12-30,Comm,0.1531,0.16933333333333334,0.09337089511899035
2020-12-30,Consumer,0.444525,0.16010577777777776,0.1462360591540178
2020-12-30,Energy,0.04303333333333334,0.143175,0.09986661678004535
2020-12-30,Financials,0.043899999999999995,-0.41355,0.12525613269284322
2020-12-30,Healthcare,0.3021,0.022477777777777777,0.16113315255731925
2020-12-30,Industrials,0.072314,0.199215,0.12209873521630875
2020-12-30,Materials,0.3182,0.23835,0.0775875
2020-12-30,RealEstate,0.0,0.0,0.11147603174603174
2020-12-30,Tech,0.21244375,-0.09947999999999999,0.14331563681027967
2020-12-30,Utilities,0.0,0.0,0.1871861111111111
2020-12-31,Comm,0.10063174603174603,0.1531,0.09587195332004857
2020-12-31,Consumer,0.3254826666666667,0.444525,0.16073724963020827
2020-12-31,Energy,0.058391666666666675,0.04303333333333334,0.09166920181405895
2020-12-31,Financials,0.3829883333333333,0.043899999999999995,0.12598797793093847
2020-12-31,Healthcare,0.2181611111111111,0.3021,0.16750537477954144
2020-12-31,Industrials,0.13057333333333332,0.072314,0.12099251752923393
2020-12-31,Materials,0.4019,0.3182,0.08792321428571429
2020-12-31,RealEstate,0.2037,0.0,0.09918714285714285
2020-12-31,Tech,0.20435,0.21244375,0.15156881141345427
2020-12-31,Utilities,0.4404,0.0,0.1807045634920635
2021-01-04,Comm,0.029888888888888885,0.10063174603174603,0.09542108408346503
2021-01-04,Consumer,0.10702622222222222,0.3254826666666667,0.16476102740798607
2021-01-04,Energy,0.08294791666666666,0.058391666666666675,0.08924642403628119
2021-01-04,Financials,0.24717708333333333,0.3829883333333333,0.11919615253411306
2021-01-04,Healthcare,0.1792875,0.2181611111111111,0.17470431657848323
2021-01-04,Industrials,0.09613194444444445,0.13057333333333332,0.12517398578320216
2021-01-04,Materials,0.0734,0.4019,0.09248035714285714
2021-01-04,RealEstate,0.0,0.2037,0.09269666666666666
2021-01-04,Tech,0.21894999999999998,0.20435,0.15970591458805744
2021-01-04,Utilities,0.196125,0.4404,0.18866646825396827
2021-01-05,Comm,0.06041166666666666,0.029888888888888885,0.10860388831626927
2021-01-05,Consumer,0.09015666666666668,0.10702622222222222,0.16912474169370034
2021-01-05,Energy,0.12317666666666667,0.08294791666666666,0.08433136451247167
2021-01-05,Financials,0.23615,0.24717708333333333,0.12396351364522416
2021-01-05,Healthcare,0.3070833333333333,0.1792875,0.1708802094356261
2021-01-05,Industrials,0.12036666666666668,0.09613194444444445,0.12987603604775244
2021-01-05,Materials,0.2044,0.0734,0.08871210317460318
2021-01-05,RealEstate,0.0,0.0,0.08360619047619047
2021-01-05,Tech,0.07074375,0.21894999999999998,0.16059668839758126
2021-01-05,Utilities,0.21230000000000002,0.196125,0.18455873015873014
2021-01-06,Comm,0.18533619047619046,0.06041166666666666,0.10816702890583843
2021-01-06,Consumer,0.06937000000000001,0.09015666666666668,0.16759708296354162
2021-01-06,Energy,-0.019253333333333334,0.12317666666666667,0.08917390419501134
2021-01-06,Financials,0.21648645833333333,0.23615,0.12935279935950988
2021-01-06,Healthcare,0.052387500000000004,0.3070833333333333,0.17092108245149912
2021-01-06,Industrials,0.17658133333333334,0.12036666666666668,0.1301114155328798
2021-01-06,Materials,0.4215,0.2044,0.09844543650793651
2021-01-06,RealEstate,0.148,0.0,0.06745063492063491
2021-01-06,Tech,0.15588444444444446,0.07074375,0.16053342781557067
2021-01-06,Utilities,0.0,0.21230000000000002,0.194668253968254
2021-01-07,Comm,0.16188,0.18533619047619046,0.10901557765867291
2021-01-07,Consumer,0.107911,0.06937000000000001,0.16621787661433526
2021-01-07,Energy,0.09145555555555555,-0.019253333333333334,0.08807069179894181
2021-01-07,Financials,0.04944642857142857,0.21648645833333333,0.14092120213728768
2021-01-07,Healthcare,-0.047700000000000006,0.052387500000000004,0.16805950837742503
2021-01-07,Industrials,-0.07347333333333333,0.17658133333333334,0.13446481235827665
2021-01-07,Materials,-0.1706,0.4215,0.11851686507936507
2021-01-07,RealEstate,0.0,0.148,0.07449825396825396
2021-01-07,Tech,0.031656666666666666,0.15588444444444446,0.15900113945578231
2021-01-07,Utilities,0.1366,0.0,0.18389920634920634
2021-01-08,Comm,0.0,0.16188,0.11358587748230606
2021-01-08,Consumer,0.208589,0.107911,0.16664377457351892
2021-01-08,Energy,0.11677589285714286,0.09145555555555555,0.08764447486772486
2021-01-08,Financials,0.14236666666666667,0.04944642857142857,0.14038646857719697
2021-01-08,Healthcare,0.0,-0.047700000000000006,0.17056903218694885
2021-01-08,Industrials,0.0015688888888888864,-0.07347333333333333,0.12695437585034014
2021-01-08,Materials,0.02732,-0.1706,0.11039305555555556
2021-01-08,RealEstate,0.2732,0.0,0.05179825396825396
2021-01-08,Tech,0.042991666666666664,0.031656666666666666,0.156341470143613
2021-01-08,Utilities,0.16861666666666666,0.1366,0.17739444444444444
2021-01-11,Comm,0.27421249999999997,0.0,0.10873176492819352
2021-01-11,Consumer,0.14755666666666667,0.208589,0.17368547298621734
2021-01-11,Energy,0.12099,0.11677589285714286,0.0888294380196523
2021-01-11,Financials,0.011525845410628026,0.14236666666666667,0.14492192889465727
2021-01-11,Healthcare,-0.10957285714285714,0.0,0.16185845017636685
2021-01-11,Industrials,0.19519062499999998,0.0015688888888888864,0.1271265716175359
2021-01-11,Materials,0.1654,0.02732,0.11372575396825396
2021-01-11,RealEstate,0.2874333333333334,0.2732,0.06480777777777777
2021-01-11,Tech,0.06665173611111111,0.042991666666666664,0.15198452569916854
2021-01-11,Utilities,0.3454,0.16861666666666666,0.1692936507936508
2021-01-12,Comm,-0.056258333333333334,0.27421249999999997,0.1093255149281935
2021-01-12,Consumer,0.14030083333333335,0.14755666666666667,0.18079532147106583
2021-01-12,Energy,-0.015189166666666656,0.12099,0.09142197770219199
2021-01-12,Financials,0.048061041666666665,0.011525845410628026,0.14163538185071892
2021-01-12,Healthcare,0.19973125,-0.10957285714285714,0.16252045697908793
2021-01-12,Industrials,0.09521666666666667,0.19519062499999998,0.1384816278344671
2021-01-12,Materials,0.0,0.1654,0.11560511904761904
2021-01-12,RealEstate,0.03813333333333333,0.2874333333333334,0.07818793650793651
2021-01-12,Tech,0.066025,0.06665173611111111,0.14221750519652304
2021-01-12,Utilities,0.40635,0.3454,0.15841984126984127
2021-01-13,Comm,-0.05616249999999999,-0.056258333333333334,0.09757883834089191
2021-01-13,Consumer,0.15214999999999998,0.14030083333333335,0.17706680484219206
2021-01-13,Energy,0.06973750000000001,-0.015189166666666656,0.07420558881330311
2021-01-13,Financials,0.10456041666666667,0.048061041666666665,0.13722043145389354
2021-01-13,Healthcare,0.19265000000000002,0.19973125,0.1682734331695641
2021-01-13,Industrials,0.29152954545454546,0.09521666666666667,0.14300667545351473
2021-01-13,Materials,0.0,0.0,0.10150988095238096
2021-01-13,RealEstate,0.3126833333333333,0.03813333333333333,0.08000380952380952
2021-01-13,Tech,0.089002950310559,0.066025,0.13131165202191988
2021-01-13,Utilities,0.20827777777777778,0.40635,0.17181190476190475
2021-01-14,Comm,0.05734,-0.05616249999999999,0.09201565806878308
2021-01-14,Consumer,0.06798000000000001,0.15214999999999998,0.1774799827870542
2021-01-14,Energy,0.063925,0.06973750000000001,0.08863613643235072
2021-01-14,Financials,-0.017289285714285715,0.10456041666666667,0.13790735605706814
2021-01-14,Healthcare,0.15031875,0.19265000000000002,0.16309233793146888
2021-01-14,Industrials,0.2685444444444444,0.29152954545454546,0.16050144745928674
2021-01-14,Materials,0.0,0.0,0.10150988095238096
2021-01-14,RealEstate,0.0,0.3126833333333333,0.09489349206349205
2021-01-14,Tech,0.20546666666666666,0.089002950310559,0.13285470917956554
2021-01-14,Utilities,-0.3818,0.20827777777777778,0.175039417989418
2021-01-15,Comm,0.22091666666666665,0.05734,0.09187306878306878
2021-01-15,Consumer,0.15279666666666666,0.06798000000000001,0.17846371294578436
2021-01-15,Energy,0.20217884615384615,0.063925,0.08702839833711262
2021-01-15,Financials,0.2948633116883117,-0.017289285714285715,0.12993723134051485
2021-01-15,Healthcare,0.20066666666666666,0.15031875,0.16348299269337363
2021-01-15,Industrials,0.08051,0.2685444444444444,0.1677337438500653
2021-01-15,Materials,0.0,0.0,0.10150988095238096
2021-01-15,RealEstate,0.2307125,0.0,0.09307539682539681
2021-01-15,Tech,0.0901225,0.20546666666666666,0.13812002663988301
2021-01-15,Utilities,0.4404,-0.3818,0.15051005291005293
2021-01-19,Comm,0.053607499999999995,0.22091666666666665,0.09116961073318215
2021-01-19,Consumer,0.0835878787878788,0.15279666666666666,0.1769772730364873
2021-01-19,Energy,0.19628333333333334,0.20217884615384615,0.08069299947671375
2021-01-19,Financials,0.15012194444444443,0.2948633116883117,0.1314089961828154
2021-01-19,Healthcare,0.10955,0.20066666666666666,0.15500627311665408
2021-01-19,Industrials,0.029585882352941174,0.08051,0.15973005337387478
2021-01-19,Materials,-0.4253,0.0,0.10150988095238096
2021-01-19,RealEstate,0.0,0.2307125,0.09904742063492063
2021-01-19,Tech,0.07612423076923076,0.0901225,0.13730474886210522
2021-01-19,Utilities,0.045533333333333335,0.4404,0.17148148148148148
2021-01-20,Comm,-0.25,0.053607499999999995,0.09372234882842026
2021-01-20,Consumer,-0.06799750000000002,0.0835878787878788,0.16767793393114822
2021-01-20,Energy,-0.09545,0.19628333333333334,0.08897712646084074
2021-01-20,Financials,0.06819890756302521,0.15012194444444443,0.12389162845794767
2021-01-20,Healthcare,0.5762833333333334,0.10955,0.14673782073570169
2021-01-20,Industrials,0.029599999999999998,0.029585882352941174,0.1538258096763958
2021-01-20,Materials,0.0,-0.4253,0.08125750000000001
2021-01-20,RealEstate,0.003187499999999996,0.0,0.0870172619047619
2021-01-20,Tech,0.13685833333333333,0.07612423076923076,0.1377186011209575
2021-01-20,Utilities,0.050575,0.045533333333333335,0.17364973544973544
2021-01-21,Comm,-0.05456833333333334,-0.25,0.07773842025699168
2021-01-21,Consumer,-0.06347125,-0.06799750000000002,0.15621424345495774
2021-01-21,Energy,-0.23058499999999998,-0.09545,0.07885188836560265
2021-01-21,Financials,0.089455,0.06819890756302521,0.11149280659586952
2021-01-21,Healthcare,0.033716666666666666,0.5762833333333334,0.17152724930713026
2021-01-21,Industrials,0.020424999999999985,0.029599999999999998,0.14401608745417357
2021-01-21,Materials,0.063475,0.0,0.07426702380952381
2021-01-21,RealEstate,0.0,0.003187499999999996,0.08716904761904762
2021-01-21,Tech,0.21062916666666667,0.13685833333333333,0.13038362379669444
2021-01-21,Utilities,0.0,0.050575,0.1662334656084656
2021-01-22,Comm,0.13025833333333334,-0.05456833333333334,0.07475849962207104
2021-01-22,Consumer,0.033896875,-0.06347125,0.14094221567717996
2021-01-22,Energy,0.0399575,-0.23058499999999998,0.06495895185766615
2021-01-22,Financials,0.057395,0.089455,0.11575256850063143
2021-01-22,Healthcare,0.0,0.033716666666666666,0.15923994771982866
2021-01-22,Industrials,0.165875,0.020424999999999985,0.1433979624541736
2021-01-22,Materials,0.3612,0.063475,0.07189083333333333
2021-01-22,RealEstate,0.0,0.0,0.0785095238095238
2021-01-22,Tech,0.16475416666666667,0.21062916666666667,0.12895048887605953
2021-01-22,Utilities,0.1661,0.0,0.15322394179894183
2021-01-25,Comm,0.0754752380952381,0.13025833333333334,0.07726441232048374
2021-01-25,Consumer,0.05452,0.033896875,0.13648390442692226
2021-01-25,Energy,0.19573333333333334,0.0399575,0.06047800741322171
2021-01-25,Financials,0.23641041666666665,0.057395,0.11991150459085699
2021-01-25,Healthcare,0.1696185,0.0,0.14630566200554296
2021-01-25,Industrials,0.2363,0.165875,0.1404852719779831
2021-01-25,Materials,-0.07466666666666667,0.3612,0.07996404761904762
2021-01-25,RealEstate,0.13834444444444446,0.0,0.07688333333333333
2021-01-25,Tech,0.14641923076923077,0.16475416666666667,0.13183710452231803
2021-01-25,Utilities,0.19028333333333336,0.1661,0.15107751322751323
2021-01-26,Comm,-0.03156428571428571,0.0754752380952381,0.08119894746787604
2021-01-26,Consumer,0.11258138888888888,0.05452,0.1349806663316842
2021-01-26,Energy,0.37005999999999994,0.19573333333333334,0.07069540423861853
2021-01-26,Financials,0.19581180555555555,0.23641041666666665,0.11930565141625381
2021-01-26,Healthcare,-0.004583333333333335,0.1696185,0.15196987629125724
2021-01-26,Industrials,0.11785958646616541,0.2363,0.14499995451766565
2021-01-26,Materials,-0.042666666666666665,-0.07466666666666667,0.07640849206349205
2021-01-26,RealEstate,0.04933333333333333,0.13834444444444446,0.08347116402116402
2021-01-26,Tech,0.1309216666666667,0.14641923076923077,0.1291975440827576
2021-01-26,Utilities,0.1979375,0.19028333333333336,0.1530910052910053
2021-01-27,Comm,0.003319999999999998,-0.03156428571428571,0.07646791005291005
2021-01-27,Consumer,0.024555357142857143,0.11258138888888888,0.13409135945337733
2021-01-27,Energy,0.2073222222222222,0.37005999999999994,0.08075064233385662
2021-01-27,Financials,0.0007266666666666643,0.19581180555555555,0.11860740406175645
2021-01-27,Healthcare,0.11092142857142856,-0.004583333333333335,0.14751255706727134
2021-01-27,Industrials,0.07873224637681159,0.11785958646616541,0.13356549038113386
2021-01-27,Materials,0.0,-0.042666666666666665,0.07437674603174603
2021-01-27,RealEstate,0.28495000000000004,0.04933333333333333,0.08582037037037037
2021-01-27,Tech,0.35104722222222223,0.1309216666666667,0.1256747663049798
2021-01-27,Utilities,0.4959,0.1979375,0.15601183862433862
2021-01-28,Comm,0.20357291666666666,0.003319999999999998,0.07272362433862434
2021-01-28,Consumer,0.1124907619047619,0.024555357142857143,0.1236611893853501
2021-01-28,Energy,0.09937291666666666,0.2073222222222222,0.08700672698994127
2021-01-28,Financials,0.052784027777777784,0.0007266666666666643,0.10693367390302631
2021-01-28,Healthcare,0.226515,0.11092142857142856,0.13569452985638697
2021-01-28,Industrials,0.1171835,0.07873224637681159,0.12274202592288679
2021-01-28,Materials,0.12603124999999998,0.0,0.07437674603174603
2021-01-28,RealEstate,0.0,0.28495000000000004,0.0889037037037037
2021-01-28,Tech,-0.10381388888888887,0.35104722222222223,0.13403548059069412
2021-01-28,Utilities,0.31026666666666664,0.4959,0.17962612433862435
2021-01-29,Comm,0.058776666666666665,0.20357291666666666,0.06813007275132275
2021-01-29,Consumer,0.15471041666666668,0.1124907619047619,0.11733876246306606
2021-01-29,Energy,-0.33050277777777776,0.09937291666666666,0.08876377064073493
2021-01-29,Financials,0.12280875000000001,0.052784027777777784,0.10464714612524853
2021-01-29,Healthcare,-0.07972499999999999,0.226515,0.13760060128495843
2021-01-29,Industrials,0.13647291666666667,0.1171835,0.11665858714737656
2021-01-29,Materials,0.10115,0.12603124999999998,0.08037823412698412
2021-01-29,RealEstate,-0.070525,0.0,0.09379417989417989
2021-01-29,Tech,0.13175625,-0.10381388888888887,0.117511869479583
2021-01-29,Utilities,0.18926666666666667,0.31026666666666664,0.1728221560846561
2021-02-01,Comm,0.41345333333333334,0.058776666666666665,0.06286546957671957
2021-02-01,Consumer,0.07755583333333334,0.15471041666666668,0.1170818405053941
2021-02-01,Energy,0.09943151515151516,-0.33050277777777776,0.06620768598465027
2021-02-01,Financials,0.09057375,0.12280875000000001,0.13018803898239137
2021-02-01,Healthcare,0.23296999999999998,-0.07972499999999999,0.13273380234315948
2021-02-01,Industrials,-0.04230342857142857,0.13647291666666667,0.11367086889340831
2021-02-01,Materials,0.020095,0.10115,0.07384490079365079
2021-02-01,RealEstate,0.2083,-0.070525,0.09043584656084655
2021-02-01,Tech,0.2842746428571429,0.13175625,0.128523119479583
2021-02-01,Utilities,0.5081,0.18926666666666667,0.1818348544973545
2021-02-02,Comm,0.12638333333333335,0.41345333333333334,0.07526324735449735
2021-02-02,Consumer,0.19279333333333332,0.07755583333333334,0.09960711828317186
2021-02-02,Energy,-0.003239766081871339,0.09943151515151516,0.06889331369027799
2021-02-02,Financials,0.30022916666666666,0.09057375,0.13241059850620088
2021-02-02,Healthcare,0.07220833333333333,0.23296999999999998,0.1294418975812547
2021-02-02,Industrials,0.0316264423076923,-0.04230342857142857,0.10821289610429267
2021-02-02,Materials,0.0,0.020095,0.0596494246031746
2021-02-02,RealEstate,0.06743333333333333,0.2083,0.10035489417989417
2021-02-02,Tech,0.40635,0.2842746428571429,0.13194363818706598
2021-02-02,Utilities,0.2732,0.5081,0.20603009259259258
2021-02-03,Comm,0.01548888888888889,0.12638333333333335,0.0764895134164777
2021-02-03,Consumer,-0.020663888888888888,0.19279333333333332,0.09328857860063217
2021-02-03,Energy,0.021288333333333336,-0.003239766081871339,0.06595848355939521
2021-02-03,Financials,0.25444500000000003,0.30022916666666666,0.1284696858077882
2021-02-03,Healthcare,0.08205208333333333,0.07220833333333333,0.12249176530612244
2021-02-03,Industrials,0.04631249999999999,0.0316264423076923,0.10350113938878595
2021-02-03,Materials,0.0344,0.0,0.04051132936507936
2021-02-03,RealEstate,0.28605,0.06743333333333333,0.09386600529100529
2021-02-03,Tech,0.2263208333333333,0.40635,0.1415626858061136
2021-02-03,Utilities,0.11023888888888889,0.2732,0.1980681878306878
2021-02-04,Comm,-0.029766666666666677,0.01548888888888889,0.07580379913076342
2021-02-04,Consumer,0.2132893333333333,-0.020663888888888888,0.0872080971191507
2021-02-04,Energy,0.1618,0.021288333333333336,0.06302231292447458
2021-02-04,Financials,-0.026214999999999995,0.25444500000000003,0.12881577707762948
2021-02-04,Healthcare,0.10124318181818182,0.08205208333333333,0.11786150736961452
2021-02-04,Industrials,0.15385000000000001,0.04631249999999999,0.10112878489143144
2021-02-04,Materials,0.0,0.0344,0.03865418650793651
2021-02-04,RealEstate,0.0,0.28605,0.10748743386243387
2021-02-04,Tech,0.12396940836940838,0.2263208333333333,0.14191367786960565
2021-02-04,Utilities,0.2809,0.11023888888888889,0.193978373015873
2021-02-05,Comm,0.068705,-0.029766666666666677,0.07150959278155707
2021-02-05,Consumer,-0.14214833333333332,0.2132893333333333,0.09307155743661101
2021-02-05,Energy,0.04620166666666667,0.1618,0.06486151927368093
2021-02-05,Financials,0.10044583333333333,-0.026214999999999995,0.11632220564905804
2021-02-05,Healthcare,0.33121833333333334,0.10124318181818182,0.10805959539270253
2021-02-05,Industrials,-0.019325000000000002,0.15385000000000001,0.10272322933587591
2021-02-05,Materials,0.0,0.0,0.028920853174603176
2021-02-05,RealEstate,0.28595,0.0,0.10748743386243387
2021-02-05,Tech,0.21494166666666667,0.12396940836940838,0.1444482330300537
2021-02-05,Utilities,0.11273333333333334,0.2809,0.19724503968253967
2021-02-08,Comm,-0.007988333333333333,0.068705,0.06595572656840513
2021-02-08,Consumer,0.09790980952380952,-0.14214833333333332,0.08299925584930941
2021-02-08,Energy,0.11955750000000001,0.04620166666666667,0.0679784240355857
2021-02-08,Financials,-0.009517619047619042,0.10044583333333333,0.110796461601439
2021-02-08,Healthcare,-0.04989999999999999,0.33121833333333334,0.12133725412286125
2021-02-08,Industrials,0.22244880952380952,-0.019325000000000002,0.09339435632000288
2021-02-08,Materials,0.2232,0.0,0.008849424603174604
2021-02-08,RealEstate,0.2637,0.28595,0.11405648148148147
2021-02-08,Tech,0.19317499999999999,0.21494166666666667,0.14726048170730235
2021-02-08,Utilities,0.21815,0.11273333333333334,0.20261329365079367
2021-02-09,Comm,0.021380357142857145,-0.007988333333333333,0.05786675831443689
2021-02-09,Consumer,0.05041428571428571,0.09790980952380952,0.08252300868377654
2021-02-09,Energy,0.07955,0.11955750000000001,0.06931661186627353
2021-02-09,Financials,0.012599999999999993,-0.009517619047619042,0.10798864981005578
2021-02-09,Healthcare,0.23256249999999998,-0.04989999999999999,0.12123249221809937
2021-02-09,Industrials,0.07385833333333335,0.22244880952380952,0.10748588693224781
2021-02-09,Materials,0.24803333333333333,0.2232,0.02760180555555556
2021-02-09,RealEstate,0.0,0.2637,0.12661362433862433
2021-02-09,Tech,0.05666666666666667,0.19317499999999999,0.15495183091365156
2021-02-09,Utilities,0.2732,0.21815,0.20649662698412696
2021-02-10,Comm,-0.039642222222222225,0.021380357142857145,0.058884870559334855
2021-02-10,Consumer,0.12102738095238096,0.05041428571428571,0.07499087943207586
2021-02-10,Energy,-0.19583333333333333,0.07955,0.06754395030164767
2021-02-10,Financials,0.012258333333333333,0.012599999999999993,0.10180928473069069
2021-02-10,Healthcare,0.19983599999999999,0.23256249999999998,0.1323068969800041
2021-02-10,Industrials,0.11268928571428571,0.07385833333333335,0.11092824142960228
2021-02-10,Materials,0.1147,0.24803333333333333,0.03811196428571429
2021-02-10,RealEstate,0.0,0.0,0.11360410052910053
2021-02-10,Tech,-0.028625000000000005,0.05666666666666667,0.15560302138984203
2021-02-10,Utilities,0.211575,0.2732,0.21147678571428571
2021-02-11,Comm,0.120215,-0.039642222222222225,0.04393940759637188
2021-02-11,Consumer,0.09395555555555557,0.12102738095238096,0.07372758011234797
2021-02-11,Energy,0.054193750000000006,-0.19583333333333333,0.052457124904822273
2021-02-11,Financials,0.27710833333333335,0.012258333333333333,0.10184416510796239
2021-02-11,Healthcare,0.0411375,0.19983599999999999,0.14704065208204492
2021-02-11,Industrials,-0.0658375,0.11268928571428571,0.10699960622552067
2021-02-11,Materials,0.0,0.1147,0.03569767857142857
2021-02-11,RealEstate,0.08808,0.0,0.09991679894179895
2021-02-11,Tech,0.019776666666666665,-0.028625000000000005,0.15106603395597962
2021-02-11,Utilities,-0.012074999999999999,0.211575,0.20510416666666664
2021-02-12,Comm,0.3825,0.120215,0.052342899659863946
2021-02-12,Consumer,0.043276999999999996,0.09395555555555557,0.07152066212292998
2021-02-12,Energy,0.019594666666666673,0.054193750000000006,0.055761073317520685
2021-02-12,Financials,0.0,0.27710833333333335,0.11275117899685128
2021-02-12,Healthcare,0.09633750000000002,0.0411375,0.1394885687487116
2021-02-12,Industrials,0.24955833333333335,-0.0658375,0.09933036019377461
2021-02-12,Materials,0.0,0.0,0.03569767857142857
2021-02-12,RealEstate,0.5370250000000001,0.08808,0.10229521164021163
2021-02-12,Tech,0.11841666666666668,0.019776666666666665,0.148863732368678
2021-02-12,Utilities,0.18653333333333333,-0.012074999999999999,0.18517916666666667
2021-02-16,Comm,0.10841757575757578,0.3825,0.07323159013605443
2021-02-16,Consumer,0.06202557142857144,0.043276999999999996,0.06633623355150141
2021-02-16,Energy,0.12436562500000001,0.019594666666666673,0.053373319349266715
2021-02-16,Financials,0.1003685,0.0,0.10777211153653382
2021-02-16,Healthcare,-0.06551666666666665,0.09633750000000002,0.13490225922490207
2021-02-16,Industrials,-0.23104107142857142,0.24955833333333335,0.09733173104514548
2021-02-16,Materials,0.13526666666666667,0.0,0.03569767857142857
2021-02-16,RealEstate,0.28595,0.5370250000000001,0.11297814814814815
2021-02-16,Tech,0.0483625,0.11841666666666668,0.1502643855284927
2021-02-16,Utilities,0.4229625,0.18653333333333333,0.18414371693121692
2021-02-17,Comm,-0.012877777777777774,0.10841757575757578,0.07566385564831993
2021-02-17,Consumer,0.10958166666666666,0.06202557142857144,0.06605268933381432
2021-02-17,Energy,-0.05507545454545455,0.12436562500000001,0.05625144434926671
2021-02-17,Financials,0.2193325,0.1003685,0.11337486323721406
2021-02-17,Healthcare,0.18815555555555555,-0.06551666666666665,0.12462438224077509
2021-02-17,Industrials,0.06664285714285714,-0.23104107142857142,0.07354194457500186
2021-02-17,Materials,0.18948333333333334,0.13526666666666667,0.04213894841269842
2021-02-17,RealEstate,0.0,0.28595,0.12659481481481483
2021-02-17,Tech,0.2140022222222222,0.0483625,0.14278323473484186
2021-02-17,Utilities,0.2889,0.4229625,0.22246574074074074
2021-02-18,Comm,0.19733333333333333,-0.012877777777777774,0.06453078686525114
2021-02-18,Consumer,0.1916569523809524,0.10958166666666666,0.06399483219095718
2021-02-18,Energy,0.19467777777777776,-0.05507545454545455,0.044001239554061926
2021-02-18,Financials,0.0763,0.2193325,0.10977815791872304
2021-02-18,Healthcare,0.11442000000000001,0.18815555555555555,0.12402861504500791
2021-02-18,Industrials,0.08548428571428571,0.06664285714285714,0.07288160443894744
2021-02-18,Materials,0.17315,0.18948333333333334,0.05116196428571428
2021-02-18,RealEstate,0.0,0.0,0.11560850529100529
2021-02-18,Tech,0.088275,0.2140022222222222,0.14868226912637625
2021-02-18,Utilities,0.23835,0.2889,0.21525145502645504
2021-02-19,Comm,0.159,0.19733333333333333,0.07137487416683845
2021-02-19,Consumer,0.1648388888888889,0.1916569523809524,0.06914097855253212
2021-02-19,Energy,0.32935,0.19467777777777776,0.0439247845276069
2021-02-19,Financials,0.155975,0.0763,0.10626282723089238
2021-02-19,Healthcare,0.25628333333333336,0.11442000000000001,0.12426051980691266
2021-02-19,Industrials,0.2694141666666667,0.08548428571428571,0.07554343317044003
2021-02-19,Materials,0.10218333333333333,0.17315,0.07965958333333334
2021-02-19,RealEstate,0.0425,0.0,0.11560850529100529
2021-02-19,Tech,0.19435,0.088275,0.14926087718498435
2021-02-19,Utilities,0.60075,0.23835,0.22443320105820105
2021-02-22,Comm,0.18444,0.159,0.09085106464302893
2021-02-22,Consumer,0.0742825,0.1648388888888889,0.08022842564247921
2021-02-22,Energy,0.15064236111111112,0.32935,0.06415335595617833
2021-02-22,Financials,-0.03415,0.155975,0.11044264115646259
2021-02-22,Healthcare,0.191966,0.25628333333333336,0.10902242456881743
2021-02-22,Industrials,0.10063333333333332,0.2694141666666667,0.08696315539266226
2021-02-22,Materials,0.012858333333333333,0.10218333333333333,0.08452545634920636
2021-02-22,RealEstate,0.0,0.0425,0.11748052910052911
2021-02-22,Tech,0.23552499999999998,0.19435,0.15199857559768276
2021-02-22,Utilities,0.2732,0.60075,0.25063201058201057
2021-02-23,Comm,0.24614444444444442,0.18444,0.10223241384937813
2021-02-23,Consumer,0.11324107142857143,0.0742825,0.0867881280234316
2021-02-23,Energy,0.2972541666666667,0.15064236111111112,0.08230703981861219
2021-02-23,Financials,-0.06604027777777778,-0.03415,0.1045566887755102
2021-02-23,Healthcare,0.0717,0.191966,0.11655810710849995
2021-02-23,Industrials,0.08562222222222222,0.10063333333333332,0.0907825998371067
2021-02-23,Materials,0.011962499999999994,0.012858333333333333,0.08211513888888888
2021-02-23,RealEstate,0.06743333333333333,0.0,0.11748052910052911
2021-02-23,Tech,0.2734979166666667,0.23552499999999998,0.1531840914706986
2021-02-23,Utilities,0.12096666666666667,0.2732,0.26364153439153437
2021-02-24,Comm,-0.023973214285714278,0.24614444444444442,0.10775080009276439
2021-02-24,Consumer,0.047046875,0.11324107142857143,0.0905664230914588
2021-02-24,Energy,-0.025846333333333325,0.2972541666666667,0.09455926204083441
2021-02-24,Financials,0.04871875,-0.06604027777777778,0.09867881840513983
2021-02-24,Healthcare,0.18738333333333335,0.0717,0.11997239282278568
2021-02-24,Industrials,-0.08522166666666668,0.08562222222222222,0.08696103899054586
2021-02-24,Materials,0.0,0.011962499999999994,0.06548478174603176
2021-02-24,RealEstate,0.028333333333333335,0.06743333333333333,0.12069164021164022
2021-02-24,Tech,0.11317777777777778,0.2734979166666667,0.15836236528022243
2021-02-24,Utilities,-0.05313333333333333,0.12096666666666667,0.261492328042328
2021-02-25,Comm,0.005622222222222223,-0.023973214285714278,0.10301515950319522
2021-02-25,Consumer,0.12287166666666667,0.047046875,0.09021055999622071
2021-02-25,Energy,0.1323375,-0.025846333333333325,0.08400784934242171
2021-02-25,Financials,0.1835641666666667,0.04871875,0.08974111999244141
2021-02-25,Healthcare,0.42955625000000003,0.18738333333333335,0.12081833726723014
2021-02-25,Industrials,0.1418486111111111,-0.08522166666666668,0.0716504834349903
2021-02-25,Materials,0.0,0.0,0.0690403373015873
2021-02-25,RealEstate,0.05234666666666667,0.028333333333333335,0.11545301587301589
2021-02-25,Tech,-0.00785,0.11317777777777778,0.1567794389472961
2021-02-25,Utilities,0.0,-0.05313333333333333,0.24990105820105818
2021-02-26,Comm,0.09828333333333333,0.005622222222222223,0.10478594559540987
2021-02-26,Consumer,0.1821105,0.12287166666666667,0.09070057322373394
2021-02-26,Energy,0.022766666666666668,0.1323375,0.07268773029480267
2021-02-26,Financials,0.070775,0.1835641666666667,0.08915789909297052
2021-02-26,Healthcare,-0.18543333333333334,0.42955625000000003,0.1414916507592936
2021-02-26,Industrials,0.01876944444444446,0.1418486111111111,0.07279281794189248
2021-02-26,Materials,0.04933333333333333,0.0,0.07107208333333334
2021-02-26,RealEstate,0.17585,0.05234666666666667,0.11559650793650793
2021-02-26,Tech,0.15510277777777778,-0.00785,0.15017126434412148
2021-02-26,Utilities,-0.09866666666666667,0.0,0.24047546296296293
2021-03-01,Comm,0.021162500000000004,0.09828333333333333,0.10930800908747336
2021-03-01,Consumer,0.22644791666666667,0.1821105,0.09820319907407409
2021-03-01,Energy,0.2517376666666667,0.022766666666666668,0.06389937050644288
2021-03-01,Financials,0.001716000000000001,0.070775,0.09249353401360545
2021-03-01,Healthcare,0.1589375,-0.18543333333333334,0.12737951924001925
2021-03-01,Industrials,-0.04041875,0.01876944444444446,0.06993744642130356
2021-03-01,Materials,0.0033374999999999932,0.04933333333333333,0.07342128968253968
2021-03-01,RealEstate,0.37265000000000004,0.17585,0.11040126984126986
2021-03-01,Tech,0.1295875,0.15510277777777778,0.14084057651343365
2021-03-01,Utilities,0.0623,-0.09866666666666667,0.21216276455026456
2021-03-02,Comm,0.2687,0.021162500000000004,0.10062179877001305
2021-03-02,Consumer,0.0463125,0.22644791666666667,0.1036297302532124
2021-03-02,Energy,-0.13297666666666666,0.2517376666666667,0.07115483479215717
2021-03-02,Financials,0.288825,0.001716000000000001,0.09006172316704461
2021-03-02,Healthcare,0.1013,0.1589375,0.12416154304954305
2021-03-02,Industrials,0.024500000000000004,-0.04041875,0.06243257737368452
2021-03-02,Materials,0.0,0.0033374999999999932,0.06757873015873016
2021-03-02,RealEstate,0.0,0.37265000000000004,0.12814650793650792
2021-03-02,Tech,-0.052466666666666655,0.1295875,0.1519549283652855
2021-03-02,Utilities,-0.07089999999999999,0.0623,0.20035482804232804
2021-03-03,Comm,0.0707825,0.2687,0.11061814797636225
2021-03-03,Consumer,0.029797619047619052,0.0463125,0.09846792469765685
2021-03-03,Energy,0.011222727272727268,-0.13297666666666666,0.08056084008316246
2021-03-03,Financials,0.011080476190476191,0.288825,0.09796725888133032
2021-03-03,Healthcare,0.3306,0.1013,0.13278178114478115
2021-03-03,Industrials,0.041658928571428576,0.024500000000000004,0.05710053372289087
2021-03-03,Materials,0.0,0.0,0.06276206349206348
2021-03-03,RealEstate,0.0028666666666666667,0.0,0.13150484126984127
2021-03-03,Tech,0.3404,-0.052466666666666655,0.14318240852401565
2021-03-03,Utilities,0.2023,-0.07089999999999999,0.18796593915343915
2021-03-04,Comm,0.1925,0.0707825,0.09430048924620353
2021-03-04,Consumer,-0.10224602272727272,0.029797619047619052,0.09619372401738473
2021-03-04,Energy,0.10244500000000001,0.011222727272727268,0.07636042161274399
2021-03-04,Financials,0.17301499999999997,0.011080476190476191,0.0941818648904006
2021-03-04,Healthcare,-0.024284374999999997,0.3306,0.13743082876382878
2021-03-04,Industrials,0.07693749999999999,0.041658928571428576,0.061098741205884065
2021-03-04,Materials,0.296,0.0,0.061805158730158724
2021-03-04,RealEstate,0.5574,0.0028666666666666667,0.12172230158730159
2021-03-04,Tech,0.08723333333333333,0.3404,0.14585504457843743
2021-03-04,Utilities,0.5563,0.2023,0.1734040343915344
2021-03-05,Comm,0.10985733333333333,0.1925,0.09744890194461622
2021-03-05,Consumer,0.20877083333333335,-0.10224602272727272,0.08214423087164159
2021-03-05,Energy,0.11253333333333333,0.10244500000000001,0.08139302952140452
2021-03-05,Financials,0.16068,0.17301499999999997,0.08812404743008315
2021-03-05,Healthcare,-0.024987500000000003,-0.024284374999999997,0.1328359378908129
2021-03-05,Industrials,0.04992857142857143,0.07693749999999999,0.06325641061980347
2021-03-05,Materials,0.17,0.296,0.07590039682539682
2021-03-05,RealEstate,0.0,0.5574,0.1450540476190476
2021-03-05,Tech,0.0881,0.08723333333333333,0.13065901283240566
2021-03-05,Utilities,0.19469999999999998,0.5563,0.1868849867724868
2021-03-08,Comm,-0.068966,0.10985733333333333,0.10194263739435168
2021-03-08,Consumer,0.13167291666666667,0.20877083333333335,0.09306969383460455
2021-03-08,Energy,0.13008583333333334,0.11253333333333333,0.08573802952140452
2021-03-08,Financials,0.16711875,0.16068,0.08365904743008315
2021-03-08,Healthcare,0.0493,-0.024987500000000003,0.12773881487493988
2021-03-08,Industrials,0.12299833333333332,0.04992857142857143,0.0634286044973545
2021-03-08,Materials,0.09948888888888889,0.17,0.08235753968253968
2021-03-08,RealEstate,0.3731,0.0,0.13143261904761905
2021-03-08,Tech,0.2642275,0.0881,0.12407706838796125
2021-03-08,Utilities,-0.100475,0.19469999999999998,0.19090694444444445
2021-03-09,Comm,0.193225,-0.068966,0.10007600247371677
2021-03-09,Consumer,0.12263166666666668,0.13167291666666667,0.08918319780285852
2021-03-09,Energy,-0.17275396825396827,0.13008583333333334,0.08422783110870612
2021-03-09,Financials,-0.02119,0.16711875,0.09286541647770219
2021-03-09,Healthcare,0.0,0.0493,0.12526533002645504
2021-03-09,Industrials,0.13550555555555555,0.12299833333333332,0.061959477513227515
2021-03-09,Materials,0.0,0.09948888888888889,0.08709510582010582
2021-03-09,RealEstate,0.0,0.3731,0.14919928571428573
2021-03-09,Tech,-0.012631249999999997,0.2642275,0.13075602513227513
2021-03-09,Utilities,-0.0853,-0.100475,0.17274623015873017
2021-03-10,Comm,0.137421875,0.193225,0.10600552628324059
2021-03-10,Consumer,0.15128748051948052,0.12263166666666668,0.10179176923142995
2021-03-10,Energy,0.1391875,-0.17275396825396827,0.0738013723029616
2021-03-10,Financials,0.3842722222222223,-0.02119,0.08707323393801965
2021-03-10,Healthcare,0.14186666666666667,0.0,0.10949302843915347
2021-03-10,Industrials,0.08618269230769232,0.13550555555555555,0.06933236111111112
2021-03-10,Materials,0.2139,0.0,0.08709510582010582
2021-03-10,RealEstate,0.1779,0.0,0.13558261904761906
2021-03-10,Tech,0.2083,-0.012631249999999997,0.11991921957671957
2021-03-10,Utilities,0.3919,-0.0853,0.16331607142857144
2021-03-11,Comm,0.21927666666666668,0.137421875,0.1129298219181612
2021-03-11,Consumer,0.08439571428571428,0.15128748051948052,0.10433356308836665
2021-03-11,Energy,0.29270555555555555,0.1391875,0.0747361342077235
2021-03-11,Financials,0.05815833333333333,0.3842722222222223,0.10582513114134542
2021-03-11,Healthcare,0.028587999999999995,0.14186666666666667,0.11862477447089947
2021-03-11,Industrials,0.24921733333333335,0.08618269230769232,0.0628434983865341
2021-03-11,Materials,0.320675,0.2139,0.08665224867724867
2021-03-11,RealEstate,0.0,0.1779,0.13149690476190476
2021-03-11,Tech,0.09921071428571429,0.2083,0.12063945767195768
2021-03-11,Utilities,0.0,0.3919,0.17158988095238095
2021-03-12,Comm,0.1957607142857143,0.21927666666666668,0.12235345570500926
2021-03-12,Consumer,0.14918285714285714,0.08439571428571428,0.10595172635367278
2021-03-12,Energy,0.4767,0.29270555555555555,0.08488639875798805
2021-03-12,Financials,0.07102333333333335,0.05815833333333333,0.10799457558578988
2021-03-12,Healthcare,-0.12040000000000001,0.028587999999999995,0.10891170304232806
2021-03-12,Industrials,0.22961666666666666,0.24921733333333335,0.07119392695796267
2021-03-12,Materials,0.148,0.320675,0.09011137566137566
2021-03-12,RealEstate,0.14613333333333334,0.0,0.13149690476190476
2021-03-12,Tech,0.23511666666666667,0.09921071428571429,0.12266536470143614
2021-03-12,Utilities,0.28175,0.0,0.15858035714285715
2021-03-15,Comm,0.10842291666666667,0.1957607142857143,0.13356311934824436
2021-03-15,Consumer,0.2340242857142857,0.14918285714285714,0.10729246331512404
2021-03-15,Energy,0.11092916666666666,0.4767,0.11691179558338487
2021-03-15,Financials,0.26095625,0.07102333333333335,0.1107929089191232
2021-03-15,Healthcare,0.20649314285714288,-0.12040000000000001,0.09366236970899472
2021-03-15,Industrials,0.26889166666666664,0.22961666666666666,0.07676189747950463
2021-03-15,Materials,0.0,0.148,0.09169708994708994
2021-03-15,RealEstate,0.3569333333333333,0.14613333333333334,0.13845563492063492
2021-03-15,Tech,0.043179999999999996,0.23511666666666667,0.1352244916855631
2021-03-15,Utilities,0.24906666666666666,0.28175,0.16192202380952384
2021-03-16,Comm,0.06454666666666667,0.10842291666666667,0.1330015915704666
2021-03-16,Consumer,0.1937245,0.2340242857142857,0.11396240284649213
2021-03-16,Energy,-0.14980833333333332,0.11092916666666666,0.11961348209132139
2021-03-16,Financials,0.07153499999999999,0.26095625,0.11002376209372637
2021-03-16,Healthcare,0.14429999999999998,0.20649314285714288,0.10153644794028722
2021-03-16,Industrials,-0.012766666666666657,0.26889166666666664,0.09270138160648875
2021-03-16,Materials,0.0,0.0,0.09169708994708994
2021-03-16,RealEstate,-0.014116666666666666,0.3569333333333333,0.15125817460317462
2021-03-16,Tech,-0.0439,0.043179999999999996,0.13633893613000755
2021-03-16,Utilities,0.06388888888888888,0.24906666666666666,0.17435734126984126
2021-03-17,Comm,0.1295,0.06454666666666667,0.11786095664983165
2021-03-17,Consumer,0.09070249999999999,0.1937245,0.12112656951315881
2021-03-17,Energy,0.017116666666666665,-0.14980833333333332,0.11154667256751186
2021-03-17,Financials,0.15256999999999998,0.07153499999999999,0.11343019066515495
2021-03-17,Healthcare,0.12701666666666667,0.14429999999999998,0.1038203765117158
2021-03-17,Industrials,-0.015006249999999999,-0.012766666666666657,0.08020971493982208
2021-03-17,Materials,0.1366,0.0,0.09169708994708994
2021-03-17,RealEstate,-0.0128375,-0.014116666666666666,0.1250133333333333
2021-03-17,Tech,0.32783333333333337,-0.0439,0.12860957105064247
2021-03-17,Utilities,0.0,0.06388888888888888,0.16851712962962964
2021-03-18,Comm,-0.00976666666666666,0.1295,0.1188648816137566
2021-03-18,Consumer,0.12857933333333332,0.09070249999999999,0.12249213754036967
2021-03-18,Energy,-0.048166666666666684,0.017116666666666665,0.1064395793135436
2021-03-18,Financials,0.04420833333333333,0.15256999999999998,0.11591597637944069
2021-03-18,Healthcare,0.14851666666666666,0.12701666666666667,0.11298863047996978
2021-03-18,Industrials,-0.09712999999999998,-0.015006249999999999,0.09049708738880168
2021-03-18,Materials,0.0,0.1366,0.091760582010582
2021-03-18,RealEstate,0.24350000000000002,-0.0128375,0.11078535714285714
2021-03-18,Tech,0.1892222222222222,0.32783333333333337,0.14191770597127742
2021-03-18,Utilities,0.17,0.0,0.1483760582010582
2021-03-19,Comm,0.11760666666666668,-0.00976666666666666,0.11901302976190478
2021-03-19,Consumer,0.05442238095238096,0.12857933333333332,0.12339678833402047
2021-03-19,Energy,0.27920000000000006,-0.048166666666666684,0.1067685692125335
2021-03-19,Financials,-0.019455000000000007,0.04420833333333333,0.10757673034769463
2021-03-19,Healthcare,0.2987,0.14851666666666666,0.11110106434240363
2021-03-19,Industrials,-0.15037499999999998,-0.09712999999999998,0.08269837990580847
2021-03-19,Materials,0.17,0.0,0.08273756613756614
2021-03-19,RealEstate,0.0,0.24350000000000002,0.12238059523809525
2021-03-19,Tech,0.148,0.1892222222222222,0.1407377059712774
2021-03-19,Utilities,0.0,0.17,0.14271415343915345
2021-03-22,Comm,-0.004141666666666666,0.11760666666666668,0.11521652182539684
2021-03-22,Consumer,0.087212,0.05442238095238096,0.11686180874218374
2021-03-22,Energy,0.008466666666666671,0.27920000000000006,0.11079343693740124
2021-03-22,Financials,0.262805,-0.019455000000000007,0.1030169684429327
2021-03-22,Healthcare,0.00779000000000001,0.2987,0.11987630243764173
2021-03-22,Industrials,0.0628,-0.15037499999999998,0.07146698534798535
2021-03-22,Materials,0.10115,0.17,0.08258756613756615
2021-03-22,RealEstate,0.0,0.0,0.12238059523809525
2021-03-22,Tech,0.09926374999999998,0.148,0.14358175359032502
2021-03-22,Utilities,0.0,0.0,0.13136415343915345
2021-03-23,Comm,0.055409999999999994,-0.004141666666666666,0.10744787103174602
2021-03-23,Consumer,0.271785,0.087212,0.11316529022366523
2021-03-23,Energy,-0.12369277777777779,0.008466666666666671,0.0955132782072425
2021-03-23,Financials,0.27504375000000003,0.262805,0.10810411130007559
2021-03-23,Healthcare,0.12751666666666664,0.00779000000000001,0.10804328656462586
2021-03-23,Industrials,0.1478125,0.0628,0.06162821550671552
2021-03-23,Materials,-0.125,0.10115,0.08253835978835979
2021-03-23,RealEstate,0.0,0.0,0.12035678571428572
2021-03-23,Tech,0.2548958333333333,0.09926374999999998,0.13905383692365833
2021-03-23,Utilities,0.0683,0.0,0.10275701058201057
2021-03-24,Comm,0.2311875,0.055409999999999994,0.10130358531746031
2021-03-24,Consumer,0.2162814393939394,0.271785,0.12257017117604618
2021-03-24,Energy,-0.017446666666666666,-0.12369277777777779,0.08244970016491446
2021-03-24,Financials,0.14968888888888887,0.27504375000000003,0.12282762320483749
2021-03-24,Healthcare,0.224925,0.12751666666666664,0.10497427069160999
2021-03-24,Industrials,0.11874166666666666,0.1478125,0.06387484249084249
2021-03-24,Materials,0.1366,-0.125,0.07597367724867725
2021-03-24,RealEstate,0.0,0.0,0.12035678571428572
2021-03-24,Tech,-0.03213125000000001,0.2548958333333333,0.13997625755857898
2021-03-24,Utilities,0.0,0.0683,0.09299986772486772
2021-03-25,Comm,-0.003094999999999998,0.2311875,0.10059134986772487
2021-03-25,Consumer,0.08411571428571428,0.2162814393939394,0.12747685536487324
2021-03-25,Energy,0.17644166666666666,-0.017446666666666666,0.06746394619666049
2021-03-25,Financials,0.019485000000000002,0.14968888888888887,0.13310044066515495
2021-03-25,Healthcare,0.18635000000000002,0.224925,0.11227069926303855
2021-03-25,Industrials,-0.11333333333333334,0.11874166666666666,0.06545195889295889
2021-03-25,Materials,0.264225,0.1366,0.0819087962962963
2021-03-25,RealEstate,0.2992,0.0,0.11714567460317461
2021-03-25,Tech,-0.007349999999999992,-0.03213125000000001,0.12542248771730916
2021-03-25,Utilities,0.44489999999999996,0.0,0.08723955026455027
2021-03-26,Comm,0.0864875,-0.003094999999999998,0.10158555054799698
2021-03-26,Consumer,-0.03163422619047619,0.08411571428571428,0.12924203818800248
2021-03-26,Energy,0.33000388888888893,0.17644166666666666,0.07709670810142238
2021-03-26,Financials,0.210324,0.019485000000000002,0.13170835733182162
2021-03-26,Healthcare,0.020763888888888887,0.18635000000000002,0.1122214929138322
2021-03-26,Industrials,0.1983035714285714,-0.11333333333333334,0.06411330809930811
2021-03-26,Materials,-0.19733333333333333,0.264225,0.09449093915343915
2021-03-26,RealEstate,0.0,0.2992,0.1300440873015873
2021-03-26,Tech,-0.01013749999999999,-0.007349999999999992,0.11968306972789114
2021-03-26,Utilities,0.296,0.44489999999999996,0.11095542328042327
2021-03-29,Comm,0.14191805555555553,0.0864875,0.1054362780612245
2021-03-29,Consumer,0.2614518831168831,-0.03163422619047619,0.12188461471861471
2021-03-29,Energy,0.17095,0.33000388888888893,0.08650939328660757
2021-03-29,Financials,0.018072444444444443,0.210324,0.1329826351095994
2021-03-29,Healthcare,0.28385666666666665,0.020763888888888887,0.09275519000377928
2021-03-29,Industrials,0.22221033333333334,0.1983035714285714,0.0668016395429967
2021-03-29,Materials,0.0,-0.19733333333333333,0.08509411375661376
2021-03-29,RealEstate,0.0806875,0.0,0.1275513888888889
2021-03-29,Tech,0.1943,-0.01013749999999999,0.11957414115646259
2021-03-29,Utilities,0.47358749999999994,0.296,0.12505066137566137
2021-03-30,Comm,0.16086250000000002,0.14191805555555553,0.1075141219765684
2021-03-30,Consumer,0.105048,0.2614518831168831,0.12566277581941868
2021-03-30,Energy,0.33471666666666666,0.17095,0.09356574249295678
2021-03-30,Financials,0.02265807692307693,0.018072444444444443,0.13047298960695392
2021-03-30,Healthcare,-0.0599375,0.28385666666666665,0.11510233286092215
2021-03-30,Industrials,0.20733333333333331,0.22221033333333334,0.07648930091865806
2021-03-30,Materials,0.0,0.0,0.08274490740740742
2021-03-30,RealEstate,0.12726666666666667,0.0806875,0.12301984126984127
2021-03-30,Tech,0.35508888888888884,0.1943,0.12144067554799698
2021-03-30,Utilities,0.0,0.47358749999999994,0.1523008597883598
2021-03-31,Comm,0.0,0.16086250000000002,0.11416650292894935
2021-03-31,Consumer,0.125685,0.105048,0.11988182740672026
2021-03-31,Energy,0.20995416666666666,0.33471666666666666,0.09751712344533774
2021-03-31,Financials,0.063425,0.02265807692307693,0.13147023136519567
2021-03-31,Healthcare,0.050409999999999996,-0.0599375,0.1046797138133031
2021-03-31,Industrials,0.1121638888888889,0.20733333333333331,0.08828701917262631
2021-03-31,Materials,0.148,0.0,0.08258597883597885
2021-03-31,RealEstate,0.0,0.12726666666666667,0.11133492063492063
2021-03-31,Tech,0.09447777777777777,0.35508888888888884,0.13217883692365837
2021-03-31,Utilities,0.1366,0.0,0.14933419312169313
2021-04-01,Comm,0.08523750000000001,0.0,0.10137126483371126
2021-04-01,Consumer,0.023636666666666667,0.125685,0.12366147026386312
2021-04-01,Energy,-0.2929,0.20995416666666666,0.1138471631278774
2021-04-01,Financials,0.15350199999999997,0.063425,0.12073689803186233
2021-04-01,Healthcare,0.02037000000000001,0.050409999999999996,0.10225638047996975
2021-04-01,Industrials,0.10879166666666666,0.1121638888888889,0.09246149007209722
2021-04-01,Materials,0.0,0.148,0.08963359788359788
2021-04-01,RealEstate,-0.2942,0.0,0.11133492063492063
2021-04-01,Tech,0.0035975000000000174,0.09447777777777777,0.13917619142101284
2021-04-01,Utilities,0.07048888888888889,0.1366,0.1592151455026455
2021-04-05,Comm,0.344484,0.08523750000000001,0.10205959816704462
2021-04-05,Consumer,0.14930333333333332,0.023636666666666667,0.12336809157905587
2021-04-05,Energy,0.08060500000000001,-0.2929,0.0993651284958428
2021-04-05,Financials,0.20476580086580085,0.15350199999999997,0.12751887535612536
2021-04-05,Healthcare,0.13209416666666668,0.02037000000000001,0.08748352333711262
2021-04-05,Industrials,0.21229,0.10879166666666666,0.09565828712425141
2021-04-05,Materials,0.302725,0.0,0.08963359788359788
2021-04-05,RealEstate,-0.21636666666666668,-0.2942,0.0971888888888889
2021-04-05,Tech,0.2286717948717949,0.0035975000000000174,0.12313797713529856
2021-04-05,Utilities,0.08873333333333333,0.07048888888888889,0.15293842592592594
2021-04-06,Comm,0.15662380952380953,0.344484,0.10929693150037793
2021-04-06,Consumer,0.14020749999999998,0.14930333333333332,0.1353466323438466
2021-04-06,Energy,0.03312999999999999,0.08060500000000001,0.09832512849584278
2021-04-06,Financials,-0.02848500000000001,0.20476580086580085,0.12903081825449683
2021-04-06,Healthcare,0.12273333333333332,0.13209416666666668,0.09493012055933485
2021-04-06,Industrials,-0.007865,0.21229,0.10210364426710856
2021-04-06,Materials,0.1779,0.302725,0.089953835978836
2021-04-06,RealEstate,0.4767,-0.21636666666666668,0.060342857142857136
2021-04-06,Tech,-0.07585111111111112,0.2286717948717949,0.1298731419704634
2021-04-06,Utilities,0.0,0.08873333333333333,0.13067334656084656
2021-04-07,Comm,0.04215,0.15662380952380953,0.11152390655706727
2021-04-07,Consumer,-0.07609066666666667,0.14020749999999998,0.13208171170892596
2021-04-07,Energy,-0.06846666666666666,0.03312999999999999,0.09454401738473169
2021-04-07,Financials,0.14760625,-0.02848500000000001,0.12002296111163968
2021-04-07,Healthcare,0.3327,0.12273333333333332,0.10196444595616024
2021-04-07,Industrials,0.07946666666666666,-0.007865,0.09935156943717657
2021-04-07,Materials,-0.1591,0.1779,0.09033002645502647
2021-04-07,RealEstate,0.4019,0.4767,0.08304285714285713
2021-04-07,Tech,0.13238333333333333,-0.07585111111111112,0.12206594620326762
2021-04-07,Utilities,0.1366,0.0,0.12140191798941799
2021-04-08,Comm,0.2307666666666667,0.04215,0.11681514465230537
2021-04-08,Consumer,0.29276928571428573,-0.07609066666666667,0.12218820774067202
2021-04-08,Energy,0.07392,-0.06846666666666666,0.08508913643235072
2021-04-08,Financials,0.017041666666666667,0.14760625,0.11909379444497302
2021-04-08,Healthcare,0.23209749999999998,0.3327,0.11545968405139832
2021-04-08,Industrials,0.08161666666666666,0.07946666666666666,0.09727863292924008
2021-04-08,Materials,0.162675,-0.1591,0.07801626984126984
2021-04-08,RealEstate,0.0,0.4019,0.0844142857142857
2021-04-08,Tech,0.06525,0.13238333333333333,0.11578765255247399
2021-04-08,Utilities,0.3996,0.1366,0.13269120370370371
2021-04-09,Comm,0.052142499999999994,0.2307666666666667,0.11860284306500377
2021-04-09,Consumer,0.18512142857142855,0.29276928571428573,0.130289999123892
2021-04-09,Energy,-0.18888749999999999,0.07392,0.09683551587301586
2021-04-09,Financials,0.029952380952380953,0.017041666666666667,0.12091435000052857
2021-04-09,Healthcare,0.23161666666666667,0.23209749999999998,0.12651194595616022
2021-04-09,Industrials,0.18125761904761906,0.08161666666666666,0.09471249536310251
2021-04-09,Materials,0.0,0.162675,0.08576269841269842
2021-04-09,RealEstate,0.0,0.0,0.0844142857142857
2021-04-09,Tech,0.20980277777777778,0.06525,0.11949628350485493
2021-04-09,Utilities,0.2732,0.3996,0.1557816798941799
2021-04-12,Comm,-0.18526666666666666,0.052142499999999994,0.11454192044595615
2021-04-12,Consumer,0.17996428571428572,0.18512142857142855,0.13190113950731808
2021-04-12,Energy,0.370425,-0.18888749999999999,0.08121289682539683
2021-04-12,Financials,0.19945612698412699,0.029952380952380953,0.10404197660672661
2021-04-12,Healthcare,0.08036833333333333,0.23161666666666667,0.13078575547996976
2021-04-12,Industrials,0.21673333333333333,0.18125761904761906,0.09923987282690855
2021-04-12,Materials,0.06743333333333333,0.0,0.07557698412698413
2021-04-12,RealEstate,0.49429999999999996,0.0,0.07594285714285713
2021-04-12,Tech,0.09599374999999999,0.20980277777777778,0.11956784435141576
2021-04-12,Utilities,0.33926666666666666,0.2732,0.15012929894179894
2021-04-13,Comm,0.32824000000000003,-0.18526666666666666,0.09527795219198792
2021-04-13,Consumer,0.14032833333333333,0.17996428571428572,0.13645202386105956
2021-04-13,Energy,0.24647777777777777,0.370425,0.08491382275132275
2021-04-13,Financials,0.24116333333333334,0.19945612698412699,0.11077044297105013
2021-04-13,Healthcare,-0.003495833333333337,0.08036833333333333,0.1332514856386999
2021-04-13,Industrials,0.44262500000000005,0.21673333333333333,0.09769301568405139
2021-04-13,Materials,0.0,0.06743333333333333,0.06351785714285715
2021-04-13,RealEstate,0.0,0.49429999999999996,0.09948095238095236
2021-04-13,Tech,0.1364388888888889,0.09599374999999999,0.11941465557590558
2021-04-13,Utilities,0.0758888888888889,0.33926666666666666,0.1662848544973545
2021-04-14,Comm,0.16172,0.32824000000000003,0.10158648960695389
2021-04-14,Consumer,-0.008063333333333329,0.14032833333333333,0.13603037987012984
2021-04-14,Energy,0.07579166666666667,0.24647777777777777,0.07395085978835979
2021-04-14,Financials,0.1197823284457478,0.24116333333333334,0.11887234773295488
2021-04-14,Healthcare,-0.01144666666666666,-0.003495833333333337,0.138818350718065
2021-04-14,Industrials,0.10808958333333332,0.44262500000000005,0.10783626965230539
2021-04-14,Materials,0.146875,0.0,0.05647023809523811
2021-04-14,RealEstate,0.0,0.0,0.09252222222222221
2021-04-14,Tech,0.09248333333333333,0.1364388888888889,0.11471571377696378
2021-04-14,Utilities,0.4279625,0.0758888888888889,0.15648194444444444
2021-04-15,Comm,0.027225,0.16172,0.10412444595616026
2021-04-15,Consumer,-0.01665071428571429,-0.008063333333333329,0.12450239801071944
2021-04-15,Energy,0.0017400000000000083,0.07579166666666667,0.07227764550264551
2021-04-15,Financials,0.10408333333333333,0.1197823284457478,0.11214978003989524
2021-04-15,Healthcare,0.10661000000000001,-0.01144666666666666,0.12844026455026455
2021-04-15,Industrials,0.2576666666666667,0.10808958333333332,0.10017902758881332
2021-04-15,Materials,0.0,0.146875,0.06346428571428572
2021-04-15,RealEstate,0.1147,0.0,0.07552539682539681
2021-04-15,Tech,0.20173750000000001,0.09248333333333333,0.11706349155474156
2021-04-15,Utilities,0.36005,0.4279625,0.16500079365079365
2021-04-16,Comm,0.2452,0.027225,0.10234722373393804
2021-04-16,Consumer,0.194296875,-0.01665071428571429,0.11448453066378067
2021-04-16,Energy,0.10589166666666666,0.0017400000000000083,0.0794942328042328
2021-04-16,Financials,0.2014628571428571,0.10408333333333333,0.1136997006748159
2021-04-16,Healthcare,-0.125,0.10661000000000001,0.12664550264550264
2021-04-16,Industrials,0.010544444444444448,0.2576666666666667,0.11305680536659109
2021-04-16,Materials,0.0,0.0,0.06346428571428572
2021-04-16,RealEstate,0.0,0.1147,0.08165952380952379
2021-04-16,Tech,0.021410000000000002,0.20173750000000001,0.12876051536426536
2021-04-16,Utilities,0.0,0.36005,0.1791037037037037
2021-04-19,Comm,-0.03251875,0.2452,0.10785674754346183
2021-04-19,Consumer,0.0603304248366013,0.194296875,0.11941759613997116
2021-04-19,Energy,0.067475,0.10589166666666666,0.08372161375661376
2021-04-19,Financials,0.16203535714285716,0.2014628571428571,0.11602793196733288
2021-04-19,Healthcare,0.044012857142857145,-0.125,0.114644708994709
2021-04-19,Industrials,0.18940875000000001,0.010544444444444448,0.11427350510204082
2021-04-19,Materials,0.33486666666666665,0.0,0.056959523809523814
2021-04-19,RealEstate,0.039775,0.0,0.08227083333333332
2021-04-19,Tech,0.050146190476190476,0.021410000000000002,0.11416892806267806
2021-04-19,Utilities,0.113075,0.0,0.1791037037037037
2021-04-20,Comm,0.023303571428571427,-0.03251875,0.10677331500377928
2021-04-20,Consumer,0.021135952380952387,0.0603304248366013,0.11616764811631722
2021-04-20,Energy,0.2569666666666667,0.067475,0.08922835978835979
2021-04-20,Financials,0.26226,0.16203535714285716,0.12163874262492926
2021-04-20,Healthcare,0.10949166666666667,0.044012857142857145,0.10966833711262283
2021-04-20,Industrials,-0.02722272727272726,0.18940875000000001,0.1279182074829932
2021-04-20,Materials,-0.0258,0.33486666666666665,0.07290555555555556
2021-04-20,RealEstate,0.0,0.039775,0.07256964285714285
2021-04-20,Tech,0.08261250000000002,0.050146190476190476,0.1075462598842956
2021-04-20,Utilities,0.3276,0.113075,0.17639298941798942
2021-04-21,Comm,0.08294814814814816,0.023303571428571427,0.10228269142101284
2021-04-21,Consumer,0.08473666666666667,0.021135952380952387,0.11458258008910634
2021-04-21,Energy,0.035818749999999996,0.2569666666666667,0.08816962962962964
2021-04-21,Financials,0.12434166666666667,0.26226,0.13505374262492925
2021-04-21,Healthcare,0.24697,0.10949166666666667,0.10065841647770217
2021-04-21,Industrials,0.03623666666666666,-0.02722272727272726,0.13378260142238713
2021-04-21,Materials,0.24422500000000003,-0.0258,0.06358174603174602
2021-04-21,RealEstate,0.0,0.0,0.07256964285714285
2021-04-21,Tech,0.034975000000000006,0.08261250000000002,0.10443256940810512
2021-04-21,Utilities,0.1815357142857143,0.3276,0.19199298941798942
2021-04-22,Comm,0.02869797979797979,0.08294814814814816,0.10642982545981357
2021-04-22,Consumer,0.23932291666666666,0.08473666666666667,0.11446470707323332
2021-04-22,Energy,0.0352,0.035818749999999996,0.08947210978835979
2021-04-22,Financials,0.10285416666666666,0.12434166666666667,0.1284602505614372
2021-04-22,Healthcare,0.048555,0.24697,0.11204794028722599
2021-04-22,Industrials,0.09017,0.03623666666666666,0.13251768078746654
2021-04-22,Materials,0.1026892857142857,0.24422500000000003,0.07039484126984127
2021-04-22,RealEstate,0.13396666666666665,0.0,0.07256964285714285
2021-04-22,Tech,0.16816625,0.034975000000000006,0.10137120036048607
2021-04-22,Utilities,0.18547499999999997,0.1815357142857143,0.20063754724111868
2021-04-23,Comm,0.22706833333333334,0.02869797979797979,0.10515782449781258
2021-04-23,Consumer,0.11434333333333332,0.23932291666666666,0.11291889358116983
2021-04-23,Energy,-0.047299999999999995,0.0352,0.09703843253968254
2021-04-23,Financials,0.2371916666666667,0.10285416666666666,0.12026074659318323
2021-04-23,Healthcare,0.2787,0.048555,0.10828786092214664
2021-04-23,Industrials,0.1032,0.09017,0.12977279983508555
2021-04-23,Materials,0.1101,0.1026892857142857,0.08123718820861679
2021-04-23,RealEstate,0.7783,0.13396666666666665,0.07894900793650793
2021-04-23,Tech,0.07584391025641025,0.16816625,0.09724122020175592
2021-04-23,Utilities,0.09106666666666667,0.18547499999999997,0.20621730914588057
2021-04-26,Comm,-0.04617083333333332,0.22706833333333334,0.1049616737041618
2021-04-26,Consumer,0.1408921568627451,0.11434333333333332,0.1080646980544743
2021-04-26,Energy,-0.015539999999999993,-0.047299999999999995,0.09561684523809526
2021-04-26,Financials,0.22928833333333337,0.2371916666666667,0.12442754553498217
2021-04-26,Healthcare,0.241355,0.2787,0.11084857520786093
2021-04-26,Industrials,0.11588888888888887,0.1032,0.1290327204700062
2021-04-26,Materials,0.0,0.1101,0.07997528344671202
2021-04-26,RealEstate,0.0795,0.7783,0.11601091269841268
2021-04-26,Tech,0.23827037037037038,0.07584391025641025,0.1023828944996802
2021-04-26,Utilities,0.10916666666666668,0.09106666666666667,0.21055381708238854
2021-04-27,Comm,0.05184074074074074,-0.04617083333333332,0.10291044354543166
2021-04-27,Consumer,0.032139999999999995,0.1408921568627451,0.11076833817719005
2021-04-27,Energy,0.06577777777777777,-0.015539999999999993,0.08647486111111112
2021-04-27,Financials,0.21410107142857143,0.22928833333333337,0.1344181804556171
2021-04-27,Healthcare,0.22128166666666668,0.241355,0.11346786092214664
2021-04-27,Industrials,0.1460532490079365,0.11588888888888887,0.1399480643853501
2021-04-27,Materials,0.171,0.0,0.06739314058956916
2021-04-27,RealEstate,0.0,0.0795,0.10554900793650794
2021-04-27,Tech,0.184735,0.23827037037037038,0.114079102612555
2021-04-27,Utilities,0.07541666666666667,0.10916666666666668,0.19456651549508694
2021-04-28,Comm,0.26963333333333334,0.05184074074074074,0.1012605978664193
2021-04-28,Consumer,0.15206150000000002,0.032139999999999995,0.11380520609102227
2021-04-28,Energy,0.3133766666666667,0.06577777777777777,0.07389266534391534
2021-04-28,Financials,0.00557083333333333,0.21410107142857143,0.13459804099983477
2021-04-28,Healthcare,0.1388272380952381,0.22128166666666668,0.12301632653061224
2021-04-28,Industrials,-0.015243368421052627,0.1460532490079365,0.1374599537938913
2021-04-28,Materials,0.5574,0.171,0.08493282312925171
2021-04-28,RealEstate,0.18681111111111112,0.0,0.10554900793650794
2021-04-28,Tech,0.0677211038961039,0.184735,0.12335874546969786
2021-04-28,Utilities,0.17826666666666666,0.07541666666666667,0.18406254724111865
2021-04-29,Comm,0.15522625,0.26963333333333334,0.10734227776059918
2021-04-29,Consumer,0.10295583333333333,0.15206150000000002,0.10859614022831356
2021-04-29,Energy,0.2006555555555555,0.3133766666666667,0.08067488756613757
2021-04-29,Financials,0.14933333333333335,0.00557083333333333,0.13400272618501996
2021-04-29,Healthcare,0.12076885714285715,0.1388272380952381,0.11611016326530613
2021-04-29,Industrials,0.005193461538461541,-0.015243368421052627,0.12615263466273005
2021-04-29,Materials,0.04933333333333333,0.5574,0.11147568027210886
2021-04-29,RealEstate,0.12408250000000001,0.18681111111111112,0.11060251322751322
2021-04-29,Tech,0.1355,0.0677211038961039,0.11733117898855994
2021-04-29,Utilities,0.0,0.17826666666666666,0.16999965041572182
2021-04-30,Comm,0.17981111111111112,0.15522625,0.10707388490345633
2021-04-30,Consumer,0.10300833333333333,0.10295583333333333,0.10849651324418656
2021-04-30,Energy,0.20397500000000002,0.2006555555555555,0.07429102513227513
2021-04-30,Financials,0.088065,0.14933333333333335,0.140034881252175
2021-04-30,Healthcare,0.15298984615384617,0.12076885714285715,0.12471522789115647
2021-04-30,Industrials,0.053795000000000016,0.005193461538461541,0.11652692648202188
2021-04-30,Materials,-0.2263,0.04933333333333333,0.11382488662131521
2021-04-30,RealEstate,0.28300000000000003,0.12408250000000001,0.11045088624338624
2021-04-30,Tech,-0.012058333333333338,0.1355,0.1068745652319462
2021-04-30,Utilities,0.197405,0.0,0.16999965041572182
2021-05-03,Comm,0.15644666666666668,0.17981111111111112,0.11563631876589021
2021-05-03,Consumer,0.07941866666666667,0.10300833333333333,0.1074166719743453
2021-05-03,Energy,0.11941875,0.20397500000000002,0.0740063029100529
2021-05-03,Financials,0.22597499999999998,0.088065,0.14120821458550836
2021-05-03,Healthcare,0.20693433333333333,0.15298984615384617,0.12959998246991106
2021-05-03,Industrials,0.029850476190476188,0.053795000000000016,0.11374745558255099
2021-05-03,Materials,0.045533333333333335,-0.2263,0.09600107709750566
2021-05-03,RealEstate,0.3057,0.28300000000000003,0.12392707671957671
2021-05-03,Tech,0.04942361111111112,-0.012058333333333338,0.10180141708379803
2021-05-03,Utilities,0.33525,0.197405,0.17289512660619805
2021-05-04,Comm,0.32935749999999997,0.15644666666666668,0.11902723146430291
2021-05-04,Consumer,0.15207729166666667,0.07941866666666667,0.110072957688631
2021-05-04,Energy,0.06939119047619048,0.11941875,0.09364052910052911
2021-05-04,Financials,0.14647642857142856,0.22597499999999998,0.14465930982360362
2021-05-04,Healthcare,0.10430999999999999,0.20693433333333333,0.1384839983429269
2021-05-04,Industrials,0.12611,0.029850476190476188,0.10998835127416096
2021-05-04,Materials,-0.016171875000000002,0.045533333333333335,0.09816933106575965
2021-05-04,RealEstate,0.0,0.3057,0.15249374338624339
2021-05-04,Tech,-0.014508333333333337,0.04942361111111112,0.10398361285099382
2021-05-04,Utilities,0.3594,0.33525,0.18550279856386998
2021-05-05,Comm,0.07786,0.32935749999999997,0.11830692194049339
2021-05-05,Consumer,0.026338888888888887,0.15207729166666667,0.11020505094259926
2021-05-05,Energy,0.08428749999999999,0.06939119047619048,0.09310653817082389
2021-05-05,Financials,0.06934749999999999,0.14647642857142856,0.1418836254286335
2021-05-05,Healthcare,0.22193000000000002,0.10430999999999999,0.13716094278737134
2021-05-05,Industrials,0.19239699999999998,0.12611,0.10588454175035145
2021-05-05,Materials,0.8591,-0.016171875000000002,0.08298376558956917
2021-05-05,RealEstate,0.0,0.0,0.16279691798941798
2021-05-05,Tech,0.23646111111111112,-0.014508333333333337,0.0924036067459877
2021-05-05,Utilities,0.07373333333333333,0.3594,0.19839168745275887
2021-05-06,Comm,-0.015916666666666662,0.07786,0.1145562643441215
2021-05-06,Consumer,0.13727833333333334,0.026338888888888887,0.10478273612778445
2021-05-06,Energy,0.2504125,0.08428749999999999,0.09554260959939531
2021-05-06,Financials,0.104385,0.06934749999999999,0.14654231590482397
2021-05-06,Healthcare,0.0,0.22193000000000002,0.14188459358102218
2021-05-06,Industrials,0.2476125,0.19239699999999998,0.11542082746463715
2021-05-06,Materials,0.05505,0.8591,0.11542186082766441
2021-05-06,RealEstate,-0.0605,0.0,0.14009691798941798
2021-05-06,Tech,0.18491666666666665,0.23646111111111112,0.1072756173279983
2021-05-06,Utilities,0.0,0.07373333333333333,0.20190279856386997
2021-05-07,Comm,0.10294166666666665,-0.015916666666666662,0.11179118497904213
2021-05-07,Consumer,-0.10198333333333333,0.13727833333333334,0.11494316469921302
2021-05-07,Energy,-0.0937625,0.2504125,0.11072733182161754
2021-05-07,Financials,0.04107916666666666,0.104385,0.1444841611429192
2021-05-07,Healthcare,0.17,0.0,0.12604173643816502
2021-05-07,Industrials,0.03263333333333333,0.2476125,0.12342777190908161
2021-05-07,Materials,0.0,0.05505,0.12561947987528344
2021-05-07,RealEstate,0.0,-0.0605,0.11807787037037036
2021-05-07,Tech,0.2519777777777778,0.18491666666666665,0.10977720462958558
2021-05-07,Utilities,0.1897333333333333,0.0,0.1953980366591081
2021-05-10,Comm,-0.11144033333333334,0.10294166666666665,0.10570428021713738
2021-05-10,Consumer,0.09880000000000001,-0.10198333333333333,0.09614542093504068
2021-05-10,Energy,0.11302133333333333,-0.0937625,0.1027424508692366
2021-05-10,Financials,0.07307000000000001,0.04107916666666666,0.1456288040000621
2021-05-10,Healthcare,0.08046266666666667,0.17,0.12308471262864121
2021-05-10,Industrials,0.2396625,0.03263333333333333,0.12109523222654192
2021-05-10,Materials,0.191225,0.0,0.11787305130385488
2021-05-10,RealEstate,0.0,0.0,0.11807787037037036
2021-05-10,Tech,0.13262222222222222,0.2519777777777778,0.11866900357138453
2021-05-10,Utilities,0.4433392857142857,0.1897333333333333,0.1854043858654573
2021-05-11,Comm,0.20482,-0.11144033333333334,0.09791462148697865
2021-05-11,Consumer,0.03266299999999999,0.09880000000000001,0.09203487671735362
2021-05-11,Energy,-0.053465000000000006,0.11302133333333333,0.11711906198034769
2021-05-11,Financials,0.003799999999999998,0.07307000000000001,0.1476820239547106
2021-05-11,Healthcare,0.13396666666666665,0.08046266666666667,0.11588690310483168
2021-05-11,Industrials,0.07876250000000001,0.2396625,0.12387641703379813
2021-05-11,Materials,0.3404,0.191225,0.12697900368480727
2021-05-11,RealEstate,0.296,0.0,0.11807787037037036
2021-05-11,Tech,0.002299999999999999,0.13262222222222222,0.11499373902111998
2021-05-11,Utilities,0.0,0.4433392857142857,0.1935062566137566
2021-05-12,Comm,0.08715,0.20482,0.11649017704253417
2021-05-12,Consumer,0.011312500000000003,0.03266299999999999,0.0850205297785781
2021-05-12,Energy,0.11035833333333334,-0.053465000000000006,0.0969338238851096
2021-05-12,Financials,0.04162916666666667,0.003799999999999998,0.138365065526895
2021-05-12,Healthcare,0.5164500000000001,0.13396666666666665,0.11843920469213327
2021-05-12,Industrials,0.08220857142857144,0.07876250000000001,0.11730637735125848
2021-05-12,Materials,0.4939,0.3404,0.13997741638321995
2021-05-12,RealEstate,0.34895,0.296,0.10863501322751322
2021-05-12,Tech,0.22020000000000003,0.002299999999999999,0.11053213187826282
2021-05-12,Utilities,0.22503333333333334,0.0,0.17735070105820105
2021-05-13,Comm,0.0,0.08715,0.105009700852058
2021-05-13,Consumer,0.3798066666666666,0.011312500000000003,0.07887691866746699
2021-05-13,Energy,0.0,0.11035833333333334,0.0904519455782313
2021-05-13,Financials,0.133525,0.04162916666666667,0.12886343854276805
2021-05-13,Healthcare,-0.02864444444444444,0.5164500000000001,0.14319853008895866
2021-05-13,Industrials,0.12295,0.08220857142857144,0.10014369027642851
2021-05-13,Materials,0.0,0.4939,0.16349646400226756
2021-05-13,RealEstate,0.0,0.34895,0.12525167989417987
2021-05-13,Tech,-0.0252875,0.22020000000000003,0.11452075621688718
2021-05-13,Utilities,0.1909,0.22503333333333334,0.18445281746031744
2021-05-14,Comm,0.0,0.0,0.09730874847110561
2021-05-14,Consumer,-0.03184923007246376,0.3798066666666666,0.09734691866746699
2021-05-14,Energy,-0.02838888888888889,0.0,0.08684281859410431
2021-05-14,Financials,0.08116041666666668,0.133525,0.12951785147392292
2021-05-14,Healthcare,0.17097500000000002,-0.02864444444444444,0.14237958829001687
2021-05-14,Industrials,0.07574999999999998,0.12295,0.10085132916531742
2021-05-14,Materials,0.148,0.0,0.15650241638321996
2021-05-14,RealEstate,0.0,0.0,0.12525167989417987
2021-05-14,Tech,0.13693333333333332,-0.0252875,0.10891262129625223
2021-05-14,Utilities,0.5106,0.1909,0.17316412698412698
2021-05-17,Comm,0.00817589743589744,0.0,0.09601231989967704
2021-05-17,Consumer,0.03237577399380805,-0.03184923007246376,0.09662317982047891
2021-05-17,Energy,0.22931916666666666,-0.02838888888888889,0.08540810959939531
2021-05-17,Financials,0.29199571428571425,0.08116041666666668,0.12842628401360545
2021-05-17,Healthcare,0.123194,0.17097500000000002,0.14544458829001686
2021-05-17,Industrials,0.18967678571428573,0.07574999999999998,0.092188630752619
2021-05-17,Materials,0.28424,0.148,0.163550035430839
2021-05-17,RealEstate,0.0,0.0,0.11978977513227511
2021-05-17,Tech,0.07626666666666666,0.13693333333333332,0.10582670859783956
2021-05-17,Utilities,0.1366,0.5106,0.1803331746031746
2021-05-18,Comm,0.0013776666666666631,0.00817589743589744,0.08472545787281502
2021-05-18,Consumer,0.145559375,0.03237577399380805,0.08891265120113644
2021-05-18,Energy,-0.0294375,0.22931916666666666,0.09128560959939531
2021-05-18,Financials,0.2541777777777778,0.29199571428571425,0.1327373724489796
2021-05-18,Healthcare,0.10953333333333333,0.123194,0.15726335019477874
2021-05-18,Industrials,0.007116,0.18967678571428573,0.10071874224165905
2021-05-18,Materials,0.0984,0.28424,0.17708527352607709
2021-05-18,RealEstate,0.0,0.0,0.11978977513227511
2021-05-18,Tech,0.35885,0.07626666666666666,0.10843893082006176
2021-05-18,Utilities,0.1806,0.1366,0.1868379365079365
2021-05-19,Comm,0.05494333333333334,0.0013776666666666631,0.0863395729521801
2021-05-19,Consumer,0.07002933333333333,0.145559375,0.09297117263748876
2021-05-19,Energy,-0.1192125,-0.0294375,0.08667072864701436
2021-05-19,Financials,0.2911722222222222,0.2541777777777778,0.1371251067649282
2021-05-19,Healthcare,-0.17,0.10953333333333333,0.1603833728705157
2021-05-19,Industrials,0.07492499999999999,0.007116,0.09203813509880192
2021-05-19,Materials,-0.20095,0.0984,0.16582495606575964
2021-05-19,RealEstate,0.0,0.0,0.11789572751322751
2021-05-19,Tech,-0.19401428571428572,0.35885,0.12313911222595748
2021-05-19,Utilities,0.6908,0.1806,0.19005341269841272
2021-05-20,Comm,0.109577,0.05494333333333334,0.08784622828097828
2021-05-20,Consumer,0.2060375,0.07002933333333333,0.09529942887331642
2021-05-20,Energy,0.10115,-0.1192125,0.06875743499622071
2021-05-20,Financials,0.10452777777777778,0.2911722222222222,0.13850187925170068
2021-05-20,Healthcare,0.17911666666666665,-0.17,0.14707424588638873
2021-05-20,Industrials,0.23156666666666667,0.07492499999999999,0.09690231258797942
2021-05-20,Materials,0.0,-0.20095,0.15748447987528347
2021-05-20,RealEstate,0.0,0.0,0.11789572751322751
2021-05-20,Tech,0.16495583333333333,-0.19401428571428572,0.1099664081443248
2021-05-20,Utilities,0.19334999999999997,0.6908,0.20734865079365083
2021-05-21,Comm,0.21222285714285713,0.109577,0.08911426884535219
2021-05-21,Consumer,0.1184952380952381,0.2060375,0.10107565903204659
2021-05-21,Energy,0.0373625,0.10115,0.07186844690098262
2021-05-21,Financials,-0.0019708333333333366,0.10452777777777778,0.13755836073318214
2021-05-21,Healthcare,0.24296,0.17911666666666665,0.14384313477527763
2021-05-21,Industrials,0.401575,0.23156666666666667,0.10620374115940798
2021-05-21,Materials,0.1591,0.0,0.14585471797052155
2021-05-21,RealEstate,0.0,0.0,0.11789572751322751
2021-05-21,Tech,0.2834,0.16495583333333333,0.11615597163638831
2021-05-21,Utilities,0.21230000000000002,0.19334999999999997,0.2079112358276644
2021-05-24,Comm,-0.015649999999999997,0.21222285714285713,0.09785354871891777
2021-05-24,Consumer,0.1670268888888889,0.1184952380952381,0.09532196005245475
2021-05-24,Energy,0.11589333333333333,0.0373625,0.0719714230914588
2021-05-24,Financials,0.0389875,-0.0019708333333333366,0.1325666940665155
2021-05-24,Healthcare,0.31261083333333334,0.24296,0.1531005157276586
2021-05-24,Industrials,0.242425,0.401575,0.12103255068321751
2021-05-24,Materials,0.105625,0.1591,0.14854094246031746
2021-05-24,RealEstate,0.1158,0.0,0.11151636243386243
2021-05-24,Tech,0.33765,0.2834,0.12164329306495975
2021-05-24,Utilities,0.28036666666666665,0.21230000000000002,0.20918861678004536
2021-05-25,Comm,0.2026875,-0.015649999999999997,0.08629553284590188
2021-05-25,Consumer,0.17060486111111112,0.1670268888888889,0.09783070079319549
2021-05-25,Energy,0.1691784722222222,0.11589333333333333,0.07974253420256991
2021-05-25,Financials,0.21031111111111112,0.0389875,0.12312840041572184
2021-05-25,Healthcare,0.21935,0.31261083333333334,0.15471531731496016
2021-05-25,Industrials,0.0,0.242425,0.12766231258797942
2021-05-25,Materials,0.13396666666666665,0.105625,0.14832784722222223
2021-05-25,RealEstate,0.583725,0.1158,0.07996874338624338
2021-05-25,Tech,-0.04800666666666666,0.33765,0.13411024971941637
2021-05-25,Utilities,0.2732,0.28036666666666665,0.21820290249433108
2021-05-26,Comm,0.07438095238095238,0.2026875,0.09814592967129872
2021-05-26,Consumer,0.09883598484848485,0.17060486111111112,0.0992455914716891
2021-05-26,Energy,0.309022,0.1691784722222222,0.08853865192743764
2021-05-26,Financials,0.09378124999999998,0.21031111111111112,0.12222472316704458
2021-05-26,Healthcare,0.0,0.21935,0.15366746017210303
2021-05-26,Industrials,0.060494444444444434,0.0,0.1221437940694609
2021-05-26,Materials,0.0,0.13396666666666665,0.15470721230158732
2021-05-26,RealEstate,0.0,0.583725,0.10397945767195768
2021-05-26,Tech,0.325525,-0.04800666666666666,0.12047800986050985
2021-05-26,Utilities,0.3715,0.2732,0.22601401360544218
2021-05-27,Comm,0.118326,0.07438095238095238,0.09921927308273737
2021-05-27,Consumer,0.22668250000000004,0.09883598484848485,0.10242159075018838
2021-05-27,Energy,0.1108022222222222,0.309022,0.10012171012849584
2021-05-27,Financials,0.011815624999999996,0.09378124999999998,0.11649520786092214
2021-05-27,Healthcare,0.18780416666666666,0.0,0.1431302379498808
2021-05-27,Industrials,0.09299722222222222,0.060494444444444434,0.1180695652807232
2021-05-27,Materials,0.23803333333333335,0.0,0.14656435515873018
2021-05-27,RealEstate,-0.05135,0.0,0.10397945767195768
2021-05-27,Tech,0.22606499999999996,0.325525,0.12718229557479557
2021-05-27,Utilities,0.36345,0.3715,0.24011321995464854
2021-05-28,Comm,0.4019236666666666,0.118326,0.09201416197162626
2021-05-28,Consumer,0.34120666666666666,0.22668250000000004,0.10597497170256935
2021-05-28,Energy,-0.032290000000000006,0.1108022222222222,0.09047530801209372
2021-05-28,Financials,0.20167666666666667,0.011815624999999996,0.11679257889266818
2021-05-28,Healthcare,0.16181666666666666,0.18780416666666666,0.14546247264375833
2021-05-28,Industrials,0.0903,0.09299722222222222,0.12322387912087913
2021-05-28,Materials,0.14923333333333333,0.23803333333333335,0.13135641865079364
2021-05-28,RealEstate,0.5028,-0.05135,0.09263845238095239
2021-05-28,Tech,0.1454125,0.22606499999999996,0.13472248110355253
2021-05-28,Utilities,0.2732,0.36345,0.2489314739229025
2021-06-01,Comm,0.38727,0.4019236666666666,0.1037616580033723
2021-06-01,Consumer,0.26591628205128204,0.34120666666666666,0.11732024948034711
2021-06-01,Energy,0.08505438095238095,-0.032290000000000006,0.07938266250944823
2021-06-01,Financials,0.09804944444444444,0.20167666666666667,0.11928511857520788
2021-06-01,Healthcare,0.16207066666666664,0.16181666666666666,0.14741713024013023
2021-06-01,Industrials,0.177825,0.0903,0.12727657142857143
2021-06-01,Materials,0.1968,0.14923333333333333,0.13611356150793652
2021-06-01,RealEstate,0.13283333333333333,0.5028,0.11067261904761905
2021-06-01,Tech,0.09444000000000001,0.1454125,0.13519450491307636
2021-06-01,Utilities,0.20101666666666665,0.2732,0.2619409977324263
2021-06-02,Comm,0.12601,0.38727,0.11364065271236701
2021-06-02,Consumer,0.15471809523809524,0.26591628205128204,0.12507777084786847
2021-06-02,Energy,0.171605,0.08505438095238095,0.07371977588813303
2021-06-02,Financials,0.16560400000000003,0.09804944444444444,0.1197605683106576
2021-06-02,Healthcare,0.1884875,0.16207066666666664,0.14784955026455027
2021-06-02,Industrials,0.10194999999999999,0.177825,0.1331827619047619
2021-06-02,Materials,0.0,0.1968,0.15626118055555555
2021-06-02,RealEstate,0.5719,0.13283333333333333,0.10352182539682539
2021-06-02,Tech,0.13198333333333334,0.09444000000000001,0.14026585411942558
2021-06-02,Utilities,0.43463333333333337,0.20101666666666665,0.26211298185941045
2021-06-03,Comm,0.006783333333333326,0.12601,0.11219128763300193
2021-06-03,Consumer,0.20841000000000004,0.15471809523809524,0.12866345792269843
2021-06-03,Energy,0.22661000000000003,0.171605,0.07620483541194255
2021-06-03,Financials,-0.005325000000000002,0.16560400000000003,0.11688575878684808
2021-06-03,Healthcare,0.17524,0.1884875,0.14697112962962963
2021-06-03,Industrials,0.21451666666666666,0.10194999999999999,0.13661607256235828
2021-06-03,Materials,0.20095,0.0,0.1540929265873016
2021-06-03,RealEstate,0.16836666666666666,0.5719,0.11619801587301587
2021-06-03,Tech,0.08251666666666667,0.13198333333333334,0.14419726946334088
2021-06-03,Utilities,0.0,0.43463333333333337,0.2668455215419501
2021-06-04,Comm,0.295435,0.006783333333333326,0.09683061302982733
2021-06-04,Consumer,0.11211533333333334,0.20841000000000004,0.13134596784333336
2021-06-04,Energy,0.0,0.22661000000000003,0.08369144538926682
2021-06-04,Financials,0.3451875,-0.005325000000000002,0.10965711933106577
2021-06-04,Healthcare,-0.03005,0.17524,0.15034874867724868
2021-06-04,Industrials,0.17345,0.21451666666666666,0.14082591383219956
2021-06-04,Materials,0.0,0.20095,0.1644320634920635
2021-06-04,RealEstate,0.296,0.16836666666666666,0.1242154761904762
2021-06-04,Tech,0.15014333333333332,0.08251666666666667,0.14881750755857898
2021-06-04,Utilities,0.62465,0.0,0.2497312358276644
2021-06-07,Comm,0.1335111111111111,0.295435,0.1071913273155416
2021-06-07,Consumer,0.08687416666666667,0.11211533333333334,0.1354305604359259
2021-06-07,Energy,-0.2298,0.0,0.07967775491307634
2021-06-07,Financials,0.21601809523809523,0.3451875,0.12279235742630384
2021-06-07,Healthcare,0.08859999999999998,-0.03005,0.13834970105820105
2021-06-07,Industrials,0.28919375,0.17345,0.13992367573696146
2021-06-07,Materials,0.11035625,0.0,0.12352253968253969
2021-06-07,RealEstate,0.46645000000000003,0.296,0.1383107142857143
2021-06-07,Tech,0.234910625,0.15014333333333332,0.1447071371882086
2021-06-07,Utilities,0.0,0.62465,0.2759653628117914
2021-06-08,Comm,0.3534083333333333,0.1335111111111111,0.11430693578115007
2021-06-08,Consumer,0.07043583333333334,0.08687416666666667,0.13303036202322754
2021-06-08,Energy,0.23466666666666666,-0.2298,0.056810493008314436
2021-06-08,Financials,0.18028333333333335,0.21601809523809523,0.1281082191043084
2021-06-08,Healthcare,0.123475,0.08859999999999998,0.14256874867724867
2021-06-08,Industrials,0.09484999999999999,0.28919375,0.14190373526077096
2021-06-08,Materials,0.12040000000000001,0.11035625,0.12615617063492066
2021-06-08,RealEstate,0.0,0.46645000000000003,0.16340357142857143
2021-06-08,Tech,0.3763,0.234910625,0.1470878018707483
2021-06-08,Utilities,0.2083,0.0,0.2759653628117914
2021-06-09,Comm,0.0,0.3534083333333333,0.1262339199081342
2021-06-09,Consumer,0.12109999999999999,0.07043583333333334,0.14124079853116403
2021-06-09,Energy,0.156265,0.23466666666666666,0.07244997713529856
2021-06-09,Financials,0.24672833333333336,0.18028333333333335,0.13473698894557823
2021-06-09,Healthcare,-0.020736363636363633,0.123475,0.14035327248677248
2021-06-09,Industrials,0.1134875,0.09484999999999999,0.14486643367346938
2021-06-09,Materials,0.0,0.12040000000000001,0.131889503968254
2021-06-09,RealEstate,0.0,0.0,0.16340357142857143
2021-06-09,Tech,0.09991250000000002,0.3763,0.15300790769085412
2021-06-09,Utilities,0.1366,0.2083,0.2768494897959184
2021-06-10,Comm,0.06415371428571429,0.0,0.13154060244781673
2021-06-10,Consumer,0.061589500000000005,0.12109999999999999,0.1423027032930688
2021-06-10,Energy,0.12267000000000002,0.156265,0.07450919935752078
2021-06-10,Financials,0.13743333333333335,0.24672833333333336,0.14300643339002267
2021-06-10,Healthcare,0.1591,-0.020736363636363633,0.13553427104377103
2021-06-10,Industrials,0.13849166666666668,0.1134875,0.13885810034013607
2021-06-10,Materials,0.0,0.0,0.12278355158730159
2021-06-10,RealEstate,0.15928,0.0,0.16340357142857143
2021-06-10,Tech,0.14963437500000001,0.09991250000000002,0.15145030187074832
2021-06-10,Utilities,0.0,0.1366,0.2622428571428571
2021-06-11,Comm,0.2947416666666667,0.06415371428571429,0.12484220788999362
2021-06-11,Consumer,0.026685000000000004,0.061589500000000005,0.14368015567402118
2021-06-11,Energy,0.056425,0.12267000000000002,0.08289658030990174
2021-06-11,Financials,0.34551666666666664,0.13743333333333335,0.14936992545351474
2021-06-11,Healthcare,0.03532291666666666,0.1591,0.13673109644059642
2021-06-11,Industrials,0.4711666666666667,0.13849166666666668,0.1417023463718821
2021-06-11,Materials,0.0,0.0,0.10657402777777779
2021-06-11,RealEstate,0.0,0.15928,0.15689309523809522
2021-06-11,Tech,-0.007481249999999995,0.14963437500000001,0.15846622448979591
2021-06-11,Utilities,0.0,0.0,0.2622428571428571
2021-06-14,Comm,0.12615833333333334,0.2947416666666667,0.13472752535031104
2021-06-14,Consumer,0.15620126984126986,0.026685000000000004,0.14441217948354498
2021-06-14,Energy,0.20434800000000003,0.056425,0.08032832634164777
2021-06-14,Financials,0.027716666666666667,0.34551666666666664,0.16384075878684806
2021-06-14,Healthcare,0.14745833333333333,0.03532291666666666,0.11382028294853296
2021-06-14,Industrials,0.10606666666666666,0.4711666666666667,0.160224160430839
2021-06-14,Materials,0.33956666666666663,0.0,0.08305498015873017
2021-06-14,RealEstate,-0.0386,0.0,0.14027642857142858
2021-06-14,Tech,-0.0324175,-0.007481249999999995,0.14762426020408165
2021-06-14,Utilities,0.23534166666666667,0.0,0.2515269841269841
2021-06-15,Comm,0.09738,0.12615833333333334,0.14073506503285074
2021-06-15,Consumer,0.23953083333333333,0.15620126984126986,0.13376430344424037
2021-06-15,Energy,0.2944116666666667,0.20434800000000003,0.09005918348450491
2021-06-15,Financials,0.18226,0.027716666666666667,0.158802266723356
2021-06-15,Healthcare,0.26181666666666664,0.14745833333333333,0.12220612950937951
2021-06-15,Industrials,-0.015422222222222219,0.10606666666666666,0.15942019217687076
2021-06-15,Materials,0.0,0.33956666666666663,0.09922482142857143
2021-06-15,RealEstate,-0.148,-0.0386,0.13843833333333336
2021-06-15,Tech,0.0,-0.0324175,0.14728473639455783
2021-06-15,Utilities,0.6249,0.23534166666666667,0.25364325396825393
2021-06-16,Comm,0.280775,0.09738,0.14537220788999358
2021-06-16,Consumer,0.09042457142857144,0.23953083333333333,0.14668716360642117
2021-06-16,Energy,0.229142,0.2944116666666667,0.10543063851095995
2021-06-16,Financials,0.01782333333333333,0.18226,0.16361653259637188
2021-06-16,Healthcare,0.0,0.26181666666666664,0.12653192316017314
2021-06-16,Industrials,0.3181916666666667,-0.015422222222222219,0.15507865778533633
2021-06-16,Materials,0.0,0.0,0.09217720238095238
2021-06-16,RealEstate,0.13155555555555556,-0.148,0.1313907142857143
2021-06-16,Tech,0.13639166666666666,0.0,0.1407641014739229
2021-06-16,Utilities,0.0,0.6249,0.2590861111111111
2021-06-17,Comm,0.39725000000000005,0.280775,0.15835311753590325
2021-06-17,Consumer,0.11824166666666668,0.09042457142857144,0.14945139205569563
2021-06-17,Energy,0.04000833333333333,0.229142,0.10542220200302344
2021-06-17,Financials,0.05872766666666666,0.01782333333333333,0.15056070493197277
2021-06-17,Healthcare,0.09006666666666667,0.0,0.1206655422077922
2021-06-17,Industrials,0.0,0.3181916666666667,0.16119841402116403
2021-06-17,Materials,0.044265,0.0,0.0786419642857143
2021-06-17,RealEstate,0.23835,0.13155555555555556,0.13765526455026456
2021-06-17,Tech,-0.029229259259259264,0.13639166666666666,0.14362719671201815
2021-06-17,Utilities,0.4019,0.0,0.2525813492063492
2021-06-18,Comm,0.0,0.39725000000000005,0.17720418102796676
2021-06-18,Consumer,0.268815,0.11824166666666668,0.14815054880172737
2021-06-18,Energy,0.116425,0.04000833333333333,0.10872914644746787
2021-06-18,Financials,0.12734791666666667,0.05872766666666666,0.14125355678382465
2021-06-18,Healthcare,0.3057166666666667,0.09006666666666667,0.11973855808080809
2021-06-18,Industrials,0.021900000000000003,0.0,0.1608595568783069
2021-06-18,Materials,0.148,0.044265,0.07606410714285715
2021-06-18,RealEstate,0.1628166666666667,0.23835,0.14900526455026455
2021-06-18,Tech,0.09379749999999999,-0.029229259259259264,0.12514723198538674
2021-06-18,Utilities,0.0,0.4019,0.2631194444444444
2021-06-21,Comm,0.2879,0.0,0.17458783182161755
2021-06-21,Consumer,0.030614325396825393,0.268815,0.1576165329287115
2021-06-21,Energy,0.10162749999999998,0.116425,0.11994997978080121
2021-06-21,Financials,0.03667666666666667,0.12734791666666667,0.13345239937641723
2021-06-21,Healthcare,0.35190333333333335,0.3057166666666667,0.1423917326839827
2021-06-21,Industrials,0.2021833333333333,0.021900000000000003,0.1583345568783069
2021-06-21,Materials,0.044955555555555554,0.148,0.09268077380952382
2021-06-21,RealEstate,0.0,0.1628166666666667,0.15675843915343915
2021-06-21,Tech,0.12927812500000002,0.09379749999999999,0.13885255511463845
2021-06-21,Utilities,0.12572708333333332,0.0,0.23022420634920635
2021-06-22,Comm,-0.26925,0.2879,0.18307940325018895
2021-06-22,Consumer,-0.002868999999999999,0.030614325396825393,0.14926304842379842
2021-06-22,Energy,0.1337125,0.10162749999999998,0.11997271787603932
2021-06-22,Financials,-0.12886875,0.03667666666666667,0.13022139408541195
2021-06-22,Healthcare,0.148,0.35190333333333335,0.1506196691919192
2021-06-22,Industrials,-0.12955000000000003,0.2021833333333333,0.15693535052910054
2021-06-22,Materials,0.105375,0.044955555555555554,0.09482151455026455
2021-06-22,RealEstate,-0.2023,0.0,0.15675843915343915
2021-06-22,Tech,0.059400000000000015,0.12927812500000002,0.13715361662257497
2021-06-22,Utilities,0.0,0.12572708333333332,0.22700406746031745
2021-06-23,Comm,-0.004465833333333332,-0.26925,0.16015212433862433
2021-06-23,Consumer,0.13532316666666666,-0.002868999999999999,0.14348379899069186
2021-06-23,Energy,0.169325,0.1337125,0.12456081311413454
2021-06-23,Financials,0.1990875,-0.12886875,0.12417863614890401
2021-06-23,Healthcare,0.31096666666666667,0.148,0.1460977644300144
2021-06-23,Industrials,0.0734,-0.12955000000000003,0.13164368386243386
2021-06-23,Materials,0.0,0.105375,0.09226318121693122
2021-06-23,RealEstate,0.0,-0.2023,0.14712510582010582
2021-06-23,Tech,0.09089333333333334,0.059400000000000015,0.1264869499559083
2021-06-23,Utilities,-0.13797500000000001,0.0,0.21689454365079364
2021-06-24,Comm,-0.13738333333333336,-0.004465833333333332,0.16068470370370372
2021-06-24,Consumer,0.1748625,0.13532316666666666,0.14197409793249077
2021-06-24,Energy,0.14267166666666667,0.169325,0.12710517819349962
2021-06-24,Financials,0.16315452380952383,0.1990875,0.13180244567271351
2021-06-24,Healthcare,0.14643333333333333,0.31096666666666667,0.14601947077922078
2021-06-24,Industrials,0.022477777777777777,0.0734,0.12359487433862433
2021-06-24,Materials,0.098675,0.0,0.08723341931216931
2021-06-24,RealEstate,-0.1909,0.0,0.1416108201058201
2021-06-24,Tech,0.26868333333333333,0.09089333333333334,0.11473663249559085
2021-06-24,Utilities,0.5488500000000001,-0.13797500000000001,0.1969735119047619
2021-06-25,Comm,0.05488333333333334,-0.13738333333333336,0.1444908544973545
2021-06-25,Consumer,0.05823883333333334,0.1748625,0.1421768426414855
2021-06-25,Energy,0.24453333333333332,0.14267166666666667,0.1258429493575208
2021-06-25,Financials,-0.05013571428571428,0.16315452380952383,0.12955689389644748
2021-06-25,Healthcare,0.09732600000000001,0.14643333333333333,0.14254724855699857
2021-06-25,Industrials,0.02783333333333333,0.022477777777777777,0.12466524470899472
2021-06-25,Materials,0.07538333333333334,0.098675,0.08555286375661375
2021-06-25,RealEstate,0.31845,-0.1909,0.10472391534391536
2021-06-25,Tech,0.5199,0.26868333333333333,0.12981710868606702
2021-06-25,Utilities,0.7096,0.5488500000000001,0.2100997023809524
2021-06-28,Comm,0.241345,0.05488333333333334,0.14356239644746788
2021-06-28,Consumer,0.08975714285714284,0.05823883333333334,0.14024364495028782
2021-06-28,Energy,-0.057014999999999996,0.24453333333333332,0.12277206046863189
2021-06-28,Financials,0.03969066666666667,-0.05013571428571428,0.12270370512093727
2021-06-28,Healthcare,0.21923333333333336,0.09732600000000001,0.14718181998556998
2021-06-28,Industrials,0.2569,0.02783333333333333,0.12310995370370369
2021-06-28,Materials,0.0,0.07538333333333334,0.0891425462962963
2021-06-28,RealEstate,0.06443333333333333,0.31845,0.11988820105820107
2021-06-28,Tech,0.06652166666666667,0.5199,0.13907306106701942
2021-06-28,Utilities,0.34165,0.7096,0.22619970238095236
2021-06-29,Comm,0.2202,0.241345,0.1494204440665155
2021-06-29,Consumer,-0.024838571428571425,0.08975714285714284,0.13372338984824697
2021-06-29,Energy,0.509124,-0.057014999999999996,0.11478076417233561
2021-06-29,Financials,0.1238875,0.03969066666666667,0.12403108805744519
2021-06-29,Healthcare,0.04899999999999999,0.21923333333333336,0.14867844696969698
2021-06-29,Industrials,0.21865,0.2569,0.1309148478835979
2021-06-29,Materials,0.0258,0.0,0.07780762566137567
2021-06-29,RealEstate,0.0,0.06443333333333333,0.1254016931216931
2021-06-29,Tech,0.33261875,0.06652166666666667,0.13147575947971782
2021-06-29,Utilities,0.29583333333333334,0.34165,0.22516160714285716
2021-06-30,Comm,0.27759848484848487,0.2202,0.14076693613000757
2021-06-30,Consumer,-0.027970238095238083,-0.024838571428571425,0.11629266422466422
2021-06-30,Energy,0.10722916666666667,0.509124,0.14056238321995465
2021-06-30,Financials,0.04118844444444445,0.1238875,0.12032684202569917
2021-06-30,Healthcare,0.107525,0.04899999999999999,0.14330622474747473
2021-06-30,Industrials,0.05084444444444444,0.21865,0.13702675264550265
2021-06-30,Materials,0.0,0.0258,0.07192984788359788
2021-06-30,RealEstate,0.0,0.0,0.10145883597883595
2021-06-30,Tech,0.10346444444444447,0.33261875,0.14039034281305116
2021-06-30,Utilities,0.24695,0.29583333333333334,0.22623938492063494
2021-07-01,Comm,0.1842375,0.27759848484848487,0.13554448302755445
2021-07-01,Consumer,0.102725,-0.027970238095238083,0.10229806802721088
2021-07-01,Energy,0.09315999999999999,0.10722916666666667,0.14161832539682542
2021-07-01,Financials,0.18588636363636366,0.04118844444444445,0.1176191753590325
2021-07-01,Healthcare,0.148,0.107525,0.14070881204906205
2021-07-01,Industrials,0.26194999999999996,0.05084444444444444,0.13098005952380953
2021-07-01,Materials,0.06743333333333333,0.0,0.06255841931216931
2021-07-01,RealEstate,0.4983666666666666,0.0,0.09513343915343915
2021-07-01,Tech,0.16049166666666664,0.10346444444444447,0.14082007826278659
2021-07-01,Utilities,0.1366,0.24695,0.22842668650793652
2021-07-02,Comm,0.0216,0.1842375,0.13831722112279254
2021-07-02,Consumer,0.22595,0.102725,0.09982220634920635
2021-07-02,Energy,0.286435,0.09315999999999999,0.13788284920634922
2021-07-02,Financials,0.13009583333333333,0.18588636363636366,0.11858500219885934
2021-07-02,Healthcare,0.5673375,0.148,0.13878083585858586
2021-07-02,Industrials,0.01896666666666667,0.26194999999999996,0.13859910714285714
2021-07-02,Materials,0.296,0.06743333333333333,0.06576953042328043
2021-07-02,RealEstate,0.61895,0.4983666666666666,0.09163185185185185
2021-07-02,Tech,-0.08375555555555557,0.16049166666666664,0.1421776179453263
2021-07-02,Utilities,0.2732,0.1366,0.214234623015873
2021-07-06,Comm,0.056125,0.0216,0.13902277667834811
2021-07-06,Consumer,0.12166666666666666,0.22595,0.10065744444444444
2021-07-06,Energy,-0.09065555555555556,0.286435,0.14073165873015872
2021-07-06,Financials,-0.079608125,0.13009583333333333,0.12503361330997045
2021-07-06,Healthcare,0.03227000000000001,0.5673375,0.15745214538239538
2021-07-06,Industrials,0.003350000000000001,0.01896666666666667,0.12928720238095237
2021-07-06,Materials,0.0795125,0.296,0.07029572089947089
2021-07-06,RealEstate,0.296,0.61895,0.11308820105820105
2021-07-06,Tech,0.2590166666666667,-0.08375555555555557,0.13425989307760142
2021-07-06,Utilities,0.2214,0.2732,0.22724414682539681
2021-07-07,Comm,0.07976000000000001,0.056125,0.12762706239263383
2021-07-07,Consumer,0.1907725,0.12166666666666666,0.10111226984126984
2021-07-07,Energy,0.013188333333333333,-0.09065555555555556,0.13641472751322753
2021-07-07,Financials,-0.07503928571428568,-0.079608125,0.10480525021473237
2021-07-07,Healthcare,0.3101,0.03227000000000001,0.16041976443001443
2021-07-07,Industrials,0.31461666666666666,0.003350000000000001,0.12118720238095237
2021-07-07,Materials,0.0,0.0795125,0.07408203042328043
2021-07-07,RealEstate,0.2882,0.296,0.11308820105820105
2021-07-07,Tech,0.34613333333333335,0.2590166666666667,0.13944433752204585
2021-07-07,Utilities,0.296,0.2214,0.20804176587301587
2021-07-08,Comm,0.205775,0.07976000000000001,0.1250674856730571
2021-07-08,Consumer,0.0016099999999999893,0.1907725,0.10605980952380953
2021-07-08,Energy,0.15350533333333333,0.013188333333333333,0.14798560052910054
2021-07-08,Financials,0.04701388888888889,-0.07503928571428568,0.09094537493128566
2021-07-08,Healthcare,0.07770625,0.3101,0.1709673834776335
2021-07-08,Industrials,0.21785,0.31461666666666666,0.12239781746031746
2021-07-08,Materials,-0.061099999999999995,0.0,0.0688269708994709
2021-07-08,RealEstate,0.0,0.2882,0.10460010582010583
2021-07-08,Tech,0.205025,0.34613333333333335,0.1447406569664903
2021-07-08,Utilities,0.6348499999999999,0.296,0.22213700396825398
2021-07-09,Comm,0.3075888888888889,0.205775,0.11803732694289837
2021-07-09,Consumer,0.09102,0.0016099999999999893,0.1027823888888889
2021-07-09,Energy,0.15546,0.15350533333333333,0.14412077513227514
2021-07-09,Financials,0.20595476190476192,0.04701388888888889,0.08459921091012162
2021-07-09,Healthcare,0.0,0.07770625,0.1687879191919192
2021-07-09,Industrials,0.052075,0.21785,0.1282549603174603
2021-07-09,Materials,0.0,-0.061099999999999995,0.06018411375661376
2021-07-09,RealEstate,-0.1366,0.0,0.10460010582010583
2021-07-09,Tech,0.19395833333333332,0.205025,0.13658470458553792
2021-07-09,Utilities,0.1366,0.6348499999999999,0.24244890873015873
2021-07-12,Comm,0.09792500000000001,0.3075888888888889,0.13268441688998833
2021-07-12,Consumer,0.09840222222222222,0.09102,0.10135000793650795
2021-07-12,Energy,0.2513138888888889,0.15546,0.14408244179894178
2021-07-12,Financials,0.15077380952380953,0.20595476190476192,0.08265761227066584
2021-07-12,Healthcare,0.09375416666666667,0.0,0.1697753650793651
2021-07-12,Industrials,0.2759333333333333,0.052075,0.12533055555555556
2021-07-12,Materials,0.3818,0.0,0.06018411375661376
2021-07-12,RealEstate,0.0,-0.1366,0.09809534391534391
2021-07-12,Tech,0.13435416666666666,0.19395833333333332,0.14106307760141093
2021-07-12,Utilities,0.09106666666666667,0.1366,0.24244890873015873
2021-07-13,Comm,0.11024,0.09792500000000001,0.13429257335257336
2021-07-13,Consumer,0.16199416666666666,0.09840222222222222,0.1031029947089947
2021-07-13,Energy,-0.017724999999999998,0.2513138888888889,0.15020834126984126
2021-07-13,Financials,0.1726121794871795,0.15077380952380953,0.0832928730416409
2021-07-13,Healthcare,0.04933333333333333,0.09375416666666667,0.16666365873015873
2021-07-13,Industrials,-0.1426,0.2759333333333333,0.1318753968253968
2021-07-13,Materials,0.0,0.3818,0.07836506613756614
2021-07-13,RealEstate,0.0,0.0,0.090510582010582
2021-07-13,Tech,0.16463333333333333,0.13435416666666666,0.14033544863315697
2021-07-13,Utilities,0.10455,0.09106666666666667,0.24678541666666667
2021-07-14,Comm,0.028333333333333335,0.11024,0.12550677970177973
2021-07-14,Consumer,0.052529000000000006,0.16199416666666666,0.10954628835978834
2021-07-14,Energy,0.2049,-0.017724999999999998,0.1466773888888889
2021-07-14,Financials,0.16617115384615383,0.1726121794871795,0.0750593260330939
2021-07-14,Healthcare,0.20315,0.04933333333333333,0.16733082142857145
2021-07-14,Industrials,0.0734,-0.1426,0.10264841269841271
2021-07-14,Materials,0.0,0.0,0.07836506613756614
2021-07-14,RealEstate,0.0252875,0.0,0.090510582010582
2021-07-14,Tech,0.017360000000000004,0.16463333333333333,0.1485313811728395
2021-07-14,Utilities,0.34,0.10455,0.25176398809523814
2021-07-15,Comm,0.08392222222222223,0.028333333333333335,0.12084844636844638
2021-07-15,Consumer,0.04116083333333333,0.052529000000000006,0.1046095136054422
2021-07-15,Energy,0.0035033333333333375,0.2049,0.14670367460317463
2021-07-15,Financials,0.04679361111111111,0.16617115384615383,0.08165239685116472
2021-07-15,Healthcare,-0.07655,0.20315,0.16998280555555556
2021-07-15,Industrials,0.0,0.0734,0.10109285714285714
2021-07-15,Materials,0.20095,0.0,0.06219522486772487
2021-07-15,RealEstate,0.0,0.0252875,0.09355284391534391
2021-07-15,Tech,-0.010980000000000002,0.017360000000000004,0.15090173831569664
2021-07-15,Utilities,-0.3182,0.34,0.25674771825396825
2021-07-16,Comm,0.02132,0.08392222222222223,0.12020759980759983
2021-07-16,Consumer,0.15410555555555558,0.04116083333333333,0.0951633231292517
2021-07-16,Energy,0.09062533333333334,0.0035033333333333375,0.13285089682539683
2021-07-16,Financials,0.20850000000000002,0.04679361111111111,0.0752016164278843
2021-07-16,Healthcare,0.6597,-0.07655,0.15387010714285715
2021-07-16,Industrials,0.18765,0.0,0.10182724867724868
2021-07-16,Materials,0.11333333333333334,0.20095,0.07176427248677249
2021-07-16,RealEstate,0.0,0.0,0.10060046296296295
2021-07-16,Tech,0.09252961538461538,-0.010980000000000002,0.1503788811728395
2021-07-16,Utilities,0.3231833333333333,-0.3182,0.21183819444444443
2021-07-19,Comm,0.27175666666666665,0.02132,0.1078525998075998
2021-07-19,Consumer,0.017716363636363638,0.15410555555555558,0.09819575094482239
2021-07-19,Energy,-0.13666166666666665,0.09062533333333334,0.12625486507936506
2021-07-19,Financials,0.02862844155844156,0.20850000000000002,0.08428145769772556
2021-07-19,Healthcare,-0.013225000000000004,0.6597,0.18528439285714288
2021-07-19,Industrials,0.0732375,0.18765,0.09561097883597884
2021-07-19,Materials,-0.022716666666666673,0.11333333333333334,0.07716109788359789
2021-07-19,RealEstate,-0.142975,0.0,0.0943359126984127
2021-07-19,Tech,-0.07344434523809523,0.09252961538461538,0.1482902120641704
2021-07-19,Utilities,0.056833333333333326,0.3231833333333333,0.227227876984127
2021-07-20,Comm,0.40086,0.27175666666666665,0.10187672679172681
2021-07-20,Consumer,0.14270500000000003,0.017716363636363638,0.09340883175290318
2021-07-20,Energy,0.43355999999999995,-0.13666166666666665,0.11784200793650794
2021-07-20,Financials,0.19368939393939394,0.02862844155844156,0.08284816126400055
2021-07-20,Healthcare,-0.0128375,-0.013225000000000004,0.18036574206349207
2021-07-20,Industrials,0.0,0.0732375,0.09909847883597883
2021-07-20,Materials,0.13473333333333334,-0.022716666666666673,0.07397149470899472
2021-07-20,RealEstate,0.0,-0.142975,0.07617757936507935
2021-07-20,Tech,0.12433749999999999,-0.07344434523809523,0.14618473177946392
2021-07-20,Utilities,0.1366,0.056833333333333326,0.21079613095238095
2021-07-21,Comm,-0.027524999999999994,0.40086,0.12096529822029822
2021-07-21,Consumer,0.10402625000000001,0.14270500000000003,0.08740359365766508
2021-07-21,Energy,0.29711333333333334,0.43355999999999995,0.1329436746031746
2021-07-21,Financials,0.2810101190476191,0.19368939393939394,0.08600727922936852
2021-07-21,Healthcare,0.0,-0.0128375,0.16519649603174602
2021-07-21,Industrials,0.09875,0.0,0.09805562169312168
2021-07-21,Materials,-0.054877777777777775,0.13473333333333334,0.07333974867724867
2021-07-21,RealEstate,0.0,0.0,0.06842440476190476
2021-07-21,Tech,0.09964375,0.12433749999999999,0.14763901749374964
2021-07-21,Utilities,-0.07955,0.1366,0.21730089285714288
2021-07-22,Comm,0.180665625,-0.027524999999999994,0.10594506012506014
2021-07-22,Consumer,0.04968,0.10402625000000001,0.0908993995911496
2021-07-22,Energy,0.09316333333333333,0.29711333333333334,0.1422525238095238
2021-07-22,Financials,0.24903999999999998,0.2810101190476191,0.0976422055332234
2021-07-22,Healthcare,-0.04169642857142857,0.0,0.14843919444444445
2021-07-22,Industrials,0.09079166666666667,0.09875,0.09313022486772486
2021-07-22,Materials,0.11965500000000001,-0.054877777777777775,0.06858578042328044
2021-07-22,RealEstate,0.148,0.0,0.06842440476190476
2021-07-22,Tech,0.024883333333333323,0.09964375,0.14622785677946393
2021-07-22,Utilities,0.10423750000000001,-0.07955,0.20752579365079366
2021-07-23,Comm,0.06952083333333332,0.180665625,0.12736961369648872
2021-07-23,Consumer,0.14002124999999999,0.04968,0.09340173292448292
2021-07-23,Energy,0.26446833333333336,0.09316333333333333,0.14032161111111113
2021-07-23,Financials,0.10755,0.24903999999999998,0.11563786029512817
2021-07-23,Healthcare,0.0,-0.04169642857142857,0.13940603117913833
2021-07-23,Industrials,0.120925,0.09079166666666667,0.10362268518518518
2021-07-23,Materials,0.0,0.11965500000000001,0.06926578042328042
2021-07-23,RealEstate,0.0,0.148,0.08510535714285714
2021-07-23,Tech,-0.04767791666666667,0.024883333333333323,0.14458420598581312
2021-07-23,Utilities,0.25210000000000005,0.10423750000000001,0.21248948412698412
2021-07-26,Comm,0.023929999999999996,0.06952083333333332,0.1308927882996633
2021-07-26,Consumer,0.08079625000000001,0.14002124999999999,0.09362545117845118
2021-07-26,Energy,0.06085666666666666,0.26446833333333336,0.14485224603174604
2021-07-26,Financials,0.02880357142857142,0.10755,0.11127893172369958
2021-07-26,Healthcare,0.26276666666666665,0.0,0.12459809467120182
2021-07-26,Industrials,-0.051427777777777774,0.120925,0.10588578042328042
2021-07-26,Materials,0.10573333333333335,0.0,0.06926578042328042
2021-07-26,RealEstate,0.48355,0.0,0.08510535714285714
2021-07-26,Tech,0.12623293269230768,-0.04767791666666667,0.13798557503343217
2021-07-26,Utilities,0.33912916666666665,0.25210000000000005,0.23106448412698416
2021-07-27,Comm,0.10033333333333334,0.023929999999999996,0.1385743756012506
2021-07-27,Consumer,0.13664583333333333,0.08079625000000001,0.08914610594035595
2021-07-27,Energy,0.0,0.06085666666666666,0.14095629365079365
2021-07-27,Financials,0.2071327380952381,0.02880357142857142,0.1048812673246066
2021-07-27,Healthcare,-0.044074999999999975,0.26276666666666665,0.13013777721088435
2021-07-27,Industrials,0.09802751322751323,-0.051427777777777774,0.10236646825396825
2021-07-27,Materials,0.1963,0.10573333333333335,0.06960189153439154
2021-07-27,RealEstate,0.0,0.48355,0.11722202380952382
2021-07-27,Tech,0.02640319865319865,0.12623293269230768,0.13120222262195474
2021-07-27,Utilities,0.0,0.33912916666666665,0.22107777777777773
2021-07-28,Comm,0.06511666666666667,0.10033333333333334,0.1407386613155363
2021-07-28,Consumer,0.2084083333333333,0.13664583333333333,0.09287977260702261
2021-07-28,Energy,0.18970833333333334,0.0,0.12931184920634922
2021-07-28,Financials,0.07306316666666665,0.2071327380952381,0.11713214600941388
2021-07-28,Healthcare,0.15347083333333336,-0.044074999999999975,0.1234043962585034
2021-07-28,Industrials,0.34976666666666667,0.09802751322751323,0.1057090482489292
2021-07-28,Materials,0.0,0.1963,0.07535982804232805
2021-07-28,RealEstate,0.074,0.0,0.10205773809523808
2021-07-28,Tech,0.16874523809523811,0.02640319865319865,0.10770237493877374
2021-07-28,Utilities,0.0,0.0,0.18728730158730159
2021-07-29,Comm,0.14958849206349206,0.06511666666666667,0.1323468359187109
2021-07-29,Consumer,0.1990632380952381,0.2084083333333333,0.098529829296365
2021-07-29,Energy,0.08712666666666667,0.18970833333333334,0.14106057936507937
2021-07-29,Financials,0.3149875,0.07306316666666665,0.11872131267608055
2021-07-29,Healthcare,0.09557716666666667,0.15347083333333336,0.12027284863945578
2021-07-29,Industrials,0.18498333333333336,0.34976666666666667,0.11013127047115143
2021-07-29,Materials,0.2584125,0.0,0.07535982804232805
2021-07-29,RealEstate,-0.11333333333333334,0.074,0.10251329365079365
2021-07-29,Tech,0.14758541666666666,0.16874523809523811,0.11257016405442
2021-07-29,Utilities,0.16463333333333333,0.0,0.17101825396825396
2021-07-30,Comm,0.03771666666666667,0.14958849206349206,0.1289843831598296
2021-07-30,Consumer,0.041459523809523814,0.1990632380952381,0.10919182022607024
2021-07-30,Energy,0.21850397727272727,0.08712666666666667,0.12096546825396827
2021-07-30,Financials,-0.05790000000000001,0.3149875,0.12782131267608055
2021-07-30,Healthcare,0.08495333333333333,0.09557716666666667,0.12249080895691611
2021-07-30,Industrials,0.11923666666666667,0.18498333333333336,0.10852809586797682
2021-07-30,Materials,0.296,0.2584125,0.08643661375661377
2021-07-30,RealEstate,0.0,-0.11333333333333334,0.09711646825396825
2021-07-30,Tech,0.363025,0.14758541666666666,0.1037590529433089
2021-07-30,Utilities,0.0,0.16463333333333333,0.1647706349206349
2021-08-02,Comm,0.04980416666666666,0.03771666666666667,0.11756143943688586
2021-08-02,Consumer,0.27209696969696967,0.041459523809523814,0.11249799936439223
2021-08-02,Energy,0.040445666666666664,0.21850397727272727,0.12626426875901875
2021-08-02,Financials,0.32739666666666667,-0.05790000000000001,0.1231028153215832
2021-08-02,Healthcare,0.171493,0.08495333333333333,0.12141596768707483
2021-08-02,Industrials,0.13745555555555555,0.11923666666666667,0.11178486835474931
2021-08-02,Materials,0.0,0.296,0.10053185185185184
2021-08-02,RealEstate,0.05995,0.0,0.09711646825396825
2021-08-02,Tech,0.10725608465608466,0.363025,0.11611907939833535
2021-08-02,Utilities,-0.15541666666666665,0.0,0.1530111111111111
2021-08-03,Comm,0.13462916666666666,0.04980416666666666,0.11115985213529855
2021-08-03,Consumer,0.09278214285714285,0.27209696969696967,0.1205633312547241
2021-08-03,Energy,0.24862083333333335,0.040445666666666664,0.12375406240981242
2021-08-03,Financials,0.07876,0.32739666666666667,0.12984140118016904
2021-08-03,Healthcare,0.20198888888888888,0.171493,0.12253468197278912
2021-08-03,Industrials,0.10115,0.13745555555555555,0.10585656147644243
2021-08-03,Materials,0.18770833333333334,0.0,0.09732074074074075
2021-08-03,RealEstate,0.146475,0.05995,0.07623948412698411
2021-08-03,Tech,0.10389583333333334,0.10725608465608466,0.11358405168354573
2021-08-03,Utilities,0.0,-0.15541666666666665,0.13910555555555554
2021-08-04,Comm,0.1047625,0.13462916666666666,0.11654219340513983
2021-08-04,Consumer,0.0388875,0.09278214285714285,0.11422200472411187
2021-08-04,Energy,0.0,0.24862083333333335,0.12195338780663781
2021-08-04,Financials,0.06202,0.07876,0.12739683768810556
2021-08-04,Healthcare,0.14198499999999997,0.20198888888888888,0.1051371290627362
2021-08-04,Industrials,0.15796666666666667,0.10115,0.10977005353993449
2021-08-04,Materials,0.0,0.18770833333333334,0.09216399470899471
2021-08-04,RealEstate,0.0,0.146475,0.053740674603174596
2021-08-04,Tech,-0.0504125,0.10389583333333334,0.12251983210682615
2021-08-04,Utilities,0.1366,0.0,0.12609603174603176
2021-08-05,Comm,0.07277916666666667,0.1047625,0.11885826483371124
2021-08-05,Consumer,0.26166500000000004,0.0388875,0.11028013964474678
2021-08-05,Energy,0.09744666666666667,0.0,0.126270319023569
2021-08-05,Financials,-0.04152399999999999,0.06202,0.13414103411667697
2021-08-05,Healthcare,0.1815,0.14198499999999997,0.11036165287226
2021-08-05,Industrials,0.17696875,0.15796666666666667,0.11713275195263291
2021-08-05,Materials,0.0,0.0,0.08837768518518518
2021-08-05,RealEstate,0.0,0.0,0.0396454365079365
2021-08-05,Tech,0.10112559523809525,-0.0504125,0.10778510988460395
2021-08-05,Utilities,0.17333333333333334,0.1366,0.12205793650793652
2021-08-06,Comm,0.13043749999999998,0.07277916666666667,0.11852584419879063
2021-08-06,Consumer,0.14290000000000003,0.26166500000000004,0.11365597297808011
2021-08-06,Energy,0.03108333333333335,0.09744666666666667,0.13028262061087062
2021-08-06,Financials,0.011077777777777775,-0.04152399999999999,0.13573700010307152
2021-08-06,Healthcare,0.09545,0.1815,0.1042378433484505
2021-08-06,Industrials,0.01465000000000001,0.17696875,0.11057808925422019
2021-08-06,Materials,0.0,0.0,0.08837768518518518
2021-08-06,RealEstate,0.148,0.0,0.025921626984126974
2021-08-06,Tech,0.07719000000000001,0.10112559523809525,0.09611807473721164
2021-08-06,Utilities,0.166275,0.17333333333333334,0.11621666666666666
2021-08-09,Comm,0.14785666666666666,0.13043749999999998,0.11493834419879062
2021-08-09,Consumer,0.12404181818181818,0.14290000000000003,0.12038406821617535
2021-08-09,Energy,-0.02552083333333332,0.03108333333333335,0.12445300156325155
2021-08-09,Financials,0.20603020833333335,0.011077777777777775,0.13402575671682815
2021-08-09,Healthcare,0.18340625,0.09545,0.10508278382464097
2021-08-09,Industrials,0.27615555555555554,0.01465000000000001,0.10090189877802973
2021-08-09,Materials,0.09106666666666667,0.0,0.091287208994709
2021-08-09,RealEstate,-0.0128375,0.148,0.03296924603174602
2021-08-09,Tech,0.054343749999999996,0.07719000000000001,0.0900306937848307
2021-08-09,Utilities,0.2533166666666667,0.166275,0.09390357142857145
2021-08-10,Comm,0.06527916666666667,0.14785666666666666,0.10733204790249433
2021-08-10,Consumer,0.045175,0.12404181818181818,0.1219565357486429
2021-08-10,Energy,-0.08854523809523811,-0.02552083333333332,0.11583486664261665
2021-08-10,Financials,0.162755,0.20603020833333335,0.134029349403903
2021-08-10,Healthcare,0.05863333333333333,0.18340625,0.11381641477702191
2021-08-10,Industrials,0.12112222222222223,0.27615555555555554,0.11157240142353238
2021-08-10,Materials,0.0683,0.09106666666666667,0.09562371693121693
2021-08-10,RealEstate,0.46645000000000003,-0.0128375,0.038862698412698404
2021-08-10,Tech,0.010589999999999999,0.054343749999999996,0.08338238029276719
2021-08-10,Utilities,0.2436,0.2533166666666667,0.09946150793650793
2021-08-11,Comm,-0.059833333333333315,0.06527916666666667,0.10577748441043083
2021-08-11,Consumer,0.0622875,0.045175,0.11942190611901327
2021-08-11,Energy,0.14515833333333333,-0.08854523809523811,0.09965109869099156
2021-08-11,Financials,0.10385833333333334,0.162755,0.13459988228372155
2021-08-11,Healthcare,0.20126666666666668,0.05863333333333333,0.1121439941421013
2021-08-11,Industrials,-0.08194250000000002,0.12112222222222223,0.10420044375157471
2021-08-11,Materials,-0.21076111111111112,0.0683,0.0806951455026455
2021-08-11,RealEstate,0.4393,0.46645000000000003,0.06107460317460317
2021-08-11,Tech,0.0,0.010589999999999999,0.07748884854673545
2021-08-11,Utilities,0.0683,0.2436,0.106725
2021-08-12,Comm,0.2661266666666667,-0.059833333333333315,0.09767875425170068
2021-08-12,Consumer,0.06666250000000001,0.0622875,0.11467396961107676
2021-08-12,Energy,0.022860000000000002,0.14515833333333333,0.10740744789734076
2021-08-12,Financials,0.17793285714285714,0.10385833333333334,0.1313258896097289
2021-08-12,Healthcare,0.2388375,0.20126666666666668,0.11937891477702192
2021-08-12,Industrials,0.0,-0.08194250000000002,0.10708889613252709
2021-08-12,Materials,0.13396666666666665,-0.21076111111111112,0.07065890211640212
2021-08-12,RealEstate,0.296,0.4393,0.0819936507936508
2021-08-12,Tech,0.3098666666666667,0.0,0.06964916600705291
2021-08-12,Utilities,0.060275,0.0683,0.10499880952380954
2021-08-13,Comm,0.23151666666666668,0.2661266666666667,0.10900224631519274
2021-08-13,Consumer,0.30790592105263154,0.06666250000000001,0.11534699342060058
2021-08-13,Energy,0.024666666666666667,0.022860000000000002,0.09873887646876932
2021-08-13,Financials,0.07833541666666666,0.17793285714285714,0.13188597071909572
2021-08-13,Healthcare,0.1858,0.2388375,0.12107831953892667
2021-08-13,Industrials,-0.074,0.0,0.103593658037289
2021-08-13,Materials,0.0,0.13396666666666665,0.0770382671957672
2021-08-13,RealEstate,0.0,0.296,0.09488472222222223
2021-08-13,Tech,0.038825,0.3098666666666667,0.08357805489594179
2021-08-13,Utilities,0.243,0.060275,0.09167857142857143
2021-08-16,Comm,0.04236160714285715,0.23151666666666668,0.11603055319349963
2021-08-16,Consumer,0.06066973684210526,0.30790592105263154,0.12804914045485286
2021-08-16,Energy,0.05001428571428572,0.024666666666666667,0.0997466542465471
2021-08-16,Financials,0.08007916666666667,0.07833541666666666,0.13338796145983645
2021-08-16,Healthcare,0.09712799999999999,0.1858,0.1335711766817838
2021-08-16,Industrials,0.05903124999999998,-0.074,0.10006984851347947
2021-08-16,Materials,0.04046,0.0,0.06746921957671959
2021-08-16,RealEstate,0.0549625,0.0,0.09488472222222223
2021-08-16,Tech,0.03813333333333333,0.038825,0.08594972156260847
2021-08-16,Utilities,0.14350416666666668,0.243,0.11840238095238095
2021-08-17,Comm,0.159375,0.04236160714285715,0.11703253448601661
2021-08-17,Consumer,0.06253759259259259,0.06066973684210526,0.12359981575421239
2021-08-17,Energy,-0.153445,0.05001428571428572,0.09781279483611627
2021-08-17,Financials,0.029631964285714282,0.08007916666666667,0.12727268368205868
2021-08-17,Healthcare,0.25926,0.09712799999999999,0.10678203382464097
2021-08-17,Industrials,0.1858,0.05903124999999998,0.09394514613252708
2021-08-17,Materials,0.35875,0.04046,0.06399906084656085
2021-08-17,RealEstate,0.296,0.0549625,0.09750198412698412
2021-08-17,Tech,-0.02628666666666667,0.03813333333333333,0.08335942241730933
2021-08-17,Utilities,0.296,0.14350416666666668,0.10984623015873016
2021-08-18,Comm,-0.07764553571428572,0.159375,0.11168102654950869
2021-08-18,Consumer,0.08743937500000001,0.06253759259259259,0.12573415999022328
2021-08-18,Energy,0.017855,-0.153445,0.09701358848690991
2021-08-18,Financials,0.11029375,0.029631964285714282,0.1273204704785955
2021-08-18,Healthcare,0.31467500000000004,0.25926,0.11975751001511714
2021-08-18,Industrials,-0.03160000000000002,0.1858,0.09930526518014612
2021-08-18,Materials,0.2049,0.35875,0.08216414021164023
2021-08-18,RealEstate,0.46618333333333334,0.296,0.11840555555555556
2021-08-18,Tech,0.30077175,-0.02628666666666667,0.08560502615880591
2021-08-18,Utilities,0.0,0.296,0.12123511904761906
2021-08-19,Comm,0.082035,-0.07764553571428572,0.08889504865835224
2021-08-19,Consumer,0.16972777777777778,0.08743937500000001,0.12310246356165185
2021-08-19,Energy,0.11424880952380952,0.017855,0.07721811229643373
2021-08-19,Financials,0.19498749999999998,0.11029375,0.12334924933862433
2021-08-19,Healthcare,0.07144999999999999,0.31467500000000004,0.1353533433484505
2021-08-19,Industrials,0.105375,-0.03160000000000002,0.09780050327538421
2021-08-19,Materials,-0.02551666666666667,0.2049,0.08550541005291006
2021-08-19,RealEstate,0.25,0.46618333333333334,0.1406047619047619
2021-08-19,Tech,0.0635257142857143,0.30077175,0.09400665711118687
2021-08-19,Utilities,0.0,0.0,0.11473035714285716
2021-08-20,Comm,0.04287222222222223,0.082035,0.09411219151549509
2021-08-20,Consumer,0.175735,0.16972777777777778,0.126231107741546
2021-08-20,Energy,-0.30306666666666665,0.11424880952380952,0.06851027782931354
2021-08-20,Financials,-0.07329999999999999,0.19498749999999998,0.11925293414588056
2021-08-20,Healthcare,0.17,0.07144999999999999,0.13875572430083144
2021-08-20,Industrials,-0.2615,0.105375,0.09811597946586041
2021-08-20,Materials,0.02034999999999998,-0.02551666666666667,0.0869035582010582
2021-08-20,RealEstate,0.296,0.25,0.1525095238095238
2021-08-20,Tech,-0.09684999999999999,0.0635257142857143,0.09228675064860184
2021-08-20,Utilities,0.5144333333333333,0.0,0.11851845238095239
2021-08-23,Comm,0.21510166666666666,0.04287222222222223,0.08755060090702949
2021-08-23,Consumer,0.031409285714285716,0.175735,0.13223372678916506
2021-08-23,Energy,0.09965530303030304,-0.30306666666666665,0.04964218259121831
2021-08-23,Financials,0.17448,-0.07329999999999999,0.10390341033635678
2021-08-23,Healthcare,-0.0293125,0.17,0.1488365066137566
2021-08-23,Industrials,0.24468888888888887,-0.2615,0.08134018581506677
2021-08-23,Materials,0.11132500000000001,0.02034999999999998,0.08217474867724868
2021-08-23,RealEstate,-0.1027,0.296,0.15955714285714284
2021-08-23,Tech,0.1289818181818182,-0.09684999999999999,0.08648992525177644
2021-08-23,Utilities,-0.006933333333333329,0.5144333333333333,0.13805158730158731
2021-08-24,Comm,0.29965555555555556,0.21510166666666666,0.09448302154195012
2021-08-24,Consumer,0.023832142857142857,0.031409285714285716,0.12706172848984534
2021-08-24,Energy,0.006183333333333332,0.09965530303030304,0.041793943052978774
2021-08-24,Financials,0.12511250000000002,0.17448,0.10709055319349964
2021-08-24,Healthcare,0.23443333333333335,-0.0293125,0.1474406732804233
2021-08-24,Industrials,0.27225,0.24468888888888887,0.08723370433358528
2021-08-24,Materials,0.0,0.11132500000000001,0.08747593915343915
2021-08-24,RealEstate,0.296,-0.1027,0.15466666666666665
2021-08-24,Tech,0.016232275132275133,0.1289818181818182,0.09490229357789477
2021-08-24,Utilities,-0.07744444444444444,-0.006933333333333329,0.12571666666666667
2021-08-25,Comm,0.2202,0.29965555555555556,0.10761280990173848
2021-08-25,Consumer,0.15511708333333332,0.023832142857142857,0.12434915195923309
2021-08-25,Energy,0.0683,0.006183333333333332,0.03919045098948671
2021-08-25,Financials,0.2689333333333333,0.12511250000000002,0.11167669264928193
2021-08-25,Healthcare,0.05234,0.23443333333333335,0.14609146693121694
2021-08-25,Industrials,0.0605,0.27225,0.10264693184681281
2021-08-25,Materials,0.0,0.0,0.08244101851851852
2021-08-25,RealEstate,0.3034,0.296,0.14573571428571427
2021-08-25,Tech,0.017075,0.016232275132275133,0.08966416702741703
2021-08-25,Utilities,0.0116,-0.07744444444444444,0.10587982804232804
2021-08-26,Comm,0.23911666666666664,0.2202,0.11332074640967499
2021-08-26,Consumer,0.12436049999999998,0.15511708333333332,0.12522873529256642
2021-08-26,Energy,0.055644000000000006,0.0683,0.04244283194186766
2021-08-26,Financials,-0.0505,0.2689333333333333,0.11461957813681027
2021-08-26,Healthcare,0.043125000000000024,0.05234,0.15068265740740744
2021-08-26,Industrials,0.0,0.0605,0.10085990740740741
2021-08-26,Materials,0.296,0.0,0.07309339947089948
2021-08-26,RealEstate,0.0,0.3034,0.16018333333333332
2021-08-26,Tech,0.313285,0.017075,0.08921996709155043
2021-08-26,Utilities,0.0,0.0116,0.106432208994709
2021-08-27,Comm,0.4492125,0.23911666666666664,0.12160646069538925
2021-08-27,Consumer,0.09698787878787878,0.12436049999999998,0.12122645751478867
2021-08-27,Energy,0.003168749999999998,0.055644000000000006,0.036058816068851786
2021-08-27,Financials,0.09860000000000001,-0.0505,0.10873561781934996
2021-08-27,Healthcare,0.24405416666666666,0.043125000000000024,0.14542809391534392
2021-08-27,Industrials,0.23790416666666664,0.0,0.08420435185185185
2021-08-27,Materials,0.24695,0.296,0.08718863756613757
2021-08-27,RealEstate,0.050575,0.0,0.15665952380952378
2021-08-27,Tech,-0.013375000000000005,0.313285,0.09610281289653907
2021-08-27,Utilities,0.0,0.0,0.106432208994709
2021-08-30,Comm,0.1262525,0.4492125,0.13587427059712776
2021-08-30,Consumer,0.15870595238095236,0.09698787878787878,0.1163657261192001
2021-08-30,Energy,-0.1371757142857143,0.003168749999999998,0.03206082003710575
2021-08-30,Financials,0.10115,0.09860000000000001,0.09843145115268329
2021-08-30,Healthcare,0.24538333333333337,0.24405416666666666,0.15249842724867727
2021-08-30,Industrials,0.06201111111111112,0.23790416666666664,0.08672439153439153
2021-08-30,Materials,0.13935,0.24695,0.08664280423280424
2021-08-30,RealEstate,-0.0353,0.050575,0.16446468253968255
2021-08-30,Tech,0.33759833333333333,-0.013375000000000005,0.08843803115050734
2021-08-30,Utilities,0.36600000000000005,0.0,0.09859252645502645
2021-08-31,Comm,0.08131666666666666,0.1262525,0.1400902626606198
2021-08-31,Consumer,0.06124047619047619,0.15870595238095236,0.12194888938450624
2021-08-31,Energy,0.08014733333333332,-0.1371757142857143,0.015123691867656155
2021-08-31,Financials,0.19934107142857144,0.10115,0.10600526067649281
2021-08-31,Healthcare,-0.01909,0.24538333333333337,0.16013795105820106
2021-08-31,Industrials,0.316875,0.06201111111111112,0.08399936507936508
2021-08-31,Materials,0.05666666666666667,0.13935,0.07918328042328043
2021-08-31,RealEstate,0.0,-0.0353,0.16278373015873018
2021-08-31,Tech,-0.02590833333333334,0.33759833333333333,0.0872272374997137
2021-08-31,Utilities,-0.1366,0.36600000000000005,0.11602109788359788
2021-09-01,Comm,0.0,0.08131666666666666,0.14159085789871503
2021-09-01,Consumer,0.24788095238095237,0.06124047619047619,0.11190810397943513
2021-09-01,Energy,-0.07845297619047618,0.08014733333333332,0.017014247423211712
2021-09-01,Financials,0.10151874999999999,0.19934107142857144,0.09990737518896448
2021-09-01,Healthcare,0.08912083333333333,-0.01909,0.1510625701058201
2021-09-01,Industrials,0.0,0.316875,0.09254314814814814
2021-09-01,Materials,0.0,0.05666666666666667,0.08188169312169313
2021-09-01,RealEstate,0.2732,0.0,0.15992896825396827
2021-09-01,Tech,-0.040555555555555546,-0.02590833333333334,0.08088607473831283
2021-09-01,Utilities,0.1733,-0.1366,0.11691712962962963
2021-09-02,Comm,0.05425,0.0,0.13517994520030235
2021-09-02,Consumer,-0.014074166666666672,0.24788095238095237,0.11929376157580698
2021-09-02,Energy,0.2158341794871795,-0.07845297619047618,0.0014393041125541147
2021-09-02,Financials,0.18016066666666666,0.10151874999999999,0.10099112518896447
2021-09-02,Healthcare,0.13973333333333332,0.08912083333333333,0.14568790079365077
2021-09-02,Industrials,0.007816666666666658,0.0,0.08772648148148147
2021-09-02,Materials,0.0,0.0,0.07294320105820107
2021-09-02,RealEstate,0.0,0.2732,0.16596349206349204
2021-09-02,Tech,0.3245375,-0.040555555555555546,0.07400743717217526
2021-09-02,Utilities,0.29569999999999996,0.1733,0.1251695105820106
2021-09-03,Comm,0.31587777777777776,0.05425,0.13277458805744521
2021-09-03,Consumer,0.25585833333333335,-0.014074166666666672,0.11677177744882286
2021-09-03,Energy,0.13723348214285716,0.2158341794871795,0.011717122183372185
2021-09-03,Financials,0.09166666666666667,0.18016066666666666,0.10661687122071051
2021-09-03,Healthcare,0.0,0.13973333333333332,0.1455806785714286
2021-09-03,Industrials,0.03136666666666666,0.007816666666666658,0.08057648148148149
2021-09-03,Materials,0.0,0.0,0.07294320105820107
2021-09-03,RealEstate,0.0516,0.0,0.16596349206349204
2021-09-03,Tech,0.22229166666666667,0.3245375,0.09186219907693717
2021-09-03,Utilities,0.0,0.29569999999999996,0.13274570105820105
2021-09-07,Comm,0.23976666666666668,0.31587777777777776,0.14435071239606956
2021-09-07,Consumer,0.19995857142857143,0.25585833333333335,0.11649526951231494
2021-09-07,Energy,0.20011433333333334,0.13723348214285716,0.013611732444143163
2021-09-07,Financials,-0.06371250000000002,0.09166666666666667,0.1129592839191232
2021-09-07,Healthcare,0.2293216666666667,0.0,0.13693782142857142
2021-09-07,Industrials,0.19976,0.03136666666666666,0.07364304894179893
2021-09-07,Materials,0.13396666666666665,0.0,0.07294320105820107
2021-09-07,RealEstate,0.152525,0.0516,0.16842063492063492
2021-09-07,Tech,0.1948952380952381,0.22229166666666667,0.09763201200210725
2021-09-07,Utilities,0.057208333333333326,0.0,0.1244917328042328
2021-09-08,Comm,0.16150208333333332,0.23976666666666668,0.14955686318972033
2021-09-08,Consumer,0.103635,0.19995857142857143,0.11921234434224692
2021-09-08,Energy,0.12153928571428572,0.20011433333333334,0.0216608276822384
2021-09-08,Financials,0.16177000000000002,-0.06371250000000002,0.1093978421201814
2021-09-08,Healthcare,-0.02143,0.2293216666666667,0.1433126626984127
2021-09-08,Industrials,0.2609111111111111,0.19976,0.08245781084656084
2021-09-08,Materials,-0.17906666666666668,0.13396666666666665,0.07932256613756614
2021-09-08,RealEstate,0.041800000000000004,0.152525,0.1686361111111111
2021-09-08,Tech,0.1008625,0.1948952380952381,0.10323702333997571
2021-09-08,Utilities,0.0,0.057208333333333326,0.11929808201058201
2021-09-09,Comm,-0.07891285714285715,0.16150208333333332,0.15020664493575206
2021-09-09,Consumer,0.06483666666666667,0.103635,0.11824059109549365
2021-09-09,Energy,0.30797942857142857,0.12153928571428572,0.028663690494029784
2021-09-09,Financials,-0.03893500000000001,0.16177000000000002,0.10729021315192742
2021-09-09,Healthcare,0.008284523809523818,-0.02143,0.13355855555555557
2021-09-09,Industrials,0.0,0.2609111111111111,0.08173188492063492
2021-09-09,Materials,-0.07694999999999999,-0.17906666666666668,0.06645907407407407
2021-09-09,RealEstate,0.0,0.041800000000000004,0.17123789682539683
2021-09-09,Tech,0.18947166666666665,0.1008625,0.10545220191140431
2021-09-09,Utilities,0.0,0.0,0.1072353835978836
2021-09-10,Comm,0.09053749999999999,-0.07891285714285715,0.14334035808767953
2021-09-10,Consumer,0.18865250000000003,0.06483666666666667,0.1191768609367635
2021-09-10,Energy,-0.03781875,0.30797942857142857,0.04754581747815677
2021-09-10,Financials,-0.1299958333333333,-0.03893500000000001,0.09768592743764172
2021-09-10,Healthcare,-0.05303333333333333,0.008284523809523818,0.1311609931972789
2021-09-10,Industrials,-0.0308875,0.0,0.07596416005291005
2021-09-10,Materials,0.0,-0.07694999999999999,0.05954240740740741
2021-09-10,RealEstate,0.2654666666666667,0.0,0.14902599206349207
2021-09-10,Tech,-0.10527333333333336,0.18947166666666665,0.1139703765145789
2021-09-10,Utilities,0.36124999999999996,0.0,0.09563538359788361
2021-09-13,Comm,0.24411571428571427,0.09053749999999999,0.1505008739606954
2021-09-13,Consumer,0.1336848051948052,0.18865250000000003,0.12519424188914444
2021-09-13,Energy,0.0803450892857143,-0.03781875,0.03883262303371232
2021-09-13,Financials,0.05995833333333333,-0.1299958333333333,0.08655001473922902
2021-09-13,Healthcare,0.26873111111111114,-0.05303333333333333,0.1190514693877551
2021-09-13,Industrials,0.10145555555555556,-0.0308875,0.07839535052910053
2021-09-13,Materials,0.07007333333333333,0.0,0.0695786507936508
2021-09-13,RealEstate,0.0,0.2654666666666667,0.14074821428571427
2021-09-13,Tech,0.05269966666666666,-0.10527333333333336,0.10895736064156303
2021-09-13,Utilities,0.12365,0.36124999999999996,0.1095853835978836
2021-09-14,Comm,0.16030416666666666,0.24411571428571427,0.14945273337112625
2021-09-14,Consumer,0.15592833333333334,0.1336848051948052,0.1283857802317542
2021-09-14,Energy,-0.0366875,0.0803450892857143,0.04157000823779396
2021-09-14,Financials,0.133525,0.05995833333333333,0.08093218027210884
2021-09-14,Healthcare,0.31535,0.26873111111111114,0.12047497467876041
2021-09-14,Industrials,0.03288888888888889,0.10145555555555556,0.08322656746031745
2021-09-14,Materials,0.12726666666666667,0.07007333333333333,0.06653611111111112
2021-09-14,RealEstate,0.34040000000000004,0.0,0.1266529761904762
2021-09-14,Tech,0.194275,0.05269966666666666,0.09671131302251541
2021-09-14,Utilities,0.0,0.12365,0.11260324074074075
2021-09-15,Comm,0.007855000000000001,0.16030416666666666,0.1460616619425548
2021-09-15,Consumer,0.02382,0.15592833333333334,0.12114875224512099
2021-09-15,Energy,-0.04296333333333333,-0.0366875,0.03864838125366697
2021-09-15,Financials,0.19832333333333335,0.133525,0.08356025566893424
2021-09-15,Healthcare,0.17227708333333336,0.31535,0.12664402229780802
2021-09-15,Industrials,-0.016250000000000004,0.03288888888888889,0.08831651455026454
2021-09-15,Materials,0.0,0.12726666666666667,0.07259642857142858
2021-09-15,RealEstate,0.0,0.34040000000000004,0.14286249999999998
2021-09-15,Tech,0.08303035714285714,0.194275,0.10411369397489635
2021-09-15,Utilities,0.5488500000000001,0.0,0.10103181216931219
2021-09-16,Comm,0.007449999999999991,0.007855000000000001,0.1444184901738473
2021-09-16,Consumer,-0.022213999999999994,0.02382,0.11939400287168739
2021-09-16,Energy,-0.036553333333333334,-0.04296333333333333,0.03422087558473273
2021-09-16,Financials,0.12200000000000001,0.19832333333333335,0.08919093027210884
2021-09-16,Healthcare,0.23729999999999998,0.17227708333333336,0.1302225500755858
2021-09-16,Industrials,0.06698333333333333,-0.016250000000000004,0.08473169312169312
2021-09-16,Materials,0.148,0.0,0.0706697619047619
2021-09-16,RealEstate,0.023500000000000004,0.0,0.1402452380952381
2021-09-16,Tech,0.20064333333333334,0.08303035714285714,0.10625164748963559
2021-09-16,Utilities,0.17020000000000002,0.5488500000000001,0.12033399470899471
2021-09-17,Comm,0.06530428571428572,0.007449999999999991,0.1371839663643235
2021-09-17,Consumer,0.25651666666666667,-0.022213999999999994,0.11535821274823059
2021-09-17,Energy,0.15253333333333333,-0.036553333333333334,0.039787145426002576
2021-09-17,Financials,0.13742666666666667,0.12200000000000001,0.0935894081632653
2021-09-17,Healthcare,0.034284999999999996,0.23729999999999998,0.12917683578987152
2021-09-17,Industrials,0.0,0.06698333333333333,0.07907375661375661
2021-09-17,Materials,0.21330000000000002,0.148,0.06063404761904763
2021-09-17,RealEstate,0.0,0.023500000000000004,0.12726904761904761
2021-09-17,Tech,-0.004446666666666654,0.20064333333333334,0.11705783796582607
2021-09-17,Utilities,-0.3182,0.17020000000000002,0.1143435185185185
2021-09-20,Comm,0.3034075757575757,0.06530428571428572,0.143991100718065
2021-09-20,Consumer,0.1654626153846154,0.25651666666666667,0.12340951235140521
2021-09-20,Energy,0.06743625,0.15253333333333333,0.04620039939425654
2021-09-20,Financials,-0.0891647619047619,0.13742666666666667,0.09488145181405896
2021-09-20,Healthcare,0.06995133333333335,0.034284999999999996,0.11582493102796676
2021-09-20,Industrials,-0.0031624999999999917,0.0,0.08057851851851851
2021-09-20,Materials,0.1570125,0.21330000000000002,0.06103404761904763
2021-09-20,RealEstate,0.0732375,0.0,0.10506984126984127
2021-09-20,Tech,0.2929433333333334,-0.004446666666666654,0.10252362764836574
2021-09-20,Utilities,0.16972500000000001,-0.3182,0.09919113756613755
2021-09-21,Comm,0.10283333333333333,0.3034075757575757,0.15453265194461624
2021-09-21,Consumer,0.11219888888888888,0.1654626153846154,0.12320640938030225
2021-09-21,Energy,0.12421,0.06743625,0.04397122989312276
2021-09-21,Financials,-0.020776999999999997,-0.0891647619047619,0.08135039172335602
2021-09-21,Healthcare,0.15253333333333333,0.06995133333333335,0.11575356594860166
2021-09-21,Industrials,-0.03771666666666667,-0.0031624999999999917,0.07541006613756614
2021-09-21,Materials,0.0,0.1570125,0.06972591269841269
2021-09-21,RealEstate,0.17,0.0732375,0.09665257936507936
2021-09-21,Tech,0.1111717857142857,0.2929433333333334,0.11344827617444284
2021-09-21,Utilities,0.42405,0.16972500000000001,0.10727328042328041
2021-09-22,Comm,0.15978399999999998,0.10283333333333333,0.15738794294990724
2021-09-22,Consumer,0.24298333333333333,0.11219888888888888,0.12018088027977315
2021-09-22,Energy,0.09969333333333334,0.12421,0.0643177378296307
2021-09-22,Financials,0.12809880952380953,-0.020776999999999997,0.08385148696145125
2021-09-22,Healthcare,-0.06726,0.15253333333333333,0.11492181991685564
2021-09-22,Industrials,0.0367,-0.03771666666666667,0.08606641534391535
2021-09-22,Materials,0.03682,0.0,0.0687568650793651
2021-09-22,RealEstate,0.151725,0.17,0.09065257936507935
2021-09-22,Tech,0.08091866666666667,0.1111717857142857,0.12335407549417073
2021-09-22,Utilities,0.5917,0.42405,0.10296931216931217
2021-09-23,Comm,0.04259,0.15978399999999998,0.1547537683467326
2021-09-23,Consumer,0.22173380952380956,0.24298333333333333,0.1302558349282992
2021-09-23,Energy,0.17425166666666664,0.09969333333333334,0.06431954879644167
2021-09-23,Financials,0.008260000000000003,0.12809880952380953,0.08164285884353742
2021-09-23,Healthcare,0.273905,-0.06726,0.11311479610733183
2021-09-23,Industrials,0.33011666666666667,0.0367,0.07616218253968253
2021-09-23,Materials,0.0,0.03682,0.06520900793650794
2021-09-23,RealEstate,0.0,0.151725,0.10276805555555554
2021-09-23,Tech,0.04324833333333335,0.08091866666666667,0.12106535399344923
2021-09-23,Utilities,0.37877500000000003,0.5917,0.13147566137566138
2021-09-24,Comm,0.08656666666666667,0.04259,0.1425125514155157
2021-09-24,Consumer,0.033061562499999995,0.22173380952380956,0.13967972381718813
2021-09-24,Energy,-0.08296666666666666,0.17425166666666664,0.07232280276469563
2021-09-24,Financials,0.1464,0.008260000000000003,0.07607845408163265
2021-09-24,Healthcare,-0.03685833333333334,0.273905,0.114994399281935
2021-09-24,Industrials,0.021333333333333333,0.33011666666666667,0.0789177380952381
2021-09-24,Materials,0.0,0.0,0.06520900793650794
2021-09-24,RealEstate,0.0,0.0,0.08867281746031745
2021-09-24,Tech,0.17522000000000001,0.04324833333333335,0.12235183295540439
2021-09-24,Utilities,0.0,0.37877500000000003,0.15320039682539682
2021-09-27,Comm,0.19433750000000002,0.08656666666666667,0.13614905935202362
2021-09-27,Consumer,0.1272409523809524,0.033061562499999995,0.13386755615845797
2021-09-27,Energy,0.003622222222222221,-0.08296666666666666,0.06511962816152102
2021-09-27,Financials,0.150233,0.1464,0.07024353344671203
2021-09-27,Healthcare,0.263595,-0.03685833333333334,0.1107468595993953
2021-09-27,Industrials,0.053470000000000004,0.021333333333333333,0.07705265873015874
2021-09-27,Materials,0.100475,0.0,0.06520900793650794
2021-09-27,RealEstate,0.24671666666666667,0.0,0.07422519841269841
2021-09-27,Tech,0.18366033333333334,0.17522000000000001,0.12988254724111867
2021-09-27,Utilities,0.3046125,0.0,0.15264801587301585
2021-09-28,Comm,0.140023,0.19433750000000002,0.13401671808218238
2021-09-28,Consumer,0.10505333333333333,0.1272409523809524,0.13400472055755092
2021-09-28,Energy,0.0075466666666666685,0.003622222222222221,0.06264240064829352
2021-09-28,Financials,0.2564447619047619,0.150233,0.0798022477324263
2021-09-28,Healthcare,0.18062133333333333,0.263595,0.12124543102796677
2021-09-28,Industrials,0.28683333333333333,0.053470000000000004,0.0795988492063492
2021-09-28,Materials,0.0,0.100475,0.055898293650793664
2021-09-28,RealEstate,0.5267,0.24671666666666667,0.08597361111111111
2021-09-28,Tech,0.151244,0.18366033333333334,0.1237099440665155
2021-09-28,Utilities,-0.01466666666666667,0.3046125,0.16715337301587302
2021-09-29,Comm,-0.06775,0.140023,0.11929340855837282
2021-09-29,Consumer,0.23533625000000002,0.10505333333333333,0.1343887898216202
2021-09-29,Energy,0.02907738095238095,0.0075466666666666685,0.06285087287051573
2021-09-29,Financials,0.020024999999999998,0.2564447619047619,0.08731866496598639
2021-09-29,Healthcare,0.27834166666666665,0.18062133333333333,0.11822481991685564
2021-09-29,Industrials,0.21075,0.28683333333333333,0.08192880952380953
2021-09-29,Materials,0.0,0.0,0.04413876984126984
2021-09-29,RealEstate,0.0,0.5267,0.10864623015873016
2021-09-29,Tech,0.21318166666666666,0.151244,0.1315489440665155
2021-09-29,Utilities,0.26335,-0.01466666666666667,0.16645496031746032
2021-09-30,Comm,0.10342666666666667,-0.06775,0.11005519427265857
2021-09-30,Consumer,0.08550666666666666,0.23533625000000002,0.1380378516130034
2021-09-30,Energy,0.09925333333333333,0.02907738095238095,0.07076768692947265
2021-09-30,Financials,0.07618133333333332,0.020024999999999998,0.08345556972789117
2021-09-30,Healthcare,0.0044874999999999984,0.27834166666666665,0.11979426436130007
2021-09-30,Industrials,0.17415833333333333,0.21075,0.08901161375661375
2021-09-30,Materials,0.2083,0.0,0.03750305555555557
2021-09-30,RealEstate,0.3021,0.0,0.11032718253968253
2021-09-30,Tech,0.16957166666666665,0.21318166666666666,0.12562434089191232
2021-09-30,Utilities,-0.13302222222222224,0.26335,0.16156686507936507
2021-10-01,Comm,0.20576250000000001,0.10342666666666667,0.11110805141551569
2021-10-01,Consumer,0.1906495238095238,0.08550666666666666,0.139193384492822
2021-10-01,Energy,0.23672500000000002,0.09925333333333333,0.07167749645328217
2021-10-01,Financials,0.21603666666666665,0.07618133333333332,0.07759082029478458
2021-10-01,Healthcare,0.09909259259259258,0.0044874999999999984,0.12091700245653819
2021-10-01,Industrials,0.21075,0.17415833333333333,0.082215582010582
2021-10-01,Materials,0.0,0.2083,0.04472369047619048
2021-10-01,RealEstate,0.0,0.3021,0.12471289682539681
2021-10-01,Tech,-0.171766,0.16957166666666665,0.13493291232048377
2021-10-01,Utilities,0.0,-0.13302222222222224,0.16173723544973542
2021-10-04,Comm,0.018139999999999996,0.20576250000000001,0.12090626570122998
2021-10-04,Consumer,0.18449090476190477,0.1906495238095238,0.13646807837037303
2021-10-04,Energy,0.21715833333333334,0.23672500000000002,0.08668597150997151
2021-10-04,Financials,0.04550125,0.21603666666666665,0.08304405442176871
2021-10-04,Healthcare,0.166227,0.09909259259259258,0.12139184813555054
2021-10-04,Industrials,0.1209325,0.21075,0.09225129629629629
2021-10-04,Materials,0.0,0.0,0.04472369047619048
2021-10-04,RealEstate,0.0,0.0,0.11170337301587299
2021-10-04,Tech,0.16395857142857145,-0.171766,0.12868479591836732
2021-10-04,Utilities,-0.13883333333333334,0.0,0.1534848544973545
2021-10-05,Comm,-0.005649999999999999,0.018139999999999996,0.11918674189170615
2021-10-05,Consumer,-0.021574666666666666,0.18449090476190477,0.14592355796220977
2021-10-05,Energy,0.21606,0.21715833333333334,0.08674902645502647
2021-10-05,Financials,0.0472,0.04550125,0.07663170124716553
2021-10-05,Healthcare,0.0016424999999999981,0.166227,0.12265345131015369
2021-10-05,Industrials,0.024666666666666667,0.1209325,0.09763776455026454
2021-10-05,Materials,-0.00686666666666665,0.0,0.04472369047619048
2021-10-05,RealEstate,0.0,0.0,0.11170337301587299
2021-10-05,Tech,0.13896000000000003,0.16395857142857145,0.12103818027210884
2021-10-05,Utilities,0.0683,-0.13883333333333334,0.132792791005291
2021-10-06,Comm,0.026670833333333335,-0.005649999999999999,0.10387589533085961
2021-10-06,Consumer,0.166974,-0.021574666666666666,0.13271246272411452
2021-10-06,Energy,0.23756666666666668,0.21606,0.09050267016250946
2021-10-06,Financials,0.14721666666666666,0.0472,0.07451424092970522
2021-10-06,Healthcare,0.07707777777777779,0.0016424999999999981,0.12273166559586797
2021-10-06,Industrials,-0.239035,0.024666666666666667,0.09731871693121692
2021-10-06,Materials,0.1709015873015873,-0.00686666666666665,0.04439670634920636
2021-10-06,RealEstate,0.370275,0.0,0.10924623015873015
2021-10-06,Tech,0.067530625,0.13896000000000003,0.11707000566893425
2021-10-06,Utilities,0.0,0.0683,0.13604517195767196
2021-10-07,Comm,0.23674166666666668,0.026670833333333335,0.09372847469593897
2021-10-07,Consumer,0.026787500000000006,0.166974,0.13114176884656348
2021-10-07,Energy,0.11381857142857141,0.23756666666666668,0.09228611460695389
2021-10-07,Financials,0.062368,0.14721666666666666,0.08455848696145125
2021-10-07,Healthcare,0.13890444444444444,0.07707777777777779,0.11548195660115897
2021-10-07,Industrials,0.0,-0.239035,0.07642371693121693
2021-10-07,Materials,0.21230000000000002,0.1709015873015873,0.046155512093726384
2021-10-07,RealEstate,0.0,0.370275,0.11961527777777776
2021-10-07,Tech,-0.010751666666666677,0.067530625,0.11100502409297054
2021-10-07,Utilities,0.4939,0.0,0.13332096560846562
2021-10-08,Comm,0.047975000000000004,0.23674166666666668,0.09731131199752628
2021-10-08,Consumer,0.09568749999999998,0.026787500000000006,0.12748236408465874
2021-10-08,Energy,0.06723214285714287,0.11381857142857141,0.09191846154572941
2021-10-08,Financials,0.14272,0.062368,0.07982505839002269
2021-10-08,Healthcare,0.0709611111111111,0.13890444444444444,0.12311693014613252
2021-10-08,Industrials,0.09792500000000001,0.0,0.0639993783068783
2021-10-08,Materials,0.185,0.21230000000000002,0.06479202003023433
2021-10-08,RealEstate,0.50935,0.0,0.11762480158730157
2021-10-08,Tech,0.05983433333333334,-0.010751666666666677,0.1056900637755102
2021-10-08,Utilities,0.0,0.4939,0.15684001322751323
2021-10-11,Comm,0.18658333333333332,0.047975000000000004,0.10335359090909091
2021-10-11,Consumer,0.10502971861471862,0.09568749999999998,0.12895145138624603
2021-10-11,Energy,0.04338333333333334,0.06723214285714287,0.08045430508314437
2021-10-11,Financials,0.16343003663003663,0.14272,0.08847529648526078
2021-10-11,Healthcare,0.049024038461538466,0.0709611111111111,0.1261015295414462
2021-10-11,Industrials,0.4694,0.09792500000000001,0.06866247354497354
2021-10-11,Materials,0.1889,0.185,0.07726582955404385
2021-10-11,RealEstate,0.100475,0.50935,0.1418795634920635
2021-10-11,Tech,0.09324444444444445,0.05983433333333334,0.09951685742630387
2021-10-11,Utilities,0.15591666666666665,0.0,0.15684001322751323
2021-10-12,Comm,0.3031833333333333,0.18658333333333332,0.10792720202020203
2021-10-12,Consumer,0.217661875,0.10502971861471862,0.1249694141774231
2021-10-12,Energy,0.12326666666666668,0.04338333333333334,0.08432107095616025
2021-10-12,Financials,0.014389583333333334,0.16343003663003663,0.10244795695970697
2021-10-12,Healthcare,0.22478571428571428,0.049024038461538466,0.13096140438882106
2021-10-12,Industrials,0.0,0.4694,0.09248568783068782
2021-10-12,Materials,-0.40775,0.1889,0.08626106764928194
2021-10-12,RealEstate,0.0,0.100475,0.13402281746031747
2021-10-12,Tech,0.21382933333333334,0.09324444444444445,0.10897008493953136
2021-10-12,Utilities,0.0,0.15591666666666665,0.14706223544973546
2021-10-13,Comm,-0.1746777777777778,0.3031833333333333,0.11073994578437435
2021-10-13,Consumer,0.0801525,0.217661875,0.12896832226338478
2021-10-13,Energy,0.21643333333333334,0.12326666666666668,0.08636495559334846
2021-10-13,Financials,0.136771,0.014389583333333334,0.10027801648351649
2021-10-13,Healthcare,-0.06929,0.22478571428571428,0.12886876644475453
2021-10-13,Industrials,0.120625,0.0,0.0876544708994709
2021-10-13,Materials,-0.014358333333333334,-0.40775,0.06350757558578987
2021-10-13,RealEstate,0.51885,0.0,0.13402281746031747
2021-10-13,Tech,0.11946333333333334,0.21382933333333334,0.11664292620937264
2021-10-13,Utilities,-0.1909,0.0,0.1411741402116402
2021-10-14,Comm,-0.0017416666666666598,-0.1746777777777778,0.09478842462035317
2021-10-14,Consumer,0.2595877976190476,0.0801525,0.12535994924751176
2021-10-14,Energy,0.185225,0.21643333333333334,0.09841832860922148
2021-10-14,Financials,0.28640611904761903,0.136771,0.10043258791208791
2021-10-14,Healthcare,0.0,-0.06929,0.11055257596856405
2021-10-14,Industrials,0.24571666666666667,0.120625,0.09183238095238096
2021-10-14,Materials,-0.12765,-0.014358333333333334,0.056763527966742264
2021-10-14,RealEstate,0.10780555555555556,0.51885,0.14252043650793653
2021-10-14,Tech,0.066945,0.11946333333333334,0.11308046589191234
2021-10-14,Utilities,-0.042899999999999994,-0.1909,0.13208366402116403
2021-10-15,Comm,0.40364999999999995,-0.0017416666666666598,0.09433144049336907
2021-10-15,Consumer,0.43391111111111114,0.2595877976190476,0.13658698722937115
2021-10-15,Energy,0.173063,0.185225,0.10928443972033258
2021-10-15,Financials,0.2152540873015873,0.28640611904761903,0.10462700627943484
2021-10-15,Healthcare,0.13325,0.0,0.10234890533364342
2021-10-15,Industrials,0.2022625,0.24571666666666667,0.10430698412698411
2021-10-15,Materials,0.148,-0.12765,0.05068495653817083
2021-10-15,RealEstate,0.1514,0.10780555555555556,0.14765403439153438
2021-10-15,Tech,0.160025,0.066945,0.11231449650415724
2021-10-15,Utilities,0.2772,-0.042899999999999994,0.10390509259259259
2021-10-18,Comm,0.28504999999999997,0.40364999999999995,0.11319810716003573
2021-10-18,Consumer,0.06883617424242423,0.43391111111111114,0.15830723061561455
2021-10-18,Energy,0.09308,0.173063,0.11926616987906274
2021-10-18,Financials,0.03196966666666666,0.2152540873015873,0.10906767710331995
2021-10-18,Healthcare,0.23418085714285714,0.13325,0.09739414342888152
2021-10-18,Industrials,0.15556666666666666,0.2022625,0.1107488492063492
2021-10-18,Materials,0.31245,0.148,0.05068495653817083
2021-10-18,RealEstate,0.0,0.1514,0.15374451058201058
2021-10-18,Tech,0.07923111904761904,0.160025,0.11038029015495085
2021-10-18,Utilities,0.16975,0.2772,0.10900033068783069
2021-10-19,Comm,0.08238333333333334,0.28504999999999997,0.12366218879268878
2021-10-19,Consumer,0.044297395833333336,0.06883617424242423,0.14937006430969824
2021-10-19,Energy,0.23352599999999998,0.09308,0.11643505876795163
2021-10-19,Financials,-0.21573333333333333,0.03196966666666666,0.10404591519855806
2021-10-19,Healthcare,-0.03730357142857143,0.23418085714285714,0.10691299376901757
2021-10-19,Industrials,0.11291111111111111,0.15556666666666666,0.11815678571428571
2021-10-19,Materials,0.0,0.31245,0.05540638510959941
2021-10-19,RealEstate,0.1909,0.0,0.15374451058201058
2021-10-19,Tech,0.2747116666666667,0.07923111904761904,0.11436494661753592
2021-10-19,Utilities,0.03612,0.16975,0.132236044973545
2021-10-20,Comm,0.10126666666666667,0.08238333333333334,0.11313722486772486
2021-10-20,Consumer,0.228825,0.044297395833333336,0.14360029195011337
2021-10-20,Energy,0.14030277777777778,0.23352599999999998,0.12434409448223734
2021-10-20,Financials,-0.0380875,-0.21573333333333333,0.09801884036862608
2021-10-20,Healthcare,0.06966399999999999,-0.03730357142857143,0.10180561735178402
2021-10-20,Industrials,0.03675000000000001,0.11291111111111111,0.12368410052910053
2021-10-20,Materials,-0.0222375,0.0,0.047929599395313695
2021-10-20,RealEstate,0.125,0.1909,0.15934748677248678
2021-10-20,Tech,0.13825333333333334,0.2747116666666667,0.1134967720143613
2021-10-20,Utilities,0.30424666666666667,0.03612,0.12587390211640212
2021-10-21,Comm,-0.01299357142857142,0.10126666666666667,0.11306262169312169
2021-10-21,Consumer,0.003927,0.228825,0.14915391628873773
2021-10-21,Energy,0.09862708333333334,0.14030277777777778,0.12511041723356012
2021-10-21,Financials,0.024579285714285713,-0.0380875,0.09719453084481655
2021-10-21,Healthcare,0.24110499999999999,0.06966399999999999,0.09785945862162529
2021-10-21,Industrials,0.06555,0.03675000000000001,0.12723013227513227
2021-10-21,Materials,0.11114791666666668,-0.0222375,0.046870670823885116
2021-10-21,RealEstate,0.164,0.125,0.15720462962962964
2021-10-21,Tech,0.087662,0.13825333333333334,0.11478636952003023
2021-10-21,Utilities,0.0,0.30424666666666667,0.12016898148148147
2021-10-22,Comm,0.24459166666666668,-0.01299357142857142,0.10483511829176116
2021-10-22,Consumer,0.08992666666666668,0.003927,0.13777028136810282
2021-10-22,Energy,0.1351022857142857,0.09862708333333334,0.12505964342403628
2021-10-22,Financials,-0.12394166666666667,0.024579285714285713,0.0922650297110297
2021-10-22,Healthcare,0.044094999999999995,0.24110499999999999,0.11254350624067291
2021-10-22,Industrials,0.10415,0.06555,0.1286039417989418
2021-10-22,Materials,0.13396666666666665,0.11114791666666668,0.05041009542705973
2021-10-22,RealEstate,0.7184,0.164,0.15778915343915342
2021-10-22,Tech,0.25826777777777776,0.087662,0.11510748063114135
2021-10-22,Utilities,0.3538,0.0,0.09199279100529101
2021-10-25,Comm,0.46004500000000004,0.24459166666666668,0.11445424527588813
2021-10-25,Consumer,0.11121433333333333,0.08992666666666668,0.1314937507558579
2021-10-25,Energy,0.18172430555555555,0.1351022857142857,0.12319538718820862
2021-10-25,Financials,0.008700833333333335,-0.12394166666666667,0.08596971225071226
2021-10-25,Healthcare,0.041537500000000005,0.044094999999999995,0.10160017290733958
2021-10-25,Industrials,0.03767916666666668,0.10415,0.11784362433862434
2021-10-25,Materials,0.12478333333333334,0.13396666666666665,0.056789460506424805
2021-10-25,RealEstate,0.10115,0.7184,0.19199867724867722
2021-10-25,Tech,-0.028914583333333327,0.25826777777777776,0.1253465017951625
2021-10-25,Utilities,0.3654,0.3538,0.0908035052910053
2021-10-26,Comm,0.2707571428571428,0.46004500000000004,0.13223892781557067
2021-10-26,Consumer,0.023364,0.11121433333333333,0.13521531127173092
2021-10-26,Energy,0.25594285714285714,0.18172430555555555,0.1357997191987906
2021-10-26,Financials,0.16320416666666665,0.008700833333333335,0.07941260907610907
2021-10-26,Healthcare,-0.07435833333333335,0.041537500000000005,0.1053333078279745
2021-10-26,Industrials,0.06929833333333332,0.03767916666666668,0.11862199735449737
2021-10-26,Materials,-0.038275,0.12478333333333334,0.06273152399848829
2021-10-26,RealEstate,0.1957,0.10115,0.19681534391534392
2021-10-26,Tech,0.09469119047619048,-0.028914583333333327,0.11562580735071808
2021-10-26,Utilities,0.1366,0.3654,0.1082035052910053
2021-10-27,Comm,0.28475,0.2707571428571428,0.13587795842781555
2021-10-27,Consumer,0.20314083333333333,0.023364,0.1302687897297808
2021-10-27,Energy,0.021904285714285716,0.25594285714285714,0.14781498752834468
2021-10-27,Financials,0.049947023809523816,0.16320416666666665,0.08003028367928368
2021-10-27,Healthcare,0.1569267857142857,-0.07435833333333335,0.08924029195495861
2021-10-27,Industrials,0.01379166666666666,0.06929833333333332,0.1193757275132275
2021-10-27,Materials,0.26335,-0.038275,0.056124381141345436
2021-10-27,RealEstate,0.151725,0.1957,0.19438597883597883
2021-10-27,Tech,0.040735654761904765,0.09469119047619048,0.11138918150037792
2021-10-27,Utilities,0.0734,0.1366,0.10020291005291006
2021-10-28,Comm,0.0930125,0.28475,0.14276972033257745
2021-10-28,Consumer,-0.0008145833333333338,0.20314083333333333,0.13493962306311413
2021-10-28,Energy,0.10378541666666666,0.021904285714285716,0.14849868367346938
2021-10-28,Financials,0.2464625,0.049947023809523816,0.07019705805570091
2021-10-28,Healthcare,0.10892876923076922,0.1569267857142857,0.0881119801635754
2021-10-28,Industrials,0.1777822727272727,0.01379166666666666,0.10637374338624339
2021-10-28,Materials,0.02406666666666667,0.26335,0.06866485733182162
2021-10-28,RealEstate,0.17081666666666664,0.151725,0.17653002645502647
2021-10-28,Tech,0.25319,0.040735654761904765,0.10612687934618294
2021-10-28,Utilities,-0.13874999999999998,0.0734,0.10439656084656085
2021-10-29,Comm,0.230325,0.0930125,0.15042507747543463
2021-10-29,Consumer,0.07475479166666665,-0.0008145833333333338,0.12369434528533636
2021-10-29,Energy,0.34194722222222224,0.10378541666666666,0.1520562091836735
2021-10-29,Financials,0.21810916666666666,0.2464625,0.080979796150939
2021-10-29,Healthcare,0.011125787815126046,0.10892876923076922,0.08004469933329457
2021-10-29,Industrials,0.021016666666666666,0.1777822727272727,0.10480385161135161
2021-10-29,Materials,0.0,0.02406666666666667,0.06981088907785338
2021-10-29,RealEstate,0.16892222222222222,0.17081666666666664,0.18466415343915343
2021-10-29,Tech,0.075685,0.25319,0.10803203807634165
2021-10-29,Utilities,0.2732,-0.13874999999999998,0.08524894179894181
2021-11-01,Comm,0.12747500000000003,0.230325,0.15646785525321238
2021-11-01,Consumer,0.10802833333333335,0.07475479166666665,0.12318235123771731
2021-11-01,Energy,0.10728645833333333,0.34194722222222224,0.16361306103552534
2021-11-01,Financials,0.23003625,0.21810916666666666,0.08773826440490727
2021-11-01,Healthcare,0.2846013333333334,0.011125787815126046,0.080360808276872
2021-11-01,Industrials,0.21230000000000002,0.021016666666666666,0.09751139129389129
2021-11-01,Materials,0.0,0.0,0.05989184145880576
2021-11-01,RealEstate,0.0,0.16892222222222222,0.1783223544973545
2021-11-01,Tech,0.25267833333333334,0.075685,0.10356124442554801
2021-11-01,Utilities,0.2936,0.2732,0.10459285714285714
2021-11-02,Comm,0.23997000000000002,0.12747500000000003,0.1527398790627362
2021-11-02,Consumer,0.18696400000000002,0.10802833333333335,0.11924800883408919
2021-11-02,Energy,0.0015111111111111113,0.10728645833333333,0.15744932095616027
2021-11-02,Financials,0.037452678571428574,0.23003625,0.08840491123030408
2021-11-02,Healthcare,0.13781666666666667,0.2846013333333334,0.0891945578359549
2021-11-02,Industrials,0.04098333333333334,0.21230000000000002,0.09758520081770083
2021-11-02,Materials,-0.14806704545454544,0.0,0.05989184145880576
2021-11-02,RealEstate,0.033716666666666666,0.0,0.1783223544973545
2021-11-02,Tech,0.15081666666666665,0.25267833333333334,0.12377287934618295
2021-11-02,Utilities,0.0,0.2936,0.11857380952380953
2021-11-03,Comm,0.1210305,0.23997000000000002,0.16330321239606954
2021-11-03,Consumer,0.17677380952380953,0.18696400000000002,0.11936577527399847
2021-11-03,Energy,0.033133333333333334,0.0015111111111111113,0.1471804056122449
2021-11-03,Financials,0.166075,0.037452678571428574,0.08802164592418164
2021-11-03,Healthcare,0.09956666666666665,0.13781666666666667,0.08784168482008188
2021-11-03,Industrials,0.09038333333333333,0.04098333333333334,0.09377809764309764
2021-11-03,Materials,0.0,-0.14806704545454544,0.05284102977049407
2021-11-03,RealEstate,0.0,0.033716666666666666,0.17992791005291006
2021-11-03,Tech,0.20185400000000003,0.15081666666666665,0.1231470743575208
2021-11-03,Utilities,0.01811666666666668,0.0,0.12518492063492065
2021-11-04,Comm,0.13950533333333331,0.1210305,0.1693356171579743
2021-11-04,Consumer,0.10844666666666666,0.17677380952380953,0.12881094080687833
2021-11-04,Energy,0.19084791666666667,0.033133333333333334,0.13846961196145124
2021-11-04,Financials,0.22290000000000001,0.166075,0.09368236020989593
2021-11-04,Healthcare,0.13043257575757575,0.09956666666666665,0.09250474037563743
2021-11-04,Industrials,-0.06159999999999999,0.09038333333333333,0.09690746272246271
2021-11-04,Materials,0.0,0.0,0.053168013897478196
2021-11-04,RealEstate,0.1275,0.0,0.17992791005291006
2021-11-04,Tech,0.2003686944634313,0.20185400000000003,0.1261420267384732
2021-11-04,Utilities,0.08942499999999999,0.01811666666666668,0.12279523809523811
2021-11-05,Comm,0.201925,0.13950533333333331,0.17470868858654573
2021-11-05,Consumer,0.27509,0.10844666666666666,0.12602392493386244
2021-11-05,Energy,0.2259972222222222,0.19084791666666667,0.13624490958049887
2021-11-05,Financials,0.12763333333333335,0.22290000000000001,0.09728632846386417
2021-11-05,Healthcare,0.35311111111111115,0.13043257575757575,0.0950454450413421
2021-11-05,Industrials,0.39923333333333333,-0.06159999999999999,0.10535674843674843
2021-11-05,Materials,0.07024999999999999,0.0,0.04502984307359308
2021-11-05,RealEstate,0.0,0.1275,0.16836719576719578
2021-11-05,Tech,-0.023136666666666656,0.2003686944634313,0.13246764909387465
2021-11-05,Utilities,0.18638333333333335,0.08942499999999999,0.12705357142857143
2021-11-08,Comm,-0.15794666666666668,0.201925,0.17305075207860923
2021-11-08,Consumer,0.09303066666666666,0.27509,0.137847853505291
2021-11-08,Energy,0.14157866666666669,0.2259972222222222,0.14158675009448224
2021-11-08,Financials,-0.0173375,0.12763333333333335,0.1003942014797372
2021-11-08,Healthcare,0.14769092307692305,0.35311111111111115,0.10524576250165955
2021-11-08,Industrials,0.01187083333333333,0.39923333333333333,0.12436785954785953
2021-11-08,Materials,0.23564000000000002,0.07024999999999999,0.03826555735930737
2021-11-08,RealEstate,0.0166,0.0,0.16836719576719578
2021-11-08,Tech,0.063098,-0.023136666666666656,0.13187788718911275
2021-11-08,Utilities,0.09106666666666667,0.18638333333333335,0.11240992063492064
2021-11-09,Comm,0.131675,-0.15794666666666668,0.16324495842781556
2021-11-09,Consumer,0.12772499999999998,0.09303066666666666,0.13772133763227515
2021-11-09,Energy,0.072735,0.14157866666666669,0.14512706075207862
2021-11-09,Financials,0.017341666666666665,-0.0173375,0.09277241576545148
2021-11-09,Healthcare,0.11892916666666668,0.14769092307692305,0.10889956307146012
2021-11-09,Industrials,0.0876828125,0.01187083333333333,0.12027004208754208
2021-11-09,Materials,0.296,0.23564000000000002,0.04067698593073594
2021-11-09,RealEstate,0.32257499999999995,0.0166,0.14490291005291006
2021-11-09,Tech,0.10620833333333335,0.063098,0.13203329988752546
2021-11-09,Utilities,-0.015749999999999993,0.09106666666666667,0.11674642857142856
2021-11-10,Comm,-0.10265555555555557,0.131675,0.16063027588813303
2021-11-10,Consumer,0.13460717948717948,0.12772499999999998,0.13880206531728853
2021-11-10,Energy,-0.069,0.072735,0.14652475916477703
2021-11-10,Financials,-0.012511666666666671,0.017341666666666665,0.08581582671957672
2021-11-10,Healthcare,-0.0815,0.11892916666666668,0.11222837870027574
2021-11-10,Industrials,-0.12043958333333338,0.0876828125,0.10209303315897067
2021-11-10,Materials,0.4514666666666667,0.296,0.04577698593073594
2021-11-10,RealEstate,0.0,0.32257499999999995,0.15547910052910052
2021-11-10,Tech,0.09087277777777779,0.10620833333333335,0.13265062792985352
2021-11-10,Utilities,0.0,-0.015749999999999993,0.10857182539682542
2021-11-11,Comm,0.13193333333333335,-0.10265555555555557,0.14130461451247164
2021-11-11,Consumer,0.030333600000000006,0.13460717948717948,0.134847079816678
2021-11-11,Energy,0.045579999999999996,-0.069,0.13736920360922145
2021-11-11,Financials,0.036383000000000006,-0.012511666666666671,0.08453481481481481
2021-11-11,Healthcare,0.19598666666666667,-0.0815,0.09764334468667031
2021-11-11,Industrials,0.16726875,-0.12043958333333338,0.09635781490500242
2021-11-11,Materials,-0.10115,0.4514666666666667,0.0866920652958153
2021-11-11,RealEstate,0.26713333333333333,0.0,0.15547910052910052
2021-11-11,Tech,0.23189924242424242,0.09087277777777779,0.12679555385577942
2021-11-11,Utilities,-0.0043,0.0,0.10857182539682542
2021-11-12,Comm,0.041150000000000006,0.13193333333333335,0.15590514361300073
2021-11-12,Consumer,-0.015451428571428566,0.030333600000000006,0.13247475124524946
2021-11-12,Energy,0.0,0.045579999999999996,0.12923333059334846
2021-11-12,Financials,0.0,0.036383000000000006,0.07975443386243386
2021-11-12,Healthcare,0.14674375,0.19598666666666667,0.11027556690889252
2021-11-12,Industrials,0.3410125,0.16726875,0.09857894585738336
2021-11-12,Materials,0.13597777777777778,-0.10115,0.08255912878787879
2021-11-12,RealEstate,0.2294,0.26713333333333333,0.1434925925925926
2021-11-12,Tech,0.093175,0.23189924242424242,0.13214964476487032
2021-11-12,Utilities,0.4215,-0.0043,0.11745753968253968
2021-11-15,Comm,0.129412,0.041150000000000006,0.15794760393046106
2021-11-15,Consumer,-0.02384780701754386,-0.015451428571428566,0.11937764523617915
2021-11-15,Energy,0.02198958333333334,0.0,0.12041309249811036
2021-11-15,Financials,0.26399285714285714,0.0,0.06611604724111866
2021-11-15,Healthcare,0.12512083333333335,0.14674375,0.11726336452794014
2021-11-15,Industrials,0.28321875,0.3410125,0.10311684268278018
2021-11-15,Materials,0.31845,0.13597777777777778,0.09511283249158249
2021-11-15,RealEstate,0.13039777777777775,0.2294,0.14928280423280424
2021-11-15,Tech,0.16868333333333332,0.093175,0.13339869238391794
2021-11-15,Utilities,0.5260833333333333,0.4215,0.13957182539682542
2021-11-16,Comm,0.025374999999999998,0.129412,0.1448886515495087
2021-11-16,Consumer,0.14176942934782608,-0.02384780701754386,0.09757960151576701
2021-11-16,Energy,-0.028440000000000014,0.02198958333333334,0.11321912027588812
2021-11-16,Financials,0.144544,0.26399285714285714,0.0684369410430839
2021-11-16,Healthcare,0.14749333333333334,0.12512083333333335,0.11687626135333698
2021-11-16,Industrials,0.08808125,0.28321875,0.1069719022065897
2021-11-16,Materials,0.09209999999999999,0.31845,0.10322949915824917
2021-11-16,RealEstate,0.0,0.13039777777777775,0.14828269841269842
2021-11-16,Tech,0.2203723484848485,0.16868333333333332,0.13381099397121954
2021-11-16,Utilities,0.11315,0.5260833333333333,0.1514234126984127
2021-11-17,Comm,-0.003999999999999999,0.025374999999999998,0.13252317535903252
2021-11-17,Consumer,0.2867257142857143,0.14176942934782608,0.1010526136636433
2021-11-17,Energy,0.026964285714285715,-0.028440000000000014,0.10743245360922146
2021-11-17,Financials,0.005269323308270675,0.144544,0.07379762358276644
2021-11-17,Healthcare,0.30110833333333337,0.14749333333333334,0.11274828402907396
2021-11-17,Industrials,0.09074166666666666,0.08808125,0.10375831093674844
2021-11-17,Materials,-0.0511,0.09209999999999999,0.09273664201539203
2021-11-17,RealEstate,0.050575,0.0,0.14828269841269842
2021-11-17,Tech,0.04954183006535948,0.2203723484848485,0.1405320048968019
2021-11-17,Utilities,0.31845,0.11315,0.1487281746031746
2021-11-18,Comm,0.09115,-0.003999999999999999,0.12840968329554045
2021-11-18,Consumer,0.13585857142857144,0.2867257142857143,0.11259681930423286
2021-11-18,Energy,-0.02236666666666667,0.026964285714285715,0.09759618150037792
2021-11-18,Financials,0.2992,0.005269323308270675,0.08432155961331901
2021-11-18,Healthcare,-0.045325000000000004,0.30110833333333337,0.1288631366367837
2021-11-18,Industrials,0.13674999999999998,0.09074166666666666,0.10270262310606061
2021-11-18,Materials,0.0,-0.0511,0.09030330868205869
2021-11-18,RealEstate,0.3968333333333333,0.050575,0.14160055555555554
2021-11-18,Tech,0.0751326765188834,0.04954183006535948,0.12980963172531107
2021-11-18,Utilities,0.09866666666666667,0.31845,0.16217246031746033
2021-11-19,Comm,0.0540625,0.09115,0.1279279372637944
2021-11-19,Consumer,0.086488,0.13585857142857144,0.10816984651511721
2021-11-19,Energy,-0.06586746031746032,-0.02236666666666667,0.08985001747921391
2021-11-19,Financials,0.18721866666666664,0.2992,0.10038286913712853
2021-11-19,Healthcare,0.1625125,-0.045325000000000004,0.12338746997011703
2021-11-19,Industrials,-0.22212500000000002,0.13674999999999998,0.10746452786796537
2021-11-19,Materials,0.0,0.0,0.09136223725348726
2021-11-19,RealEstate,0.0,0.3968333333333333,0.154545
2021-11-19,Tech,0.11994342105263157,0.0751326765188834,0.12680388616271823
2021-11-19,Utilities,0.29295,0.09866666666666667,0.15238293650793652
2021-11-22,Comm,0.16104583333333333,0.0540625,0.13112108352229782
2021-11-22,Consumer,0.11859752380952382,0.086488,0.1121013227055934
2021-11-22,Energy,0.0018916666666666665,-0.06586746031746032,0.08201694397203327
2021-11-22,Financials,0.30622499999999997,0.18721866666666664,0.1081276015634324
2021-11-22,Healthcare,-0.11719017857142856,0.1625125,0.11964496997011703
2021-11-22,Industrials,0.11390625,-0.22212500000000002,0.09376571834415584
2021-11-22,Materials,0.25709499999999996,0.0,0.08606947931697932
2021-11-22,RealEstate,0.24995833333333334,0.0,0.14673547619047617
2021-11-22,Tech,0.18750116666666666,0.11994342105263157,0.128341096689034
2021-11-22,Utilities,0.17057777777777774,0.29295,0.1663329365079365
2021-11-23,Comm,0.13581400000000002,0.16104583333333333,0.12714271050642478
2021-11-23,Consumer,0.15613958333333333,0.11859752380952382,0.11346660161715805
2021-11-23,Energy,0.291305,0.0018916666666666665,0.07567358116024188
2021-11-23,Financials,0.03496125,0.30622499999999997,0.12861172854755937
2021-11-23,Healthcare,0.18705,-0.11719017857142856,0.11196472337147757
2021-11-23,Industrials,0.1144,0.11390625,0.09423030167748918
2021-11-23,Materials,0.12695,0.25709499999999996,0.0919327332852333
2021-11-23,RealEstate,0.0,0.24995833333333334,0.12442873015873016
2021-11-23,Tech,0.33617600000000003,0.18750116666666666,0.1249712580646954
2021-11-23,Utilities,0.0,0.17057777777777774,0.1576080687830688
2021-11-24,Comm,0.16170625,0.13581400000000002,0.11170313907785336
2021-11-24,Consumer,0.06698333333333333,0.15613958333333333,0.11560589923620566
2021-11-24,Energy,0.030355555555555556,0.291305,0.08089170946712018
2021-11-24,Financials,0.08745,0.03496125,0.1298622245793054
2021-11-24,Healthcare,-0.1931333333333333,0.18705,0.11889389003814424
2021-11-24,Industrials,0.0,0.1144,0.0978836746933622
2021-11-24,Materials,0.0,0.12695,0.0920359078884079
2021-11-24,RealEstate,0.296,0.0,0.11961206349206346
2021-11-24,Tech,-0.031169444444444437,0.33617600000000003,0.14235652393771125
2021-11-24,Utilities,0.34,0.0,0.1402080687830688
2021-11-26,Comm,0.08984666666666666,0.16170625,0.10651023941798943
2021-11-26,Consumer,0.27336733333333335,0.06698333333333333,0.11768301034731679
2021-11-26,Energy,-0.044425000000000006,0.030355555555555556,0.070149457010582
2021-11-26,Financials,-0.07245966666666667,0.08745,0.12625488330946416
2021-11-26,Healthcare,-0.11765555555555557,-0.1931333333333333,0.11323793765719187
2021-11-26,Industrials,0.04,0.0,0.09458375405844155
2021-11-26,Materials,0.0,0.0,0.09385852693602693
2021-11-26,RealEstate,0.31845,0.296,0.12438825396825395
2021-11-26,Tech,-0.037750000000000006,-0.031169444444444437,0.13636316037006196
2021-11-26,Utilities,0.0,0.34,0.14989378306878307
2021-11-29,Comm,-0.22576666666666667,0.08984666666666666,0.09722912830687831
2021-11-29,Consumer,0.04122575757575757,0.27336733333333335,0.12102712939493583
2021-11-29,Energy,-0.0668,-0.044425000000000006,0.06699091959561601
2021-11-29,Financials,0.018380416666666666,-0.07245966666666667,0.12042599328678841
2021-11-29,Healthcare,0.12617147435897436,-0.11765555555555557,0.10016258807291369
2021-11-29,Industrials,0.025325,0.04,0.09583176993145742
2021-11-29,Materials,0.0,0.0,0.08131805074555075
2021-11-29,RealEstate,0.052075,0.31845,0.13232753968253969
2021-11-29,Tech,0.12805257142857143,-0.037750000000000006,0.1326257482385427
2021-11-29,Utilities,0.23775000000000002,0.0,0.146398544973545
2021-11-30,Comm,0.10051666666666666,-0.22576666666666667,0.082049167989418
2021-11-30,Consumer,0.23822583333333333,0.04122575757575757,0.12302905039060683
2021-11-30,Energy,-0.029681250000000034,-0.0668,0.05886780451625094
2021-11-30,Financials,0.18396833333333334,0.018380416666666666,0.10956494169948681
2021-11-30,Healthcare,0.09612380952380954,0.12617147435897436,0.10098366926949491
2021-11-30,Industrials,0.10711666666666668,0.025325,0.0885718998015873
2021-11-30,Materials,0.201625,0.0,0.080172018999519
2021-11-30,RealEstate,0.0,0.052075,0.1266731746031746
2021-11-30,Tech,0.02141722222222222,0.12805257142857143,0.12666682306847465
2021-11-30,Utilities,0.292825,0.23775000000000002,0.16432711640211642
2021-12-01,Comm,0.24037916666666667,0.10051666666666666,0.07586781878306878
2021-12-01,Consumer,-0.080848,0.23822583333333333,0.13081338570806714
2021-12-01,Energy,0.21672333333333332,-0.029681250000000034,0.041171210600907025
2021-12-01,Financials,-0.029818749999999998,0.18396833333333334,0.10793918773123286
2021-12-01,Healthcare,-0.11163333333333333,0.09612380952380954,0.10503119411276557
2021-12-01,Industrials,-0.14498333333333333,0.10711666666666668,0.0926718998015873
2021-12-01,Materials,-0.1998,0.201625,0.08977320947570948
2021-12-01,RealEstate,0.10115,0.0,0.11862925925925924
2021-12-01,Tech,-0.06669999999999998,0.02141722222222222,0.12408264317429478
2021-12-01,Utilities,0.045533333333333335,0.292825,0.1652616402116402
2021-12-02,Comm,-0.064,0.24037916666666667,0.08124420767195767
2021-12-02,Consumer,0.20355446428571428,-0.080848,0.12181927459695602
2021-12-02,Energy,0.11395873015873015,0.21672333333333332,0.04638249036281179
2021-12-02,Financials,-0.008119166666666655,-0.029818749999999998,0.09556514011218524
2021-12-02,Healthcare,-0.15028333333333332,-0.11163333333333333,0.0861628766524481
2021-12-02,Industrials,-0.0042499999999999994,-0.14498333333333333,0.07565840773809523
2021-12-02,Materials,-0.23701111111111114,-0.1998,0.08025892376142377
2021-12-02,RealEstate,0.47250000000000003,0.10115,0.12344592592592592
2021-12-02,Tech,0.17711696969696972,-0.06669999999999998,0.10887415111080272
2021-12-02,Utilities,0.0,0.045533333333333335,0.1534489417989418
2021-12-03,Comm,-0.022783333333333336,-0.064,0.06676944576719576
2021-12-03,Consumer,0.25743142857142853,0.20355446428571428,0.12260929670579956
2021-12-03,Energy,-0.009045833333333333,0.11395873015873015,0.05173713888888888
2021-12-03,Financials,0.00906499999999999,-0.008119166666666655,0.0933950522437045
2021-12-03,Healthcare,0.23316875,-0.15028333333333332,0.07244382903340048
2021-12-03,Industrials,0.21230000000000002,-0.0042499999999999994,0.07350443948412698
2021-12-03,Materials,-0.016108333333333332,-0.23701111111111114,0.07602349206349206
2021-12-03,RealEstate,-0.1404,0.47250000000000003,0.14434037037037037
2021-12-03,Tech,0.1792810267857143,0.17711696969696972,0.1101265464931981
2021-12-03,Utilities,0.4153,0.0,0.1534489417989418
2021-12-06,Comm,0.06302777777777778,-0.022783333333333336,0.05992116798941798
2021-12-06,Consumer,0.07901809523809526,0.25743142857142853,0.12645013570806712
2021-12-06,Energy,0.03752988095238095,-0.009045833333333333,0.04972860714285714
2021-12-06,Financials,0.03826166666666667,0.00906499999999999,0.08591838557703783
2021-12-06,Healthcare,0.17400722222222223,0.23316875,0.07880583300165445
2021-12-06,Industrials,0.2990433333333333,0.21230000000000002,0.07930999503968254
2021-12-06,Materials,0.119175,-0.016108333333333332,0.07525642857142857
2021-12-06,RealEstate,0.033716666666666666,-0.1404,0.13765465608465607
2021-12-06,Tech,0.15547971212121212,0.1792810267857143,0.10905164300680353
2021-12-06,Utilities,0.2612333333333333,0.4153,0.17236243386243386
2021-12-07,Comm,0.19829166666666667,0.06302777777777778,0.056279379629629624
2021-12-07,Consumer,-0.027633333333333343,0.07901809523809526,0.12504877516384946
2021-12-07,Energy,0.12199041666666666,0.03752988095238095,0.04242774829931972
2021-12-07,Financials,0.06895055555555556,0.03826166666666667,0.07712608398973624
2021-12-07,Healthcare,0.015422222222222224,0.17400722222222223,0.0808808161666376
2021-12-07,Industrials,0.169425,0.2990433333333333,0.09648348710317459
2021-12-07,Materials,0.0,0.119175,0.08093142857142857
2021-12-07,RealEstate,0.0,0.033716666666666666,0.13318878306878307
2021-12-07,Tech,0.18975738687782806,0.15547971212121212,0.10691407241907883
2021-12-07,Utilities,0.424975,0.2612333333333333,0.18054378306878305
2021-12-08,Comm,0.2553625,0.19829166666666667,0.056106363756613764
2021-12-08,Consumer,0.04672916666666667,-0.027633333333333343,0.11063337833845262
2021-12-08,Energy,0.16977083333333332,0.12199041666666666,0.037475043272864696
2021-12-08,Financials,-0.045172000000000004,0.06895055555555556,0.07433166600031826
2021-12-08,Healthcare,0.10704444444444446,0.015422222222222224,0.06480039288621431
2021-12-08,Industrials,-0.033874999999999995,0.169425,0.08554023313492062
2021-12-08,Materials,0.2202,0.0,0.07758619047619048
2021-12-08,RealEstate,0.011499999999999996,0.0,0.13318878306878307
2021-12-08,Tech,0.05381041666666666,0.18975738687782806,0.11705188449262618
2021-12-08,Utilities,-0.2732,0.424975,0.19190529100529097
2021-12-09,Comm,0.020958333333333332,0.2553625,0.07578775264550265
2021-12-09,Consumer,0.119395,0.04672916666666667,0.10842854500511927
2021-12-09,Energy,0.006031250000000002,0.16977083333333332,0.03881752739984882
2021-12-09,Financials,0.19018666666666667,-0.045172000000000004,0.07300621361936588
2021-12-09,Healthcare,0.013574999999999997,0.10704444444444446,0.06286484628466772
2021-12-09,Industrials,0.20421666666666663,-0.033874999999999995,0.08336186011904761
2021-12-09,Materials,0.19453,0.2202,0.07685095238095238
2021-12-09,RealEstate,0.3243,0.011499999999999996,0.1329459259259259
2021-12-09,Tech,0.13742472727272725,0.05381041666666666,0.11660961861961032
2021-12-09,Utilities,0.0,-0.2732,0.17455925925925925
2021-12-10,Comm,0.15510666666666667,0.020958333333333332,0.07051553042328042
2021-12-10,Consumer,0.026437499999999996,0.119395,0.10803187833845262
2021-12-10,Energy,0.26400666666666667,0.006031250000000002,0.03564115835222977
2021-12-10,Financials,0.0696775,0.19018666666666667,0.08123692790508016
2021-12-10,Healthcare,0.05132166666666667,0.013574999999999997,0.05784798120530265
2021-12-10,Industrials,0.1676166666666667,0.20421666666666663,0.08891109126984127
2021-12-10,Materials,0.34,0.19453,0.07201904761904762
2021-12-10,RealEstate,0.18130000000000002,0.3243,0.13302806878306878
2021-12-10,Tech,0.06850606060606061,0.13742472727272725,0.11809611356910525
2021-12-10,Utilities,0.296,0.0,0.17530925925925925
2021-12-13,Comm,0.040465,0.15510666666666667,0.08278992195767196
2021-12-13,Consumer,0.05103,0.026437499999999996,0.1028809412200155
2021-12-13,Energy,0.0707547619047619,0.26400666666666667,0.051498618669690084
2021-12-13,Financials,0.292502,0.0696775,0.08515069774635001
2021-12-13,Healthcare,0.21109166666666668,0.05132166666666667,0.06417282247514391
2021-12-13,Industrials,-0.03610833333333333,0.1676166666666667,0.10262805555555556
2021-12-13,Materials,0.0,0.34,0.06671111111111111
2021-12-13,RealEstate,0.013486666666666666,0.18130000000000002,0.1416614021164021
2021-12-13,Tech,0.08031590909090909,0.06850606060606061,0.1170310317990235
2021-12-13,Utilities,0.35165,0.296,0.18940449735449733
2021-12-14,Comm,0.07332222222222222,0.040465,0.07843428703703703
2021-12-14,Consumer,0.10391733333333333,0.05103,0.10386648407715834
2021-12-14,Energy,0.3198666666666667,0.0707547619047619,0.05269741685563113
2021-12-14,Financials,0.060083333333333336,0.292502,0.09734684060349286
2021-12-14,Healthcare,0.049760000000000006,0.21109166666666668,0.06489210818942961
2021-12-14,Industrials,0.1726625,-0.03610833333333333,0.09294343253968254
2021-12-14,Materials,0.24253333333333335,0.0,0.07152777777777779
2021-12-14,RealEstate,0.46525,0.013486666666666666,0.12958298941798943
2021-12-14,Tech,0.02925833333333333,0.08031590909090909,0.10981277783076952
2021-12-14,Utilities,0.1815,0.35165,0.20635449735449735
2021-12-15,Comm,0.12249,0.07332222222222222,0.07996629761904762
2021-12-15,Consumer,0.30734500000000003,0.10391733333333333,0.10955071083452797
2021-12-15,Energy,0.17346666666666666,0.3198666666666667,0.06792916288737716
2021-12-15,Financials,0.06062,0.060083333333333336,0.10020795171460398
2021-12-15,Healthcare,-0.018643749999999994,0.049760000000000006,0.060273834379905813
2021-12-15,Industrials,0.04408055555555556,0.1726625,0.08492676587301587
2021-12-15,Materials,0.22596666666666665,0.24253333333333335,0.07660185185185185
2021-12-15,RealEstate,0.16858333333333334,0.46525,0.1408139417989418
2021-12-15,Tech,0.20407466666666668,0.02925833333333333,0.10676912703711873
2021-12-15,Utilities,0.09106666666666667,0.1815,0.19492592592592595
2021-12-16,Comm,0.19804,0.12249,0.07963667857142857
2021-12-16,Consumer,0.3029625,0.30734500000000003,0.12532179688298245
2021-12-16,Energy,0.11608749999999998,0.17346666666666666,0.07514235733182162
2021-12-16,Financials,-0.07125375,0.06062,0.09052352994589649
2021-12-16,Healthcare,0.011853999999999998,-0.018643749999999994,0.05342790184022328
2021-12-16,Industrials,-0.027255,0.04408055555555556,0.0735392328042328
2021-12-16,Materials,0.05363333333333333,0.22596666666666665,0.0721978835978836
2021-12-16,RealEstate,0.07655,0.16858333333333334,0.14263230158730159
2021-12-16,Tech,0.08213541666666667,0.20407466666666668,0.1084544286244203
2021-12-16,Utilities,0.0,0.09106666666666667,0.17421084656084657
2021-12-17,Comm,-0.08777499999999999,0.19804,0.08785882142857143
2021-12-17,Consumer,0.10430390476190476,0.3029625,0.1329976573902288
2021-12-17,Energy,0.15038666666666667,0.11608749999999998,0.08202461923658351
2021-12-17,Financials,0.11059133333333335,-0.07125375,0.08024744661256315
2021-12-17,Healthcare,0.33908999999999995,0.011853999999999998,0.046968885967207406
2021-12-17,Industrials,0.04993285714285715,-0.027255,0.06804703042328042
2021-12-17,Materials,0.0,0.05363333333333333,0.07036613756613758
2021-12-17,RealEstate,0.11009999999999998,0.07655,0.14627753968253968
2021-12-17,Tech,-0.12269000000000001,0.08213541666666667,0.10187171758545926
2021-12-17,Utilities,0.0,0.0,0.16882275132275132
2021-12-20,Comm,0.19402,-0.08777499999999999,0.08386953571428572
2021-12-20,Consumer,0.12491312217194572,0.10430390476190476,0.1243109045557617
2021-12-20,Energy,0.0009222222222222317,0.15038666666666667,0.08790187547241117
2021-12-20,Financials,-0.07525454545454545,0.11059133333333335,0.08526278042328042
2021-12-20,Healthcare,0.11151933333333333,0.33908999999999995,0.04877753676085819
2021-12-20,Industrials,0.019167499999999983,0.04993285714285715,0.0661037537792895
2021-12-20,Materials,0.054266666666666664,0.0,0.0727994708994709
2021-12-20,RealEstate,0.144975,0.11009999999999998,0.14911206349206352
2021-12-20,Tech,0.022605000000000007,-0.12269000000000001,0.0936702018680612
2021-12-20,Utilities,0.2880666666666667,0.0,0.1536584656084656
2021-12-21,Comm,0.074,0.19402,0.08876810714285714
2021-12-21,Consumer,0.11262368421052632,0.12491312217194572,0.12378969268639858
2021-12-21,Energy,0.0,0.0009222222222222317,0.08901087018140588
2021-12-21,Financials,0.14662,-0.07525454545454545,0.0674316115921116
2021-12-21,Healthcare,0.16676285714285713,0.11151933333333333,0.05624631453863597
2021-12-21,Industrials,0.14756916666666667,0.019167499999999983,0.06050458711262283
2021-12-21,Materials,0.0,0.054266666666666664,0.07538359788359789
2021-12-21,RealEstate,0.3446,0.144975,0.13711880952380953
2021-12-21,Tech,0.1621288888888889,0.022605000000000007,0.09116888393859057
2021-12-21,Utilities,0.5794,0.2880666666666667,0.1626775132275132
2021-12-22,Comm,0.3649,0.074,0.0897175119047619
2021-12-22,Consumer,0.020054166666666675,0.11262368421052632,0.125034249077376
2021-12-22,Energy,0.06698333333333333,0.0,0.09214741591080876
2021-12-22,Financials,0.16549999999999998,0.14662,0.06549834175084175
2021-12-22,Healthcare,0.08831562500000001,0.16676285714285713,0.056448712497819645
2021-12-22,Industrials,0.335775,0.14756916666666667,0.07810907123960695
2021-12-22,Materials,0.0,0.0,0.07538359788359789
2021-12-22,RealEstate,0.0,0.3446,0.15352833333333335
2021-12-22,Tech,0.5457966666666667,0.1621288888888889,0.09317771574031711
2021-12-22,Utilities,0.0,0.5794,0.17631798941798943
2021-12-23,Comm,0.12422222222222222,0.3649,0.09942485317460317
2021-12-23,Consumer,0.0744225,0.020054166666666675,0.12034170826104947
2021-12-23,Energy,-0.015326666666666669,0.06698333333333333,0.09524701908541193
2021-12-23,Financials,0.09492999999999999,0.16549999999999998,0.05879715127465128
2021-12-23,Healthcare,0.21105372549019608,0.08831562500000001,0.06623470314407816
2021-12-23,Industrials,0.03322,0.335775,0.08867424981103553
2021-12-23,Materials,0.16787000000000002,0.0,0.06314097883597884
2021-12-23,RealEstate,0.0,0.0,0.14162555555555553
2021-12-23,Tech,0.12270833333333334,0.5457966666666667,0.11023940621650759
2021-12-23,Utilities,0.4576,0.0,0.1681952380952381
2021-12-27,Comm,0.2967625,0.12422222222222222,0.09887286375661375
2021-12-27,Consumer,0.060158333333333314,0.0744225,0.11645041857850981
2021-12-27,Energy,0.23013541666666665,-0.015326666666666669,0.080645511148904
2021-12-27,Financials,0.19610999999999998,0.09492999999999999,0.06165280603655604
2021-12-27,Healthcare,0.22869291666666666,0.21105372549019608,0.06737773769123034
2021-12-27,Industrials,0.268165,0.03322,0.08480853552532124
2021-12-27,Materials,-0.1027,0.16787000000000002,0.06508955026455027
2021-12-27,RealEstate,-0.031375,0.0,0.14162555555555553
2021-12-27,Tech,0.163495625,0.12270833333333334,0.10007427923238062
2021-12-27,Utilities,-0.10115,0.4576,0.18998571428571429
2021-12-28,Comm,0.07275,0.2967625,0.10530411375661375
2021-12-28,Consumer,0.10820125,0.060158333333333314,0.1161254185785098
2021-12-28,Energy,-0.05641111111111111,0.23013541666666665,0.09015883786848071
2021-12-28,Financials,0.12040000000000001,0.19610999999999998,0.06682709175084176
2021-12-28,Healthcare,0.12369999999999999,0.22869291666666666,0.08746470197694463
2021-12-28,Industrials,-0.06000833333333333,0.268165,0.09757829743008314
2021-12-28,Materials,0.1360125,-0.1027,0.06019907407407408
2021-12-28,RealEstate,0.21075,-0.031375,0.12603626984126984
2021-12-28,Tech,0.18943031818181819,0.163495625,0.10934404444402082
2021-12-28,Utilities,-0.01056666666666665,-0.10115,0.16897857142857142
2021-12-29,Comm,0.033716666666666666,0.07275,0.10448998677248676
2021-12-29,Consumer,0.07973645833333333,0.10820125,0.10826036699120822
2021-12-29,Energy,0.22915,-0.05641111111111111,0.08958807067271353
2021-12-29,Financials,-0.05865666666666667,0.12040000000000001,0.0760108854016354
2021-12-29,Healthcare,0.36819999999999997,0.12369999999999999,0.09895782367006631
2021-12-29,Industrials,0.13081666666666666,-0.06000833333333333,0.09281599584278155
2021-12-29,Materials,0.6369,0.1360125,0.06667585978835978
2021-12-29,RealEstate,0.15533333333333332,0.21075,0.12090769841269841
2021-12-29,Tech,0.12633944444444442,0.18943031818181819,0.1201621548336312
2021-12-29,Utilities,0.2197166666666667,-0.01056666666666665,0.16847539682539683
2021-12-30,Comm,0.1517133333333333,0.033716666666666666,0.11684633597883598
2021-12-30,Consumer,0.07742833333333334,0.07973645833333333,0.1100942098844261
2021-12-30,Energy,0.032231249999999996,0.22915,0.10368092781557066
2021-12-30,Financials,0.347375,-0.05865666666666667,0.07234245286195286
2021-12-30,Healthcare,0.1717922619047619,0.36819999999999997,0.11048299155773421
2021-12-30,Industrials,0.105375,0.13081666666666666,0.09783940854119426
2021-12-30,Materials,0.100475,0.6369,0.09700443121693123
2021-12-30,RealEstate,0.2364833333333333,0.15533333333333332,0.1258247619047619
2021-12-30,Tech,0.15874000000000002,0.12633944444444442,0.12008057735819659
2021-12-30,Utilities,0.429075,0.2197166666666667,0.16761666666666666
2021-12-31,Comm,0.02198888888888889,0.1517133333333333,0.1192842724867725
2021-12-31,Consumer,0.05556333333333334,0.07742833333333334,0.10243718607490229
2021-12-31,Energy,0.34495000000000003,0.032231249999999996,0.10662914210128495
2021-12-31,Financials,0.08067300000000001,0.347375,0.0801237227032227
2021-12-31,Healthcare,0.15055,0.1717922619047619,0.1140862511949224
2021-12-31,Industrials,0.0,0.105375,0.09775647203325774
2021-12-31,Materials,0.0,0.100475,0.09218776455026456
2021-12-31,RealEstate,0.04684999999999999,0.2364833333333333,0.13708587301587302
2021-12-31,Tech,0.2338704285714286,0.15874000000000002,0.12661975725237648
2021-12-31,Utilities,0.1366,0.429075,0.1741047619047619
2022-01-03,Comm,0.20378846153846153,0.02198888888888889,0.10888473544973543
2022-01-03,Consumer,0.0528665,0.05556333333333334,0.10893296385268007
2022-01-03,Energy,0.07005714285714286,0.34495000000000003,0.11273517384731668
2022-01-03,Financials,0.08370214285714285,0.08067300000000001,0.08538523460798461
2022-01-03,Healthcare,0.17695504761904762,0.15055,0.12657117182984304
2022-01-03,Industrials,0.24409,0.0,0.104660440287226
2022-01-03,Materials,0.10115,0.0,0.10170205026455029
2022-01-03,RealEstate,0.10615000000000001,0.04684999999999999,0.13450015873015872
2022-01-03,Tech,0.33599940476190476,0.2338704285714286,0.14093263480339688
2022-01-03,Utilities,0.07545,0.1366,0.17844126984126985
2022-01-04,Comm,0.26890000000000003,0.20378846153846153,0.12163656695156694
2022-01-04,Consumer,0.0,0.0528665,0.1017573465057413
2022-01-04,Energy,0.04521666666666667,0.07005714285714286,0.11064462207105062
2022-01-04,Financials,0.08620244444444444,0.08370214285714285,0.08975767791864221
2022-01-04,Healthcare,0.04162666666666667,0.17695504761904762,0.1421539518751945
2022-01-04,Industrials,0.164325,0.24409,0.11648615457294027
2022-01-04,Materials,0.0,0.10115,0.11780496031746032
2022-01-04,RealEstate,0.30722499999999997,0.10615000000000001,0.11705492063492062
2022-01-04,Tech,0.061587843137254905,0.33599940476190476,0.14849846504458428
2022-01-04,Utilities,0.20779999999999998,0.07545,0.18203412698412696
2022-01-05,Comm,0.22081666666666666,0.26890000000000003,0.13552624949124947
2022-01-05,Consumer,0.05369055555555556,0.0,0.08949870704995899
2022-01-05,Energy,0.15812222222222222,0.04521666666666667,0.1132285506424792
2022-01-05,Financials,0.16203250000000002,0.08620244444444444,0.09343088955885384
2022-01-05,Healthcare,-0.02543749999999999,0.04162666666666667,0.13303290028789294
2022-01-05,Industrials,0.11132222222222223,0.164325,0.11420163076341648
2022-01-05,Materials,0.09106666666666667,0.0,0.11857202380952382
2022-01-05,RealEstate,0.1468,0.30722499999999997,0.1383703968253968
2022-01-05,Tech,0.13513872727272727,0.061587843137254905,0.14289402772799095
2022-01-05,Utilities,0.20395000000000002,0.20779999999999998,0.1721531746031746
2022-01-06,Comm,0.259594,0.22081666666666666,0.1430400061050061
2022-01-06,Consumer,0.15405466666666667,0.05369055555555556,0.08829263373174281
2022-01-06,Energy,-0.03813999999999999,0.15812222222222222,0.11897104308390023
2022-01-06,Financials,0.07243,0.16203250000000002,0.09932473876520305
2022-01-06,Healthcare,0.31234,-0.02543749999999999,0.12353553256302521
2022-01-06,Industrials,0.033716666666666666,0.11132222222222223,0.10526253023431596
2022-01-06,Materials,0.23477777777777778,0.09106666666666667,0.11723353174603175
2022-01-06,RealEstate,0.19733333333333333,0.1468,0.14375531746031744
2022-01-06,Tech,0.15982,0.13513872727272727,0.14192540940187262
2022-01-06,Utilities,0.296,0.20395000000000002,0.16942539682539684
2022-01-07,Comm,0.133331,0.259594,0.14595916483516483
2022-01-07,Consumer,0.007654999999999995,0.15405466666666667,0.09694444325555233
2022-01-07,Energy,0.19563999999999998,-0.03813999999999999,0.11134578514739227
2022-01-07,Financials,0.08587916666666667,0.07243,0.09949042659589089
2022-01-07,Healthcare,0.1480388888888889,0.31234,0.137674474361967
2022-01-07,Industrials,0.07914625,0.033716666666666666,0.09880022864701435
2022-01-07,Materials,0.20095,0.23477777777777778,0.12841342592592594
2022-01-07,RealEstate,0.0,0.19733333333333333,0.15315214285714285
2022-01-07,Tech,-0.05661,0.15982,0.1404998195505475
2022-01-07,Utilities,0.14880000000000002,0.296,0.16328373015873016
2022-01-10,Comm,0.11034857142857142,0.133331,0.14014814102564102
2022-01-10,Consumer,0.08441433333333333,0.007654999999999995,0.09508376865237773
2022-01-10,Energy,0.22921222222222223,0.19563999999999998,0.11257765022675736
2022-01-10,Financials,0.1865315714285714,0.08587916666666667,0.10573095834192263
2022-01-10,Healthcare,0.22336666666666666,0.1480388888888889,0.1396265907640834
2022-01-10,Industrials,0.1759342857142857,0.07914625,0.10418219293272864
2022-01-10,Materials,0.148,0.20095,0.12749675925925927
2022-01-10,RealEstate,0.31845,0.0,0.1526045238095238
2022-01-10,Tech,0.0809375,-0.05661,0.13524170447118242
2022-01-10,Utilities,0.4137375,0.14880000000000002,0.18337896825396824
2022-01-11,Comm,0.080425,0.11034857142857142,0.14440481903017616
2022-01-11,Consumer,0.13477333333333336,0.08441433333333333,0.0934180226206317
2022-01-11,Energy,0.15405079365079363,0.22921222222222223,0.12320531557067271
2022-01-11,Financials,0.11200333333333332,0.1865315714285714,0.10555690618772762
2022-01-11,Healthcare,0.10112222222222222,0.22336666666666666,0.14961667012916277
2022-01-11,Industrials,0.088235,0.1759342857142857,0.10283541288737717
2022-01-11,Materials,0.0,0.148,0.12528104497354497
2022-01-11,RealEstate,-0.1769666666666667,0.31845,0.15232595238095237
2022-01-11,Tech,0.11937288888888889,0.0809375,0.13255183650581445
2022-01-11,Utilities,0.148,0.4137375,0.20308075396825398
2022-01-12,Comm,0.15800533333333333,0.080425,0.14084854918890632
2022-01-12,Consumer,0.11597333333333334,0.13477333333333336,0.09857687182698091
2022-01-12,Energy,0.24929479166666665,0.15405079365079363,0.11796932161753591
2022-01-12,Financials,0.20444772727272728,0.11200333333333332,0.10757242206074347
2022-01-12,Healthcare,0.10244666666666666,0.10112222222222222,0.1519881251556178
2022-01-12,Industrials,0.3119604166666667,0.088235,0.0990553335222978
2022-01-12,Materials,0.0,0.0,0.10909056878306878
2022-01-12,RealEstate,-0.06778125,-0.1769666666666667,0.13526563492063493
2022-01-12,Tech,0.14554,0.11937288888888889,0.13497406642404436
2022-01-12,Utilities,0.0,0.148,0.19603313492063495
2022-01-13,Comm,0.17099999999999999,0.15800533333333333,0.14644570791906505
2022-01-13,Consumer,0.255645,0.11597333333333334,0.1016694115095206
2022-01-13,Energy,0.14125766666666667,0.24929479166666665,0.12647122779667422
2022-01-13,Financials,0.13047952380952382,0.20444772727272728,0.10337936145468288
2022-01-13,Healthcare,0.11591100000000001,0.10244666666666666,0.14681455372704638
2022-01-13,Industrials,0.021233333333333326,0.3119604166666667,0.1156300359032502
2022-01-13,Materials,0.27615,0.0,0.10909056878306878
2022-01-13,RealEstate,0.11333333333333334,-0.06778125,0.1313957341269841
2022-01-13,Tech,0.22538711111111112,0.14554,0.13807997551495346
2022-01-13,Utilities,0.26381666666666664,0.0,0.1792878968253968
2022-01-14,Comm,0.0408,0.17099999999999999,0.15109703067038782
2022-01-14,Consumer,-0.029882500000000013,0.255645,0.10889453849364757
2022-01-14,Energy,0.15531750000000002,0.14125766666666667,0.11796603732048376
2022-01-14,Financials,0.09833298534798535,0.13047952380952382,0.10673156100116814
2022-01-14,Healthcare,0.20001000000000002,0.11591100000000001,0.149964601346094
2022-01-14,Industrials,0.23939444444444447,0.021233333333333326,0.10841912320483749
2022-01-14,Materials,0.20466666666666666,0.27615,0.11069136243386245
2022-01-14,RealEstate,0.09100000000000001,0.11333333333333334,0.1146377976190476
2022-01-14,Tech,0.20481952380952378,0.22538711111111112,0.1474194411234191
2022-01-14,Utilities,0.129225,0.26381666666666664,0.1832077380952381
2022-01-18,Comm,-0.048118081232493,0.0408,0.1472070306703878
2022-01-18,Consumer,0.032895820512820514,-0.029882500000000013,0.0928360861126952
2022-01-18,Energy,0.21999,0.15531750000000002,0.11710179128873774
2022-01-18,Financials,0.152250417794971,0.09833298534798535,0.1085274174463103
2022-01-18,Healthcare,0.14133233333333334,0.20001000000000002,0.1603766846794273
2022-01-18,Industrials,0.06635179487179486,0.23939444444444447,0.11771978458049888
2022-01-18,Materials,0.018375555555555555,0.20466666666666666,0.10967707671957673
2022-01-18,RealEstate,-0.0502375,0.09100000000000001,0.11094335317460317
2022-01-18,Tech,0.18140290476190474,0.20481952380952378,0.14745491051117415
2022-01-18,Utilities,0.38975333333333334,0.129225,0.18502480158730158
2022-01-19,Comm,0.06328333333333333,-0.048118081232493,0.13548521727836432
2022-01-19,Consumer,0.064398,0.032895820512820514,0.07997576804187713
2022-01-19,Energy,0.13234666666666667,0.21999,0.1220495293839758
2022-01-19,Financials,0.12486406679594915,0.152250417794971,0.11917047305559463
2022-01-19,Healthcare,0.049434000000000006,0.14133233333333334,0.16654231960006227
2022-01-19,Industrials,0.13188,0.06635179487179486,0.12217725100296528
2022-01-19,Materials,0.13952222222222221,0.018375555555555555,0.10799813492063493
2022-01-19,RealEstate,0.296,-0.0502375,0.10490585317460316
2022-01-19,Tech,0.17442541666666667,0.18140290476190474,0.15218193375380457
2022-01-19,Utilities,0.1315366666666667,0.38975333333333334,0.20358448412698413
2022-01-20,Comm,0.42268585858585855,0.06328333333333333,0.1426784712466183
2022-01-20,Consumer,0.10373746031746034,0.064398,0.0780754868627388
2022-01-20,Energy,0.13698020833333335,0.13234666666666667,0.12119048176492819
2022-01-20,Financials,0.13082880952380954,0.12486406679594915,0.11985012703000492
2022-01-20,Healthcare,0.03701533333333333,0.049434000000000006,0.15274917674291938
2022-01-20,Industrials,0.16089933333333334,0.13188,0.12607949590092446
2022-01-20,Materials,0.04425,0.13952222222222221,0.11464205026455028
2022-01-20,RealEstate,0.27708,0.296,0.11375823412698412
2022-01-20,Tech,0.22160061904761905,0.17442541666666667,0.16633028692840773
2022-01-20,Utilities,0.3859375,0.1315366666666667,0.20984813492063492
2022-01-21,Comm,0.24227500000000002,0.42268585858585855,0.1535673216554687
2022-01-21,Consumer,0.17677039215686274,0.10373746031746034,0.07706712201252522
2022-01-21,Energy,0.09697625000000001,0.13698020833333335,0.1276694334845049
2022-01-21,Financials,0.2109495238095238,0.13082880952380954,0.1296636201242123
2022-01-21,Healthcare,-0.07991866666666667,0.03701533333333333,0.14920136721910987
2022-01-21,Industrials,0.02202,0.16089933333333334,0.13282863082155938
2022-01-21,Materials,0.022766666666666668,0.04425,0.11416506613756613
2022-01-21,RealEstate,0.2862125,0.27708,0.12004894841269839
2022-01-21,Tech,0.10918674242424242,0.22160061904761905,0.17580626878781816
2022-01-21,Utilities,0.20318,0.3859375,0.21450865079365078
2022-01-24,Comm,0.13162333333333334,0.24227500000000002,0.16158041689356395
2022-01-24,Consumer,0.08680333333333333,0.17677039215686274,0.08012172715282695
2022-01-24,Energy,0.04217333333333334,0.09697625000000001,0.13228735015117157
2022-01-24,Financials,0.23237916666666666,0.2109495238095238,0.13272693078180864
2022-01-24,Healthcare,0.006001944444444447,-0.07991866666666667,0.13745462799008493
2022-01-24,Industrials,0.149028,0.02202,0.12685009907552766
2022-01-24,Materials,0.13701999999999998,0.022766666666666668,0.11524919312169311
2022-01-24,RealEstate,0.16029,0.2862125,0.11726859126984127
2022-01-24,Tech,0.15312506604506604,0.10918674242424242,0.17328521419426354
2022-01-24,Utilities,0.06109166666666666,0.20318,0.19659341269841268
2022-01-25,Comm,-0.0034541666666666644,0.13162333333333334,0.15047200419515128
2022-01-25,Consumer,0.07974366666666666,0.08680333333333333,0.08330025889885868
2022-01-25,Energy,0.1787725,0.04217333333333334,0.13110592157974302
2022-01-25,Financials,0.16253628571428572,0.23237916666666666,0.1359116530040309
2022-01-25,Healthcare,-0.07249583333333334,0.006001944444444447,0.13353492891601085
2022-01-25,Industrials,0.10481539969834089,0.149028,0.11795738478981337
2022-01-25,Materials,0.0502375,0.13701999999999998,0.12177395502645502
2022-01-25,RealEstate,0.35345000000000004,0.16029,0.12490144841269842
2022-01-25,Tech,0.030626333333333332,0.15312506604506604,0.15458656654561592
2022-01-25,Utilities,0.32624166666666665,0.06109166666666666,0.1995025396825397
2022-01-26,Comm,0.28685617647058825,-0.0034541666666666644,0.1443921761528232
2022-01-26,Consumer,0.11051176470588235,0.07974366666666666,0.08355364778774758
2022-01-26,Energy,0.16246611111111112,0.1787725,0.14034873904006046
2022-01-26,Financials,0.08993333333333334,0.16253628571428572,0.1391309999428064
2022-01-26,Healthcare,0.08167321428571428,-0.07249583333333334,0.12003256897203325
2022-01-26,Industrials,0.0781668115942029,0.10481539969834089,0.12136668953735341
2022-01-26,Materials,0.033716666666666666,0.0502375,0.11617240740740742
2022-01-26,RealEstate,0.1468,0.35345000000000004,0.1417324007936508
2022-01-26,Tech,0.06644259968102073,0.030626333333333332,0.15020170940275876
2022-01-26,Utilities,0.30034999999999995,0.32624166666666665,0.19324738095238092
2022-01-27,Comm,0.11984389880952381,0.28685617647058825,0.14392044646094646
2022-01-27,Consumer,0.01929738095238095,0.11051176470588235,0.08595143023405945
2022-01-27,Energy,0.08199115384615384,0.16246611111111112,0.13712639115646258
2022-01-27,Financials,0.1779895,0.08993333333333334,0.13407496819677464
2022-01-27,Healthcare,0.18564833333333336,0.08167321428571428,0.11303163076341646
2022-01-27,Industrials,0.21377374999999998,0.0781668115942029,0.11231915675612497
2022-01-27,Materials,0.11991749999999998,0.033716666666666666,0.12266843915343915
2022-01-27,RealEstate,0.30445,0.1468,0.1502169246031746
2022-01-27,Tech,0.12878164772727274,0.06644259968102073,0.14558013676852166
2022-01-27,Utilities,0.2808083333333333,0.30034999999999995,0.21236642857142857
2022-01-28,Comm,-0.142852,0.11984389880952381,0.1461630130709238
2022-01-28,Consumer,0.0005099999999999994,0.01929738095238095,0.0817179126603633
2022-01-28,Energy,0.18732934027777778,0.08199115384615384,0.14371697520204663
2022-01-28,Financials,0.10907421245421245,0.1779895,0.13681732533963178
2022-01-28,Healthcare,0.10758000000000001,0.18564833333333336,0.11598155139833712
2022-01-28,Industrials,0.1273485,0.21377374999999998,0.12535639881961702
2022-01-28,Materials,0.0,0.11991749999999998,0.12190201058201058
2022-01-28,RealEstate,0.013487499999999986,0.30445,0.15467882936507937
2022-01-28,Tech,0.1749627619047619,0.12878164772727274,0.14269210484211475
2022-01-28,Utilities,0.22712666666666664,0.2808083333333333,0.2262414285714286
2022-01-31,Comm,0.093698,-0.142852,0.13775498132489203
2022-01-31,Consumer,0.13369066666666668,0.0005099999999999994,0.0779452241682998
2022-01-31,Energy,0.145155,0.18732934027777778,0.14172551521527416
2022-01-31,Financials,0.05790333333333333,0.10907421245421245,0.14480451005967365
2022-01-31,Healthcare,0.13813385714285714,0.10758000000000001,0.10357107520786094
2022-01-31,Industrials,0.16099541666666667,0.1273485,0.12519124802596623
2022-01-31,Materials,-0.05643333333333333,0.0,0.09157343915343916
2022-01-31,RealEstate,0.42042999999999997,0.013487499999999986,0.14792426587301585
2022-01-31,Tech,0.09670966666666667,0.1749627619047619,0.14500750091165365
2022-01-31,Utilities,0.17562499999999998,0.22712666666666664,0.22659428571428575
2022-02-01,Comm,0.03691142857142857,0.093698,0.1349923464042571
2022-02-01,Consumer,-0.07741499999999998,0.13369066666666668,0.08062438289845854
2022-02-01,Energy,0.09360695652173914,0.145155,0.14710283664384557
2022-02-01,Financials,0.07575704761904761,0.05790333333333333,0.1310201449803086
2022-02-01,Healthcare,0.08748273504273504,0.13813385714285714,0.10196829402872261
2022-02-01,Industrials,-0.008865131578947368,0.16099541666666667,0.1278398392958075
2022-02-01,Materials,0.1013888888888889,-0.05643333333333333,0.08410161375661376
2022-02-01,RealEstate,0.28595,0.42042999999999997,0.15668363095238094
2022-02-01,Tech,0.12699370370370372,0.09670966666666667,0.14205367551482825
2022-02-01,Utilities,0.3771,0.17562499999999998,0.21452523809523807
2022-02-02,Comm,0.13944238095238096,0.03691142857142857,0.1357029435319971
2022-02-02,Consumer,-0.04913452380952379,-0.07741499999999998,0.07429208131115694
2022-02-02,Energy,0.13313799999999998,0.09360695652173914,0.1351341202877379
2022-02-02,Financials,0.252546,0.07575704761904761,0.13078605200978705
2022-02-02,Healthcare,0.03654304761904763,0.08748273504273504,0.09896509093551951
2022-02-02,Industrials,0.10822291666666667,-0.008865131578947368,0.12741769017300048
2022-02-02,Materials,0.11401666666666667,0.1013888888888889,0.08892965608465608
2022-02-02,RealEstate,0.1490875,0.28595,0.16806934523809525
2022-02-02,Tech,0.18780171179883945,0.12699370370370372,0.13696430766398424
2022-02-02,Utilities,0.2650666666666667,0.3771,0.22597761904761904
2022-02-03,Comm,0.20904238095238098,0.13944238095238096,0.13263884445646945
2022-02-03,Consumer,0.2271516666666667,-0.04913452380952379,0.06943488970117963
2022-02-03,Energy,0.075375,0.13313799999999998,0.13813797062787397
2022-02-03,Financials,0.17485333333333333,0.252546,0.13882623568325642
2022-02-03,Healthcare,0.10934499999999998,0.03654304761904763,0.0922788052212338
2022-02-03,Industrials,0.1491925,0.10822291666666667,0.12094782906188938
2022-02-03,Materials,-0.1468,0.11401666666666667,0.08954235449735451
2022-02-03,RealEstate,0.148,0.1490875,0.1701139880952381
2022-02-03,Tech,0.14016726984126984,0.18780171179883945,0.129907274665743
2022-02-03,Utilities,0.40759999999999996,0.2650666666666667,0.23500698412698412
2022-02-04,Comm,0.037856,0.20904238095238098,0.12978848164467807
2022-02-04,Consumer,0.08700666666666665,0.2271516666666667,0.08025163573292565
2022-02-04,Energy,0.10103499999999999,0.075375,0.13957408173898508
2022-02-04,Financials,0.09772142857142857,0.17485333333333333,0.14304770658272734
2022-02-04,Healthcare,-0.15523333333333333,0.10934499999999998,0.09550348776091633
2022-02-04,Industrials,0.3951666666666667,0.1491925,0.12022723382379416
2022-02-04,Materials,0.085,-0.1468,0.08255187830687831
2022-02-04,RealEstate,0.0,0.148,0.16253184523809525
2022-02-04,Tech,0.04717638888888889,0.14016726984126984,0.13364915212783898
2022-02-04,Utilities,0.262725,0.40759999999999996,0.24452126984126982
2022-02-07,Comm,0.18579466666666666,0.037856,0.12107606894626538
2022-02-07,Consumer,0.07478772727272727,0.08700666666666665,0.08183811721440713
2022-02-07,Energy,0.1113692857142857,0.10103499999999999,0.13685564258554592
2022-02-07,Financials,-0.0002858333333333324,0.09772142857142857,0.1399852746099382
2022-02-07,Healthcare,0.3094904761904762,-0.15523333333333333,0.08932273379266238
2022-02-07,Industrials,0.269025,0.3951666666666667,0.13374363594019625
2022-02-07,Materials,0.1591,0.085,0.08226298941798943
2022-02-07,RealEstate,0.0781125,0.0,0.15554136904761903
2022-02-07,Tech,0.08864738095238094,0.04717638888888889,0.12946046934765618
2022-02-07,Utilities,0.14033333333333334,0.262725,0.24732007936507938
2022-02-08,Comm,0.084515,0.18579466666666666,0.11756181497801142
2022-02-08,Consumer,0.15476884848484848,0.07478772727272727,0.07806350105279097
2022-02-08,Energy,0.24149749999999998,0.1113692857142857,0.1439751323814643
2022-02-08,Financials,0.15966466666666665,-0.0002858333333333324,0.13652261587977949
2022-02-08,Healthcare,0.16426607142857141,0.3094904761904762,0.08918704218268504
2022-02-08,Industrials,0.016624999999999994,0.269025,0.14494879467035499
2022-02-08,Materials,0.015787500000000003,0.1591,0.07865928571428572
2022-02-08,RealEstate,0.14705000000000001,0.0781125,0.1498641865079365
2022-02-08,Tech,0.2332439285714286,0.08864738095238094,0.1260712970120553
2022-02-08,Utilities,0.26043333333333335,0.14033333333333334,0.23990738095238096
2022-02-09,Comm,0.256076,0.084515,0.11523724354943997
2022-02-09,Consumer,0.07301061904761905,0.15476884848484848,0.08506892240921234
2022-02-09,Energy,0.18821,0.24149749999999998,0.14615882285765477
2022-02-09,Financials,0.20102083333333334,0.15966466666666665,0.1400362111178747
2022-02-09,Healthcare,0.23379333333333335,0.16426607142857141,0.08995976516076516
2022-02-09,Industrials,0.10115,0.016624999999999994,0.1419715922894026
2022-02-09,Materials,0.20095,0.015787500000000003,0.0698420238095238
2022-02-09,RealEstate,0.06493,0.14705000000000001,0.15686656746031746
2022-02-09,Tech,0.14765569230769232,0.2332439285714286,0.13987386503926616
2022-02-09,Utilities,0.34496666666666664,0.26043333333333335,0.24522325396825398
2022-02-10,Comm,0.44101666666666667,0.256076,0.12217664490998421
2022-02-10,Consumer,0.14308610559006213,0.07301061904761905,0.08452588839560689
2022-02-10,Energy,0.040017142857142855,0.18821,0.14420633608516797
2022-02-10,Financials,0.015039583333333335,0.20102083333333334,0.1407261759704824
2022-02-10,Healthcare,0.006826666666666664,0.23379333333333335,0.0904562730972731
2022-02-10,Industrials,0.022134,0.10115,0.13841043582681758
2022-02-10,Materials,-0.060200000000000004,0.20095,0.07236345238095239
2022-02-10,RealEstate,0.184725,0.06493,0.14479418650793652
2022-02-10,Tech,0.07350999999999999,0.14765569230769232,0.14305092181582296
2022-02-10,Utilities,0.22026399999999996,0.34496666666666664,0.2419484523809524
2022-02-11,Comm,0.014603333333333334,0.44101666666666667,0.13934767665601594
2022-02-11,Consumer,-0.003965000000000003,0.14308610559006213,0.08492173469354636
2022-02-11,Energy,0.19086999999999998,0.040017142857142855,0.13877616223785127
2022-02-11,Financials,0.05312133333333333,0.015039583333333335,0.136108854541911
2022-02-11,Healthcare,0.24928333333333336,0.006826666666666664,0.08596600854700855
2022-02-11,Industrials,0.08159666666666668,0.022134,0.1352627691601509
2022-02-11,Materials,0.38584999999999997,-0.060200000000000004,0.06949678571428572
2022-02-11,RealEstate,0.050575,0.184725,0.1620175992063492
2022-02-11,Tech,0.04092277777777777,0.07350999999999999,0.14086697472587587
2022-02-11,Utilities,0.147532,0.22026399999999996,0.24538959523809523
2022-02-14,Comm,0.18856933333333334,0.014603333333333334,0.1325190099893493
2022-02-14,Consumer,0.10104091269841271,-0.003965000000000003,0.07921038548719715
2022-02-14,Energy,0.10457031746031746,0.19086999999999998,0.13599402930134336
2022-02-14,Financials,-0.03953460317460318,0.05312133333333333,0.12890283578289224
2022-02-14,Healthcare,-0.011488095238095238,0.24928333333333336,0.09295823076923078
2022-02-14,Industrials,-0.09982291666666666,0.08159666666666668,0.12429306677919853
2022-02-14,Materials,0.17,0.38584999999999997,0.08787059523809525
2022-02-14,RealEstate,0.4689875,0.050575,0.16765361111111113
2022-02-14,Tech,0.053582275641025634,0.04092277777777777,0.13588520223910336
2022-02-14,Utilities,0.24826,0.147532,0.25241492857142855
2022-02-15,Comm,0.22755000000000003,0.18856933333333334,0.1333556449099842
2022-02-15,Consumer,0.1757313888888889,0.10104091269841271,0.07184828609188346
2022-02-15,Energy,0.097322,0.10457031746031746,0.13424701267246958
2022-02-15,Financials,0.10678266666666666,-0.03953460317460318,0.12080692497412426
2022-02-15,Healthcare,0.02982916666666667,-0.011488095238095238,0.08689160718646434
2022-02-15,Industrials,0.1789277777777778,-0.09982291666666666,0.11852848344586521
2022-02-15,Materials,0.0,0.17,0.08281583333333334
2022-02-15,RealEstate,0.22130000000000002,0.4689875,0.18458952380952381
2022-02-15,Tech,0.1272938823529412,0.053582275641025634,0.12770401959767072
2022-02-15,Utilities,0.2973,0.24826,0.25167413492063495
2022-02-16,Comm,0.10115,0.22755000000000003,0.1422485020528413
2022-02-16,Consumer,0.16758466666666666,0.1757313888888889,0.08163942365802103
2022-02-16,Energy,0.15267,0.097322,0.13148532219627912
2022-02-16,Financials,0.04498333333333333,0.10678266666666666,0.12120929075120435
2022-02-16,Healthcare,0.16764,0.02982916666666667,0.07878775798011513
2022-02-16,Industrials,0.06117857142857143,0.1789277777777778,0.11564911836650012
2022-02-16,Materials,-0.0065333333333333354,0.0,0.07306980158730159
2022-02-16,RealEstate,0.31550000000000006,0.22130000000000002,0.19079428571428572
2022-02-16,Tech,0.14363227450980393,0.1272938823529412,0.1240123223854525
2022-02-16,Utilities,0.15103333333333332,0.2973,0.25967770634920634
2022-02-17,Comm,0.17063285714285711,0.10115,0.1493565059210553
2022-02-17,Consumer,0.049109275362318836,0.16758466666666666,0.08805317823677561
2022-02-17,Energy,0.054404999999999995,0.15267,0.1282796079105648
2022-02-17,Financials,-0.04827509090909091,0.04498333333333333,0.11610133434826923
2022-02-17,Healthcare,0.09250714285714284,0.16764,0.08004050401186116
2022-02-17,Industrials,0.058735,0.06117857142857143,0.1154027743930133
2022-02-17,Materials,0.0,-0.0065333333333333354,0.07188366402116403
2022-02-17,RealEstate,0.04166,0.31550000000000006,0.20821035714285716
2022-02-17,Tech,0.1114956,0.14363227450980393,0.12221372094487627
2022-02-17,Utilities,0.17450333333333334,0.15103333333333332,0.24831008730158732
2022-02-18,Comm,0.0,0.17063285714285711,0.15446838800722307
2022-02-18,Consumer,0.02026083333333334,0.049109275362318836,0.08732514373021937
2022-02-18,Energy,0.12747916666666667,0.054404999999999995,0.12456809997405688
2022-02-18,Financials,0.05961333333333334,-0.04827509090909091,0.10785661255279114
2022-02-18,Healthcare,0.16795666666666667,0.09250714285714284,0.08209160605267748
2022-02-18,Industrials,0.030375000000000003,0.058735,0.11191967915491804
2022-02-18,Materials,-0.15641599999999997,0.0,0.06523974867724869
2022-02-18,RealEstate,-0.02965,0.04166,0.19609892857142858
2022-02-18,Tech,0.14117266666666667,0.1114956,0.11921706300836833
2022-02-18,Utilities,0.007506249999999999,0.17450333333333334,0.250356119047619
2022-02-22,Comm,-0.10366428571428571,0.0,0.13434048997932507
2022-02-22,Consumer,0.10521680952380952,0.02026083333333334,0.08335006625478474
2022-02-22,Energy,0.026125000000000002,0.12747916666666667,0.12411566941850134
2022-02-22,Financials,0.07883392857142857,0.05961333333333334,0.10446539940086368
2022-02-22,Healthcare,0.12414047619047619,0.16795666666666667,0.08832690763997907
2022-02-22,Industrials,0.057178125,0.030375000000000003,0.10570423471047359
2022-02-22,Materials,0.2714958333333334,-0.15641599999999997,0.05568422486772487
2022-02-22,RealEstate,0.13342125,-0.02965,0.1814927380952381
2022-02-22,Tech,0.14458807142857144,0.14117266666666667,0.11538716051403727
2022-02-22,Utilities,0.03414133333333334,0.007506249999999999,0.23233558333333335
2022-02-23,Comm,-0.164925,-0.10366428571428571,0.11786719065959719
2022-02-23,Consumer,-0.010833333333333316,0.10521680952380952,0.07994275279606793
2022-02-23,Energy,0.12198883333333335,0.026125000000000002,0.1207418003708823
2022-02-23,Financials,-0.06017291666666666,0.07883392857142857,0.09817418058000202
2022-02-23,Healthcare,0.0683,0.12414047619047619,0.0980440096807954
2022-02-23,Industrials,-0.08688749999999999,0.057178125,0.10737843113904502
2022-02-23,Materials,0.1702,0.2714958333333334,0.06752847089947091
2022-02-23,RealEstate,0.05957000000000001,0.13342125,0.1742169642857143
2022-02-23,Tech,0.21207666666666664,0.14458807142857144,0.11707293808567198
2022-02-23,Utilities,0.0758888888888889,0.03414133333333334,0.22428612301587303
2022-02-24,Comm,0.04001666666666668,-0.164925,0.10374584145324797
2022-02-24,Consumer,0.013923333333333333,-0.010833333333333316,0.07529338771670285
2022-02-24,Energy,-0.03851633333333333,0.12198883333333335,0.12454253846612039
2022-02-24,Financials,0.025797142857142852,-0.06017291666666666,0.08424312899270042
2022-02-24,Healthcare,0.2552083333333333,0.0683,0.10101058375486949
2022-02-24,Industrials,0.05779583333333334,-0.08688749999999999,0.0961443597104736
2022-02-24,Materials,-0.074,0.1702,0.0691084708994709
2022-02-24,RealEstate,0.3482133333333333,0.05957000000000001,0.1694207738095238
2022-02-24,Tech,0.06595333333333335,0.21207666666666664,0.11988015716289108
2022-02-24,Utilities,0.04601666666666666,0.0758888888888889,0.22499075264550264
2022-02-25,Comm,0.100475,0.04001666666666668,0.10581588113578766
2022-02-25,Consumer,0.09116333333333332,0.013923333333333333,0.07215908612940126
2022-02-25,Energy,0.10720096153846154,-0.03851633333333333,0.11419545116453308
2022-02-25,Financials,0.011669999999999993,0.025797142857142852,0.07773174123759838
2022-02-25,Healthcare,-0.03182,0.2552083333333333,0.1166155440723298
2022-02-25,Industrials,0.038463333333333335,0.05779583333333334,0.09390533274071135
2022-02-25,Materials,0.0,-0.074,0.06319239947089947
2022-02-25,RealEstate,0.09272083333333334,0.3482133333333333,0.1691714087301587
2022-02-25,Tech,-0.052860714285714275,0.06595333333333335,0.12156239525812916
2022-02-25,Utilities,0.1591,0.04601666666666666,0.21164670502645505
2022-02-28,Comm,0.24214861111111113,0.100475,0.0969405870181406
2022-02-28,Consumer,0.18484591208791207,0.09116333333333332,0.07123773225451797
2022-02-28,Energy,0.07023499999999999,0.10720096153846154,0.11156377737535929
2022-02-28,Financials,-0.04892388392857143,0.011669999999999993,0.07400491584077298
2022-02-28,Healthcare,0.16766388888888892,-0.03182,0.11121110529681959
2022-02-28,Industrials,0.18222,0.038463333333333335,0.09201469091876517
2022-02-28,Materials,0.0,0.0,0.061586843915343914
2022-02-28,RealEstate,0.025216666666666665,0.09272083333333334,0.1665962103174603
2022-02-28,Tech,0.14586272727272726,-0.052860714285714275,0.115881285069237
2022-02-28,Utilities,0.2690722222222222,0.1591,0.20492051455026455
2022-03-01,Comm,0.05462499999999999,0.24214861111111113,0.1027646209372638
2022-03-01,Consumer,0.011299285714285715,0.18484591208791207,0.07912099564192422
2022-03-01,Energy,0.055955870927318296,0.07023499999999999,0.11100396052554244
2022-03-01,Financials,-0.12119779761904763,-0.04892388392857143,0.0631995166060791
2022-03-01,Healthcare,0.10758666666666668,0.16766388888888892,0.11035470318041747
2022-03-01,Industrials,0.1485591666666667,0.18222,0.09051213139495565
2022-03-01,Materials,0.17020000000000002,0.0,0.05587648677248678
2022-03-01,RealEstate,0.050575,0.025216666666666665,0.1532993849206349
2022-03-01,Tech,0.1823533333333333,0.14586272727272726,0.11669466980949676
2022-03-01,Utilities,0.11189166666666667,0.2690722222222222,0.2043616521164021
2022-03-02,Comm,0.21821,0.05462499999999999,0.11216828760393047
2022-03-02,Consumer,0.1420520634920635,0.011299285714285715,0.0796347711521283
2022-03-02,Energy,0.1656017857142857,0.055955870927318296,0.10474808103266342
2022-03-02,Financials,0.11041309523809523,-0.12119779761904763,0.05223418279306672
2022-03-02,Healthcare,0.08635,0.10758666666666668,0.11035502064073494
2022-03-02,Industrials,0.12981916666666665,0.1485591666666667,0.09152216314098739
2022-03-02,Materials,0.39994999999999997,0.17020000000000002,0.06398124867724869
2022-03-02,RealEstate,0.06597,0.050575,0.15506545634920638
2022-03-02,Tech,0.18203000000000003,0.1823533333333333,0.11704660178228588
2022-03-02,Utilities,0.0,0.11189166666666667,0.19887427116402115
2022-03-03,Comm,-0.039318,0.21821,0.11809743046107332
2022-03-03,Consumer,0.07471171428571428,0.1420520634920635,0.08003293290571863
2022-03-03,Energy,0.06556373626373627,0.1656017857142857,0.10572173749524845
2022-03-03,Financials,0.2712375,0.11041309523809523,0.05473464764567442
2022-03-03,Healthcare,0.006225000000000001,0.08635,0.10788912268155126
2022-03-03,Industrials,0.17447083333333332,0.12981916666666665,0.09003757980765406
2022-03-03,Materials,0.0,0.39994999999999997,0.08571378835978838
2022-03-03,RealEstate,0.21821875000000002,0.06597,0.13818640873015872
2022-03-03,Tech,0.06495651515151515,0.18203000000000003,0.1211094747981589
2022-03-03,Utilities,-0.1591,0.0,0.19051117592592592
2022-03-04,Comm,0.0348375,-0.039318,0.11446745767195766
2022-03-04,Consumer,0.07359085714285715,0.07471171428571428,0.0872770621574193
2022-03-04,Energy,0.09467458333333334,0.06556373626373627,0.10438634605439116
2022-03-04,Financials,0.12038333333333334,0.2712375,0.06404324061619598
2022-03-04,Healthcare,0.12006999999999998,0.006225000000000001,0.10401970672713531
2022-03-04,Industrials,0.13381666666666664,0.17447083333333332,0.098767863851096
2022-03-04,Materials,-0.0052249999999999935,0.0,0.08088574603174604
2022-03-04,RealEstate,0.42413333333333336,0.21821875000000002,0.13496111111111112
2022-03-04,Tech,0.05196861904761905,0.06495651515151515,0.11815532296234038
2022-03-04,Utilities,0.19538333333333335,-0.1591,0.16497784259259257
2022-03-07,Comm,0.06970416666666666,0.0348375,0.10948627286470144
2022-03-07,Consumer,0.1106945238095238,0.07359085714285715,0.09312112791705648
2022-03-07,Energy,0.053553879120879125,0.09467458333333334,0.1025547547845499
2022-03-07,Financials,-0.007406538461538464,0.12038333333333334,0.057749780298735655
2022-03-07,Healthcare,0.20492166666666667,0.12006999999999998,0.10799718065003779
2022-03-07,Industrials,0.1820041666666667,0.13381666666666664,0.099986613851096
2022-03-07,Materials,0.056575,-0.0052249999999999935,0.07520757142857144
2022-03-07,RealEstate,0.09067777777777779,0.42413333333333336,0.14805853174603176
2022-03-07,Tech,0.018420619047619054,0.05196861904761905,0.11168708045037751
2022-03-07,Utilities,0.21910833333333332,0.19538333333333335,0.1616595886243386
2022-03-08,Comm,0.07745555555555554,0.06970416666666666,0.10285111980347693
2022-03-08,Consumer,0.17687952380952382,0.1106945238095238,0.08757554968576396
2022-03-08,Energy,0.12523977777777778,0.053553879120879125,0.10151565379030604
2022-03-08,Financials,0.08512499999999999,-0.007406538461538464,0.04907073878469414
2022-03-08,Healthcare,-0.085295,0.20492166666666667,0.11254845049130764
2022-03-08,Industrials,-0.0048099999999999974,0.1820041666666667,0.10154907416855632
2022-03-08,Materials,0.13054166666666667,0.056575,0.08489209523809525
2022-03-08,RealEstate,0.17,0.09067777777777779,0.14532890211640212
2022-03-08,Tech,0.15661666666666668,0.018420619047619054,0.10588962088877509
2022-03-08,Utilities,0.05769999999999999,0.21910833333333332,0.15268379497354495
2022-03-09,Comm,0.10213000000000001,0.07745555555555554,0.10473681292517008
2022-03-09,Consumer,0.041648214285714295,0.17687952380952382,0.09185520954970955
2022-03-09,Energy,0.10806633333333333,0.12523977777777778,0.10266826225591451
2022-03-09,Financials,0.11169633333333333,0.08512499999999999,0.04847090885272135
2022-03-09,Healthcare,0.05889,-0.085295,0.11587884731670448
2022-03-09,Industrials,0.1468838095238095,-0.0048099999999999974,0.08250256623204837
2022-03-09,Materials,0.09316666666666668,0.13054166666666667,0.08706074603174604
2022-03-09,RealEstate,-0.05643333333333333,0.17,0.15342414021164022
2022-03-09,Tech,0.07840942857142856,0.15661666666666668,0.11110106268771687
2022-03-09,Utilities,0.035449999999999995,0.05769999999999999,0.14292069973544974
2022-03-10,Comm,0.09800833333333334,0.10213000000000001,0.10075278117913833
2022-03-10,Consumer,0.07316199999999999,0.041648214285714295,0.09027713750270892
2022-03-10,Energy,0.11546928571428569,0.10806633333333333,0.10251097880920249
2022-03-10,Financials,-0.019381428571428567,0.11169633333333333,0.053803392979705475
2022-03-10,Healthcare,0.05525,0.05889,0.10394549130763417
2022-03-10,Industrials,-0.03280285714285714,0.1468838095238095,0.07668631906651549
2022-03-10,Materials,0.09483,0.09316666666666668,0.0839210634920635
2022-03-10,RealEstate,0.0425,-0.05643333333333333,0.1470171957671958
2022-03-10,Tech,0.2778336923076923,0.07840942857142856,0.11061354114576678
2022-03-10,Utilities,0.062360000000000006,0.035449999999999995,0.1379262552910053
2022-03-11,Comm,0.06465833333333333,0.09800833333333334,0.101395320861678
2022-03-11,Consumer,0.07675266666666666,0.07316199999999999,0.08639109709866852
2022-03-11,Energy,0.13963555555555557,0.11546928571428569,0.09650963527178752
2022-03-11,Financials,0.10621785714285713,-0.019381428571428567,0.045277388444558093
2022-03-11,Healthcare,0.1535975,0.05525,0.09875424981103553
2022-03-11,Industrials,0.11408,-0.03280285714285714,0.07433261158352229
2022-03-11,Materials,0.1735888888888889,0.09483,0.08768499206349208
2022-03-11,RealEstate,0.2841,0.0425,0.14203862433862435
2022-03-11,Tech,0.07941400000000001,0.2778336923076923,0.112736863228446
2022-03-11,Utilities,0.5574,0.062360000000000006,0.1284941917989418
2022-03-14,Comm,0.1797654761904762,0.06465833333333333,0.09228019387755101
2022-03-14,Consumer,0.060792857142857135,0.07675266666666666,0.0865692898424327
2022-03-14,Energy,0.1908568333333333,0.13963555555555557,0.09419656648871874
2022-03-14,Financials,0.17312,0.10621785714285713,0.040762961006916364
2022-03-14,Healthcare,0.22134583333333335,0.1535975,0.09493540060468632
2022-03-14,Industrials,0.27364,0.11408,0.07494832586923658
2022-03-14,Materials,0.125,0.1735888888888889,0.08638208201058202
2022-03-14,RealEstate,0.12754000000000001,0.2841,0.15247529100529103
2022-03-14,Tech,0.26458244444444445,0.07941400000000001,0.1094872588328416
2022-03-14,Utilities,0.07681666666666666,0.5574,0.1386100648148148
2022-03-15,Comm,0.1897825,0.1797654761904762,0.07983966099773243
2022-03-15,Consumer,0.14180444444444446,0.060792857142857135,0.08265056372589911
2022-03-15,Energy,0.18263992857142858,0.1908568333333333,0.10137940889234687
2022-03-15,Financials,0.004542666666666672,0.17312,0.04829059989580525
2022-03-15,Healthcare,-0.07027000000000001,0.22134583333333335,0.10515059901738474
2022-03-15,Industrials,0.17776666666666668,0.27364,0.08692480205971277
2022-03-15,Materials,0.2801,0.125,0.09520112962962964
2022-03-15,RealEstate,0.33696666666666664,0.12754000000000001,0.14975219576719578
2022-03-15,Tech,0.09321386868686868,0.26458244444444445,0.11858594666352944
2022-03-15,Utilities,0.23775000000000002,0.07681666666666666,0.1317792394179894
2022-03-16,Comm,0.0683,0.1897825,0.08818152607709752
2022-03-16,Consumer,0.08664166666666666,0.14180444444444446,0.08959196584230125
2022-03-16,Energy,0.18090438311688312,0.18263992857142858,0.10098750072908157
2022-03-16,Financials,0.19683714285714285,0.004542666666666672,0.04597733005453541
2022-03-16,Healthcare,0.09095785714285715,-0.07027000000000001,0.08993377362055933
2022-03-16,Industrials,0.014843650793650793,0.17776666666666668,0.09150432586923658
2022-03-16,Materials,0.35372499999999996,0.2801,0.09016541534391535
2022-03-16,RealEstate,0.09536666666666667,0.33696666666666664,0.1633898941798942
2022-03-16,Tech,0.17171030844155843,0.09321386868686868,0.1210759986115814
2022-03-16,Utilities,0.15,0.23775000000000002,0.13607533465608465
2022-03-17,Comm,-0.11934166666666665,0.0683,0.08245441496598639
2022-03-17,Consumer,0.01987111111111112,0.08664166666666666,0.08890628745983714
2022-03-17,Energy,0.13679772727272727,0.18090438311688312,0.10462245623653707
2022-03-17,Financials,0.19133303571428573,0.19683714285714285,0.05723312748461856
2022-03-17,Healthcare,0.04258555555555557,0.09095785714285715,0.09481215230536659
2022-03-17,Industrials,0.21150454545454545,0.014843650793650793,0.09696463860544217
2022-03-17,Materials,0.0425,0.35372499999999996,0.09891422486772489
2022-03-17,RealEstate,0.0,0.09536666666666667,0.14559842592592592
2022-03-17,Tech,0.07387716666666666,0.17171030844155843,0.12670114303065438
2022-03-17,Utilities,0.07665,0.15,0.13139628703703704
2022-03-18,Comm,0.28582,-0.11934166666666665,0.0659357641723356
2022-03-18,Consumer,0.11450876190476192,0.01987111111111112,0.08148436947041915
2022-03-18,Energy,0.07074333333333332,0.13679772727272727,0.10650225277333361
2022-03-18,Financials,0.13341333333333333,0.19133303571428573,0.06125933553450518
2022-03-18,Healthcare,0.19258888888888892,0.04258555555555557,0.09541959939531368
2022-03-18,Industrials,-0.02675470085470084,0.21150454545454545,0.09851591325671682
2022-03-18,Materials,0.01367500000000002,0.0425,0.10093803439153441
2022-03-18,RealEstate,0.07003000000000001,0.0,0.1350603306878307
2022-03-18,Tech,0.1473853333333333,0.07387716666666666,0.12415748990273653
2022-03-18,Utilities,0.4019,0.07665,0.12088914417989416
2022-03-21,Comm,0.11884750000000001,0.28582,0.07472957369614514
2022-03-21,Consumer,0.30715233333333336,0.11450876190476192,0.07895694543413799
2022-03-21,Energy,0.0998901948051948,0.07074333333333332,0.10260098293206375
2022-03-21,Financials,0.05901466666666666,0.13341333333333333,0.06547028791545755
2022-03-21,Healthcare,0.18445333333333333,0.19258888888888892,0.09660764172335601
2022-03-21,Industrials,0.030477999999999995,-0.02675470085470084,0.09432861457656101
2022-03-21,Materials,0.16121666666666667,0.01367500000000002,0.10190033597883599
2022-03-21,RealEstate,0.09498666666666666,0.07003000000000001,0.12337128306878307
2022-03-21,Tech,0.10049066666666664,0.1473853333333333,0.12433620698957129
2022-03-21,Utilities,-0.00516,0.4019,0.13283517592592592
2022-03-22,Comm,-0.19626666666666667,0.11884750000000001,0.07226360430839003
2022-03-22,Consumer,0.15524583333333336,0.30715233333333336,0.09124471009942438
2022-03-22,Energy,0.13208666666666669,0.0998901948051948,0.10476694458945399
2022-03-22,Financials,0.14959999999999998,0.05901466666666666,0.07057932399049363
2022-03-22,Healthcare,-0.06053833333333332,0.18445333333333333,0.10098603174603175
2022-03-22,Industrials,-0.15815833333333335,0.030477999999999995,0.09298304314798958
2022-03-22,Materials,0.14049999999999999,0.16121666666666667,0.1095773201058201
2022-03-22,RealEstate,0.03855000000000001,0.09498666666666666,0.12591064814814815
2022-03-22,Tech,0.12455219047619046,0.10049066666666664,0.12381216254512684
2022-03-22,Utilities,0.47209999999999996,-0.00516,0.12427977910052909
2022-03-23,Comm,0.11251875,-0.19626666666666667,0.06291757256235828
2022-03-23,Consumer,0.13150937499999998,0.15524583333333336,0.09767256724228154
2022-03-23,Energy,0.04383416666666667,0.13208666666666669,0.10498634935135873
2022-03-23,Financials,0.37477916666666666,0.14959999999999998,0.074864403355573
2022-03-23,Healthcare,0.04570000000000001,-0.06053833333333332,0.09010531746031747
2022-03-23,Industrials,0.00901111111111111,-0.15815833333333335,0.0840052653702118
2022-03-23,Materials,0.0,0.14049999999999999,0.12371617724867726
2022-03-23,RealEstate,0.4404,0.03855000000000001,0.1291582671957672
2022-03-23,Tech,0.06218736363636364,0.12455219047619046,0.12302071129796129
2022-03-23,Utilities,0.2732,0.47209999999999996,0.146403291005291
2022-03-24,Comm,0.13151875,0.11251875,0.07321200283446713
2022-03-24,Consumer,-0.04295523809523809,0.13150937499999998,0.09892459416971919
2022-03-24,Energy,0.10499238461538463,0.04383416666666667,0.10582964300215239
2022-03-24,Financials,0.004567142857142861,0.37477916666666666,0.08895703374106054
2022-03-24,Healthcare,0.20134375,0.04570000000000001,0.08637005668934242
2022-03-24,Industrials,-0.059276190476190475,0.00901111111111111,0.08171159804216946
2022-03-24,Materials,0.16592500000000002,0.0,0.11078780423280425
2022-03-24,RealEstate,0.06193333333333333,0.4404,0.1437763029100529
2022-03-24,Tech,0.11436908158508156,0.06218736363636364,0.11909686806976094
2022-03-24,Utilities,0.2732,0.2732,0.15778703703703703
2022-03-25,Comm,-0.4215,0.13151875,0.08732837188208617
2022-03-25,Consumer,0.11713083333333334,-0.04295523809523809,0.09739497965724751
2022-03-25,Energy,0.30355533333333334,0.10499238461538463,0.1050202883012977
2022-03-25,Financials,0.20247199999999999,0.004567142857142861,0.0920398937183848
2022-03-25,Healthcare,0.09735,0.20134375,0.09270547335600907
2022-03-25,Industrials,0.24655,-0.059276190476190475,0.08302642230520801
2022-03-25,Materials,0.3138666666666667,0.16592500000000002,0.11058423280423281
2022-03-25,RealEstate,0.16046666666666667,0.06193333333333333,0.1438888425925926
2022-03-25,Tech,0.13006791666666667,0.11436908158508156,0.11444412592301877
2022-03-25,Utilities,0.06589999999999999,0.2732,0.1671828042328042
2022-03-28,Comm,0.12987666666666667,-0.4215,0.06535138775510205
2022-03-28,Consumer,0.15206422619047616,0.11713083333333334,0.10230962251439037
2022-03-28,Energy,0.2789433333333334,0.30355533333333334,0.12130941528542467
2022-03-28,Financials,0.021341428571428574,0.20247199999999999,0.10045298215375893
2022-03-28,Healthcare,-0.07836874999999999,0.09735,0.08518840986394557
2022-03-28,Industrials,0.21774166666666667,0.24655,0.09201471595600166
2022-03-28,Materials,0.18076666666666666,0.3138666666666667,0.12905407407407407
2022-03-28,RealEstate,0.09233333333333334,0.16046666666666667,0.13494852513227515
2022-03-28,Tech,0.26842,0.13006791666666667,0.11749720131984417
2022-03-28,Utilities,0.37665333333333334,0.06589999999999999,0.1681296296296296
2022-03-29,Comm,0.06619166666666668,0.12987666666666667,0.0667514671201814
2022-03-29,Consumer,0.10560083333333334,0.15206422619047616,0.10520966503139718
2022-03-29,Energy,0.11205909090909091,0.2789433333333334,0.12948762346613285
2022-03-29,Financials,-0.049535,0.021341428571428574,0.100913526371446
2022-03-29,Healthcare,0.040900000000000006,-0.07836874999999999,0.08297180272108845
2022-03-29,Industrials,0.12603266666666668,0.21774166666666667,0.10055177944806516
2022-03-29,Materials,-0.06193333333333333,0.18076666666666666,0.1376620105820106
2022-03-29,RealEstate,0.21713333333333332,0.09233333333333334,0.13493007275132274
2022-03-29,Tech,0.08175369047619048,0.26842,0.13279628295249724
2022-03-29,Utilities,0.06812666666666667,0.37665333333333334,0.17848931216931216
2022-03-30,Comm,0.10206666666666668,0.06619166666666668,0.05837256500377929
2022-03-30,Consumer,0.1481047619047619,0.10560083333333334,0.1014360898526077
2022-03-30,Energy,0.36841666666666667,0.11205909090909091,0.13147924684275625
2022-03-30,Financials,0.13244444444444445,-0.049535,0.1008844256061399
2022-03-30,Healthcare,0.05119166666666667,0.040900000000000006,0.07693542705971278
2022-03-30,Industrials,0.3782277777777778,0.12603266666666668,0.09787619214647786
2022-03-30,Materials,0.11333333333333334,-0.06193333333333333,0.13471280423280424
2022-03-30,RealEstate,0.3933166666666666,0.21713333333333332,0.14406896164021163
2022-03-30,Tech,0.14768283333333335,0.08175369047619048,0.12974347167647166
2022-03-30,Utilities,0.5673333333333334,0.06812666666666667,0.1689204761904762
2022-03-31,Comm,0.181775,0.10206666666666668,0.06063169198790627
2022-03-31,Consumer,0.051818333333333334,0.1481047619047619,0.10795063633786847
2022-03-31,Energy,0.01515666666666667,0.36841666666666667,0.1463583323541538
2022-03-31,Financials,0.01479166666666666,0.13244444444444445,0.11296262760916334
2022-03-31,Healthcare,0.14492500000000003,0.05119166666666667,0.07424995086923658
2022-03-31,Industrials,0.20839333333333335,0.3782277777777778,0.10881279267557838
2022-03-31,Materials,0.39965,0.11333333333333334,0.13200486772486772
2022-03-31,RealEstate,0.025412500000000005,0.3933166666666666,0.16038999338624338
2022-03-31,Tech,0.1397956349206349,0.14768283333333335,0.1280924954859955
2022-03-31,Utilities,0.2969625,0.5673333333333334,0.1906081746031746
2022-04-01,Comm,0.05093333333333334,0.181775,0.058896691987906286
2022-04-01,Consumer,0.02364095238095238,0.051818333333333334,0.10365379204459561
2022-04-01,Energy,0.173538,0.01515666666666667,0.13919427906617193
2022-04-01,Financials,0.14733805555555557,0.01479166666666666,0.1084092262486191
2022-04-01,Healthcare,0.3144625,0.14492500000000003,0.0770392365835223
2022-04-01,Industrials,-0.054279999999999995,0.20839333333333335,0.11255441965970536
2022-04-01,Materials,0.31806666666666666,0.39965,0.13199058201058203
2022-04-01,RealEstate,0.369025,0.025412500000000005,0.15845868386243386
2022-04-01,Tech,0.09031396736596738,0.1397956349206349,0.12608133524412096
2022-04-01,Utilities,0.38966666666666666,0.2969625,0.20474924603174605
2022-04-04,Comm,0.18476875,0.05093333333333334,0.06319437452758882
2022-04-04,Consumer,0.08438292016806723,0.02364095238095238,0.10122185100151174
2022-04-04,Energy,0.046625666666666676,0.173538,0.14433591067266066
2022-04-04,Financials,-0.0071642307692307665,0.14733805555555557,0.10250925270364557
2022-04-04,Healthcare,0.07585700000000002,0.3144625,0.0917172127739985
2022-04-04,Industrials,0.150995,-0.054279999999999995,0.10166152283430854
2022-04-04,Materials,-0.041916666666666665,0.31806666666666666,0.14713661375661377
2022-04-04,RealEstate,0.13173125000000002,0.369025,0.16563993386243386
2022-04-04,Tech,0.11491586466165413,0.09031396736596738,0.12728883296861868
2022-04-04,Utilities,0.1858,0.38966666666666666,0.23088099206349202
2022-04-05,Comm,-0.069578,0.18476875,0.07033395786092214
2022-04-05,Consumer,0.08657761904761904,0.08438292016806723,0.10173575876461696
2022-04-05,Energy,0.086984,0.046625666666666676,0.14204786702186703
2022-04-05,Financials,0.189116,-0.0071642307692307665,0.09643555917495204
2022-04-05,Healthcare,0.161048,0.07585700000000002,0.08961183182161754
2022-04-05,Industrials,0.025967619047619052,0.150995,0.10247953870732442
2022-04-05,Materials,0.15108749999999999,-0.041916666666666665,0.14538939153439154
2022-04-05,RealEstate,0.15486,0.13173125000000002,0.15171602513227514
2022-04-05,Tech,0.036602932692307695,0.11491586466165413,0.1302863208550013
2022-04-05,Utilities,0.27115,0.1858,0.23042464285714287
2022-04-06,Comm,0.021333333333333333,-0.069578,0.06370147373393802
2022-04-06,Consumer,0.07396133333333335,0.08657761904761904,0.10058733472833578
2022-04-06,Energy,0.17956875,0.086984,0.1436397775399204
2022-04-06,Financials,0.10738124999999998,0.189116,0.10579377529216816
2022-04-06,Healthcare,0.050575,0.161048,0.08752260959939531
2022-04-06,Industrials,0.1346275,0.025967619047619052,0.0950492269159412
2022-04-06,Materials,0.20806666666666668,0.15108749999999999,0.14988998677248677
2022-04-06,RealEstate,0.1285333333333333,0.15486,0.15477232142857142
2022-04-06,Tech,0.1552212857142857,0.036602932692307695,0.1311521453142722
2022-04-06,Utilities,0.38558333333333333,0.27115,0.23290281746031744
2022-04-07,Comm,0.002922916666666664,0.021333333333333333,0.06102898696145125
2022-04-07,Consumer,0.014387444444444447,0.07396133333333335,0.09568646851518385
2022-04-07,Energy,0.1738325,0.17956875,0.1462268714552643
2022-04-07,Financials,0.06855766666666667,0.10738124999999998,0.10685359672073957
2022-04-07,Healthcare,0.0972875,0.050575,0.09399260959939533
2022-04-07,Industrials,0.06450357142857142,0.1346275,0.10168910786832215
2022-04-07,Materials,0.148,0.20806666666666668,0.15358165343915348
2022-04-07,RealEstate,0.08236,0.1285333333333333,0.15279771825396823
2022-04-07,Tech,0.2936221428571429,0.1552212857142857,0.13108569860225408
2022-04-07,Utilities,0.17498888888888886,0.38558333333333333,0.24851630952380951
2022-04-08,Comm,0.0839,0.002922916666666664,0.05630484013605443
2022-04-08,Consumer,0.14961166666666664,0.014387444444444447,0.09438833661798053
2022-04-08,Energy,0.24698035714285713,0.1738325,0.14935859367748655
2022-04-08,Financials,0.03279450980392156,0.06855766666666667,0.10479937449851735
2022-04-08,Healthcare,0.358438,0.0972875,0.09582106198034769
2022-04-08,Industrials,0.12462499999999999,0.06450357142857142,0.09776623938759654
2022-04-08,Materials,0.02965,0.148,0.15619276455026454
2022-04-08,RealEstate,0.09866666666666667,0.08236,0.15940692460317457
2022-04-08,Tech,0.38193333333333335,0.2936221428571429,0.14133392309204998
2022-04-08,Utilities,0.0,0.17498888888888886,0.2551610185185185
2022-04-11,Comm,0.08110294117647059,0.0839,0.05563301473922903
2022-04-11,Consumer,0.1837059285714286,0.14961166666666664,0.09802879693544085
2022-04-11,Energy,0.34190729166666667,0.24698035714285713,0.15562102565027566
2022-04-11,Financials,0.004413142857142854,0.03279450980392156,0.10728394299258164
2022-04-11,Healthcare,0.09281966666666666,0.358438,0.1102585857898715
2022-04-11,Industrials,0.02846527777777778,0.12462499999999999,0.10526280401344687
2022-04-11,Materials,0.44565,0.02965,0.15308895502645503
2022-04-11,RealEstate,-0.001720833333333338,0.09866666666666667,0.16208152777777776
2022-04-11,Tech,0.234682331002331,0.38193333333333335,0.14629104885517574
2022-04-11,Utilities,0.2553,0.0,0.2521914947089947
2022-04-12,Comm,0.3481,0.08110294117647059,0.05641609130318794
2022-04-12,Consumer,0.09016190476190478,0.1837059285714286,0.10312180940709617
2022-04-12,Energy,0.18135844444444443,0.34190729166666667,0.1652530130841381
2022-04-12,Financials,0.07365602272727273,0.004413142857142854,0.10243609945516667
2022-04-12,Healthcare,0.09319999999999999,0.09281966666666666,0.10736440325018896
2022-04-12,Industrials,0.08248833333333333,0.02846527777777778,0.10118591247905534
2022-04-12,Materials,0.19122625,0.44565,0.16604424603174606
2022-04-12,RealEstate,0.28442,-0.001720833333333338,0.1484710119047619
2022-04-12,Tech,0.12285428571428572,0.234682331002331,0.1536847789029058
2022-04-12,Utilities,0.284875,0.2553,0.2378057804232804
2022-04-13,Comm,0.23527708333333336,0.3481,0.06443202100840335
2022-04-13,Consumer,0.012541999999999998,0.09016190476190478,0.10452033548419368
2022-04-13,Energy,0.22979993055555556,0.18135844444444443,0.16480070885133385
2022-04-13,Financials,0.1319242222222222,0.07365602272727273,0.0976997195850368
2022-04-13,Healthcare,0.08409666666666668,0.09319999999999999,0.10126222071050642
2022-04-13,Industrials,0.018233333333333334,0.08248833333333333,0.09208345216159503
2022-04-13,Materials,0.35048958333333335,0.19122625,0.169197876984127
2022-04-13,RealEstate,0.038125000000000006,0.28442,0.15594148809523808
2022-04-13,Tech,0.12568166666666664,0.12285428571428572,0.1469358189633744
2022-04-13,Utilities,0.0,0.284875,0.24771332010582006
2022-04-14,Comm,-0.07343,0.23527708333333336,0.06659842973856209
2022-04-14,Consumer,0.10697214285714285,0.012541999999999998,0.09836498098683918
2022-04-14,Energy,0.28245000000000003,0.22979993055555556,0.16704642323153038
2022-04-14,Financials,0.16878082857142856,0.1319242222222222,0.10376550794482517
2022-04-14,Healthcare,0.08461678571428571,0.08409666666666668,0.1086130143613001
2022-04-14,Industrials,0.1097,0.018233333333333334,0.08448662676476963
2022-04-14,Materials,0.071135,0.35048958333333335,0.1725497619047619
2022-04-14,RealEstate,0.31415,0.038125000000000006,0.14171093253968253
2022-04-14,Tech,0.006591666666666667,0.12568166666666664,0.14848190458146004
2022-04-14,Utilities,0.22555,0.0,0.23639189153439158
2022-04-18,Comm,0.035902857142857146,-0.07343,0.05984938211951448
2022-04-18,Consumer,0.180084,0.10697214285714285,0.0993330989006714
2022-04-18,Energy,0.25916805555555555,0.28245000000000003,0.17188192879739309
2022-04-18,Financials,0.24753025974025972,0.16878082857142856,0.10242949297883877
2022-04-18,Healthcare,0.05619444444444444,0.08461678571428571,0.10831105857898717
2022-04-18,Industrials,0.040125,0.1097,0.08900359577459577
2022-04-18,Materials,0.12001500000000001,0.071135,0.15909309523809526
2022-04-18,RealEstate,0.08480833333333333,0.31415,0.1521291865079365
2022-04-18,Tech,0.09197,0.006591666666666667,0.140619112115989
2022-04-18,Utilities,0.23904999999999998,0.22555,0.23998951058201057
2022-04-19,Comm,-0.03867466666666666,0.035902857142857146,0.06724197849139656
2022-04-19,Consumer,0.10732969047619045,0.180084,0.10696228408585656
2022-04-19,Energy,0.21925599999999998,0.25916805555555555,0.17770908728705156
2022-04-19,Financials,0.19647561904761907,0.24753025974025972,0.10510555126578991
2022-04-19,Healthcare,-0.007743523809523811,0.05619444444444444,0.1089591009070295
2022-04-19,Industrials,0.06418499999999999,0.040125,0.08084266503866504
2022-04-19,Materials,0.06429999999999998,0.12001500000000001,0.16278428571428571
2022-04-19,RealEstate,-0.09386399999999999,0.08480833333333333,0.15616767857142858
2022-04-19,Tech,0.17060755555555557,0.09197,0.14148067560805247
2022-04-19,Utilities,0.2612666666666667,0.23904999999999998,0.24772284391534394
2022-04-20,Comm,0.12171388888888889,-0.03867466666666666,0.05178985150726957
2022-04-20,Consumer,-0.014678333333333324,0.10732969047619045,0.10662042354163888
2022-04-20,Energy,0.19884000000000002,0.21925599999999998,0.18478111903308334
2022-04-20,Financials,0.04578,0.19647561904761907,0.10810851725218448
2022-04-20,Healthcare,0.29898437499999997,-0.007743523809523811,0.09941946220710507
2022-04-20,Industrials,0.10845400000000001,0.06418499999999999,0.08517312698412698
2022-04-20,Materials,0.11568555555555556,0.06429999999999998,0.165195
2022-04-20,RealEstate,-0.10165,-0.09386399999999999,0.14836320238095238
2022-04-20,Tech,0.17537625,0.17060755555555557,0.14258649571387258
2022-04-20,Utilities,0.0129,0.2612666666666667,0.24102601851851851
2022-04-21,Comm,0.19545618421052632,0.12171388888888889,0.05192634621626428
2022-04-21,Consumer,0.14994066666666667,-0.014678333333333324,0.09129515370036903
2022-04-21,Energy,0.17409083333333333,0.19884000000000002,0.18949301451855025
2022-04-21,Financials,-0.08960666666666668,0.04578,0.10747829502996224
2022-04-21,Healthcare,0.12141666666666669,0.29898437499999997,0.10487332133408919
2022-04-21,Industrials,0.2278,0.10845400000000001,0.08888626984126984
2022-04-21,Materials,0.06708044444444444,0.11568555555555556,0.16302685185185184
2022-04-21,RealEstate,0.027645000000000003,-0.10165,0.13899955158730157
2022-04-21,Tech,0.04024880952380951,0.17537625,0.14615247587260274
2022-04-21,Utilities,0.094915,0.0129,0.2418860185185185
2022-04-22,Comm,0.05221071428571429,0.19545618421052632,0.07057981530565442
2022-04-22,Consumer,0.15205190476190475,0.14994066666666667,0.09104252671624205
2022-04-22,Energy,0.07542666666666667,0.17409083333333333,0.19149321293124866
2022-04-22,Financials,0.138025,-0.08960666666666668,0.09608750137916859
2022-04-22,Healthcare,0.10515000000000001,0.12141666666666669,0.113537845143613
2022-04-22,Industrials,-0.08736000000000001,0.2278,0.1072652380952381
2022-04-22,Materials,0.00821111111111111,0.06708044444444444,0.15953068253968256
2022-04-22,RealEstate,0.10115,0.027645000000000003,0.13848026587301587
2022-04-22,Tech,0.027360000000000002,0.04024880952380951,0.14213802916058463
2022-04-22,Utilities,0.13824533333333333,0.094915,0.22392482804232805
2022-04-25,Comm,0.11344333333333334,0.05221071428571429,0.06770800408116463
2022-04-25,Consumer,0.07431406666666666,0.15205190476190475,0.0920207424191899
2022-04-25,Energy,0.11920595093795094,0.07542666666666667,0.19299761769315343
2022-04-25,Financials,0.14123233333333335,0.138025,0.08481349344266068
2022-04-25,Healthcare,0.23023733333333332,0.10515000000000001,0.11636879752456537
2022-04-25,Industrials,0.16140285714285713,-0.08736000000000001,0.10267613756613755
2022-04-25,Materials,0.19062083333333335,0.00821111111111111,0.15992168783068786
2022-04-25,RealEstate,0.13704666666666668,0.10115,0.12232550396825398
2022-04-25,Tech,0.1535740238095238,0.027360000000000002,0.14047958327313873
2022-04-25,Utilities,0.20026875,0.13824533333333333,0.21749841534391537
2022-04-26,Comm,0.35237583333333333,0.11344333333333334,0.06684726995418051
2022-04-26,Consumer,0.07064,0.07431406666666666,0.09760499502689965
2022-04-26,Energy,0.13223154761904762,0.11920595093795094,0.19367445418470422
2022-04-26,Financials,0.15742644444444445,0.14123233333333335,0.0913213596558126
2022-04-26,Healthcare,-0.04502071428571428,0.23023733333333332,0.1177446824452003
2022-04-26,Industrials,-0.02389881385281385,0.16140285714285713,0.11318466364323507
2022-04-26,Materials,0.1393125,0.19062083333333335,0.16109767989417992
2022-04-26,RealEstate,0.0,0.13704666666666668,0.12590232936507936
2022-04-26,Tech,0.135942,0.1535740238095238,0.14234648528382646
2022-04-26,Utilities,0.3597,0.20026875,0.21402549867724868
2022-04-27,Comm,0.09126339285714286,0.35237583333333333,0.10369850011291067
2022-04-27,Consumer,0.05156588888888889,0.07064,0.09539114582055044
2022-04-27,Energy,0.2651357777777778,0.13223154761904762,0.1855161786745001
2022-04-27,Financials,0.013807222222222235,0.15742644444444445,0.08917633320078615
2022-04-27,Healthcare,0.08906333333333334,-0.04502071428571428,0.11096512462207105
2022-04-27,Industrials,0.05259499999999999,-0.02389881385281385,0.10030614869786297
2022-04-27,Materials,0.0,0.1393125,0.15278557671957674
2022-04-27,RealEstate,0.05755625,0.0,0.11826105952380951
2022-04-27,Tech,0.12966955555555554,0.135942,0.1426262035377947
2022-04-27,Utilities,0.11397222222222221,0.3597,0.22801597486772487
2022-04-28,Comm,0.02522,0.09126339285714286,0.10185977278864763
2022-04-28,Consumer,0.17100166666666666,0.05156588888888889,0.09060551071095105
2022-04-28,Energy,0.2515092857142857,0.2651357777777778,0.18485867602899747
2022-04-28,Financials,-0.01419095238095237,0.013807222222222235,0.08881756146987155
2022-04-28,Healthcare,0.10540552380952381,0.08906333333333334,0.1189380809712774
2022-04-28,Industrials,0.043520714285714274,0.05259499999999999,0.09244202171373599
2022-04-28,Materials,-0.030355555555555556,0.0,0.14417764021164023
2022-04-28,RealEstate,0.32335,0.05755625,0.11660500793650794
2022-04-28,Tech,0.02582428977272727,0.12966955555555554,0.1360190395166307
2022-04-28,Utilities,0.11132666666666666,0.11397222222222221,0.21550735052910053
2022-04-29,Comm,0.09257625,0.02522,0.09990874104261589
2022-04-29,Consumer,0.08041375324675325,0.17100166666666666,0.09371983610777644
2022-04-29,Energy,-0.08109881481481482,0.2515092857142857,0.1914991614959115
2022-04-29,Financials,0.26130000000000003,-0.01419095238095237,0.09050061135649287
2022-04-29,Healthcare,0.09682833333333334,0.10540552380952381,0.12200977258125471
2022-04-29,Industrials,0.2221973333333333,0.043520714285714274,0.08851288112416683
2022-04-29,Materials,0.0,-0.030355555555555556,0.14568134391534393
2022-04-29,RealEstate,0.17865,0.32335,0.12166294444444443
2022-04-29,Tech,0.0014425108225108194,0.02582428977272727,0.1333557347212277
2022-04-29,Utilities,0.3003777777777778,0.11132666666666666,0.21756449338624342
2022-05-02,Comm,0.121806,0.09257625,0.09945681643944126
2022-05-02,Consumer,0.11714738095238095,0.08041375324675325,0.09049645474310937
2022-05-02,Energy,0.1836975,-0.08109881481481482,0.17009366237774573
2022-05-02,Financials,0.1687125,0.26130000000000003,0.0966365901924717
2022-05-02,Healthcare,0.226363,0.09682833333333334,0.12418294718442932
2022-05-02,Industrials,0.06344066666666666,0.2221973333333333,0.08108285996014568
2022-05-02,Materials,0.0,0.0,0.14028451851851853
2022-05-02,RealEstate,0.17020000000000002,0.17865,0.11144072222222222
2022-05-02,Tech,0.04577086580086581,0.0014425108225108194,0.12639190983975995
2022-05-02,Utilities,0.19405777777777777,0.3003777777777778,0.20485232407407405
2022-05-03,Comm,-0.02558333333333333,0.121806,0.09660114977277459
2022-05-03,Consumer,0.11965,0.11714738095238095,0.09360736177258781
2022-05-03,Energy,0.1915303333333333,0.1836975,0.17811941634599968
2022-05-03,Financials,0.21465666666666666,0.1687125,0.10396615368453521
2022-05-03,Healthcare,-0.038275,0.226363,0.12806094718442934
2022-05-03,Industrials,0.2925,0.06344066666666666,0.07418035202363774
2022-05-03,Materials,-0.07086666666666666,0.0,0.12125356613756615
2022-05-03,RealEstate,0.08510000000000001,0.17020000000000002,0.11833536507936508
2022-05-03,Tech,-0.014621587301587297,0.04577086580086581,0.12191453988167571
2022-05-03,Utilities,0.24270999999999998,0.19405777777777777,0.19995209920634918
2022-05-04,Comm,-0.013600000000000001,-0.02558333333333333,0.09295749897912382
2022-05-04,Consumer,0.0771423188405797,0.11965,0.09817922118301865
2022-05-04,Energy,0.05974888888888889,0.1915303333333333,0.17897619412377747
2022-05-04,Financials,0.0,0.21465666666666666,0.10717180183268334
2022-05-04,Healthcare,0.050575,-0.038275,0.11126392337490551
2022-05-04,Industrials,0.11836666666666666,0.2925,0.09069368535697106
2022-05-04,Materials,0.21660000000000001,-0.07086666666666666,0.10273293121693124
2022-05-04,RealEstate,0.06919166666666668,0.08510000000000001,0.10481512698412698
2022-05-04,Tech,-0.028433573717948718,-0.014621587301587297,0.11691760870703025
2022-05-04,Utilities,-0.022058730158730156,0.24270999999999998,0.1929541626984127
2022-05-05,Comm,-0.03416666666666666,-0.013600000000000001,0.08351136802674286
2022-05-05,Consumer,-0.09383695238095237,0.0771423188405797,0.0978344306436145
2022-05-05,Energy,0.2955449047619048,0.05974888888888889,0.1796011094676928
2022-05-05,Financials,0.127162,0.0,0.10751295567883719
2022-05-05,Healthcare,0.05953333333333334,0.050575,0.11006001861300074
2022-05-05,Industrials,0.0011606666666666653,0.11836666666666666,0.0891399551982409
2022-05-05,Materials,0.31235,0.21660000000000001,0.11504324867724869
2022-05-05,RealEstate,0.06193333333333333,0.06919166666666668,0.1018370515873016
2022-05-05,Tech,0.27581316666666666,-0.028433573717948718,0.11009144497466819
2022-05-05,Utilities,0.03735333333333333,-0.022058730158730156,0.18305612792894937
2022-05-06,Comm,0.2111406666666667,-0.03416666666666666,0.08519762199499684
2022-05-06,Consumer,0.035270571428571436,-0.09383695238095237,0.08924326057558728
2022-05-06,Energy,0.16832407142857142,0.2955449047619048,0.1895325811230216
2022-05-06,Financials,-0.13598333333333334,0.127162,0.1045627652026467
2022-05-06,Healthcare,0.01825,0.05953333333333334,0.105225986866969
2022-05-06,Industrials,0.1623333333333333,0.0011606666666666653,0.0879586717515289
2022-05-06,Materials,0.0020333333333333314,0.31235,0.12272241534391534
2022-05-06,RealEstate,0.03733333333333333,0.06193333333333333,0.09741197222222223
2022-05-06,Tech,0.07282428571428572,0.27581316666666666,0.12148240849725671
2022-05-06,Utilities,0.108155,0.03735333333333333,0.17192295332577473
2022-05-09,Comm,-0.024980000000000002,0.2111406666666667,0.09423606643944127
2022-05-09,Consumer,0.12882402597402595,0.035270571428571436,0.08740084334202719
2022-05-09,Energy,0.11587069264069265,0.16832407142857142,0.18899712023866785
2022-05-09,Financials,0.031316666666666666,-0.13598333333333334,0.09297397552010704
2022-05-09,Healthcare,0.08778333333333332,0.01825,0.1036867011526833
2022-05-09,Industrials,0.1487765,0.1623333333333333,0.08927799714835429
2022-05-09,Materials,0.0,0.0020333333333333314,0.11291130423280424
2022-05-09,RealEstate,0.13553,0.03733333333333333,0.09306911507936509
2022-05-09,Tech,0.08908256410256411,0.07282428571428572,0.11755874183059004
2022-05-09,Utilities,0.061818749999999985,0.108155,0.15871208030990172
2022-05-10,Comm,0.05671607142857142,-0.024980000000000002,0.09290735612198095
2022-05-10,Consumer,0.09924055555555555,0.12882402597402595,0.09285020436724536
2022-05-10,Energy,0.13113142857142857,0.11587069264069265,0.18623703417393894
2022-05-10,Financials,0.1761,0.031316666666666666,0.09120059456772608
2022-05-10,Healthcare,0.14197200000000001,0.08778333333333332,0.10323412178760394
2022-05-10,Industrials,0.05308958333333333,0.1487765,0.09329099374699375
2022-05-10,Materials,0.302375,0.0,0.10586368518518519
2022-05-10,RealEstate,0.04052000000000001,0.13553,0.09560101984126985
2022-05-10,Tech,0.19980564102564102,0.08908256410256411,0.10781876188989582
2022-05-10,Utilities,0.0,0.061818749999999985,0.1533230260770975
2022-05-11,Comm,0.07184333333333334,0.05671607142857142,0.09161288333286531
2022-05-11,Consumer,-0.023896000000000008,0.09924055555555555,0.09045158002862103
2022-05-11,Energy,0.29024652777777776,0.13113142857142857,0.18072041852768045
2022-05-11,Financials,0.08363833333333333,0.1761,0.09802466552944411
2022-05-11,Healthcare,0.021426666666666677,0.14197200000000001,0.09292621702569917
2022-05-11,Industrials,0.0881952380952381,0.05308958333333333,0.08988454533429532
2022-05-11,Materials,0.0,0.302375,0.11885058994708994
2022-05-11,RealEstate,0.02968333333333334,0.04052000000000001,0.09283213095238096
2022-05-11,Tech,0.10732678571428571,0.19980564102564102,0.09914601463714856
2022-05-11,Utilities,0.17556666666666665,0.0,0.1533230260770975
2022-05-12,Comm,0.015794999999999997,0.07184333333333334,0.09117194962604926
2022-05-12,Consumer,0.05801480392156864,-0.023896000000000008,0.08056577390617203
2022-05-12,Energy,0.10331690476190476,0.29024652777777776,0.17826038215201906
2022-05-12,Financials,0.11983541666666667,0.08363833333333333,0.10179729364735793
2022-05-12,Healthcare,-0.005173333333333319,0.021426666666666677,0.08952655035903251
2022-05-12,Industrials,0.14164166666666667,0.0881952380952381,0.0927288291589363
2022-05-12,Materials,0.3370083333333333,0.0,0.0976291613756614
2022-05-12,RealEstate,0.31751111111111113,0.02968333333333334,0.09432756746031748
2022-05-12,Tech,0.03639452380952381,0.10732678571428571,0.09308146486152737
2022-05-12,Utilities,0.007808333333333338,0.17556666666666665,0.1495262006802721
2022-05-13,Comm,0.12901666666666667,0.015794999999999997,0.07534790200700163
2022-05-13,Consumer,0.06429476190476191,0.05801480392156864,0.07903495958044175
2022-05-13,Energy,0.12327222222222223,0.10331690476190476,0.1745441183576124
2022-05-13,Financials,0.11499199999999998,0.11983541666666667,0.10399631240637668
2022-05-13,Healthcare,-0.0188375,-0.005173333333333319,0.08484210591458805
2022-05-13,Industrials,0.058140833333333336,0.14164166666666667,0.0955456545557617
2022-05-13,Materials,0.159225,0.3370083333333333,0.10457116534391535
2022-05-13,RealEstate,0.17701250000000002,0.31751111111111113,0.09590333465608467
2022-05-13,Tech,0.09926212121212122,0.03639452380952381,0.08896433334225298
2022-05-13,Utilities,0.331775,0.007808333333333338,0.13633254988662133
2022-05-16,Comm,0.07973333333333334,0.12901666666666667,0.0702878821657318
2022-05-16,Consumer,0.019957333333333334,0.06429476190476191,0.08149937681400184
2022-05-16,Energy,0.08721899145299146,0.12327222222222223,0.1694713703417394
2022-05-16,Financials,0.03664714285714284,0.11499199999999998,0.10319001611008038
2022-05-16,Healthcare,0.048321666666666666,-0.0188375,0.07994047893046108
2022-05-16,Industrials,0.137495,0.058140833333333336,0.09744601169861883
2022-05-16,Materials,0.0903,0.159225,0.09546332804232804
2022-05-16,RealEstate,0.12654583333333333,0.17701250000000002,0.10251702513227515
2022-05-16,Tech,0.017866,0.09926212121212122,0.0877062597491794
2022-05-16,Utilities,0.2732,0.331775,0.15213135941043085
2022-05-17,Comm,0.009181333333333333,0.07973333333333334,0.07758137422922384
2022-05-17,Consumer,0.09659656862745097,0.019957333333333334,0.07735581445572519
2022-05-17,Energy,0.10922719696969697,0.08721899145299146,0.1601746556490247
2022-05-17,Financials,0.050210333333333336,0.03664714285714284,0.09689793583797154
2022-05-17,Healthcare,-0.021684375000000002,0.048321666666666666,0.0782121399281935
2022-05-17,Industrials,0.11529199999999999,0.137495,0.09876958312719027
2022-05-17,Materials,0.08958958333333333,0.0903,0.0963759470899471
2022-05-17,RealEstate,0.3404375,0.12654583333333333,0.09358349338624339
2022-05-17,Tech,0.16402091575091576,0.017866,0.08824313276505241
2022-05-17,Utilities,0.31206,0.2732,0.15440040702947846
2022-05-18,Comm,-0.021075,0.009181333333333333,0.07630892071448463
2022-05-18,Consumer,0.01716661290322581,0.09659656862745097,0.07338022248560382
2022-05-18,Energy,0.09223620512820511,0.10922719696969697,0.15303461476398383
2022-05-18,Financials,0.10264333333333335,0.050210333333333336,0.08750174886621316
2022-05-18,Healthcare,0.17670999999999998,-0.021684375000000002,0.0745036247165533
2022-05-18,Industrials,0.00029333333333333436,0.11529199999999999,0.1023489640795712
2022-05-18,Materials,0.296,0.08958958333333333,0.09492711772486773
2022-05-18,RealEstate,-0.06143333333333333,0.3404375,0.10575631084656086
2022-05-18,Tech,0.269345,0.16402091575091576,0.09167412875319125
2022-05-18,Utilities,0.0,0.31206,0.15787707369614512
2022-05-19,Comm,0.07331666666666668,-0.021075,0.07714700007956399
2022-05-19,Consumer,0.15134,0.01716661290322581,0.06908674260117692
2022-05-19,Energy,0.1486772619047619,0.09223620512820511,0.14698605310342214
2022-05-19,Financials,0.14355400000000001,0.10264333333333335,0.0830335447845805
2022-05-19,Healthcare,0.11850625000000001,0.17670999999999998,0.08328712585034014
2022-05-19,Industrials,0.3299611111111111,0.00029333333333333436,0.0993065037621109
2022-05-19,Materials,0.2174111111111111,0.296,0.10596045105820107
2022-05-19,RealEstate,0.03650625,-0.06143333333333333,0.10730062830687832
2022-05-19,Tech,0.18032017045454546,0.269345,0.09637591182197432
2022-05-19,Utilities,0.276575,0.0,0.14543580385487528
2022-05-20,Comm,0.16309,0.07331666666666668,0.07484237044993436
2022-05-20,Consumer,0.13630524844720496,0.15134,0.07699237752181184
2022-05-20,Energy,0.2707125,0.1486772619047619,0.14459735128936319
2022-05-20,Financials,0.28287083333333335,0.14355400000000001,0.08768944954648526
2022-05-20,Healthcare,-0.03602333333333334,0.11850625000000001,0.07469292942176871
2022-05-20,Industrials,0.1420435185185185,0.3299611111111111,0.10985446143406856
2022-05-20,Materials,0.19425,0.2174111111111111,0.11080452513227514
2022-05-20,RealEstate,0.07935999999999999,0.03650625,0.11387949735449736
2022-05-20,Tech,0.2797958333333333,0.18032017045454546,0.0966113366055241
2022-05-20,Utilities,0.06638055555555555,0.276575,0.15799175623582767
2022-05-23,Comm,-0.007769999999999999,0.16309,0.07330112358276646
2022-05-23,Consumer,0.06651283540372671,0.13630524844720496,0.07634307189231367
2022-05-23,Energy,0.10954800000000002,0.2707125,0.14919838303539495
2022-05-23,Financials,-0.02240766666666666,0.28287083333333335,0.10542647335600908
2022-05-23,Healthcare,0.18671,-0.03602333333333334,0.06719578656462585
2022-05-23,Industrials,0.16016458333333333,0.1420435185185185,0.10577081945875991
2022-05-23,Materials,0.281725,0.19425,0.11686021825396826
2022-05-23,RealEstate,0.098474,0.07935999999999999,0.11634211640211642
2022-05-23,Tech,0.1603996591478697,0.2797958333333333,0.10801833773931097
2022-05-23,Utilities,0.1938625,0.06638055555555555,0.1566329731670446
2022-05-24,Comm,0.09552799999999999,-0.007769999999999999,0.07044489909297053
2022-05-24,Consumer,0.19893866666666668,0.06651283540372671,0.07226978287525757
2022-05-24,Energy,0.17849844444444446,0.10954800000000002,0.15082320843222033
2022-05-24,Financials,0.32992,-0.02240766666666666,0.0977868225623583
2022-05-24,Healthcare,0.01715500000000001,0.18671,0.07107959608843537
2022-05-24,Industrials,0.42611333333333334,0.16016458333333333,0.11755770437939486
2022-05-24,Materials,-0.14200000000000002,0.281725,0.12988468915343918
2022-05-24,RealEstate,0.32005,0.098474,0.11621468783068785
2022-05-24,Tech,0.24001999999999998,0.1603996591478697,0.11435355960349522
2022-05-24,Utilities,0.21023750000000002,0.1938625,0.1592814096749811
2022-05-25,Comm,0.20104285714285713,0.09552799999999999,0.06959178798185942
2022-05-25,Consumer,0.023675047619047616,0.19893866666666668,0.07820428763716232
2022-05-25,Energy,0.19254166666666667,0.17849844444444446,0.15364666050395814
2022-05-25,Financials,0.027777777777777776,0.32992,0.10677194954648528
2022-05-25,Healthcare,-0.12983125,0.01715500000000001,0.060932818310657604
2022-05-25,Industrials,0.2593816666666667,0.42611333333333334,0.1301629651503699
2022-05-25,Materials,0.1618777777777778,-0.14200000000000002,0.11404560185185186
2022-05-25,RealEstate,0.256675,0.32005,0.1249291322751323
2022-05-25,Tech,0.0241180808080808,0.24001999999999998,0.11847003466018456
2022-05-25,Utilities,0.18213333333333334,0.21023750000000002,0.15975611205593349
2022-05-26,Comm,0.21776,0.20104285714285713,0.06238545578231293
2022-05-26,Consumer,0.09165325,0.023675047619047616,0.07596786133330745
2022-05-26,Energy,0.1650985,0.19254166666666667,0.15651857093479712
2022-05-26,Financials,0.177105,0.027777777777777776,0.10059820351473923
2022-05-26,Healthcare,0.20277809523809526,-0.12983125,0.05689422137188208
2022-05-26,Industrials,0.07302916666666667,0.2593816666666667,0.14365251184177374
2022-05-26,Materials,0.044556250000000006,0.1618777777777778,0.1151201388888889
2022-05-26,RealEstate,0.14705000000000001,0.256675,0.13715175132275134
2022-05-26,Tech,0.2421684210526316,0.0241180808080808,0.11314508612723603
2022-05-26,Utilities,0.16945,0.18213333333333334,0.15130055650037794
2022-05-27,Comm,0.09177916666666666,0.21776,0.0684091037414966
2022-05-27,Consumer,0.11223100000000001,0.09165325,0.07787678329097941
2022-05-27,Energy,0.25107380952380953,0.1650985,0.15175489104061723
2022-05-27,Financials,0.11309,0.177105,0.1083742881708239
2022-05-27,Healthcare,-0.03215624999999999,0.20277809523809526,0.06230921003401361
2022-05-27,Industrials,0.12723666666666666,0.07302916666666667,0.1446255673973293
2022-05-27,Materials,-0.1858,0.044556250000000006,0.11724186507936508
2022-05-27,RealEstate,0.1334875,0.14705000000000001,0.14141335846560846
2022-05-27,Tech,-0.004007777777777782,0.2421684210526316,0.11850217496043014
2022-05-27,Utilities,0.3818,0.16945,0.15394235544217688
2022-05-31,Comm,0.1927488888888889,0.09177916666666666,0.07157858786848073
2022-05-31,Consumer,0.13059444444444446,0.11223100000000001,0.07507818011637624
2022-05-31,Energy,0.22741289377289378,0.25107380952380953,0.151734154079166
2022-05-31,Financials,0.06108333333333334,0.11309,0.11443528590325021
2022-05-31,Healthcare,0.32664666666666664,-0.03215624999999999,0.055758649376417224
2022-05-31,Industrials,0.372985,0.12723666666666666,0.14861204132023179
2022-05-31,Materials,0.12128333333333334,-0.1858,0.10983974867724869
2022-05-31,RealEstate,0.158525,0.1334875,0.13237228703703705
2022-05-31,Tech,0.2941422222222222,-0.004007777777777782,0.11708160031516798
2022-05-31,Utilities,0.21101166666666665,0.3818,0.1668220379818594
2022-06-01,Comm,0.2012,0.1927488888888889,0.0763487135298564
2022-06-01,Consumer,-0.05751166666666667,0.13059444444444446,0.07746773684007582
2022-06-01,Energy,0.2107964285714286,0.22741289377289378,0.16642518782143784
2022-06-01,Financials,0.13022499999999998,0.06108333333333334,0.10490115891912319
2022-06-01,Healthcare,0.07180208333333334,0.32664666666666664,0.06670237953514739
2022-06-01,Industrials,0.238698,0.372985,0.15579240639959688
2022-06-01,Materials,0.098875,0.12128333333333334,0.11561514550264551
2022-06-01,RealEstate,0.23835,0.158525,0.1314139537037037
2022-06-01,Tech,0.1893076388888889,0.2941422222222222,0.13101968181039234
2022-06-01,Utilities,0.4337125,0.21101166666666665,0.1625665088813303
2022-06-02,Comm,-0.07633000000000001,0.2012,0.08012938019652305
2022-06-02,Consumer,0.17414066666666667,-0.05751166666666667,0.06915063933440689
2022-06-02,Energy,0.32685400000000003,0.2107964285714286,0.16771561299150586
2022-06-02,Financials,0.07839999999999998,0.13022499999999998,0.10306842082388512
2022-06-02,Healthcare,-0.07786000000000001,0.07180208333333334,0.059342335884353746
2022-06-02,Industrials,0.048078333333333334,0.238698,0.16413799370118415
2022-06-02,Materials,0.0086,0.098875,0.12032347883597883
2022-06-02,RealEstate,0.1390875,0.23835,0.1346591917989418
2022-06-02,Tech,0.10932380952380952,0.1893076388888889,0.13785476624315535
2022-06-02,Utilities,0.5295,0.4337125,0.17397863851095993
2022-06-03,Comm,0.05561083333333334,-0.07633000000000001,0.07771287226001512
2022-06-03,Consumer,0.03630208333333333,0.17414066666666667,0.07174543298520054
2022-06-03,Energy,0.19836666666666666,0.32685400000000003,0.17415959711849
2022-06-03,Financials,-0.041575,0.07839999999999998,0.09658000812547242
2022-06-03,Healthcare,0.06581666666666668,-0.07786000000000001,0.057457335884353734
2022-06-03,Industrials,0.14037777777777777,0.048078333333333334,0.1524988667170572
2022-06-03,Materials,0.10115,0.0086,0.12410760582010584
2022-06-03,RealEstate,0.2366625,0.1390875,0.13723002513227517
2022-06-03,Tech,0.11425733333333335,0.10932380952380952,0.14375692799674566
2022-06-03,Utilities,0.18145,0.5295,0.1876353051776266
2022-06-06,Comm,-0.012226666666666669,0.05561083333333334,0.08100862622826908
2022-06-06,Consumer,0.10988083333333333,0.03630208333333333,0.06980065986580784
2022-06-06,Energy,0.18590604395604396,0.19836666666666666,0.18076044367933655
2022-06-06,Financials,0.23270833333333335,-0.041575,0.0946002462207105
2022-06-06,Healthcare,0.09547209523809526,0.06581666666666668,0.05818312953514739
2022-06-06,Industrials,0.021065000000000007,0.14037777777777777,0.15354701486520533
2022-06-06,Materials,0.07341249999999999,0.10115,0.11860998677248677
2022-06-06,RealEstate,0.07598666666666666,0.2366625,0.14520482671957674
2022-06-06,Tech,0.06840833333333333,0.11425733333333335,0.15055173309442577
2022-06-06,Utilities,0.1417111111111111,0.18145,0.19732619708994706
2022-06-07,Comm,0.08148749999999999,-0.012226666666666669,0.082053388133031
2022-06-07,Consumer,0.17995916666666667,0.10988083333333333,0.07950150680458336
2022-06-07,Energy,0.095547,0.18590604395604396,0.17553954554572412
2022-06-07,Financials,0.13640666666666668,0.23270833333333335,0.09962626209372638
2022-06-07,Healthcare,0.3433583333333333,0.09547209523809526,0.059894499149659865
2022-06-07,Industrials,0.32036000000000003,0.021065000000000007,0.15449484026203072
2022-06-07,Materials,0.03877499999999999,0.07341249999999999,0.1072320105820106
2022-06-07,RealEstate,0.04432666666666667,0.07598666666666666,0.14587403306878308
2022-06-07,Tech,0.06256533333333333,0.06840833333333333,0.14067531245950513
2022-06-07,Utilities,0.20395,0.1417111111111111,0.20229561507936508
2022-06-08,Comm,0.31982,0.08148749999999999,0.07587942781557067
2022-06-08,Consumer,0.17570000000000002,0.17995916666666667,0.08639143991115933
2022-06-08,Energy,0.18043984126984128,0.095547,0.17207397071579214
2022-06-08,Financials,0.05616190476190477,0.13640666666666668,0.11259721447467876
2022-06-08,Healthcare,0.34175,0.3433583333333333,0.07537584835600906
2022-06-08,Industrials,0.0043875000000000025,0.32036000000000003,0.16201991962711013
2022-06-08,Materials,0.123475,0.03877499999999999,0.10898161375661376
2022-06-08,RealEstate,0.20451,0.04432666666666667,0.14620704894179895
2022-06-08,Tech,0.09099093750000001,0.06256533333333333,0.140186790917555
2022-06-08,Utilities,0.3246666666666667,0.20395,0.20685728174603174
2022-06-09,Comm,0.08032133333333333,0.31982,0.09229847543461829
2022-06-09,Consumer,0.004124714285714287,0.17570000000000002,0.08862362915049142
2022-06-09,Energy,0.16317500000000001,0.18043984126984128,0.17514869207908496
2022-06-09,Financials,-0.01284444444444445,0.05616190476190477,0.11378032105064248
2022-06-09,Healthcare,0.016858333333333333,0.34175,0.08746949914965987
2022-06-09,Industrials,0.26386729166666667,0.0043875000000000025,0.15514425296044343
2022-06-09,Materials,0.029024999999999995,0.123475,0.11486137566137566
2022-06-09,RealEstate,0.34031666666666666,0.20451,0.14949181084656085
2022-06-09,Tech,0.065266,0.09099093750000001,0.14027766584124243
2022-06-09,Utilities,0.10734666666666666,0.3246666666666667,0.21937384920634917
2022-06-10,Comm,-0.031369999999999995,0.08032133333333333,0.09342253552532125
2022-06-10,Consumer,0.07040472727272726,0.004124714285714287,0.08409430337573708
2022-06-10,Energy,0.09383333333333334,0.16317500000000001,0.17667457643282644
2022-06-10,Financials,0.09077333333333333,-0.01284444444444445,0.10478296655328799
2022-06-10,Healthcare,-0.01185583333333334,0.016858333333333333,0.08151170549886622
2022-06-10,Industrials,0.06280833333333334,0.26386729166666667,0.16518128669060217
2022-06-10,Materials,-0.1589,0.029024999999999995,0.10184470899470899
2022-06-10,RealEstate,0.16952499999999998,0.34031666666666666,0.1637678425925926
2022-06-10,Tech,0.04853750000000001,0.065266,0.13387101626859285
2022-06-10,Utilities,0.2335375,0.10734666666666666,0.22448559523809525
2022-06-13,Comm,0.09076999999999999,-0.031369999999999995,0.0885076148904006
2022-06-13,Consumer,0.11722030303030304,0.07040472727272726,0.0885848141982479
2022-06-13,Energy,0.1565974116161616,0.09383333333333334,0.1673215671735672
2022-06-13,Financials,0.12708233333333332,0.09077333333333333,0.10512272845804989
2022-06-13,Healthcare,0.2716294642857143,-0.01185583333333334,0.07992682454648525
2022-06-13,Industrials,-0.012410000000000004,0.06280833333333334,0.16397238646384482
2022-06-13,Materials,0.05801666666666667,-0.1589,0.09427804232804234
2022-06-13,RealEstate,0.114735,0.16952499999999998,0.17042696957671957
2022-06-13,Tech,0.12153770634920633,0.04853750000000001,0.1310715264726745
2022-06-13,Utilities,0.10225,0.2335375,0.2272461111111111
2022-06-14,Comm,0.269084375,0.09076999999999999,0.0920778529856387
2022-06-14,Consumer,0.09382946428571429,0.11722030303030304,0.09140412367961621
2022-06-14,Energy,0.214009375,0.1565974116161616,0.16985873416662706
2022-06-14,Financials,-0.09208476190476192,0.12708233333333332,0.10546781972789115
2022-06-14,Healthcare,-0.030830000000000003,0.2716294642857143,0.09310791014739228
2022-06-14,Industrials,0.18406466666666668,-0.012410000000000004,0.15663659281305117
2022-06-14,Materials,0.1618,0.05801666666666667,0.08099272486772487
2022-06-14,RealEstate,0.08678999999999999,0.114735,0.1607709642857143
2022-06-14,Tech,0.1344104761904762,0.12153770634920633,0.1351259637364689
2022-06-14,Utilities,0.1557166666666667,0.10225,0.23174333333333333
2022-06-15,Comm,0.040440000000000004,0.269084375,0.09874774385865456
2022-06-15,Consumer,-0.09682500000000001,0.09382946428571429,0.09281053807870918
2022-06-15,Energy,0.2154575,0.214009375,0.17417955096556884
2022-06-15,Financials,0.058606666666666675,-0.09208476190476192,0.09560702154195011
2022-06-15,Healthcare,0.08589900000000002,-0.030830000000000003,0.09253683871882086
2022-06-15,Industrials,0.17115181818181818,0.18406466666666668,0.16263296582892414
2022-06-15,Materials,0.22115,0.1618,0.08111534391534392
2022-06-15,RealEstate,-0.03735,0.08678999999999999,0.15647465476190478
2022-06-15,Tech,0.23473300000000002,0.1344104761904762,0.13679969492591437
2022-06-15,Utilities,0.0,0.1557166666666667,0.22335960317460318
2022-06-16,Comm,0.022036666666666666,0.040440000000000004,0.09687663274754346
2022-06-16,Consumer,0.08174111111111113,-0.09682500000000001,0.0872494745866457
2022-06-16,Energy,0.06751,0.2154575,0.18028614661066447
2022-06-16,Financials,-0.008701666666666672,0.058606666666666675,0.09665271315192743
2022-06-16,Healthcare,0.30465,0.08589900000000002,0.09432623554421768
2022-06-16,Industrials,0.07423400000000001,0.17115181818181818,0.1642356714566298
2022-06-16,Materials,0.21621,0.22115,0.0873462962962963
2022-06-16,RealEstate,0.1064875,-0.03735,0.14867009126984126
2022-06-16,Tech,0.08834822510822511,0.23473300000000002,0.14712669492591438
2022-06-16,Utilities,0.03946000000000001,0.0,0.21035007936507938
2022-06-17,Comm,0.1711825,0.022036666666666666,0.0974887914777022
2022-06-17,Consumer,0.14481,0.08174111111111113,0.08654207184777236
2022-06-17,Energy,0.19483333333333333,0.06751,0.1782996134216313
2022-06-17,Financials,0.08931000000000001,-0.008701666666666672,0.0938473798185941
2022-06-17,Healthcare,0.26004166666666667,0.30465,0.10986596768707482
2022-06-17,Industrials,0.23881666666666665,0.07423400000000001,0.16228052859948694
2022-06-17,Materials,-0.027224999999999992,0.21621,0.09337583994708995
2022-06-17,RealEstate,0.38482333333333335,0.1064875,0.1375296150793651
2022-06-17,Tech,0.11698958333333334,0.08834822510822511,0.14352323346673865
2022-06-17,Utilities,0.1525,0.03946000000000001,0.19736912698412695
2022-06-21,Comm,0.11949285714285714,0.1711825,0.10664391052532124
2022-06-21,Consumer,0.03636007575757576,0.14481,0.09262032837619019
2022-06-21,Energy,0.06591158088235294,0.19483333333333333,0.18318519095520883
2022-06-21,Financials,-0.02925466666666666,0.08931000000000001,0.09321245918367348
2022-06-21,Healthcare,0.3148949404761905,0.26004166666666667,0.11383414229024942
2022-06-21,Industrials,0.18726833333333331,0.23881666666666665,0.1736387825677409
2022-06-21,Materials,0.10650000000000001,-0.027224999999999992,0.07798417328042329
2022-06-21,RealEstate,0.28150416666666667,0.38482333333333335,0.15877993253968253
2022-06-21,Tech,0.11818778205128204,0.11698958333333334,0.13626821362546881
2022-06-21,Utilities,0.17663333333333334,0.1525,0.20463103174603173
2022-06-22,Comm,0.137575,0.11949285714285714,0.10884277673847316
2022-06-22,Consumer,0.15841818181818182,0.03636007575757576,0.08714509388845569
2022-06-22,Energy,0.042227777777777774,0.06591158088235294,0.17924396804937984
2022-06-22,Financials,0.17926666666666669,-0.02925466666666666,0.08498347505668935
2022-06-22,Healthcare,0.018083333333333333,0.3148949404761905,0.12318598469387755
2022-06-22,Industrials,-0.030042777777777797,0.18726833333333331,0.16684388838784672
2022-06-22,Materials,0.09828888888888888,0.10650000000000001,0.0727026917989418
2022-06-22,RealEstate,0.38398333333333334,0.28150416666666667,0.1704465
2022-06-22,Tech,0.18884190476190477,0.11818778205128204,0.13330952846340863
2022-06-22,Utilities,0.3825033333333333,0.17663333333333334,0.19987190476190475
2022-06-23,Comm,0.013355555555555553,0.137575,0.10762777673847317
2022-06-23,Consumer,0.1562095,0.15841818181818182,0.08819809071564506
2022-06-23,Energy,0.08919472222222222,0.042227777777777774,0.16836374318165495
2022-06-23,Financials,0.049767166666666675,0.17926666666666669,0.0800499433106576
2022-06-23,Healthcare,-0.09467933333333332,0.018083333333333333,0.1257624926303855
2022-06-23,Industrials,0.130004,-0.030042777777777797,0.15864930284992787
2022-06-23,Materials,0.11695666666666667,0.09828888888888888,0.06813311507936508
2022-06-23,RealEstate,0.25239999999999996,0.38398333333333334,0.184952373015873
2022-06-23,Tech,0.1661,0.18884190476190477,0.12897838900762632
2022-06-23,Utilities,0.255,0.3825033333333333,0.21492537037037038
2022-06-24,Comm,-0.03716,0.013355555555555553,0.10863375557445198
2022-06-24,Consumer,0.022115000000000003,0.1562095,0.09246936045832475
2022-06-24,Energy,-0.08981416666666667,0.08919472222222222,0.16739453947795124
2022-06-24,Financials,0.3014328333333333,0.049767166666666675,0.08348684013605442
2022-06-24,Healthcare,0.36242142857142856,-0.09467933333333332,0.11236300056689341
2022-06-24,Industrials,0.0053888888888888875,0.130004,0.1572130845959596
2022-06-24,Materials,0.148,0.11695666666666667,0.06028700396825397
2022-06-24,RealEstate,-0.1858,0.25239999999999996,0.19228218253968254
2022-06-24,Tech,-0.009807999999999994,0.1661,0.12924983381010874
2022-06-24,Utilities,0.1591,0.255,0.2178366798941799
2022-06-27,Comm,0.12203750000000001,-0.03716,0.10231527938397582
2022-06-27,Consumer,0.11678600000000001,0.022115000000000003,0.08404918585515013
2022-06-27,Energy,0.10657933333333333,-0.08981416666666667,0.15461774847266024
2022-06-27,Financials,0.030147333333333342,0.3014328333333333,0.08213030839002268
2022-06-27,Healthcare,0.2411617857142857,0.36242142857142856,0.12880425907029477
2022-06-27,Industrials,0.12119071428571429,0.0053888888888888875,0.13717858724146223
2022-06-27,Materials,0.27268333333333333,0.148,0.07409652777777778
2022-06-27,RealEstate,0.08831,-0.1858,0.1681940873015873
2022-06-27,Tech,0.2142255238095238,-0.009807999999999994,0.1173532623815373
2022-06-27,Utilities,0.14325000000000002,0.1591,0.21540156084656084
2022-06-28,Comm,0.1445875,0.12203750000000001,0.09855311952003024
2022-06-28,Consumer,0.13665487719298247,0.11678600000000001,0.08848304073043359
2022-06-28,Energy,0.269013081232493,0.10657933333333333,0.15052430402821582
2022-06-28,Financials,0.14524479166666665,0.030147333333333342,0.08224314436885866
2022-06-28,Healthcare,-0.049111111111111105,0.2411617857142857,0.1464705941043084
2022-06-28,Industrials,0.046588571428571424,0.12119071428571429,0.13059806569951213
2022-06-28,Materials,0.4088333333333334,0.27268333333333333,0.0793729828042328
2022-06-28,RealEstate,0.0913,0.08831,0.16017670634920633
2022-06-28,Tech,0.07973964285714286,0.2142255238095238,0.1264059977625584
2022-06-28,Utilities,0.19215416666666668,0.14325000000000002,0.21354997354497354
2022-06-29,Comm,0.013112499999999997,0.1445875,0.09506871475812548
2022-06-29,Consumer,0.021086051948051944,0.13665487719298247,0.09062597535867085
2022-06-29,Energy,0.2327914285714286,0.269013081232493,0.1554726174202393
2022-06-29,Financials,0.06903541666666667,0.14524479166666665,0.08072599159108088
2022-06-29,Healthcare,0.32962142857142857,-0.049111111111111105,0.13447586999244143
2022-06-29,Industrials,0.17250666666666667,0.046588571428571424,0.1293389897357933
2022-06-29,Materials,0.085,0.4088333333333334,0.09671951058201059
2022-06-29,RealEstate,0.1771625,0.0913,0.15752194444444445
2022-06-29,Tech,0.16612555555555555,0.07973964285714286,0.11867129403896369
2022-06-29,Utilities,0.19032499999999997,0.19215416666666668,0.2146311243386243
2022-06-30,Comm,0.1959216666666667,0.013112499999999997,0.09132268301209372
2022-06-30,Consumer,0.11716798534798537,0.021086051948051944,0.08628573973714951
2022-06-30,Energy,-0.04983449999999999,0.2327914285714286,0.15460202785107827
2022-06-30,Financials,0.1354057142857143,0.06903541666666667,0.07862815428949357
2022-06-30,Healthcare,0.07456666666666667,0.32962142857142857,0.15170337849584278
2022-06-30,Industrials,0.32361666666666666,0.17250666666666667,0.1314947040215076
2022-06-30,Materials,0.110675,0.085,0.10961474867724867
2022-06-30,RealEstate,0.085,0.1771625,0.15960170634920634
2022-06-30,Tech,0.12980755555555554,0.16612555555555555,0.12677288134055098
2022-06-30,Utilities,0.14246,0.19032499999999997,0.20551326719576724
2022-07-01,Comm,0.39085000000000003,0.1959216666666667,0.09147376766817839
2022-07-01,Consumer,0.0776611607142857,0.11716798534798537,0.08564638454208004
2022-07-01,Energy,0.22599,-0.04983449999999999,0.14139977100475
2022-07-01,Financials,0.06918333333333333,0.1354057142857143,0.08216731528722601
2022-07-01,Healthcare,0.05229625,0.07456666666666667,0.13969956897203323
2022-07-01,Industrials,0.08596666666666668,0.32361666666666666,0.1291438310056346
2022-07-01,Materials,0.20095,0.110675,0.10910958994708994
2022-07-01,RealEstate,0.09706,0.085,0.15610051587301588
2022-07-01,Tech,0.17648452380952379,0.12980755555555554,0.11894742102309065
2022-07-01,Utilities,-0.055299999999999995,0.14246,0.20224890211640215
2022-07-05,Comm,0.14965416666666667,0.39085000000000003,0.10050472004913076
2022-07-05,Consumer,0.11166799145299144,0.0776611607142857,0.0920831858459349
2022-07-05,Energy,0.07907858682983684,0.22599,0.14212327440611056
2022-07-05,Financials,0.12165976190476191,0.06918333333333333,0.07926056925547997
2022-07-05,Healthcare,0.13635250000000002,0.05229625,0.13877071976568406
2022-07-05,Industrials,0.20935624999999997,0.08596666666666668,0.12187091037071396
2022-07-05,Materials,0.19741250000000002,0.20095,0.11397030423280424
2022-07-05,RealEstate,0.21361666666666668,0.09706,0.14937242063492062
2022-07-05,Tech,0.1578659722222222,0.17648452380952379,0.11833679649550186
2022-07-05,Utilities,0.27973333333333333,-0.055299999999999995,0.17896259259259256
2022-07-06,Comm,-0.18056388888888888,0.14965416666666667,0.11126587084278156
2022-07-06,Consumer,0.11930133333333334,0.11166799145299144,0.08910829655004561
2022-07-06,Energy,0.32752042857142855,0.07907858682983684,0.13032444520753134
2022-07-06,Financials,0.034421999999999994,0.12165976190476191,0.08132055791761149
2022-07-06,Healthcare,0.0004700000000000037,0.13635250000000002,0.14897131500377928
2022-07-06,Industrials,0.153915,0.20935624999999997,0.12955081116436473
2022-07-06,Materials,0.23322500000000002,0.19741250000000002,0.12296137566137567
2022-07-06,RealEstate,-0.11352499999999999,0.21361666666666668,0.15292142857142857
2022-07-06,Tech,0.131968,0.1578659722222222,0.12064832805256911
2022-07-06,Utilities,0.4032,0.27973333333333333,0.1670689417989418
2022-07-07,Comm,0.0,-0.18056388888888888,0.10001945549886619
2022-07-07,Consumer,0.010063333333333337,0.11930133333333334,0.09306064178814086
2022-07-07,Energy,0.26227666666666666,0.32752042857142855,0.13647462434585333
2022-07-07,Financials,0.18813266666666667,0.034421999999999994,0.08493946267951626
2022-07-07,Healthcare,-0.01589107142857142,0.0004700000000000037,0.14585956897203325
2022-07-07,Industrials,0.0772725,0.153915,0.13019544079399437
2022-07-07,Materials,-0.05039999999999999,0.23322500000000002,0.12925066137566138
2022-07-07,RealEstate,0.11005833333333334,-0.11352499999999999,0.13624583333333332
2022-07-07,Tech,0.06432939682539682,0.131968,0.1214916931319342
2022-07-07,Utilities,0.44795,0.4032,0.1776284656084656
2022-07-08,Comm,0.07390833333333334,0.0,0.10060167772108843
2022-07-08,Consumer,-0.0723725,0.010063333333333337,0.08830742750242657
2022-07-08,Energy,0.15276250000000002,0.26227666666666666,0.14011132066540682
2022-07-08,Financials,0.02326333333333334,0.18813266666666667,0.08281681188586547
2022-07-08,Healthcare,0.30364,-0.01589107142857142,0.14055656103552533
2022-07-08,Industrials,0.10615000000000001,0.0772725,0.13287198841304199
2022-07-08,Materials,0.164925,-0.05039999999999999,0.12335482804232804
2022-07-08,RealEstate,0.2759333333333333,0.11005833333333334,0.13786829365079364
2022-07-08,Tech,0.09711866666666667,0.06432939682539682,0.1212974580601277
2022-07-08,Utilities,0.16378333333333334,0.44795,0.19221126984126985
2022-07-11,Comm,0.18240933333333334,0.07390833333333334,0.10024076502267573
2022-07-11,Consumer,0.09311000000000001,-0.0723725,0.07629163385163291
2022-07-11,Energy,0.05594416666666667,0.15276250000000002,0.14283586828445444
2022-07-11,Financials,0.1806987728937729,0.02326333333333334,0.07742903410808769
2022-07-11,Healthcare,0.038387142857142856,0.30364,0.13866521182917613
2022-07-11,Industrials,0.15744583333333334,0.10615000000000001,0.12267151222256578
2022-07-11,Materials,-0.018499999999999996,0.164925,0.12936197089947093
2022-07-11,RealEstate,0.29322,0.2759333333333333,0.14889718253968254
2022-07-11,Tech,0.2371707142857143,0.09711866666666667,0.12294285488552453
2022-07-11,Utilities,0.15499166666666667,0.16378333333333334,0.19029857142857143
2022-07-12,Comm,0.16039333333333333,0.18240933333333334,0.09369739994331067
2022-07-12,Consumer,0.1937422077922078,0.09311000000000001,0.07235877670877577
2022-07-12,Energy,0.23591047619047617,0.05594416666666667,0.13690750282716038
2022-07-12,Financials,0.01926761904761906,0.1806987728937729,0.08335936116198617
2022-07-12,Healthcare,0.013692619047619047,0.038387142857142856,0.12421936148904004
2022-07-12,Industrials,0.08079499999999999,0.15744583333333334,0.12996000428605786
2022-07-12,Materials,0.0,-0.018499999999999996,0.12260125661375663
2022-07-12,RealEstate,-0.00645,0.29322,0.15312146825396825
2022-07-12,Tech,0.1152452380952381,0.2371707142857143,0.1299037966372252
2022-07-12,Utilities,0.0,0.15499166666666667,0.18221880952380953
2022-07-13,Comm,-0.07145000000000001,0.16039333333333333,0.09751035232426303
2022-07-13,Consumer,0.16275714285714288,0.1937422077922078,0.08138818116146594
2022-07-13,Energy,0.16536833333333334,0.23591047619047617,0.1403710969314688
2022-07-13,Financials,-0.020761923076923077,0.01926761904761906,0.08488850704256061
2022-07-13,Healthcare,0.1998071428571429,0.013692619047619047,0.12406861318972033
2022-07-13,Industrials,0.18887666666666666,0.08079499999999999,0.12124227611145469
2022-07-13,Materials,0.09145,0.0,0.12121911375661376
2022-07-13,RealEstate,0.23718333333333333,-0.00645,0.13660876984126985
2022-07-13,Tech,0.01983603174603175,0.1152452380952381,0.13228376035604605
2022-07-13,Utilities,0.13396666666666665,0.0,0.1771070634920635
2022-07-14,Comm,0.06961666666666667,-0.07145000000000001,0.0956017808956916
2022-07-14,Consumer,0.176815,0.16275714285714288,0.0857859152369143
2022-07-14,Energy,0.18075333333333335,0.16536833333333334,0.14377752550289735
2022-07-14,Financials,-0.0684649107142857,-0.020761923076923077,0.07957730435635793
2022-07-14,Healthcare,-0.10212249999999999,0.1998071428571429,0.13414780253212397
2022-07-14,Industrials,0.14362333333333333,0.18887666666666666,0.12724553007970862
2022-07-14,Materials,0.10839583333333333,0.09145,0.13314054232804234
2022-07-14,RealEstate,0.1107,0.23718333333333333,0.13983059523809524
2022-07-14,Tech,0.15716000000000002,0.01983603174603175,0.13091702377252376
2022-07-14,Utilities,0.10898333333333333,0.13396666666666665,0.17236559523809522
2022-07-15,Comm,-0.12386666666666667,0.06961666666666667,0.09459447930839003
2022-07-15,Consumer,0.05306621212121212,0.176815,0.088623757949757
2022-07-15,Energy,0.27465833333333334,0.18075333333333335,0.14492780748942935
2022-07-15,Financials,0.03811099999999999,-0.0684649107142857,0.07026553083028084
2022-07-15,Healthcare,0.025687500000000002,-0.10212249999999999,0.11635008994708995
2022-07-15,Industrials,-0.02206666666666666,0.14362333333333333,0.13467568880986738
2022-07-15,Materials,-0.4215,0.10839583333333333,0.13553955026455028
2022-07-15,RealEstate,-0.2455525,0.1107,0.13963845238095238
2022-07-15,Tech,0.15673071428571428,0.15716000000000002,0.13261332347018062
2022-07-15,Utilities,0.29412,0.10898333333333333,0.1726862301587302
2022-07-18,Comm,0.04868883928571428,-0.12386666666666667,0.07588252494331066
2022-07-18,Consumer,0.1495052857142857,0.05306621212121212,0.08668265070382834
2022-07-18,Energy,0.26950738095238097,0.27465833333333334,0.14781585312434997
2022-07-18,Financials,0.12111054621848741,0.03811099999999999,0.07646532901622187
2022-07-18,Healthcare,0.100544,0.025687500000000002,0.11904139947089948
2022-07-18,Industrials,0.15897333333333336,-0.02206666666666666,0.1248599110320896
2022-07-18,Materials,0.19125,-0.4215,0.1077633597883598
2022-07-18,RealEstate,0.12016249999999999,-0.2455525,0.12381261904761905
2022-07-18,Tech,0.2379355714285714,0.15673071428571428,0.13367619195090624
2022-07-18,Utilities,0.21922533333333333,0.29412,0.1792768650793651
2022-07-19,Comm,0.2507375,0.04868883928571428,0.07627532681405895
2022-07-19,Consumer,0.10810542857142857,0.1495052857142857,0.09841266430927051
2022-07-19,Energy,0.32101999999999997,0.26950738095238097,0.15038965697922527
2022-07-19,Financials,0.08478533333333332,0.12111054621848741,0.07944170423297525
2022-07-19,Healthcare,0.029859285714285717,0.100544,0.11973878042328044
2022-07-19,Industrials,0.15259999999999999,0.15897333333333336,0.12427998318216174
2022-07-19,Materials,0.092775,0.19125,0.10633955026455028
2022-07-19,RealEstate,-0.10491666666666666,0.12016249999999999,0.1313132142857143
2022-07-19,Tech,0.040014,0.2379355714285714,0.13382869535226677
2022-07-19,Utilities,0.24207916666666668,0.21922533333333333,0.18971616666666669
2022-07-20,Comm,-0.022791666666666665,0.2507375,0.08716584268707483
2022-07-20,Consumer,0.013165000000000007,0.10810542857142857,0.09966810799785707
2022-07-20,Energy,0.17309214285714286,0.32101999999999997,0.16246156174113
2022-07-20,Financials,0.12118999999999999,0.08478533333333332,0.08389346613773715
2022-07-20,Healthcare,0.25867927272727276,0.029859285714285717,0.1066535083144369
2022-07-20,Industrials,0.08749285714285715,0.15259999999999999,0.12801169746787605
2022-07-20,Materials,0.049575,0.092775,0.10046169312169313
2022-07-20,RealEstate,0.17764000000000002,-0.10491666666666666,0.12124634920634919
2022-07-20,Tech,0.13325464285714286,0.040014,0.13152706558520844
2022-07-20,Utilities,0.047725,0.24207916666666668,0.19936469841269844
2022-07-21,Comm,0.09383133333333334,-0.022791666666666665,0.07792897760770975
2022-07-21,Consumer,0.04345619047619048,0.013165000000000007,0.09339929847404753
2022-07-21,Energy,0.112725,0.17309214285714286,0.16142626695654952
2022-07-21,Financials,0.20520624999999998,0.12118999999999999,0.08541156137583238
2022-07-21,Healthcare,-0.07563749999999998,0.25867927272727276,0.106588632412561
2022-07-21,Industrials,-0.012761111111111117,0.08749285714285715,0.12080580177626607
2022-07-21,Materials,0.05259166666666667,0.049575,0.104118835978836
2022-07-21,RealEstate,0.2966,0.17764000000000002,0.11138047619047618
2022-07-21,Tech,0.19003333333333333,0.13325464285714286,0.13230159222919935
2022-07-21,Utilities,0.10825,0.047725,0.19437541269841271
2022-07-22,Comm,0.10535333333333334,0.09383133333333334,0.07670700028344671
2022-07-22,Consumer,0.16752261904761903,0.04345619047619048,0.09373720869874347
2022-07-22,Energy,0.18882181818181817,0.112725,0.1636554773907232
2022-07-22,Financials,-0.009238333333333335,0.20520624999999998,0.09657636693138792
2022-07-22,Healthcare,0.278042,-0.07563749999999998,0.08799184953274239
2022-07-22,Industrials,0.0429,-0.012761111111111117,0.11128059013605443
2022-07-22,Materials,-0.016783333333333334,0.05259166666666667,0.1015517724867725
2022-07-22,RealEstate,0.44436666666666663,0.2966,0.1120993253968254
2022-07-22,Tech,0.20978,0.19003333333333333,0.1357228089569161
2022-07-22,Utilities,0.03426,0.10825,0.19111906349206348
2022-07-25,Comm,-0.022425,0.10535333333333334,0.07517263520408164
2022-07-25,Consumer,0.09171264102564101,0.16752261904761903,0.09417075332871667
2022-07-25,Energy,0.33997331601731606,0.18882181818181817,0.17063614598139176
2022-07-25,Financials,0.128082,-0.009238333333333335,0.08759993835995937
2022-07-25,Healthcare,0.060343999999999995,0.278042,0.10037083365972654
2022-07-25,Industrials,0.04014285714285714,0.0429,0.11475405574452002
2022-07-25,Materials,0.16135803921568628,-0.016783333333333334,0.09607214285714287
2022-07-25,RealEstate,0.21288,0.44436666666666663,0.11497472222222223
2022-07-25,Tech,0.07361013636363636,0.20978,0.1367198611111111
2022-07-25,Utilities,0.18688333333333332,0.03426,0.17453604761904762
2022-07-26,Comm,0.0,-0.022425,0.07346879922524566
2022-07-26,Consumer,0.006381675362318842,0.09171264102564101,0.09109947432993767
2022-07-26,Energy,0.071235,0.33997331601731606,0.18257798378115817
2022-07-26,Financials,-0.07698333333333333,0.128082,0.09132921613773715
2022-07-26,Healthcare,0.15696333333333334,0.060343999999999995,0.10775289715179001
2022-07-26,Industrials,0.15592435515873015,0.04014285714285714,0.1104749537037037
2022-07-26,Materials,-0.039775,0.16135803921568628,0.0981864939309057
2022-07-26,RealEstate,0.1748,0.21288,0.11309281746031746
2022-07-26,Tech,0.023094444444444442,0.07361013636363636,0.13231558189033188
2022-07-26,Utilities,0.19828800000000002,0.18688333333333332,0.17129239682539682
2022-07-27,Comm,0.06653666666666666,0.0,0.07523832303476947
2022-07-27,Consumer,0.06693700980392157,0.006381675362318842,0.09035026839481
2022-07-27,Energy,0.11778666666666666,0.071235,0.19024699171766607
2022-07-27,Financials,0.21092500000000003,-0.07698333333333333,0.07330939867741969
2022-07-27,Healthcare,0.04655,0.15696333333333334,0.09796917833092834
2022-07-27,Industrials,0.0,0.15592435515873015,0.11764330924036281
2022-07-27,Materials,0.22464285714285712,-0.039775,0.08924482726423905
2022-07-27,RealEstate,0.24497866666666662,0.1748,0.13026424603174602
2022-07-27,Tech,0.13333233766233765,0.023094444444444442,0.13388236495911496
2022-07-27,Utilities,0.16386,0.19828800000000002,0.17315849206349207
2022-07-28,Comm,0.05283888888888889,0.06653666666666666,0.07259542620937263
2022-07-28,Consumer,0.009316888888888895,0.06693700980392157,0.08797650695690151
2022-07-28,Energy,0.1399291818181818,0.11778666666666666,0.19078067425734863
2022-07-28,Financials,-0.0035026666666666665,0.21092500000000003,0.08191785899488
2022-07-28,Healthcare,0.151388,0.04655,0.08870195043977189
2022-07-28,Industrials,0.0796079365079365,0.0,0.11187232284580498
2022-07-28,Materials,0.16028333333333333,0.22464285714285712,0.08695718554088303
2022-07-28,RealEstate,0.05896875,0.24497866666666662,0.13772465873015874
2022-07-28,Tech,0.04346784090909091,0.13333233766233765,0.13003030847591562
2022-07-28,Utilities,0.17211714285714286,0.16386,0.17413992063492065
2022-07-29,Comm,0.0572,0.05283888888888889,0.06822644472789115
2022-07-29,Consumer,0.13318714285714287,0.009316888888888895,0.08191279322813513
2022-07-29,Energy,0.2862748717948718,0.1399291818181818,0.18463382190428618
2022-07-29,Financials,0.05444,-0.0035026666666666665,0.07483464669329269
2022-07-29,Healthcare,-0.017065833333333336,0.151388,0.0982495271593486
2022-07-29,Industrials,0.20095,0.0796079365079365,0.11344467356387
2022-07-29,Materials,0.0,0.16028333333333333,0.07512147125516874
2022-07-29,RealEstate,0.26866,0.05896875,0.1361850753968254
2022-07-29,Tech,0.22549713450292397,0.04346784090909091,0.12830307981172265
2022-07-29,Utilities,0.27461,0.17211714285714286,0.17318577664399093
2022-08-01,Comm,0.05613541666666667,0.0572,0.07032584948979592
2022-08-01,Consumer,0.12408014285714286,0.13318714285714287,0.08725094041428234
2022-08-01,Energy,0.057070222222222224,0.2862748717948718,0.18718065253397395
2022-08-01,Financials,0.18658000000000002,0.05444,0.07413962685202286
2022-08-01,Healthcare,0.10002133333333334,-0.017065833333333336,0.08174060992578851
2022-08-01,Industrials,0.21866125,0.20095,0.11479911800831444
2022-08-01,Materials,0.0,0.0,0.07107385220754969
2022-08-01,RealEstate,0.2648625,0.26866,0.1405420992063492
2022-08-01,Tech,0.20560694444444444,0.22549713450292397,0.13113029785683544
2022-08-01,Utilities,0.1512,0.27461,0.17719934807256235
2022-08-02,Comm,0.059490625000000005,0.05613541666666667,0.06366936139455782
2022-08-02,Consumer,0.0666237777777778,0.12408014285714286,0.08758009077186125
2022-08-02,Energy,0.13143303571428572,0.057070222222222224,0.19227135359217504
2022-08-02,Financials,0.12099500000000002,0.18658000000000002,0.07657649760032219
2022-08-02,Healthcare,0.1607875,0.10002133333333334,0.0829527369099155
2022-08-02,Industrials,-0.0008807692307692266,0.21866125,0.10980124102418747
2022-08-02,Materials,0.11019,0.0,0.0658036141123116
2022-08-02,RealEstate,0.1672625,0.2648625,0.14910698015873014
2022-08-02,Tech,-0.04006928571428571,0.20560694444444444,0.13473979256583016
2022-08-02,Utilities,0.22416250000000001,0.1512,0.17761553854875284
2022-08-03,Comm,0.015399999999999987,0.059490625000000005,0.04789034353741497
2022-08-03,Consumer,0.09748455086580086,0.0666237777777778,0.08705450110821802
2022-08-03,Energy,0.25675920855614975,0.13143303571428572,0.187768641007141
2022-08-03,Financials,0.10564375000000001,0.12099500000000002,0.0790437198225444
2022-08-03,Healthcare,0.27491833333333326,0.1607875,0.08811898690991549
2022-08-03,Industrials,0.1887333333333333,-0.0008807692307692266,0.10566564883859526
2022-08-03,Materials,0.17596666666666663,0.11019,0.06148170935040684
2022-08-03,RealEstate,-0.0021375000000000005,0.1672625,0.15244995634920636
2022-08-03,Tech,0.13570142857142858,-0.04006928571428571,0.12442770639802969
2022-08-03,Utilities,0.134932,0.22416250000000001,0.19092327664399095
2022-08-04,Comm,0.06394166666666665,0.015399999999999987,0.041497287981859414
2022-08-04,Consumer,0.07668541666666667,0.09748455086580086,0.08637909917549466
2022-08-04,Energy,0.13704785714285714,0.25675920855614975,0.1962296229941083
2022-08-04,Financials,0.06472249999999999,0.10564375000000001,0.07828105258898431
2022-08-04,Healthcare,-0.03289277777777777,0.27491833333333326,0.09471735992578852
2022-08-04,Industrials,0.0,0.1887333333333333,0.1046836051878016
2022-08-04,Materials,0.04609,0.17596666666666663,0.06046047919167668
2022-08-04,RealEstate,0.1368666666666667,-0.0021375000000000005,0.1421759484126984
2022-08-04,Tech,0.050596666666666665,0.13570142857142858,0.1233722519384681
2022-08-04,Utilities,0.2568114285714286,0.134932,0.18402797505668933
2022-08-05,Comm,0.20050416666666665,0.06394166666666665,0.0531404096749811
2022-08-05,Consumer,0.0008000000000000229,0.07668541666666667,0.0843497698104153
2022-08-05,Energy,0.24852749999999998,0.13704785714285714,0.1871595005451287
2022-08-05,Financials,0.22312777777777773,0.06472249999999999,0.07972393354136526
2022-08-05,Healthcare,0.22219791666666666,-0.03289277777777777,0.0931286562220848
2022-08-05,Industrials,0.05940833333333334,0.0,0.09735431947351592
2022-08-05,Materials,0.23835,0.04609,0.0515492887154862
2022-08-05,RealEstate,0.2974666666666667,0.1368666666666667,0.1540993611111111
2022-08-05,Tech,0.1328666666666667,0.050596666666666665,0.1194974265416427
2022-08-05,Utilities,0.07196250000000001,0.2568114285714286,0.17705709070294784
2022-08-08,Comm,-0.1625,0.20050416666666665,0.06268822713529856
2022-08-08,Consumer,0.0893464761904762,0.0008000000000000229,0.0839086586993042
2022-08-08,Energy,0.15593126984126984,0.24852749999999998,0.1865047783229065
2022-08-08,Financials,0.12589142857142857,0.22312777777777773,0.08139036740379912
2022-08-08,Healthcare,-0.09170666666666667,0.22219791666666666,0.10446622708376281
2022-08-08,Industrials,0.26183333333333336,0.05940833333333334,0.09650364487034131
2022-08-08,Materials,0.4144,0.23835,0.06529928871548621
2022-08-08,RealEstate,0.1282,0.2974666666666667,0.16302356746031746
2022-08-08,Tech,0.08761037037037037,0.1328666666666667,0.12276110605789366
2022-08-08,Utilities,0.07984250000000001,0.07196250000000001,0.15915292403628117
2022-08-09,Comm,0.025187500000000015,-0.1625,0.05143068745275888
2022-08-09,Consumer,0.08117031746031744,0.0893464761904762,0.09160956232742211
2022-08-09,Energy,0.05417322751322751,0.15593126984126984,0.18665567212487172
2022-08-09,Financials,0.20030000000000003,0.12589142857142857,0.08627741955799413
2022-08-09,Healthcare,0.09024444444444445,-0.09170666666666667,0.08564019533773105
2022-08-09,Industrials,-0.024024999999999998,0.26183333333333336,0.10391713693383337
2022-08-09,Materials,0.0,0.4144,0.0771790506202481
2022-08-09,RealEstate,0.29035,0.1282,0.15598864682539682
2022-08-09,Tech,0.0713476923076923,0.08761037037037037,0.12230833004378429
2022-08-09,Utilities,0.13548,0.07984250000000001,0.15515574149659864
2022-08-10,Comm,0.170978,0.025187500000000015,0.04394393348450491
2022-08-10,Consumer,0.11068348484848485,0.08117031746031744,0.09104100601600866
2022-08-10,Energy,0.16080609523809525,0.05417322751322751,0.18657134168899364
2022-08-10,Financials,0.279803125,0.20030000000000003,0.08721081132495734
2022-08-10,Healthcare,0.1532,0.09024444444444445,0.08810959065141208
2022-08-10,Industrials,0.10863611111111111,-0.024024999999999998,0.09527566867986513
2022-08-10,Materials,0.20095,0.0,0.07806000300120049
2022-08-10,RealEstate,0.12040000000000001,0.29035,0.15585198015873014
2022-08-10,Tech,0.08451339682539682,0.0713476923076923,0.1144119956638785
2022-08-10,Utilities,0.2230233333333333,0.13548,0.15422661451247166
2022-08-11,Comm,0.03246166666666668,0.170978,0.04444796523053666
2022-08-11,Consumer,0.06565648148148148,0.11068348484848485,0.08708582873297421
2022-08-11,Energy,0.16389199999999998,0.16080609523809525,0.18299494259602314
2022-08-11,Financials,-0.06210624999999999,0.279803125,0.09961726398935641
2022-08-11,Healthcare,0.027904000000000005,0.1532,0.09475279926819213
2022-08-11,Industrials,0.08121666666666667,0.10863611111111111,0.0966014358756323
2022-08-11,Materials,0.0,0.20095,0.0876290506202481
2022-08-11,RealEstate,0.3131,0.12040000000000001,0.16189245634920635
2022-08-11,Tech,0.09493837662337663,0.08451339682539682,0.11294857465102892
2022-08-11,Utilities,-0.022133333333333345,0.2230233333333333,0.1648467732426304
2022-08-12,Comm,0.11583333333333334,0.03246166666666668,0.04939613983371126
2022-08-12,Consumer,0.22668885714285714,0.06565648148148148,0.08246198771508559
2022-08-12,Energy,0.1958025,0.16389199999999998,0.18292464100872155
2022-08-12,Financials,0.2482225,-0.06210624999999999,0.09764848651682896
2022-08-12,Healthcare,-0.03657333333333333,0.027904000000000005,0.08656693532261389
2022-08-12,Industrials,0.27624444444444446,0.08121666666666667,0.09147476920896563
2022-08-12,Materials,0.0,0.0,0.08327428871548619
2022-08-12,RealEstate,0.022575,0.3131,0.16550753571428573
2022-08-12,Tech,0.27806766666666666,0.09493837662337663,0.11652487678804535
2022-08-12,Utilities,0.4136,-0.022133333333333345,0.15741343990929707
2022-08-15,Comm,0.08424833333333334,0.11583333333333334,0.051596933484504906
2022-08-15,Consumer,0.0570818484848485,0.22668885714285714,0.08483693329331687
2022-08-15,Energy,0.14137850505050506,0.1958025,0.18364126799284852
2022-08-15,Financials,0.09562333333333332,0.2482225,0.11272883940798542
2022-08-15,Healthcare,0.013416666666666665,-0.03657333333333333,0.08968832421150277
2022-08-15,Industrials,0.33145,0.27624444444444446,0.09779006021425664
2022-08-15,Materials,0.09038333333333333,0.0,0.07811258236627985
2022-08-15,RealEstate,-0.037562500000000026,0.022575,0.16131110714285715
2022-08-15,Tech,0.17435819047619047,0.27806766666666666,0.12228238472455326
2022-08-15,Utilities,0.2270625,0.4136,0.17191899546485262
2022-08-16,Comm,0.12108055555555557,0.08424833333333334,0.06150717157974302
2022-08-16,Consumer,0.11442392857142858,0.0570818484848485,0.08502815407253765
2022-08-16,Energy,0.20020833333333332,0.14137850505050506,0.17729460950319004
2022-08-16,Financials,0.033716666666666666,0.09562333333333332,0.11546752194766793
2022-08-16,Healthcare,0.08214583333333333,0.013416666666666665,0.08910399881467738
2022-08-16,Industrials,-0.15630000000000002,0.33145,0.11462418719838363
2022-08-16,Materials,0.04515,0.09038333333333333,0.10248797919167667
2022-08-16,RealEstate,0.23690000000000003,-0.037562500000000026,0.17121539285714288
2022-08-16,Tech,0.19299066666666667,0.17435819047619047,0.1231217883526712
2022-08-16,Utilities,0.13069375,0.2270625,0.1687257811791383
2022-08-17,Comm,-0.061241666666666666,0.12108055555555557,0.06495439616402117
2022-08-17,Consumer,0.0408883574879227,0.11442392857142858,0.08335761325621113
2022-08-17,Energy,0.34341458333333336,0.20020833333333332,0.17399465485466395
2022-08-17,Financials,0.07847500000000002,0.033716666666666666,0.11130590863567649
2022-08-17,Healthcare,0.03181666666666667,0.08214583333333333,0.08822789564007422
2022-08-17,Industrials,0.02928333333333334,-0.15630000000000002,0.09961117132536776
2022-08-17,Materials,0.1101,0.04515,0.09553083633453381
2022-08-17,RealEstate,0.21993125,0.23690000000000003,0.17677432142857144
2022-08-17,Tech,0.09979444444444445,0.19299066666666667,0.12098155479258049
2022-08-17,Utilities,0.3844,0.13069375,0.16450999149659865
2022-08-18,Comm,0.005662499999999999,-0.061241666666666666,0.050098245370370366
2022-08-18,Consumer,0.03643533333333334,0.0408883574879227,0.08015680034747275
2022-08-18,Energy,-0.03893566666666665,0.34341458333333336,0.1750610635848227
2022-08-18,Financials,0.20482266666666665,0.07847500000000002,0.11100541657218443
2022-08-18,Healthcare,0.05664400000000001,0.03181666666666667,0.08832110425685426
2022-08-18,Industrials,0.016283333333333358,0.02928333333333334,0.09373894910314554
2022-08-18,Materials,0.0282875,0.1101,0.09635583633453383
2022-08-18,RealEstate,0.05135,0.21993125,0.19224326984126985
2022-08-18,Tech,0.10242,0.09979444444444445,0.12382824262326832
2022-08-18,Utilities,0.32965,0.3844,0.1712871740362812
2022-08-19,Comm,-0.23604375,0.005662499999999999,0.0514532056878307
2022-08-19,Consumer,0.03893066666666667,0.03643533333333334,0.08126491145858387
2022-08-19,Energy,0.17975444444444444,-0.03893566666666665,0.16496450122654605
2022-08-19,Financials,0.040983333333333344,0.20482266666666665,0.11498792450869237
2022-08-19,Healthcare,-0.028240000000000008,0.05664400000000001,0.07870037698412699
2022-08-19,Industrials,0.06363333333333333,0.016283333333333358,0.09034801939793012
2022-08-19,Materials,0.0,0.0282875,0.09534214585834333
2022-08-19,RealEstate,0.3654,0.05135,0.18622946031746032
2022-08-19,Tech,0.16227,0.10242,0.12235992629673771
2022-08-19,Utilities,0.09446666666666666,0.32965,0.18471217403628118
2022-08-22,Comm,0.21372,-0.23604375,0.03574486838624339
2022-08-22,Consumer,0.13030733333333333,0.03893066666666667,0.08104941032479702
2022-08-22,Energy,0.2210671111111111,0.17975444444444444,0.16815637953342435
2022-08-22,Financials,0.044505,0.040983333333333344,0.10716778561980349
2022-08-22,Healthcare,0.21191333333333331,-0.028240000000000008,0.0809574007936508
2022-08-22,Industrials,0.19870119047619048,0.06363333333333333,0.09398585008576081
2022-08-22,Materials,0.0677875,0.0,0.09283778077897827
2022-08-22,RealEstate,0.3100275,0.3654,0.1895056507936508
2022-08-22,Tech,0.25741533333333333,0.16227,0.12103786280467421
2022-08-22,Utilities,0.3041916666666667,0.09446666666666666,0.184055824829932
2022-08-23,Comm,0.15714166666666668,0.21372,0.040905185846560846
2022-08-23,Consumer,0.07946685714285714,0.13030733333333333,0.07927725386221199
2022-08-23,Energy,0.1240711111111111,0.2210671111111111,0.16969186967291452
2022-08-23,Financials,0.3550533333333334,0.044505,0.10972699196900984
2022-08-23,Healthcare,0.15182666666666667,0.21191333333333331,0.07780841666666667
2022-08-23,Industrials,0.18076666666666666,0.19870119047619048,0.10140495439415083
2022-08-23,Materials,0.011066666666666667,0.0677875,0.09686496331866079
2022-08-23,RealEstate,0.06698333333333333,0.3100275,0.18310854761904763
2022-08-23,Tech,0.041184,0.25741533333333333,0.12330621201102343
2022-08-23,Utilities,0.050875000000000004,0.3041916666666667,0.19690971371882088
2022-08-24,Comm,0.13018666666666664,0.15714166666666668,0.0494559794973545
2022-08-24,Consumer,-0.04626866666666666,0.07946685714285714,0.07869412129636513
2022-08-24,Energy,0.012638,0.1240711111111111,0.15941081229642853
2022-08-24,Financials,0.054753333333333334,0.3550533333333334,0.12053515069916856
2022-08-24,Healthcare,0.13091875,0.15182666666666667,0.08216473412698412
2022-08-24,Industrials,0.132375,0.18076666666666666,0.10810132627623699
2022-08-24,Materials,0.0,0.011066666666666667,0.08970823129251701
2022-08-24,RealEstate,0.16047000000000003,0.06698333333333333,0.1761610873015873
2022-08-24,Tech,0.14824991596638654,0.041184,0.12176211027942169
2022-08-24,Utilities,0.388975,0.050875000000000004,0.1904331264172336
2022-08-25,Comm,0.04749722222222222,0.13018666666666664,0.05565534457671958
2022-08-25,Consumer,0.150502,-0.04626866666666666,0.07618696215212772
2022-08-25,Energy,0.1050217857142857,0.012638,0.15662047896309522
2022-08-25,Financials,0.017446,0.054753333333333334,0.12680832530234318
2022-08-25,Healthcare,0.13068333333333335,0.13091875,0.08092451587301587
2022-08-25,Industrials,0.1988,0.132375,0.10697992841153556
2022-08-25,Materials,0.003225,0.0,0.09160227891156462
2022-08-25,RealEstate,0.2196625,0.16047000000000003,0.17547870634920637
2022-08-25,Tech,0.16537916666666666,0.14824991596638654,0.12772189463760938
2022-08-25,Utilities,0.24612,0.388975,0.19951345975056686
2022-08-26,Comm,-0.10375083333333335,0.04749722222222222,0.05474870436507936
2022-08-26,Consumer,0.0048238095238095245,0.150502,0.08016624739956003
2022-08-26,Energy,0.1536388888888889,0.1050217857142857,0.1560126274891723
2022-08-26,Financials,0.12805833333333333,0.017446,0.11759503958805743
2022-08-26,Healthcare,0.19003333333333333,0.13068333333333335,0.08493086507936508
2022-08-26,Industrials,-0.039838888888888875,0.1988,0.11644659507820222
2022-08-26,Materials,0.09621666666666667,0.003225,0.08105857142857144
2022-08-26,RealEstate,0.35150000000000003,0.2196625,0.17427317460317462
2022-08-26,Tech,0.1917832380952381,0.16537916666666666,0.12924793411400604
2022-08-26,Utilities,0.2049,0.24612,0.20343060260770976
2022-08-29,Comm,0.157895,-0.10375083333333335,0.04729205092592593
2022-08-29,Consumer,0.12224952380952382,0.0048238095238095245,0.07995229123931816
2022-08-29,Energy,0.22977718253968255,0.1536388888888889,0.1566654706830155
2022-08-29,Financials,0.10374375,0.12805833333333333,0.12385984911186698
2022-08-29,Healthcare,0.2640533333333333,0.19003333333333333,0.08677111904761904
2022-08-29,Industrials,0.04326,-0.039838888888888875,0.11075865101168672
2022-08-29,Materials,0.0030166666666666584,0.09621666666666667,0.07800777777777779
2022-08-29,RealEstate,0.08582291666666667,0.35150000000000003,0.18820323412698414
2022-08-29,Tech,0.07502333333333333,0.1917832380952381,0.13631057207525113
2022-08-29,Utilities,0.360375,0.2049,0.20499169104308393
2022-08-30,Comm,-0.26335,0.157895,0.05208705092592593
2022-08-30,Consumer,0.14592999999999998,0.12224952380952382,0.07943145223705059
2022-08-30,Energy,0.09114714285714286,0.22977718253968255,0.1539751045280065
2022-08-30,Financials,-0.0204625,0.10374375,0.1262076467309146
2022-08-30,Healthcare,0.040912500000000004,0.2640533333333333,0.10015774603174603
2022-08-30,Industrials,0.17825625,0.04326,0.10324960339263912
2022-08-30,Materials,0.03796666666666667,0.0030166666666666584,0.07815142857142858
2022-08-30,RealEstate,0.27115,0.08582291666666667,0.17949670634920636
2022-08-30,Tech,0.11686649999999998,0.07502333333333333,0.1291451529719373
2022-08-30,Utilities,0.04425,0.360375,0.2090757386621315
2022-08-31,Comm,0.15776333333333334,-0.26335,0.03687345965608466
2022-08-31,Consumer,0.0524675,0.14592999999999998,0.0804719216248057
2022-08-31,Energy,0.24336318181818184,0.09114714285714286,0.1555978150344313
2022-08-31,Financials,0.061616666666666674,-0.0204625,0.11634848006424792
2022-08-31,Healthcare,-0.20458499999999996,0.040912500000000004,0.09734303968253967
2022-08-31,Industrials,0.19134444444444443,0.17825625,0.1013255557735915
2022-08-31,Materials,0.0086,0.03796666666666667,0.07995936507936509
2022-08-31,RealEstate,0.22335,0.27115,0.17979611111111113
2022-08-31,Tech,0.09135833333333333,0.11686649999999998,0.12491941752220184
2022-08-31,Utilities,0.22106666666666666,0.04425,0.20398288151927435
2022-09-01,Comm,0.04765833333333333,0.15776333333333334,0.04155311243386243
2022-09-01,Consumer,0.168611,0.0524675,0.07979781315919722
2022-09-01,Energy,0.164953,0.24336318181818184,0.16092782199175967
2022-09-01,Financials,0.277945,0.061616666666666674,0.11352094038170824
2022-09-01,Healthcare,0.11460166666666667,-0.20458499999999996,0.07994434920634921
2022-09-01,Industrials,0.22688125,0.19134444444444443,0.11047913737717309
2022-09-01,Materials,0.21487499999999998,0.0086,0.07512174603174604
2022-09-01,RealEstate,0.34,0.22335,0.18246694444444445
2022-09-01,Tech,0.007841267507002809,0.09135833333333333,0.13117787557208846
2022-09-01,Utilities,0.11444000000000001,0.22106666666666666,0.20383546088435373
2022-09-02,Comm,0.159225,0.04765833333333333,0.04308922354497354
2022-09-02,Consumer,0.039372000000000004,0.168611,0.08318478692749241
2022-09-02,Energy,0.19711547619047617,0.164953,0.15655609777480017
2022-09-02,Financials,0.11016466666666666,0.277945,0.12172576181027968
2022-09-02,Healthcare,0.19096666666666667,0.11460166666666667,0.07231022222222222
2022-09-02,Industrials,0.11890833333333334,0.22688125,0.11229570483749056
2022-09-02,Materials,0.2288,0.21487499999999998,0.07697452380952381
2022-09-02,RealEstate,0.08510000000000001,0.34,0.19875920634920638
2022-09-02,Tech,0.22613571428571427,0.007841267507002809,0.12508929647378247
2022-09-02,Utilities,0.1264111111111111,0.11444000000000001,0.20285965136054424
2022-09-06,Comm,0.1666125,0.159225,0.04762652513227513
2022-09-06,Consumer,0.18459799999999998,0.039372000000000004,0.08140795756241305
2022-09-06,Energy,0.14941375,0.19711547619047617,0.15941646058659154
2022-09-06,Financials,0.06870833333333334,0.11016466666666666,0.12388967450869236
2022-09-06,Healthcare,0.2569825,0.19096666666666667,0.08297019576719578
2022-09-06,Industrials,0.23642416666666666,0.11890833333333334,0.11795800642479215
2022-09-06,Materials,0.0,0.2288,0.08567500000000002
2022-09-06,RealEstate,0.3640125,0.08510000000000001,0.19629412698412702
2022-09-06,Tech,0.10662194444444444,0.22613571428571427,0.13344829874135616
2022-09-06,Utilities,0.2709875,0.1264111111111111,0.19665011243386243
2022-09-07,Comm,0.08758690476190478,0.1666125,0.046012636243386244
2022-09-07,Consumer,0.1686029017857143,0.18459799999999998,0.09016024327669876
2022-09-07,Energy,0.17913,0.14941375,0.15469675820563916
2022-09-07,Financials,0.00998,0.06870833333333334,0.1165363676303855
2022-09-07,Healthcare,0.06522333333333333,0.2569825,0.0846266044973545
2022-09-07,Industrials,0.108,0.23642416666666666,0.12638733182161754
2022-09-07,Materials,0.06632500000000001,0.0,0.074325
2022-09-07,RealEstate,0.06333333333333332,0.3640125,0.19946297619047618
2022-09-07,Tech,0.11469166666666668,0.10662194444444444,0.13219855006410747
2022-09-07,Utilities,0.19389,0.2709875,0.20612749338624342
2022-09-08,Comm,0.22610076190476192,0.08758690476190478,0.05792153647014363
2022-09-08,Consumer,0.07027000000000001,0.1686029017857143,0.0939343587812339
2022-09-08,Energy,0.27588999999999997,0.17913,0.15580145964176917
2022-09-08,Financials,0.19331500000000001,0.00998,0.1110167757936508
2022-09-08,Healthcare,0.17820533333333333,0.06522333333333333,0.09209946164021166
2022-09-08,Industrials,0.006420833333333348,0.108,0.11906193499622071
2022-09-08,Materials,0.2354875,0.06632500000000001,0.05775000000000001
2022-09-08,RealEstate,0.39463333333333334,0.06333333333333332,0.1963740873015873
2022-09-08,Tech,0.02906000000000001,0.11469166666666668,0.13348813560202638
2022-09-08,Utilities,0.15284333333333336,0.19389,0.2115583267195767
2022-09-09,Comm,-0.028329999999999987,0.22610076190476192,0.06748883465608466
2022-09-09,Consumer,0.23171916666666664,0.07027000000000001,0.09341529604502832
2022-09-09,Energy,0.048162666666666666,0.27588999999999997,0.16635940118875836
2022-09-09,Financials,0.2554716666666667,0.19331500000000001,0.11068415674603176
2022-09-09,Healthcare,-0.008273333333333322,0.17820533333333333,0.09628807539682539
2022-09-09,Industrials,0.020516666666666673,0.006420833333333348,0.1205117365835223
2022-09-09,Materials,0.26335,0.2354875,0.06896369047619048
2022-09-09,RealEstate,0.5379,0.39463333333333334,0.20133996031746032
2022-09-09,Tech,0.14664866666666668,0.02906000000000001,0.13147443596832672
2022-09-09,Utilities,0.3106875,0.15284333333333336,0.2123851521164021
2022-09-12,Comm,0.05897738095238095,-0.028329999999999987,0.057997977513227515
2022-09-12,Consumer,0.15747616666666667,0.23171916666666664,0.09917889994113221
2022-09-12,Energy,0.189109375,0.048162666666666666,0.16099542839964268
2022-09-12,Financials,0.018554999999999995,0.2554716666666667,0.10952551587301587
2022-09-12,Healthcare,0.27932633333333334,-0.008273333333333322,0.08859886904761904
2022-09-12,Industrials,0.1297275,0.020516666666666673,0.11631557256235829
2022-09-12,Materials,-0.06761249999999999,0.26335,0.07193511904761905
2022-09-12,RealEstate,0.29308055555555557,0.5379,0.22122091269841274
2022-09-12,Tech,0.03785035714285714,0.14664866666666668,0.13443325834172054
2022-09-12,Utilities,0.23996666666666666,0.3106875,0.21655963624338623
2022-09-13,Comm,-0.003238333333333329,0.05897738095238095,0.059260630574452
2022-09-13,Consumer,0.18866866666666665,0.15747616666666667,0.1035512659023315
2022-09-13,Energy,0.26301147619047616,0.189109375,0.16219625578059507
2022-09-13,Financials,0.1389625,0.018554999999999995,0.11336652777777777
2022-09-13,Healthcare,0.05998666666666667,0.27932633333333334,0.10057136111111112
2022-09-13,Industrials,0.31264375,0.1297275,0.11862561224489797
2022-09-13,Materials,0.128,-0.06761249999999999,0.06871547619047619
2022-09-13,RealEstate,0.1181375,0.29308055555555557,0.2202676058201058
2022-09-13,Tech,0.025618333333333333,0.03785035714285714,0.13171478122360053
2022-09-13,Utilities,0.0086,0.23996666666666666,0.22904058862433863
2022-09-14,Comm,0.09342500000000001,-0.003238333333333329,0.05359055120937265
2022-09-14,Consumer,0.19535309523809524,0.18866866666666665,0.10174078064156054
2022-09-14,Energy,0.11739687500000001,0.26301147619047616,0.16539668321823678
2022-09-14,Financials,-0.008446666666666658,0.1389625,0.10816367063492065
2022-09-14,Healthcare,-0.028837500000000002,0.05998666666666667,0.10516945634920634
2022-09-14,Industrials,0.10716875000000001,0.31264375,0.12035891250944822
2022-09-14,Materials,0.18231111111111112,0.128,0.07481071428571429
2022-09-14,RealEstate,0.21225000000000002,0.1181375,0.22481820105820102
2022-09-14,Tech,0.09731583333333334,0.025618333333333333,0.11969338439820372
2022-09-14,Utilities,0.3314666666666667,0.0086,0.20975487433862436
2022-09-15,Comm,0.1273216666666667,0.09342500000000001,0.05402753533635676
2022-09-15,Consumer,0.06301428571428572,0.19535309523809524,0.10832512572504849
2022-09-15,Energy,0.22320444444444446,0.11739687500000001,0.16425470083487942
2022-09-15,Financials,0.2824767857142857,-0.008446666666666658,0.10320795634920636
2022-09-15,Healthcare,-0.008235000000000003,-0.028837500000000002,0.10315735317460317
2022-09-15,Industrials,-0.0191375,0.10716875000000001,0.10967885298563869
2022-09-15,Materials,0.04337777777777777,0.18231111111111112,0.07918822751322752
2022-09-15,RealEstate,0.316625,0.21225000000000002,0.23671403439153438
2022-09-15,Tech,-0.007140478260869566,0.09731583333333334,0.11602470072473434
2022-09-15,Utilities,0.29800166666666666,0.3314666666666667,0.2147265013227513
2022-09-16,Comm,0.17531944444444444,0.1273216666666667,0.05432473110355254
2022-09-16,Consumer,0.13598533333333335,0.06301428571428572,0.10587704749375595
2022-09-16,Energy,0.495585,0.22320444444444446,0.16534975374493233
2022-09-16,Financials,0.100016,0.2824767857142857,0.11505367630385488
2022-09-16,Healthcare,0.12002416666666668,-0.008235000000000003,0.09885350396825399
2022-09-16,Industrials,0.20082941176470584,-0.0191375,0.11621040060468633
2022-09-16,Materials,0.0,0.04337777777777777,0.07910383597883598
2022-09-16,RealEstate,0.2793325,0.316625,0.24051046296296297
2022-09-16,Tech,0.053075714285714296,-0.007140478260869566,0.10649464620437546
2022-09-16,Utilities,0.3941733333333334,0.29800166666666666,0.222693544973545
2022-09-19,Comm,0.046237045454545454,0.17531944444444444,0.06558954591836735
2022-09-19,Consumer,0.31008199999999997,0.13598533333333335,0.11040547491496598
2022-09-19,Energy,0.09387814285714287,0.495585,0.17259596406239264
2022-09-19,Financials,0.06296333333333333,0.100016,0.11607943820861678
2022-09-19,Healthcare,0.015823809523809525,0.12002416666666668,0.10305386111111112
2022-09-19,Industrials,0.29500198412698414,0.20082941176470584,0.12437926148237073
2022-09-19,Materials,-0.10345,0.0,0.07386097883597884
2022-09-19,RealEstate,0.25734666666666667,0.2793325,0.24333909391534395
2022-09-19,Tech,0.09093066666666666,0.053075714285714296,0.10426994476824544
2022-09-19,Utilities,0.22746,0.3941733333333334,0.22315894179894177
2022-09-20,Comm,0.09224375000000001,0.046237045454545454,0.06752166713048856
2022-09-20,Consumer,0.027582857142857138,0.31008199999999997,0.12343626856575965
2022-09-20,Energy,0.22261999999999998,0.09387814285714287,0.17892043118257406
2022-09-20,Financials,0.010870416666666674,0.06296333333333333,0.10932423185941043
2022-09-20,Healthcare,0.03146785714285716,0.015823809523809525,0.10111004251700681
2022-09-20,Industrials,0.13586666666666666,0.29500198412698414,0.1376515781868303
2022-09-20,Materials,0.0,-0.10345,0.06758776455026456
2022-09-20,RealEstate,0.22997083333333335,0.25734666666666667,0.253148458994709
2022-09-20,Tech,0.08809869047619048,0.09093066666666666,0.10372283365713435
2022-09-20,Utilities,0.0851,0.22746,0.21829275132275133
2022-09-21,Comm,0.14043199999999997,0.09224375000000001,0.08315440522572666
2022-09-21,Consumer,0.14027777777777778,0.027582857142857138,0.12289589668367346
2022-09-21,Energy,0.30465625,0.22261999999999998,0.18096164811379095
2022-09-21,Financials,0.028435,0.010870416666666674,0.10789028344671202
2022-09-21,Healthcare,-0.08621999999999999,0.03146785714285716,0.10395327380952381
2022-09-21,Industrials,0.07903333333333333,0.13586666666666666,0.14109126072651282
2022-09-21,Materials,0.0425,0.0,0.06758776455026456
2022-09-21,RealEstate,0.065825,0.22997083333333335,0.24669945105820107
2022-09-21,Tech,0.03157551282051283,0.08809869047619048,0.10019086653695294
2022-09-21,Utilities,0.3902,0.0851,0.21784671957671958
2022-09-22,Comm,0.05356000000000001,0.14043199999999997,0.07966450046382191
2022-09-22,Consumer,0.17846171428571428,0.14027777777777778,0.12337067975245655
2022-09-22,Energy,0.13821666666666665,0.30465625,0.18494208329897616
2022-09-22,Financials,-0.043146666666666667,0.028435,0.10712504535147392
2022-09-22,Healthcare,0.16976666666666668,-0.08621999999999999,0.0897564484126984
2022-09-22,Industrials,-0.018159166666666657,0.07903333333333333,0.13539279133875773
2022-09-22,Materials,0.21305833333333332,0.0425,0.06638359788359789
2022-09-22,RealEstate,-0.05183,0.065825,0.23507076058201062
2022-09-22,Tech,0.1434662857142857,0.03157551282051283,0.08943658936967577
2022-09-22,Utilities,0.14293958333333334,0.3902,0.22194235449735453
2022-09-23,Comm,0.16743999999999998,0.05356000000000001,0.07473204014636158
2022-09-23,Consumer,-0.04957666666666667,0.17846171428571428,0.12808472056878306
2022-09-23,Energy,-0.07019312500000001,0.13821666666666665,0.18561568118257404
2022-09-23,Financials,0.09322666666666665,-0.043146666666666667,0.08816314058956916
2022-09-23,Healthcare,0.1109,0.16976666666666668,0.09061073412698414
2022-09-23,Industrials,0.09150000000000001,-0.018159166666666657,0.12592013260859897
2022-09-23,Materials,0.17688333333333334,0.21305833333333332,0.07600224867724868
2022-09-23,RealEstate,0.07544444444444445,-0.05183,0.22941298280423278
2022-09-23,Tech,0.02783228571428572,0.1434662857142857,0.09430717440368938
2022-09-23,Utilities,0.19818333333333335,0.14293958333333334,0.22632638227513227
2022-09-26,Comm,0.10272333333333335,0.16743999999999998,0.07650600840032984
2022-09-26,Consumer,0.19545261904761904,-0.04957666666666667,0.12792719675925926
2022-09-26,Energy,0.09926041666666668,-0.07019312500000001,0.18167134189685977
2022-09-26,Financials,0.18393866666666664,0.09322666666666665,0.08999520408163265
2022-09-26,Healthcare,0.015480000000000002,0.1109,0.08965746031746032
2022-09-26,Industrials,-0.0005812499999999967,0.09150000000000001,0.12397370403717042
2022-09-26,Materials,0.16513333333333335,0.17688333333333334,0.08442526455026456
2022-09-26,RealEstate,0.07312142857142859,0.07544444444444445,0.22536414682539682
2022-09-26,Tech,0.08646011904761904,0.02783228571428572,0.08857300153454173
2022-09-26,Utilities,0.57756,0.19818333333333335,0.2172410648148148
2022-09-27,Comm,0.20731875,0.10272333333333335,0.07913582321514465
2022-09-27,Consumer,0.018224999999999998,0.19545261904761904,0.1300677024281935
2022-09-27,Energy,-0.05295714285714286,0.09926041666666668,0.18139699098983028
2022-09-27,Financials,0.0449426388888889,0.18393866666666664,0.09792342630385488
2022-09-27,Healthcare,0.16542166666666666,0.015480000000000002,0.0841715873015873
2022-09-27,Industrials,0.054675,-0.0005812499999999967,0.11447935879907518
2022-09-27,Materials,0.0,0.16513333333333335,0.0921351851851852
2022-09-27,RealEstate,0.31421666666666664,0.07312142857142859,0.21838600056689342
2022-09-27,Tech,0.18781806349206348,0.08646011904761904,0.08481495164792041
2022-09-27,Utilities,0.12478333333333334,0.57756,0.23302392195767196
2022-09-28,Comm,0.126195,0.20731875,0.09394866051673195
2022-09-28,Consumer,0.060516190476190466,0.018224999999999998,0.13070585435563115
2022-09-28,Energy,0.22659791666666665,-0.05295714285714286,0.1715590847162097
2022-09-28,Financials,0.14922222222222223,0.0449426388888889,0.09396553609221467
2022-09-28,Healthcare,0.14720499999999997,0.16542166666666666,0.08299960317460317
2022-09-28,Industrials,0.017911111111111124,0.054675,0.11898002017473656
2022-09-28,Materials,-0.016783333333333327,0.0,0.08755343915343916
2022-09-28,RealEstate,-0.08837916666666666,0.31421666666666664,0.2166106037414966
2022-09-28,Tech,-0.012209844155844151,0.18781806349206348,0.084626133809674
2022-09-28,Utilities,-0.04951666666666665,0.12478333333333334,0.22920884259259258
2022-09-29,Comm,0.06645416666666668,0.126195,0.09243913670720813
2022-09-29,Consumer,0.12367428571428571,0.060516190476190466,0.1277661718159486
2022-09-29,Energy,0.1811775,0.22659791666666665,0.17140769110320897
2022-09-29,Financials,0.10194055555555555,0.14922222222222223,0.09613117762660621
2022-09-29,Healthcare,0.20082499999999998,0.14720499999999997,0.07743539682539684
2022-09-29,Industrials,0.0572,0.017911111111111124,0.11777293022764662
2022-09-29,Materials,0.0,-0.016783333333333327,0.08661058201058201
2022-09-29,RealEstate,0.0,-0.08837916666666666,0.2083152664399093
2022-09-29,Tech,0.0904715,-0.012209844155844151,0.08047217297685602
2022-09-29,Utilities,0.3818,-0.04951666666666665,0.20969019179894183
2022-09-30,Comm,0.025491666666666666,0.06645416666666668,0.10814409702466846
2022-09-30,Consumer,0.18351712121212121,0.12367428571428571,0.12670637589758127
2022-09-30,Energy,0.28570873015873016,0.1811775,0.17569485096715454
2022-09-30,Financials,0.3894111111111111,0.10194055555555555,0.10195989455782313
2022-09-30,Healthcare,0.0,0.20082499999999998,0.08505027777777778
2022-09-30,Industrials,0.1468,0.0572,0.11200834689431328
2022-09-30,Materials,0.0,0.0,0.0848026455026455
2022-09-30,RealEstate,0.40345000000000003,0.0,0.1954033616780045
2022-09-30,Tech,-0.1387766666666667,0.0904715,0.07921526821495126
2022-09-30,Utilities,0.0593,0.3818,0.22576400132275132
2022-10-03,Comm,0.24489099999999997,0.025491666666666666,0.10184544623101767
2022-10-03,Consumer,0.11644590476190478,0.18351712121212121,0.13294683405053942
2022-10-03,Energy,0.09041141025641025,0.28570873015873016,0.1777113056500378
2022-10-03,Financials,0.2817225,0.3894111111111111,0.11756915381708238
2022-10-03,Healthcare,0.04760000000000001,0.0,0.09479242063492063
2022-10-03,Industrials,0.2319,0.1468,0.10988718287314926
2022-10-03,Materials,0.11808333333333333,0.0,0.08439312169312169
2022-10-03,RealEstate,0.386425,0.40345000000000003,0.20397955215419503
2022-10-03,Tech,0.30926488095238097,-0.1387766666666667,0.06825645869114173
2022-10-03,Utilities,0.08222499999999999,0.0593,0.21806082671957672
2022-10-04,Comm,0.11383999999999998,0.24489099999999997,0.11123747797704941
2022-10-04,Consumer,-0.011166666666666668,0.11644590476190478,0.1304627818963444
2022-10-04,Energy,0.11354375000000001,0.09041141025641025,0.17416170613843826
2022-10-04,Financials,0.30048184523809524,0.2817225,0.11774903476946334
2022-10-04,Healthcare,-0.08459,0.04760000000000001,0.09160186507936507
2022-10-04,Industrials,0.0456625,0.2319,0.11012617096838734
2022-10-04,Materials,0.3825,0.11808333333333333,0.07978399470899471
2022-10-04,RealEstate,0.33353,0.386425,0.20619026643990931
2022-10-04,Tech,0.1498364935064935,0.30926488095238097,0.0826099640933026
2022-10-04,Utilities,0.11873124999999998,0.08222499999999999,0.21652677910052912
2022-10-05,Comm,0.313,0.11383999999999998,0.10907628750085892
2022-10-05,Consumer,0.05573066666666667,-0.011166666666666668,0.12805617872174122
2022-10-05,Energy,0.2191266666666667,0.11354375000000001,0.170182100129368
2022-10-05,Financials,0.15582916666666666,0.30048184523809524,0.12681175755857899
2022-10-05,Healthcare,0.09908888888888889,-0.08459,0.07848011904761905
2022-10-05,Industrials,0.3094222222222222,0.0456625,0.10663827414299053
2022-10-05,Materials,0.09316666666666668,0.3825,0.08710304232804233
2022-10-05,RealEstate,0.27059999999999995,0.33353,0.2180202664399093
2022-10-05,Tech,0.11293427777777779,0.1498364935064935,0.07897666786572065
2022-10-05,Utilities,0.22012,0.11873124999999998,0.21616107142857144
2022-10-06,Comm,0.09976875,0.313,0.11604712083419225
2022-10-06,Consumer,0.17427222222222222,0.05573066666666667,0.12191963903920151
2022-10-06,Energy,0.137495,0.2191266666666667,0.17350176282778068
2022-10-06,Financials,0.10615523809523811,0.15582916666666666,0.1309603686696901
2022-10-06,Healthcare,-0.37960000000000005,0.09908888888888889,0.07096137566137567
2022-10-06,Industrials,0.15805,0.3094222222222222,0.1101143720265884
2022-10-06,Materials,-0.1909,0.09316666666666668,0.09153955026455027
2022-10-06,RealEstate,0.0,0.27059999999999995,0.213572052154195
2022-10-06,Tech,-0.0929625,0.11293427777777779,0.07927725516730796
2022-10-06,Utilities,0.1245375,0.22012,0.2137388095238095
2022-10-07,Comm,0.15904444444444446,0.09976875,0.11662720870267299
2022-10-07,Consumer,0.01323333333333333,0.17427222222222222,0.12218960667903526
2022-10-07,Energy,0.26992971428571433,0.137495,0.17151914378016161
2022-10-07,Financials,0.11608500000000002,0.10615523809523811,0.13554014191232047
2022-10-07,Healthcare,0.09895,-0.37960000000000005,0.04977931216931216
2022-10-07,Industrials,0.020768749999999996,0.15805,0.11249770535992175
2022-10-07,Materials,-0.11315,-0.1909,0.07929074074074076
2022-10-07,RealEstate,0.05740624999999999,0.0,0.21055617913832197
2022-10-07,Tech,0.0563086842105263,-0.0929625,0.06938896151651432
2022-10-07,Utilities,0.2694833333333333,0.1245375,0.21043630952380954
2022-10-10,Comm,0.0,0.15904444444444446,0.11343405072837215
2022-10-10,Consumer,0.13132928571428573,0.01323333333333333,0.11947357493300348
2022-10-10,Energy,0.13325833333333334,0.26992971428571433,0.17123532065090993
2022-10-10,Financials,0.10799600000000001,0.11608500000000002,0.13186252286470143
2022-10-10,Healthcare,0.326336,0.09895,0.04600524867724868
2022-10-10,Industrials,0.138075,0.020768749999999996,0.11318093948690586
2022-10-10,Materials,0.09469000000000001,-0.11315,0.06268895502645504
2022-10-10,RealEstate,0.10796999999999998,0.05740624999999999,0.19449774659863947
2022-10-10,Tech,0.07669666666666666,0.0563086842105263,0.07068651790749175
2022-10-10,Utilities,0.45730000000000004,0.2694833333333333,0.21599059523809527
2022-10-11,Comm,0.07178444444444444,0.0,0.11478309834741977
2022-10-11,Consumer,0.26193333333333335,0.13132928571428573,0.11469310441146156
2022-10-11,Energy,0.16493833333333335,0.13325833333333334,0.17528749525408455
2022-10-11,Financials,-0.283775,0.10799600000000001,0.12483987207105063
2022-10-11,Healthcare,0.22581185714285718,0.326336,0.061939026455026455
2022-10-11,Industrials,0.2917666666666667,0.138075,0.11877895535992175
2022-10-11,Materials,0.0,0.09469000000000001,0.05465752645502646
2022-10-11,RealEstate,-0.013233333333333338,0.10796999999999998,0.17402488945578232
2022-10-11,Tech,-0.022358333333333334,0.07669666666666666,0.06735547028844413
2022-10-11,Utilities,0.2722333333333333,0.45730000000000004,0.2229721428571429
2022-10-12,Comm,0.13851,0.07178444444444444,0.11539295851370851
2022-10-12,Consumer,0.1837997619047619,0.26193333333333335,0.11966725520511237
2022-10-12,Energy,0.20330807692307692,0.16493833333333335,0.17413649326995756
2022-10-12,Financials,-0.024603333333333338,-0.283775,0.11044320540438399
2022-10-12,Healthcare,0.10256145833333333,0.22581185714285718,0.059390718065003775
2022-10-12,Industrials,0.4334,0.2917666666666667,0.12649510615357254
2022-10-12,Materials,0.34,0.0,0.05787716931216932
2022-10-12,RealEstate,0.156225,-0.013233333333333338,0.15943851379440663
2022-10-12,Tech,-0.029268888888888872,-0.022358333333333334,0.06448838978957792
2022-10-12,Utilities,0.022766666666666668,0.2722333333333333,0.22450865079365082
2022-10-13,Comm,-0.14465625,0.13851,0.12214287914862916
2022-10-13,Consumer,0.022599999999999988,0.1837997619047619,0.11943540259740258
2022-10-13,Energy,0.10111555555555556,0.20330807692307692,0.17129347425722427
2022-10-13,Financials,0.048717333333333335,-0.024603333333333338,0.10265435619803479
2022-10-13,Healthcare,-0.23704999999999998,0.10256145833333333,0.06141808909674981
2022-10-13,Industrials,0.0990375,0.4334,0.13224540377262017
2022-10-13,Materials,0.0502375,0.34,0.06797240740740741
2022-10-13,RealEstate,0.0,0.156225,0.1612522042705971
2022-10-13,Tech,0.002154999999999997,-0.029268888888888872,0.06187471254090067
2022-10-13,Utilities,0.1366,0.022766666666666668,0.22518325396825398
2022-10-14,Comm,0.0,-0.14465625,0.11080567676767676
2022-10-14,Consumer,-0.031166666666666676,0.022599999999999988,0.11120906472892186
2022-10-14,Energy,0.11390866666666666,0.10111555555555556,0.17051817333129832
2022-10-14,Financials,0.13777425787106448,0.048717333333333335,0.10537645143613002
2022-10-14,Healthcare,0.17491333333333334,-0.23704999999999998,0.051503208144368866
2022-10-14,Industrials,0.16516666666666666,0.0990375,0.1318582013916678
2022-10-14,Materials,0.0,0.0502375,0.06168318783068784
2022-10-14,RealEstate,-0.020899999999999974,0.0,0.15114506141345427
2022-10-14,Tech,0.07374,0.002154999999999997,0.057343244286932424
2022-10-14,Utilities,0.2151,0.1366,0.2159038888888889
2022-10-17,Comm,0.25137,0.0,0.10474274025974026
2022-10-17,Consumer,0.09302980952380953,-0.031166666666666676,0.10672425747268603
2022-10-17,Energy,0.07120083333333334,0.11390866666666666,0.16531361248473747
2022-10-17,Financials,0.12281533333333335,0.13777425787106448,0.0984858548721671
2022-10-17,Healthcare,0.120345,0.17491333333333334,0.060224557350718064
2022-10-17,Industrials,-0.0929,0.16516666666666666,0.14063459028055666
2022-10-17,Materials,-0.13074999999999998,0.0,0.05961757936507937
2022-10-17,RealEstate,0.06738500000000003,-0.020899999999999974,0.13507244236583524
2022-10-17,Tech,0.061792,0.07374,0.06119469563268811
2022-10-17,Utilities,-0.09354,0.2151,0.21195619047619044
2022-10-18,Comm,0.1565,0.25137,0.10836419528619529
2022-10-18,Consumer,0.06945333333333334,0.09302980952380953,0.10467875633889918
2022-10-18,Energy,-0.016618749999999998,0.07120083333333334,0.14510484264346765
2022-10-18,Financials,0.10424,0.12281533333333335,0.09957153741184964
2022-10-18,Healthcare,0.01213000000000002,0.120345,0.06023983512849583
2022-10-18,Industrials,0.11238124999999999,-0.0929,0.1266474754346183
2022-10-18,Materials,0.11086666666666667,-0.13074999999999998,0.0533913888888889
2022-10-18,RealEstate,0.016858333333333333,0.06738500000000003,0.12497970427059713
2022-10-18,Tech,0.13744,0.061792,0.06160975685717791
2022-10-18,Utilities,0.4255,-0.09354,0.18873174603174606
2022-10-19,Comm,-0.07231666666666665,0.1565,0.11361481216931216
2022-10-19,Consumer,0.169599,0.06945333333333334,0.09322024840239125
2022-10-19,Energy,0.15616066666666667,-0.016618749999999998,0.13984308584074656
2022-10-19,Financials,0.07913333333333332,0.10424,0.1015370929674052
2022-10-19,Healthcare,0.05185714285714286,0.01213000000000002,0.06006393943688587
2022-10-19,Industrials,0.02971666666666667,0.11238124999999999,0.11795125
2022-10-19,Materials,0.0,0.11086666666666667,0.06359694444444446
2022-10-19,RealEstate,0.10345000000000001,0.016858333333333333,0.11352787887377172
2022-10-19,Tech,-0.09869666666666668,0.13744,0.06382448701590808
2022-10-19,Utilities,-0.0050416666666666665,0.4255,0.1981622222222222
2022-10-20,Comm,-0.004422222222222226,-0.07231666666666665,0.10577860185185184
2022-10-20,Consumer,0.19209266666666666,0.169599,0.099982921871779
2022-10-20,Energy,0.130947,0.15616066666666667,0.1366783556820164
2022-10-20,Financials,0.04755416666666667,0.07913333333333332,0.10478770804677028
2022-10-20,Healthcare,0.05519533333333333,0.05185714285714286,0.06103485780423281
2022-10-20,Industrials,0.16829166666666667,0.02971666666666667,0.11289648809523811
2022-10-20,Materials,0.022308333333333336,0.0,0.06359694444444446
2022-10-20,RealEstate,0.20095,0.10345000000000001,0.10750307728647014
2022-10-20,Tech,0.20392000000000002,-0.09869666666666668,0.05492947000910534
2022-10-20,Utilities,0.12504666666666667,-0.0050416666666666665,0.19386976190476193
2022-10-21,Comm,0.14178055555555558,-0.004422222222222226,0.09888078174603174
2022-10-21,Consumer,0.05063333333333333,0.19209266666666666,0.10245029753315467
2022-10-21,Energy,0.09009577777777777,0.130947,0.12840648663439735
2022-10-21,Financials,-0.04770833333333334,0.04755416666666667,0.10569814455470679
2022-10-21,Healthcare,0.11581599999999999,0.05519533333333333,0.0677689212962963
2022-10-21,Industrials,0.25155,0.16829166666666667,0.11714688492063492
2022-10-21,Materials,0.21955,0.022308333333333336,0.06263543650793653
2022-10-21,RealEstate,0.300555,0.20095,0.11393760109599395
2022-10-21,Tech,0.026856,0.20392000000000002,0.06313635035098569
2022-10-21,Utilities,0.11818499999999998,0.12504666666666667,0.1812434126984127
2022-10-24,Comm,0.17010625,0.14178055555555558,0.10308176058201057
2022-10-24,Consumer,0.120034,0.05063333333333333,0.0963632317735175
2022-10-24,Energy,0.08828255555555556,0.09009577777777777,0.12611501573492645
2022-10-24,Financials,-0.09863888888888889,-0.04770833333333334,0.10548092233248454
2022-10-24,Healthcare,0.05149,0.11581599999999999,0.06519984193121692
2022-10-24,Industrials,0.12465277777777778,0.25155,0.12999017857142858
2022-10-24,Materials,0.14435833333333334,0.21955,0.0629445634920635
2022-10-24,RealEstate,0.25793,0.300555,0.13071783919123203
2022-10-24,Tech,-0.0023473809523809524,0.026856,0.05758347960268636
2022-10-24,Utilities,0.22193999999999997,0.11818499999999998,0.18006462301587303
2022-10-25,Comm,0.07677111111111111,0.17010625,0.10320872486772485
2022-10-25,Consumer,0.05301,0.120034,0.1044399301862159
2022-10-25,Energy,0.12137000000000002,0.08828255555555556,0.1336614767137624
2022-10-25,Financials,0.19183729166666666,-0.09863888888888889,0.09634446730602951
2022-10-25,Healthcare,0.049883333333333335,0.05149,0.06237079431216931
2022-10-25,Industrials,0.04207161172161172,0.12465277777777778,0.13156888227513228
2022-10-25,Materials,0.1926777777777778,0.14435833333333334,0.061395753968253974
2022-10-25,RealEstate,0.09152,0.25793,0.1394076275510204
2022-10-25,Tech,-0.02600249999999999,-0.0023473809523809524,0.05614635261855939
2022-10-25,Utilities,0.10206666666666667,0.22193999999999997,0.18119589285714285
2022-10-26,Comm,0.02545,0.07677111111111111,0.10197290476190475
2022-10-26,Consumer,0.06580916666666667,0.05301,0.09765694832680546
2022-10-26,Energy,0.02079,0.12137000000000002,0.13471431401534972
2022-10-26,Financials,0.13424242424242425,0.19183729166666666,0.09672059230602952
2022-10-26,Healthcare,0.08175277777777777,0.049883333333333335,0.06400904828042327
2022-10-26,Industrials,0.03804333333333333,0.04207161172161172,0.13359997092854237
2022-10-26,Materials,0.0,0.1926777777777778,0.0627073941798942
2022-10-26,RealEstate,0.0858875,0.09152,0.14028374999999998
2022-10-26,Tech,0.27627999999999997,-0.02600249999999999,0.05079098980676801
2022-10-26,Utilities,0.16080833333333333,0.10206666666666667,0.15855335317460317
2022-10-27,Comm,0.26376166666666667,0.02545,0.0933124880952381
2022-10-27,Consumer,0.06421416666666666,0.06580916666666667,0.09992286102521816
2022-10-27,Energy,0.1154789090909091,0.02079,0.1382260827228327
2022-10-27,Financials,0.19666066666666668,0.13424242424242425,0.10097296303715025
2022-10-27,Healthcare,0.1951702922077922,0.08175277777777777,0.06002481547619047
2022-10-27,Industrials,0.2708027777777778,0.03804333333333333,0.13280798680155823
2022-10-27,Materials,0.13396666666666665,0.0,0.0627073941798942
2022-10-27,RealEstate,-0.005024000000000001,0.0858875,0.12941093253968253
2022-10-27,Tech,0.01415511111111111,0.27627999999999997,0.055003462973812596
2022-10-27,Utilities,0.09596666666666667,0.16080833333333333,0.16026882936507936
2022-10-28,Comm,0.1270464285714286,0.26376166666666667,0.09986328174603175
2022-10-28,Consumer,0.044164,0.06421416666666666,0.10009895512952656
2022-10-28,Energy,0.12420655555555556,0.1154789090909091,0.1329347014097014
2022-10-28,Financials,0.029960000000000004,0.19666066666666668,0.1032319365821238
2022-10-28,Healthcare,0.00938888888888888,0.1951702922077922,0.06230887700989486
2022-10-28,Industrials,0.19216249999999999,0.2708027777777778,0.14485044711901854
2022-10-28,Materials,0.0,0.13396666666666665,0.06988596560846562
2022-10-28,RealEstate,0.0,-0.005024000000000001,0.13338022619047618
2022-10-28,Tech,0.08755189393939393,0.01415511111111111,0.056258937034143794
2022-10-28,Utilities,0.18228333333333332,0.09596666666666667,0.16719660714285714
2022-10-31,Comm,0.271605,0.1270464285714286,0.10274862755102042
2022-10-31,Consumer,0.06973016666666668,0.044164,0.09631275104789391
2022-10-31,Energy,0.11650491666666667,0.12420655555555556,0.1302217992932993
2022-10-31,Financials,0.21303999999999998,0.029960000000000004,0.09980429107947829
2022-10-31,Healthcare,0.0,0.00938888888888888,0.05319287171888957
2022-10-31,Industrials,0.18771666666666667,0.19216249999999999,0.15127723283330427
2022-10-31,Materials,0.0,0.0,0.06988596560846562
2022-10-31,RealEstate,0.19326714285714286,0.0,0.13338022619047618
2022-10-31,Tech,0.13955349999999997,0.08755189393939393,0.05611990817411495
2022-10-31,Utilities,0.3995866666666667,0.18228333333333332,0.1576958134920635
2022-11-01,Comm,0.14109687499999998,0.271605,0.11446831009070295
2022-11-01,Consumer,0.05618500000000002,0.06973016666666668,0.0908943246409675
2022-11-01,Energy,0.10613198051948053,0.11650491666666667,0.12216447484129629
2022-11-01,Financials,0.04752916666666668,0.21303999999999998,0.09140566674085396
2022-11-01,Healthcare,0.13551666666666667,0.0,0.05319287171888957
2022-11-01,Industrials,0.11333333333333334,0.18771666666666667,0.15322564553171697
2022-11-01,Materials,-0.0395375,0.0,0.06988596560846562
2022-11-01,RealEstate,0.042145833333333334,0.19326714285714286,0.12337151870748302
2022-11-01,Tech,0.10052133333333332,0.13955349999999997,0.06937372563443239
2022-11-01,Utilities,0.4153,0.3995866666666667,0.17389994047619048
2022-11-02,Comm,0.0271375,0.14109687499999998,0.10952573270975055
2022-11-02,Consumer,0.27115433333333333,0.05618500000000002,0.08802475774754345
2022-11-02,Energy,0.24664961904761906,0.10613198051948053,0.12291307342525203
2022-11-02,Financials,0.16895833333333335,0.04752916666666668,0.08025360324879048
2022-11-02,Healthcare,-0.098025,0.13551666666666667,0.057379379655397515
2022-11-02,Industrials,0.1909,0.11333333333333334,0.14757961378568524
2022-11-02,Materials,-0.08736666666666666,-0.0395375,0.062380211640211645
2022-11-02,RealEstate,0.07867222222222221,0.042145833333333334,0.10697727267573695
2022-11-02,Tech,0.13055866666666666,0.10052133333333332,0.05943355670019203
2022-11-02,Utilities,0.20775,0.4153,0.18976065476190476
2022-11-03,Comm,0.07632000000000001,0.0271375,0.1053970422335601
2022-11-03,Consumer,-0.002811666666666668,0.27115433333333333,0.10146861489040061
2022-11-03,Energy,0.30889,0.24664961904761906,0.12925144814180528
2022-11-03,Financials,-0.009941666666666666,0.16895833333333335,0.07399057887237324
2022-11-03,Healthcare,-0.15754125,-0.098025,0.05673961775063561
2022-11-03,Industrials,0.02967333333333333,0.1909,0.15449568521425663
2022-11-03,Materials,0.05303333333333333,-0.08736666666666666,0.04000560846560847
2022-11-03,RealEstate,-0.008838888888888891,0.07867222222222221,0.09484118801965231
2022-11-03,Tech,0.03133273809523809,0.13055866666666666,0.05851556494591457
2022-11-03,Utilities,0.15884791666666667,0.20775,0.19399964285714286
2022-11-04,Comm,0.017556249999999995,0.07632000000000001,0.0941265660430839
2022-11-04,Consumer,-0.010599999999999997,-0.002811666666666668,0.09868088473167044
2022-11-04,Energy,0.057296666666666676,0.30889,0.13352589258624975
2022-11-04,Financials,0.13373333333333332,-0.009941666666666666,0.06609672966602403
2022-11-04,Healthcare,0.07681166666666668,-0.15754125,0.0445191349464028
2022-11-04,Industrials,0.1975,0.02967333333333333,0.141174309552881
2022-11-04,Materials,0.0,0.05303333333333333,0.03809449735449737
2022-11-04,RealEstate,-0.2732,-0.008838888888888891,0.08153457426303855
2022-11-04,Tech,0.0695,0.03133273809523809,0.0546297773419841
2022-11-04,Utilities,0.14405,0.15884791666666667,0.19108192460317458
2022-11-07,Comm,-0.11038666666666666,0.017556249999999995,0.09021168509070294
2022-11-07,Consumer,0.08283149999999999,-0.010599999999999997,0.0898774455782313
2022-11-07,Energy,0.07273981818181818,0.057296666666666676,0.1297069243322815
2022-11-07,Financials,-0.02329333333333334,0.13373333333333332,0.0674099722964095
2022-11-07,Healthcare,0.022810000000000007,0.07681166666666668,0.0662530238352917
2022-11-07,Industrials,0.0,0.1975,0.1430528809814524
2022-11-07,Materials,0.0,0.0,0.04718497354497356
2022-11-07,RealEstate,0.12118125,-0.2732,0.06852505045351476
2022-11-07,Tech,0.15052076190476188,0.0695,0.062366086865793625
2022-11-07,Utilities,-0.012233333333333332,0.14405,0.19201109126984126
2022-11-08,Comm,0.083775,-0.11038666666666666,0.07738163218065004
2022-11-08,Consumer,0.03053,0.08283149999999999,0.09319164399092969
2022-11-08,Energy,0.16152395833333333,0.07273981818181818,0.12031692927971502
2022-11-08,Financials,0.06197777777777778,-0.02329333333333334,0.06077290880434603
2022-11-08,Healthcare,-0.052500000000000005,0.022810000000000007,0.0626273095495774
2022-11-08,Industrials,0.06558749999999999,0.0,0.14206389288621432
2022-11-08,Materials,0.03433214285714287,0.0,0.0525730687830688
2022-11-08,RealEstate,0.3119,0.12118125,0.07156195521541951
2022-11-08,Tech,0.09983095238095238,0.15052076190476188,0.06685237627980485
2022-11-08,Utilities,0.1897333333333333,-0.012233333333333332,0.1785960119047619
2022-11-09,Comm,0.02073333333333333,0.083775,0.08137091789493575
2022-11-09,Consumer,0.05715416666666666,0.03053,0.08839167800453515
2022-11-09,Energy,-0.049745833333333336,0.16152395833333333,0.12166291142257213
2022-11-09,Financials,0.1217,0.06197777777777778,0.05858156488900211
2022-11-09,Healthcare,0.07585666666666667,-0.052500000000000005,0.04458750002576788
2022-11-09,Industrials,0.14049999999999999,0.06558749999999999,0.1386121071719286
2022-11-09,Materials,0.0,0.03433214285714287,0.0496988851095994
2022-11-09,RealEstate,0.10115,0.3119,0.0812729075963719
2022-11-09,Tech,0.057275000000000006,0.09983095238095238,0.06795400893286607
2022-11-09,Utilities,0.09595000000000001,0.1897333333333333,0.16585474206349207
2022-11-10,Comm,0.04046,0.02073333333333333,0.07893991260393046
2022-11-10,Consumer,-0.02396952380952381,0.05715416666666666,0.07864028911564626
2022-11-10,Energy,0.09074266666666667,-0.049745833333333336,0.11143985586701659
2022-11-10,Financials,0.0256,0.1217,0.07788989822233544
2022-11-10,Healthcare,0.12435,0.07585666666666667,0.03744677666975881
2022-11-10,Industrials,0.12166666666666666,0.14049999999999999,0.131408932568754
2022-11-10,Materials,0.0,0.0,0.0496988851095994
2022-11-10,RealEstate,0.1029375,0.10115,0.08671973299319728
2022-11-10,Tech,0.07427292307692308,0.057275000000000006,0.07174607242492956
2022-11-10,Utilities,0.395275,0.09595000000000001,0.15746029761904762
2022-11-11,Comm,0.0,0.04046,0.07427086498488283
2022-11-11,Consumer,0.1656473333333333,-0.02396952380952381,0.06874651360544218
2022-11-11,Energy,0.060730571428571425,0.09074266666666667,0.10607959823575894
2022-11-11,Financials,0.10765333333333334,0.0256,0.08028053314297037
2022-11-11,Healthcare,0.3767444444444445,0.12435,0.038484326272933425
2022-11-11,Industrials,0.3236833333333333,0.12166666666666666,0.11656448812430956
2022-11-11,Materials,0.19125,0.0,0.03350840891912321
2022-11-11,RealEstate,0.5327999999999999,0.1029375,0.08418223299319728
2022-11-11,Tech,0.1276092857142857,0.07427292307692308,0.07667663489949203
2022-11-11,Utilities,0.11735999999999999,0.395275,0.17519878968253969
2022-11-14,Comm,0.352572619047619,0.0,0.0811592578420257
2022-11-14,Consumer,0.16784295900178253,0.1656473333333333,0.07555829138321994
2022-11-14,Energy,0.12069488344988347,0.060730571428571425,0.10415650375352162
2022-11-14,Financials,0.20764666666666667,0.10765333333333334,0.08308700933344655
2022-11-14,Healthcare,0.15980500000000003,0.3767444444444445,0.06771263315124029
2022-11-14,Industrials,-0.04247500000000001,0.3236833333333333,0.12726190875923019
2022-11-14,Materials,0.11000000000000003,0.19125,0.04022328987150416
2022-11-14,RealEstate,0.15305555555555558,0.5327999999999999,0.10955366156462587
2022-11-14,Tech,0.07508962148962149,0.1276092857142857,0.08265064850493421
2022-11-14,Utilities,0.048155,0.11735999999999999,0.1742825992063492
2022-11-15,Comm,-0.077225,0.352572619047619,0.0979484301776266
2022-11-15,Consumer,0.06878066666666667,0.16784295900178253,0.08503494022457468
2022-11-15,Energy,0.3191528571428571,0.12069488344988347,0.1044796569336748
2022-11-15,Financials,0.06761666666666667,0.20764666666666667,0.0864142668951419
2022-11-15,Healthcare,0.20067000000000004,0.15980500000000003,0.06699318870679585
2022-11-15,Industrials,0.13238333333333333,-0.04247500000000001,0.11737421034653178
2022-11-15,Materials,0.28788749999999996,0.11000000000000003,0.0454613851095994
2022-11-15,RealEstate,0.4939,0.15305555555555558,0.11783725944822374
2022-11-15,Tech,0.13655250000000002,0.07508962148962149,0.0827149161949162
2022-11-15,Utilities,0.2755,0.048155,0.1663328373015873
2022-11-16,Comm,0.2467555555555556,-0.077225,0.08230104922524564
2022-11-16,Consumer,0.07187133333333334,0.06878066666666667,0.0838802191361393
2022-11-16,Energy,0.20551,0.3191528571428571,0.11628689616269974
2022-11-16,Financials,-0.0038599999999999967,0.06761666666666667,0.08378575895863397
2022-11-16,Healthcare,0.16213333333333335,0.20067000000000004,0.07081818870679586
2022-11-16,Industrials,0.111025,0.13238333333333333,0.12810198812430956
2022-11-16,Materials,0.0,0.28788749999999996,0.06539650415721845
2022-11-16,RealEstate,0.27128888888888886,0.4939,0.13814749754346184
2022-11-16,Tech,-0.01643138888888889,0.13655250000000002,0.08627494000444
2022-11-16,Utilities,0.2215875,0.2755,0.18390617063492062
2022-11-17,Comm,-0.012758333333333335,0.2467555555555556,0.08659893282312925
2022-11-17,Consumer,0.3145645,0.07187133333333334,0.08399536199328217
2022-11-17,Energy,0.05206291666666667,0.20551,0.12686445568650925
2022-11-17,Financials,0.213385,-0.0038599999999999967,0.07863813991101491
2022-11-17,Healthcare,0.013486666666666666,0.16213333333333335,0.07796120457981173
2022-11-17,Industrials,0.15380833333333332,0.111025,0.12803740479097622
2022-11-17,Materials,0.7096,0.0,0.060117139077853377
2022-11-17,RealEstate,0.0,0.27128888888888886,0.15026323828420257
2022-11-17,Tech,0.08650733333333334,-0.01643138888888889,0.078947731009731
2022-11-17,Utilities,0.0,0.2215875,0.1741960515873016
2022-11-18,Comm,0.0,-0.012758333333333335,0.08943504393424036
2022-11-18,Consumer,-0.057420000000000006,0.3145645,0.0908984810409012
2022-11-18,Energy,0.08606000000000001,0.05206291666666667,0.12190741997222355
2022-11-18,Financials,0.13849166666666668,0.213385,0.08503107641895143
2022-11-18,Healthcare,0.08378333333333333,0.013486666666666666,0.0761340390469319
2022-11-18,Industrials,-0.042666666666666665,0.15380833333333332,0.13394653177510318
2022-11-18,Materials,0.22467777777777778,0.7096,0.09390761526832957
2022-11-18,RealEstate,-0.13486666666666666,0.0,0.1453370478080121
2022-11-18,Tech,0.28147500000000003,0.08650733333333334,0.0877669691049691
2022-11-18,Utilities,0.07875,0.0,0.17443613095238095
2022-11-21,Comm,0.2596625,0.0,0.08964562594482237
2022-11-21,Consumer,0.2542560740740741,-0.057420000000000006,0.07901692548534564
2022-11-21,Energy,0.1497365,0.08606000000000001,0.11976994378174736
2022-11-21,Financials,0.08662107142857142,0.13849166666666668,0.08936143356180856
2022-11-21,Healthcare,0.21254722222222222,0.08378333333333333,0.07749537238026524
2022-11-21,Industrials,0.10607777777777778,-0.042666666666666665,0.12390089685446826
2022-11-21,Materials,0.12416666666666669,0.22467777777777778,0.10354425547996977
2022-11-21,RealEstate,0.156525,-0.13486666666666666,0.12934577796674226
2022-11-21,Tech,0.176582,0.28147500000000003,0.09146006434306435
2022-11-21,Utilities,0.0860625,0.07875,0.17223152777777778
2022-11-22,Comm,0.3859666666666666,0.2596625,0.09525905187074829
2022-11-22,Consumer,0.013168666666666657,0.2542560740740741,0.08871324647299997
2022-11-22,Energy,-0.09503166666666667,0.1497365,0.12260997817328174
2022-11-22,Financials,0.183745,0.08662107142857142,0.09575807188380404
2022-11-22,Healthcare,0.12752090476190475,0.21254722222222222,0.08210162105751392
2022-11-22,Industrials,0.18368416666666665,0.10607777777777778,0.1169736481772196
2022-11-22,Materials,0.0,0.12416666666666669,0.09900219198790629
2022-11-22,RealEstate,-0.41169999999999995,0.156525,0.12248720653817083
2022-11-22,Tech,0.004435,0.176582,0.09858987386687386
2022-11-22,Utilities,0.0,0.0860625,0.17070188492063493
2022-11-23,Comm,0.00645,0.3859666666666666,0.10553811933106576
2022-11-23,Consumer,0.3301688492063492,0.013168666666666657,0.08362442107617458
2022-11-23,Energy,0.24129490476190477,-0.09503166666666667,0.11388072949603309
2022-11-23,Financials,0.06633333333333334,0.183745,0.10920492373565588
2022-11-23,Healthcare,0.12200089285714286,0.12752090476190475,0.08572214033189034
2022-11-23,Industrials,0.0,0.18368416666666665,0.11978466669573813
2022-11-23,Materials,0.148,0.0,0.09212798563869994
2022-11-23,RealEstate,0.22020000000000003,-0.41169999999999995,0.09060006368102798
2022-11-23,Tech,0.21851875,0.004435,0.09891284438841581
2022-11-23,Utilities,0.24009999999999998,0.0,0.1601333134920635
2022-11-25,Comm,0.44874166666666665,0.00645,0.10218949499244143
2022-11-25,Consumer,0.18268244047619048,0.3301688492063492,0.09682246151457215
2022-11-25,Energy,0.21078200000000002,0.24129490476190477,0.11959143924659997
2022-11-25,Financials,0.14007733333333333,0.06633333333333334,0.10322854476740191
2022-11-25,Healthcare,0.14032178571428572,0.12200089285714286,0.08915630983302412
2022-11-25,Industrials,0.0,0.0,0.11778125661375662
2022-11-25,Materials,0.0,0.148,0.09000047241118671
2022-11-25,RealEstate,0.3744666666666667,0.22020000000000003,0.09672768272864703
2022-11-25,Tech,-0.003799999999999989,0.21851875,0.11055671343603486
2022-11-25,Utilities,0.217675,0.24009999999999998,0.16670632936507937
2022-11-28,Comm,0.3620833333333333,0.44874166666666665,0.12234624102418745
2022-11-28,Consumer,0.05941810439560439,0.18268244047619048,0.10238785550550186
2022-11-28,Energy,0.007767250000000003,0.21078200000000002,0.12863867734183806
2022-11-28,Financials,0.07735833333333332,0.14007733333333333,0.10350639758125471
2022-11-28,Healthcare,0.2016811904761905,0.14032178571428572,0.09194531021095308
2022-11-28,Industrials,0.0073824999999999984,0.0,0.1159696693121693
2022-11-28,Materials,0.2023,0.0,0.09000047241118671
2022-11-28,RealEstate,0.47812499999999997,0.3744666666666667,0.1104695478080121
2022-11-28,Tech,0.11016784615384616,-0.003799999999999989,0.09721957057889201
2022-11-28,Utilities,0.2553,0.217675,0.1694142658730159
2022-11-29,Comm,0.27205555555555555,0.3620833333333333,0.12702822515117157
2022-11-29,Consumer,0.144075,0.05941810439560439,0.10215947158783223
2022-11-29,Energy,0.04276863636363636,0.007767250000000003,0.12350955071846144
2022-11-29,Financials,0.44982777777777777,0.07735833333333332,0.09782533408919122
2022-11-29,Healthcare,0.19279,0.2016811904761905,0.09225535298563872
2022-11-29,Industrials,0.14984999999999998,0.0073824999999999984,0.10342584656084657
2022-11-29,Materials,0.0,0.2023,0.09325444066515497
2022-11-29,RealEstate,0.0,0.47812499999999997,0.13347664304610735
2022-11-29,Tech,-0.08916533333333333,0.11016784615384616,0.10179160558092702
2022-11-29,Utilities,0.17276666666666665,0.2553,0.17700156746031745
2022-11-30,Comm,0.07626666666666666,0.27205555555555555,0.13393342167422523
2022-11-30,Consumer,0.12697999999999998,0.144075,0.1069171382544989
2022-11-30,Energy,0.2067204761904762,0.04276863636363636,0.11963155456646528
2022-11-30,Financials,-0.03586666666666667,0.44982777777777777,0.11781903779289493
2022-11-30,Healthcare,0.194033,0.19279,0.10098873922902495
2022-11-30,Industrials,0.12834166666666666,0.14984999999999998,0.1014109656084656
2022-11-30,Materials,0.22732000000000002,0.0,0.09325444066515497
2022-11-30,RealEstate,0.14885,0.0,0.13347664304610735
2022-11-30,Tech,0.09827666666666666,-0.08916533333333333,0.09337649952032094
2022-11-30,Utilities,0.16963333333333333,0.17276666666666665,0.17654839285714286
2022-12-01,Comm,0.10304666666666666,0.07626666666666666,0.12463159627739986
2022-12-01,Consumer,0.16009666666666666,0.12697999999999998,0.10964332079418143
2022-12-01,Energy,0.20941666666666667,0.2067204761904762,0.1239275335914086
2022-12-01,Financials,-0.07454566666666666,-0.03586666666666667,0.10596633938019652
2022-12-01,Healthcare,0.13513666666666668,0.194033,0.11022840589569162
2022-12-01,Industrials,0.2927666666666667,0.12834166666666666,0.09858358465608465
2022-12-01,Materials,0.09205833333333333,0.22732000000000002,0.10407920256991687
2022-12-01,RealEstate,0.261275,0.14885,0.131361541005291
2022-12-01,Tech,0.19348100000000001,0.09827666666666666,0.09141093602825745
2022-12-01,Utilities,0.24657500000000002,0.16963333333333333,0.16559823412698413
2022-12-02,Comm,0.25708000000000003,0.10304666666666666,0.12281968159486018
2022-12-02,Consumer,0.15643863636363636,0.16009666666666666,0.11459149539735604
2022-12-02,Energy,0.4195625,0.20941666666666667,0.12884585197936982
2022-12-02,Financials,0.17621916666666665,-0.07454566666666666,0.10015325207860923
2022-12-02,Healthcare,-0.09792999999999999,0.13513666666666668,0.11021031065759637
2022-12-02,Industrials,-0.061720000000000004,0.2927666666666667,0.1071280291005291
2022-12-02,Materials,-0.17,0.09205833333333333,0.1103456708238851
2022-12-02,RealEstate,0.1661,0.261275,0.14179626322751324
2022-12-02,Tech,0.06956190476190476,0.19348100000000001,0.09583758682190827
2022-12-02,Utilities,0.42545,0.24657500000000002,0.1575637103174603
2022-12-05,Comm,0.09267285714285714,0.25708000000000003,0.133769324452003
2022-12-05,Consumer,0.05085187301587302,0.15643863636363636,0.1091288431607038
2022-12-05,Energy,0.17767648809523812,0.4195625,0.13707979869138795
2022-12-05,Financials,0.203775,0.17621916666666665,0.1004990060468632
2022-12-05,Healthcare,0.108255,-0.09792999999999999,0.1102148344671202
2022-12-05,Industrials,0.07052083333333334,-0.061720000000000004,0.09509850529100528
2022-12-05,Materials,0.0,-0.17,0.10641075018896447
2022-12-05,RealEstate,0.31845,0.1661,0.14595949074074074
2022-12-05,Tech,0.06731428571428572,0.06956190476190476,0.0929329791121577
2022-12-05,Utilities,0.20786875,0.42545,0.16793037698412697
2022-12-06,Comm,0.149445,0.09267285714285714,0.13454803193499623
2022-12-06,Consumer,0.11515,0.05085187301587302,0.11168424981225332
2022-12-06,Energy,0.2555476666666667,0.17767648809523812,0.13083153621973265
2022-12-06,Financials,-0.09375575757575756,0.203775,0.11067599017384731
2022-12-06,Healthcare,0.019797000000000002,0.108255,0.1228717987528345
2022-12-06,Industrials,-0.25024444444444444,0.07052083333333334,0.09704362433862433
2022-12-06,Materials,0.18416666666666667,0.0,0.10388535336356766
2022-12-06,RealEstate,0.25445,0.31845,0.16154467592592595
2022-12-06,Tech,0.006490666666666675,0.06731428571428572,0.09464638614163615
2022-12-06,Utilities,-0.038275,0.20786875,0.17026470238095237
2022-12-07,Comm,0.044425000000000006,0.149445,0.14082844860166288
2022-12-07,Consumer,0.17124833333333334,0.11515,0.11767234505034854
2022-12-07,Energy,0.08345619047619048,0.2555476666666667,0.14027206002925646
2022-12-07,Financials,-0.0019999999999999935,-0.09375575757575756,0.09984317632103347
2022-12-07,Healthcare,-0.09834345238095236,0.019797000000000002,0.12015681462585036
2022-12-07,Industrials,0.2294,-0.25024444444444444,0.07572246031746031
2022-12-07,Materials,0.0,0.18416666666666667,0.11265519463340892
2022-12-07,RealEstate,0.33755,0.25445,0.18667086640211641
2022-12-07,Tech,0.21540485714285715,0.006490666666666675,0.0916459416971917
2022-12-07,Utilities,0.3615333333333333,-0.038275,0.1615825595238095
2022-12-08,Comm,0.10396666666666667,0.044425000000000006,0.148200432728647
2022-12-08,Consumer,0.10427266666666668,0.17124833333333334,0.12188267044717394
2022-12-08,Energy,0.22983543589743588,0.08345619047619048,0.1407823634718456
2022-12-08,Financials,0.11402799999999998,-0.0019999999999999935,0.10085714457500172
2022-12-08,Healthcare,0.035644999999999996,-0.09834345238095236,0.11438760260770978
2022-12-08,Industrials,0.1554875,0.2294,0.08664626984126984
2022-12-08,Materials,0.17,0.0,0.11265519463340892
2022-12-08,RealEstate,0.0,0.33755,0.1969741402116402
2022-12-08,Tech,0.097485,0.21540485714285715,0.09473566051805338
2022-12-08,Utilities,-0.11315,0.3615333333333333,0.17938097222222224
2022-12-09,Comm,-0.15739999999999998,0.10396666666666667,0.14916194066515495
2022-12-09,Consumer,0.2669816666666667,0.10427266666666668,0.1253942260027295
2022-12-09,Energy,0.08636095238095237,0.22983543589743588,0.14403529097489814
2022-12-09,Financials,0.0,0.11402799999999998,0.10333572658558374
2022-12-09,Healthcare,0.12998333333333334,0.035644999999999996,0.11858498356009071
2022-12-09,Industrials,0.18409999999999999,0.1554875,0.09092722222222223
2022-12-09,Materials,0.159225,0.17,0.1191155687830688
2022-12-09,RealEstate,0.39794999999999997,0.0,0.18212175925925925
2022-12-09,Tech,0.13170625000000002,0.097485,0.09462394849991279
2022-12-09,Utilities,0.09625833333333333,-0.11315,0.16495795634920635
2022-12-12,Comm,0.06526666666666667,-0.15739999999999998,0.14067940098261528
2022-12-12,Consumer,0.1372908333333333,0.2669816666666667,0.13538601171701523
2022-12-12,Energy,0.2683230952380952,0.08636095238095237,0.1505165664851022
2022-12-12,Financials,0.07471611111111112,0.0,0.09754048849034563
2022-12-12,Healthcare,0.00862671679197995,0.12998333333333334,0.12116244387755103
2022-12-12,Industrials,-0.04855555555555555,0.18409999999999999,0.0930034126984127
2022-12-12,Materials,-0.1858,0.159225,0.12669771164021165
2022-12-12,RealEstate,0.06743333333333333,0.39794999999999997,0.19625509259259258
2022-12-12,Tech,0.10959714285714287,0.13170625000000002,0.09816829373800803
2022-12-12,Utilities,0.300475,0.09625833333333333,0.16497263888888888
2022-12-13,Comm,-0.21001333333333336,0.06526666666666667,0.14186067082388512
2022-12-13,Consumer,0.09141702380952381,0.1372908333333333,0.14306507634286555
2022-12-13,Energy,0.149775,0.2683230952380952,0.15897277736945595
2022-12-13,Financials,0.16308333333333336,0.07471611111111112,0.09987935092420805
2022-12-13,Healthcare,0.11637752380952382,0.00862671679197995,0.1156518113438358
2022-12-13,Industrials,0.26115,-0.04855555555555555,0.0848975925925926
2022-12-13,Materials,0.231275,-0.1858,0.1178500925925926
2022-12-13,RealEstate,-0.1591,0.06743333333333333,0.194564417989418
2022-12-13,Tech,0.16212529761904762,0.10959714285714287,0.09985039944182802
2022-12-13,Utilities,0.17884375000000002,0.300475,0.16045835317460316
2022-12-14,Comm,0.054172222222222226,-0.21001333333333336,0.13186003590325018
2022-12-14,Consumer,0.11981354166666666,0.09141702380952381,0.13953029969887462
2022-12-14,Energy,-0.048950666666666656,0.149775,0.1632129882538097
2022-12-14,Financials,-0.06908833333333335,0.16308333333333336,0.10251887473373188
2022-12-14,Healthcare,0.1996666666666667,0.11637752380952382,0.1032533865516967
2022-12-14,Industrials,0.312325,0.26115,0.0819198148148148
2022-12-14,Materials,0.06363333333333333,0.231275,0.11975604497354497
2022-12-14,RealEstate,0.05666666666666667,-0.1591,0.16161679894179895
2022-12-14,Tech,0.004423333333333332,0.16212529761904762,0.10149401905634049
2022-12-14,Utilities,0.0,0.17884375000000002,0.1633861507936508
2022-12-15,Comm,0.063461,0.054172222222222226,0.11765049319727891
2022-12-15,Consumer,0.13934375,0.11981354166666666,0.13724318458767865
2022-12-15,Energy,0.03632,-0.048950666666666656,0.15513462872445016
2022-12-15,Financials,0.3123166666666667,-0.06908833333333335,0.08934101759087472
2022-12-15,Healthcare,0.16280466666666665,0.1996666666666667,0.10515156115487131
2022-12-15,Industrials,0.16564,0.312325,0.09881505291005291
2022-12-15,Materials,0.0,0.06363333333333333,0.11754810846560847
2022-12-15,RealEstate,0.08631666666666667,0.05666666666666667,0.15702685185185186
2022-12-15,Tech,-0.06620595238095237,0.004423333333333332,0.09812895771556487
2022-12-15,Utilities,0.40754999999999997,0.0,0.16109305555555556
2022-12-16,Comm,-0.136945,0.063461,0.12434982653061223
2022-12-16,Consumer,0.14439666666666667,0.13934375,0.14060333141307546
2022-12-16,Energy,0.14259,0.03632,0.14166639743193313
2022-12-16,Financials,-0.1620625,0.3123166666666667,0.10099339854325569
2022-12-16,Healthcare,0.16921666666666668,0.16280466666666665,0.1033484500437602
2022-12-16,Industrials,0.040560000000000006,0.16564,0.10039870370370368
2022-12-16,Materials,-0.6249,0.0,0.1038391798941799
2022-12-16,RealEstate,0.5194,0.08631666666666667,0.1376181216931217
2022-12-16,Tech,0.13426104166666666,-0.06620595238095237,0.0884737933164719
2022-12-16,Utilities,0.31727500000000003,0.40754999999999997,0.1673811507936508
2022-12-19,Comm,0.18345625000000002,-0.136945,0.1060783715041572
2022-12-19,Consumer,0.14827978021978022,0.14439666666666667,0.14405691871466275
2022-12-19,Energy,0.07206955555555555,0.14259,0.13867020695574267
2022-12-19,Financials,0.034464952380952374,-0.1620625,0.0934599461623033
2022-12-19,Healthcare,0.05440266666666667,0.16921666666666668,0.10368575163106178
2022-12-19,Industrials,0.1978125,0.040560000000000006,0.09704322751322751
2022-12-19,Materials,0.08231666666666666,-0.6249,0.07408203703703704
2022-12-19,RealEstate,0.16439499999999999,0.5194,0.14943293650793651
2022-12-19,Tech,0.012095333333333328,0.13426104166666666,0.09564962334292693
2022-12-19,Utilities,0.27981666666666666,0.31727500000000003,0.1719376984126984
2022-12-20,Comm,0.29685,0.18345625000000002,0.1154219230914588
2022-12-20,Consumer,0.08668246753246754,0.14827978021978022,0.13613859872512848
2022-12-20,Energy,0.2606875,0.07206955555555555,0.13962290404568975
2022-12-20,Financials,0.25217757575757577,0.034464952380952374,0.08493994389472961
2022-12-20,Healthcare,0.1853138888888889,0.05440266666666667,0.10563413258344274
2022-12-20,Industrials,0.14748124999999998,0.1978125,0.09913866402116402
2022-12-20,Materials,0.1973916666666667,0.08231666666666666,0.044211402116402135
2022-12-20,RealEstate,0.056537500000000004,0.16439499999999999,0.15726126984126984
2022-12-20,Tech,0.20069375,0.012095333333333328,0.09210619477149835
2022-12-20,Utilities,0.4362583333333333,0.27981666666666666,0.18526230158730156
2022-12-21,Comm,-0.06918333333333333,0.29685,0.1295576373771731
2022-12-21,Consumer,-0.06510560606060607,0.08668246753246754,0.14300062098857932
2022-12-21,Energy,0.051320833333333336,0.2606875,0.14793849928378502
2022-12-21,Financials,0.015274107142857148,0.25217757575757577,0.09035355861334432
2022-12-21,Healthcare,0.16837833333333335,0.1853138888888889,0.1104689209432311
2022-12-21,Industrials,0.4428011904761905,0.14748124999999998,0.10819332671957674
2022-12-21,Materials,0.16973333333333332,0.1973916666666667,0.04291206349206351
2022-12-21,RealEstate,-0.043444444444444445,0.056537500000000004,0.166375753968254
2022-12-21,Tech,0.18500171428571427,0.20069375,0.08825946858102217
2022-12-21,Utilities,0.45505,0.4362583333333333,0.20228650793650793
2022-12-22,Comm,0.025533333333333314,-0.06918333333333333,0.1138983119803477
2022-12-22,Consumer,0.05284166666666666,-0.06510560606060607,0.12779292193454692
2022-12-22,Energy,0.378585,0.051320833333333336,0.14325203896632469
2022-12-22,Financials,0.293308,0.015274107142857148,0.08695608412354841
2022-12-22,Healthcare,0.04051041666666666,0.16837833333333335,0.10836564051995067
2022-12-22,Industrials,0.15383333333333332,0.4428011904761905,0.12422777494331064
2022-12-22,Materials,0.0,0.16973333333333332,0.045081904761904774
2022-12-22,RealEstate,0.0,-0.043444444444444445,0.15685339947089946
2022-12-22,Tech,-0.11699016666666666,0.18500171428571427,0.08866040735653236
2022-12-22,Utilities,0.0,0.45505,0.21985734126984127
2022-12-23,Comm,0.30825,0.025533333333333314,0.09673481991685563
2022-12-23,Consumer,0.12253750000000001,0.05284166666666666,0.1296821124107374
2022-12-23,Energy,0.025530000000000004,0.378585,0.1658052135694993
2022-12-23,Financials,0.225605,0.293308,0.09217336983783413
2022-12-23,Healthcare,-0.13645833333333332,0.04051041666666666,0.10422228394398696
2022-12-23,Industrials,0.06258749999999999,0.15383333333333332,0.12280630668934239
2022-12-23,Materials,0.0,0.0,0.045081904761904774
2022-12-23,RealEstate,0.0,0.0,0.17645816137566137
2022-12-23,Tech,0.09710083333333332,-0.11699016666666666,0.08287825656288156
2022-12-23,Utilities,0.45930000000000004,0.0,0.21985734126984127
2022-12-27,Comm,0.2775666666666667,0.30825,0.11110624848828421
2022-12-27,Consumer,0.22051240981240983,0.12253750000000001,0.11979490530567316
2022-12-27,Energy,0.19149595604395606,0.025530000000000004,0.15553069429512287
2022-12-27,Financials,0.14616,0.225605,0.0997577349171992
2022-12-27,Healthcare,0.10937800000000002,-0.13645833333333332,0.09191470174444046
2022-12-27,Industrials,0.14013125,0.06258749999999999,0.12578666383219952
2022-12-27,Materials,0.4253,0.0,0.03803428571428573
2022-12-27,RealEstate,0.276205,0.0,0.16597244708994707
2022-12-27,Tech,-0.02400274458874459,0.09710083333333332,0.07709645100732601
2022-12-27,Utilities,0.13076444444444446,0.45930000000000004,0.23029543650793652
2022-12-28,Comm,0.12911166666666668,0.2775666666666667,0.10295505801209373
2022-12-28,Consumer,0.082875,0.22051240981240983,0.12159633241692169
2022-12-28,Energy,0.10542222222222224,0.19149595604395606,0.15461231124959698
2022-12-28,Financials,0.09005,0.14616,0.10004738571085
2022-12-28,Healthcare,0.176088,0.10937800000000002,0.0904411881389983
2022-12-28,Industrials,0.0808611111111111,0.14013125,0.1324595804988662
2022-12-28,Materials,0.045533333333333335,0.4253,0.05828666666666668
2022-12-28,RealEstate,0.42046666666666666,0.276205,0.1612933201058201
2022-12-28,Tech,0.1082625,-0.02400274458874459,0.07613441555071912
2022-12-28,Utilities,0.1366,0.13076444444444446,0.22615683862433866
2022-12-29,Comm,-0.007550000000000001,0.12911166666666668,0.09186116912320484
2022-12-29,Consumer,0.1583688888888889,0.082875,0.12271332744570246
2022-12-29,Energy,0.04067232142857143,0.10542222222222224,0.15926254802208376
2022-12-29,Financials,0.05306999999999999,0.09005,0.10065175079021506
2022-12-29,Healthcare,0.145495,0.176088,0.08922246478298923
2022-12-29,Industrials,0.06812708333333334,0.0808611111111111,0.13595856198034767
2022-12-29,Materials,0.05815,0.045533333333333335,0.05082158730158731
2022-12-29,RealEstate,0.10115,0.42046666666666666,0.15854768518518517
2022-12-29,Tech,0.17852666666666667,0.1082625,0.07604368478148836
2022-12-29,Utilities,0.015149999999999997,0.1366,0.22050445767195767
2022-12-30,Comm,0.004053333333333335,-0.007550000000000001,0.07854661885865458
2022-12-30,Consumer,0.11475514285714286,0.1583688888888889,0.12339398882136382
2022-12-30,Energy,0.16362000000000002,0.04067232142857143,0.15916272350136634
2022-12-30,Financials,0.12765,0.05306999999999999,0.08175852327698757
2022-12-30,Healthcare,0.05603333333333333,0.145495,0.08697032192584637
2022-12-30,Industrials,0.15535000000000002,0.06812708333333334,0.13206699452003023
2022-12-30,Materials,-0.1591,0.05815,0.05359063492063493
2022-12-30,RealEstate,0.07955,0.10115,0.16336435185185186
2022-12-30,Tech,0.044517714285714285,0.17852666666666667,0.08879092287672645
2022-12-30,Utilities,0.07731999999999999,0.015149999999999997,0.21299890211640213
2023-01-03,Comm,0.006189523809523807,0.004053333333333335,0.07510788869992442
2023-01-03,Consumer,0.09826857142857143,0.11475514285714286,0.12281185276694206
2023-01-03,Energy,0.28271022222222225,0.16362000000000002,0.15711031987324844
2023-01-03,Financials,0.10186999999999999,0.12765,0.08954503121349551
2023-01-03,Healthcare,0.17174166666666668,0.05603333333333333,0.08039890922743367
2023-01-03,Industrials,0.07790666666666667,0.15535000000000002,0.13335310563114136
2023-01-03,Materials,0.12765,-0.1591,0.03518968253968255
2023-01-03,RealEstate,0.2181625,0.07955,0.16006435185185186
2023-01-03,Tech,0.0988496229260935,0.044517714285714285,0.08623097276334778
2023-01-03,Utilities,0.135575,0.07731999999999999,0.2086030291005291
2023-01-04,Comm,0.04757777777777781,0.006189523809523807,0.07049564380196524
2023-01-04,Consumer,0.07606457142857143,0.09826857142857143,0.11986765775560418
2023-01-04,Energy,0.24394233333333332,0.28271022222222225,0.16060048918541775
2023-01-04,Financials,0.20671166666666665,0.10186999999999999,0.09794577724524155
2023-01-04,Healthcare,0.13439375,0.17174166666666668,0.08214200446552891
2023-01-04,Industrials,0.09634722222222224,0.07790666666666667,0.12312167705971279
2023-01-04,Materials,0.1101,0.12765,0.03688452380952382
2023-01-04,RealEstate,0.1806,0.2181625,0.15801137566137566
2023-01-04,Tech,0.0344045,0.0988496229260935,0.08172471671220936
2023-01-04,Utilities,0.19968750000000002,0.135575,0.20331731481481483
2023-01-05,Comm,0.13931333333333332,0.04757777777777781,0.06051934750566894
2023-01-05,Consumer,0.23768650793650795,0.07606457142857143,0.1160403213301249
2023-01-05,Energy,0.24221202380952384,0.24394233333333332,0.15223762410605268
2023-01-05,Financials,0.05521666666666666,0.20671166666666665,0.09939780105476534
2023-01-05,Healthcare,0.157785,0.13439375,0.09320504017981462
2023-01-05,Industrials,0.16421249999999998,0.09634722222222224,0.13064868764172335
2023-01-05,Materials,0.12264,0.1101,0.05022261904761906
2023-01-05,RealEstate,0.19153333333333333,0.1806,0.15870185185185187
2023-01-05,Tech,0.22351533333333334,0.0344045,0.08005055458069009
2023-01-05,Utilities,0.18598333333333333,0.19968750000000002,0.19256671957671959
2023-01-06,Comm,0.24178666666666668,0.13931333333333332,0.06274032256235829
2023-01-06,Consumer,0.16846250000000002,0.23768650793650795,0.12493720870729799
2023-01-06,Energy,0.15449438095238097,0.24221202380952384,0.15531074485435198
2023-01-06,Financials,0.09241666666666669,0.05521666666666666,0.092323594705559
2023-01-06,Healthcare,0.06390333333333334,0.157785,0.09556361160838607
2023-01-06,Industrials,0.0252875,0.16421249999999998,0.1351101955782313
2023-01-06,Materials,0.0,0.12264,0.05606261904761906
2023-01-06,RealEstate,0.063325,0.19153333333333333,0.15265820105820108
2023-01-06,Tech,0.2309652380952381,0.22351533333333334,0.08748869970540664
2023-01-06,Utilities,0.04500000000000001,0.18598333333333333,0.19152455687830688
2023-01-09,Comm,0.33028749999999996,0.24178666666666668,0.06713754478458049
2023-01-09,Consumer,0.16822440476190476,0.16846250000000002,0.12747589918348848
2023-01-09,Energy,0.2865790476190476,0.15449438095238097,0.15049868362986218
2023-01-09,Financials,0.06769607142857142,0.09241666666666669,0.10118894824091254
2023-01-09,Healthcare,0.17784791666666666,0.06390333333333334,0.09766391319568764
2023-01-09,Industrials,0.21470625000000002,0.0252875,0.1482307643613001
2023-01-09,Materials,0.08038,0.0,0.047292777777777795
2023-01-09,RealEstate,-0.02993333333333333,0.063325,0.14355701058201056
2023-01-09,Tech,0.12115619047619046,0.2309652380952381,0.09817796501152909
2023-01-09,Utilities,0.07377666666666667,0.04500000000000001,0.1954900330687831
2023-01-10,Comm,0.3496722222222222,0.33028749999999996,0.0807500447845805
2023-01-10,Consumer,0.10989238095238094,0.16822440476190476,0.12733190258484903
2023-01-10,Energy,0.04492685714285714,0.2865790476190476,0.16017120063666493
2023-01-10,Financials,0.11789761904761906,0.06769607142857142,0.1045078087851302
2023-01-10,Healthcare,0.03880803571428571,0.17784791666666666,0.11081588315033616
2023-01-10,Industrials,0.19649642857142857,0.21470625000000002,0.14753106198034768
2023-01-10,Materials,0.13396666666666665,0.08038,0.05112039682539684
2023-01-10,RealEstate,0.085,-0.02993333333333333,0.12605780423280424
2023-01-10,Tech,0.23811809523809524,0.12115619047619046,0.09368993326549735
2023-01-10,Utilities,-0.125,0.07377666666666667,0.18178733465608465
2023-01-11,Comm,0.16299583333333334,0.3496722222222222,0.09245030933484506
2023-01-11,Consumer,0.03772633333333334,0.10989238095238094,0.12759950802702588
2023-01-11,Energy,0.2263166666666667,0.04492685714285714,0.1513660302197802
2023-01-11,Financials,0.0788484126984127,0.11789761904761906,0.10469207635882635
2023-01-11,Healthcare,0.031676666666666665,0.03880803571428571,0.11096650389863548
2023-01-11,Industrials,0.005500000000000005,0.19649642857142857,0.14948386810279665
2023-01-11,Materials,0.19607708333333335,0.13396666666666665,0.04940452380952382
2023-01-11,RealEstate,0.06363333333333333,0.085,0.1301054232804233
2023-01-11,Tech,0.06118666666666667,0.23811809523809524,0.10038674732445427
2023-01-11,Utilities,0.08693333333333335,-0.125,0.18122304894179894
2023-01-12,Comm,0.13344083333333334,0.16299583333333334,0.1077072537792895
2023-01-12,Consumer,0.06283569230769231,0.03772633333333334,0.11668258739210526
2023-01-12,Energy,0.018649553571428574,0.2263166666666667,0.15803058804290945
2023-01-12,Financials,0.10104057142857144,0.0788484126984127,0.10844676267779839
2023-01-12,Healthcare,0.0927375,0.031676666666666665,0.10628523405736563
2023-01-12,Industrials,0.14440208333333332,0.005500000000000005,0.14097910619803478
2023-01-12,Materials,0.158525,0.19607708333333335,0.05115938492063493
2023-01-12,RealEstate,0.045325000000000004,0.06363333333333333,0.114185582010582
2023-01-12,Tech,0.05665833333333333,0.06118666666666667,0.09702867192762886
2023-01-12,Utilities,0.16933333333333334,0.08693333333333335,0.18077900132275135
2023-01-13,Comm,0.43955,0.13344083333333334,0.11095364266817838
2023-01-13,Consumer,0.19112266666666666,0.06283569230769231,0.11313710448612234
2023-01-13,Energy,0.17236785714285716,0.018649553571428574,0.14614137177306818
2023-01-13,Financials,0.06712692640692641,0.10104057142857144,0.10970030840720127
2023-01-13,Healthcare,0.23456666666666667,0.0927375,0.11029050944822376
2023-01-13,Industrials,0.047075000000000006,0.14440208333333332,0.15016756519274377
2023-01-13,Materials,0.28611,0.158525,0.0675558134920635
2023-01-13,RealEstate,0.033716666666666666,0.045325000000000004,0.11313280423280422
2023-01-13,Tech,0.100065,0.05665833333333333,0.09450777623601889
2023-01-13,Utilities,0.29478333333333334,0.16933333333333334,0.17453416005291006
2023-01-17,Comm,0.25457083333333336,0.43955,0.14188522996976569
2023-01-17,Consumer,0.23867834285714284,0.19112266666666666,0.1178849922412244
2023-01-17,Energy,0.06981882352941177,0.17236785714285716,0.14721722211320426
2023-01-17,Financials,0.15807083006984537,0.06712692640692641,0.10513095569642
2023-01-17,Healthcare,0.26210944444444445,0.23456666666666667,0.11591856386999243
2023-01-17,Industrials,0.26986875,0.047075000000000006,0.13997351757369614
2023-01-17,Materials,0.18230000000000002,0.28611,0.07016700396825398
2023-01-17,RealEstate,0.1320625,0.033716666666666666,0.12231455026455026
2023-01-17,Tech,0.12548147619047617,0.100065,0.09155252396844518
2023-01-17,Utilities,0.21316249999999998,0.29478333333333334,0.1800550925925926
2023-01-18,Comm,0.0,0.25457083333333336,0.1514280209750567
2023-01-18,Consumer,0.17681855555555556,0.23867834285714284,0.1235452208693423
2023-01-18,Energy,0.24106333333333335,0.06981882352941177,0.15287291212254134
2023-01-18,Financials,0.18701063492063494,0.15807083006984537,0.11594805871561897
2023-01-18,Healthcare,0.071075,0.26210944444444445,0.11889202947845805
2023-01-18,Industrials,-0.11969375000000002,0.26986875,0.13795179138321995
2023-01-18,Materials,0.16949166666666668,0.18230000000000002,0.07581779761904762
2023-01-18,RealEstate,0.0021444444444444458,0.1320625,0.12590482804232805
2023-01-18,Tech,0.18735714285714286,0.12548147619047617,0.09731719743783294
2023-01-18,Utilities,0.2732,0.21316249999999998,0.19020568783068784
2023-01-19,Comm,0.06880000000000001,0.0,0.14840606859410432
2023-01-19,Consumer,-0.0029958571428571417,0.17681855555555556,0.12532973541960685
2023-01-19,Energy,0.11615,0.24106333333333335,0.16262259466222387
2023-01-19,Financials,0.0473235,0.18701063492063494,0.1099811048229508
2023-01-19,Healthcare,-0.056079166666666666,0.071075,0.11452395011337868
2023-01-19,Industrials,0.0634125,-0.11969375000000002,0.12436446995464853
2023-01-19,Materials,0.12913333333333335,0.16949166666666668,0.08388882936507937
2023-01-19,RealEstate,0.10142499999999999,0.0021444444444444458,0.12189662698412697
2023-01-19,Tech,0.06193333333333333,0.18735714285714286,0.10939163054440891
2023-01-19,Utilities,0.16392,0.2732,0.1838080687830688
2023-01-20,Comm,-0.08024444444444444,0.06880000000000001,0.15820344954648527
2023-01-20,Consumer,0.013133333333333335,-0.0029958571428571417,0.11831104380962951
2023-01-20,Energy,0.18815427884615385,0.11615,0.16136354704317626
2023-01-20,Financials,0.051685333333333326,0.0473235,0.11995186672771271
2023-01-20,Healthcare,0.06612533333333334,-0.056079166666666666,0.10379557709750567
2023-01-20,Industrials,-0.00526666666666666,0.0634125,0.12545268424036282
2023-01-20,Materials,0.16671111111111112,0.12913333333333335,0.11979517857142856
2023-01-20,RealEstate,0.07547777777777777,0.10142499999999999,0.10199305555555557
2023-01-20,Tech,0.06466866666666667,0.06193333333333333,0.10594745395710731
2023-01-20,Utilities,0.15063888888888888,0.16392,0.17650544973544977
2023-01-23,Comm,0.10135833333333333,-0.08024444444444444,0.14564627362055935
2023-01-23,Consumer,0.21038928571428572,0.013133333333333335,0.11187549871979874
2023-01-23,Energy,0.03881306818181818,0.18815427884615385,0.16689139100939523
2023-01-23,Financials,-0.054972,0.051685333333333326,0.12077188486830226
2023-01-23,Healthcare,0.253675,0.06612533333333334,0.10435379931972788
2023-01-23,Industrials,0.22932607142857145,-0.00526666666666666,0.11578224773242632
2023-01-23,Materials,0.09159722222222222,0.16671111111111112,0.12381396164021166
2023-01-23,RealEstate,0.07724666666666666,0.07547777777777777,0.0977589021164021
2023-01-23,Tech,0.04196040100250627,0.06466866666666667,0.10845094602059938
2023-01-23,Utilities,0.20159666666666665,0.15063888888888888,0.170354126984127
2023-01-24,Comm,0.038075000000000005,0.10135833333333333,0.13633714663643234
2023-01-24,Consumer,0.15604383333333333,0.21038928571428572,0.1177662995855996
2023-01-24,Energy,0.2233597619047619,0.03881306818181818,0.1563259418751961
2023-01-24,Financials,0.10409500000000001,-0.054972,0.106145714594132
2023-01-24,Healthcare,0.10296250000000001,0.253675,0.10760909032501889
2023-01-24,Industrials,0.08187803030303031,0.22932607142857145,0.1196796201814059
2023-01-24,Materials,0.09344166666666666,0.09159722222222222,0.11877613095238096
2023-01-24,RealEstate,0.3297875,0.07724666666666666,0.09874505291005291
2023-01-24,Tech,0.111053125,0.04196040100250627,0.10089221511595682
2023-01-24,Utilities,0.24128750000000002,0.20159666666666665,0.1591797619047619
2023-01-25,Comm,0.0014257142857142858,0.038075000000000005,0.14144468631897203
2023-01-25,Consumer,0.12261899999999999,0.15604383333333333,0.12829722527102527
2023-01-25,Energy,0.19050666666666666,0.2233597619047619,0.16451827180716888
2023-01-25,Financials,0.05103166666666667,0.10409500000000001,0.1103752809206626
2023-01-25,Healthcare,-0.034136274509803936,0.10296250000000001,0.10449405064247921
2023-01-25,Industrials,0.09866666666666667,0.08187803030303031,0.10249280303030303
2023-01-25,Materials,-0.09030399999999998,0.09344166666666666,0.11514319444444444
2023-01-25,RealEstate,0.26082222222222223,0.3297875,0.11651800264550265
2023-01-25,Tech,0.061449166666666666,0.111053125,0.097370853721399
2023-01-25,Utilities,0.19643,0.24128750000000002,0.14900059523809525
2023-01-26,Comm,0.28591950757575757,0.0014257142857142858,0.1402967044595616
2023-01-26,Consumer,0.11155333333333335,0.12261899999999999,0.13161995542975544
2023-01-26,Energy,0.21641891025641025,0.19050666666666666,0.15556216069605777
2023-01-26,Financials,0.17639711111111112,0.05103166666666667,0.09883831266669436
2023-01-26,Healthcare,0.17704999999999999,-0.034136274509803936,0.10093944630074252
2023-01-26,Industrials,0.03142321428571428,0.09866666666666667,0.09986581890331891
2023-01-26,Materials,0.075,-0.09030399999999998,0.11084300396825399
2023-01-26,RealEstate,0.05325555555555555,0.26082222222222223,0.12893810846560846
2023-01-26,Tech,0.09490663492063492,0.061449166666666666,0.10586796483251011
2023-01-26,Utilities,0.14764,0.19643,0.15835440476190477
2023-01-27,Comm,0.09685466666666664,0.28591950757575757,0.13923334767745482
2023-01-27,Consumer,0.04188190476190475,0.11155333333333335,0.13109689987419987
2023-01-27,Energy,0.11059071428571429,0.21641891025641025,0.16465210880350586
2023-01-27,Financials,0.1963025,0.17639711111111112,0.09649507986246156
2023-01-27,Healthcare,0.13878333333333331,0.17704999999999999,0.11586841455471078
2023-01-27,Industrials,0.18764444444444442,0.03142321428571428,0.09838180529787674
2023-01-27,Materials,0.148,0.075,0.11441443253968255
2023-01-27,RealEstate,0.3066,0.05325555555555555,0.1314740873015873
2023-01-27,Tech,-0.0020923148148148125,0.09490663492063492,0.10576347919381018
2023-01-27,Utilities,0.17973333333333333,0.14764,0.1435134523809524
2023-01-30,Comm,0.10398333333333332,0.09685466666666664,0.1306280143441215
2023-01-30,Consumer,0.013520000000000004,0.04188190476190475,0.12259068534798535
2023-01-30,Energy,0.1395278787878788,0.11059071428571429,0.1607994782435896
2023-01-30,Financials,0.15553333333333336,0.1963025,0.09888281795769964
2023-01-30,Healthcare,0.14562716666666667,0.13878333333333331,0.11726866852296476
2023-01-30,Industrials,-0.006570000000000001,0.18764444444444442,0.10064433836665979
2023-01-30,Materials,0.23793749999999997,0.148,0.10120967063492065
2023-01-30,RealEstate,0.23276874999999997,0.3066,0.13292146825396825
2023-01-30,Tech,0.08135,-0.0020923148148148125,0.10680683299256873
2023-01-30,Utilities,0.12533333333333335,0.17973333333333333,0.14584530423280423
2023-01-31,Comm,-0.01744888888888889,0.10398333333333332,0.1294314270425342
2023-01-31,Consumer,0.061749476190476195,0.013520000000000004,0.1192880663003663
2023-01-31,Energy,0.12339420512820513,0.1395278787878788,0.16242355712766848
2023-01-31,Financials,0.10100416666666667,0.15553333333333336,0.1020010719259536
2023-01-31,Healthcare,0.04195083333333333,0.14562716666666667,0.11581815264994887
2023-01-31,Industrials,0.1957298039215686,-0.006570000000000001,0.09648095212327355
2023-01-31,Materials,0.07318333333333334,0.23793749999999997,0.11037177380952383
2023-01-31,RealEstate,0.12202500000000001,0.23276874999999997,0.12398347222222221
2023-01-31,Tech,-0.006035378787878785,0.08135,0.10552528537352111
2023-01-31,Utilities,0.23127083333333331,0.12533333333333335,0.14530879629629628
2023-02-01,Comm,0.021679999999999994,-0.01744888888888889,0.1289600513811585
2023-02-01,Consumer,0.1017551515151515,0.061749476190476195,0.11468714188615617
2023-02-01,Energy,-0.12676177777777778,0.12339420512820513,0.16636269444669866
2023-02-01,Financials,0.0,0.10100416666666667,0.10428365129103298
2023-02-01,Healthcare,0.1283915873015873,0.04195083333333333,0.11088747804677428
2023-02-01,Industrials,0.09509999999999999,0.1957298039215686,0.10255727215128475
2023-02-01,Materials,0.0,0.07318333333333334,0.11108764682539685
2023-02-01,RealEstate,0.27355,0.12202500000000001,0.12497751984126984
2023-02-01,Tech,-0.06427003813882533,-0.006035378787878785,0.0967366165423523
2023-02-01,Utilities,-0.02065,0.23127083333333331,0.15560026455026457
2023-02-02,Comm,0.12570933333333334,0.021679999999999994,0.1297994164605236
2023-02-02,Consumer,0.13993,0.1017551515151515,0.11406809467939469
2023-02-02,Energy,0.18011523809523808,-0.12676177777777778,0.15253499074299495
2023-02-02,Financials,0.13968644444444445,0.0,0.09820507986246155
2023-02-02,Healthcare,0.21170416666666667,0.1283915873015873,0.1143331091881197
2023-02-02,Industrials,0.22139999999999999,0.09509999999999999,0.09968822453223714
2023-02-02,Materials,0.02369166666666667,0.0,0.11866383730158732
2023-02-02,RealEstate,0.1418125,0.27355,0.13421561507936508
2023-02-02,Tech,0.21009666666666668,-0.06427003813882533,0.09155624737927898
2023-02-02,Utilities,0.29441666666666666,-0.02065,0.15093502645502646
2023-02-03,Comm,0.18137,0.12570933333333334,0.1354908359616574
2023-02-03,Consumer,0.16105171428571427,0.13993,0.11605197223041508
2023-02-03,Energy,-0.004061666666666658,0.18011523809523808,0.14764951530837664
2023-02-03,Financials,0.04166874999999999,0.13968644444444445,0.10000586293124462
2023-02-03,Healthcare,-0.06745916666666667,0.21170416666666667,0.11623608537859587
2023-02-03,Industrials,0.28540625,0.22139999999999999,0.10652124040525301
2023-02-03,Materials,-0.017229999999999995,0.02369166666666667,0.11371344047619049
2023-02-03,RealEstate,0.10512777777777778,0.1418125,0.1305799007936508
2023-02-03,Tech,-0.045935833333333335,0.21009666666666668,0.09685372565263961
2023-02-03,Utilities,0.33467083333333336,0.29441666666666666,0.15849891534391536
2023-02-06,Comm,-0.020167499999999988,0.18137,0.14186189416271558
2023-02-06,Consumer,0.08302100000000001,0.16105171428571427,0.12009897903313617
2023-02-06,Energy,0.03663444444444445,-0.004061666666666658,0.13583980102266238
2023-02-06,Financials,0.02421666666666667,0.04166874999999999,0.09214667642330811
2023-02-06,Healthcare,0.042994000000000004,-0.06745916666666667,0.10662404172780222
2023-02-06,Industrials,0.11857222222222223,0.28540625,0.11552405125181385
2023-02-06,Materials,0.08591249999999997,-0.017229999999999995,0.10765010714285715
2023-02-06,RealEstate,0.17055904761904764,0.10512777777777778,0.12698598544973544
2023-02-06,Tech,0.20531083333333333,-0.045935833333333335,0.09302799549390944
2023-02-06,Utilities,0.15076666666666666,0.33467083333333336,0.16492669312169314
2023-02-07,Comm,0.027477,-0.020167499999999988,0.1342675687658902
2023-02-07,Consumer,0.15190208333333333,0.08302100000000001,0.11273395484568341
2023-02-07,Energy,0.0007771428571428541,0.03663444444444445,0.12605039248146813
2023-02-07,Financials,0.24303333333333335,0.02421666666666667,0.09067048594711763
2023-02-07,Healthcare,0.12206666666666668,0.042994000000000004,0.10115780363256414
2023-02-07,Industrials,-0.0682,0.11857222222222223,0.1133507046909673
2023-02-07,Materials,-0.06531833333333334,0.08591249999999997,0.10590117857142858
2023-02-07,RealEstate,0.06042222222222222,0.17055904761904764,0.12598720993953136
2023-02-07,Tech,0.19244266666666668,0.20531083333333333,0.09216111454152849
2023-02-07,Utilities,0.2514208333333333,0.15076666666666666,0.163249708994709
2023-02-08,Comm,0.0737375,0.027477,0.12406234654366796
2023-02-08,Consumer,0.10050971428571429,0.15190208333333333,0.11194536357584213
2023-02-08,Energy,0.08533444444444445,0.0007771428571428541,0.1187305240007425
2023-02-08,Financials,0.0311,0.24303333333333335,0.09784270816933985
2023-02-08,Healthcare,0.050586,0.12206666666666668,0.10392748617224667
2023-02-08,Industrials,0.3160833333333333,-0.0682,0.10889891897668157
2023-02-08,Materials,0.13396666666666665,-0.06531833333333334,0.10279078174603175
2023-02-08,RealEstate,0.0,0.06042222222222222,0.12584898242630385
2023-02-08,Tech,0.10057160714285714,0.19244266666666668,0.09032670637826319
2023-02-08,Utilities,0.238755303030303,0.2514208333333333,0.17307927248677246
2023-02-09,Comm,0.030100000000000002,0.0737375,0.11184567987700131
2023-02-09,Consumer,0.0712151724137931,0.10050971428571429,0.10872085450554735
2023-02-09,Energy,0.11847390476190475,0.08533444444444445,0.1091474476590947
2023-02-09,Financials,-0.03314999999999998,0.0311,0.09610003810131265
2023-02-09,Healthcare,0.008086142857142865,0.050586,0.09786739490240541
2023-02-09,Industrials,0.13476666666666667,0.3160833333333333,0.11372639913541173
2023-02-09,Materials,-0.060337499999999995,0.13396666666666665,0.10534252777777779
2023-02-09,RealEstate,0.1639375,0.0,0.12727437925170068
2023-02-09,Tech,0.21136499999999997,0.10057160714285714,0.08934648812429494
2023-02-09,Utilities,0.21886,0.238755303030303,0.18093539802789801
2023-02-10,Comm,0.11038749999999999,0.030100000000000002,0.09662795500927643
2023-02-10,Consumer,0.11233599999999999,0.0712151724137931,0.10687908267037649
2023-02-10,Energy,0.13065708333333334,0.11847390476190475,0.1126496880219065
2023-02-10,Financials,0.13965,-0.03314999999999998,0.08890729433714031
2023-02-10,Healthcare,0.1858,0.008086142857142865,0.09640444762349386
2023-02-10,Industrials,0.0,0.13476666666666667,0.11078688666375641
2023-02-10,Materials,0.1101,-0.060337499999999995,0.09608994841269841
2023-02-10,RealEstate,0.4179166666666667,0.1639375,0.13103330782312925
2023-02-10,Tech,0.026444444444444444,0.21136499999999997,0.08807253120819517
2023-02-10,Utilities,0.09106666666666667,0.21886,0.19730968374218374
2023-02-13,Comm,0.03994,0.11038749999999999,0.09412279627911771
2023-02-13,Consumer,0.13103913636363634,0.11233599999999999,0.1104319239402178
2023-02-13,Energy,0.27975944444444445,0.13065708333333334,0.10809446976793827
2023-02-13,Financials,0.14683333333333334,0.13965,0.09180260801816827
2023-02-13,Healthcare,0.10701000000000001,0.1858,0.1037436539727002
2023-02-13,Industrials,0.14845000000000003,0.0,0.11052498190185164
2023-02-13,Materials,-0.003225,0.1101,0.0919958015873016
2023-02-13,RealEstate,0.44425,0.4179166666666667,0.14790394274376417
2023-02-13,Tech,0.20688285714285715,0.026444444444444444,0.08641813967380363
2023-02-13,Utilities,0.22849583333333334,0.09106666666666667,0.19750650913900913
2023-02-14,Comm,0.0,0.03994,0.08967037564419707
2023-02-14,Consumer,0.263443393939394,0.13103913636363634,0.11367970699050084
2023-02-14,Energy,-0.06863,0.27975944444444445,0.12052827409522474
2023-02-14,Financials,-0.02954066666666667,0.14683333333333334,0.09398321572791885
2023-02-14,Healthcare,0.26553375,0.10701000000000001,0.10442329682984304
2023-02-14,Industrials,0.10818222222222222,0.14845000000000003,0.11071773983835957
2023-02-14,Materials,0.07543333333333334,-0.003225,0.08429342063492065
2023-02-14,RealEstate,0.15886,0.44425,0.16690037131519272
2023-02-14,Tech,0.21975484848484847,0.20688285714285715,0.0935716884266381
2023-02-14,Utilities,0.12393000000000001,0.22849583333333334,0.20032377104377103
2023-02-15,Comm,0.18669666666666665,0.0,0.0687394232632447
2023-02-15,Consumer,0.007505833333333323,0.263443393939394,0.11712355114634498
2023-02-15,Energy,0.060711111111111105,-0.06863,0.10905218565985059
2023-02-15,Financials,-0.077684375,-0.02954066666666667,0.0893799970101287
2023-02-15,Healthcare,0.06080555555555556,0.26553375,0.10589791984571606
2023-02-15,Industrials,0.024716666666666665,0.10818222222222222,0.1136276075632273
2023-02-15,Materials,0.08389285714285714,0.07543333333333334,0.07426119841269842
2023-02-15,RealEstate,0.008577777777777778,0.15886,0.1728595776643991
2023-02-15,Tech,-0.009739999999999993,0.21975484848484847,0.09927120502115469
2023-02-15,Utilities,0.221775,0.12393000000000001,0.192187898027898
2023-02-16,Comm,0.02366,0.18669666666666665,0.0655073200886415
2023-02-16,Consumer,0.006370666666666663,0.007505833333333323,0.10611533640711597
2023-02-16,Energy,0.13395955555555555,0.060711111111111105,0.10861848506850294
2023-02-16,Financials,0.04416,-0.077684375,0.07815355867346939
2023-02-16,Healthcare,0.12758466666666665,0.06080555555555556,0.09631202037481659
2023-02-16,Industrials,0.17239374999999998,0.024716666666666665,0.10195369883306858
2023-02-16,Materials,0.09497499999999999,0.08389285714285714,0.06957514399092972
2023-02-16,RealEstate,0.022638888888888892,0.008577777777777778,0.16697935279667422
2023-02-16,Tech,0.17857883116883116,-0.009739999999999993,0.09283208710732249
2023-02-16,Utilities,0.19308645833333332,0.221775,0.19259801707551705
2023-02-17,Comm,0.44631666666666664,0.02366,0.06663398675530818
2023-02-17,Consumer,0.11788571428571429,0.006370666666666663,0.09799877026954983
2023-02-17,Energy,0.13352410714285715,0.13395955555555555,0.10351830517432303
2023-02-17,Financials,0.22298999999999997,0.04416,0.07135114748677249
2023-02-17,Healthcare,0.14122666666666667,0.12758466666666665,0.0990029568827531
2023-02-17,Industrials,0.03679166666666666,0.17239374999999998,0.11586262740449715
2023-02-17,Materials,-0.02423333333333334,0.09497499999999999,0.06602673129251702
2023-02-17,RealEstate,0.0,0.022638888888888892,0.16795527872260013
2023-02-17,Tech,0.09892727272727272,0.17857883116883116,0.09241407226502193
2023-02-17,Utilities,0.04086666666666666,0.19308645833333332,0.1887830865199615
2023-02-21,Comm,0.1004447619047619,0.44631666666666664,0.0846109708822923
2023-02-21,Consumer,0.11767893650793651,0.11788571428571429,0.1037550355756723
2023-02-21,Energy,0.1161750505050505,0.13352410714285715,0.10434564360969717
2023-02-21,Financials,0.0012510000000000021,0.22298999999999997,0.07971621891534392
2023-02-21,Healthcare,0.023423000000000006,0.14122666666666667,0.10839847275576897
2023-02-21,Industrials,0.24467125,0.03679166666666666,0.11459496867433842
2023-02-21,Materials,-0.044375,-0.02423333333333334,0.05872355668934242
2023-02-21,RealEstate,0.057897222222222225,0.0,0.16312551681783824
2023-02-21,Tech,0.11084727272727272,0.09892727272727272,0.09417568842663811
2023-02-21,Utilities,0.04896111111111111,0.04086666666666666,0.18292340398027898
2023-02-22,Comm,0.18483888888888889,0.1004447619047619,0.09321521880368308
2023-02-22,Consumer,0.08917590476190476,0.11767893650793651,0.10873339763160575
2023-02-22,Energy,0.11466400000000002,0.1161750505050505,0.10091806130773988
2023-02-22,Financials,0.07277375,0.0012510000000000021,0.07731458399470899
2023-02-22,Healthcare,0.09284200000000001,0.023423000000000006,0.10636502831132454
2023-02-22,Industrials,0.0,0.24467125,0.12649677422989397
2023-02-22,Materials,0.11326666666666667,-0.044375,0.04867183711262283
2023-02-22,RealEstate,0.09192708333333333,0.057897222222222225,0.16228834750566895
2023-02-22,Tech,0.112917,0.11084727272727272,0.09637466966761934
2023-02-22,Utilities,0.18041666666666667,0.04896111111111111,0.17808160503848006
2023-02-23,Comm,0.12297,0.18483888888888889,0.09719048335394763
2023-02-23,Consumer,0.10625000000000002,0.08917590476190476,0.10296133187196857
2023-02-23,Energy,0.17188928571428572,0.11466400000000002,0.104530010441939
2023-02-23,Financials,0.13172166666666668,0.07277375,0.08339771494708995
2023-02-23,Healthcare,0.039,0.09284200000000001,0.09870631402561024
2023-02-23,Industrials,0.061254166666666665,0.0,0.11557648511424772
2023-02-23,Materials,-0.003495833333333339,0.11326666666666667,0.049703715419501145
2023-02-23,RealEstate,0.05041500000000001,0.09192708333333333,0.1629874149659864
2023-02-23,Tech,0.014443166666666674,0.112917,0.09975355533416666
2023-02-23,Utilities,0.07072,0.18041666666666667,0.17707303360990861
2023-02-24,Comm,0.03900000000000001,0.12297,0.10123310240156667
2023-02-24,Consumer,0.013912500000000003,0.10625000000000002,0.10059019695133366
2023-02-24,Energy,0.056115000000000005,0.17188928571428572,0.10207903538524968
2023-02-24,Financials,0.10556066666666666,0.13172166666666668,0.0847132705026455
2023-02-24,Healthcare,0.14276666666666668,0.039,0.0956604806922769
2023-02-24,Industrials,0.04507777777777778,0.061254166666666665,0.11459439636965899
2023-02-24,Materials,0.10415416666666666,-0.003495833333333339,0.04508764399092971
2023-02-24,RealEstate,0.0,0.05041500000000001,0.14968396258503402
2023-02-24,Tech,0.000439833333333331,0.014443166666666674,0.09515308112781745
2023-02-24,Utilities,0.083665,0.07072,0.1689507717051467
2023-02-27,Comm,0.13425555555555557,0.03900000000000001,0.10302235410224696
2023-02-27,Consumer,0.07535344444444445,0.013912500000000003,0.09541369695133364
2023-02-27,Energy,-0.019697714285714284,0.056115000000000005,0.0956794322106465
2023-02-27,Financials,-0.011213928571428566,0.10556066666666666,0.08730988955026456
2023-02-27,Healthcare,0.08093285714285714,0.14276666666666668,0.10408443027210883
2023-02-27,Industrials,0.08860625,0.04507777777777778,0.11204254451780712
2023-02-27,Materials,0.30675,0.10415416666666666,0.05434755668934241
2023-02-27,RealEstate,0.09504,0.0,0.1372638567649282
2023-02-27,Tech,0.10289992063492064,0.000439833333333331,0.0922478747786111
2023-02-27,Utilities,0.173532,0.083665,0.16358100980038479
2023-02-28,Comm,0.1230375,0.13425555555555557,0.09580026114890401
2023-02-28,Consumer,0.11559833333333334,0.07535344444444445,0.09368989271852943
2023-02-28,Energy,0.205912962962963,-0.019697714285714284,0.08443578342292628
2023-02-28,Financials,0.21247020202020198,-0.011213928571428566,0.07837603051776267
2023-02-28,Healthcare,0.04354666666666667,0.08093285714285714,0.09950742346938776
2023-02-28,Industrials,0.2218611111111111,0.08860625,0.11476554621848739
2023-02-28,Materials,0.5106,0.30675,0.0653832709750567
2023-02-28,RealEstate,0.16455,0.09504,0.13925359221466366
2023-02-28,Tech,0.31204464285714284,0.10289992063492064,0.09262850743167232
2023-02-28,Utilities,0.227525,0.173532,0.16481396218133718
2023-03-01,Comm,-0.033397500000000004,0.1230375,0.09704706273620557
2023-03-01,Consumer,0.09564033333333334,0.11559833333333334,0.09720019884097841
2023-03-01,Energy,0.07892708333333333,0.205912962962963,0.08897493812184289
2023-03-01,Financials,0.09284666666666666,0.21247020202020198,0.07914592109015323
2023-03-01,Healthcare,0.028242000000000007,0.04354666666666667,0.0949723441043084
2023-03-01,Industrials,0.055325,0.2218611111111111,0.11639491129785247
2023-03-01,Materials,0.15888666666666668,0.5106,0.08264993764172338
2023-03-01,RealEstate,0.028475,0.16455,0.1324893065003779
2023-03-01,Tech,0.183314126984127,0.31204464285714284,0.10758741017795602
2023-03-01,Utilities,0.35366666666666663,0.227525,0.16708975583213084
2023-03-02,Comm,0.23134666666666667,-0.033397500000000004,0.09050511829176114
2023-03-02,Consumer,0.2024008658008658,0.09564033333333334,0.10111069090447046
2023-03-02,Energy,0.27628833333333336,0.07892708333333333,0.08608918595734073
2023-03-02,Financials,0.13739400000000002,0.09284666666666666,0.07616084172507387
2023-03-02,Healthcare,0.039298333333333345,0.028242000000000007,0.08938257426303856
2023-03-02,Industrials,0.33355,0.055325,0.11934229225023343
2023-03-02,Materials,-0.043725,0.15888666666666668,0.07888561224489796
2023-03-02,RealEstate,0.23394444444444443,0.028475,0.12276103269085414
2023-03-02,Tech,0.08108595238095237,0.183314126984127,0.11244284479624778
2023-03-02,Utilities,0.09106666666666667,0.35366666666666663,0.17796277170514668
2023-03-03,Comm,-0.1858,0.23134666666666667,0.10235252569916857
2023-03-03,Consumer,-0.024616666666666676,0.2024008658008658,0.10780837612401281
2023-03-03,Energy,0.15702291666666668,0.27628833333333336,0.0933698587290135
2023-03-03,Financials,0.00871666666666666,0.13739400000000002,0.07789369093142307
2023-03-03,Healthcare,0.26543333333333335,0.039298333333333345,0.08925626473922903
2023-03-03,Industrials,0.14519583333333333,0.33355,0.12590515873015873
2023-03-03,Materials,0.0003099999999999992,-0.043725,0.07331854875283447
2023-03-03,RealEstate,-0.0129,0.23394444444444443,0.12809053004535148
2023-03-03,Tech,0.2062848888888889,0.08108595238095237,0.11659147961381117
2023-03-03,Utilities,0.03463333333333334,0.09106666666666667,0.1712863828162578
2023-03-06,Comm,0.02023,-0.1858,0.09247252569916856
2023-03-06,Consumer,-0.040311,-0.024616666666666676,0.10179067049630719
2023-03-06,Energy,0.05377766666666667,0.15702291666666668,0.10688341560732037
2023-03-06,Financials,0.10145654761904761,0.00871666666666666,0.07830877029650243
2023-03-06,Healthcare,0.06327033333333335,0.26543333333333335,0.09578206216931218
2023-03-06,Industrials,0.20092500000000002,0.14519583333333333,0.1282906746031746
2023-03-06,Materials,0.0425,0.0003099999999999992,0.07333331065759638
2023-03-06,RealEstate,0.04136,-0.0129,0.1144500538548753
2023-03-06,Tech,0.07911199999999999,0.2062848888888889,0.12947504756751185
2023-03-06,Utilities,0.0440125,0.03463333333333334,0.1739189224987975
2023-03-07,Comm,0.19317499999999999,0.02023,0.08744970030234316
2023-03-07,Consumer,0.16452333333333333,-0.040311,0.09320776573440244
2023-03-07,Energy,0.12144666666666666,0.05377766666666667,0.1008673407773884
2023-03-07,Financials,0.24231166666666665,0.10145654761904761,0.07648829901910259
2023-03-07,Healthcare,0.1826875,0.06327033333333335,0.08871378439153439
2023-03-07,Industrials,0.2940583333333333,0.20092500000000002,0.1273156746031746
2023-03-07,Materials,0.0595875,0.0425,0.0742289455782313
2023-03-07,RealEstate,0.1101,0.04136,0.1096666014739229
2023-03-07,Tech,0.11298444444444444,0.07911199999999999,0.12323768248814676
2023-03-07,Utilities,0.08139666666666667,0.0440125,0.16199491456228957
2023-03-08,Comm,-0.079075,0.19317499999999999,0.08801184315948601
2023-03-08,Consumer,0.25326166666666666,0.16452333333333333,0.09337308092714619
2023-03-08,Energy,0.14941619047619048,0.12144666666666666,0.1068439280789757
2023-03-08,Financials,0.06828730158730159,0.24231166666666665,0.08604272362227719
2023-03-08,Healthcare,0.056163,0.1826875,0.10062553042328044
2023-03-08,Industrials,0.18509166666666665,0.2940583333333333,0.12772767857142858
2023-03-08,Materials,0.123875,0.0595875,0.0778869217687075
2023-03-08,RealEstate,0.237625,0.1101,0.10990337396069538
2023-03-08,Tech,0.08803611111111112,0.11298444444444444,0.13080531476327906
2023-03-08,Utilities,-0.018375000000000016,0.08139666666666667,0.14993423995911495
2023-03-09,Comm,-0.030216666666666663,-0.079075,0.08520672411186696
2023-03-09,Consumer,0.10084,0.25326166666666666,0.10147977933984462
2023-03-09,Energy,0.25682866666666665,0.14941619047619048,0.11221448741382074
2023-03-09,Financials,0.047027,0.06828730158730159,0.08814132528516458
2023-03-09,Healthcare,0.12732333333333334,0.056163,0.10125262566137565
2023-03-09,Industrials,0.101525,0.18509166666666665,0.13089527116402117
2023-03-09,Materials,-0.02551666666666667,0.123875,0.0796946598639456
2023-03-09,RealEstate,0.0627125,0.237625,0.11309699074074073
2023-03-09,Tech,0.1660287878787879,0.08803611111111112,0.12522080418126846
2023-03-09,Utilities,0.07955,-0.018375000000000016,0.14187987487974987
2023-03-10,Comm,0.04284666666666667,-0.030216666666666663,0.0824594066515495
2023-03-10,Consumer,0.12061199999999998,0.10084,0.09904825156206683
2023-03-10,Energy,0.1443116666666667,0.25682866666666665,0.12440741711903616
2023-03-10,Financials,0.0075823333333333385,0.047027,0.07880769036452964
2023-03-10,Healthcare,0.21540416666666665,0.12732333333333334,0.10150294312169313
2023-03-10,Industrials,0.12855535714285715,0.101525,0.138977414021164
2023-03-10,Materials,0.10500000000000001,-0.02551666666666667,0.08158997732426305
2023-03-10,RealEstate,0.26161999999999996,0.0627125,0.11320605158730158
2023-03-10,Tech,0.06640625,0.1660287878787879,0.1239630004294647
2023-03-10,Utilities,0.27644583333333334,0.07955,0.13369554948292448
2023-03-13,Comm,0.10773222222222223,0.04284666666666667,0.08098841458805743
2023-03-13,Consumer,0.053982190476190475,0.12061199999999998,0.1000055032627471
2023-03-13,Energy,0.15785444444444444,0.1443116666666667,0.12721585627247534
2023-03-13,Financials,-0.07964403030303031,0.0075823333333333385,0.07768780147564076
2023-03-13,Healthcare,0.1411257142857143,0.21540416666666665,0.10935142724867725
2023-03-13,Industrials,0.165595,0.12855535714285715,0.1300475103930461
2023-03-13,Materials,0.13992,0.10500000000000001,0.08021061224489798
2023-03-13,RealEstate,0.021646666666666665,0.26161999999999996,0.12566414682539684
2023-03-13,Tech,0.058681000000000004,0.06640625,0.12233607866075721
2023-03-13,Utilities,0.3269875,0.27644583333333334,0.13549033664021165
2023-03-14,Comm,0.0,0.10773222222222223,0.08468518707482993
2023-03-14,Consumer,-0.04649666666666667,0.053982190476190475,0.09918488507524222
2023-03-14,Energy,0.21197166666666667,0.15785444444444444,0.12909112006688198
2023-03-14,Financials,0.17148380952380954,-0.07964403030303031,0.07547380003263932
2023-03-14,Healthcare,-0.015801333333333327,0.1411257142857143,0.11568664493575206
2023-03-14,Industrials,0.26141666666666663,0.165595,0.13151552626606197
2023-03-14,Materials,0.07970000000000001,0.13992,0.0897466836734694
2023-03-14,RealEstate,0.20270000000000002,0.021646666666666665,0.11888839285714285
2023-03-14,Tech,0.19093854166666666,0.058681000000000004,0.11506541199409058
2023-03-14,Utilities,-0.004044444444444443,0.3269875,0.14063926521164022
2023-03-15,Comm,0.22643333333333335,0.0,0.07942863945578231
2023-03-15,Consumer,0.06556166666666667,-0.04649666666666667,0.0916214247577819
2023-03-15,Energy,0.1294664285714286,0.21197166666666667,0.13296324308275498
2023-03-15,Financials,0.011017111111111116,0.17148380952380954,0.0769896957242493
2023-03-15,Healthcare,0.08162666666666667,-0.015801333333333327,0.10608658144368859
2023-03-15,Industrials,0.057975000000000006,0.26141666666666663,0.14396393896447468
2023-03-15,Materials,0.08374181818181818,0.07970000000000001,0.08829906462585035
2023-03-15,RealEstate,0.1579425,0.20270000000000002,0.10863998015873017
2023-03-15,Tech,-0.012914761904761905,0.19093854166666666,0.12289846424276783
2023-03-15,Utilities,0.29046875,-0.004044444444444443,0.1361101646825397
2023-03-16,Comm,0.11239785714285716,0.22643333333333335,0.08830927437641722
2023-03-16,Consumer,0.029326666666666674,0.06556166666666667,0.08850345001030716
2023-03-16,Energy,-0.04001199999999999,0.1294664285714286,0.1258064328030876
2023-03-16,Financials,-0.1286202777777778,0.011017111111111116,0.07052225657081014
2023-03-16,Healthcare,0.04588,0.08162666666666667,0.10487785128495844
2023-03-16,Industrials,0.3712,0.057975000000000006,0.13965560563114135
2023-03-16,Materials,0.1287777777777778,0.08374181818181818,0.0924403416821274
2023-03-16,RealEstate,0.23317500000000002,0.1579425,0.09500628968253969
2023-03-16,Tech,0.11155481818181819,-0.012914761904761905,0.11243191095478594
2023-03-16,Utilities,0.1459,0.29046875,0.13906125595238095
2023-03-17,Comm,0.10115,0.11239785714285716,0.09366155328798186
2023-03-17,Consumer,-0.02581300000000001,0.029326666666666674,0.07735503442589156
2023-03-17,Energy,0.06299166666666667,-0.04001199999999999,0.1271691947078495
2023-03-17,Financials,-0.04826114285714286,-0.1286202777777778,0.06580417985123341
2023-03-17,Healthcare,0.11496666666666666,0.04588,0.09441814890400604
2023-03-17,Industrials,0.0691,0.3712,0.15218026171579743
2023-03-17,Materials,0.02996190476190477,0.1287777777777778,0.09498055332233905
2023-03-17,RealEstate,0.1994375,0.23317500000000002,0.09854509920634921
2023-03-17,Tech,0.054474749999999995,0.11155481818181819,0.10727952855940356
2023-03-17,Utilities,0.23022083333333332,0.1459,0.14010744642857142
2023-03-20,Comm,0.183634,0.10115,0.08958790249433106
2023-03-20,Consumer,0.042434285714285716,-0.02581300000000001,0.07576842331478045
2023-03-20,Energy,0.26259466666666664,0.06299166666666667,0.12727779259144736
2023-03-20,Financials,0.13583814285714285,-0.04826114285714286,0.06720528614375043
2023-03-20,Healthcare,0.08144933333333335,0.11496666666666666,0.09699724943310657
2023-03-20,Industrials,0.09899583333333334,0.0691,0.15429375377928947
2023-03-20,Materials,0.23766111111111113,0.02996190476190477,0.09241241273276989
2023-03-20,RealEstate,0.050725000000000006,0.1994375,0.10763365740740741
2023-03-20,Tech,0.14129133333333332,0.054474749999999995,0.1103373737974988
2023-03-20,Utilities,0.13736666666666666,0.23022083333333332,0.14050962896825395
2023-03-21,Comm,0.084422,0.183634,0.09720571201814059
2023-03-21,Consumer,0.17717777777777777,0.042434285714285716,0.07748573850752423
2023-03-21,Energy,-0.03979416666666667,0.26259466666666664,0.13340327407292885
2023-03-21,Financials,0.12551285714285715,0.13583814285714285,0.07157091199409056
2023-03-21,Healthcare,0.157915,0.08144933333333335,0.09480032879818594
2023-03-21,Industrials,0.32455000000000006,0.09899583333333334,0.15079861489040058
2023-03-21,Materials,0.02734375,0.23766111111111113,0.09920698945234661
2023-03-21,RealEstate,0.44950833333333334,0.050725000000000006,0.10897109126984127
2023-03-21,Tech,0.076383,0.14129133333333332,0.1085617786624751
2023-03-21,Utilities,0.2442375,0.13736666666666666,0.13785630555555556
2023-03-22,Comm,0.23682777777777778,0.084422,0.07997263265306123
2023-03-22,Consumer,-0.0445123076923077,0.17717777777777777,0.08030917010238439
2023-03-22,Energy,0.13186916666666665,-0.03979416666666667,0.125150022939142
2023-03-22,Financials,0.057744285714285706,0.12551285714285715,0.06692914328660757
2023-03-22,Healthcare,0.011967999999999998,0.157915,0.09559501133786849
2023-03-22,Industrials,0.20865,0.32455000000000006,0.16450139266817837
2023-03-22,Materials,0.09775833333333334,0.02734375,0.1016630410396482
2023-03-22,RealEstate,0.23206666666666667,0.44950833333333334,0.13037625
2023-03-22,Tech,0.0671015037593985,0.076383,0.10748824186593829
2023-03-22,Utilities,0.045533333333333335,0.2442375,0.14754063095238093
2023-03-23,Comm,0.2340375,0.23682777777777778,0.0864670619803477
2023-03-23,Consumer,0.05046666666666668,-0.0445123076923077,0.07258577752142037
2023-03-23,Energy,0.16982166666666668,0.13186916666666665,0.12589736180398084
2023-03-23,Financials,-0.025778333333333337,0.057744285714285706,0.0696192997491926
2023-03-23,Healthcare,0.22970000000000002,0.011967999999999998,0.0950495351473923
2023-03-23,Industrials,0.13006666666666666,0.20865,0.16278609504913077
2023-03-23,Materials,0.05849375,0.09775833333333334,0.10843129500790216
2023-03-23,RealEstate,0.1365,0.23206666666666667,0.13867003306878306
2023-03-23,Tech,0.1406757142857143,0.0671015037593985,0.10540511001032524
2023-03-23,Utilities,0.10625000000000001,0.045533333333333335,0.14737740343915343
2023-03-24,Comm,0.31845,0.2340375,0.0888098529856387
2023-03-24,Consumer,0.157884,0.05046666666666668,0.07074248046926619
2023-03-24,Energy,0.194102,0.16982166666666668,0.12852391735953642
2023-03-24,Financials,-0.10548969696969698,-0.025778333333333337,0.06492634339998625
2023-03-24,Healthcare,0.03990166666666667,0.22970000000000002,0.10156658276643991
2023-03-24,Industrials,0.09073333333333335,0.13006666666666666,0.16897974584278155
2023-03-24,Materials,0.0,0.05849375,0.10582306088091804
2023-03-24,RealEstate,0.17,0.1365,0.1407925529100529
2023-03-24,Tech,0.04642119047619048,0.1406757142857143,0.10672695354774019
2023-03-24,Utilities,0.35015,0.10625000000000001,0.1438456574074074
2023-03-27,Comm,0.16795714285714283,0.31845,0.09811842441421013
2023-03-27,Consumer,0.11142416666666666,0.157884,0.07320124237402809
2023-03-27,Energy,0.061272499999999994,0.194102,0.12958166565885612
2023-03-27,Financials,0.09948515873015873,-0.10548969696969698,0.05363056417920703
2023-03-27,Healthcare,0.13018666666666667,0.03990166666666667,0.10160951927437643
2023-03-27,Industrials,0.18905,0.09073333333333335,0.17038351568405138
2023-03-27,Materials,0.028666666666666674,0.0,0.10598952913488631
2023-03-27,RealEstate,0.06766333333333334,0.17,0.14648707671957673
2023-03-27,Tech,0.14500497435897436,0.04642119047619048,0.10824971658628896
2023-03-27,Utilities,0.09494375,0.35015,0.15715184788359787
2023-03-28,Comm,0.21742916666666665,0.16795714285714283,0.10425924074074075
2023-03-28,Consumer,0.15801928571428572,0.11142416666666666,0.07784465507244079
2023-03-28,Energy,0.08887333333333333,0.061272499999999994,0.12982726089695137
2023-03-28,Financials,0.22000999999999998,0.09948515873015873,0.05334125427746856
2023-03-28,Healthcare,0.19232833333333335,0.13018666666666667,0.10101047165532881
2023-03-28,Industrials,0.10886249999999999,0.18905,0.17723933578987147
2023-03-28,Materials,0.371025,0.028666666666666674,0.10239488627774344
2023-03-28,RealEstate,0.148,0.06766333333333334,0.14970914021164022
2023-03-28,Tech,0.12816,0.14500497435897436,0.11513377092084329
2023-03-28,Utilities,0.39759374999999997,0.09494375,0.15768893121693123
2023-03-29,Comm,0.10665833333333334,0.21742916666666665,0.1082198888888889
2023-03-29,Consumer,0.12297333333333334,0.15801928571428572,0.08178112370433799
2023-03-29,Energy,0.04028988888888889,0.08887333333333333,0.1349973107835727
2023-03-29,Financials,0.028922833333333335,0.22000999999999998,0.06435191754277468
2023-03-29,Healthcare,0.055336666666666666,0.19232833333333335,0.10631501814058958
2023-03-29,Industrials,0.062268750000000005,0.10886249999999999,0.17820391912320485
2023-03-29,Materials,0.14385555555555554,0.371025,0.10545560056345774
2023-03-29,RealEstate,0.2021888888888889,0.148,0.15223104497354498
2023-03-29,Tech,0.10061,0.12816,0.11633663184298992
2023-03-29,Utilities,0.07046250000000001,0.39759374999999997,0.16835853835978837
2023-03-30,Comm,0.20591666666666666,0.10665833333333334,0.10743992857142856
2023-03-30,Consumer,0.11552115384615384,0.12297333333333334,0.08213231418052847
2023-03-30,Energy,0.07989666666666667,0.04028988888888889,0.1271104977324263
2023-03-30,Financials,0.24606309523809522,0.028922833333333335,0.05561156665292379
2023-03-30,Healthcare,0.0017062499999999994,0.055336666666666666,0.10687644671201815
2023-03-30,Industrials,0.3257777777777778,0.062268750000000005,0.1706042828798186
2023-03-30,Materials,0.16655,0.14385555555555554,0.08799157939943655
2023-03-30,RealEstate,0.11796111111111111,0.2021888888888889,0.15402337301587302
2023-03-30,Tech,0.16753085714285715,0.10061,0.10626831551645932
2023-03-30,Utilities,0.2148625,0.07046250000000001,0.1608793716931217
2023-03-31,Comm,0.3276422222222222,0.20591666666666666,0.11883584126984127
2023-03-31,Consumer,0.07924142857142857,0.11552115384615384,0.08307901991923419
2023-03-31,Energy,0.140608,0.07989666666666667,0.12715666836734693
2023-03-31,Financials,0.14908133333333334,0.24606309523809522,0.06290758706108705
2023-03-31,Healthcare,0.1334625,0.0017062499999999994,0.105612839569161
2023-03-31,Industrials,-0.049244444444444445,0.3257777777777778,0.18348298658352227
2023-03-31,Materials,0.03988333333333335,0.16655,0.0883565000343572
2023-03-31,RealEstate,0.24450000000000002,0.11796111111111111,0.1582846164021164
2023-03-31,Tech,0.17308566666666667,0.16753085714285715,0.10551673123830362
2023-03-31,Utilities,0.1426111111111111,0.2148625,0.15426964947089944
2023-04-03,Comm,0.16664107142857143,0.3276422222222222,0.12342134391534391
2023-04-03,Consumer,0.11564195488721804,0.07924142857142857,0.07721428481307054
2023-04-03,Energy,-0.04670276315789473,0.140608,0.12069570011337867
2023-04-03,Financials,0.1105602380952381,0.14908133333333334,0.06346412674362674
2023-04-03,Healthcare,-0.04046466666666667,0.1334625,0.11009684750566893
2023-04-03,Industrials,0.11641875000000002,-0.049244444444444445,0.16525467970521543
2023-04-03,Materials,-0.0658375,0.03988333333333335,0.0923378492407064
2023-04-03,RealEstate,0.08531000000000002,0.24450000000000002,0.1587872619047619
2023-04-03,Tech,0.15019211060204163,0.17308566666666667,0.10989767001381381
2023-04-03,Utilities,0.30360624999999997,0.1426111111111111,0.15672414682539682
2023-04-04,Comm,0.059763,0.16664107142857143,0.14020425207860923
2023-04-04,Consumer,0.12417666666666667,0.11564195488721804,0.08389326679182693
2023-04-04,Energy,0.2448036507936508,-0.04670276315789473,0.11099447726459005
2023-04-04,Financials,-0.06442299999999998,0.1105602380952381,0.06831382062117776
2023-04-04,Healthcare,0.20949583333333333,-0.04046466666666667,0.0955302760770975
2023-04-04,Industrials,0.09211696428571428,0.11641875000000002,0.16388434240362812
2023-04-04,Materials,0.11621111111111111,-0.0658375,0.08918796828832545
2023-04-04,RealEstate,0.16390625,0.08531000000000002,0.16346392857142858
2023-04-04,Tech,0.13741923376623374,0.15019211060204163,0.10722658533348775
2023-04-04,Utilities,0.18112083333333334,0.30360624999999997,0.16953238095238093
2023-04-05,Comm,0.088225,0.059763,0.142086775888133
2023-04-05,Consumer,0.09757428571428571,0.12417666666666667,0.09172601282357297
2023-04-05,Energy,0.044648961038961044,0.2448036507936508,0.12009095269920833
2023-04-05,Financials,-0.006242857142857142,-0.06442299999999998,0.060414794544080254
2023-04-05,Healthcare,0.052146666666666674,0.20949583333333333,0.10249339512471656
2023-04-05,Industrials,0.04348888888888889,0.09211696428571428,0.1587030073696145
2023-04-05,Materials,0.28400000000000003,0.11621111111111111,0.09269802119837836
2023-04-05,RealEstate,0.10591428571428572,0.16390625,0.16929946428571427
2023-04-05,Tech,0.1010967105263158,0.13741923376623374,0.11000312027473698
2023-04-05,Utilities,0.135575,0.18112083333333334,0.1760613492063492
2023-04-06,Comm,0.08838,0.088225,0.13708915684051398
2023-04-06,Consumer,0.10606711111111111,0.09757428571428571,0.08853796293695165
2023-04-06,Energy,0.15520730769230767,0.044648961038961044,0.11643391909788903
2023-04-06,Financials,0.18461666666666665,-0.006242857142857142,0.04857886483886484
2023-04-06,Healthcare,0.05140199999999999,0.052146666666666674,0.0962771649659864
2023-04-06,Industrials,0.055755,0.04348888888888889,0.1467711290627362
2023-04-06,Materials,0.1820125,0.28400000000000003,0.10338433072218788
2023-04-06,RealEstate,0.11836250000000001,0.10591428571428572,0.16910014455782313
2023-04-06,Tech,0.3205784615384616,0.1010967105263158,0.10943703770720703
2023-04-06,Utilities,0.349725,0.135575,0.17864126984126982
2023-04-10,Comm,0.03769666666666667,0.08838,0.1450632044595616
2023-04-10,Consumer,0.14880703296703296,0.10606711111111111,0.08152869838668711
2023-04-10,Energy,0.10547577357425184,0.15520730769230767,0.1167096865843708
2023-04-10,Financials,0.0722271590909091,0.18461666666666665,0.0541183584140727
2023-04-10,Healthcare,0.1212428787878788,0.05140199999999999,0.09605045068027211
2023-04-10,Industrials,0.16179062500000002,0.055755,0.14061224017384732
2023-04-10,Materials,0.15105357142857143,0.1820125,0.10615278310314025
2023-04-10,RealEstate,0.07998166666666667,0.11836250000000001,0.16342097789115645
2023-04-10,Tech,0.1816367177559283,0.3205784615384616,0.12051048296565232
2023-04-10,Utilities,0.31014,0.349725,0.19616984126984127
2023-04-11,Comm,0.05065,0.03769666666666667,0.14829717271352985
2023-04-11,Consumer,0.0599425,0.14880703296703296,0.08381284281368868
2023-04-11,Energy,0.12779444444444443,0.10547577357425184,0.10950240596092248
2023-04-11,Financials,0.024665824175824174,0.0722271590909091,0.05531836598983028
2023-04-11,Healthcare,-0.0077800000000000005,0.1212428787878788,0.09576090522572667
2023-04-11,Industrials,-0.02064166666666667,0.16179062500000002,0.143482031840514
2023-04-11,Materials,0.06401785714285714,0.15105357142857143,0.114560889679104
2023-04-11,RealEstate,0.4405625,0.07998166666666667,0.16424331916099774
2023-04-11,Tech,0.062146,0.1816367177559283,0.12125371772170662
2023-04-11,Utilities,0.08196,0.31014,0.20715031746031742
2023-04-12,Comm,0.14808,0.05065,0.14866876001511717
2023-04-12,Consumer,0.0575652380952381,0.0599425,0.08092381900416487
2023-04-12,Energy,0.04597833333333333,0.12779444444444443,0.10871587156938806
2023-04-12,Financials,0.11431438095238096,0.024665824175824174,0.05613186555375842
2023-04-12,Healthcare,0.054188333333333324,-0.0077800000000000005,0.0851330877654092
2023-04-12,Industrials,0.07866583333333332,-0.02064166666666667,0.1363774116591081
2023-04-12,Materials,0.0,0.06401785714285714,0.11260935906685908
2023-04-12,RealEstate,0.22360000000000002,0.4405625,0.1727643905895692
2023-04-12,Tech,0.12446133333333334,0.062146,0.12105084867408754
2023-04-12,Utilities,0.3095111111111111,0.08196,0.19788908730158733
2023-04-13,Comm,0.0014371428571428578,0.14808,0.1505900827664399
2023-04-13,Consumer,-0.014880000000000008,0.0575652380952381,0.08109444031935761
2023-04-13,Energy,0.0994575,0.04597833333333333,0.10338843770695422
2023-04-13,Financials,0.05647070676691729,0.11431438095238096,0.06536798037544467
2023-04-13,Healthcare,-0.12515714285714286,0.054188333333333324,0.08099321248196249
2023-04-13,Industrials,0.2989,0.07866583333333332,0.13223792753212396
2023-04-13,Materials,-0.010187499999999995,0.0,0.10594650192400194
2023-04-13,RealEstate,-0.025675,0.22360000000000002,0.1823812159863946
2023-04-13,Tech,0.047861551587301585,0.12446133333333334,0.12418324549948438
2023-04-13,Utilities,0.1800225,0.3095111111111111,0.1970568783068783
2023-04-14,Comm,0.029833333333333333,0.0014371428571428578,0.15065851814058956
2023-04-14,Consumer,0.124798,-0.014880000000000008,0.08259999587491317
2023-04-14,Energy,0.17745000000000002,0.0994575,0.09803062024663675
2023-04-14,Financials,0.05700509090909091,0.05647070676691729,0.0598911659584498
2023-04-14,Healthcare,0.008998999999999997,-0.12515714285714286,0.0757857929808287
2023-04-14,Industrials,0.15686458333333334,0.2989,0.1340228481670446
2023-04-14,Materials,0.07955,-0.010187499999999995,0.10166614478114479
2023-04-14,RealEstate,0.12273333333333332,-0.025675,0.17150621598639457
2023-04-14,Tech,0.1956424761904762,0.047861551587301585,0.11737005549570509
2023-04-14,Utilities,0.14492333333333335,0.1800225,0.20582197089947088
2023-04-17,Comm,0.014846666666666666,0.029833333333333333,0.1412966133786848
2023-04-17,Consumer,0.04868159663865546,0.124798,0.08542077365269095
2023-04-17,Energy,0.12480233333333332,0.17745000000000002,0.10031555221942587
2023-04-17,Financials,0.11059273918128656,0.05700509090909091,0.06208106975835359
2023-04-17,Healthcare,0.1287092857142857,0.008998999999999997,0.07232733266336838
2023-04-17,Industrials,0.1173525,0.15686458333333334,0.13873187594482236
2023-04-17,Materials,0.26335,0.07955,0.10146653439153439
2023-04-17,RealEstate,0.0132375,0.12273333333333332,0.16982958900226758
2023-04-17,Tech,0.13280434523809523,0.1956424761904762,0.1273013525478593
2023-04-17,Utilities,0.08781875,0.14492333333333335,0.1988912367724868
2023-04-18,Comm,0.03553511904761905,0.014846666666666666,0.13665131859410432
2023-04-18,Consumer,-0.03344785714285714,0.04868159663865546,0.08634243698469042
2023-04-18,Energy,0.011318838383838386,0.12480233333333332,0.10816385380672745
2023-04-18,Financials,0.10402990476190477,0.11059273918128656,0.07347216580402331
2023-04-18,Healthcare,0.10433666666666667,0.1287092857142857,0.07627158436404866
2023-04-18,Industrials,0.073225,0.1173525,0.12664389975434617
2023-04-18,Materials,0.175325,0.26335,0.10787473544973546
2023-04-18,RealEstate,0.08707083333333333,0.0132375,0.1593563747165533
2023-04-18,Tech,0.23545190476190475,0.13280434523809523,0.1283132347886344
2023-04-18,Utilities,0.08896066666666666,0.08781875,0.19612546296296293
2023-04-19,Comm,0.1355011111111111,0.03553511904761905,0.13352680045351473
2023-04-19,Consumer,0.10089833333333334,-0.03344785714285714,0.08597887235884008
2023-04-19,Energy,0.18730750000000002,0.011318838383838386,0.10570324293611659
2023-04-19,Financials,0.11925920728291314,0.10402990476190477,0.0807241204525494
2023-04-19,Healthcare,0.10868396078431372,0.10433666666666667,0.07576539388785818
2023-04-19,Industrials,0.12508750000000002,0.073225,0.12684032832577477
2023-04-19,Materials,0.026311111111111115,0.175325,0.11479678760393047
2023-04-19,RealEstate,0.07776250000000001,0.08707083333333333,0.15400558106575962
2023-04-19,Tech,0.14301999999999998,0.23545190476190475,0.13693119453920127
2023-04-19,Utilities,0.27201333333333333,0.08896066666666666,0.18939878835978835
2023-04-20,Comm,0.012538034188034187,0.1355011111111111,0.1312347581254724
2023-04-20,Consumer,0.14552822222222223,0.10089833333333334,0.08876287462641377
2023-04-20,Energy,0.10873916666666665,0.18730750000000002,0.1021181397615134
2023-04-20,Financials,0.03713785714285714,0.11925920728291314,0.07993464732996702
2023-04-20,Healthcare,0.1595025,0.10868396078431372,0.07706228090933342
2023-04-20,Industrials,0.084505,0.12508750000000002,0.12808278864323508
2023-04-20,Materials,0.10787242857142858,0.026311111111111115,0.10473250188964475
2023-04-20,RealEstate,0.11643125,0.07776250000000001,0.15529308106575965
2023-04-20,Tech,0.05578266666666667,0.14301999999999998,0.13701351199951875
2023-04-20,Utilities,0.11793066666666667,0.27201333333333333,0.1958105343915344
2023-04-21,Comm,0.21154227272727272,0.012538034188034187,0.1278117121344264
2023-04-21,Consumer,0.15017619047619046,0.14552822222222223,0.08725575293329209
2023-04-21,Energy,0.16272232967032968,0.10873916666666665,0.1091911556345293
2023-04-21,Financials,0.07968750000000002,0.03713785714285714,0.0757263139966337
2023-04-21,Healthcare,0.054498000000000005,0.1595025,0.07713787614742867
2023-04-21,Industrials,0.16451333333333332,0.084505,0.11665207435752079
2023-04-21,Materials,0.03415,0.10787242857142858,0.10856720086923659
2023-04-21,RealEstate,0.08679166666666666,0.11643125,0.13943226757369617
2023-04-21,Tech,0.11072671428571428,0.05578266666666667,0.1360325437455505
2023-04-21,Utilities,0.0,0.11793066666666667,0.1897959232804233
2023-04-24,Comm,-0.02736109307359308,0.21154227272727272,0.12660764046535475
2023-04-24,Consumer,0.1776605,0.15017619047619046,0.09652663379845866
2023-04-24,Energy,0.10986303030303031,0.16272232967032968,0.11066035387279895
2023-04-24,Financials,0.08312648051948052,0.07968750000000002,0.07677122896262009
2023-04-24,Healthcare,0.13476666666666667,0.054498000000000005,0.07916311424266677
2023-04-24,Industrials,0.07403645833333333,0.16451333333333332,0.11455032832577475
2023-04-24,Materials,0.06069,0.03415,0.10553823261526835
2023-04-24,RealEstate,0.17015333333333332,0.08679166666666666,0.132514410430839
2023-04-24,Tech,0.2665737777777778,0.11072671428571428,0.1381099347229941
2023-04-24,Utilities,0.07439423076923077,0.0,0.18762766931216932
2023-04-25,Comm,-0.019941666666666667,-0.02736109307359308,0.11416008841423125
2023-04-25,Consumer,0.05359533333333334,0.1776605,0.10258348300480787
2023-04-25,Energy,0.08803928571428571,0.10986303030303031,0.10780518071262579
2023-04-25,Financials,-0.007580757575757569,0.08312648051948052,0.08195717247942075
2023-04-25,Healthcare,0.2130757142857143,0.13476666666666667,0.07464247932203184
2023-04-25,Industrials,0.06197989926739927,0.07403645833333333,0.11188222316704459
2023-04-25,Materials,0.022217142857142862,0.06069,0.10564281594860167
2023-04-25,RealEstate,0.07972666666666667,0.17015333333333332,0.1341169501133787
2023-04-25,Tech,0.2505552380952381,0.2665737777777778,0.14410508060356855
2023-04-25,Utilities,0.14902,0.07439423076923077,0.18611072792022793
2023-04-26,Comm,0.04264444444444444,-0.019941666666666667,0.09804619952534238
2023-04-26,Consumer,0.11874577922077922,0.05359533333333334,0.09761735602068088
2023-04-26,Energy,0.15265250000000002,0.08803928571428571,0.10275457527044891
2023-04-26,Financials,0.16616322222222224,-0.007580757575757569,0.0866195029267512
2023-04-26,Healthcare,0.025,0.2130757142857143,0.08288886254198649
2023-04-26,Industrials,0.1509109375,0.06197989926739927,0.11051301202104775
2023-04-26,Materials,-0.005667499999999999,0.022217142857142862,0.10670077513227515
2023-04-26,RealEstate,-0.09560833333333334,0.07972666666666667,0.12981821995464854
2023-04-26,Tech,0.15250950000000002,0.2505552380952381,0.1538257495378089
2023-04-26,Utilities,0.22783333333333333,0.14902,0.1765331088726089
2023-04-27,Comm,0.061578095238095244,0.04264444444444444,0.09207892817235674
2023-04-27,Consumer,0.01228833333333334,0.11874577922077922,0.09796600423754337
2023-04-27,Energy,0.09951216666666667,0.15265250000000002,0.10710600384187749
2023-04-27,Financials,0.2505325,0.16616322222222224,0.08979464880732566
2023-04-27,Healthcare,0.09690815476190476,0.025,0.0778799736530976
2023-04-27,Industrials,0.049025000000000006,0.1509109375,0.1086968661877144
2023-04-27,Materials,0.06399333333333332,-0.005667499999999999,0.10506581481481483
2023-04-27,RealEstate,0.03125,-0.09560833333333334,0.12204337868480726
2023-04-27,Tech,0.08589166666666667,0.15250950000000002,0.15418310790166728
2023-04-27,Utilities,0.15072666666666665,0.22783333333333333,0.18286118426943426
2023-04-28,Comm,-0.02245185185185185,0.061578095238095244,0.08465744858052
2023-04-28,Consumer,0.22744999999999999,0.01228833333333334,0.09102643507654565
2023-04-28,Energy,0.2595610826001955,0.09951216666666667,0.1076126149529886
2023-04-28,Financials,0.0037038095238095202,0.2505325,0.09124810118827804
2023-04-28,Healthcare,-0.034622857142857136,0.09690815476190476,0.07333615562588672
2023-04-28,Industrials,0.050658333333333326,0.049025000000000006,0.10584746142580964
2023-04-28,Materials,0.09989999999999999,0.06399333333333332,0.09044525925925927
2023-04-28,RealEstate,0.2121333333333333,0.03125,0.11648385487528344
2023-04-28,Tech,0.07181678571428571,0.08589166666666667,0.1521703301238895
2023-04-28,Utilities,0.08052333333333332,0.15072666666666665,0.17110560887260887
2023-05-01,Comm,-0.0007224999999999981,-0.02245185185185185,0.0785093445240826
2023-05-01,Consumer,0.07340109523809525,0.22744999999999999,0.09600151444162501
2023-05-01,Energy,0.05163315789473684,0.2595610826001955,0.11805410036781273
2023-05-01,Financials,-0.10192933333333334,0.0037038095238095202,0.09004719529258642
2023-05-01,Healthcare,0.07224395238095237,-0.034622857142857136,0.06905236877781415
2023-05-01,Industrials,0.13288124999999998,0.050658333333333326,0.10529458444168266
2023-05-01,Materials,0.12691666666666668,0.09989999999999999,0.08835213756613758
2023-05-01,RealEstate,0.12618888888888888,0.2121333333333333,0.11695739984882843
2023-05-01,Tech,0.11088849206349208,0.07181678571428571,0.15079922468171264
2023-05-01,Utilities,0.03741,0.08052333333333332,0.17158469617419617
2023-05-02,Comm,0.05378166666666667,-0.0007224999999999981,0.0686693842066223
2023-05-02,Consumer,0.056548,0.07340109523809525,0.09399579736505079
2023-05-02,Energy,0.022053809523809528,0.05163315789473684,0.11670821899772081
2023-05-02,Financials,0.06805161904761906,-0.10192933333333334,0.07347612726537554
2023-05-02,Healthcare,-0.041869333333333335,0.07224395238095237,0.07241130698643095
2023-05-02,Industrials,0.104525,0.13288124999999998,0.09610903549988373
2023-05-02,Materials,0.0,0.12691666666666668,0.086464835978836
2023-05-02,RealEstate,0.04447333333333333,0.12618888888888888,0.11734919879062736
2023-05-02,Tech,0.05433625000000001,0.11088849206349208,0.14810196920174284
2023-05-02,Utilities,0.21361666666666665,0.03741,0.16313457712657714
2023-05-03,Comm,0.07369583333333335,0.05378166666666667,0.05562840537064345
2023-05-03,Consumer,0.121328125,0.056548,0.09291515790926848
2023-05-03,Energy,0.057907857142857136,0.022053809523809528,0.11106278135599748
2023-05-03,Financials,0.07866285714285715,0.06805161904761906,0.0696175694422463
2023-05-03,Healthcare,-0.010656249999999999,-0.041869333333333335,0.06406217206579602
2023-05-03,Industrials,0.12727083333333333,0.104525,0.10343138999723822
2023-05-03,Materials,-0.32525,0.0,0.08456562962962964
2023-05-03,RealEstate,0.0049111111111111065,0.04447333333333333,0.107824119425548
2023-05-03,Tech,0.13492896280190397,0.05433625000000001,0.14244723507475873
2023-05-03,Utilities,0.14476,0.21361666666666665,0.16651579405779407
2023-05-04,Comm,-0.014489999999999998,0.07369583333333335,0.051202441651822604
2023-05-04,Consumer,0.002100952380952384,0.121328125,0.09318592791463905
2023-05-04,Energy,0.12415380952380951,0.057907857142857136,0.11604423946555709
2023-05-04,Financials,0.05794333333333335,0.07866285714285715,0.06809864653975196
2023-05-04,Healthcare,0.07443999999999999,-0.010656249999999999,0.06548162047849443
2023-05-04,Industrials,0.37652291666666665,0.12727083333333333,0.10394815587025409
2023-05-04,Materials,-0.0282875,-0.32525,0.07221265343915345
2023-05-04,RealEstate,0.08319666666666667,0.0049111111111111065,0.10399560090702947
2023-05-04,Tech,0.05870332539682539,0.13492896280190397,0.14172041851284742
2023-05-04,Utilities,0.053005555555555556,0.14476,0.1589516869149369
2023-05-05,Comm,0.4123666666666666,-0.014489999999999998,0.04766658450896546
2023-05-05,Consumer,0.07084933333333335,0.002100952380952384,0.08737279866293836
2023-05-05,Energy,0.07042,0.12415380952380951,0.11029900892889796
2023-05-05,Financials,0.3775666666666667,0.05794333333333335,0.0739256147937202
2023-05-05,Healthcare,0.13888,0.07443999999999999,0.05905039031976427
2023-05-05,Industrials,-0.212675,0.37652291666666665,0.11749129645982326
2023-05-05,Materials,0.0,-0.0282875,0.0653317671957672
2023-05-05,RealEstate,0.22796000000000002,0.08319666666666667,0.10015228741496598
2023-05-05,Tech,0.019781904761904757,0.05870332539682539,0.13797204192382798
2023-05-05,Utilities,0.11216666666666666,0.053005555555555556,0.1528509594017094
2023-05-08,Comm,0.06748666666666667,0.4123666666666666,0.06310190196928292
2023-05-08,Consumer,0.017195238095238104,0.07084933333333335,0.08610018188289302
2023-05-08,Energy,0.13892006162464984,0.07042,0.11152620126037602
2023-05-08,Financials,0.048366666666666676,0.3775666666666667,0.09220225878464992
2023-05-08,Healthcare,0.12084083333333334,0.13888,0.063180549049923
2023-05-08,Industrials,0.10258333333333333,-0.212675,0.10529301603654281
2023-05-08,Materials,0.3006375,0.0,0.051807957671957686
2023-05-08,RealEstate,0.11322666666666667,0.22796000000000002,0.1059639880952381
2023-05-08,Tech,0.13794771428571428,0.019781904761904757,0.13409990831599888
2023-05-08,Utilities,0.2549166666666667,0.11216666666666666,0.15173627686202687
2023-05-09,Comm,-0.004120000000000001,0.06748666666666667,0.062106981334362286
2023-05-09,Consumer,0.14326366666666668,0.017195238095238104,0.08186818792975621
2023-05-09,Energy,0.3369247619047619,0.13892006162464984,0.1107506181142971
2023-05-09,Financials,-0.14740777777777775,0.048366666666666676,0.08571416354655469
2023-05-09,Healthcare,0.15639166666666668,0.12084083333333334,0.0664871601610341
2023-05-09,Industrials,0.20725000000000002,0.10258333333333333,0.10752293667146347
2023-05-09,Materials,0.0,0.3006375,0.05745676719576721
2023-05-09,RealEstate,0.2023,0.11322666666666667,0.1057194246031746
2023-05-09,Tech,0.001918910256410264,0.13794771428571428,0.12540320606586805
2023-05-09,Utilities,0.1557892857142857,0.2549166666666667,0.14722159432234433
2023-05-10,Comm,0.10685333333333333,-0.004120000000000001,0.060115711493092444
2023-05-10,Consumer,-0.004055282051282048,0.14326366666666668,0.08160421810592924
2023-05-10,Energy,0.06139833333333334,0.3369247619047619,0.12177199851098804
2023-05-10,Financials,0.02547619047619048,-0.14740777777777775,0.07525535702899816
2023-05-10,Healthcare,0.061268333333333334,0.15639166666666668,0.06816091196478592
2023-05-10,Industrials,0.08935,0.20725000000000002,0.10968766881432059
2023-05-10,Materials,0.2023,0.0,0.05026373998488285
2023-05-10,RealEstate,-0.012758333333333335,0.2023,0.11154410714285715
2023-05-10,Tech,0.108165,0.001918910256410264,0.11684521523255767
2023-05-10,Utilities,0.19761333333333334,0.1557892857142857,0.13987156030873887
2023-05-11,Comm,0.2863142857142857,0.10685333333333333,0.06279206069944164
2023-05-11,Consumer,0.1618175,-0.004055282051282048,0.07855670467491581
2023-05-11,Energy,0.2907571428571429,0.06139833333333334,0.11861027893426845
2023-05-11,Financials,-0.04686666666666666,0.02547619047619048,0.07529394590044418
2023-05-11,Healthcare,0.38562777777777785,0.061268333333333334,0.07144892783780178
2023-05-11,Industrials,0.0,0.08935,0.114925367227019
2023-05-11,Materials,0.19445666666666667,0.2023,0.05684860393046108
2023-05-11,RealEstate,0.04404,-0.012758333333333335,0.0899574007936508
2023-05-11,Tech,0.020914488636363634,0.108165,0.11903659618493863
2023-05-11,Utilities,0.29835833333333334,0.19761333333333334,0.14537886189604046
2023-05-12,Comm,0.17863125000000002,0.2863142857142857,0.06937464573345525
2023-05-12,Consumer,0.08773413636363638,0.1618175,0.0835210980989521
2023-05-12,Energy,0.04727333333333334,0.2907571428571429,0.13026641272111655
2023-05-12,Financials,-0.01715,-0.04686666666666666,0.06761865791858478
2023-05-12,Healthcare,0.08510000000000001,0.38562777777777785,0.08723175852563247
2023-05-12,Industrials,0.0924,0.0,0.11117937516352695
2023-05-12,Materials,0.148,0.19445666666666667,0.06610844520030235
2023-05-12,RealEstate,0.31845,0.04404,0.0814069246031746
2023-05-12,Tech,0.095375,0.020914488636363634,0.11410579405651149
2023-05-12,Utilities,0.12914375,0.29835833333333334,0.14484777723995582
2023-05-15,Comm,0.02125566666666667,0.17863125000000002,0.0778124603593056
2023-05-15,Consumer,0.0807376923076923,0.08773413636363638,0.08840748554483954
2023-05-15,Energy,0.09718464646464646,0.04727333333333334,0.1277814524036562
2023-05-15,Financials,-0.08124590476190477,-0.01715,0.06411290997730298
2023-05-15,Healthcare,0.11460095238095239,0.08510000000000001,0.09724400342359167
2023-05-15,Industrials,0.15685,0.0924,0.10134604183019362
2023-05-15,Materials,0.10486964285714287,0.148,0.07364118329554045
2023-05-15,RealEstate,0.16914583333333333,0.31845,0.09779382936507935
2023-05-15,Tech,0.17601240259740258,0.095375,0.11636833921902094
2023-05-15,Utilities,0.2668166666666667,0.12914375,0.1424249796209082
2023-05-16,Comm,0.07770833333333334,0.02125566666666667,0.07740400004184528
2023-05-16,Consumer,0.07171818181818182,0.0807376923076923,0.08630937565472965
2023-05-16,Energy,0.0683,0.09718464646464646,0.12395929271149653
2023-05-16,Financials,0.03108590476190476,-0.08124590476190477,0.0575295292310651
2023-05-16,Healthcare,0.0088725,0.11460095238095239,0.10227266782268464
2023-05-16,Industrials,0.05296666666666667,0.15685,0.10134534738574917
2023-05-16,Materials,0.1517777777777778,0.10486964285714287,0.07484688057445202
2023-05-16,RealEstate,0.11315,0.16914583333333333,0.10000394841269841
2023-05-16,Tech,0.09343666666666667,0.17601240259740258,0.11543357380982695
2023-05-16,Utilities,0.23775000000000002,0.2668166666666667,0.14822942406535264
2023-05-17,Comm,0.008558333333333333,0.07770833333333334,0.08039741274025798
2023-05-17,Consumer,0.03990689393939394,0.07171818181818182,0.08740635590137376
2023-05-17,Energy,-0.03623933333333333,0.0683,0.12126870540990922
2023-05-17,Financials,0.077335,0.03108590476190476,0.053743489496808836
2023-05-17,Healthcare,-0.13154833333333332,0.0088725,0.09656615421724248
2023-05-17,Industrials,0.083225,0.05296666666666667,0.09827935532225711
2023-05-17,Materials,0.148,0.1517777777777778,0.06953391761148905
2023-05-17,RealEstate,0.11333333333333334,0.11315,0.10476168650793652
2023-05-17,Tech,0.14877263636363636,0.09343666666666667,0.11355892244928273
2023-05-17,Utilities,0.1247375,0.23775000000000002,0.15536900739868598
2023-05-18,Comm,0.029830000000000002,0.008558333333333333,0.07911280389672055
2023-05-18,Consumer,0.2522140972222222,0.03990689393939394,0.09089943928624285
2023-05-18,Energy,0.03355208333333334,-0.03623933333333333,0.11900403056623439
2023-05-18,Financials,0.077354,0.077335,0.052472303555765744
2023-05-18,Healthcare,0.0412,-0.13154833333333332,0.08533353516962341
2023-05-18,Industrials,0.024666666666666667,0.083225,0.09875554579844759
2023-05-18,Materials,0.0409375,0.148,0.06823272713529858
2023-05-18,RealEstate,0.09217291666666666,0.11333333333333334,0.10601228174603174
2023-05-18,Tech,0.11387083333333334,0.14877263636363636,0.10943133823984139
2023-05-18,Utilities,0.17556666666666665,0.1247375,0.1570726661288447
2023-05-19,Comm,0.25138666666666665,0.029830000000000002,0.07408084622476288
2023-05-19,Consumer,0.0792261337355455,0.2522140972222222,0.09810495185238043
2023-05-19,Energy,0.05865833333333335,0.03355208333333334,0.11168234405829788
2023-05-19,Financials,0.04697371794871795,0.077354,0.05047681749467465
2023-05-19,Healthcare,0.028155000000000006,0.0412,0.08212001322751324
2023-05-19,Industrials,0.0947,0.024666666666666667,0.09397360135400314
2023-05-19,Materials,0.0,0.0409375,0.06892922184429329
2023-05-19,RealEstate,0.0,0.09217291666666666,0.10669849206349206
2023-05-19,Tech,0.23859750000000002,0.11387083333333334,0.10804328268428584
2023-05-19,Utilities,0.1827,0.17556666666666665,0.1524799677161463
2023-05-22,Comm,-0.027434999999999994,0.25138666666666665,0.08545459062850728
2023-05-22,Consumer,0.044529469696969706,0.0792261337355455,0.09494770954349105
2023-05-22,Energy,0.17863541666666666,0.05865833333333335,0.10929754247099628
2023-05-22,Financials,0.05849142857142857,0.04697371794871795,0.05094519181876326
2023-05-22,Healthcare,0.0658892857142857,0.028155000000000006,0.07586537037037037
2023-05-22,Industrials,0.2014407738095238,0.0947,0.09445907754447933
2023-05-22,Materials,0.15072333333333332,0.0,0.06379243953136811
2023-05-22,RealEstate,0.159,0.0,0.10115414682539683
2023-05-22,Tech,0.02401346886446886,0.23859750000000002,0.1167487509382541
2023-05-22,Utilities,0.10899999999999999,0.1827,0.15556422168440026
2023-05-23,Comm,0.04056875,-0.027434999999999994,0.07407472049863717
2023-05-23,Consumer,-0.020525238095238096,0.044529469696969706,0.08991691331590912
2023-05-23,Energy,0.04081375,0.17863541666666666,0.1100553085184409
2023-05-23,Financials,0.15393666666666667,0.05849142857142857,0.04993585508406937
2023-05-23,Healthcare,0.1724541666666667,0.0658892857142857,0.07640781254724112
2023-05-23,Industrials,0.21075,0.2014407738095238,0.0962175270909646
2023-05-23,Materials,0.14597333333333332,0.15072333333333332,0.06934355064247921
2023-05-23,RealEstate,0.08045,0.159,0.1045926388888889
2023-05-23,Tech,0.23763,0.02401346886446886,0.11261954877533764
2023-05-23,Utilities,-0.3612,0.10899999999999999,0.16075469787487645
2023-05-24,Comm,0.08068333333333334,0.04056875,0.07730947493071302
2023-05-24,Consumer,0.01727333333333333,-0.020525238095238096,0.08047949721613587
2023-05-24,Energy,-0.029001785714285716,0.04081375,0.10676724755162995
2023-05-24,Financials,0.05431066666666666,0.15393666666666667,0.053307768710125866
2023-05-24,Healthcare,-0.03794666666666667,0.1724541666666667,0.07820245540438397
2023-05-24,Industrials,0.056196031746031744,0.21075,0.10272769574175825
2023-05-24,Materials,-0.074,0.14597333333333332,0.07340466175359033
2023-05-24,RealEstate,0.2897,0.08045,0.10032105158730158
2023-05-24,Tech,0.035610555555555555,0.23763,0.11124127364306251
2023-05-24,Utilities,0.1728,-0.3612,0.14001211545729403
2023-05-25,Comm,0.25936000000000003,0.08068333333333334,0.08210114159737969
2023-05-25,Consumer,0.076675,0.01727333333333333,0.07874987816851682
2023-05-25,Energy,0.021213222222222224,-0.029001785714285716,0.10119386319788844
2023-05-25,Financials,0.070185,0.05431066666666666,0.05625497938833654
2023-05-25,Healthcare,0.110065,-0.03794666666666667,0.06624900869236583
2023-05-25,Industrials,0.1388,0.056196031746031744,0.10245227347883598
2023-05-25,Materials,0.05147466666666667,-0.074,0.06882289304610734
2023-05-25,RealEstate,0.059500000000000004,0.2897,0.11031978174603176
2023-05-25,Tech,0.20089055256799937,0.035610555555555555,0.1010058125697443
2023-05-25,Utilities,0.04933333333333333,0.1728,0.14114449640967497
2023-05-26,Comm,0.2987266666666667,0.25936000000000003,0.09242092995716805
2023-05-26,Consumer,0.08024708333333333,0.076675,0.0767465077294321
2023-05-26,Energy,0.20208666666666666,0.021213222222222224,0.09493484997037521
2023-05-26,Financials,0.06063500000000001,0.070185,0.051684587853945
2023-05-26,Healthcare,0.12116500000000001,0.110065,0.07029972297808013
2023-05-26,Industrials,0.156225,0.1388,0.10187556216931218
2023-05-26,Materials,0.0657888888888889,0.05147466666666667,0.0715439486016629
2023-05-26,RealEstate,0.0,0.059500000000000004,0.11770589285714286
2023-05-26,Tech,0.13152178861788616,0.20089055256799937,0.1033096722158395
2023-05-26,Utilities,0.22503333333333334,0.04933333333333333,0.132644496409675
2023-05-30,Comm,0.004470833333333337,0.2987266666666667,0.10371371907281432
2023-05-30,Consumer,0.10615259740259742,0.08024708333333333,0.07998263868181306
2023-05-30,Energy,0.13275587301587302,0.20208666666666666,0.09981934997037521
2023-05-30,Financials,0.008882666666666667,0.06063500000000001,0.042641849758706905
2023-05-30,Healthcare,0.29069500000000004,0.12116500000000001,0.07145481084656084
2023-05-30,Industrials,0.08677916666666666,0.156225,0.10698032407407408
2023-05-30,Materials,0.22327111111111111,0.0657888888888889,0.07162945124716555
2023-05-30,RealEstate,0.15797,0.0,0.11621779761904762
2023-05-30,Tech,0.11756933572567782,0.13152178861788616,0.10548253516589756
2023-05-30,Utilities,0.11341666666666667,0.22503333333333334,0.13618290910808767
2023-05-31,Comm,0.12067499999999999,0.004470833333333337,0.10499575170068029
2023-05-31,Consumer,0.09165928571428572,0.10615259740259742,0.07420657189146056
2023-05-31,Energy,0.21463000000000002,0.13275587301587302,0.09378100665683604
2023-05-31,Financials,0.09111780952380952,0.008882666666666667,0.04288846200360487
2023-05-31,Healthcare,0.14073333333333332,0.29069500000000004,0.08694613737717309
2023-05-31,Industrials,0.08707916666666667,0.08677916666666666,0.10870036375661375
2023-05-31,Materials,0.15469999999999998,0.22327111111111111,0.07750426606198035
2023-05-31,RealEstate,0.2308,0.15797,0.11363859126984127
2023-05-31,Tech,0.10126848049052398,0.11756933572567782,0.10766122802358291
2023-05-31,Utilities,0.3891,0.11341666666666667,0.1377492583144369
2023-06-01,Comm,0.13070833333333334,0.12067499999999999,0.1107765850340136
2023-06-01,Consumer,0.1343916666666667,0.09165928571428572,0.07507600953318391
2023-06-01,Energy,0.20107333333333335,0.21463000000000002,0.10154276104280095
2023-06-01,Financials,0.045123636363636366,0.09111780952380952,0.05208118309204024
2023-06-01,Healthcare,-0.06024047619047619,0.14073333333333332,0.09020753647014362
2023-06-01,Industrials,0.13343833333333333,0.08707916666666667,0.10651931216931218
2023-06-01,Materials,-0.026754999999999994,0.15469999999999998,0.07882728193499623
2023-06-01,RealEstate,0.15113333333333334,0.2308,0.11862007275132276
2023-06-01,Tech,0.16287252252252254,0.10126848049052398,0.10720313223439397
2023-06-01,Utilities,0.20077333333333333,0.3891,0.15449640117157976
2023-06-02,Comm,-0.015148557692307689,0.13070833333333334,0.1144397596371882
2023-06-02,Consumer,-0.037142499999999995,0.1343916666666667,0.07878285080302518
2023-06-02,Energy,0.005070454545454543,0.20107333333333335,0.11006750027182591
2023-06-02,Financials,-0.004618214285714288,0.045123636363636366,0.050989374392802975
2023-06-02,Healthcare,0.11968571428571428,-0.06024047619047619,0.089332720143613
2023-06-02,Industrials,0.19516309523809525,0.13343833333333333,0.10789613756613757
2023-06-02,Materials,0.25546785714285714,-0.026754999999999994,0.07755323431594861
2023-06-02,RealEstate,0.043,0.15113333333333334,0.12369912037037037
2023-06-02,Tech,0.08822628571428573,0.16287252252252254,0.11237152616403788
2023-06-02,Utilities,0.2436,0.20077333333333333,0.15388481386999245
2023-06-05,Comm,0.10338833333333333,-0.015148557692307689,0.11020907435025291
2023-06-05,Consumer,0.009052641025641028,-0.037142499999999995,0.07123663056492995
2023-06-05,Energy,0.082553,0.005070454545454543,0.1075514334814734
2023-06-05,Financials,0.06754666666666667,-0.004618214285714288,0.04702360908668052
2023-06-05,Healthcare,0.0538,0.11968571428571428,0.09553948034769463
2023-06-05,Industrials,0.09764285714285714,0.19516309523809525,0.11112910241874528
2023-06-05,Materials,0.1798,0.25546785714285714,0.10520646560846562
2023-06-05,RealEstate,0.11005555555555556,0.043,0.125512876984127
2023-06-05,Tech,0.07863474025974027,0.08822628571428573,0.11014758915986558
2023-06-05,Utilities,0.08196,0.2436,0.1585914805366591
2023-06-06,Comm,0.1333225,0.10338833333333333,0.11582232831850689
2023-06-06,Consumer,0.1613516666666667,0.009052641025641028,0.07156766335753416
2023-06-06,Energy,0.011694222222222217,0.082553,0.10557044255176817
2023-06-06,Financials,0.15901933333333335,0.06754666666666667,0.04748091067398211
2023-06-06,Healthcare,0.22018095238095237,0.0538,0.0945566232048375
2023-06-06,Industrials,0.3511,0.09764285714285714,0.09784909958427815
2023-06-06,Materials,0.14220000000000002,0.1798,0.11511539417989419
2023-06-06,RealEstate,0.13066666666666665,0.11005555555555556,0.1267918716931217
2023-06-06,Tech,0.020368761904761903,0.07863474025974027,0.11109670415333772
2023-06-06,Utilities,0.0,0.08196,0.15997026360544217
2023-06-07,Comm,0.25762833333333335,0.1333225,0.10253451085818943
2023-06-07,Consumer,0.12403166666666668,0.1613516666666667,0.07587729827816908
2023-06-07,Energy,0.10962916666666667,0.011694222222222217,0.10277397694330258
2023-06-07,Financials,0.17646499999999998,0.15901933333333335,0.037073894800966234
2023-06-07,Healthcare,0.2577716666666666,0.22018095238095237,0.09842809712773998
2023-06-07,Industrials,0.13350833333333334,0.3511,0.12469552815570673
2023-06-07,Materials,0.16094999999999998,0.14220000000000002,0.12188682275132276
2023-06-07,RealEstate,0.4215,0.13066666666666665,0.12215885582010583
2023-06-07,Tech,0.16101533333333334,0.020368761904761903,0.111124649731569
2023-06-07,Utilities,0.4035166666666667,0.0,0.15462899376417233
2023-06-08,Comm,-0.07723055555555557,0.25762833333333335,0.1115888759375545
2023-06-08,Consumer,0.10710144444444444,0.12403166666666668,0.08096474725776093
2023-06-08,Energy,0.03468952380952381,0.10962916666666667,0.10137917242149384
2023-06-08,Financials,0.08072166666666666,0.17646499999999998,0.043173815435886866
2023-06-08,Healthcare,0.277517,0.2577716666666666,0.10494861300075586
2023-06-08,Industrials,0.11851666666666667,0.13350833333333334,0.12616814720332575
2023-06-08,Materials,0.028333333333333335,0.16094999999999998,0.11523503703703707
2023-06-08,RealEstate,0.054165,0.4215,0.13683853835978838
2023-06-08,Tech,0.11442140259740259,0.16101533333333334,0.11222310778145565
2023-06-08,Utilities,0.15345999999999999,0.4035166666666667,0.16170518424036281
2023-06-09,Comm,0.24594583333333336,-0.07723055555555557,0.1081074209110995
2023-06-09,Consumer,0.07775714285714286,0.10710144444444444,0.07924273667575032
2023-06-09,Energy,0.09743857142857143,0.03468952380952381,0.08698701822648251
2023-06-09,Financials,-0.008346590909090904,0.08072166666666666,0.05403712231419374
2023-06-09,Healthcare,0.035365,0.277517,0.11071648601662887
2023-06-09,Industrials,0.044430555555555556,0.11851666666666667,0.12194275037792897
2023-06-09,Materials,0.17,0.028333333333333335,0.11658424338624339
2023-06-09,RealEstate,0.18206666666666668,0.054165,0.12978449074074072
2023-06-09,Tech,0.06031517543859649,0.11442140259740259,0.11758036932150291
2023-06-09,Utilities,0.09582708333333334,0.15345999999999999,0.16159426587301587
2023-06-12,Comm,0.022477777777777777,0.24594583333333336,0.11473087329205187
2023-06-12,Consumer,0.09070455555555557,0.07775714285714286,0.08313856643329437
2023-06-12,Energy,0.055564999999999996,0.09743857142857143,0.08870322004054147
2023-06-12,Financials,0.05951555555555556,-0.008346590909090904,0.05242651367679939
2023-06-12,Healthcare,0.19989666666666667,0.035365,0.10948299395313682
2023-06-12,Industrials,0.15180625,0.044430555555555556,0.11980372921390779
2023-06-12,Materials,0.016700000000000007,0.17,0.11504614814814816
2023-06-12,RealEstate,0.224,0.18206666666666668,0.1390618716931217
2023-06-12,Tech,0.117506,0.06031517543859649,0.11530180624715035
2023-06-12,Utilities,0.16839166666666666,0.09582708333333334,0.1567473015873016
2023-06-13,Comm,0.12368541666666666,0.022477777777777777,0.10216723005698006
2023-06-13,Consumer,0.08649333333333334,0.09070455555555557,0.0797522357454637
2023-06-13,Energy,0.11525333333333335,0.055564999999999996,0.07750359419020134
2023-06-13,Financials,0.19952090909090908,0.05951555555555556,0.057492333782619504
2023-06-13,Healthcare,0.04371666666666668,0.19989666666666667,0.10063865532879819
2023-06-13,Industrials,0.095625,0.15180625,0.12703259826152685
2023-06-13,Materials,0.286275,0.016700000000000007,0.10658154497354498
2023-06-13,RealEstate,0.0,0.224,0.1476313955026455
2023-06-13,Tech,0.12919062184873947,0.117506,0.11990140202637113
2023-06-13,Utilities,0.07782666666666668,0.16839166666666666,0.1505584126984127
2023-06-14,Comm,0.2643833333333333,0.12368541666666666,0.0995507618030118
2023-06-14,Consumer,0.04352277777777778,0.08649333333333334,0.07969314988687784
2023-06-14,Energy,0.03523666666666667,0.11525333333333335,0.08074073704734419
2023-06-14,Financials,0.08405666666666667,0.19952090909090908,0.06780999612028184
2023-06-14,Healthcare,0.30043333333333333,0.04371666666666668,0.09866802040816326
2023-06-14,Industrials,0.19939500000000002,0.095625,0.12718616969009827
2023-06-14,Materials,0.3727666666666667,0.286275,0.1131660687830688
2023-06-14,RealEstate,0.204175,0.0,0.1324671097883598
2023-06-14,Tech,0.22483330384785494,0.12919062184873947,0.12151166973345395
2023-06-14,Utilities,0.4089583333333333,0.07782666666666668,0.14811474206349207
2023-06-15,Comm,0.09067833333333335,0.2643833333333333,0.11112826973951974
2023-06-15,Consumer,0.07783428571428572,0.04352277777777778,0.07792101109973905
2023-06-15,Energy,0.07012933333333334,0.03523666666666667,0.07779083324744039
2023-06-15,Financials,0.23430333333333336,0.08405666666666667,0.07568154714069
2023-06-15,Healthcare,-0.06827777777777777,0.30043333333333333,0.1075171814058957
2023-06-15,Industrials,0.09799791666666666,0.19939500000000002,0.12921212207105065
2023-06-15,Materials,0.09620999999999999,0.3727666666666667,0.12592306991685565
2023-06-15,RealEstate,0.14985,0.204175,0.13413516534391534
2023-06-15,Tech,0.13358736908253038,0.22483330384785494,0.12383647455490406
2023-06-15,Utilities,-0.041666666666666664,0.4089583333333333,0.15488339285714284
2023-06-16,Comm,0.13058666666666666,0.09067833333333335,0.11174588878713879
2023-06-16,Consumer,-0.009490000000000004,0.07783428571428572,0.07821225414241066
2023-06-16,Energy,0.09272,0.07012933333333334,0.0778779443585515
2023-06-16,Financials,0.12568380952380953,0.23430333333333336,0.08535856754885326
2023-06-16,Healthcare,0.05470166666666667,-0.06827777777777777,0.10384335865457293
2023-06-16,Industrials,0.150125,0.09799791666666666,0.13135646730914588
2023-06-16,Materials,0.2356,0.09620999999999999,0.123276985260771
2023-06-16,RealEstate,-0.24613333333333332,0.14985,0.1358827843915344
2023-06-16,Tech,0.1324245543478261,0.13358736908253038,0.1257484127651833
2023-06-16,Utilities,0.34970000000000007,-0.041666666666666664,0.1415778373015873
2023-06-20,Comm,0.10486200000000001,0.13058666666666666,0.1175567618030118
2023-06-20,Consumer,0.02933919047619047,-0.009490000000000004,0.07586002109767762
2023-06-20,Energy,0.085532,0.09272,0.08401886499347214
2023-06-20,Financials,0.10127937878787878,0.12568380952380953,0.08766089181189181
2023-06-20,Healthcare,0.09210357142857142,0.05470166666666667,0.11271240627362056
2023-06-20,Industrials,0.12289155844155844,0.150125,0.13454218159486014
2023-06-20,Materials,0.07100000000000001,0.2356,0.12744841383219954
2023-06-20,RealEstate,0.0,-0.24613333333333332,0.11876532407407407
2023-06-20,Tech,0.08854297872340426,0.1324245543478261,0.12496993266919232
2023-06-20,Utilities,-0.1314,0.34970000000000007,0.1522903373015873
2023-06-21,Comm,0.19656666666666667,0.10486200000000001,0.12112971418396419
2023-06-21,Consumer,0.12768600000000002,0.02933919047619047,0.06524693030024753
2023-06-21,Energy,0.03936,0.085532,0.08649409912045627
2023-06-21,Financials,0.11222750000000001,0.10127937878787878,0.08880019556369556
2023-06-21,Healthcare,0.16984933333333332,0.09210357142857142,0.1151363858654573
2023-06-21,Industrials,-0.10361869047619046,0.12289155844155844,0.13921955739366454
2023-06-21,Materials,0.1680625,0.07100000000000001,0.12887996145124717
2023-06-21,RealEstate,0.0,0.0,0.11437613756613756
2023-06-21,Tech,0.0010769000000000028,0.08854297872340426,0.1237638443544338
2023-06-21,Utilities,0.21825555555555556,-0.1314,0.137672876984127
2023-06-22,Comm,0.32592,0.19656666666666667,0.11851923799348799
2023-06-22,Consumer,0.04313142857142858,0.12768600000000002,0.06755454297950728
2023-06-22,Energy,0.03054459595959596,0.03936,0.085575130866488
2023-06-22,Financials,0.20255238095238093,0.11222750000000001,0.09190751851851851
2023-06-22,Healthcare,0.07414000000000001,0.16984933333333332,0.1218837350718065
2023-06-22,Industrials,0.037312500000000005,-0.10361869047619046,0.12977581022813164
2023-06-22,Materials,0.07558333333333332,0.1680625,0.13688293764172338
2023-06-22,RealEstate,0.046345000000000004,0.0,0.11437613756613756
2023-06-22,Tech,0.09655476190476191,0.0010769000000000028,0.11245333959252904
2023-06-22,Utilities,0.289875,0.21825555555555556,0.1393659986772487
2023-06-23,Comm,0.07922499999999999,0.32592,0.13534566656491656
2023-06-23,Consumer,0.04139742857142857,0.04313142857142858,0.06748796959257673
2023-06-23,Energy,0.08087,0.03054459595959596,0.07852318702329417
2023-06-23,Financials,-0.014856666666666666,0.20255238095238093,0.09876756386999244
2023-06-23,Healthcare,0.17212333333333332,0.07414000000000001,0.1222766262282691
2023-06-23,Industrials,0.08075,0.037312500000000005,0.12196017814196385
2023-06-23,Materials,0.024666666666666667,0.07558333333333332,0.13330484240362814
2023-06-23,RealEstate,0.11247666666666664,0.046345000000000004,0.10901161375661376
2023-06-23,Tech,0.144575873015873,0.09655476190476191,0.11590768688016204
2023-06-23,Utilities,0.19664166666666666,0.289875,0.14797909391534392
2023-06-26,Comm,0.12835722222222223,0.07922499999999999,0.1371864403744404
2023-06-26,Consumer,0.15391238095238097,0.04139742857142857,0.07043666800527515
2023-06-26,Energy,0.05300933333333333,0.08087,0.08043062749948464
2023-06-26,Financials,0.11246169696969696,-0.014856666666666666,0.09072978609221466
2023-06-26,Healthcare,0.11287116666666666,0.17212333333333332,0.12226087226001511
2023-06-26,Industrials,0.21286190476190478,0.08075,0.11576970195148767
2023-06-26,Materials,0.0903,0.024666666666666667,0.1275283344671202
2023-06-26,RealEstate,0.19596249999999998,0.11247666666666664,0.11053669312169312
2023-06-26,Tech,0.16265189898989899,0.144575873015873,0.11147653797615599
2023-06-26,Utilities,0.31494666666666665,0.19664166666666666,0.1745429828042328
2023-06-27,Comm,0.176568,0.12835722222222223,0.13945662555962557
2023-06-27,Consumer,0.11427333333333331,0.15391238095238097,0.0769432893204679
2023-06-27,Energy,0.10251777777777778,0.05300933333333333,0.0843359188827046
2023-06-27,Financials,0.231605,0.11246169696969696,0.09349888277331135
2023-06-27,Healthcare,0.16084166666666666,0.11287116666666666,0.12944267384731672
2023-06-27,Industrials,0.03852777777777778,0.21286190476190478,0.1232299816189102
2023-06-27,Materials,0.12264,0.0903,0.13535214399092974
2023-06-27,RealEstate,0.33015,0.19596249999999998,0.10607300264550264
2023-06-27,Tech,0.1872056666666667,0.16265189898989899,0.11752612575874377
2023-06-27,Utilities,0.23006500000000002,0.31494666666666665,0.1813118716931217
2023-06-28,Comm,0.03368750000000001,0.176568,0.13551414936914938
2023-06-28,Consumer,0.10723866666666668,0.11427333333333331,0.07873368614586472
2023-06-28,Energy,0.14015,0.10251777777777778,0.0882075643853501
2023-06-28,Financials,-0.10867057575757574,0.231605,0.10118554943997801
2023-06-28,Healthcare,0.12248,0.16084166666666666,0.13186061035525323
2023-06-28,Industrials,0.09438333333333333,0.03852777777777778,0.11845511389404247
2023-06-28,Materials,0.2566125,0.12264,0.1387409693877551
2023-06-28,RealEstate,0.14466666666666667,0.33015,0.11896109788359789
2023-06-28,Tech,0.06356904034272758,0.1872056666666667,0.11687446452534699
2023-06-28,Utilities,0.09106666666666667,0.23006500000000002,0.18991814153439154
2023-06-29,Comm,0.05051666666666666,0.03368750000000001,0.12289323667073668
2023-06-29,Consumer,0.0024686666666666754,0.10723866666666668,0.08001899963792822
2023-06-29,Energy,0.08233920454545454,0.14015,0.08525819930598502
2023-06-29,Financials,0.06394684537684538,-0.10867057575757574,0.09312337916580773
2023-06-29,Healthcare,0.24358250000000004,0.12248,0.13192322940287227
2023-06-29,Industrials,0.0595875,0.09438333333333333,0.1155102726242012
2023-06-29,Materials,0.03507333333333334,0.2566125,0.14782780801209375
2023-06-29,RealEstate,0.23190000000000002,0.14466666666666667,0.12584998677248677
2023-06-29,Tech,0.08187301785714288,0.06356904034272758,0.11363861936938704
2023-06-29,Utilities,0.20905,0.09106666666666667,0.18353877645502645
2023-06-30,Comm,-0.05664444444444444,0.05051666666666666,0.1250858954008954
2023-06-30,Consumer,0.09908491758241758,0.0024686666666666754,0.0750816696028839
2023-06-30,Energy,0.017703000000000003,0.08233920454545454,0.08285740556929844
2023-06-30,Financials,-0.004591666666666672,0.06394684537684538,0.09574548291391147
2023-06-30,Healthcare,0.009564166666666669,0.24358250000000004,0.12967977702191988
2023-06-30,Industrials,0.1541875,0.0595875,0.11421543135435992
2023-06-30,Materials,-0.1858,0.03507333333333334,0.1388660090702948
2023-06-30,RealEstate,0.018575,0.23190000000000002,0.12937046296296295
2023-06-30,Tech,0.051834301075268804,0.08187301785714288,0.1119387947089806
2023-06-30,Utilities,0.16813,0.20905,0.1880927447089947
2023-07-03,Comm,0.14625333333333332,-0.05664444444444444,0.11664211233211234
2023-07-03,Consumer,0.07753571428571429,0.09908491758241758,0.07543527112041398
2023-07-03,Energy,0.10649,0.017703000000000003,0.07347992937882224
2023-07-03,Financials,0.06760329581529581,-0.004591666666666672,0.09118788880960309
2023-07-03,Healthcare,0.16950533333333334,0.009564166666666669,0.12343362622826907
2023-07-03,Industrials,0.11665541666666666,0.1541875,0.11741106627499485
2023-07-03,Materials,0.03777777777777778,-0.1858,0.12265172335600909
2023-07-03,RealEstate,0.19841499999999998,0.018575,0.11926451058201058
2023-07-03,Tech,0.30290447619047617,0.051834301075268804,0.10958478616539702
2023-07-03,Utilities,0.18412777777777778,0.16813,0.17757036375661375
2023-07-05,Comm,0.27427291666666664,0.14625333333333332,0.11738235042735042
2023-07-05,Consumer,0.093782,0.07753571428571429,0.07272784481655911
2023-07-05,Energy,0.05684890109890111,0.10649,0.06897596112485398
2023-07-05,Financials,0.14094055555555557,0.06760329581529581,0.09225834878349165
2023-07-05,Healthcare,0.24311333333333335,0.16950533333333334,0.13437390287226
2023-07-05,Industrials,0.25317673076923075,0.11665541666666666,0.11661187976705835
2023-07-05,Materials,0.15653333333333333,0.03777777777777778,0.12572471277399852
2023-07-05,RealEstate,0.28352222222222223,0.19841499999999998,0.12151601851851852
2023-07-05,Tech,0.14558209523809523,0.30290447619047617,0.1162529744352996
2023-07-05,Utilities,0.32635000000000003,0.18412777777777778,0.17677771825396826
2023-07-06,Comm,0.12168000000000001,0.27427291666666664,0.1311643253968254
2023-07-06,Consumer,0.05473309523809524,0.093782,0.0789623448165591
2023-07-06,Energy,0.16027809523809525,0.05684890109890111,0.07144160143692287
2023-07-06,Financials,0.11442809523809523,0.14094055555555557,0.09918971877593308
2023-07-06,Healthcare,0.3386541666666667,0.24311333333333335,0.14025140854119425
2023-07-06,Industrials,0.06319,0.25317673076923075,0.11937443383996957
2023-07-06,Materials,0.074,0.15653333333333333,0.12101354497354497
2023-07-06,RealEstate,0.09404666666666665,0.28352222222222223,0.13296945767195767
2023-07-06,Tech,0.02953605838605839,0.14558209523809523,0.11898420346024291
2023-07-06,Utilities,0.17359733333333333,0.32635000000000003,0.18071819444444448
2023-07-07,Comm,0.14504083333333334,0.12168000000000001,0.13203535714285713
2023-07-07,Consumer,0.11410333333333333,0.05473309523809524,0.08113760454096168
2023-07-07,Energy,-0.005559047619047611,0.16027809523809525,0.07514279644826075
2023-07-07,Financials,0.04714533333333334,0.11442809523809523,0.10142216775552489
2023-07-07,Healthcare,0.10098,0.3386541666666667,0.15381589266817838
2023-07-07,Industrials,-0.04826874999999999,0.06319,0.1177338215950716
2023-07-07,Materials,0.07056,0.074,0.11597544973544976
2023-07-07,RealEstate,0.0252875,0.09404666666666665,0.13220712962962963
2023-07-07,Tech,0.010512500000000003,0.02953605838605839,0.11664617099006758
2023-07-07,Utilities,0.24284444444444445,0.17359733333333333,0.18508187698412698
2023-07-10,Comm,0.047412499999999996,0.14504083333333334,0.132593373015873
2023-07-10,Consumer,0.03842547619047619,0.11410333333333333,0.07888768390604105
2023-07-10,Energy,0.07794799999999999,-0.005559047619047611,0.07432121217010502
2023-07-10,Financials,0.010548666666666668,0.04714533333333334,0.09609483442219156
2023-07-10,Healthcare,0.09408571428571429,0.10098,0.14813965684051397
2023-07-10,Industrials,0.06498095238095239,-0.04826874999999999,0.09871626207126208
2023-07-10,Materials,0.3281,0.07056,0.11256402116402117
2023-07-10,RealEstate,0.2540166666666667,0.0252875,0.12718907407407407
2023-07-10,Tech,0.12032349282296653,0.010512500000000003,0.11617682518507892
2023-07-10,Utilities,0.19278000000000003,0.24284444444444445,0.19664589814814817
2023-07-11,Comm,0.115675,0.047412499999999996,0.12258309523809523
2023-07-11,Consumer,0.1483045,0.03842547619047619,0.07481119864527008
2023-07-11,Energy,-0.04340309523809523,0.07794799999999999,0.07281258518597804
2023-07-11,Financials,0.10374166666666666,0.010548666666666668,0.08819405664441378
2023-07-11,Healthcare,-0.019299999999999998,0.09408571428571429,0.14034508767951626
2023-07-11,Industrials,0.1396375,0.06498095238095239,0.09545305345448203
2023-07-11,Materials,0.057440000000000005,0.3281,0.120523544973545
2023-07-11,RealEstate,0.1909,0.2540166666666667,0.11921367724867725
2023-07-11,Tech,0.1353016446886447,0.12032349282296653,0.11423911849410906
2023-07-11,Utilities,0.22027166666666664,0.19278000000000003,0.1866108187830688
2023-07-12,Comm,0.10722533333333333,0.115675,0.13176907407407407
2023-07-12,Consumer,0.17792113636363638,0.1483045,0.07677324890982035
2023-07-12,Energy,0.06690533333333334,-0.04340309523809523,0.06909388904085334
2023-07-12,Financials,0.05455066666666666,0.10374166666666666,0.08929024712060427
2023-07-12,Healthcare,0.29226833333333335,-0.019299999999999998,0.12621094482237338
2023-07-12,Industrials,0.03338333333333333,0.1396375,0.096458807422736
2023-07-12,Materials,0.10863,0.057440000000000005,0.12190957671957674
2023-07-12,RealEstate,0.1755,0.1909,0.12572486772486774
2023-07-12,Tech,0.12270209523809524,0.1353016446886447,0.11523341573654915
2023-07-12,Utilities,0.09106666666666667,0.22027166666666664,0.18979232671957671
2023-07-13,Comm,0.10935833333333334,0.10722533333333333,0.12516333597883594
2023-07-13,Consumer,0.1847499010989011,0.17792113636363638,0.08154296288632004
2023-07-13,Energy,0.15996761904761905,0.06690533333333334,0.06763992532203247
2023-07-13,Financials,-0.008363055555555554,0.05455066666666666,0.09228535462421178
2023-07-13,Healthcare,0.10664166666666668,0.29226833333333335,0.13844443688586544
2023-07-13,Industrials,0.10622916666666667,0.03338333333333333,0.09593274922167781
2023-07-13,Materials,0.0,0.10863,0.1189871957671958
2023-07-13,RealEstate,0.15039583333333334,0.1755,0.12541216931216934
2023-07-13,Tech,0.17219555555555557,0.12270209523809524,0.11820422144128721
2023-07-13,Utilities,0.0562,0.09106666666666667,0.1895656402116402
2023-07-14,Comm,0.09681127450980392,0.10935833333333334,0.12930050529100529
2023-07-14,Consumer,0.16024290909090907,0.1847499010989011,0.08602131267409839
2023-07-14,Energy,0.10779676923076922,0.15996761904761905,0.07261147861001432
2023-07-14,Financials,0.0233518888888889,-0.008363055555555554,0.08905303980939695
2023-07-14,Healthcare,0.09642,0.10664166666666668,0.13400372260015117
2023-07-14,Industrials,0.09048333333333335,0.10622916666666667,0.0937624119200905
2023-07-14,Materials,0.0,0.0,0.1181919576719577
2023-07-14,RealEstate,0.0416875,0.15039583333333334,0.12190720899470898
2023-07-14,Tech,0.13538973076923078,0.17219555555555557,0.12080848599155176
2023-07-14,Utilities,0.19321666666666668,0.0562,0.1842231798941799
2023-07-17,Comm,-0.0886042735042735,0.09681127450980392,0.1280207842359166
2023-07-17,Consumer,0.04559927272727273,0.16024290909090907,0.08953319723398295
2023-07-17,Energy,0.17288583333333332,0.10779676923076922,0.07225640412893986
2023-07-17,Financials,0.04880962656641604,0.0233518888888889,0.080664038847396
2023-07-17,Healthcare,0.08543200000000001,0.09642,0.1365134051398337
2023-07-17,Industrials,0.013412500000000004,0.09048333333333335,0.09351757065024924
2023-07-17,Materials,0.03720000000000001,0.0,0.10455981481481484
2023-07-17,RealEstate,0.20958133333333331,0.0416875,0.12389232804232804
2023-07-17,Tech,0.12574874725274726,0.13538973076923078,0.12110368165443228
2023-07-17,Utilities,0.0937375,0.19321666666666668,0.1897179417989418
2023-07-18,Comm,0.06873212121212122,-0.0886042735042735,0.11121185057698293
2023-07-18,Consumer,0.04977095238095239,0.04559927272727273,0.08963207794586367
2023-07-18,Energy,-0.024509333333333334,0.17288583333333332,0.07881112635116205
2023-07-18,Financials,0.15342591991341992,0.04880962656641604,0.07898560836643168
2023-07-18,Healthcare,0.12676,0.08543200000000001,0.12627524640967497
2023-07-18,Industrials,0.27757916666666665,0.013412500000000004,0.08466126112643971
2023-07-18,Materials,0.025460000000000003,0.03720000000000001,0.08858044973544975
2023-07-18,RealEstate,0.07444333333333333,0.20958133333333331,0.12414977248677248
2023-07-18,Tech,0.27812781159420286,0.12574874725274726,0.11638536943561764
2023-07-18,Utilities,0.26611999999999997,0.0937375,0.17470742592592592
2023-07-19,Comm,0.17794411764705884,0.06873212121212122,0.1101667928569252
2023-07-19,Consumer,0.168018,0.04977095238095239,0.08829572873951445
2023-07-19,Energy,0.0264,-0.024509333333333334,0.07430452317655889
2023-07-19,Financials,0.1226672103174603,0.15342591991341992,0.07513430296548342
2023-07-19,Healthcare,-0.011843333333333322,0.12676,0.13556275963718822
2023-07-19,Industrials,0.19642232142857144,0.27757916666666665,0.0932127492216778
2023-07-19,Materials,0.0,0.025460000000000003,0.08521140211640213
2023-07-19,RealEstate,0.19180000000000003,0.07444333333333333,0.12055897883597884
2023-07-19,Tech,0.20007999999999998,0.27812781159420286,0.12326824765045918
2023-07-19,Utilities,-0.0143,0.26611999999999997,0.18936393386243386
2023-07-20,Comm,-0.002319999999999997,0.17794411764705884,0.11242190957027723
2023-07-20,Consumer,0.08856657142857141,0.168018,0.09674849064427636
2023-07-20,Energy,0.10256666666666667,0.0264,0.07114642793846365
2023-07-20,Financials,0.11344249999999997,0.1226672103174603,0.0749906553842287
2023-07-20,Healthcare,0.005414999999999992,-0.011843333333333322,0.13239395011337868
2023-07-20,Industrials,-0.03149999999999999,0.19642232142857144,0.09541738357541929
2023-07-20,Materials,0.17839166666666664,0.0,0.07399235449735451
2023-07-20,RealEstate,-0.016860952380952386,0.19180000000000003,0.1414129470899471
2023-07-20,Tech,0.0767508986013986,0.20007999999999998,0.12648993553865795
2023-07-20,Utilities,0.38201111111111113,-0.0143,0.17203060052910052
2023-07-21,Comm,0.09856333333333334,-0.002319999999999997,0.10731800480837245
2023-07-21,Consumer,0.024183333333333334,0.08856657142857141,0.09956884211819925
2023-07-21,Energy,0.04346671014492754,0.10256666666666667,0.07195760254163826
2023-07-21,Financials,0.10890333333333332,0.11344249999999997,0.07556985163242494
2023-07-21,Healthcare,-0.04343878787878787,0.005414999999999992,0.12826592290249433
2023-07-21,Industrials,0.09700625,-0.03149999999999999,0.08806540460201176
2023-07-21,Materials,-0.04404,0.17839166666666664,0.07910624338624339
2023-07-21,RealEstate,0.18051666666666666,-0.016860952380952386,0.14061004459561602
2023-07-21,Tech,0.05638270707070707,0.0767508986013986,0.12592840791380053
2023-07-21,Utilities,0.0969,0.38201111111111113,0.19647874867724868
2023-07-24,Comm,0.049916666666666665,0.09856333333333334,0.10265117941154706
2023-07-24,Consumer,0.09733621428571429,0.024183333333333334,0.09464014370550086
2023-07-24,Energy,0.17202599999999998,0.04346671014492754,0.07215316016758719
2023-07-24,Financials,0.09809236363636364,0.10890333333333332,0.0754115579816313
2023-07-24,Healthcare,0.08833566666666667,-0.04343878787878787,0.11810934570191714
2023-07-24,Industrials,0.22409374999999998,0.09700625,0.09761897319611605
2023-07-24,Materials,0.11122785714285714,-0.04404,0.06900612433862435
2023-07-24,RealEstate,0.25472333333333336,0.18051666666666666,0.14920607634164776
2023-07-24,Tech,0.17272381818181817,0.05638270707070707,0.1285620177743104
2023-07-24,Utilities,0.06353333333333333,0.0969,0.1906999126984127
2023-07-25,Comm,-0.06716766666666668,0.049916666666666665,0.0895081635385312
2023-07-25,Consumer,0.06537314285714285,0.09733621428571429,0.0972213239776097
2023-07-25,Energy,0.05407333333333334,0.17202599999999998,0.0788903698837969
2023-07-25,Financials,0.11351977777777778,0.09809236363636364,0.07043727144277331
2023-07-25,Healthcare,0.041480333333333334,0.08833566666666667,0.11878532982890125
2023-07-25,Industrials,0.027682667876588032,0.22409374999999998,0.10651331843421129
2023-07-25,Materials,0.09776893939393938,0.11122785714285714,0.07070348261526835
2023-07-25,RealEstate,0.08721999999999999,0.25472333333333336,0.15912885411942554
2023-07-25,Tech,0.019382809523809524,0.17272381818181817,0.13218911569226546
2023-07-25,Utilities,0.173956,0.06353333333333333,0.1799217380952381
2023-07-26,Comm,0.202827,-0.06716766666666668,0.08253708417345182
2023-07-26,Consumer,0.1706915087719298,0.06537314285714285,0.09836302465788181
2023-07-26,Energy,0.07971600000000001,0.05407333333333334,0.07761433813776517
2023-07-26,Financials,0.08693066666666667,0.11351977777777778,0.07655043546393735
2023-07-26,Healthcare,-0.052292000000000005,0.041480333333333334,0.11256423459080603
2023-07-26,Industrials,-0.07982020833333332,0.027682667876588032,0.10398630261881073
2023-07-26,Materials,0.0013850000000000008,0.09776893939393938,0.07418454322132895
2023-07-26,RealEstate,0.06558666666666667,0.08721999999999999,0.15792615570672713
2023-07-26,Tech,0.07270494755244755,0.019382809523809524,0.12622754124026242
2023-07-26,Utilities,0.43438333333333334,0.173956,0.17884146825396824
2023-07-27,Comm,0.032108333333333336,0.202827,0.08608326406763171
2023-07-27,Consumer,0.15885972222222222,0.1706915087719298,0.09916203074452697
2023-07-27,Energy,-0.030507777777777783,0.07971600000000001,0.07888608416951119
2023-07-27,Financials,0.1327895238095238,0.08693066666666667,0.07533467211617399
2023-07-27,Healthcare,0.2182039732142857,-0.052292000000000005,0.10469932189239332
2023-07-27,Industrials,0.2010175,-0.07982020833333332,0.0900490591380851
2023-07-27,Materials,0.02511875,0.0013850000000000008,0.06995049560228132
2023-07-27,RealEstate,0.15286,0.06558666666666667,0.15171778269085412
2023-07-27,Tech,0.07864740919867237,0.07270494755244755,0.12194435307657428
2023-07-27,Utilities,0.03963714285714286,0.43438333333333334,0.18452892857142858
2023-07-28,Comm,0.18283333333333335,0.032108333333333336,0.07920423232159995
2023-07-28,Consumer,0.09444642857142857,0.15885972222222222,0.10128519212018837
2023-07-28,Energy,0.29128,-0.030507777777777783,0.07255153390496091
2023-07-28,Financials,0.0746110119047619,0.1327895238095238,0.07062917324996085
2023-07-28,Healthcare,-0.029596666666666653,0.2182039732142857,0.10743086029942281
2023-07-28,Industrials,-0.007356250000000002,0.2010175,0.09778666495819092
2023-07-28,Materials,0.2732,0.02511875,0.06530662655466228
2023-07-28,RealEstate,0.2247866666666667,0.15286,0.14327540173847314
2023-07-28,Tech,0.2580620996860282,0.07864740919867237,0.11677491224476502
2023-07-28,Utilities,0.033716666666666666,0.03963714285714286,0.17546093537414964
2023-07-31,Comm,0.1464236931818182,0.18283333333333335,0.0863064148612825
2023-07-31,Consumer,0.11187411111111109,0.09444642857142857,0.10067603792517704
2023-07-31,Energy,0.29540176190476186,0.29128,0.07974820057162758
2023-07-31,Financials,0.04361562770562771,0.0746110119047619,0.07935686790054836
2023-07-31,Healthcare,0.15817777777777778,-0.029596666666666653,0.10018911426767677
2023-07-31,Industrials,0.08997673913043477,-0.007356250000000002,0.09294192289469885
2023-07-31,Materials,0.0,0.2732,0.06609650750704324
2023-07-31,RealEstate,0.12699375000000002,0.2247866666666667,0.14709063983371126
2023-07-31,Tech,0.19268152777777778,0.2580620996860282,0.1260364864992079
2023-07-31,Utilities,0.3491,0.033716666666666666,0.17272998299319728
2023-08-01,Comm,0.30484485714285714,0.1464236931818182,0.09087341612390876
2023-08-01,Consumer,0.118555,0.11187411111111109,0.10588582099396009
2023-08-01,Energy,0.186396,0.29540176190476186,0.0898940366363565
2023-08-01,Financials,0.049138333333333326,0.04361562770562771,0.07838871467810941
2023-08-01,Healthcare,0.3291913194444444,0.15817777777777778,0.09612222273328525
2023-08-01,Industrials,0.08856634615384615,0.08997673913043477,0.09438902951995765
2023-08-01,Materials,0.2106,0.0,0.0644263487768845
2023-08-01,RealEstate,0.08504,0.12699375000000002,0.14209510411942555
2023-08-01,Tech,0.20948194117647062,0.19268152777777778,0.13131308220971433
2023-08-01,Utilities,0.09626,0.3491,0.1793990306122449
2023-08-02,Comm,0.10379333333333333,0.30484485714285714,0.10808719238997076
2023-08-02,Consumer,0.0003186904761904731,0.118555,0.10681296777574974
2023-08-02,Energy,0.06764,0.186396,0.09792703663635652
2023-08-02,Financials,0.08076857142857144,0.049138333333333326,0.08094728610668084
2023-08-02,Healthcare,0.17021339285714285,0.3291913194444444,0.11134256334175084
2023-08-02,Industrials,0.07438362745098039,0.08856634615384615,0.0912642126701408
2023-08-02,Materials,0.05439333333333334,0.2106,0.08330253925307497
2023-08-02,RealEstate,0.1345633333333333,0.08504,0.14526010411942555
2023-08-02,Tech,0.04898979823813584,0.20948194117647062,0.13882011269072395
2023-08-02,Utilities,0.012009999999999998,0.09626,0.17597664965986395
2023-08-03,Comm,0.05863476190476191,0.10379333333333333,0.106065287628066
2023-08-03,Consumer,0.01407633333333333,0.0003186904761904731,0.10313596664196287
2023-08-03,Energy,0.05658571428571428,0.06764,0.09607703663635651
2023-08-03,Financials,0.10448333333333333,0.08076857142857144,0.0815742039930273
2023-08-03,Healthcare,0.09409427777777779,0.17021339285714285,0.11137628046193226
2023-08-03,Industrials,0.11938333333333334,0.07438362745098039,0.0892512703265367
2023-08-03,Materials,0.044475,0.05439333333333334,0.0840937561842919
2023-08-03,RealEstate,0.03721666666666666,0.1345633333333333,0.14221954856387
2023-08-03,Tech,0.05921790043290043,0.04898979823813584,0.1267289375501363
2023-08-03,Utilities,0.07632333333333333,0.012009999999999998,0.1677805650037793
2023-08-04,Comm,0.016595,0.05863476190476191,0.09579680406797528
2023-08-04,Consumer,0.07977000000000001,0.01407633333333333,0.09934045870545495
2023-08-04,Energy,-0.06289583333333333,0.05658571428571428,0.09606450393096667
2023-08-04,Financials,0.05584666666666667,0.10448333333333333,0.0798381457919691
2023-08-04,Healthcare,-0.03766533333333334,0.09409427777777779,0.10428013495928676
2023-08-04,Industrials,0.14387083333333334,0.11938333333333334,0.08288015616292253
2023-08-04,Materials,0.0,0.044475,0.0787576450731808
2023-08-04,RealEstate,-0.08166000000000001,0.03721666666666666,0.130490712585034
2023-08-04,Tech,0.06560716666666667,0.05921790043290043,0.12261635684512702
2023-08-04,Utilities,0.100984,0.07632333333333333,0.15587453325774753
2023-08-07,Comm,0.08163000000000001,0.016595,0.09079275644892768
2023-08-07,Consumer,0.075559,0.07977000000000001,0.10053269226554566
2023-08-07,Energy,0.10547083333333333,-0.06289583333333333,0.08543717399899388
2023-08-07,Financials,-0.03905933333333332,0.05584666666666667,0.07704855395523441
2023-08-07,Healthcare,0.11333333333333333,-0.03766533333333334,0.08636015876881056
2023-08-07,Industrials,0.0734125,0.14387083333333334,0.08672210060736697
2023-08-07,Materials,0.0,0.0,0.07523383554937128
2023-08-07,RealEstate,0.014333333333333333,-0.08166000000000001,0.12212372845804989
2023-08-07,Tech,0.04432166666666667,0.06560716666666667,0.12433402866801314
2023-08-07,Utilities,0.091735,0.100984,0.15241675547996977
2023-08-08,Comm,0.19585277777777776,0.08163000000000001,0.08777319295686417
2023-08-08,Consumer,0.11314619047619048,0.075559,0.0986972478211012
2023-08-08,Energy,0.27461041666666663,0.10547083333333333,0.09072431118720249
2023-08-08,Financials,-0.06663933333333334,-0.03905933333333332,0.07294356982825027
2023-08-08,Healthcare,0.19872,0.11333333333333333,0.08694841273706452
2023-08-08,Industrials,0.07704375,0.0734125,0.09251644584546222
2023-08-08,Materials,0.0258,0.0,0.07187383554937127
2023-08-08,RealEstate,0.0,0.014333333333333333,0.12160210147392292
2023-08-08,Tech,0.12280142857142858,0.04432166666666667,0.12594398898547346
2023-08-08,Utilities,0.051699999999999996,0.091735,0.14522106764928194
2023-08-09,Comm,-0.036699166666666665,0.19585277777777776,0.09484177761294883
2023-08-09,Consumer,0.04983663157894737,0.11314619047619048,0.1022553770728019
2023-08-09,Energy,-0.019293333333333336,0.27461041666666663,0.10008918817132947
2023-08-09,Financials,0.08428552380952381,-0.06663933333333334,0.06926795078063124
2023-08-09,Healthcare,0.2426286666666667,0.19872,0.09193099777107813
2023-08-09,Industrials,0.15284555555555554,0.07704375,0.09309086477970258
2023-08-09,Materials,0.21476666666666666,0.0258,0.05747859745413318
2023-08-09,RealEstate,-0.03062,0.0,0.10950606972789116
2023-08-09,Tech,0.13290449999999998,0.12280142857142858,0.1260619859258764
2023-08-09,Utilities,0.23204999999999998,0.051699999999999996,0.1385029724111867
2023-08-10,Comm,-0.0229375,-0.036699166666666665,0.08758586491453613
2023-08-10,Consumer,0.06713083333333333,0.04983663157894737,0.09756643095751368
2023-08-10,Energy,0.2552375,-0.019293333333333336,0.10123727207155624
2023-08-10,Financials,0.130885,0.08428552380952381,0.06834146778743395
2023-08-10,Healthcare,0.22905333333333333,0.2426286666666667,0.10440379142187178
2023-08-10,Industrials,-0.04013333333333333,0.15284555555555554,0.09371981980615761
2023-08-10,Materials,0.04404,0.21476666666666666,0.0649703434858792
2023-08-10,RealEstate,0.326865,-0.03062,0.09895749829931971
2023-08-10,Tech,0.05378964705882353,0.13290449999999998,0.1259478361787981
2023-08-10,Utilities,0.09966,0.23204999999999998,0.1390638454270597
2023-08-11,Comm,0.1665333333333333,-0.0229375,0.08138763475580597
2023-08-11,Consumer,0.07658003418803419,0.06713083333333333,0.09229070224178496
2023-08-11,Energy,0.14817305494505492,0.2552375,0.11020547048425465
2023-08-11,Financials,0.19431666666666667,0.130885,0.0719764360414022
2023-08-11,Healthcare,0.068855,0.22905333333333333,0.10139355332663369
2023-08-11,Industrials,0.07416625,-0.04013333333333333,0.09021902615536395
2023-08-11,Materials,0.29973333333333335,0.04404,0.06189462920016492
2023-08-11,RealEstate,0.156225,0.326865,0.10616535544217687
2023-08-11,Tech,0.1464437037037037,0.05378964705882353,0.12266629102740419
2023-08-11,Utilities,0.20358333333333334,0.09966,0.13947305177626607
2023-08-14,Comm,0.09028958333333334,0.1665333333333333,0.08411025380342503
2023-08-14,Consumer,0.05843190476190476,0.07658003418803419,0.08713975619841034
2023-08-14,Energy,0.1786311111111111,0.14817305494505492,0.10964382457460872
2023-08-14,Financials,0.08976938461538461,0.19431666666666667,0.08162785138531754
2023-08-14,Healthcare,0.188395,0.068855,0.0995941882472686
2023-08-14,Industrials,0.07925,0.07416625,0.0886922205998084
2023-08-14,Materials,0.21382222222222222,0.29973333333333335,0.0761676450731808
2023-08-14,RealEstate,0.06265833333333333,0.156225,0.10644293480725625
2023-08-14,Tech,0.13544012987012988,0.1464437037037037,0.12144001236779219
2023-08-14,Utilities,0.4170333333333333,0.20358333333333334,0.14649130574452002
2023-08-15,Comm,0.05727083333333333,0.09028958333333334,0.08379969708073595
2023-08-15,Consumer,0.06022467171717172,0.05843190476190476,0.08229161313512441
2023-08-15,Energy,0.026050714285714288,0.1786311111111111,0.11301688847367262
2023-08-15,Financials,-0.0680275641025641,0.08976938461538461,0.08479058927705545
2023-08-15,Healthcare,0.033176666666666674,0.188395,0.10397395015203051
2023-08-15,Industrials,0.1572125,0.07925,0.08815729996488775
2023-08-15,Materials,0.034815,0.21382222222222222,0.08634965565519137
2023-08-15,RealEstate,0.08895,0.06265833333333333,0.10744154591836735
2023-08-15,Tech,0.14408557142857142,0.13544012987012988,0.12144241232497788
2023-08-15,Utilities,0.030355555555555556,0.4170333333333333,0.15714924225245652
2023-08-16,Comm,0.14273,0.05727083333333333,0.0907461307396696
2023-08-16,Consumer,0.11619657142857143,0.06022467171717172,0.08298806070607198
2023-08-16,Energy,0.06837916666666666,0.026050714285714288,0.10602473994759552
2023-08-16,Financials,-0.020946666666666672,-0.0680275641025641,0.07922691353091353
2023-08-16,Healthcare,-0.030112499999999993,0.033176666666666674,0.10148560094568129
2023-08-16,Industrials,0.22486874999999998,0.1572125,0.09500491901250681
2023-08-16,Materials,0.0,0.034815,0.08623608422661995
2023-08-16,RealEstate,0.1997625,0.08895,0.10169719671201814
2023-08-16,Tech,0.1368229292929293,0.14408557142857142,0.12231559442858855
2023-08-16,Utilities,0.1909,0.030355555555555556,0.15413105442176872
2023-08-17,Comm,0.06904,0.14273,0.09426983925337813
2023-08-17,Consumer,0.031220909090909087,0.11619657142857143,0.08615118542262527
2023-08-17,Energy,0.05376665934065934,0.06837916666666666,0.11044800185235745
2023-08-17,Financials,0.0812525,-0.020946666666666672,0.07092345702709989
2023-08-17,Healthcare,0.08139,-0.030112499999999993,0.09401548189806226
2023-08-17,Industrials,0.024014285714285714,0.22486874999999998,0.09249489917123697
2023-08-17,Materials,0.133335,0.0,0.085023703274239
2023-08-17,RealEstate,0.07299833333333332,0.1997625,0.1076647760770975
2023-08-17,Tech,0.06090689458689458,0.1368229292929293,0.11558679050948027
2023-08-17,Utilities,0.3325166666666667,0.1909,0.15054914965986396
2023-08-18,Comm,0.1669375,0.06904,0.08908392888923247
2023-08-18,Consumer,-0.0013881666666666639,0.031220909090909087,0.07963703823647808
2023-08-18,Energy,0.17154114285714286,0.05376665934065934,0.11175117610667454
2023-08-18,Financials,0.08638466666666667,0.0812525,0.06895132796436368
2023-08-18,Healthcare,0.1804375,0.08139,0.0984551644377448
2023-08-18,Industrials,-0.054275000000000004,0.024014285714285714,0.08428499270865193
2023-08-18,Materials,0.06535,0.133335,0.09137298898852471
2023-08-18,RealEstate,0.16151666666666667,0.07299833333333332,0.1020075538548753
2023-08-18,Tech,0.21295125,0.06090689458689458,0.10895949977552288
2023-08-18,Utilities,0.142075,0.3325166666666667,0.1670642290249433
2023-08-21,Comm,0.028348571428571428,0.1669375,0.09714380984161342
2023-08-21,Consumer,0.07990866666666667,-0.0013881666666666639,0.07535347927956199
2023-08-21,Energy,0.164230625,0.17154114285714286,0.11503567497288769
2023-08-21,Financials,0.14010809523809525,0.08638466666666667,0.06766285971039541
2023-08-21,Healthcare,0.06427185714285713,0.1804375,0.10678956919964958
2023-08-21,Industrials,0.10876000000000001,-0.054275000000000004,0.08320046889912812
2023-08-21,Materials,0.025264285714285722,0.06535,0.08599005248058822
2023-08-21,RealEstate,0.169625,0.16151666666666667,0.11050172619047618
2023-08-21,Tech,0.04861909814323608,0.21295125,0.1154452307945039
2023-08-21,Utilities,-0.08815999999999999,0.142075,0.1556386999244142
2023-08-22,Comm,-0.007084999999999994,0.028348571428571428,0.09380024975091046
2023-08-22,Consumer,0.04668309523809523,0.07990866666666667,0.07800706658114928
2023-08-22,Energy,0.009210357142857145,0.164230625,0.12078633758503401
2023-08-22,Financials,0.0003300000000000025,0.14010809523809525,0.06914880075347932
2023-08-22,Healthcare,-0.02522916666666667,0.06427185714285713,0.1119186475340136
2023-08-22,Industrials,0.2086,0.10876000000000001,0.08376017128008051
2023-08-22,Materials,0.018858333333333335,0.025264285714285722,0.08929025656222087
2023-08-22,RealEstate,0.11513333333333332,0.169625,0.10998307539682539
2023-08-22,Tech,0.09600395238095237,0.04861909814323608,0.115075535131291
2023-08-22,Utilities,0.0,-0.08815999999999999,0.14682631897203327
2023-08-23,Comm,0.12911574074074075,-0.007084999999999994,0.09108588467154538
2023-08-23,Consumer,0.15126488095238094,0.04668309523809523,0.07559501329316742
2023-08-23,Energy,0.24480992063492063,0.009210357142857145,0.11303321173469387
2023-08-23,Financials,0.1773108333333333,0.0003300000000000025,0.06449345010412869
2023-08-23,Healthcare,0.13129238095238097,-0.02522916666666667,0.1065107983276644
2023-08-23,Industrials,0.0905675,0.2086,0.08302237366103288
2023-08-23,Materials,0.0,0.018858333333333335,0.08489170780938639
2023-08-23,RealEstate,0.0,0.11513333333333332,0.10333593253968255
2023-08-23,Tech,0.17819881818181818,0.09600395238095237,0.11142220818839263
2023-08-23,Utilities,0.081655,0.0,0.14380092214663645
2023-08-24,Comm,0.13493555555555556,0.12911574074074075,0.10043271359570764
2023-08-24,Consumer,0.06919654545454547,0.15126488095238094,0.07968509605960733
2023-08-24,Energy,0.07053066666666666,0.24480992063492063,0.1221159063681028
2023-08-24,Financials,-0.014456666666666663,0.1773108333333333,0.067531119416298
2023-08-24,Healthcare,0.16987333333333335,0.13129238095238097,0.11078756249999999
2023-08-24,Industrials,0.16195,0.0905675,0.08601688947643346
2023-08-24,Materials,0.09545,0.0,0.08023604402872261
2023-08-24,RealEstate,0.06904,0.0,0.0991825992063492
2023-08-24,Tech,0.13618988014722797,0.17819881818181818,0.1189848752673454
2023-08-24,Utilities,0.10653541666666667,0.081655,0.13940563643235074
2023-08-25,Comm,-0.03360833333333334,0.13493555555555556,0.09719978766978173
2023-08-25,Consumer,0.11228216666666666,0.06919654545454547,0.07485200256830332
2023-08-25,Energy,0.08052499999999999,0.07053066666666666,0.12167850954270595
2023-08-25,Financials,0.023236,-0.014456666666666663,0.06270315116232975
2023-08-25,Healthcare,0.073462,0.16987333333333335,0.12136686408730159
2023-08-25,Industrials,0.03430875,0.16195,0.0975297565399255
2023-08-25,Materials,0.3084222222222222,0.09545,0.08471532974300833
2023-08-25,RealEstate,0.05138333333333333,0.06904,0.09934704365079365
2023-08-25,Tech,0.039431914893617026,0.13618988014722797,0.12200796729566828
2023-08-25,Utilities,0.17226666666666668,0.10653541666666667,0.12379383087679517
2023-08-28,Comm,0.12119,-0.03360833333333334,0.09407042259041663
2023-08-28,Consumer,0.08646838095238096,0.11228216666666666,0.07263402373232448
2023-08-28,Energy,0.21741363636363636,0.08052499999999999,0.1269657846749811
2023-08-28,Financials,0.1284199696969697,0.023236,0.05748631669520955
2023-08-28,Healthcare,0.058555929487179484,0.073462,0.11447438917233561
2023-08-28,Industrials,-0.002314473684210526,0.03430875,0.08959124463516362
2023-08-28,Materials,0.28123333333333334,0.3084222222222222,0.09820597127739986
2023-08-28,RealEstate,0.24765,0.05138333333333333,0.09451482142857144
2023-08-28,Tech,0.1928673464124528,0.039431914893617026,0.12014056280495138
2023-08-28,Utilities,0.04334583333333333,0.17226666666666668,0.1301095224867725
2023-08-29,Comm,0.1874375,0.12119,0.09113502576501982
2023-08-29,Consumer,0.1811878787878788,0.08646838095238096,0.07225411670284602
2023-08-29,Energy,-0.03839954545454545,0.21741363636363636,0.12344833878753521
2023-08-29,Financials,-0.059906666666666664,0.1284199696969697,0.06004864801864802
2023-08-29,Healthcare,0.11434833333333332,0.058555929487179484,0.11867213184632827
2023-08-29,Industrials,-0.020655952380952386,-0.002314473684210526,0.08983132922162979
2023-08-29,Materials,0.0,0.28123333333333334,0.09858851095993955
2023-08-29,RealEstate,0.16419999999999998,0.24765,0.09560355158730159
2023-08-29,Tech,0.15843557142857143,0.1928673464124528,0.11703605074430493
2023-08-29,Utilities,0.30974999999999997,0.04334583333333333,0.1305680542328042
2023-08-30,Comm,0.10524555555555555,0.1874375,0.09308806418493323
2023-08-30,Consumer,0.10278399999999999,0.1811878787878788,0.07555477230650162
2023-08-30,Energy,0.17393544973544972,-0.03839954545454545,0.107553038437092
2023-08-30,Financials,0.07611700000000002,-0.059906666666666664,0.055119014953300675
2023-08-30,Healthcare,0.07639375000000001,0.11434833333333332,0.11658501544421188
2023-08-30,Industrials,0.09729166666666667,-0.020655952380952386,0.08456310581632562
2023-08-30,Materials,0.3404777777777778,0.0,0.09858851095993955
2023-08-30,RealEstate,0.1784,0.16419999999999998,0.09737527777777778
2023-08-30,Tech,0.13504923436041083,0.15843557142857143,0.11540529091815224
2023-08-30,Utilities,0.19699166666666668,0.30974999999999997,0.1286942447089947
2023-08-31,Comm,0.11901666666666669,0.10524555555555555,0.08358333553791887
2023-08-31,Consumer,0.2287150476190476,0.10278399999999999,0.07480377230650162
2023-08-31,Energy,0.0880625,0.17393544973544972,0.10695967890068485
2023-08-31,Financials,0.09642952380952381,0.07611700000000002,0.056403713365999086
2023-08-31,Healthcare,0.15754791666666668,0.07639375000000001,0.10454703594685737
2023-08-31,Industrials,0.07747583333333334,0.09729166666666667,0.08497859726931709
2023-08-31,Materials,0.22485,0.3404777777777778,0.10477316704459563
2023-08-31,RealEstate,0.29594750000000003,0.1784,0.10182099206349207
2023-08-31,Tech,0.06660115873015873,0.13504923436041083,0.11186087630786368
2023-08-31,Utilities,0.154555,0.19699166666666668,0.13349099074074072
2023-09-01,Comm,0.023975,0.11901666666666669,0.0843082561728395
2023-09-01,Consumer,0.18400166666666667,0.2287150476190476,0.08567978931330435
2023-09-01,Energy,0.2715555555555556,0.0880625,0.10793217890068485
2023-09-01,Financials,0.01688333333333333,0.09642952380952381,0.05714947300318728
2023-09-01,Healthcare,0.10361400000000001,0.15754791666666668,0.10394391803302516
2023-09-01,Industrials,0.16385833333333333,0.07747583333333334,0.08512584516847675
2023-09-01,Materials,0.2593875,0.22485,0.11289015117157977
2023-09-01,RealEstate,0.29386,0.29594750000000003,0.10950595238095237
2023-09-01,Tech,0.19308714285714287,0.06660115873015873,0.11269951252176953
2023-09-01,Utilities,0.2977375,0.154555,0.14027884788359787
2023-09-05,Comm,0.40598999999999996,0.023975,0.0826577913202318
2023-09-05,Consumer,0.09994464646464647,0.18400166666666667,0.09377147185298688
2023-09-05,Energy,-0.018475297619047627,0.2715555555555556,0.11816883800877254
2023-09-05,Financials,0.12507310897435897,0.01688333333333333,0.05297804443175872
2023-09-05,Healthcare,-0.03821192857142858,0.10361400000000001,0.10439723813884529
2023-09-05,Industrials,0.16022583333333335,0.16385833333333333,0.0872437023113339
2023-09-05,Materials,0.07955000000000001,0.2593875,0.12312407974300832
2023-09-05,RealEstate,0.12004333333333334,0.29386,0.1217270634920635
2023-09-05,Tech,0.2168468238095238,0.19308714285714287,0.11907423835149537
2023-09-05,Utilities,0.1665,0.2977375,0.1508223796296296
2023-09-06,Comm,0.14157333333333333,0.40598999999999996,0.10120041036785084
2023-09-06,Consumer,0.04381500000000001,0.09994464646464647,0.09473216930368433
2023-09-06,Energy,0.2502890476190476,-0.018475297619047627,0.12028410161421473
2023-09-06,Financials,0.36785357142857145,0.12507310897435897,0.05627454168450597
2023-09-06,Healthcare,0.19297333333333333,-0.03821192857142858,0.1043712097941741
2023-09-06,Industrials,0.10459166666666667,0.16022583333333335,0.08802251183514341
2023-09-06,Materials,0.12696000000000002,0.07955000000000001,0.12691217498110355
2023-09-06,RealEstate,0.32030000000000003,0.12004333333333334,0.13133198412698413
2023-09-06,Tech,0.111524,0.2168468238095238,0.1262761267868695
2023-09-06,Utilities,0.08006727272727272,0.1665,0.15394218915343916
2023-09-07,Comm,0.09237666666666666,0.14157333333333333,0.10405485481229529
2023-09-07,Consumer,0.08870972222222223,0.04381500000000001,0.09322055025606531
2023-09-07,Energy,0.222679375,0.2502890476190476,0.12718020705639158
2023-09-07,Financials,0.2701097777777778,0.36785357142857145,0.0756513466731681
2023-09-07,Healthcare,-0.18949333333333332,0.19297333333333333,0.10816359074655504
2023-09-07,Industrials,0.236175,0.10459166666666667,0.08950723405736563
2023-09-07,Materials,0.058100000000000006,0.12696000000000002,0.13295788926681787
2023-09-07,RealEstate,0.02266666666666667,0.32030000000000003,0.14590182539682542
2023-09-07,Tech,0.14306831944444445,0.111524,0.12947623789798063
2023-09-07,Utilities,0.27001,0.08006727272727272,0.1533865830928331
2023-09-08,Comm,0.1408346666666667,0.09237666666666666,0.09912742094986142
2023-09-08,Consumer,0.17325027777777777,0.08870972222222223,0.09205690891063824
2023-09-08,Energy,0.14171142857142857,0.222679375,0.12470730031035984
2023-09-08,Financials,0.09885690476190476,0.2701097777777778,0.09168701863084007
2023-09-08,Healthcare,0.261324,-0.18949333333333332,0.08967724154020582
2023-09-08,Industrials,0.09179444444444444,0.236175,0.0970849126287942
2023-09-08,Materials,0.030666666666666665,0.058100000000000006,0.1344959845049131
2023-09-08,RealEstate,0.255,0.02266666666666667,0.1469811904761905
2023-09-08,Tech,0.08128822066822068,0.14306831944444445,0.1304413279395528
2023-09-08,Utilities,0.14417666666666668,0.27001,0.16378229737854738
2023-09-11,Comm,0.008622916666666681,0.1408346666666667,0.10758141301335349
2023-09-11,Consumer,0.08220611111111112,0.17325027777777777,0.09793374920582064
2023-09-11,Energy,0.10889055555555557,0.14171142857142857,0.13237419373439613
2023-09-11,Financials,0.11406051282051281,0.09885690476190476,0.09238089391428678
2023-09-11,Healthcare,0.12510300000000002,0.261324,0.0905674955084598
2023-09-11,Industrials,0.11221125,0.09179444444444444,0.09417771686159844
2023-09-11,Materials,0.16076,0.030666666666666665,0.12572931783824642
2023-09-11,RealEstate,0.24696600000000002,0.255,0.16058214285714287
2023-09-11,Tech,0.21560957298136646,0.08128822066822068,0.12798340987613474
2023-09-11,Utilities,-0.12352666666666665,0.14417666666666668,0.15959785293410295
2023-09-12,Comm,0.046933333333333334,0.008622916666666681,0.10908428999748047
2023-09-12,Consumer,0.07880044642857142,0.08220611111111112,0.098651619576191
2023-09-12,Energy,0.10197066666666668,0.10889055555555557,0.12540529161799402
2023-09-12,Financials,0.19236961904761904,0.11406051282051281,0.09157972785812071
2023-09-12,Healthcare,-0.027570000000000004,0.12510300000000002,0.08561747963544393
2023-09-12,Industrials,0.14891958333333336,0.11221125,0.1014322208298524
2023-09-12,Materials,0.0502375,0.16076,0.13128741307634167
2023-09-12,RealEstate,-0.19063333333333332,0.24696600000000002,0.15677742857142857
2023-09-12,Tech,0.05696589999999999,0.21560957298136646,0.13568912063435107
2023-09-12,Utilities,-0.03693333333333333,-0.12352666666666665,0.14896991642616642
2023-09-13,Comm,0.02595625,0.046933333333333334,0.10338905190224237
2023-09-13,Consumer,0.1352597222222222,0.07880044642857142,0.09875735349240705
2023-09-13,Energy,0.09829861111111111,0.10197066666666668,0.12320517789045171
2023-09-13,Financials,0.08673433333333333,0.19236961904761904,0.09148701130483274
2023-09-13,Healthcare,0.14033333333333334,-0.027570000000000004,0.08102581296877726
2023-09-13,Industrials,0.07921357142857142,0.14891958333333336,0.10499190336953496
2023-09-13,Materials,0.046725,0.0502375,0.11940665910808768
2023-09-13,RealEstate,0.06656666666666666,-0.19063333333333332,0.1402603650793651
2023-09-13,Tech,0.3511223809523809,0.05696589999999999,0.1314282728389366
2023-09-13,Utilities,0.13178,-0.03693333333333333,0.1375167418229918
2023-09-14,Comm,0.17886666666666665,0.02595625,0.10032555983875031
2023-09-14,Consumer,0.031052380952380953,0.1352597222222222,0.10241582099051742
2023-09-14,Energy,0.12299133333333331,0.09829861111111111,0.11937982074759455
2023-09-14,Financials,0.20733000000000001,0.08673433333333333,0.09134248505330649
2023-09-14,Healthcare,0.08180833333333333,0.14033333333333334,0.07873716217512647
2023-09-14,Industrials,0.12057499999999999,0.07921357142857142,0.1049901686756574
2023-09-14,Materials,0.068475,0.046725,0.11144964852607711
2023-09-14,RealEstate,0.0502375,0.06656666666666666,0.14044647619047618
2023-09-14,Tech,0.1817830462962963,0.3511223809523809,0.14169885622380574
2023-09-14,Utilities,0.21654,0.13178,0.12393324975949975
2023-09-15,Comm,-0.025595833333333325,0.17886666666666665,0.1061158376165281
2023-09-15,Consumer,0.2730741666666667,0.031052380952380953,0.10102666428743212
2023-09-15,Energy,-0.018210000000000004,0.12299133333333331,0.12399604070224307
2023-09-15,Financials,0.027317619047619045,0.20733000000000001,0.10445475001057143
2023-09-15,Healthcare,-0.00022416666666666765,0.08180833333333333,0.08105295582592012
2023-09-15,Industrials,0.09773333333333332,0.12057499999999999,0.10324552581851455
2023-09-15,Materials,-0.1075125,0.068475,0.11305250566893427
2023-09-15,RealEstate,0.2822766666666666,0.0502375,0.1386030238095238
2023-09-15,Tech,-0.009784778225806447,0.1817830462962963,0.14349397407464975
2023-09-15,Utilities,0.27118333333333333,0.21654,0.1327991756854257
2023-09-18,Comm,0.11529166666666667,-0.025595833333333325,0.09810032174351223
2023-09-18,Consumer,0.08809961038961038,0.2730741666666667,0.10849702596543669
2023-09-18,Energy,0.05833422222222222,-0.018210000000000004,0.11987274705144942
2023-09-18,Financials,0.28037377777777783,0.027317619047619045,0.10675304933029932
2023-09-18,Healthcare,0.08060133333333333,-0.00022416666666666765,0.08247620979417408
2023-09-18,Industrials,0.11624513888888889,0.09773333333333332,0.09719145835819708
2023-09-18,Materials,0.094495,-0.1075125,0.10793286281179142
2023-09-18,RealEstate,0.18226666666666666,0.2822766666666666,0.14253226984126982
2023-09-18,Tech,0.16021608956560682,-0.009784778225806447,0.13651265466899568
2023-09-18,Utilities,0.11584444444444446,0.27118333333333333,0.13662219155844155
2023-09-19,Comm,0.1097,0.11529166666666667,0.10030278206097254
2023-09-19,Consumer,0.11061783333333333,0.08809961038961038,0.11120553555108913
2023-09-19,Energy,0.04518965384615385,0.05833422222222222,0.12009025004580957
2023-09-19,Financials,0.08120178571428571,0.28037377777777783,0.11623501493876495
2023-09-19,Healthcare,0.04774,0.08060133333333333,0.08243865423861853
2023-09-19,Industrials,0.15281488095238094,0.11624513888888889,0.1015834037474639
2023-09-19,Materials,0.0,0.094495,0.10608333900226759
2023-09-19,RealEstate,0.2783,0.18226666666666666,0.14773552380952382
2023-09-19,Tech,0.10251416666666666,0.16021608956560682,0.14124166395369625
2023-09-19,Utilities,0.3801666666666667,0.11584444444444446,0.12630446669071668
2023-09-20,Comm,0.19751666666666665,0.1097,0.0975771868228773
2023-09-20,Consumer,-0.08202899999999999,0.11061783333333333,0.11653915459870817
2023-09-20,Energy,0.00011688311688311595,0.04518965384615385,0.11407351247385772
2023-09-20,Financials,0.06515333333333334,0.08120178571428571,0.11598821108388965
2023-09-20,Healthcare,-0.139545,0.04774,0.07611972566718997
2023-09-20,Industrials,0.07756111111111111,0.15281488095238094,0.11144482664995821
2023-09-20,Materials,0.033716666666666666,0.0,0.10297143424036281
2023-09-20,RealEstate,0.4331875,0.2783,0.15329663492063492
2023-09-20,Tech,0.05181746031746032,0.10251416666666666,0.13598275522353753
2023-09-20,Utilities,0.17329166666666668,0.3801666666666667,0.13764216510341512
2023-09-21,Comm,0.039676666666666666,0.19751666666666665,0.10563281040564375
2023-09-21,Consumer,0.03788380952380952,-0.08202899999999999,0.10882783713839071
2023-09-21,Energy,0.1825041666666667,0.00011688311688311595,0.10625857238418547
2023-09-21,Financials,0.07937,0.06515333333333334,0.11241893670747242
2023-09-21,Healthcare,0.13232666666666665,-0.139545,0.06641416104133963
2023-09-21,Industrials,0.16030255952380953,0.07756111111111111,0.10995916527429686
2023-09-21,Materials,0.1356,0.033716666666666666,0.1033739285714286
2023-09-21,RealEstate,0.2136458333333333,0.4331875,0.16584723015873015
2023-09-21,Tech,0.19356929166666664,0.05181746031746032,0.13613505818421487
2023-09-21,Utilities,0.018453333333333318,0.17329166666666668,0.15009224446849445
2023-09-22,Comm,0.02184,0.039676666666666666,0.10785955643738976
2023-09-22,Consumer,0.14943766666666666,0.03788380952380952,0.10840882353294853
2023-09-22,Energy,0.2148235,0.1825041666666667,0.11451065855198594
2023-09-22,Financials,-0.002622000000000002,0.07937,0.11618274623128196
2023-09-22,Healthcare,-0.088378125,0.13232666666666665,0.07391681977149835
2023-09-22,Industrials,0.2612083333333334,0.16030255952380953,0.10765928715638302
2023-09-22,Materials,0.12765,0.1356,0.10893305555555555
2023-09-22,RealEstate,0.09035000000000001,0.2136458333333333,0.1705383015873016
2023-09-22,Tech,0.09927849206349207,0.19356929166666664,0.14078102672162982
2023-09-22,Utilities,-0.025675,0.018453333333333318,0.1509709746272246
2023-09-25,Comm,-0.02976000000000002,0.02184,0.10275118783068782
2023-09-25,Consumer,0.0775480119047619,0.14943766666666666,0.10832181332886691
2023-09-25,Energy,0.19525133928571428,0.2148235,0.11308273375984686
2023-09-25,Financials,0.09793866666666667,-0.002622000000000002,0.10761451607255179
2023-09-25,Healthcare,0.0905916666666667,-0.088378125,0.06345631948805164
2023-09-25,Industrials,0.18737916666666668,0.2612083333333334,0.11578504112463699
2023-09-25,Materials,-0.141,0.12765,0.11501162698412698
2023-09-25,RealEstate,0.08711666666666666,0.09035000000000001,0.17484068253968255
2023-09-25,Tech,0.07650407203907203,0.09927849206349207,0.1370229159540905
2023-09-25,Utilities,0.2463888888888889,-0.025675,0.14586002224627223
2023-09-26,Comm,0.15773333333333334,-0.02976000000000002,0.09490854232804233
2023-09-26,Consumer,0.131094,0.0775480119047619,0.10871950220744864
2023-09-26,Energy,0.1580538095238095,0.19525133928571428,0.11902181340837294
2023-09-26,Financials,0.13594161904761903,0.09793866666666667,0.11296667480271053
2023-09-26,Healthcare,0.17970833333333333,0.0905916666666667,0.05968100202773418
2023-09-26,Industrials,0.16012291666666667,0.18737916666666668,0.11699595382304968
2023-09-26,Materials,0.1366,-0.141,0.10375210317460319
2023-09-26,RealEstate,0.19356666666666666,0.08711666666666666,0.17570147619047619
2023-09-26,Tech,0.07229428571428573,0.07650407203907203,0.1341807346156069
2023-09-26,Utilities,0.28165,0.2463888888888889,0.1525197113997114
2023-09-27,Comm,0.10606666666666666,0.15773333333333334,0.10402005026455025
2023-09-27,Consumer,-0.012613333333333334,0.131094,0.10961530379475024
2023-09-27,Energy,0.12195466666666668,0.1580538095238095,0.12271366148093528
2023-09-27,Financials,0.09228857142857141,0.13594161904761903,0.11833360904307334
2023-09-27,Healthcare,0.24019444444444446,0.17970833333333333,0.06474035123408338
2023-09-27,Industrials,0.23609416666666666,0.16012291666666667,0.12298710461670048
2023-09-27,Materials,0.11567333333333334,0.1366,0.09557009259259261
2023-09-27,RealEstate,0.176875,0.19356666666666666,0.1824721111111111
2023-09-27,Tech,0.13169413333333332,0.07229428571428573,0.1357456094165911
2023-09-27,Utilities,-0.007531333333333334,0.28165,0.15772844155844157
2023-09-28,Comm,0.10689892857142858,0.10606666666666666,0.10329989153439154
2023-09-28,Consumer,0.11186050366300368,-0.012613333333333334,0.10489712692400192
2023-09-28,Energy,0.14097999999999997,0.12195466666666668,0.11816799625727008
2023-09-28,Financials,0.15560714285714286,0.09228857142857141,0.1166130662683877
2023-09-28,Healthcare,0.1254,0.24019444444444446,0.07338980432728648
2023-09-28,Industrials,0.06306428571428571,0.23609416666666666,0.1343398970143613
2023-09-28,Materials,0.1918375,0.11567333333333334,0.08768628306878308
2023-09-28,RealEstate,0.4616,0.176875,0.179101873015873
2023-09-28,Tech,0.01473066666666667,0.13169413333333332,0.13283259926996638
2023-09-28,Utilities,0.11423055555555556,-0.007531333333333334,0.15530571933621934
2023-09-29,Comm,0.4074125,0.10689892857142858,0.09946472146636433
2023-09-29,Consumer,0.16852887719298246,0.11186050366300368,0.10159582334662691
2023-09-29,Energy,0.21495066666666665,0.14097999999999997,0.12670987937415318
2023-09-29,Financials,0.20885166666666666,0.15560714285714286,0.12687562862666435
2023-09-29,Healthcare,0.12640500000000002,0.1254,0.0739160741685563
2023-09-29,Industrials,0.21971944444444447,0.06306428571428571,0.13832657501889645
2023-09-29,Materials,0.0,0.1918375,0.09682140211640211
2023-09-29,RealEstate,0.21230000000000002,0.4616,0.19326377777777776
2023-09-29,Tech,0.08306324675324675,0.01473066666666667,0.12598950856701852
2023-09-29,Utilities,0.490372,0.11423055555555556,0.1459952696007696
2023-10-02,Comm,0.264206,0.4074125,0.11385362358276643
2023-10-02,Consumer,0.14163088311688313,0.16852887719298246,0.104726531784388
2023-10-02,Energy,0.21752761904761905,0.21495066666666665,0.12866298494230638
2023-10-02,Financials,0.17364866666666665,0.20885166666666666,0.13319632703936274
2023-10-02,Healthcare,0.05876333333333335,0.12640500000000002,0.0762975622637944
2023-10-02,Industrials,0.1732149404761905,0.21971944444444447,0.14415646919879063
2023-10-02,Materials,0.18959,0.0,0.08060817460317463
2023-10-02,RealEstate,0.3861375,0.21230000000000002,0.19487806349206352
2023-10-02,Tech,0.2007124855144855,0.08306324675324675,0.12351398534762974
2023-10-02,Utilities,0.21872904761904763,0.490372,0.15996576166426169
2023-10-03,Comm,0.03751666666666668,0.264206,0.12076740136054423
2023-10-03,Consumer,0.368542,0.14163088311688313,0.10057966680809444
2023-10-03,Energy,0.235757,0.21752761904761905,0.1348279906112406
2023-10-03,Financials,0.18897506944444445,0.17364866666666665,0.13687342908017908
2023-10-03,Healthcare,0.2412125,0.05876333333333335,0.07159353448601663
2023-10-03,Industrials,0.10146866666666665,0.1732149404761905,0.14871547430083143
2023-10-03,Materials,0.19711428571428571,0.18959,0.07892912698412699
2023-10-03,RealEstate,0.16413000000000003,0.3861375,0.19917282539682538
2023-10-03,Tech,0.2419584188034188,0.2007124855144855,0.12990023900402625
2023-10-03,Utilities,0.18224500000000002,0.21872904761904763,0.16302166869374013
2023-10-04,Comm,0.1532547619047619,0.03751666666666668,0.12141224263038548
2023-10-04,Consumer,0.11470916666666668,0.368542,0.10936730172872937
2023-10-04,Energy,0.19136745454545454,0.235757,0.1331232974895475
2023-10-04,Financials,0.13839444444444446,0.18897506944444445,0.14506827365689864
2023-10-04,Healthcare,0.1531,0.2412125,0.07814584400982616
2023-10-04,Industrials,0.06546041666666666,0.10146866666666665,0.14574453779289492
2023-10-04,Materials,-0.010900000000000002,0.19711428571428571,0.07596373582766441
2023-10-04,RealEstate,0.169775,0.16413000000000003,0.19299520634920636
2023-10-04,Tech,0.08288796923076923,0.2419584188034188,0.13222744262051558
2023-10-04,Utilities,0.10316666666666667,0.18224500000000002,0.15752202583659727
2023-10-05,Comm,0.045283333333333335,0.1532547619047619,0.109377231292517
2023-10-05,Consumer,0.16242583333333332,0.11470916666666668,0.11007037411930176
2023-10-05,Energy,0.20503251282051282,0.19136745454545454,0.14311580949738092
2023-10-05,Financials,0.08971971428571428,0.13839444444444446,0.14570262296499795
2023-10-05,Healthcare,-0.02732,0.1531,0.08725593584656086
2023-10-05,Industrials,0.099449,0.06546041666666666,0.14123189890400606
2023-10-05,Materials,0.12105833333333332,-0.010900000000000002,0.07165659297052156
2023-10-05,RealEstate,0.2085125,0.169775,0.19536338095238093
2023-10-05,Tech,0.19214897435897432,0.08288796923076923,0.1258484495453368
2023-10-05,Utilities,0.17467166666666667,0.10316666666666667,0.15450615282072425
2023-10-06,Comm,0.13007500000000002,0.045283333333333335,0.10479199319727892
2023-10-06,Consumer,0.06947696969696969,0.16242583333333332,0.11571850903993668
2023-10-06,Energy,0.08675807692307692,0.20503251282051282,0.14096073641173643
2023-10-06,Financials,0.1367983333333333,0.08971971428571428,0.1324581535772429
2023-10-06,Healthcare,0.14291833333333331,-0.02732,0.07676577711640212
2023-10-06,Industrials,0.00724583333333334,0.099449,0.14098701001511715
2023-10-06,Materials,0.2289,0.12105833333333332,0.0713755612244898
2023-10-06,RealEstate,0.18730000000000002,0.2085125,0.19004016666666668
2023-10-06,Tech,0.055070769230769236,0.19214897435897432,0.1296877340386213
2023-10-06,Utilities,0.17071,0.17467166666666667,0.1590111239606954
2023-10-09,Comm,0.16567333333333334,0.13007500000000002,0.10658715192743763
2023-10-09,Consumer,0.05832021428571429,0.06947696969696969,0.11480266368159132
2023-10-09,Energy,-0.1429298831168831,0.08675807692307692,0.13448829364616866
2023-10-09,Financials,0.14637065934065935,0.1367983333333333,0.12610998955607883
2023-10-09,Healthcare,0.3487233333333334,0.14291833333333331,0.0925949041005291
2023-10-09,Industrials,-0.03181133333333334,0.00724583333333334,0.1300856211262283
2023-10-09,Materials,0.02629999999999999,0.2289,0.07950889455782313
2023-10-09,RealEstate,0.21775,0.18730000000000002,0.1978798492063492
2023-10-09,Tech,0.1259139681020734,0.055070769230769236,0.12549737450463674
2023-10-09,Utilities,0.007808333333333336,0.17071,0.15428255253212397
2023-10-10,Comm,0.1622075,0.16567333333333334,0.10776994557823129
2023-10-10,Consumer,0.1836093650793651,0.05832021428571429,0.10932980351530257
2023-10-10,Energy,0.10431422222222222,-0.1429298831168831,0.12093394547053475
2023-10-10,Financials,-0.03778273809523809,0.14637065934065935,0.12837254929792433
2023-10-10,Healthcare,-5.6000000000000494e-05,0.3487233333333334,0.09675677711640213
2023-10-10,Industrials,0.11699650793650793,-0.03181133333333334,0.12419963170823885
2023-10-10,Materials,0.0,0.02629999999999999,0.07930095804988663
2023-10-10,RealEstate,0.15531250000000002,0.21775,0.1961060396825397
2023-10-10,Tech,0.13123307692307692,0.1259139681020734,0.127622410096725
2023-10-10,Utilities,0.28176666666666667,0.007808333333333336,0.1477888223733938
2023-10-11,Comm,0.1162375,0.1622075,0.11508349716553289
2023-10-11,Consumer,0.058203500000000005,0.1836093650793651,0.11415852989474323
2023-10-11,Energy,0.15029589371980676,0.10431422222222222,0.12071602483561412
2023-10-11,Financials,0.02082371428571429,-0.03778273809523809,0.12114191830193616
2023-10-11,Healthcare,0.03917785714285714,-5.6000000000000494e-05,0.09079682473544974
2023-10-11,Industrials,0.1873086666666667,0.11699650793650793,0.12442750113378684
2023-10-11,Materials,0.20277777777777775,0.0,0.07164571995464854
2023-10-11,RealEstate,0.0,0.15531250000000002,0.1917415873015873
2023-10-11,Tech,0.18174037614237615,0.13123307692307692,0.12360448171299691
2023-10-11,Utilities,0.07206666666666665,0.28176666666666667,0.16708850491307636
2023-10-12,Comm,0.08808333333333333,0.1162375,0.1183836955782313
2023-10-12,Consumer,0.09606790476190476,0.058203500000000005,0.11317772292195413
2023-10-12,Energy,0.264472,0.15029589371980676,0.12301722612385887
2023-10-12,Financials,0.07636921212121213,0.02082371428571429,0.1129730656942264
2023-10-12,Healthcare,0.08368571428571431,0.03917785714285714,0.09397529412320485
2023-10-12,Industrials,0.18486979166666667,0.1873086666666667,0.12625555272108843
2023-10-12,Materials,0.1541875,0.20277777777777775,0.07890954270597128
2023-10-12,RealEstate,0.33874666666666664,0.0,0.2008193650793651
2023-10-12,Tech,0.11349491666666667,0.18174037614237615,0.12954612343406247
2023-10-12,Utilities,0.09213125,0.07206666666666665,0.17227898110355253
2023-10-13,Comm,0.015625,0.08808333333333333,0.12134212811791383
2023-10-13,Consumer,0.05699309523809524,0.09606790476190476,0.11131144590003424
2023-10-13,Energy,-0.013828333333333345,0.264472,0.1309302446423774
2023-10-13,Financials,-0.018406725490196073,0.07636921212121213,0.11247948849364921
2023-10-13,Healthcare,0.04866250000000001,0.08368571428571431,0.09127778845427059
2023-10-13,Industrials,0.0393875,0.18486979166666667,0.13128680130385487
2023-10-13,Materials,0.1760611111111111,0.1541875,0.0840268046107332
2023-10-13,RealEstate,0.26335,0.33874666666666664,0.21378031746031745
2023-10-13,Tech,0.16645828571428573,0.11349491666666667,0.11823052989664748
2023-10-13,Utilities,0.44453333333333334,0.09213125,0.17039094538926683
2023-10-16,Comm,0.020191666666666663,0.015625,0.11356871541950112
2023-10-16,Consumer,0.16078211111111113,0.05699309523809524,0.11254671800887779
2023-10-16,Energy,0.2676203703703704,-0.013828333333333345,0.1244150224201552
2023-10-16,Financials,0.0419316,-0.018406725490196073,0.1017301206131637
2023-10-16,Healthcare,0.03101200000000002,0.04866250000000001,0.08969941543839759
2023-10-16,Industrials,0.07817066666666667,0.0393875,0.12742072987528344
2023-10-16,Materials,0.21284166666666662,0.1760611111111111,0.08914995275888134
2023-10-16,RealEstate,0.13651125,0.26335,0.22392853174603175
2023-10-16,Tech,0.14096538095238093,0.16645828571428573,0.11750077939274223
2023-10-16,Utilities,0.07195,0.44453333333333334,0.18124777078609222
2023-10-17,Comm,-0.042666666666666665,0.020191666666666663,0.11574907256235828
2023-10-17,Consumer,0.0683311111111111,0.16078211111111113,0.10719947726813703
2023-10-17,Energy,0.14296714285714285,0.2676203703703704,0.13802599243779187
2023-10-17,Financials,0.15135962962962962,0.0419316,0.10242602446803897
2023-10-17,Healthcare,0.138425,0.03101200000000002,0.0911868519463341
2023-10-17,Industrials,0.04931666666666667,0.07817066666666667,0.1264891743197279
2023-10-17,Materials,0.09689166666666667,0.21284166666666662,0.10440491307634166
2023-10-17,RealEstate,-0.07978750000000001,0.13651125,0.2169873214285714
2023-10-17,Tech,0.07524467210807768,0.14096538095238093,0.12467935840122732
2023-10-17,Utilities,0.20010833333333333,0.07195,0.17176046919879062
2023-10-18,Comm,0.07049444444444444,-0.042666666666666665,0.10822724716553289
2023-10-18,Consumer,0.09116303030303029,0.0683311111111111,0.10625812015963708
2023-10-18,Energy,-0.04752713675213676,0.14296714285714285,0.14205613151564522
2023-10-18,Financials,0.023192812107247586,0.15135962962962962,0.09628249360384142
2023-10-18,Healthcare,0.10263045454545454,0.138425,0.09394035988284204
2023-10-18,Industrials,0.04653035714285715,0.04931666666666667,0.12330210421390778
2023-10-18,Materials,-0.09784666666666667,0.09689166666666667,0.10451904006046864
2023-10-18,RealEstate,0.1412875,-0.07978750000000001,0.20450855158730158
2023-10-18,Tech,0.04115320810971974,0.07524467210807768,0.12063310042705928
2023-10-18,Utilities,0.1298875,0.20010833333333333,0.17577303533635677
2023-10-19,Comm,0.28119537037037035,0.07049444444444444,0.10636031594860167
2023-10-19,Consumer,0.04785849206349206,0.09116303030303029,0.10533170096771788
2023-10-19,Energy,0.18488886363636364,-0.04752713675213676,0.13764104624905996
2023-10-19,Financials,0.07192066666666667,0.023192812107247586,0.0935201615273158
2023-10-19,Healthcare,0.21859714285714285,0.10263045454545454,0.09655419105167319
2023-10-19,Industrials,0.08238035714285716,0.04653035714285715,0.11824093641345429
2023-10-19,Materials,0.048395,-0.09784666666666667,0.09985967498110354
2023-10-19,RealEstate,0.00418642857142857,0.1412875,0.19798414682539686
2023-10-19,Tech,0.11662679487179486,0.04115320810971974,0.11771115001958561
2023-10-19,Utilities,0.1417,0.1298875,0.1638549797808012
2023-10-20,Comm,0.07577939393939394,0.28119537037037035,0.1103450161249685
2023-10-20,Consumer,0.12070833333333333,0.04785849206349206,0.11151681963740799
2023-10-20,Energy,0.04193107769423559,0.18488886363636364,0.14643971198808284
2023-10-20,Financials,0.09365933333333334,0.07192066666666667,0.09384241549556978
2023-10-20,Healthcare,0.10597214285714285,0.21859714285714285,0.11360857880677523
2023-10-20,Industrials,-0.0023103333333333365,0.08238035714285716,0.1184704243197279
2023-10-20,Materials,-0.100475,0.048395,0.10055864323507183
2023-10-20,RealEstate,0.23720999999999998,0.00418642857142857,0.17755552437641725
2023-10-20,Tech,0.12302640096618359,0.11662679487179486,0.12079730880788724
2023-10-20,Utilities,0.187475,0.1417,0.16235061470143614
2023-10-23,Comm,0.0210375,0.07577939393939394,0.112064193614146
2023-10-23,Consumer,0.1480585576923077,0.12070833333333333,0.11546084458071865
2023-10-23,Energy,0.015654545454545456,0.04193107769423559,0.13974575537034803
2023-10-23,Financials,0.03823482142857143,0.09365933333333334,0.09452285994001422
2023-10-23,Healthcare,0.08866900000000001,0.10597214285714285,0.1123536014825122
2023-10-23,Industrials,0.18046871794871794,-0.0023103333333333365,0.11072695323129252
2023-10-23,Materials,0.09567333333333335,-0.100475,0.08931697656840513
2023-10-23,RealEstate,0.20670000000000002,0.23720999999999998,0.1786776275510204
2023-10-23,Tech,0.13968819444444444,0.12302640096618359,0.11743812353643568
2023-10-23,Utilities,-0.082775,0.187475,0.17039926549508694
2023-10-24,Comm,0.1102468253968254,0.0210375,0.1120259793284317
2023-10-24,Consumer,0.07639683333333333,0.1480585576923077,0.11539517272479677
2023-10-24,Energy,0.1611207142857143,0.015654545454545456,0.1302615194396121
2023-10-24,Financials,0.1741,0.03823482142857143,0.0964684228651843
2023-10-24,Healthcare,0.118175,0.08866900000000001,0.12078441695870268
2023-10-24,Industrials,0.21054608695652174,0.18046871794871794,0.10688220964154894
2023-10-24,Materials,0.12107916666666667,0.09567333333333335,0.08779427815570673
2023-10-24,RealEstate,0.21791999999999997,0.20670000000000002,0.18421810374149658
2023-10-24,Tech,0.17183583416583417,0.13968819444444444,0.1193623950783858
2023-10-24,Utilities,-0.00249166666666667,-0.082775,0.16768021787603932
2023-10-25,Comm,0.10521004761904762,0.1102468253968254,0.11869297101399483
2023-10-25,Consumer,-0.01866833333333332,0.07639683333333333,0.1153403546975859
2023-10-25,Energy,0.18598358585858588,0.1611207142857143,0.12863625158246925
2023-10-25,Financials,0.16595833333333332,0.1741,0.10009515302391445
2023-10-25,Healthcare,0.06387666666666666,0.118175,0.12209790902219474
2023-10-25,Industrials,0.07482166666666666,0.21054608695652174,0.10798539632201822
2023-10-25,Materials,0.15309999999999999,0.12107916666666667,0.10027423847316703
2023-10-25,RealEstate,0.16055,0.21791999999999997,0.19044683390022674
2023-10-25,Tech,0.15566983918128657,0.17183583416583417,0.12390200279870779
2023-10-25,Utilities,0.14581111111111114,-0.00249166666666667,0.15582876284958427
2023-10-26,Comm,0.1792505341880342,0.10521004761904762,0.1161918621704574
2023-10-26,Consumer,0.05937633333333333,-0.01866833333333332,0.10820881501504621
2023-10-26,Energy,0.059366886446886445,0.18598358585858588,0.1299662409317443
2023-10-26,Financials,0.17618400000000004,0.16595833333333332,0.10152452037085323
2023-10-26,Healthcare,0.18496666666666667,0.06387666666666666,0.11658211537140109
2023-10-26,Industrials,0.0673647619047619,0.07482166666666666,0.10392343203630393
2023-10-26,Materials,0.1316025,0.15309999999999999,0.10105995275888133
2023-10-26,RealEstate,0.031609375,0.16055,0.18887461167800454
2023-10-26,Tech,0.11379068907563025,0.15566983918128657,0.12787226724951736
2023-10-26,Utilities,0.2806598571428571,0.14581111111111114,0.14936024433106576
2023-10-27,Comm,-0.14565111111111112,0.1792505341880342,0.11967680824290347
2023-10-27,Consumer,0.11859000000000001,0.05937633333333333,0.1116368943801256
2023-10-27,Energy,0.10430258620689656,0.059366886446886445,0.1269858704450881
2023-10-27,Financials,0.07959375,0.17618400000000004,0.10551954077901649
2023-10-27,Healthcare,0.12304936363636362,0.18496666666666667,0.11395222119150691
2023-10-27,Industrials,-0.08440133333333333,0.0673647619047619,0.09588869847621324
2023-10-27,Materials,0.0193,0.1316025,0.10181848450491307
2023-10-27,RealEstate,0.124825,0.031609375,0.18195720096371884
2023-10-27,Tech,0.18725419017763845,0.11379068907563025,0.12701972228486483
2023-10-27,Utilities,0.3041682539682539,0.2806598571428571,0.1630836343537415
2023-10-30,Comm,0.07349333333333333,-0.14565111111111112,0.10765061587706827
2023-10-30,Consumer,0.10734427350427352,0.11859000000000001,0.11195734658664921
2023-10-30,Energy,0.07017108585858586,0.10430258620689656,0.1252393269311308
2023-10-30,Financials,0.10280416666666667,0.07959375,0.10189985540486683
2023-10-30,Healthcare,0.04355733333333334,0.12304936363636362,0.11384028612657182
2023-10-30,Industrials,0.17276153846153847,-0.08440133333333333,0.08886652614061233
2023-10-30,Materials,0.16892000000000001,0.0193,0.09360241307634165
2023-10-30,RealEstate,0.23247672727272728,0.124825,0.16592029620181406
2023-10-30,Tech,0.03933752980352981,0.18725419017763845,0.1352351281663397
2023-10-30,Utilities,0.168775,0.3041682539682539,0.17212828665910807
2023-10-31,Comm,0.10324799999999998,0.07349333333333333,0.09174970317865556
2023-10-31,Consumer,0.13327566666666665,0.10734427350427352,0.10904379403004404
2023-10-31,Energy,0.10854921428571429,0.07017108585858586,0.11834506117836503
2023-10-31,Financials,0.08234791666666666,0.10280416666666667,0.09684997445248587
2023-10-31,Healthcare,0.0925577456140351,0.04355733333333334,0.10989515914244488
2023-10-31,Industrials,0.09792190476190477,0.17276153846153847,0.08663043537952156
2023-10-31,Materials,0.0,0.16892000000000001,0.10164622260015117
2023-10-31,RealEstate,0.14568333333333333,0.23247672727272728,0.1668810927386106
2023-10-31,Tech,0.11477004174573055,0.03933752980352981,0.13315295116873413
2023-10-31,Utilities,0.065905,0.168775,0.15681414380196523
2023-11-01,Comm,0.06275333333333334,0.10324799999999998,0.08408503651198888
2023-11-01,Consumer,0.15182860317460317,0.13327566666666665,0.10864592658003373
2023-11-01,Energy,0.18084055555555553,0.10854921428571429,0.11315561333256006
2023-11-01,Financials,0.10302500000000002,0.08234791666666666,0.09250231969058112
2023-11-01,Healthcare,0.06818111111111112,0.0925577456140351,0.11150441687009731
2023-11-01,Industrials,0.12493000000000001,0.09792190476190477,0.08304505272646033
2023-11-01,Materials,0.221952,0.0,0.09261812736205595
2023-11-01,RealEstate,0.06804444444444445,0.14568333333333333,0.1554308943259122
2023-11-01,Tech,0.09540184265010351,0.11477004174573055,0.12906045384641246
2023-11-01,Utilities,0.035853333333333334,0.065905,0.1495368082010582
2023-11-02,Comm,0.04729833333333333,0.06275333333333334,0.08528678254373492
2023-11-02,Consumer,0.1063071111111111,0.15182860317460317,0.0983262410169196
2023-11-02,Energy,0.06592258823529411,0.18084055555555553,0.11054054454949129
2023-11-02,Financials,0.182036,0.10302500000000002,0.08840945924084567
2023-11-02,Healthcare,0.10259695512820513,0.06818111111111112,0.1032648269230074
2023-11-02,Industrials,0.18584833333333334,0.12493000000000001,0.08416225907566668
2023-11-02,Materials,0.0979625,0.221952,0.09380087566137567
2023-11-02,RealEstate,0.19801666666666667,0.06804444444444445,0.15085539168040954
2023-11-02,Tech,0.1831495111111111,0.09540184265010351,0.12208156926768315
2023-11-02,Utilities,0.1673585396825397,0.035853333333333334,0.14256577645502647
2023-11-03,Comm,0.17583333333333337,0.04729833333333333,0.08024123832604785
2023-11-03,Consumer,0.07733019047619047,0.1063071111111111,0.09792614313332171
2023-11-03,Energy,0.17216874999999998,0.06592258823529411,0.10456697948710267
2023-11-03,Financials,0.20951,0.182036,0.09048762855301498
2023-11-03,Healthcare,0.10335714285714286,0.10259695512820513,0.10085992002435049
2023-11-03,Industrials,-0.02734444444444444,0.18584833333333334,0.08989501701217463
2023-11-03,Materials,0.18189999999999998,0.0979625,0.09898480423280424
2023-11-03,RealEstate,0.035750000000000004,0.19801666666666667,0.1522002329502508
2023-11-03,Tech,0.1469646666666667,0.1831495111111111,0.1268559284048423
2023-11-03,Utilities,0.02921785714285715,0.1673585396825397,0.14562253231292516
2023-11-06,Comm,0.053104,0.17583333333333337,0.08645790499271451
2023-11-06,Consumer,0.05247298412698413,0.07733019047619047,0.09387396966393395
2023-11-06,Energy,0.14513076190476187,0.17216874999999998,0.10300203840041161
2023-11-06,Financials,0.033971111111111105,0.20951,0.09619192787274286
2023-11-06,Healthcare,0.11913733333333332,0.10335714285714286,0.10708264111278584
2023-11-06,Industrials,0.13376266666666667,-0.02734444444444444,0.08385723394339155
2023-11-06,Materials,0.22640000000000002,0.18189999999999998,0.10188202645502646
2023-11-06,RealEstate,0.08673750000000001,0.035750000000000004,0.14397344723596509
2023-11-06,Tech,0.17298536363636363,0.1469646666666667,0.12470429470520858
2023-11-06,Utilities,0.20941875000000001,0.02921785714285715,0.138696160430839
2023-11-07,Comm,0.18705,0.053104,0.0827926192784288
2023-11-07,Consumer,0.18668244444444443,0.05247298412698413,0.09306425606536321
2023-11-07,Energy,0.18816583333333334,0.14513076190476187,0.10578169006620614
2023-11-07,Financials,0.15867222222222221,0.033971111111111105,0.09129539348120848
2023-11-07,Healthcare,0.08648444444444445,0.11913733333333332,0.10595021254135728
2023-11-07,Industrials,0.08329666666666667,0.13376266666666667,0.08988184505450267
2023-11-07,Materials,0.021375,0.22640000000000002,0.10176297883597885
2023-11-07,RealEstate,0.2852,0.08673750000000001,0.1391847567597746
2023-11-07,Tech,0.3440489898989899,0.17298536363636363,0.1303192753911893
2023-11-07,Utilities,0.242475,0.20941875000000001,0.1405394342403628
2023-11-08,Comm,0.11595466666666668,0.18705,0.0838105557863653
2023-11-08,Consumer,0.019635641025641023,0.18668244444444443,0.09917674321577892
2023-11-08,Energy,0.129900625,0.18816583333333334,0.12154815275431168
2023-11-08,Financials,0.04031607142857143,0.15867222222222221,0.09188118218985433
2023-11-08,Healthcare,0.04333,0.08648444444444445,0.09346264640379114
2023-11-08,Industrials,0.09008666666666668,0.08329666666666667,0.09536317838783599
2023-11-08,Materials,0.0129,0.021375,0.10152845502645504
2023-11-08,RealEstate,-0.0784,0.2852,0.14239666152167937
2023-11-08,Tech,0.04945816666666667,0.3440489898989899,0.14070665738151863
2023-11-08,Utilities,0.14740666666666666,0.242475,0.15171403741496597
2023-11-09,Comm,0.2809704761904762,0.11595466666666668,0.08160803991334943
2023-11-09,Consumer,0.13325179824561403,0.019635641025641023,0.09136847064179207
2023-11-09,Energy,0.08788975757575758,0.129900625,0.12276655288658679
2023-11-09,Financials,0.031095555555555553,0.04031607142857143,0.09560017311955954
2023-11-09,Healthcare,0.14543830303030303,0.04333,0.09552864640379113
2023-11-09,Industrials,0.2266125,0.09008666666666668,0.09408175737498642
2023-11-09,Materials,0.0016125,0.0129,0.10214274074074076
2023-11-09,RealEstate,0.18625625,-0.0784,0.1312674948550127
2023-11-09,Tech,0.23585066666666665,0.04945816666666667,0.13681261403597528
2023-11-09,Utilities,0.318625,0.14740666666666666,0.14531594217687074
2023-11-10,Comm,0.11834,0.2809704761904762,0.08945246735099116
2023-11-10,Consumer,0.1389518787878788,0.13325179824561403,0.09494219912967845
2023-11-10,Energy,0.09194380952380951,0.08788975757575758,0.11979483211782255
2023-11-10,Financials,0.12510833333333332,0.031095555555555553,0.09608930841812342
2023-11-10,Healthcare,-0.01416166666666667,0.14543830303030303,0.10058866763652666
2023-11-10,Industrials,0.0669125,0.2266125,0.09595336848609752
2023-11-10,Materials,-0.01766666666666668,0.0016125,0.09256344179894181
2023-11-10,RealEstate,-0.11866666666666666,0.18625625,0.14013684009310795
2023-11-10,Tech,0.24779168840579713,0.23585066666666665,0.13938929453713197
2023-11-10,Utilities,0.3923625,0.318625,0.15705681519274378
2023-11-13,Comm,0.16025,0.11834,0.09089326100178481
2023-11-13,Consumer,0.1575281739130435,0.1389518787878788,0.0969842931309153
2023-11-13,Energy,0.18756133333333333,0.09194380952380951,0.11157920399990871
2023-11-13,Financials,-0.13721968831168832,0.12510833333333332,0.09841021895203393
2023-11-13,Healthcare,0.12200555555555556,-0.01416166666666667,0.09592926854355614
2023-11-13,Industrials,0.0125175,0.0669125,0.09033635459720864
2023-11-13,Materials,0.04028333333333333,-0.01766666666666668,0.08437991005291005
2023-11-13,RealEstate,0.127965,-0.11866666666666666,0.11835525279152065
2023-11-13,Tech,0.16490440211640212,0.24779168840579713,0.145784378905662
2023-11-13,Utilities,0.09435833333333334,0.3923625,0.17135354138321995
2023-11-14,Comm,0.0,0.16025,0.09778016576368957
2023-11-14,Consumer,0.08768266666666666,0.1575281739130435,0.10177167782972237
2023-11-14,Energy,0.297255,0.18756133333333333,0.12116918812689285
2023-11-14,Financials,0.09372428571428572,-0.13721968831168832,0.09275245881767717
2023-11-14,Healthcare,0.10007375,0.12200555555555556,0.09942179499858259
2023-11-14,Industrials,0.07244125,0.0125175,0.08905683078768482
2023-11-14,Materials,0.20937777777777777,0.04028333333333333,0.07791430158730159
2023-11-14,RealEstate,0.24080000000000001,0.127965,0.11190834802961588
2023-11-14,Tech,0.26826717554858936,0.16490440211640212,0.14571038444861992
2023-11-14,Utilities,0.39180000000000004,0.09435833333333334,0.15467854138321996
2023-11-15,Comm,0.20750000000000002,0.0,0.09681865782718163
2023-11-15,Consumer,0.1546471794871795,0.08768266666666666,0.09829075190379644
2023-11-15,Energy,0.1020125,0.297255,0.12258036096639902
2023-11-15,Financials,0.16519444444444445,0.09372428571428572,0.09521877718502411
2023-11-15,Healthcare,0.15714,0.10007375,0.10271044976048735
2023-11-15,Industrials,0.13190119047619048,0.07244125,0.08878400142260547
2023-11-15,Materials,0.367,0.20937777777777777,0.07774935449735451
2023-11-15,RealEstate,0.3395,0.24080000000000001,0.11687447898199683
2023-11-15,Tech,0.07499481962481963,0.26826717554858936,0.151772374667487
2023-11-15,Utilities,0.0,0.39180000000000004,0.16990949376417236
2023-11-16,Comm,0.007422222222222225,0.20750000000000002,0.10873135623988006
2023-11-16,Consumer,0.02141885714285714,0.1546471794871795,0.10240104087408541
2023-11-16,Energy,-0.10828437499999999,0.1020125,0.12063013987796363
2023-11-16,Financials,0.04119166666666666,0.16519444444444445,0.09587757789049148
2023-11-16,Healthcare,0.02616,0.15714,0.10360164023667784
2023-11-16,Industrials,0.13330599999999998,0.13190119047619048,0.09271659779448756
2023-11-16,Materials,0.0502375,0.367,0.09061165608465609
2023-11-16,RealEstate,0.15621000000000002,0.3395,0.13684055041056828
2023-11-16,Tech,0.11446924603174605,0.07499481962481963,0.151760476930189
2023-11-16,Utilities,0.27993999999999997,0.0,0.16038052551020407
2023-11-17,Comm,0.0,0.007422222222222225,0.10572791708644089
2023-11-17,Consumer,0.08490333333333333,0.02141885714285714,0.09907988977122004
2023-11-17,Energy,0.18450238095238095,-0.10828437499999999,0.11773693805663682
2023-11-17,Financials,0.117218,0.04119166666666666,0.09673466620284478
2023-11-17,Healthcare,0.08282916666666668,0.02616,0.09996019002022762
2023-11-17,Industrials,0.21380249999999998,0.13330599999999998,0.09684877126387531
2023-11-17,Materials,0.24135,0.0502375,0.09766328306878308
2023-11-17,RealEstate,-0.008862499999999999,0.15621000000000002,0.1375511456486635
2023-11-17,Tech,0.1392056,0.11446924603174605,0.15525171683123787
2023-11-17,Utilities,0.14132499999999998,0.27993999999999997,0.16752588265306123
2023-11-20,Comm,0.046685000000000004,0.0,0.09233766135451851
2023-11-20,Consumer,0.042926337662337666,0.08490333333333333,0.10084392983168865
2023-11-20,Energy,0.04679375,0.18450238095238095,0.1177185341193043
2023-11-20,Financials,0.02975,0.117218,0.09889168207586066
2023-11-20,Healthcare,0.171025,0.08282916666666668,0.09349504829687161
2023-11-20,Industrials,-0.002245833333333336,0.21380249999999998,0.10310696854278686
2023-11-20,Materials,0.3876833333333334,0.24135,0.10685161640211642
2023-11-20,RealEstate,0.09648333333333334,-0.008862499999999999,0.1369297680976431
2023-11-20,Tech,0.20629570921985815,0.1392056,0.15632689802781907
2023-11-20,Utilities,0.1366,0.14132499999999998,0.16750802551020408
2023-11-21,Comm,0.07035000000000001,0.046685000000000004,0.09095221402407117
2023-11-21,Consumer,0.04037770833333333,0.042926337662337666,0.09714002527592697
2023-11-21,Energy,0.14326642857142857,0.04679375,0.11795008994338833
2023-11-21,Financials,0.09396,0.02975,0.09584838048855907
2023-11-21,Healthcare,0.09735750000000001,0.171025,0.09659280339891241
2023-11-21,Industrials,0.08501333333333334,-0.002245833333333336,0.1031100399713583
2023-11-21,Materials,0.0,0.3876833333333334,0.13009725132275132
2023-11-21,RealEstate,0.18286666666666665,0.09648333333333334,0.13022849825637325
2023-11-21,Tech,0.13417788011695905,0.20629570921985815,0.16029210318275594
2023-11-21,Utilities,0.026019999999999998,0.1366,0.16508540646258502
2023-11-22,Comm,-0.030606666666666657,0.07035000000000001,0.09330042830978547
2023-11-22,Consumer,0.011287272727272729,0.04037770833333333,0.09201236578264246
2023-11-22,Energy,0.12154285714285715,0.14326642857142857,0.12402684628228752
2023-11-22,Financials,-0.08744933333333334,0.09396,0.09850196042053184
2023-11-22,Healthcare,0.12618000000000001,0.09735750000000001,0.09700654149415053
2023-11-22,Industrials,0.15327833333333332,0.08501333333333334,0.0985645454658638
2023-11-22,Materials,0.27741666666666664,0.0,0.1255413783068783
2023-11-22,RealEstate,-0.02435555555555555,0.18286666666666665,0.12909357762145263
2023-11-22,Tech,0.09295460784313726,0.13417788011695905,0.16002970726239948
2023-11-22,Utilities,0.21307333333333334,0.026019999999999998,0.17026612074829933
2023-11-24,Comm,0.07722666666666667,-0.030606666666666657,0.08659311916390489
2023-11-24,Consumer,-0.06559355555555554,0.011287272727272729,0.0889119105156872
2023-11-24,Energy,0.151,0.12154285714285715,0.12214218641834196
2023-11-24,Financials,0.059392847222222225,-0.08744933333333334,0.08604723026180168
2023-11-24,Healthcare,0.038858,0.12618000000000001,0.097387731970341
2023-11-24,Industrials,0.18858465909090907,0.15327833333333332,0.09583750957904529
2023-11-24,Materials,0.03291875,0.27741666666666664,0.13298602116402117
2023-11-24,RealEstate,0.033716666666666666,-0.02435555555555555,0.11755664640452142
2023-11-24,Tech,0.10754170033670034,0.09295460784313726,0.15627345838989012
2023-11-24,Utilities,0.17715,0.21307333333333334,0.1805311207482993
2023-11-27,Comm,0.00035416666666667276,0.07722666666666667,0.0852605772137915
2023-11-27,Consumer,0.13043235714285714,-0.06559355555555554,0.0866773761241528
2023-11-27,Energy,0.15175666666666668,0.151,0.12047630137745692
2023-11-27,Financials,0.0899925,0.059392847222222225,0.08097268330412974
2023-11-27,Healthcare,0.19468666666666667,0.038858,0.09619636689097592
2023-11-27,Industrials,0.03903,0.18858465909090907,0.10125479493258065
2023-11-27,Materials,0.02488333333333334,0.03291875,0.1272631044973545
2023-11-27,RealEstate,0.07268782051282052,0.033716666666666666,0.11151696386483888
2023-11-27,Tech,0.17230810457516338,0.10754170033670034,0.15398164225443364
2023-11-27,Utilities,0.2371375,0.17715,0.18202344879062735
2023-11-28,Comm,0.12607666666666664,0.00035416666666667276,0.07674170256991686
2023-11-28,Consumer,0.0994195,0.13043235714285714,0.09006099630555871
2023-11-28,Energy,-0.025393,0.15175666666666668,0.12487581472125596
2023-11-28,Financials,0.14340444444444445,0.0899925,0.07686832616127258
2023-11-28,Healthcare,0.11145833333333333,0.19468666666666667,0.09665922403383305
2023-11-28,Industrials,0.026967187499999996,0.03903,0.0999055205561634
2023-11-28,Materials,0.19914444444444443,0.02488333333333334,0.12218123941798943
2023-11-28,RealEstate,0.2063333333333333,0.07268782051282052,0.11347308031783034
2023-11-28,Tech,0.16176678571428574,0.17230810457516338,0.15676818584964952
2023-11-28,Utilities,0.0683,0.2371375,0.17995095559334845
2023-11-29,Comm,0.038913333333333334,0.12607666666666664,0.08968112055933485
2023-11-29,Consumer,0.0798332142857143,0.0994195,0.08914811535317775
2023-11-29,Energy,0.055535833333333326,-0.025393,0.11869983442568947
2023-11-29,Financials,0.0975975,0.14340444444444445,0.0799069306586271
2023-11-29,Healthcare,0.09941833333333334,0.11145833333333333,0.09610727020987923
2023-11-29,Industrials,0.11957333333333335,0.026967187499999996,0.10520878345298879
2023-11-29,Materials,0.13288333333333333,0.19914444444444443,0.1307452605820106
2023-11-29,RealEstate,0.12497833333333333,0.2063333333333333,0.11735442952417954
2023-11-29,Tech,0.20310357142857144,0.16176678571428574,0.15555449992282316
2023-11-29,Utilities,0.17829166666666665,0.0683,0.16871913397581256
2023-11-30,Comm,0.2383,0.038913333333333334,0.08803445389266817
2023-11-30,Consumer,0.024959444444444454,0.0798332142857143,0.08783806491419874
2023-11-30,Energy,0.16881666666666667,0.055535833333333326,0.11800291763877269
2023-11-30,Financials,0.13476333333333335,0.0975975,0.07965899415069057
2023-11-30,Healthcare,0.08356166666666667,0.09941833333333334,0.09876731782892686
2023-11-30,Industrials,0.08169,0.11957333333333335,0.10267601178021712
2023-11-30,Materials,0.100475,0.13288333333333333,0.12902922883597884
2023-11-30,RealEstate,0.10236250000000001,0.12497833333333333,0.11223545838420838
2023-11-30,Tech,0.082137,0.20310357142857144,0.16335288285734895
2023-11-30,Utilities,0.3484555555555556,0.17829166666666665,0.16917230857898713
2023-12-01,Comm,0.108025,0.2383,0.0944655015117158
2023-12-01,Consumer,0.18700535714285715,0.024959444444444454,0.08268014957028338
2023-12-01,Energy,0.0,0.16881666666666667,0.12087279632357995
2023-12-01,Financials,-0.026845,0.13476333333333335,0.0821549663729128
2023-12-01,Healthcare,0.0,0.08356166666666667,0.09833893311714739
2023-12-01,Industrials,0.0364125,0.08169,0.10190306393441215
2023-12-01,Materials,0.1545375,0.100475,0.13381375264550263
2023-12-01,RealEstate,0.09654,0.10236250000000001,0.11017256155881155
2023-12-01,Tech,0.07004760784313727,0.082137,0.16179892848850466
2023-12-01,Utilities,0.27263333333333334,0.3484555555555556,0.18262709693877552
2023-12-04,Comm,0.10443666666666666,0.108025,0.09662129516250946
2023-12-04,Consumer,0.08154409090909091,0.18700535714285715,0.08435523309258121
2023-12-04,Energy,0.022403333333333334,0.0,0.11226134129712491
2023-12-04,Financials,0.09586576388888887,-0.026845,0.07597068065862708
2023-12-04,Healthcare,0.063808,0.0,0.09509221354042784
2023-12-04,Industrials,0.1330738095238095,0.0364125,0.0976879448867931
2023-12-04,Materials,0.0,0.1545375,0.13060353835978836
2023-12-04,RealEstate,0.2098,0.09654,0.11152949277574278
2023-12-04,Tech,0.17558411764705883,0.07004760784313727,0.16059158397388723
2023-12-04,Utilities,0.3710333333333333,0.27263333333333334,0.1939023350340136
2023-12-05,Comm,0.10700608974358976,0.10443666666666666,0.09934216817838246
2023-12-05,Consumer,0.13501333333333335,0.08154409090909091,0.08317604165438977
2023-12-05,Energy,-0.002125555555555559,0.022403333333333334,0.11018899582560297
2023-12-05,Financials,0.13080729166666666,0.09586576388888887,0.07186733608190751
2023-12-05,Healthcare,0.23183333333333334,0.063808,0.09324512043908473
2023-12-05,Industrials,-0.06629,0.1330738095238095,0.09517487232443482
2023-12-05,Materials,0.0,0.0,0.12593865740740742
2023-12-05,RealEstate,0.1496125,0.2098,0.11209060388685389
2023-12-05,Tech,0.15453813725490198,0.17558411764705883,0.16023132714226568
2023-12-05,Utilities,0.1531,0.3710333333333333,0.20360113473167044
2023-12-06,Comm,0.051855000000000005,0.10700608974358976,0.09606468038839469
2023-12-06,Consumer,0.06846177777777777,0.13501333333333335,0.08592285798092039
2023-12-06,Energy,0.23260824175824174,-0.002125555555555559,0.10188926698962412
2023-12-06,Financials,-0.01888958333333333,0.13080729166666666,0.06811958806603449
2023-12-06,Healthcare,0.2232822916666667,0.23183333333333334,0.09936303427128428
2023-12-06,Industrials,0.08270666666666668,-0.06629,0.09332032205988455
2023-12-06,Materials,0.100475,0.0,0.11727675264550266
2023-12-06,RealEstate,0.14734583333333334,0.1496125,0.11751262769637771
2023-12-06,Tech,0.1846508888888889,0.15453813725490198,0.16059196859884833
2023-12-06,Utilities,0.23564444444444443,0.1531,0.2095002843915344
2023-12-07,Comm,0.05658166666666666,0.051855000000000005,0.0960052041979185
2023-12-07,Consumer,0.27937333333333336,0.06846177777777777,0.08668422910714864
2023-12-07,Energy,-0.049162000000000004,0.23260824175824174,0.10605486126836126
2023-12-07,Financials,0.12261111111111112,-0.01888958333333333,0.06560241214010856
2023-12-07,Healthcare,0.17038545454545456,0.2232822916666667,0.10432231800144301
2023-12-07,Industrials,-0.054916666666666655,0.08270666666666668,0.09088908396464646
2023-12-07,Materials,0.01587499999999999,0.100475,0.11128032407407407
2023-12-07,RealEstate,0.11,0.14734583333333334,0.12039873880748882
2023-12-07,Tech,0.10266650476190475,0.1846508888888889,0.1611474698013495
2023-12-07,Utilities,0.16547499999999998,0.23564444444444443,0.21074912698412698
2023-12-08,Comm,0.06278999999999998,0.05658166666666666,0.08979242642014071
2023-12-08,Consumer,-0.015177000000000001,0.27937333333333336,0.0910980809590005
2023-12-08,Energy,0.11883714285714286,-0.049162000000000004,0.09475353587153586
2023-12-08,Financials,0.06434500000000001,0.12261111111111112,0.0638852163729128
2023-12-08,Healthcare,0.04376733333333334,0.17038545454545456,0.10831760419672921
2023-12-08,Industrials,0.027591666666666667,-0.054916666666666655,0.08430749666305916
2023-12-08,Materials,0.2895666666666667,0.01587499999999999,0.11101841931216933
2023-12-08,RealEstate,0.074,0.11,0.11205588166463168
2023-12-08,Tech,0.18113311813992458,0.10266650476190475,0.1496530657472026
2023-12-08,Utilities,0.03415,0.16547499999999998,0.2070824603174603
2023-12-11,Comm,0.08932571428571429,0.06278999999999998,0.08726077562648993
2023-12-11,Consumer,0.1371493145743146,-0.015177000000000001,0.0894403361482557
2023-12-11,Energy,0.11960247631975866,0.11883714285714286,0.09422670338854267
2023-12-11,Financials,0.09806392857142857,0.06434500000000001,0.06502945106679034
2023-12-11,Healthcare,0.17471797979797982,0.04376733333333334,0.10833842959355461
2023-12-11,Industrials,0.08081247619047618,0.027591666666666667,0.08133154428210679
2023-12-11,Materials,0.14307333333333333,0.2895666666666667,0.12419302248677251
2023-12-11,RealEstate,0.06682333333333333,0.074,0.11931302452177452
2023-12-11,Tech,0.12338530612244898,0.18113311813992458,0.15592330153164347
2023-12-11,Utilities,0.10922799999999999,0.03415,0.2016892857142857
2023-12-12,Comm,0.2326798941798942,0.08932571428571429,0.07813483458340602
2023-12-12,Consumer,0.06663666666666666,0.1371493145743146,0.0896259321639081
2023-12-12,Energy,0.040976923076923084,0.11960247631975866,0.09573683285254272
2023-12-12,Financials,0.17618836363636364,0.09806392857142857,0.06821842121040336
2023-12-12,Healthcare,0.062725,0.17471797979797982,0.10973269991582493
2023-12-12,Industrials,0.24736833333333333,0.08081247619047618,0.07438868600546279
2023-12-12,Materials,-0.08146666666666666,0.14307333333333333,0.13092925264550265
2023-12-12,RealEstate,0.08254333333333333,0.06682333333333333,0.11362574277574276
2023-12-12,Tech,0.0967335,0.12338530612244898,0.150567808172395
2023-12-12,Utilities,0.06729,0.10922799999999999,0.191718
2023-12-13,Comm,0.21792250000000002,0.2326798941798942,0.08357959144911527
2023-12-13,Consumer,0.06228600000000001,0.06663666666666666,0.08618235063432657
2023-12-13,Energy,0.13694,0.040976923076923084,0.09330983825983384
2023-12-13,Financials,0.11768944444444444,0.17618836363636364,0.07065080360578575
2023-12-13,Healthcare,0.023511666666666674,0.062725,0.11339396975709476
2023-12-13,Industrials,0.14791819047619048,0.24736833333333333,0.08298182092609771
2023-12-13,Materials,0.2891666666666667,-0.08146666666666666,0.12789115740740742
2023-12-13,RealEstate,0.23891,0.08254333333333333,0.12320717134717137
2023-12-13,Tech,0.1724762745098039,0.0967335,0.1433745611054523
2023-12-13,Utilities,0.14765833333333334,0.06729,0.17623835714285713
2023-12-14,Comm,0.31698888888888893,0.21792250000000002,0.0863259009729248
2023-12-14,Consumer,0.07650533333333334,0.06228600000000001,0.08164700901941975
2023-12-14,Energy,0.11932083333333333,0.13694,0.09089929857729416
2023-12-14,Financials,0.011964444444444446,0.11768944444444444,0.08278933373703017
2023-12-14,Healthcare,0.15918333333333334,0.023511666666666674,0.10870378457190959
2023-12-14,Industrials,0.11304166666666667,0.14791819047619048,0.08942947285353535
2023-12-14,Materials,0.0,0.2891666666666667,0.13974274470899473
2023-12-14,RealEstate,0.063965,0.23891,0.12849026658526658
2023-12-14,Tech,0.144896,0.1724762745098039,0.143735126457519
2023-12-14,Utilities,0.23744666666666667,0.14765833333333334,0.17877645238095236
2023-12-15,Comm,-0.012758333333333335,0.31698888888888893,0.10142060996763377
2023-12-15,Consumer,0.10830833333333334,0.07650533333333334,0.08111475505116576
2023-12-15,Energy,0.003450769230769235,0.11932083333333333,0.08242624302173861
2023-12-15,Financials,0.22471809523809524,0.011964444444444446,0.07889600796227582
2023-12-15,Healthcare,0.0,0.15918333333333334,0.11151852663540163
2023-12-15,Industrials,0.074,0.11304166666666667,0.09136282602813853
2023-12-15,Materials,-0.2732,0.0,0.12977237433862435
2023-12-15,RealEstate,0.040225,0.063965,0.1200695522995523
2023-12-15,Tech,0.10970402020202022,0.144896,0.13786030857425288
2023-12-15,Utilities,0.08417777777777778,0.23744666666666667,0.17142629365079362
2023-12-18,Comm,0.23851742857142857,-0.012758333333333335,0.09093211790414171
2023-12-18,Consumer,0.06994533333333333,0.10830833333333334,0.07890814332955405
2023-12-18,Energy,0.13235892857142859,0.003450769230769235,0.07773282727082285
2023-12-18,Financials,0.107925,0.22471809523809524,0.08173046752387825
2023-12-18,Healthcare,0.16035694871794873,0.0,0.10403566949254449
2023-12-18,Industrials,0.23579380952380954,0.074,0.08860562648165327
2023-12-18,Materials,-0.1279375,-0.2732,0.09928666005291006
2023-12-18,RealEstate,0.24529166666666666,0.040225,0.10581836182336181
2023-12-18,Tech,0.11164903061224489,0.10970402020202022,0.13951312764935767
2023-12-18,Utilities,0.10245,0.08417777777777778,0.17543475925925925
2023-12-19,Comm,0.0,0.23851742857142857,0.1019366515398182
2023-12-19,Consumer,0.0,0.06994533333333333,0.08121892791005292
2023-12-19,Energy,0.0,0.13235892857142859,0.08919203220279565
2023-12-19,Financials,0.0,0.107925,0.08490824530165601
2023-12-19,Healthcare,0.0,0.16035694871794873,0.11042600038387539
2023-12-19,Industrials,0.0,0.23579380952380954,0.09348599836373943
2023-12-19,Materials,0.0,-0.1279375,0.09080213624338626
2023-12-19,RealEstate,0.0,0.24529166666666666,0.11006034595034594
2023-12-19,Tech,0.14781666666666668,0.11164903061224489,0.13937883167700046
2023-12-19,Utilities,0.0,0.10245,0.16698285449735448
2023-12-20,Comm,0.0,0.0,0.1019366515398182
2023-12-20,Consumer,0.0,0.0,0.07717591203703704
2023-12-20,Energy,0.0,0.0,0.08040620453839656
2023-12-20,Financials,0.0,0.0,0.0793264357778465
2023-12-20,Healthcare,0.0,0.0,0.10648175435212937
2023-12-20,Industrials,0.0,0.0,0.083304926935168
2023-12-20,Materials,0.0,0.0,0.07930927910052912
2023-12-20,RealEstate,0.0,0.0,0.11048236975986975
2023-12-20,Tech,-0.012939999999999997,0.14781666666666668,0.13978888247065124
2023-12-20,Utilities,0.0,0.0,0.16025309259259257
2023-12-21,Comm,0.0,0.0,0.09971355630172296
2023-12-21,Consumer,0.0,0.0,0.07513180071978287
2023-12-21,Energy,0.0,0.0,0.07817793072887275
2023-12-21,Financials,0.0,0.0,0.07790976911117983
2023-12-21,Healthcare,0.0,0.0,0.09833770673308173
2023-12-21,Industrials,0.0,0.0,0.08341187137961245
2023-12-21,Materials,0.0,0.0,0.06084816798941801
2023-12-21,RealEstate,0.0,0.0,0.10588792531542532
2023-12-21,Tech,0.1073375,-0.012939999999999997,0.12934908679351517
2023-12-21,Utilities,0.0,0.0,0.1537483306878307
2023-12-22,Comm,0.0,0.0,0.09636355630172296
2023-12-22,Consumer,0.0,0.0,0.07320905270390986
2023-12-22,Energy,0.0,0.0,0.07135571984451901
2023-12-22,Financials,0.0,0.0,0.07343548339689411
2023-12-22,Healthcare,0.0,0.0,0.09370163530451031
2023-12-22,Industrials,0.0,0.0,0.07936361741135849
2023-12-22,Materials,0.0,0.0,0.06084816798941801
2023-12-22,RealEstate,0.0,0.0,0.09717998880748879
2023-12-22,Tech,0.09534000000000001,0.1073375,0.12807097345461235
2023-12-22,Utilities,0.0,0.0,0.15250928306878306
2023-12-26,Comm,0.0,0.0,0.09782101661918328
2023-12-26,Consumer,0.0,0.0,0.07267156352642068
2023-12-26,Energy,0.0,0.0,0.06556796474247818
2023-12-26,Financials,0.0,0.0,0.0775997373651481
2023-12-26,Healthcare,0.0,0.0,0.08769306387593889
2023-12-26,Industrials,0.0,0.0,0.07206464915739022
2023-12-26,Materials,0.0,0.0,0.04763785052910054
2023-12-26,RealEstate,0.0,0.0,0.09833977716727717
2023-12-26,Tech,0.21273,0.09534000000000001,0.12818456355732008
2023-12-26,Utilities,0.0,0.0,0.14236293386243387
2023-12-27,Comm,0.0,0.0,0.09414355630172297
2023-12-27,Consumer,0.0,0.0,0.07579506617192332
2023-12-27,Energy,0.0,0.0,0.058377488552002005
2023-12-27,Financials,0.0,0.0,0.07477150654504226
2023-12-27,Healthcare,0.0,0.0,0.08584268292355793
2023-12-27,Industrials,0.0,0.0,0.06308442729591837
2023-12-27,Materials,0.0,0.0,0.04607029100529102
2023-12-27,RealEstate,0.0,0.0,0.0967342216117216
2023-12-27,Tech,0.181675,0.21273,0.13319353020795338
2023-12-27,Utilities,0.0,0.0,0.13392721957671958
2023-12-28,Comm,0.0,0.0,0.0941266912223579
2023-12-28,Consumer,0.0,0.0,0.06958400154607298
2023-12-28,Energy,0.0,0.0,0.051150980615494064
2023-12-28,Financials,0.0,0.0,0.07048614940218513
2023-12-28,Healthcare,0.0,0.0,0.07657188927276429
2023-12-28,Industrials,0.0,0.0,0.06122585586734694
2023-12-28,Materials,0.0,0.0,0.04488537037037038
2023-12-28,RealEstate,0.0,0.0,0.09327289682539683
2023-12-28,Tech,0.08514999999999999,0.181675,0.13363957284723135
2023-12-28,Utilities,0.0,0.0,0.12263495767195766
2023-12-29,Comm,0.0,0.0,0.08812304042870711
2023-12-29,Consumer,0.0,0.0,0.06484973964131108
2023-12-29,Energy,0.0,0.0,0.05236017109168454
2023-12-29,Financials,0.0,0.0,0.06365736633340206
2023-12-29,Healthcare,0.0,0.0,0.07126434959022461
2023-12-29,Industrials,0.0,0.0,0.05994170408163265
2023-12-29,Materials,0.0,0.0,0.03540230158730159
2023-12-29,RealEstate,0.0,0.0,0.0834475
2023-12-29,Tech,0.1398375,0.08514999999999999,0.1299911544798844
2023-12-29,Utilities,0.0,0.0,0.11938257671957671
